algorithm,scenario,seed,params,mechanism,class_prior,label_frequency,real_h,pi_h_well_conditioned,warning_count,diag_converged,diag_n_iter,diag_c_estimate,diag_cond_number,diag_correction_fraction,diag_n_epochs,diag_n_acs_iter,pred_positive_rate,degenerate_prediction,pu_zero_one_risk,pu_recall,pu_estimated_precision,pu_auc_roc,pu_accuracy,pu_f1,pu_negative_rate,average_precision,balanced_accuracy,brier_score,brier_score_unavailable_reason,expected_calibration_error,expected_calibration_error_unavailable_reason,ece_buckets_api,elapsed_seconds,status,failure_reason
upu,scar-pi0.1-scalesmall,100,"{""basis"": ""rbf"", ""fit_intercept"": true, ""kernel_width"": 1.0, ""loss"": ""double_hinge"", ""max_iter"": 1000, ""n_centers"": null, ""reg_lambda"": 0.001, ""tol"": 1e-06}",scar,0.1,0.5,0.5,True,0,,,,,,,,0.1225,False,-0.021259842519685046,1.0,0.8163265306122449,0.9975694444444445,0.9725,0.8764044943820225,0.9212598425196851,0.9847785547785548,0.9736111111111111,,requires predict_proba,,requires predict_proba,,0.7180000000007567,success,
upu,scar-pi0.1-scalesmall,101,"{""basis"": ""rbf"", ""fit_intercept"": true, ""kernel_width"": 1.0, ""loss"": ""double_hinge"", ""max_iter"": 1000, ""n_centers"": null, ""reg_lambda"": 0.001, ""tol"": 1e-06}",scar,0.1,0.5,0.5,True,0,,,,,,,,0.1175,False,-0.024083769633507862,1.0,0.8510638297872342,0.9983333333333333,0.9825,0.9195402298850575,0.9240837696335078,0.9853248462302506,0.9902777777777778,,requires predict_proba,,requires predict_proba,,0.9529999999995198,success,
upu,scar-pi0.1-scalesmall,102,"{""basis"": ""rbf"", ""fit_intercept"": true, ""kernel_width"": 1.0, ""loss"": ""double_hinge"", ""max_iter"": 1000, ""n_centers"": null, ""reg_lambda"": 0.001, ""tol"": 1e-06}",scar,0.1,0.5,0.5,True,0,,,,,,,,0.1375,False,-0.010290237467018473,1.0,0.7272727272727273,0.9871527777777778,0.9425,0.7578947368421053,0.9102902374670184,0.918855906042162,0.9236111111111112,,requires predict_proba,,requires predict_proba,,1.0939999999991414,success,
upu,scar-pi0.1-scalesmall,103,"{""basis"": ""rbf"", ""fit_intercept"": true, ""kernel_width"": 1.0, ""loss"": ""double_hinge"", ""max_iter"": 1000, ""n_centers"": null, ""reg_lambda"": 0.001, ""tol"": 1e-06}",scar,0.1,0.5,0.5,True,0,,,,,,,,0.1375,False,-0.009333333333333332,0.96,0.6981818181818181,0.9874305555555556,0.9525,0.8,0.9173333333333333,0.9628976371560949,0.9513888888888888,,requires predict_proba,,requires predict_proba,,0.7350000000005821,success,
upu,scar-pi0.1-scalesmall,104,"{""basis"": ""rbf"", ""fit_intercept"": true, ""kernel_width"": 1.0, ""loss"": ""double_hinge"", ""max_iter"": 1000, ""n_centers"": null, ""reg_lambda"": 0.001, ""tol"": 1e-06}",scar,0.1,0.5,0.5,True,0,,,,,,,,0.145,False,-0.01200000000000001,1.0,0.6896551724137931,0.9984027777777778,0.95,0.7959183673469388,0.912,0.9895224126156329,0.961111111111111,,requires predict_proba,,requires predict_proba,,0.8430000000007567,success,
upu,scar-pi0.1-scalesmall,105,"{""basis"": ""rbf"", ""fit_intercept"": true, ""kernel_width"": 1.0, ""loss"": ""double_hinge"", ""max_iter"": 1000, ""n_centers"": null, ""reg_lambda"": 0.001, ""tol"": 1e-06}",scar,0.1,0.5,0.5,True,0,,,,,,,,0.125,False,-0.03333333333333334,1.0,0.8,0.9979861111111111,0.97,0.8666666666666667,0.9333333333333333,0.9861567170777698,0.9722222222222222,,requires predict_proba,,requires predict_proba,,0.8909999999996217,success,
upu,scar-pi0.1-scalesmall,106,"{""basis"": ""rbf"", ""fit_intercept"": true, ""kernel_width"": 1.0, ""loss"": ""double_hinge"", ""max_iter"": 1000, ""n_centers"": null, ""reg_lambda"": 0.001, ""tol"": 1e-06}",scar,0.1,0.5,0.5,True,0,,,,,,,,0.12,False,-0.026315789473684223,1.0,0.8333333333333334,0.9904166666666667,0.97,0.8636363636363636,0.9263157894736842,0.9334896849262033,0.961111111111111,,requires predict_proba,,requires predict_proba,,0.8430000000007567,success,
upu,scar-pi0.1-scalesmall,107,"{""basis"": ""rbf"", ""fit_intercept"": true, ""kernel_width"": 1.0, ""loss"": ""double_hinge"", ""max_iter"": 1000, ""n_centers"": null, ""reg_lambda"": 0.001, ""tol"": 1e-06}",scar,0.1,0.5,0.5,True,0,,,,,,,,0.13,False,-0.010994764397905768,1.0,0.7692307692307693,0.9920138888888889,0.96,0.8260869565217391,0.9109947643979057,0.9560758850741703,0.9555555555555555,,requires predict_proba,,requires predict_proba,,0.5469999999986612,success,
upu,scar-pi0.1-scalesmall,108,"{""basis"": ""rbf"", ""fit_intercept"": true, ""kernel_width"": 1.0, ""loss"": ""double_hinge"", ""max_iter"": 1000, ""n_centers"": null, ""reg_lambda"": 0.001, ""tol"": 1e-06}",scar,0.1,0.5,0.5,True,0,,,,,,,,0.1425,False,-0.007407407407407418,1.0,0.7017543859649124,0.9915972222222222,0.9475,0.7835051546391752,0.9074074074074074,0.9577098293750738,0.9486111111111111,,requires predict_proba,,requires predict_proba,,0.5,success,
upu,scar-pi0.1-scalesmall,109,"{""basis"": ""rbf"", ""fit_intercept"": true, ""kernel_width"": 1.0, ""loss"": ""double_hinge"", ""max_iter"": 1000, ""n_centers"": null, ""reg_lambda"": 0.001, ""tol"": 1e-06}",scar,0.1,0.5,0.5,True,0,,,,,,,,0.1,False,-0.025572108739056992,0.9411764705882353,0.9411764705882353,0.9805555555555555,0.97,0.85,0.9373368146214099,0.9267672119633771,0.9166666666666666,,requires predict_proba,,requires predict_proba,,0.9219999999986612,success,
upu,scar-pi0.1-scalesmall,110,"{""basis"": ""rbf"", ""fit_intercept"": true, ""kernel_width"": 1.0, ""loss"": ""double_hinge"", ""max_iter"": 1000, ""n_centers"": null, ""reg_lambda"": 0.001, ""tol"": 1e-06}",scar,0.1,0.5,0.5,True,0,,,,,,,,0.16,False,-0.0032258064516129115,1.0,0.625,0.9989583333333333,0.94,0.7692307692307693,0.9032258064516129,0.9919262285333713,0.9666666666666667,,requires predict_proba,,requires predict_proba,,0.75,success,
upu,scar-pi0.1-scalesmall,111,"{""basis"": ""rbf"", ""fit_intercept"": true, ""kernel_width"": 1.0, ""loss"": ""double_hinge"", ""max_iter"": 1000, ""n_centers"": null, ""reg_lambda"": 0.001, ""tol"": 1e-06}",scar,0.1,0.5,0.5,True,0,,,,,,,,0.115,False,-0.029133858267716542,1.0,0.8695652173913043,0.998125,0.98,0.9069767441860465,0.9291338582677166,0.9856698874930556,0.9777777777777777,,requires predict_proba,,requires predict_proba,,0.4680000000007567,success,
upu,scar-pi0.1-scalesmall,112,"{""basis"": ""rbf"", ""fit_intercept"": true, ""kernel_width"": 1.0, ""loss"": ""double_hinge"", ""max_iter"": 1000, ""n_centers"": null, ""reg_lambda"": 0.001, ""tol"": 1e-06}",scar,0.1,0.5,0.5,True,0,,,,,,,,0.14,False,-0.01733333333333334,1.0,0.7142857142857143,0.9903472222222222,0.955,0.8125,0.9173333333333333,0.9400944242757814,0.9638888888888888,,requires predict_proba,,requires predict_proba,,0.7039999999997235,success,
upu,scar-pi0.1-scalesmall,113,"{""basis"": ""rbf"", ""fit_intercept"": true, ""kernel_width"": 1.0, ""loss"": ""double_hinge"", ""max_iter"": 1000, ""n_centers"": null, ""reg_lambda"": 0.001, ""tol"": 1e-06}",scar,0.1,0.5,0.5,True,0,,,,,,,,0.1325,False,-0.017989417989418,1.0,0.7547169811320755,0.9963888888888889,0.9675,0.8602150537634409,0.917989417989418,0.9689582480374492,0.9819444444444445,,requires predict_proba,,requires predict_proba,,0.9060000000008586,success,
upu,scar-pi0.1-scalesmall,114,"{""basis"": ""rbf"", ""fit_intercept"": true, ""kernel_width"": 1.0, ""loss"": ""double_hinge"", ""max_iter"": 1000, ""n_centers"": null, ""reg_lambda"": 0.001, ""tol"": 1e-06}",scar,0.1,0.5,0.5,True,0,,,,,,,,0.135,False,-0.008136482939632553,1.0,0.7407407407407407,0.9963888888888889,0.965,0.851063829787234,0.9081364829396326,0.9592601460408312,0.9805555555555556,,requires predict_proba,,requires predict_proba,,0.8119999999998981,success,
upu,scar-pi0.1-scalesmall,115,"{""basis"": ""rbf"", ""fit_intercept"": true, ""kernel_width"": 1.0, ""loss"": ""double_hinge"", ""max_iter"": 1000, ""n_centers"": null, ""reg_lambda"": 0.001, ""tol"": 1e-06}",scar,0.1,0.5,0.5,True,0,,,,,,,,0.115,False,-0.024281984334203657,1.0,0.8695652173913043,0.9885416666666667,0.97,0.8604651162790697,0.9242819843342036,0.8880494741248858,0.95,,requires predict_proba,,requires predict_proba,,0.7659999999996217,success,
upu,scar-pi0.1-scalesmall,116,"{""basis"": ""rbf"", ""fit_intercept"": true, ""kernel_width"": 1.0, ""loss"": ""double_hinge"", ""max_iter"": 1000, ""n_centers"": null, ""reg_lambda"": 0.001, ""tol"": 1e-06}",scar,0.1,0.5,0.5,True,0,,,,,,,,0.1325,False,-0.02042440318302388,1.0,0.7547169811320755,0.9995138888888888,0.9675,0.8602150537634409,0.9204244031830239,0.9961141304347825,0.9819444444444445,,requires predict_proba,,requires predict_proba,,0.7659999999996217,success,
upu,scar-pi0.1-scalesmall,117,"{""basis"": ""rbf"", ""fit_intercept"": true, ""kernel_width"": 1.0, ""loss"": ""double_hinge"", ""max_iter"": 1000, ""n_centers"": null, ""reg_lambda"": 0.001, ""tol"": 1e-06}",scar,0.1,0.5,0.5,True,0,,,,,,,,0.1325,False,-0.010761154855643051,1.0,0.7547169811320755,0.9969444444444444,0.9625,0.8387096774193549,0.910761154855643,0.9763286429635132,0.9680555555555556,,requires predict_proba,,requires predict_proba,,0.875,success,
upu,scar-pi0.1-scalesmall,118,"{""basis"": ""rbf"", ""fit_intercept"": true, ""kernel_width"": 1.0, ""loss"": ""double_hinge"", ""max_iter"": 1000, ""n_centers"": null, ""reg_lambda"": 0.001, ""tol"": 1e-06}",scar,0.1,0.5,0.5,True,0,,,,,,,,0.1175,False,-0.02894736842105264,1.0,0.8510638297872342,0.9982638888888888,0.9825,0.9195402298850575,0.9289473684210526,0.983371107397862,0.9902777777777778,,requires predict_proba,,requires predict_proba,,0.7340000000003783,success,
upu,scar-pi0.1-scalesmall,119,"{""basis"": ""rbf"", ""fit_intercept"": true, ""kernel_width"": 1.0, ""loss"": ""double_hinge"", ""max_iter"": 1000, ""n_centers"": null, ""reg_lambda"": 0.001, ""tol"": 1e-06}",scar,0.1,0.5,0.5,True,0,,,,,,,,0.1075,False,-0.027272727272727282,1.0,0.930232558139535,0.9964583333333333,0.9825,0.9156626506024096,0.9272727272727272,0.9677699602268812,0.9680555555555556,,requires predict_proba,,requires predict_proba,,0.9689999999991414,success,
upu,scar-pi0.1-scalemid,100,"{""basis"": ""rbf"", ""fit_intercept"": true, ""kernel_width"": 1.0, ""loss"": ""double_hinge"", ""max_iter"": 1000, ""n_centers"": null, ""reg_lambda"": 0.001, ""tol"": 1e-06}",scar,0.1,0.5,0.5,True,0,,,,,,,,0.1265,False,-0.016512495942875696,0.9807692307692307,0.7753116448768622,0.9954138888888888,0.9675,0.8565121412803532,0.9203586497890295,0.9794274526267325,0.9686111111111111,,requires predict_proba,,requires predict_proba,,0.5939999999991414,success,
upu,scar-pi0.1-scalemid,101,"{""basis"": ""rbf"", ""fit_intercept"": true, ""kernel_width"": 1.0, ""loss"": ""double_hinge"", ""max_iter"": 1000, ""n_centers"": null, ""reg_lambda"": 0.001, ""tol"": 1e-06}",scar,0.1,0.5,0.5,True,0,,,,,,,,0.122,False,-0.018648835703601166,0.9893617021276596,0.8109522148587374,0.9963055555555556,0.974,0.8828828828828829,0.9207764952780693,0.9823153072196504,0.9766666666666667,,requires predict_proba,,requires predict_proba,,0.5470000000004802,success,
upu,scar-pi0.1-scalemid,102,"{""basis"": ""rbf"", ""fit_intercept"": true, ""kernel_width"": 1.0, ""loss"": ""double_hinge"", ""max_iter"": 1000, ""n_centers"": null, ""reg_lambda"": 0.001, ""tol"": 1e-06}",scar,0.1,0.5,0.5,True,0,,,,,,,,0.127,False,-0.015985069782538136,0.9807692307692307,0.7722592368261659,0.9975472222222221,0.971,0.8722466960352423,0.919831223628692,0.9754384838775213,0.9794444444444445,,requires predict_proba,,requires predict_proba,,0.7810000000008586,success,
upu,scar-pi0.1-scalemid,103,"{""basis"": ""rbf"", ""fit_intercept"": true, ""kernel_width"": 1.0, ""loss"": ""double_hinge"", ""max_iter"": 1000, ""n_centers"": null, ""reg_lambda"": 0.001, ""tol"": 1e-06}",scar,0.1,0.5,0.5,True,0,,,,,,,,0.12,False,-0.028360801284694773,0.9908256880733946,0.8256880733944955,0.9927527777777778,0.977,0.8954545454545455,0.9301956636700158,0.9735036919663271,0.9805555555555556,,requires predict_proba,,requires predict_proba,,0.75,success,
upu,scar-pi0.1-scalemid,104,"{""basis"": ""rbf"", ""fit_intercept"": true, ""kernel_width"": 1.0, ""loss"": ""double_hinge"", ""max_iter"": 1000, ""n_centers"": null, ""reg_lambda"": 0.001, ""tol"": 1e-06}",scar,0.1,0.5,0.5,True,0,,,,,,,,0.1305,False,-0.014241699975945668,0.9902912621359223,0.7588438790313581,0.9960361111111111,0.9655,0.8503253796095445,0.9161834475487612,0.9715214882353763,0.9719444444444445,,requires predict_proba,,requires predict_proba,,0.7649999999994179,success,
upu,scar-pi0.1-scalemid,105,"{""basis"": ""rbf"", ""fit_intercept"": true, ""kernel_width"": 1.0, ""loss"": ""double_hinge"", ""max_iter"": 1000, ""n_centers"": null, ""reg_lambda"": 0.001, ""tol"": 1e-06}",scar,0.1,0.5,0.5,True,0,,,,,,,,0.1185,False,-0.01312435784198858,0.9655172413793104,0.8147824821766333,0.9954055555555555,0.9725,0.8741418764302059,0.9200209095661265,0.9765885613386889,0.9647222222222223,,requires predict_proba,,requires predict_proba,,0.5630000000001019,success,
upu,scar-pi0.1-scalemid,106,"{""basis"": ""rbf"", ""fit_intercept"": true, ""kernel_width"": 1.0, ""loss"": ""double_hinge"", ""max_iter"": 1000, ""n_centers"": null, ""reg_lambda"": 0.001, ""tol"": 1e-06}",scar,0.1,0.5,0.5,True,0,,,,,,,,0.1415,False,-0.004503546099290781,0.9666666666666667,0.6831566548881038,0.9952722222222223,0.9515,0.7991718426501035,0.9111702127659574,0.9729418449385011,0.9575,,requires predict_proba,,requires predict_proba,,0.7029999999995198,success,
upu,scar-pi0.1-scalemid,107,"{""basis"": ""rbf"", ""fit_intercept"": true, ""kernel_width"": 1.0, ""loss"": ""double_hinge"", ""max_iter"": 1000, ""n_centers"": null, ""reg_lambda"": 0.001, ""tol"": 1e-06}",scar,0.1,0.5,0.5,True,0,,,,,,,,0.1275,False,-0.021330517423442455,1.0,0.7843137254901961,0.9961638888888888,0.9705,0.8703296703296703,0.9213305174234424,0.9616502445345392,0.9791666666666667,,requires predict_proba,,requires predict_proba,,0.7659999999996217,success,
upu,scar-pi0.1-scalemid,108,"{""basis"": ""rbf"", ""fit_intercept"": true, ""kernel_width"": 1.0, ""loss"": ""double_hinge"", ""max_iter"": 1000, ""n_centers"": null, ""reg_lambda"": 0.001, ""tol"": 1e-06}",scar,0.1,0.5,0.5,True,0,,,,,,,,0.118,False,-0.022338188112838386,0.989247311827957,0.8383451795152179,0.9957222222222222,0.976,0.8899082568807339,0.9244887257472469,0.9824790848004734,0.9733333333333334,,requires predict_proba,,requires predict_proba,,0.7650000000012369,success,
upu,scar-pi0.1-scalemid,109,"{""basis"": ""rbf"", ""fit_intercept"": true, ""kernel_width"": 1.0, ""loss"": ""double_hinge"", ""max_iter"": 1000, ""n_centers"": null, ""reg_lambda"": 0.001, ""tol"": 1e-06}",scar,0.1,0.5,0.5,True,0,,,,,,,,0.1155,False,-0.027303247083450596,0.9719626168224299,0.8415260751709349,0.9937027777777778,0.9785,0.9002320185614849,0.9329107237189646,0.9755319645359944,0.9747222222222223,,requires predict_proba,,requires predict_proba,,0.6569999999992433,success,
upu,scar-pi0.1-scalemid,110,"{""basis"": ""rbf"", ""fit_intercept"": true, ""kernel_width"": 1.0, ""loss"": ""double_hinge"", ""max_iter"": 1000, ""n_centers"": null, ""reg_lambda"": 0.001, ""tol"": 1e-06}",scar,0.1,0.5,0.5,True,0,,,,,,,,0.1165,False,-0.01803690418251408,0.9770114942528736,0.8386364757535395,0.9969083333333333,0.9775,0.8960739030023095,0.9226346053319394,0.9860299586929179,0.9741666666666666,,requires predict_proba,,requires predict_proba,,0.9060000000008586,success,
upu,scar-pi0.1-scalemid,111,"{""basis"": ""rbf"", ""fit_intercept"": true, ""kernel_width"": 1.0, ""loss"": ""double_hinge"", ""max_iter"": 1000, ""n_centers"": null, ""reg_lambda"": 0.001, ""tol"": 1e-06}",scar,0.1,0.5,0.5,True,0,,,,,,,,0.1255,False,-0.02295514511873352,1.0,0.7968127490039841,0.9983722222222222,0.9735,0.8824833702882483,0.9229551451187336,0.9879012010013613,0.9830555555555556,,requires predict_proba,,requires predict_proba,,0.5149999999994179,success,
upu,scar-pi0.1-scalemid,112,"{""basis"": ""rbf"", ""fit_intercept"": true, ""kernel_width"": 1.0, ""loss"": ""double_hinge"", ""max_iter"": 1000, ""n_centers"": null, ""reg_lambda"": 0.001, ""tol"": 1e-06}",scar,0.1,0.5,0.5,True,0,,,,,,,,0.125,False,-0.016524069468558236,0.9801980198019802,0.7841584158415842,0.9984166666666667,0.972,0.8755555555555555,0.9204844655081622,0.988803588476921,0.9777777777777777,,requires predict_proba,,requires predict_proba,,0.6409999999996217,success,
upu,scar-pi0.1-scalemid,113,"{""basis"": ""rbf"", ""fit_intercept"": true, ""kernel_width"": 1.0, ""loss"": ""double_hinge"", ""max_iter"": 1000, ""n_centers"": null, ""reg_lambda"": 0.001, ""tol"": 1e-06}",scar,0.1,0.5,0.5,True,0,,,,,,,,0.1325,False,-0.012133107461449091,0.9902912621359223,0.7473896318006961,0.9935888888888889,0.9645,0.8473118279569892,0.9140748550342647,0.9702241188548497,0.9736111111111111,,requires predict_proba,,requires predict_proba,,0.5779999999995198,success,
upu,scar-pi0.1-scalemid,114,"{""basis"": ""rbf"", ""fit_intercept"": true, ""kernel_width"": 1.0, ""loss"": ""double_hinge"", ""max_iter"": 1000, ""n_centers"": null, ""reg_lambda"": 0.001, ""tol"": 1e-06}",scar,0.1,0.5,0.5,True,0,,,,,,,,0.1375,False,-0.011610405290702688,0.9829059829059829,0.7148407148407148,0.9963416666666667,0.9575,0.8210526315789474,0.9150292087095061,0.9809527713977159,0.9652777777777778,,requires predict_proba,,requires predict_proba,,0.8600000000005821,success,
upu,scar-pi0.1-scalemid,115,"{""basis"": ""rbf"", ""fit_intercept"": true, ""kernel_width"": 1.0, ""loss"": ""double_hinge"", ""max_iter"": 1000, ""n_centers"": null, ""reg_lambda"": 0.001, ""tol"": 1e-06}",scar,0.1,0.5,0.5,True,0,,,,,,,,0.1275,False,-0.021817221341785528,1.0,0.7843137254901961,0.9968027777777778,0.9705,0.8703296703296703,0.9218172213417856,0.9737567283342199,0.9791666666666667,,requires predict_proba,,requires predict_proba,,0.6399999999994179,success,
upu,scar-pi0.1-scalemid,116,"{""basis"": ""rbf"", ""fit_intercept"": true, ""kernel_width"": 1.0, ""loss"": ""double_hinge"", ""max_iter"": 1000, ""n_centers"": null, ""reg_lambda"": 0.001, ""tol"": 1e-06}",scar,0.1,0.5,0.5,True,0,,,,,,,,0.126,False,-0.01696980324018725,0.98989898989899,0.7856341189674524,0.9992166666666666,0.972,0.8761061946902655,0.9189900052603893,0.9944933248212854,0.98,,requires predict_proba,,requires predict_proba,,0.7969999999986612,success,
upu,scar-pi0.1-scalemid,117,"{""basis"": ""rbf"", ""fit_intercept"": true, ""kernel_width"": 1.0, ""loss"": ""double_hinge"", ""max_iter"": 1000, ""n_centers"": null, ""reg_lambda"": 0.001, ""tol"": 1e-06}",scar,0.1,0.5,0.5,True,0,,,,,,,,0.1355,False,-0.008565423016290069,1.0,0.7380073800738007,0.9957194444444445,0.9625,0.8407643312101911,0.9085654230162901,0.9846378487377233,0.9747222222222223,,requires predict_proba,,requires predict_proba,,0.7340000000003783,success,
upu,scar-pi0.1-scalemid,118,"{""basis"": ""rbf"", ""fit_intercept"": true, ""kernel_width"": 1.0, ""loss"": ""double_hinge"", ""max_iter"": 1000, ""n_centers"": null, ""reg_lambda"": 0.001, ""tol"": 1e-06}",scar,0.1,0.5,0.5,True,0,,,,,,,,0.1325,False,-0.012133107461449091,0.9902912621359223,0.7473896318006961,0.9970555555555556,0.9635,0.843010752688172,0.9140748550342647,0.9830151811170725,0.9708333333333333,,requires predict_proba,,requires predict_proba,,0.48400000000037835,success,
upu,scar-pi0.1-scalemid,119,"{""basis"": ""rbf"", ""fit_intercept"": true, ""kernel_width"": 1.0, ""loss"": ""double_hinge"", ""max_iter"": 1000, ""n_centers"": null, ""reg_lambda"": 0.001, ""tol"": 1e-06}",scar,0.1,0.5,0.5,True,0,,,,,,,,0.121,False,-0.017574250587097676,0.9789473684210527,0.8090474119182254,0.9965527777777777,0.974,0.8823529411764706,0.9217847769028872,0.9802077083717751,0.9744444444444444,,requires predict_proba,,requires predict_proba,,0.7350000000005821,success,
upu,scar-pi0.3-scalesmall,100,"{""basis"": ""rbf"", ""fit_intercept"": true, ""kernel_width"": 1.0, ""loss"": ""double_hinge"", ""max_iter"": 1000, ""n_centers"": null, ""reg_lambda"": 0.001, ""tol"": 1e-06}",scar,0.3,0.5,0.5,True,0,,,,,,,,0.3975,False,-0.004678362573099393,1.0,0.7547169811320754,0.9997619047619049,0.9025,0.8602150537634409,0.7046783625730995,0.9994511804545617,0.9303571428571429,,requires predict_proba,,requires predict_proba,,0.9380000000001019,success,
upu,scar-pi0.3-scalesmall,101,"{""basis"": ""rbf"", ""fit_intercept"": true, ""kernel_width"": 1.0, ""loss"": ""double_hinge"", ""max_iter"": 1000, ""n_centers"": null, ""reg_lambda"": 0.001, ""tol"": 1e-06}",scar,0.3,0.5,0.5,True,0,,,,,,,,0.4025,False,-0.002941176470588225,1.0,0.7453416149068323,0.9969642857142857,0.8975,0.8540925266903915,0.7029411764705882,0.9929257834174137,0.9267857142857143,,requires predict_proba,,requires predict_proba,,0.9369999999998981,success,
upu,scar-pi0.3-scalesmall,102,"{""basis"": ""rbf"", ""fit_intercept"": true, ""kernel_width"": 1.0, ""loss"": ""double_hinge"", ""max_iter"": 1000, ""n_centers"": null, ""reg_lambda"": 0.001, ""tol"": 1e-06}",scar,0.3,0.5,0.5,True,0,,,,,,,,0.3825,False,-0.0021343873517786216,0.9818181818181818,0.7700534759358288,0.9837797619047619,0.9025,0.8571428571428571,0.7130434782608696,0.9631332589188136,0.9232142857142858,,requires predict_proba,,requires predict_proba,,0.31300000000010186,success,
upu,scar-pi0.3-scalesmall,103,"{""basis"": ""rbf"", ""fit_intercept"": true, ""kernel_width"": 1.0, ""loss"": ""double_hinge"", ""max_iter"": 1000, ""n_centers"": null, ""reg_lambda"": 0.001, ""tol"": 1e-06}",scar,0.3,0.5,0.5,True,0,,,,,,,,0.425,False,0.005135951661631444,1.0,0.7058823529411765,0.9950297619047619,0.87,0.8206896551724138,0.6948640483383686,0.988576519824429,0.9047619047619048,,requires predict_proba,,requires predict_proba,,0.5930000000007567,success,
upu,scar-pi0.3-scalesmall,104,"{""basis"": ""rbf"", ""fit_intercept"": true, ""kernel_width"": 1.0, ""loss"": ""double_hinge"", ""max_iter"": 1000, ""n_centers"": null, ""reg_lambda"": 0.001, ""tol"": 1e-06}",scar,0.3,0.5,0.5,True,0,,,,,,,,0.42,False,0.007462686567164201,1.0,0.7142857142857143,0.9958035714285715,0.875,0.8263888888888888,0.6925373134328359,0.9925458129290796,0.9083333333333333,,requires predict_proba,,requires predict_proba,,0.5319999999992433,success,
upu,scar-pi0.3-scalesmall,105,"{""basis"": ""rbf"", ""fit_intercept"": true, ""kernel_width"": 1.0, ""loss"": ""double_hinge"", ""max_iter"": 1000, ""n_centers"": null, ""reg_lambda"": 0.001, ""tol"": 1e-06}",scar,0.3,0.5,0.5,True,0,,,,,,,,0.4,False,-0.00588235294117645,1.0,0.7499999999999999,0.9895833333333333,0.885,0.8357142857142857,0.7058823529411765,0.9797240779166791,0.9107142857142857,,requires predict_proba,,requires predict_proba,,0.8430000000007567,success,
upu,scar-pi0.3-scalesmall,106,"{""basis"": ""rbf"", ""fit_intercept"": true, ""kernel_width"": 1.0, ""loss"": ""double_hinge"", ""max_iter"": 1000, ""n_centers"": null, ""reg_lambda"": 0.001, ""tol"": 1e-06}",scar,0.3,0.5,0.5,True,0,,,,,,,,0.4,False,0.01521282687535791,0.967741935483871,0.7258064516129032,0.9911011904761904,0.89,0.8428571428571429,0.7041420118343196,0.9832360125663936,0.9166666666666666,,requires predict_proba,,requires predict_proba,,0.2969999999986612,success,
upu,scar-pi0.3-scalesmall,107,"{""basis"": ""rbf"", ""fit_intercept"": true, ""kernel_width"": 1.0, ""loss"": ""double_hinge"", ""max_iter"": 1000, ""n_centers"": null, ""reg_lambda"": 0.001, ""tol"": 1e-06}",scar,0.3,0.5,0.5,True,0,,,,,,,,0.375,False,-0.010227272727272696,1.0,0.7999999999999999,0.9926488095238095,0.915,0.8740740740740741,0.7102272727272727,0.9852907818082876,0.9345238095238095,,requires predict_proba,,requires predict_proba,,0.8899999999994179,success,
upu,scar-pi0.3-scalesmall,108,"{""basis"": ""rbf"", ""fit_intercept"": true, ""kernel_width"": 1.0, ""loss"": ""double_hinge"", ""max_iter"": 1000, ""n_centers"": null, ""reg_lambda"": 0.001, ""tol"": 1e-06}",scar,0.3,0.5,0.5,True,0,,,,,,,,0.3875,False,-0.004022988505747116,1.0,0.7741935483870968,0.99125,0.9075,0.8654545454545455,0.7040229885057471,0.9890666291415104,0.9315476190476191,,requires predict_proba,,requires predict_proba,,0.75,success,
upu,scar-pi0.3-scalesmall,109,"{""basis"": ""rbf"", ""fit_intercept"": true, ""kernel_width"": 1.0, ""loss"": ""double_hinge"", ""max_iter"": 1000, ""n_centers"": null, ""reg_lambda"": 0.001, ""tol"": 1e-06}",scar,0.3,0.5,0.5,True,0,,,,,,,,0.405,False,-0.0027564878311147067,0.9850746268656716,0.7296849087893863,0.9914583333333332,0.89,0.8439716312056738,0.7117117117117117,0.9903130941698962,0.9190476190476191,,requires predict_proba,,requires predict_proba,,0.8130000000001019,success,
upu,scar-pi0.3-scalesmall,110,"{""basis"": ""rbf"", ""fit_intercept"": true, ""kernel_width"": 1.0, ""loss"": ""double_hinge"", ""max_iter"": 1000, ""n_centers"": null, ""reg_lambda"": 0.001, ""tol"": 1e-06}",scar,0.3,0.5,0.5,True,0,,,,,,,,0.405,False,0.0062597145683199185,0.9841269841269841,0.7289829512051732,0.9944642857142857,0.89,0.8439716312056738,0.7032640949554896,0.9880037212089572,0.9190476190476191,,requires predict_proba,,requires predict_proba,,0.7029999999995198,success,
upu,scar-pi0.3-scalesmall,111,"{""basis"": ""rbf"", ""fit_intercept"": true, ""kernel_width"": 1.0, ""loss"": ""double_hinge"", ""max_iter"": 1000, ""n_centers"": null, ""reg_lambda"": 0.001, ""tol"": 1e-06}",scar,0.3,0.5,0.5,True,0,,,,,,,,0.4075,False,0.002941176470588225,1.0,0.7361963190184049,0.9974404761904762,0.8925,0.8480565371024735,0.6970588235294117,0.9937422939082987,0.9232142857142858,,requires predict_proba,,requires predict_proba,,0.9380000000001019,success,
upu,scar-pi0.3-scalesmall,112,"{""basis"": ""rbf"", ""fit_intercept"": true, ""kernel_width"": 1.0, ""loss"": ""double_hinge"", ""max_iter"": 1000, ""n_centers"": null, ""reg_lambda"": 0.001, ""tol"": 1e-06}",scar,0.3,0.5,0.5,True,0,,,,,,,,0.41,False,0.0017751479289940808,1.0,0.7317073170731707,0.9950595238095239,0.885,0.8380281690140845,0.6982248520710059,0.9902537200842413,0.9154761904761906,,requires predict_proba,,requires predict_proba,,0.875,success,
upu,scar-pi0.3-scalesmall,113,"{""basis"": ""rbf"", ""fit_intercept"": true, ""kernel_width"": 1.0, ""loss"": ""double_hinge"", ""max_iter"": 1000, ""n_centers"": null, ""reg_lambda"": 0.001, ""tol"": 1e-06}",scar,0.3,0.5,0.5,True,0,,,,,,,,0.4175,False,-0.006060606060606044,1.0,0.718562874251497,0.9972619047619048,0.8825,0.8362369337979094,0.706060606060606,0.9884143783412003,0.9160714285714286,,requires predict_proba,,requires predict_proba,,0.6869999999998981,success,
upu,scar-pi0.3-scalesmall,114,"{""basis"": ""rbf"", ""fit_intercept"": true, ""kernel_width"": 1.0, ""loss"": ""double_hinge"", ""max_iter"": 1000, ""n_centers"": null, ""reg_lambda"": 0.001, ""tol"": 1e-06}",scar,0.3,0.5,0.5,True,0,,,,,,,,0.3925,False,0.004986957188890584,0.9824561403508771,0.7509218907140461,0.9918452380952382,0.9025,0.8592057761732852,0.7055393586005831,0.9820908105566067,0.9279761904761905,,requires predict_proba,,requires predict_proba,,0.9690000000009604,success,
upu,scar-pi0.3-scalesmall,115,"{""basis"": ""rbf"", ""fit_intercept"": true, ""kernel_width"": 1.0, ""loss"": ""double_hinge"", ""max_iter"": 1000, ""n_centers"": null, ""reg_lambda"": 0.001, ""tol"": 1e-06}",scar,0.3,0.5,0.5,True,0,,,,,,,,0.39,False,-0.003170028818443804,1.0,0.7692307692307692,0.9960714285714286,0.905,0.8623188405797102,0.7031700288184438,0.9914047015739968,0.9297619047619048,,requires predict_proba,,requires predict_proba,,0.7339999999985594,success,
upu,scar-pi0.3-scalesmall,116,"{""basis"": ""rbf"", ""fit_intercept"": true, ""kernel_width"": 1.0, ""loss"": ""double_hinge"", ""max_iter"": 1000, ""n_centers"": null, ""reg_lambda"": 0.001, ""tol"": 1e-06}",scar,0.3,0.5,0.5,True,0,,,,,,,,0.405,False,-0.006231454005934722,1.0,0.7407407407407407,0.9978571428571429,0.895,0.851063829787234,0.7062314540059347,0.9953648257229327,0.925,,requires predict_proba,,requires predict_proba,,0.9689999999991414,success,
upu,scar-pi0.3-scalesmall,117,"{""basis"": ""rbf"", ""fit_intercept"": true, ""kernel_width"": 1.0, ""loss"": ""double_hinge"", ""max_iter"": 1000, ""n_centers"": null, ""reg_lambda"": 0.001, ""tol"": 1e-06}",scar,0.3,0.5,0.5,True,0,,,,,,,,0.415,False,0.011486118671747425,0.9848484848484849,0.7119386637458928,0.9950892857142857,0.88,0.8321678321678322,0.6976047904191617,0.9911338862856789,0.911904761904762,,requires predict_proba,,requires predict_proba,,1.0310000000008586,success,
upu,scar-pi0.3-scalesmall,118,"{""basis"": ""rbf"", ""fit_intercept"": true, ""kernel_width"": 1.0, ""loss"": ""double_hinge"", ""max_iter"": 1000, ""n_centers"": null, ""reg_lambda"": 0.001, ""tol"": 1e-06}",scar,0.3,0.5,0.5,True,0,,,,,,,,0.39,False,-0.005202312138728293,1.0,0.7692307692307692,0.9986309523809523,0.91,0.8695652173913043,0.7052023121387283,0.9964476048598979,0.9357142857142857,,requires predict_proba,,requires predict_proba,,1.25,success,
upu,scar-pi0.3-scalesmall,119,"{""basis"": ""rbf"", ""fit_intercept"": true, ""kernel_width"": 1.0, ""loss"": ""double_hinge"", ""max_iter"": 1000, ""n_centers"": null, ""reg_lambda"": 0.001, ""tol"": 1e-06}",scar,0.3,0.5,0.5,True,0,,,,,,,,0.395,False,-0.0034883720930232176,1.0,0.7594936708860759,0.9932142857142856,0.9,0.8561151079136691,0.7034883720930233,0.985961446819363,0.9261904761904762,,requires predict_proba,,requires predict_proba,,0.5319999999992433,success,
upu,scar-pi0.3-scalemid,100,"{""basis"": ""rbf"", ""fit_intercept"": true, ""kernel_width"": 1.0, ""loss"": ""double_hinge"", ""max_iter"": 1000, ""n_centers"": null, ""reg_lambda"": 0.001, ""tol"": 1e-06}",scar,0.3,0.5,0.5,True,0,,,,,,,,0.406,False,0.004654915590863951,0.993421052631579,0.7340549649987036,0.993875,0.887,0.839943342776204,0.6992924528301887,0.9908417015653983,0.9159523809523809,,requires predict_proba,,requires predict_proba,,0.6880000000001019,success,
upu,scar-pi0.3-scalemid,101,"{""basis"": ""rbf"", ""fit_intercept"": true, ""kernel_width"": 1.0, ""loss"": ""double_hinge"", ""max_iter"": 1000, ""n_centers"": null, ""reg_lambda"": 0.001, ""tol"": 1e-06}",scar,0.3,0.5,0.5,True,0,,,,,,,,0.396,False,-0.0011027278003482022,1.0,0.7575757575757575,0.9977607142857143,0.903,0.860632183908046,0.7011027278003482,0.9951673591725774,0.9302380952380952,,requires predict_proba,,requires predict_proba,,0.7029999999995198,success,
upu,scar-pi0.3-scalemid,102,"{""basis"": ""rbf"", ""fit_intercept"": true, ""kernel_width"": 1.0, ""loss"": ""double_hinge"", ""max_iter"": 1000, ""n_centers"": null, ""reg_lambda"": 0.001, ""tol"": 1e-06}",scar,0.3,0.5,0.5,True,0,,,,,,,,0.4125,False,0.002256532066508332,1.0,0.7272727272727273,0.997552380952381,0.8865,0.840701754385965,0.6977434679334917,0.9943683659596187,0.9184523809523809,,requires predict_proba,,requires predict_proba,,0.7340000000003783,success,
upu,scar-pi0.3-scalemid,103,"{""basis"": ""rbf"", ""fit_intercept"": true, ""kernel_width"": 1.0, ""loss"": ""double_hinge"", ""max_iter"": 1000, ""n_centers"": null, ""reg_lambda"": 0.001, ""tol"": 1e-06}",scar,0.3,0.5,0.5,True,0,,,,,,,,0.4005,False,0.002316978193146413,0.9965277777777778,0.7464627548897211,0.9962738095238095,0.8975,0.8536759457530335,0.6997663551401869,0.9928281778060127,0.9258333333333333,,requires predict_proba,,requires predict_proba,,0.9219999999986612,success,
upu,scar-pi0.3-scalemid,104,"{""basis"": ""rbf"", ""fit_intercept"": true, ""kernel_width"": 1.0, ""loss"": ""double_hinge"", ""max_iter"": 1000, ""n_centers"": null, ""reg_lambda"": 0.001, ""tol"": 1e-06}",scar,0.3,0.5,0.5,True,0,,,,,,,,0.406,False,0.0008321292311126438,0.996742671009772,0.7365093628151024,0.9975285714285715,0.892,0.8470254957507082,0.7011222681630243,0.994244875535222,0.921904761904762,,requires predict_proba,,requires predict_proba,,0.6869999999998981,success,
upu,scar-pi0.3-scalemid,105,"{""basis"": ""rbf"", ""fit_intercept"": true, ""kernel_width"": 1.0, ""loss"": ""double_hinge"", ""max_iter"": 1000, ""n_centers"": null, ""reg_lambda"": 0.001, ""tol"": 1e-06}",scar,0.3,0.5,0.5,True,0,,,,,,,,0.4025,False,0.0003512880562061005,1.0,0.7453416149068323,0.996725,0.8955,0.8512455516014235,0.699648711943794,0.9921528166374286,0.924404761904762,,requires predict_proba,,requires predict_proba,,0.7349999999987631,success,
upu,scar-pi0.3-scalemid,106,"{""basis"": ""rbf"", ""fit_intercept"": true, ""kernel_width"": 1.0, ""loss"": ""double_hinge"", ""max_iter"": 1000, ""n_centers"": null, ""reg_lambda"": 0.001, ""tol"": 1e-06}",scar,0.3,0.5,0.5,True,0,,,,,,,,0.4105,False,0.009517799112471637,0.9903536977491961,0.7237664051760264,0.9953571428571429,0.8855,0.8388458831808585,0.6962699822380106,0.9921491314016283,0.9163095238095238,,requires predict_proba,,requires predict_proba,,0.8430000000007567,success,
upu,scar-pi0.3-scalemid,107,"{""basis"": ""rbf"", ""fit_intercept"": true, ""kernel_width"": 1.0, ""loss"": ""double_hinge"", ""max_iter"": 1000, ""n_centers"": null, ""reg_lambda"": 0.001, ""tol"": 1e-06}",scar,0.3,0.5,0.5,True,0,,,,,,,,0.398,False,-0.002860478692352564,1.0,0.7537688442211055,0.9966797619047619,0.9,0.8567335243553008,0.7028604786923526,0.9911314280978387,0.9276190476190476,,requires predict_proba,,requires predict_proba,,0.9069999999992433,success,
upu,scar-pi0.3-scalemid,108,"{""basis"": ""rbf"", ""fit_intercept"": true, ""kernel_width"": 1.0, ""loss"": ""double_hinge"", ""max_iter"": 1000, ""n_centers"": null, ""reg_lambda"": 0.001, ""tol"": 1e-06}",scar,0.3,0.5,0.5,True,0,,,,,,,,0.4055,False,0.0035939905505122938,0.9966555183946488,0.7373530345706403,0.9970142857142856,0.8915,0.8462083628632175,0.6984126984126984,0.9943386302270079,0.9210714285714285,,requires predict_proba,,requires predict_proba,,0.8599999999987631,success,
upu,scar-pi0.3-scalemid,109,"{""basis"": ""rbf"", ""fit_intercept"": true, ""kernel_width"": 1.0, ""loss"": ""double_hinge"", ""max_iter"": 1000, ""n_centers"": null, ""reg_lambda"": 0.001, ""tol"": 1e-06}",scar,0.3,0.5,0.5,True,0,,,,,,,,0.406,False,0.0028855089874651463,0.9904458598726115,0.7318565467039,0.9954857142857143,0.888,0.8413597733711048,0.702846975088968,0.993284899959668,0.9171428571428571,,requires predict_proba,,requires predict_proba,,0.7030000000013388,success,
upu,scar-pi0.3-scalemid,110,"{""basis"": ""rbf"", ""fit_intercept"": true, ""kernel_width"": 1.0, ""loss"": ""double_hinge"", ""max_iter"": 1000, ""n_centers"": null, ""reg_lambda"": 0.001, ""tol"": 1e-06}",scar,0.3,0.5,0.5,True,0,,,,,,,,0.3985,False,0.0008143548400257883,0.9965034965034965,0.7501908380201979,0.9972273809523808,0.8995,0.8561202576950608,0.7012835472578763,0.9941390753237692,0.9272619047619048,,requires predict_proba,,requires predict_proba,,0.75,success,
upu,scar-pi0.3-scalemid,111,"{""basis"": ""rbf"", ""fit_intercept"": true, ""kernel_width"": 1.0, ""loss"": ""double_hinge"", ""max_iter"": 1000, ""n_centers"": null, ""reg_lambda"": 0.001, ""tol"": 1e-06}",scar,0.3,0.5,0.5,True,0,,,,,,,,0.3965,False,-0.005435417884278204,1.0,0.7566204287515762,0.9978607142857143,0.9025,0.8600143575017947,0.7054354178842782,0.9947275577448069,0.9298809523809524,,requires predict_proba,,requires predict_proba,,1.375,success,
upu,scar-pi0.3-scalemid,112,"{""basis"": ""rbf"", ""fit_intercept"": true, ""kernel_width"": 1.0, ""loss"": ""double_hinge"", ""max_iter"": 1000, ""n_centers"": null, ""reg_lambda"": 0.001, ""tol"": 1e-06}",scar,0.3,0.5,0.5,True,0,,,,,,,,0.4025,False,-0.002941176470588225,1.0,0.7453416149068323,0.9978607142857143,0.8965,0.8526690391459075,0.7029411764705882,0.9952872225880598,0.9255952380952381,,requires predict_proba,,requires predict_proba,,1.3279999999995198,success,
upu,scar-pi0.3-scalemid,113,"{""basis"": ""rbf"", ""fit_intercept"": true, ""kernel_width"": 1.0, ""loss"": ""double_hinge"", ""max_iter"": 1000, ""n_centers"": null, ""reg_lambda"": 0.001, ""tol"": 1e-06}",scar,0.3,0.5,0.5,True,0,,,,,,,,0.4045,False,0.0007492550510125318,0.9935275080906149,0.7368560010560801,0.9961988095238095,0.8915,0.8459900638750887,0.7031342400946186,0.993061717396459,0.920595238095238,,requires predict_proba,,requires predict_proba,,1.1719999999986612,success,
upu,scar-pi0.3-scalemid,114,"{""basis"": ""rbf"", ""fit_intercept"": true, ""kernel_width"": 1.0, ""loss"": ""double_hinge"", ""max_iter"": 1000, ""n_centers"": null, ""reg_lambda"": 0.001, ""tol"": 1e-06}",scar,0.3,0.5,0.5,True,0,,,,,,,,0.4105,False,-0.0005872568404067802,0.9969040247678018,0.7285534894770781,0.9967964285714286,0.8865,0.840253342716397,0.7024448419797257,0.993609830737128,0.9175,,requires predict_proba,,requires predict_proba,,1.609999999998763,success,
upu,scar-pi0.3-scalemid,115,"{""basis"": ""rbf"", ""fit_intercept"": true, ""kernel_width"": 1.0, ""loss"": ""double_hinge"", ""max_iter"": 1000, ""n_centers"": null, ""reg_lambda"": 0.001, ""tol"": 1e-06}",scar,0.3,0.5,0.5,True,0,,,,,,,,0.41,False,0.0034633612832665195,0.9967948717948718,0.7293621013133208,0.9958071428571429,0.887,0.8408450704225352,0.6984597156398105,0.992441422142101,0.9178571428571429,,requires predict_proba,,requires predict_proba,,1.2970000000004802,success,
upu,scar-pi0.3-scalemid,116,"{""basis"": ""rbf"", ""fit_intercept"": true, ""kernel_width"": 1.0, ""loss"": ""double_hinge"", ""max_iter"": 1000, ""n_centers"": null, ""reg_lambda"": 0.001, ""tol"": 1e-06}",scar,0.3,0.5,0.5,True,0,,,,,,,,0.404,False,-0.002416028285209204,1.0,0.7425742574257425,0.9987011904761904,0.896,0.8522727272727273,0.7024160282852092,0.9968870427924577,0.9257142857142857,,requires predict_proba,,requires predict_proba,,1.2340000000003783,success,
upu,scar-pi0.3-scalemid,117,"{""basis"": ""rbf"", ""fit_intercept"": true, ""kernel_width"": 1.0, ""loss"": ""double_hinge"", ""max_iter"": 1000, ""n_centers"": null, ""reg_lambda"": 0.001, ""tol"": 1e-06}",scar,0.3,0.5,0.5,True,0,,,,,,,,0.406,False,0.002510545692164967,0.9966996699669967,0.736477588645564,0.9967809523809523,0.891,0.8456090651558074,0.699469652327637,0.9936875067152974,0.9207142857142857,,requires predict_proba,,requires predict_proba,,1.25,success,
upu,scar-pi0.3-scalemid,118,"{""basis"": ""rbf"", ""fit_intercept"": true, ""kernel_width"": 1.0, ""loss"": ""double_hinge"", ""max_iter"": 1000, ""n_centers"": null, ""reg_lambda"": 0.001, ""tol"": 1e-06}",scar,0.3,0.5,0.5,True,0,,,,,,,,0.4065,False,0.0005816056449621798,0.9967637540453075,0.7356190066755037,0.9980642857142856,0.8925,0.8478414720452937,0.7013601419278533,0.9944439220157415,0.9227380952380952,,requires predict_proba,,requires predict_proba,,1.2659999999996217,success,
upu,scar-pi0.3-scalemid,119,"{""basis"": ""rbf"", ""fit_intercept"": true, ""kernel_width"": 1.0, ""loss"": ""double_hinge"", ""max_iter"": 1000, ""n_centers"": null, ""reg_lambda"": 0.001, ""tol"": 1e-06}",scar,0.3,0.5,0.5,True,0,,,,,,,,0.4,False,0.0013163349707469574,0.9965397923875432,0.7474048442906573,0.996995238095238,0.897,0.8528571428571429,0.700759789596727,0.9929765503800183,0.925,,requires predict_proba,,requires predict_proba,,1.4220000000004802,success,
upu,scar-pi0.5-scalesmall,100,"{""basis"": ""rbf"", ""fit_intercept"": true, ""kernel_width"": 1.0, ""loss"": ""double_hinge"", ""max_iter"": 1000, ""n_centers"": null, ""reg_lambda"": 0.001, ""tol"": 1e-06}",scar,0.5,0.5,0.5,True,0,,,,,,,,0.62,False,0.004885993485342022,1.0,0.8064516129032259,0.9944,0.88,0.8928571428571429,0.495114006514658,0.9947090261562643,0.88,,requires predict_proba,,requires predict_proba,,1.5470000000004802,success,
upu,scar-pi0.5-scalesmall,101,"{""basis"": ""rbf"", ""fit_intercept"": true, ""kernel_width"": 1.0, ""loss"": ""double_hinge"", ""max_iter"": 1000, ""n_centers"": null, ""reg_lambda"": 0.001, ""tol"": 1e-06}",scar,0.5,0.5,0.5,True,0,,,,,,,,0.63,False,0.011551155115511524,1.0,0.7936507936507936,0.9976999999999999,0.87,0.8849557522123894,0.4884488448844885,0.9976350631038801,0.87,,requires predict_proba,,requires predict_proba,,1.8439999999991414,success,
upu,scar-pi0.5-scalesmall,102,"{""basis"": ""rbf"", ""fit_intercept"": true, ""kernel_width"": 1.0, ""loss"": ""double_hinge"", ""max_iter"": 1000, ""n_centers"": null, ""reg_lambda"": 0.001, ""tol"": 1e-06}",scar,0.5,0.5,0.5,True,0,,,,,,,,0.6175,False,0.005117621396691141,0.98989898989899,0.8015376436429068,0.977225,0.8725,0.8859060402684564,0.5049833887043189,0.9790044312898237,0.8725,,requires predict_proba,,requires predict_proba,,1.1719999999986612,success,
upu,scar-pi0.5-scalesmall,103,"{""basis"": ""rbf"", ""fit_intercept"": true, ""kernel_width"": 1.0, ""loss"": ""double_hinge"", ""max_iter"": 1000, ""n_centers"": null, ""reg_lambda"": 0.001, ""tol"": 1e-06}",scar,0.5,0.5,0.5,True,0,,,,,,,,0.6325,False,-0.0017064846416382506,1.0,0.790513833992095,0.994,0.8675,0.8830022075055187,0.5017064846416383,0.9938241310603488,0.8674999999999999,,requires predict_proba,,requires predict_proba,,1.3589999999985594,success,
upu,scar-pi0.5-scalesmall,104,"{""basis"": ""rbf"", ""fit_intercept"": true, ""kernel_width"": 1.0, ""loss"": ""double_hinge"", ""max_iter"": 1000, ""n_centers"": null, ""reg_lambda"": 0.001, ""tol"": 1e-06}",scar,0.5,0.5,0.5,True,0,,,,,,,,0.6325,False,0.0033783783783783994,1.0,0.790513833992095,0.9987,0.8675,0.8830022075055187,0.4966216216216216,0.9988023967957735,0.8674999999999999,,requires predict_proba,,requires predict_proba,,1.625,success,
upu,scar-pi0.5-scalesmall,105,"{""basis"": ""rbf"", ""fit_intercept"": true, ""kernel_width"": 1.0, ""loss"": ""double_hinge"", ""max_iter"": 1000, ""n_centers"": null, ""reg_lambda"": 0.001, ""tol"": 1e-06}",scar,0.5,0.5,0.5,True,0,,,,,,,,0.6225,False,0.008228749296334326,0.9900990099009901,0.7952602489164579,0.9903000000000001,0.8725,0.8864142538975501,0.5016722408026756,0.990978236509596,0.8725,,requires predict_proba,,requires predict_proba,,1.1880000000001019,success,
upu,scar-pi0.5-scalesmall,106,"{""basis"": ""rbf"", ""fit_intercept"": true, ""kernel_width"": 1.0, ""loss"": ""double_hinge"", ""max_iter"": 1000, ""n_centers"": null, ""reg_lambda"": 0.001, ""tol"": 1e-06}",scar,0.5,0.5,0.5,True,0,,,,,,,,0.615,False,0.008886971527178655,0.9894736842105263,0.8044501497646556,0.992775,0.88,0.8923766816143498,0.5016393442622951,0.9932085544611658,0.88,,requires predict_proba,,requires predict_proba,,1.3439999999991414,success,
upu,scar-pi0.5-scalesmall,107,"{""basis"": ""rbf"", ""fit_intercept"": true, ""kernel_width"": 1.0, ""loss"": ""double_hinge"", ""max_iter"": 1000, ""n_centers"": null, ""reg_lambda"": 0.001, ""tol"": 1e-06}",scar,0.5,0.5,0.5,True,0,,,,,,,,0.6,False,-0.0015673981191222652,1.0,0.8333333333333334,0.9969250000000001,0.9,0.9090909090909091,0.5015673981191222,0.9968234278702921,0.9,,requires predict_proba,,requires predict_proba,,1.5940000000009604,success,
upu,scar-pi0.5-scalesmall,108,"{""basis"": ""rbf"", ""fit_intercept"": true, ""kernel_width"": 1.0, ""loss"": ""double_hinge"", ""max_iter"": 1000, ""n_centers"": null, ""reg_lambda"": 0.001, ""tol"": 1e-06}",scar,0.5,0.5,0.5,True,0,,,,,,,,0.6175,False,0.0016286644951140072,1.0,0.8097165991902834,0.9924,0.8775,0.8903803131991052,0.498371335504886,0.9943279203036222,0.8775,,requires predict_proba,,requires predict_proba,,1.2809999999990396,success,
upu,scar-pi0.5-scalesmall,109,"{""basis"": ""rbf"", ""fit_intercept"": true, ""kernel_width"": 1.0, ""loss"": ""double_hinge"", ""max_iter"": 1000, ""n_centers"": null, ""reg_lambda"": 0.001, ""tol"": 1e-06}",scar,0.5,0.5,0.5,True,0,,,,,,,,0.62,False,0.0012912294465692309,0.9902912621359223,0.7986219855934857,0.987275,0.87,0.8839285714285714,0.5084175084175084,0.9900813495088006,0.87,,requires predict_proba,,requires predict_proba,,1.2029999999995198,success,
upu,scar-pi0.5-scalesmall,110,"{""basis"": ""rbf"", ""fit_intercept"": true, ""kernel_width"": 1.0, ""loss"": ""double_hinge"", ""max_iter"": 1000, ""n_centers"": null, ""reg_lambda"": 0.001, ""tol"": 1e-06}",scar,0.5,0.5,0.5,True,0,,,,,,,,0.625,False,0.008025236180576045,0.9902912621359223,0.7922330097087379,0.99695,0.87,0.8844444444444445,0.5016835016835017,0.9974305011837437,0.87,,requires predict_proba,,requires predict_proba,,1.5779999999995198,success,
upu,scar-pi0.5-scalesmall,111,"{""basis"": ""rbf"", ""fit_intercept"": true, ""kernel_width"": 1.0, ""loss"": ""double_hinge"", ""max_iter"": 1000, ""n_centers"": null, ""reg_lambda"": 0.001, ""tol"": 1e-06}",scar,0.5,0.5,0.5,True,0,,,,,,,,0.6275,False,0.0033333333333332993,1.0,0.7968127490039841,0.9953000000000001,0.8675,0.8824833702882483,0.49666666666666665,0.9966378969938159,0.8674999999999999,,requires predict_proba,,requires predict_proba,,1.6090000000003783,success,
upu,scar-pi0.5-scalesmall,112,"{""basis"": ""rbf"", ""fit_intercept"": true, ""kernel_width"": 1.0, ""loss"": ""double_hinge"", ""max_iter"": 1000, ""n_centers"": null, ""reg_lambda"": 0.001, ""tol"": 1e-06}",scar,0.5,0.5,0.5,True,0,,,,,,,,0.6275,False,0.004983388704318914,1.0,0.7968127490039841,0.9971000000000001,0.8675,0.8824833702882483,0.4950166112956811,0.9975708618641268,0.8674999999999999,,requires predict_proba,,requires predict_proba,,1.7189999999991414,success,
upu,scar-pi0.5-scalesmall,113,"{""basis"": ""rbf"", ""fit_intercept"": true, ""kernel_width"": 1.0, ""loss"": ""double_hinge"", ""max_iter"": 1000, ""n_centers"": null, ""reg_lambda"": 0.001, ""tol"": 1e-06}",scar,0.5,0.5,0.5,True,0,,,,,,,,0.6325,False,-0.003424657534246589,1.0,0.790513833992095,0.999925,0.8675,0.8830022075055187,0.5034246575342466,0.9999249987499687,0.8674999999999999,,requires predict_proba,,requires predict_proba,,1.5159999999996217,success,
upu,scar-pi0.5-scalesmall,114,"{""basis"": ""rbf"", ""fit_intercept"": true, ""kernel_width"": 1.0, ""loss"": ""double_hinge"", ""max_iter"": 1000, ""n_centers"": null, ""reg_lambda"": 0.001, ""tol"": 1e-06}",scar,0.5,0.5,0.5,True,0,,,,,,,,0.6275,False,0.013159626266614044,0.9901960784313726,0.7890008593078667,0.99445,0.8675,0.8824833702882483,0.4966442953020134,0.9945858528974251,0.8674999999999999,,requires predict_proba,,requires predict_proba,,1.5939999999991414,success,
upu,scar-pi0.5-scalesmall,115,"{""basis"": ""rbf"", ""fit_intercept"": true, ""kernel_width"": 1.0, ""loss"": ""double_hinge"", ""max_iter"": 1000, ""n_centers"": null, ""reg_lambda"": 0.001, ""tol"": 1e-06}",scar,0.5,0.5,0.5,True,0,,,,,,,,0.625,False,0.008196721311475419,1.0,0.8,0.997775,0.875,0.8888888888888888,0.4918032786885246,0.9975358323421352,0.875,,requires predict_proba,,requires predict_proba,,1.125,success,
upu,scar-pi0.5-scalesmall,116,"{""basis"": ""rbf"", ""fit_intercept"": true, ""kernel_width"": 1.0, ""loss"": ""double_hinge"", ""max_iter"": 1000, ""n_centers"": null, ""reg_lambda"": 0.001, ""tol"": 1e-06}",scar,0.5,0.5,0.5,True,0,,,,,,,,0.63,False,0.011218724778046751,0.9904761904761905,0.7860922146636432,0.9967999999999999,0.865,0.8805309734513275,0.49830508474576274,0.997375688632214,0.865,,requires predict_proba,,requires predict_proba,,1.1720000000004802,success,
upu,scar-pi0.5-scalesmall,117,"{""basis"": ""rbf"", ""fit_intercept"": true, ""kernel_width"": 1.0, ""loss"": ""double_hinge"", ""max_iter"": 1000, ""n_centers"": null, ""reg_lambda"": 0.001, ""tol"": 1e-06}",scar,0.5,0.5,0.5,True,0,,,,,,,,0.62,False,-0.004983388704318914,1.0,0.8064516129032259,0.9941499999999999,0.875,0.8883928571428571,0.5049833887043189,0.9944883598793274,0.875,,requires predict_proba,,requires predict_proba,,1.2180000000007567,success,
upu,scar-pi0.5-scalesmall,118,"{""basis"": ""rbf"", ""fit_intercept"": true, ""kernel_width"": 1.0, ""loss"": ""double_hinge"", ""max_iter"": 1000, ""n_centers"": null, ""reg_lambda"": 0.001, ""tol"": 1e-06}",scar,0.5,0.5,0.5,True,0,,,,,,,,0.6175,False,0.0032467532467532756,1.0,0.8097165991902834,0.9986,0.8825,0.8948545861297539,0.4967532467532468,0.9983997272561635,0.8825000000000001,,requires predict_proba,,requires predict_proba,,1.6869999999998981,success,
upu,scar-pi0.5-scalesmall,119,"{""basis"": ""rbf"", ""fit_intercept"": true, ""kernel_width"": 1.0, ""loss"": ""double_hinge"", ""max_iter"": 1000, ""n_centers"": null, ""reg_lambda"": 0.001, ""tol"": 1e-06}",scar,0.5,0.5,0.5,True,0,,,,,,,,0.605,False,-0.0031847133757961776,1.0,0.8264462809917356,0.994175,0.89,0.9004524886877828,0.5031847133757962,0.9948606035957087,0.89,,requires predict_proba,,requires predict_proba,,1.735000000000582,success,
upu,scar-pi0.5-scalemid,100,"{""basis"": ""rbf"", ""fit_intercept"": true, ""kernel_width"": 1.0, ""loss"": ""double_hinge"", ""max_iter"": 1000, ""n_centers"": null, ""reg_lambda"": 0.001, ""tol"": 1e-06}",scar,0.5,0.5,0.5,True,0,,,,,,,,0.6195,False,0.0027942223744367167,0.9958847736625515,0.8037810925444321,0.995733,0.8755,0.8887896382313533,0.5013210039630119,0.9965310624307353,0.8755,,requires predict_proba,,requires predict_proba,,1.4689999999991414,success,
upu,scar-pi0.5-scalemid,101,"{""basis"": ""rbf"", ""fit_intercept"": true, ""kernel_width"": 1.0, ""loss"": ""double_hinge"", ""max_iter"": 1000, ""n_centers"": null, ""reg_lambda"": 0.001, ""tol"": 1e-06}",scar,0.5,0.5,0.5,True,0,,,,,,,,0.6165,False,-0.0006527415143602888,1.0,0.8110300081103,0.9972270000000001,0.8815,0.8938647559337215,0.5006527415143603,0.997073633509457,0.8815,,requires predict_proba,,requires predict_proba,,1.4530000000013388,success,
upu,scar-pi0.5-scalemid,102,"{""basis"": ""rbf"", ""fit_intercept"": true, ""kernel_width"": 1.0, ""loss"": ""double_hinge"", ""max_iter"": 1000, ""n_centers"": null, ""reg_lambda"": 0.001, ""tol"": 1e-06}",scar,0.5,0.5,0.5,True,0,,,,,,,,0.6295,False,0.0006738544474393926,1.0,0.7942811755361399,0.996704,0.8705,0.8853474988933157,0.49932614555256066,0.9962544086721388,0.8705,,requires predict_proba,,requires predict_proba,,1.7029999999995198,success,
upu,scar-pi0.5-scalemid,103,"{""basis"": ""rbf"", ""fit_intercept"": true, ""kernel_width"": 1.0, ""loss"": ""double_hinge"", ""max_iter"": 1000, ""n_centers"": null, ""reg_lambda"": 0.001, ""tol"": 1e-06}",scar,0.5,0.5,0.5,True,0,,,,,,,,0.6175,False,-0.0015551834215672966,0.9979296066252588,0.8080401673079017,0.9965870000000001,0.8805,0.8930648769574944,0.5036255767963085,0.996103601044734,0.8805000000000001,,requires predict_proba,,requires predict_proba,,1.6560000000008586,success,
upu,scar-pi0.5-scalemid,104,"{""basis"": ""rbf"", ""fit_intercept"": true, ""kernel_width"": 1.0, ""loss"": ""double_hinge"", ""max_iter"": 1000, ""n_centers"": null, ""reg_lambda"": 0.001, ""tol"": 1e-06}",scar,0.5,0.5,0.5,True,0,,,,,,,,0.6275,False,0.0003353454057679617,1.0,0.7968127490039841,0.9969840000000001,0.8715,0.8860310421286031,0.49966465459423204,0.9964614360953243,0.8714999999999999,,requires predict_proba,,requires predict_proba,,1.3909999999996217,success,
upu,scar-pi0.5-scalemid,105,"{""basis"": ""rbf"", ""fit_intercept"": true, ""kernel_width"": 1.0, ""loss"": ""double_hinge"", ""max_iter"": 1000, ""n_centers"": null, ""reg_lambda"": 0.001, ""tol"": 1e-06}",scar,0.5,0.5,0.5,True,0,,,,,,,,0.624,False,0.0009953408726243174,0.998003992015968,0.7996826859102307,0.9962850000000001,0.873,0.8870106761565836,0.5010006671114076,0.9958955538103628,0.873,,requires predict_proba,,requires predict_proba,,1.8279999999995198,success,
upu,scar-pi0.5-scalemid,106,"{""basis"": ""rbf"", ""fit_intercept"": true, ""kernel_width"": 1.0, ""loss"": ""double_hinge"", ""max_iter"": 1000, ""n_centers"": null, ""reg_lambda"": 0.001, ""tol"": 1e-06}",scar,0.5,0.5,0.5,True,0,,,,,,,,0.627,False,0.004249690160984865,0.9960861056751468,0.7943270380184584,0.996173,0.87,0.8846495119787046,0.49966420416386836,0.9959809286677281,0.87,,requires predict_proba,,requires predict_proba,,1.5,success,
upu,scar-pi0.5-scalemid,107,"{""basis"": ""rbf"", ""fit_intercept"": true, ""kernel_width"": 1.0, ""loss"": ""double_hinge"", ""max_iter"": 1000, ""n_centers"": null, ""reg_lambda"": 0.001, ""tol"": 1e-06}",scar,0.5,0.5,0.5,True,0,,,,,,,,0.6225,False,0.000991407799074695,1.0,0.8032128514056224,0.994318,0.8765,0.8899777282850779,0.4990085922009253,0.9927334882848886,0.8765000000000001,,requires predict_proba,,requires predict_proba,,1.1719999999986612,success,
upu,scar-pi0.5-scalemid,108,"{""basis"": ""rbf"", ""fit_intercept"": true, ""kernel_width"": 1.0, ""loss"": ""double_hinge"", ""max_iter"": 1000, ""n_centers"": null, ""reg_lambda"": 0.001, ""tol"": 1e-06}",scar,0.5,0.5,0.5,True,0,,,,,,,,0.631,False,0.00018140118635090463,0.9981167608286252,0.7909007613539027,0.9974179999999999,0.868,0.883289124668435,0.5017018379850239,0.9972104659758709,0.868,,requires predict_proba,,requires predict_proba,,1.3279999999995198,success,
upu,scar-pi0.5-scalemid,109,"{""basis"": ""rbf"", ""fit_intercept"": true, ""kernel_width"": 1.0, ""loss"": ""double_hinge"", ""max_iter"": 1000, ""n_centers"": null, ""reg_lambda"": 0.001, ""tol"": 1e-06}",scar,0.5,0.5,0.5,True,0,,,,,,,,0.6315,False,0.006318851949919879,0.9980582524271845,0.7902282283667337,0.997398,0.8655,0.8811312417145383,0.49562289562289563,0.9977757079072138,0.8654999999999999,,requires predict_proba,,requires predict_proba,,1.2180000000007567,success,
upu,scar-pi0.5-scalemid,110,"{""basis"": ""rbf"", ""fit_intercept"": true, ""kernel_width"": 1.0, ""loss"": ""double_hinge"", ""max_iter"": 1000, ""n_centers"": null, ""reg_lambda"": 0.001, ""tol"": 1e-06}",scar,0.5,0.5,0.5,True,0,,,,,,,,0.6205,False,0.0003291639236340238,1.0,0.8058017727639,0.997003,0.8795,0.892458723784025,0.49967083607636603,0.9968462651027479,0.8795,,requires predict_proba,,requires predict_proba,,1.1559999999990396,success,
upu,scar-pi0.5-scalemid,111,"{""basis"": ""rbf"", ""fit_intercept"": true, ""kernel_width"": 1.0, ""loss"": ""double_hinge"", ""max_iter"": 1000, ""n_centers"": null, ""reg_lambda"": 0.001, ""tol"": 1e-06}",scar,0.5,0.5,0.5,True,0,,,,,,,,0.624,False,-0.0016677785190126748,1.0,0.8012820512820513,0.997089,0.874,0.8879003558718861,0.5016677785190127,0.9969245426169335,0.874,,requires predict_proba,,requires predict_proba,,1.360000000000582,success,
upu,scar-pi0.5-scalemid,112,"{""basis"": ""rbf"", ""fit_intercept"": true, ""kernel_width"": 1.0, ""loss"": ""double_hinge"", ""max_iter"": 1000, ""n_centers"": null, ""reg_lambda"": 0.001, ""tol"": 1e-06}",scar,0.5,0.5,0.5,True,0,,,,,,,,0.6265,False,0.004666666666666708,0.998,0.796488427773344,0.9966489999999999,0.8695,0.8841544607190412,0.49733333333333335,0.996835563064462,0.8694999999999999,,requires predict_proba,,requires predict_proba,,1.4060000000008586,success,
upu,scar-pi0.5-scalemid,113,"{""basis"": ""rbf"", ""fit_intercept"": true, ""kernel_width"": 1.0, ""loss"": ""double_hinge"", ""max_iter"": 1000, ""n_centers"": null, ""reg_lambda"": 0.001, ""tol"": 1e-06}",scar,0.5,0.5,0.5,True,0,,,,,,,,0.6275,False,-0.0010087424344317197,1.0,0.7968127490039841,0.996178,0.8705,0.8851441241685144,0.5010087424344317,0.9961953226849056,0.8705,,requires predict_proba,,requires predict_proba,,1.1719999999986612,success,
upu,scar-pi0.5-scalemid,114,"{""basis"": ""rbf"", ""fit_intercept"": true, ""kernel_width"": 1.0, ""loss"": ""double_hinge"", ""max_iter"": 1000, ""n_centers"": null, ""reg_lambda"": 0.001, ""tol"": 1e-06}",scar,0.5,0.5,0.5,True,0,,,,,,,,0.629,False,0.0029518485829165275,0.9980582524271845,0.7933690400852023,0.996045,0.869,0.8839681133746679,0.498989898989899,0.9960452072799286,0.869,,requires predict_proba,,requires predict_proba,,1.25,success,
upu,scar-pi0.5-scalemid,115,"{""basis"": ""rbf"", ""fit_intercept"": true, ""kernel_width"": 1.0, ""loss"": ""double_hinge"", ""max_iter"": 1000, ""n_centers"": null, ""reg_lambda"": 0.001, ""tol"": 1e-06}",scar,0.5,0.5,0.5,True,0,,,,,,,,0.6295,False,0.002350570852921452,1.0,0.7942811755361399,0.995486,0.8685,0.883576803895529,0.4976494291470786,0.9951407300217816,0.8685,,requires predict_proba,,requires predict_proba,,1.9529999999995198,success,
upu,scar-pi0.5-scalemid,116,"{""basis"": ""rbf"", ""fit_intercept"": true, ""kernel_width"": 1.0, ""loss"": ""double_hinge"", ""max_iter"": 1000, ""n_centers"": null, ""reg_lambda"": 0.001, ""tol"": 1e-06}",scar,0.5,0.5,0.5,True,0,,,,,,,,0.6185,False,-0.0012448967388054566,0.9979423868312757,0.8067440475596407,0.997192,0.8805,0.8931604827894501,0.5033025099075297,0.9975775627325053,0.8805000000000001,,requires predict_proba,,requires predict_proba,,1.0780000000013388,success,
upu,scar-pi0.5-scalemid,117,"{""basis"": ""rbf"", ""fit_intercept"": true, ""kernel_width"": 1.0, ""loss"": ""double_hinge"", ""max_iter"": 1000, ""n_centers"": null, ""reg_lambda"": 0.001, ""tol"": 1e-06}",scar,0.5,0.5,0.5,True,0,,,,,,,,0.623,False,0.002024291497975672,0.9979757085020243,0.8009435862777081,0.9944890000000001,0.875,0.8886910062333037,0.5,0.9942239922787625,0.875,,requires predict_proba,,requires predict_proba,,1.1880000000001019,success,
upu,scar-pi0.5-scalemid,118,"{""basis"": ""rbf"", ""fit_intercept"": true, ""kernel_width"": 1.0, ""loss"": ""double_hinge"", ""max_iter"": 1000, ""n_centers"": null, ""reg_lambda"": 0.001, ""tol"": 1e-06}",scar,0.5,0.5,0.5,True,0,,,,,,,,0.63,False,0.0010114632501685428,1.0,0.7936507936507936,0.9975259999999999,0.87,0.8849557522123894,0.4989885367498314,0.9962900126660802,0.87,,requires predict_proba,,requires predict_proba,,1.7340000000003783,success,
upu,scar-pi0.5-scalemid,119,"{""basis"": ""rbf"", ""fit_intercept"": true, ""kernel_width"": 1.0, ""loss"": ""double_hinge"", ""max_iter"": 1000, ""n_centers"": null, ""reg_lambda"": 0.001, ""tol"": 1e-06}",scar,0.5,0.5,0.5,True,0,,,,,,,,0.616,False,0.0033044681350445915,0.9937369519832986,0.8066046688176125,0.996051,0.88,0.8924731182795699,0.5029585798816568,0.9960869932930779,0.88,,requires predict_proba,,requires predict_proba,,1.6720000000004802,success,
upu,sar-pi0.1-scalesmall,100,"{""basis"": ""rbf"", ""fit_intercept"": true, ""kernel_width"": 1.0, ""loss"": ""double_hinge"", ""max_iter"": 1000, ""n_centers"": null, ""reg_lambda"": 0.001, ""tol"": 1e-06}",linear,0.1,0.5,0.5,True,0,,,,,,,,0.135,False,-0.015343915343915354,1.0,0.7407407407407407,0.9957638888888889,0.96,0.8297872340425532,0.9153439153439153,0.9730926760948282,0.9666666666666667,,requires predict_proba,,requires predict_proba,,1.5319999999992433,success,
upu,sar-pi0.1-scalesmall,101,"{""basis"": ""rbf"", ""fit_intercept"": true, ""kernel_width"": 1.0, ""loss"": ""double_hinge"", ""max_iter"": 1000, ""n_centers"": null, ""reg_lambda"": 0.001, ""tol"": 1e-06}",linear,0.1,0.5,0.5,True,0,,,,,,,,0.115,False,-0.021875000000000006,1.0,0.8695652173913043,0.9746527777777778,0.945,0.7441860465116279,0.921875,0.8776513088471043,0.8805555555555555,,requires predict_proba,,requires predict_proba,,1.390000000001237,success,
upu,sar-pi0.1-scalesmall,102,"{""basis"": ""rbf"", ""fit_intercept"": true, ""kernel_width"": 1.0, ""loss"": ""double_hinge"", ""max_iter"": 1000, ""n_centers"": null, ""reg_lambda"": 0.001, ""tol"": 1e-06}",linear,0.1,0.5,0.5,True,0,,,,,,,,0.125,False,-0.018635170603674547,1.0,0.8,0.9529861111111111,0.935,0.7111111111111111,0.9186351706036745,0.8575485195231167,0.875,,requires predict_proba,,requires predict_proba,,1.2659999999996217,success,
upu,sar-pi0.1-scalesmall,103,"{""basis"": ""rbf"", ""fit_intercept"": true, ""kernel_width"": 1.0, ""loss"": ""double_hinge"", ""max_iter"": 1000, ""n_centers"": null, ""reg_lambda"": 0.001, ""tol"": 1e-06}",linear,0.1,0.5,0.5,True,0,,,,,,,,0.13,False,-0.018205804749340374,1.0,0.7692307692307693,0.9759722222222221,0.95,0.782608695652174,0.9182058047493403,0.9362854717211475,0.9277777777777778,,requires predict_proba,,requires predict_proba,,0.5930000000007567,success,
upu,sar-pi0.1-scalesmall,104,"{""basis"": ""rbf"", ""fit_intercept"": true, ""kernel_width"": 1.0, ""loss"": ""double_hinge"", ""max_iter"": 1000, ""n_centers"": null, ""reg_lambda"": 0.001, ""tol"": 1e-06}",linear,0.1,0.5,0.5,True,0,,,,,,,,0.14,False,-0.012466843501326264,1.0,0.7142857142857143,0.9915972222222222,0.945,0.7708333333333334,0.9124668435013262,0.9440681811040494,0.9361111111111111,,requires predict_proba,,requires predict_proba,,0.5470000000004802,success,
upu,sar-pi0.1-scalesmall,105,"{""basis"": ""rbf"", ""fit_intercept"": true, ""kernel_width"": 1.0, ""loss"": ""double_hinge"", ""max_iter"": 1000, ""n_centers"": null, ""reg_lambda"": 0.001, ""tol"": 1e-06}",linear,0.1,0.5,0.5,True,0,,,,,,,,0.1325,False,-0.017989417989418,1.0,0.7547169811320755,0.9872916666666667,0.9525,0.7956989247311828,0.917989417989418,0.9423683846395752,0.9402777777777778,,requires predict_proba,,requires predict_proba,,1.5,success,
upu,sar-pi0.1-scalesmall,106,"{""basis"": ""rbf"", ""fit_intercept"": true, ""kernel_width"": 1.0, ""loss"": ""double_hinge"", ""max_iter"": 1000, ""n_centers"": null, ""reg_lambda"": 0.001, ""tol"": 1e-06}",linear,0.1,0.5,0.5,True,0,,,,,,,,0.12,False,-0.026315789473684223,1.0,0.8333333333333334,0.9788194444444444,0.965,0.8409090909090909,0.9263157894736842,0.9408843300553084,0.9472222222222222,,requires predict_proba,,requires predict_proba,,1.3909999999996217,success,
upu,sar-pi0.1-scalesmall,107,"{""basis"": ""rbf"", ""fit_intercept"": true, ""kernel_width"": 1.0, ""loss"": ""double_hinge"", ""max_iter"": 1000, ""n_centers"": null, ""reg_lambda"": 0.001, ""tol"": 1e-06}",linear,0.1,0.5,0.5,True,0,,,,,,,,0.1225,False,-0.01884816753926702,1.0,0.8163265306122449,0.9830555555555556,0.9575,0.8089887640449438,0.918848167539267,0.9162026791453897,0.9319444444444445,,requires predict_proba,,requires predict_proba,,1.6880000000001019,success,
upu,sar-pi0.1-scalesmall,108,"{""basis"": ""rbf"", ""fit_intercept"": true, ""kernel_width"": 1.0, ""loss"": ""double_hinge"", ""max_iter"": 1000, ""n_centers"": null, ""reg_lambda"": 0.001, ""tol"": 1e-06}",linear,0.1,0.5,0.5,True,0,,,,,,,,0.16,False,0.0111111111111111,1.0,0.625,0.9913194444444445,0.935,0.75,0.8888888888888888,0.9564850388089163,0.9527777777777777,,requires predict_proba,,requires predict_proba,,0.43699999999989814,success,
upu,sar-pi0.1-scalesmall,109,"{""basis"": ""rbf"", ""fit_intercept"": true, ""kernel_width"": 1.0, ""loss"": ""double_hinge"", ""max_iter"": 1000, ""n_centers"": null, ""reg_lambda"": 0.001, ""tol"": 1e-06}",linear,0.1,0.5,0.5,True,0,,,,,,,,0.1175,False,-0.021671018276762405,1.0,0.8510638297872342,0.9580555555555555,0.9525,0.7816091954022989,0.9216710182767625,0.8754444948466803,0.9069444444444444,,requires predict_proba,,requires predict_proba,,1.5619999999998981,success,
upu,sar-pi0.1-scalesmall,110,"{""basis"": ""rbf"", ""fit_intercept"": true, ""kernel_width"": 1.0, ""loss"": ""double_hinge"", ""max_iter"": 1000, ""n_centers"": null, ""reg_lambda"": 0.001, ""tol"": 1e-06}",linear,0.1,0.5,0.5,True,0,,,,,,,,0.1525,False,-0.0040000000000000036,1.0,0.6557377049180328,0.9974305555555556,0.9475,0.7920792079207921,0.904,0.9788093407511214,0.9708333333333333,,requires predict_proba,,requires predict_proba,,1.5,success,
upu,sar-pi0.1-scalesmall,111,"{""basis"": ""rbf"", ""fit_intercept"": true, ""kernel_width"": 1.0, ""loss"": ""double_hinge"", ""max_iter"": 1000, ""n_centers"": null, ""reg_lambda"": 0.001, ""tol"": 1e-06}",linear,0.1,0.5,0.5,True,0,,,,,,,,0.115,False,-0.031578947368421054,1.0,0.8695652173913043,0.9950694444444443,0.975,0.8837209302325582,0.9315789473684211,0.9667395263299643,0.9638888888888888,,requires predict_proba,,requires predict_proba,,1.4060000000008586,success,
upu,sar-pi0.1-scalesmall,112,"{""basis"": ""rbf"", ""fit_intercept"": true, ""kernel_width"": 1.0, ""loss"": ""double_hinge"", ""max_iter"": 1000, ""n_centers"": null, ""reg_lambda"": 0.001, ""tol"": 1e-06}",linear,0.1,0.5,0.5,True,0,,,,,,,,0.125,False,-0.028381962864721486,1.0,0.8,0.9845833333333333,0.965,0.8444444444444444,0.9283819628647215,0.9488060443967814,0.9583333333333333,,requires predict_proba,,requires predict_proba,,1.1720000000004802,success,
upu,sar-pi0.1-scalesmall,113,"{""basis"": ""rbf"", ""fit_intercept"": true, ""kernel_width"": 1.0, ""loss"": ""double_hinge"", ""max_iter"": 1000, ""n_centers"": null, ""reg_lambda"": 0.001, ""tol"": 1e-06}",linear,0.1,0.5,0.5,True,0,,,,,,,,0.12,False,-0.026315789473684223,1.0,0.8333333333333334,0.9866666666666666,0.97,0.8636363636363636,0.9263157894736842,0.968469571634666,0.961111111111111,,requires predict_proba,,requires predict_proba,,0.8589999999985594,success,
upu,sar-pi0.1-scalesmall,114,"{""basis"": ""rbf"", ""fit_intercept"": true, ""kernel_width"": 1.0, ""loss"": ""double_hinge"", ""max_iter"": 1000, ""n_centers"": null, ""reg_lambda"": 0.001, ""tol"": 1e-06}",linear,0.1,0.5,0.5,True,0,,,,,,,,0.135,False,-0.008136482939632553,1.0,0.7407407407407407,0.9959722222222223,0.965,0.851063829787234,0.9081364829396326,0.9693171149670385,0.9805555555555556,,requires predict_proba,,requires predict_proba,,1.3589999999985594,success,
upu,sar-pi0.1-scalesmall,115,"{""basis"": ""rbf"", ""fit_intercept"": true, ""kernel_width"": 1.0, ""loss"": ""double_hinge"", ""max_iter"": 1000, ""n_centers"": null, ""reg_lambda"": 0.001, ""tol"": 1e-06}",linear,0.1,0.5,0.5,True,0,,,,,,,,0.1425,False,-0.0050131926121372156,1.0,0.7017543859649124,0.9915972222222222,0.9525,0.8041237113402062,0.9050131926121372,0.9518505229608547,0.9624999999999999,,requires predict_proba,,requires predict_proba,,1.625,success,
upu,sar-pi0.1-scalesmall,116,"{""basis"": ""rbf"", ""fit_intercept"": true, ""kernel_width"": 1.0, ""loss"": ""double_hinge"", ""max_iter"": 1000, ""n_centers"": null, ""reg_lambda"": 0.001, ""tol"": 1e-06}",linear,0.1,0.5,0.5,True,0,,,,,,,,0.125,False,-0.023482849604221645,1.0,0.8,0.9959722222222221,0.965,0.8444444444444444,0.9234828496042217,0.9689707210781393,0.9583333333333333,,requires predict_proba,,requires predict_proba,,1.125,success,
upu,sar-pi0.1-scalesmall,117,"{""basis"": ""rbf"", ""fit_intercept"": true, ""kernel_width"": 1.0, ""loss"": ""double_hinge"", ""max_iter"": 1000, ""n_centers"": null, ""reg_lambda"": 0.001, ""tol"": 1e-06}",linear,0.1,0.5,0.5,True,0,,,,,,,,0.115,False,-0.019480519480519487,1.0,0.8695652173913043,0.9759722222222221,0.97,0.8604651162790697,0.9194805194805195,0.9378468297075512,0.95,,requires predict_proba,,requires predict_proba,,1.3439999999991414,success,
upu,sar-pi0.1-scalesmall,118,"{""basis"": ""rbf"", ""fit_intercept"": true, ""kernel_width"": 1.0, ""loss"": ""double_hinge"", ""max_iter"": 1000, ""n_centers"": null, ""reg_lambda"": 0.001, ""tol"": 1e-06}",linear,0.1,0.5,0.5,True,0,,,,,,,,0.13,False,-0.018205804749340374,1.0,0.7692307692307693,0.9988194444444445,0.97,0.8695652173913043,0.9182058047493403,0.9910366609821039,0.9833333333333334,,requires predict_proba,,requires predict_proba,,1.264999999999418,success,
upu,sar-pi0.1-scalesmall,119,"{""basis"": ""rbf"", ""fit_intercept"": true, ""kernel_width"": 1.0, ""loss"": ""double_hinge"", ""max_iter"": 1000, ""n_centers"": null, ""reg_lambda"": 0.001, ""tol"": 1e-06}",linear,0.1,0.5,0.5,True,0,,,,,,,,0.12,False,-0.023884514435695545,1.0,0.8333333333333334,0.9986805555555556,0.98,0.9090909090909091,0.9238845144356955,0.989127807969626,0.9888888888888889,,requires predict_proba,,requires predict_proba,,1.4069999999992433,success,
upu,sar-pi0.1-scalemid,100,"{""basis"": ""rbf"", ""fit_intercept"": true, ""kernel_width"": 1.0, ""loss"": ""double_hinge"", ""max_iter"": 1000, ""n_centers"": null, ""reg_lambda"": 0.001, ""tol"": 1e-06}",linear,0.1,0.5,0.5,True,0,,,,,,,,0.134,False,-0.010141881240147144,1.0,0.746268656716418,0.9909138888888889,0.953,0.7991452991452992,0.9101418812401472,0.9564364970913338,0.9450000000000001,,requires predict_proba,,requires predict_proba,,1.5319999999992433,success,
upu,sar-pi0.1-scalemid,101,"{""basis"": ""rbf"", ""fit_intercept"": true, ""kernel_width"": 1.0, ""loss"": ""double_hinge"", ""max_iter"": 1000, ""n_centers"": null, ""reg_lambda"": 0.001, ""tol"": 1e-06}",linear,0.1,0.5,0.5,True,0,,,,,,,,0.128,False,-0.01452543261667541,1.0,0.78125,0.9945777777777778,0.963,0.8377192982456141,0.9145254326166754,0.9762799764223882,0.9594444444444444,,requires predict_proba,,requires predict_proba,,0.9380000000001019,success,
upu,sar-pi0.1-scalemid,102,"{""basis"": ""rbf"", ""fit_intercept"": true, ""kernel_width"": 1.0, ""loss"": ""double_hinge"", ""max_iter"": 1000, ""n_centers"": null, ""reg_lambda"": 0.001, ""tol"": 1e-06}",linear,0.1,0.5,0.5,True,0,,,,,,,,0.1375,False,-0.010290237467018473,1.0,0.7272727272727273,0.9948166666666667,0.9545,0.8084210526315789,0.9102902374670184,0.9696944598041516,0.9569444444444444,,requires predict_proba,,requires predict_proba,,1.3909999999996217,success,
upu,sar-pi0.1-scalemid,103,"{""basis"": ""rbf"", ""fit_intercept"": true, ""kernel_width"": 1.0, ""loss"": ""double_hinge"", ""max_iter"": 1000, ""n_centers"": null, ""reg_lambda"": 0.001, ""tol"": 1e-06}",linear,0.1,0.5,0.5,True,0,,,,,,,,0.1335,False,-0.014994720168954603,1.0,0.7490636704119851,0.9909,0.9625,0.8394004282655246,0.9149947201689546,0.9738461022708443,0.9702777777777778,,requires predict_proba,,requires predict_proba,,1.3439999999991414,success,
upu,sar-pi0.1-scalemid,104,"{""basis"": ""rbf"", ""fit_intercept"": true, ""kernel_width"": 1.0, ""loss"": ""double_hinge"", ""max_iter"": 1000, ""n_centers"": null, ""reg_lambda"": 0.001, ""tol"": 1e-06}",linear,0.1,0.5,0.5,True,0,,,,,,,,0.144,False,-0.0010526315789473745,1.0,0.6944444444444445,0.9916972222222222,0.948,0.7868852459016393,0.9010526315789473,0.9692416441684611,0.9533333333333334,,requires predict_proba,,requires predict_proba,,1.9689999999991414,success,
upu,sar-pi0.1-scalemid,105,"{""basis"": ""rbf"", ""fit_intercept"": true, ""kernel_width"": 1.0, ""loss"": ""double_hinge"", ""max_iter"": 1000, ""n_centers"": null, ""reg_lambda"": 0.001, ""tol"": 1e-06}",linear,0.1,0.5,0.5,True,0,,,,,,,,0.127,False,-0.013179916317991633,1.0,0.7874015748031497,0.9867333333333334,0.962,0.8325991189427313,0.9131799163179917,0.9585996058968259,0.9544444444444444,,requires predict_proba,,requires predict_proba,,1.3130000000001019,success,
upu,sar-pi0.1-scalemid,106,"{""basis"": ""rbf"", ""fit_intercept"": true, ""kernel_width"": 1.0, ""loss"": ""double_hinge"", ""max_iter"": 1000, ""n_centers"": null, ""reg_lambda"": 0.001, ""tol"": 1e-06}",linear,0.1,0.5,0.5,True,0,,,,,,,,0.1405,False,-0.009523809523809532,1.0,0.7117437722419928,0.9909888888888889,0.9495,0.7900207900207901,0.9095238095238095,0.9612527663751406,0.9497222222222221,,requires predict_proba,,requires predict_proba,,1.2030000000013388,success,
upu,sar-pi0.1-scalemid,107,"{""basis"": ""rbf"", ""fit_intercept"": true, ""kernel_width"": 1.0, ""loss"": ""double_hinge"", ""max_iter"": 1000, ""n_centers"": null, ""reg_lambda"": 0.001, ""tol"": 1e-06}",linear,0.1,0.5,0.5,True,0,,,,,,,,0.133,False,-0.0070590173167763975,0.9797979797979798,0.736690210374421,0.9901916666666667,0.956,0.8111587982832618,0.9110994213571805,0.9604876068054679,0.951111111111111,,requires predict_proba,,requires predict_proba,,1.4060000000008586,success,
upu,sar-pi0.1-scalemid,108,"{""basis"": ""rbf"", ""fit_intercept"": true, ""kernel_width"": 1.0, ""loss"": ""double_hinge"", ""max_iter"": 1000, ""n_centers"": null, ""reg_lambda"": 0.001, ""tol"": 1e-06}",linear,0.1,0.5,0.5,True,0,,,,,,,,0.136,False,-0.006449024702575468,0.98989898989899,0.7278669043374926,0.9923861111111111,0.957,0.8177966101694916,0.9084692267227775,0.9749387762939435,0.9605555555555556,,requires predict_proba,,requires predict_proba,,1.0619999999998981,success,
upu,sar-pi0.1-scalemid,109,"{""basis"": ""rbf"", ""fit_intercept"": true, ""kernel_width"": 1.0, ""loss"": ""double_hinge"", ""max_iter"": 1000, ""n_centers"": null, ""reg_lambda"": 0.001, ""tol"": 1e-06}",linear,0.1,0.5,0.5,True,0,,,,,,,,0.1315,False,-0.01175775851237594,0.9809523809523809,0.745971392359225,0.9869,0.9615,0.8336933045356372,0.9155672823218998,0.9693081745911132,0.9630555555555556,,requires predict_proba,,requires predict_proba,,1.8909999999996217,success,
upu,sar-pi0.1-scalemid,110,"{""basis"": ""rbf"", ""fit_intercept"": true, ""kernel_width"": 1.0, ""loss"": ""double_hinge"", ""max_iter"": 1000, ""n_centers"": null, ""reg_lambda"": 0.001, ""tol"": 1e-06}",linear,0.1,0.5,0.5,True,0,,,,,,,,0.1265,False,-0.012748171368861028,1.0,0.7905138339920948,0.9927694444444445,0.9665,0.8520971302428256,0.912748171368861,0.9755207657395726,0.9658333333333333,,requires predict_proba,,requires predict_proba,,1.5940000000009604,success,
upu,sar-pi0.1-scalemid,111,"{""basis"": ""rbf"", ""fit_intercept"": true, ""kernel_width"": 1.0, ""loss"": ""double_hinge"", ""max_iter"": 1000, ""n_centers"": null, ""reg_lambda"": 0.001, ""tol"": 1e-06}",linear,0.1,0.5,0.5,True,0,,,,,,,,0.1375,False,-0.005368421052631578,0.99,0.72,0.9929555555555556,0.9545,0.8084210526315789,0.9073684210526316,0.9683424625221998,0.9569444444444444,,requires predict_proba,,requires predict_proba,,1.3279999999995198,success,
upu,sar-pi0.1-scalemid,112,"{""basis"": ""rbf"", ""fit_intercept"": true, ""kernel_width"": 1.0, ""loss"": ""double_hinge"", ""max_iter"": 1000, ""n_centers"": null, ""reg_lambda"": 0.001, ""tol"": 1e-06}",linear,0.1,0.5,0.5,True,0,,,,,,,,0.136,False,-0.009473684210526315,1.0,0.7352941176470588,0.9960972222222222,0.959,0.826271186440678,0.9094736842105263,0.9824813616130587,0.9661111111111111,,requires predict_proba,,requires predict_proba,,0.9840000000003783,success,
upu,sar-pi0.1-scalemid,113,"{""basis"": ""rbf"", ""fit_intercept"": true, ""kernel_width"": 1.0, ""loss"": ""double_hinge"", ""max_iter"": 1000, ""n_centers"": null, ""reg_lambda"": 0.001, ""tol"": 1e-06}",linear,0.1,0.5,0.5,True,0,,,,,,,,0.1285,False,-0.010321841594759351,0.989010989010989,0.7696583572069954,0.9917888888888889,0.9645,0.8446389496717724,0.9125196437925616,0.9666406011909561,0.9647222222222223,,requires predict_proba,,requires predict_proba,,1.0,success,
upu,sar-pi0.1-scalemid,114,"{""basis"": ""rbf"", ""fit_intercept"": true, ""kernel_width"": 1.0, ""loss"": ""double_hinge"", ""max_iter"": 1000, ""n_centers"": null, ""reg_lambda"": 0.001, ""tol"": 1e-06}",linear,0.1,0.5,0.5,True,0,,,,,,,,0.1375,False,-0.012215758857747228,1.0,0.7272727272727273,0.9912,0.9545,0.8084210526315789,0.9122157588577472,0.9653058856528521,0.9569444444444444,,requires predict_proba,,requires predict_proba,,1.1409999999996217,success,
upu,sar-pi0.1-scalemid,115,"{""basis"": ""rbf"", ""fit_intercept"": true, ""kernel_width"": 1.0, ""loss"": ""double_hinge"", ""max_iter"": 1000, ""n_centers"": null, ""reg_lambda"": 0.001, ""tol"": 1e-06}",linear,0.1,0.5,0.5,True,0,,,,,,,,0.135,False,-0.012928759894459102,1.0,0.7407407407407407,0.9927805555555556,0.956,0.8127659574468085,0.9129287598944591,0.9660754610050096,0.9555555555555555,,requires predict_proba,,requires predict_proba,,1.0310000000008586,success,
upu,sar-pi0.1-scalemid,116,"{""basis"": ""rbf"", ""fit_intercept"": true, ""kernel_width"": 1.0, ""loss"": ""double_hinge"", ""max_iter"": 1000, ""n_centers"": null, ""reg_lambda"": 0.001, ""tol"": 1e-06}",linear,0.1,0.5,0.5,True,0,,,,,,,,0.142,False,-0.006019007391763476,1.0,0.7042253521126761,0.9977,0.954,0.8099173553719008,0.9060190073917634,0.9859096893534924,0.9655555555555555,,requires predict_proba,,requires predict_proba,,1.0,success,
upu,sar-pi0.1-scalemid,117,"{""basis"": ""rbf"", ""fit_intercept"": true, ""kernel_width"": 1.0, ""loss"": ""double_hinge"", ""max_iter"": 1000, ""n_centers"": null, ""reg_lambda"": 0.001, ""tol"": 1e-06}",linear,0.1,0.5,0.5,True,0,,,,,,,,0.138,False,-0.007828096670717863,0.9905660377358491,0.7178014766201805,0.9912361111111111,0.953,0.8025210084033614,0.909714889123548,0.967343925288189,0.9538888888888888,,requires predict_proba,,requires predict_proba,,1.0460000000002765,success,
upu,sar-pi0.1-scalemid,118,"{""basis"": ""rbf"", ""fit_intercept"": true, ""kernel_width"": 1.0, ""loss"": ""double_hinge"", ""max_iter"": 1000, ""n_centers"": null, ""reg_lambda"": 0.001, ""tol"": 1e-06}",linear,0.1,0.5,0.5,True,0,,,,,,,,0.134,False,-0.010141881240147144,1.0,0.746268656716418,0.9947611111111111,0.959,0.8247863247863247,0.9101418812401472,0.9750033527330653,0.9616666666666667,,requires predict_proba,,requires predict_proba,,0.9690000000009604,success,
upu,sar-pi0.1-scalemid,119,"{""basis"": ""rbf"", ""fit_intercept"": true, ""kernel_width"": 1.0, ""loss"": ""double_hinge"", ""max_iter"": 1000, ""n_centers"": null, ""reg_lambda"": 0.001, ""tol"": 1e-06}",linear,0.1,0.5,0.5,True,0,,,,,,,,0.131,False,-0.013294797687861279,1.0,0.7633587786259542,0.9928638888888889,0.963,0.8398268398268398,0.9132947976878613,0.970958339389411,0.9661111111111111,,requires predict_proba,,requires predict_proba,,1.2819999999992433,success,
upu,sar-pi0.3-scalesmall,100,"{""basis"": ""rbf"", ""fit_intercept"": true, ""kernel_width"": 1.0, ""loss"": ""double_hinge"", ""max_iter"": 1000, ""n_centers"": null, ""reg_lambda"": 0.001, ""tol"": 1e-06}",linear,0.3,0.5,0.5,True,0,,,,,,,,0.395,False,-0.007602339181286555,1.0,0.7594936708860759,0.994047619047619,0.895,0.8489208633093526,0.7076023391812866,0.9913004588082588,0.9202380952380952,,requires predict_proba,,requires predict_proba,,1.2029999999995198,success,
upu,sar-pi0.3-scalesmall,101,"{""basis"": ""rbf"", ""fit_intercept"": true, ""kernel_width"": 1.0, ""loss"": ""double_hinge"", ""max_iter"": 1000, ""n_centers"": null, ""reg_lambda"": 0.001, ""tol"": 1e-06}",linear,0.3,0.5,0.5,True,0,,,,,,,,0.3925,False,-0.01470588235294118,1.0,0.7643312101910827,0.9726190476190477,0.8625,0.8014440433212996,0.7147058823529412,0.9552319679070301,0.8803571428571428,,requires predict_proba,,requires predict_proba,,1.875,success,
upu,sar-pi0.3-scalesmall,102,"{""basis"": ""rbf"", ""fit_intercept"": true, ""kernel_width"": 1.0, ""loss"": ""double_hinge"", ""max_iter"": 1000, ""n_centers"": null, ""reg_lambda"": 0.001, ""tol"": 1e-06}",linear,0.3,0.5,0.5,True,0,,,,,,,,0.4,False,0.0002915451895043608,1.0,0.7499999999999999,0.9632142857142857,0.86,0.8,0.6997084548104956,0.9451589408308267,0.8809523809523809,,requires predict_proba,,requires predict_proba,,0.75,success,
upu,sar-pi0.3-scalesmall,103,"{""basis"": ""rbf"", ""fit_intercept"": true, ""kernel_width"": 1.0, ""loss"": ""double_hinge"", ""max_iter"": 1000, ""n_centers"": null, ""reg_lambda"": 0.001, ""tol"": 1e-06}",linear,0.3,0.5,0.5,True,0,,,,,,,,0.4125,False,-0.0005194805194805308,0.9857142857142858,0.7168831168831169,0.9912797619047619,0.8775,0.8280701754385965,0.7090909090909091,0.9870392654765473,0.9077380952380952,,requires predict_proba,,requires predict_proba,,1.4680000000007567,success,
upu,sar-pi0.3-scalesmall,104,"{""basis"": ""rbf"", ""fit_intercept"": true, ""kernel_width"": 1.0, ""loss"": ""double_hinge"", ""max_iter"": 1000, ""n_centers"": null, ""reg_lambda"": 0.001, ""tol"": 1e-06}",linear,0.3,0.5,0.5,True,0,,,,,,,,0.415,False,-0.0005988023952095967,1.0,0.7228915662650602,0.9849107142857143,0.86,0.8041958041958042,0.7005988023952096,0.9741705531610441,0.888095238095238,,requires predict_proba,,requires predict_proba,,1.25,success,
upu,sar-pi0.3-scalesmall,105,"{""basis"": ""rbf"", ""fit_intercept"": true, ""kernel_width"": 1.0, ""loss"": ""double_hinge"", ""max_iter"": 1000, ""n_centers"": null, ""reg_lambda"": 0.001, ""tol"": 1e-06}",linear,0.3,0.5,0.5,True,0,,,,,,,,0.4,False,-0.0038123167155424964,1.0,0.7499999999999999,0.9961904761904762,0.895,0.85,0.7038123167155426,0.9935590355634751,0.9226190476190477,,requires predict_proba,,requires predict_proba,,1.0470000000004802,success,
upu,sar-pi0.3-scalesmall,106,"{""basis"": ""rbf"", ""fit_intercept"": true, ""kernel_width"": 1.0, ""loss"": ""double_hinge"", ""max_iter"": 1000, ""n_centers"": null, ""reg_lambda"": 0.001, ""tol"": 1e-06}",linear,0.3,0.5,0.5,True,0,,,,,,,,0.4125,False,0.01516179171965526,0.9841269841269841,0.7157287157287157,0.9825595238095238,0.8675,0.8140350877192982,0.6943620178041543,0.9780191320595948,0.8958333333333333,,requires predict_proba,,requires predict_proba,,1.7340000000003783,success,
upu,sar-pi0.3-scalesmall,107,"{""basis"": ""rbf"", ""fit_intercept"": true, ""kernel_width"": 1.0, ""loss"": ""double_hinge"", ""max_iter"": 1000, ""n_centers"": null, ""reg_lambda"": 0.001, ""tol"": 1e-06}",linear,0.3,0.5,0.5,True,0,,,,,,,,0.395,False,0.0005780346820809523,1.0,0.7594936708860759,0.9874404761904761,0.885,0.8345323741007195,0.6994219653179191,0.9769665317032429,0.9083333333333333,,requires predict_proba,,requires predict_proba,,1.5,success,
upu,sar-pi0.3-scalesmall,108,"{""basis"": ""rbf"", ""fit_intercept"": true, ""kernel_width"": 1.0, ""loss"": ""double_hinge"", ""max_iter"": 1000, ""n_centers"": null, ""reg_lambda"": 0.001, ""tol"": 1e-06}",linear,0.3,0.5,0.5,True,0,,,,,,,,0.3975,False,-0.0109144542772861,1.0,0.7547169811320754,0.9873511904761905,0.8925,0.8458781362007168,0.7109144542772862,0.9828801344764319,0.9184523809523809,,requires predict_proba,,requires predict_proba,,1.514999999999418,success,
upu,sar-pi0.3-scalesmall,109,"{""basis"": ""rbf"", ""fit_intercept"": true, ""kernel_width"": 1.0, ""loss"": ""double_hinge"", ""max_iter"": 1000, ""n_centers"": null, ""reg_lambda"": 0.001, ""tol"": 1e-06}",linear,0.3,0.5,0.5,True,0,,,,,,,,0.4075,False,-0.003264094955489627,1.0,0.7361963190184049,0.9773511904761905,0.8725,0.8197879858657244,0.7032640949554896,0.9653915702197193,0.8994047619047619,,requires predict_proba,,requires predict_proba,,1.9219999999986612,success,
upu,sar-pi0.3-scalesmall,110,"{""basis"": ""rbf"", ""fit_intercept"": true, ""kernel_width"": 1.0, ""loss"": ""double_hinge"", ""max_iter"": 1000, ""n_centers"": null, ""reg_lambda"": 0.001, ""tol"": 1e-06}",linear,0.3,0.5,0.5,True,0,,,,,,,,0.4125,False,0.019570578848106757,0.9836065573770492,0.7153502235469449,0.9850000000000001,0.8775,0.8280701754385965,0.6902654867256637,0.9751522938854148,0.9077380952380952,,requires predict_proba,,requires predict_proba,,1.625,success,
upu,sar-pi0.3-scalesmall,111,"{""basis"": ""rbf"", ""fit_intercept"": true, ""kernel_width"": 1.0, ""loss"": ""double_hinge"", ""max_iter"": 1000, ""n_centers"": null, ""reg_lambda"": 0.001, ""tol"": 1e-06}",linear,0.3,0.5,0.5,True,0,,,,,,,,0.4025,False,-0.0008797653958944052,1.0,0.7453416149068323,0.9933928571428572,0.8825,0.8327402135231317,0.7008797653958945,0.9872728164355833,0.9089285714285714,,requires predict_proba,,requires predict_proba,,1.125,success,
upu,sar-pi0.3-scalesmall,112,"{""basis"": ""rbf"", ""fit_intercept"": true, ""kernel_width"": 1.0, ""loss"": ""double_hinge"", ""max_iter"": 1000, ""n_centers"": null, ""reg_lambda"": 0.001, ""tol"": 1e-06}",linear,0.3,0.5,0.5,True,0,,,,,,,,0.4175,False,0.018898809523809568,0.984375,0.7073353293413174,0.9679166666666666,0.8425,0.7804878048780488,0.6904761904761905,0.9511487239696441,0.868452380952381,,requires predict_proba,,requires predict_proba,,1.875,success,
upu,sar-pi0.3-scalesmall,113,"{""basis"": ""rbf"", ""fit_intercept"": true, ""kernel_width"": 1.0, ""loss"": ""double_hinge"", ""max_iter"": 1000, ""n_centers"": null, ""reg_lambda"": 0.001, ""tol"": 1e-06}",linear,0.3,0.5,0.5,True,0,,,,,,,,0.41,False,-0.0023809523809523725,1.0,0.7317073170731707,0.9966666666666666,0.885,0.8380281690140845,0.7023809523809523,0.9955650340994021,0.9154761904761906,,requires predict_proba,,requires predict_proba,,1.0930000000007567,success,
upu,sar-pi0.3-scalesmall,114,"{""basis"": ""rbf"", ""fit_intercept"": true, ""kernel_width"": 1.0, ""loss"": ""double_hinge"", ""max_iter"": 1000, ""n_centers"": null, ""reg_lambda"": 0.001, ""tol"": 1e-06}",linear,0.3,0.5,0.5,True,0,,,,,,,,0.4,False,0.0003249964674297279,0.9841269841269841,0.7380952380952379,0.9902380952380953,0.895,0.85,0.7091988130563798,0.9842805101070419,0.9226190476190477,,requires predict_proba,,requires predict_proba,,0.9529999999995198,success,
upu,sar-pi0.3-scalesmall,115,"{""basis"": ""rbf"", ""fit_intercept"": true, ""kernel_width"": 1.0, ""loss"": ""double_hinge"", ""max_iter"": 1000, ""n_centers"": null, ""reg_lambda"": 0.001, ""tol"": 1e-06}",linear,0.3,0.5,0.5,True,0,,,,,,,,0.39,False,-0.005202312138728293,1.0,0.7692307692307692,0.9732738095238096,0.87,0.8115942028985508,0.7052023121387283,0.9520486512201437,0.888095238095238,,requires predict_proba,,requires predict_proba,,0.9220000000004802,success,
upu,sar-pi0.3-scalesmall,116,"{""basis"": ""rbf"", ""fit_intercept"": true, ""kernel_width"": 1.0, ""loss"": ""double_hinge"", ""max_iter"": 1000, ""n_centers"": null, ""reg_lambda"": 0.001, ""tol"": 1e-06}",linear,0.3,0.5,0.5,True,0,,,,,,,,0.405,False,-0.004142011834319503,1.0,0.7407407407407407,0.9882142857142857,0.885,0.8368794326241135,0.7041420118343196,0.9799634899632922,0.9130952380952381,,requires predict_proba,,requires predict_proba,,0.8909999999996217,success,
upu,sar-pi0.3-scalesmall,117,"{""basis"": ""rbf"", ""fit_intercept"": true, ""kernel_width"": 1.0, ""loss"": ""double_hinge"", ""max_iter"": 1000, ""n_centers"": null, ""reg_lambda"": 0.001, ""tol"": 1e-06}",linear,0.3,0.5,0.5,True,0,,,,,,,,0.3975,False,-0.006744868035190588,1.0,0.7547169811320754,0.981279761904762,0.8825,0.8315412186379928,0.7067448680351907,0.9748230771945235,0.906547619047619,,requires predict_proba,,requires predict_proba,,1.6880000000001019,success,
upu,sar-pi0.3-scalesmall,118,"{""basis"": ""rbf"", ""fit_intercept"": true, ""kernel_width"": 1.0, ""loss"": ""double_hinge"", ""max_iter"": 1000, ""n_centers"": null, ""reg_lambda"": 0.001, ""tol"": 1e-06}",linear,0.3,0.5,0.5,True,0,,,,,,,,0.4075,False,0.011046511627906985,1.0,0.7361963190184049,0.9907738095238096,0.8875,0.8409893992932862,0.688953488372093,0.9834785607800103,0.9172619047619048,,requires predict_proba,,requires predict_proba,,1.640000000001237,success,
upu,sar-pi0.3-scalesmall,119,"{""basis"": ""rbf"", ""fit_intercept"": true, ""kernel_width"": 1.0, ""loss"": ""double_hinge"", ""max_iter"": 1000, ""n_centers"": null, ""reg_lambda"": 0.001, ""tol"": 1e-06}",linear,0.3,0.5,0.5,True,0,,,,,,,,0.41,False,-0.0023809523809523725,1.0,0.7317073170731707,0.9929761904761905,0.885,0.8380281690140845,0.7023809523809523,0.9899768763310871,0.9154761904761906,,requires predict_proba,,requires predict_proba,,0.9529999999995198,success,
upu,sar-pi0.3-scalemid,100,"{""basis"": ""rbf"", ""fit_intercept"": true, ""kernel_width"": 1.0, ""loss"": ""double_hinge"", ""max_iter"": 1000, ""n_centers"": null, ""reg_lambda"": 0.001, ""tol"": 1e-06}",linear,0.3,0.5,0.5,True,0,,,,,,,,0.4025,False,-0.003302542948450282,0.996742671009772,0.7429137920569728,0.9873630952380953,0.8765,0.8241992882562278,0.7052569403425871,0.9803042144776098,0.9017857142857142,,requires predict_proba,,requires predict_proba,,1.3289999999997235,success,
upu,sar-pi0.3-scalemid,101,"{""basis"": ""rbf"", ""fit_intercept"": true, ""kernel_width"": 1.0, ""loss"": ""double_hinge"", ""max_iter"": 1000, ""n_centers"": null, ""reg_lambda"": 0.001, ""tol"": 1e-06}",linear,0.3,0.5,0.5,True,0,,,,,,,,0.3985,False,-0.00104895104895103,1.0,0.7528230865746549,0.9969297619047619,0.8985,0.854688618468146,0.701048951048951,0.9941535257802139,0.9260714285714285,,requires predict_proba,,requires predict_proba,,1.8279999999995198,success,
upu,sar-pi0.3-scalemid,102,"{""basis"": ""rbf"", ""fit_intercept"": true, ""kernel_width"": 1.0, ""loss"": ""double_hinge"", ""max_iter"": 1000, ""n_centers"": null, ""reg_lambda"": 0.001, ""tol"": 1e-06}",linear,0.3,0.5,0.5,True,0,,,,,,,,0.409,False,-0.0014836795252225476,1.0,0.7334963325183375,0.9964238095238096,0.888,0.842031029619182,0.7014836795252225,0.9931724610214836,0.9185714285714286,,requires predict_proba,,requires predict_proba,,0.9380000000001019,success,
upu,sar-pi0.3-scalemid,103,"{""basis"": ""rbf"", ""fit_intercept"": true, ""kernel_width"": 1.0, ""loss"": ""double_hinge"", ""max_iter"": 1000, ""n_centers"": null, ""reg_lambda"": 0.001, ""tol"": 1e-06}",linear,0.3,0.5,0.5,True,0,,,,,,,,0.3955,False,-0.0066043249561659745,1.0,0.7585335018963337,0.996102380952381,0.9025,0.8598130841121495,0.706604324956166,0.994554113931745,0.9294047619047618,,requires predict_proba,,requires predict_proba,,0.9380000000001019,success,
upu,sar-pi0.3-scalemid,104,"{""basis"": ""rbf"", ""fit_intercept"": true, ""kernel_width"": 1.0, ""loss"": ""double_hinge"", ""max_iter"": 1000, ""n_centers"": null, ""reg_lambda"": 0.001, ""tol"": 1e-06}",linear,0.3,0.5,0.5,True,0,,,,,,,,0.4005,False,-0.001024616165461234,0.9966216216216216,0.7465330499038363,0.9936440476190477,0.8905,0.8436830835117773,0.7030516431924883,0.9883149166780826,0.9175,,requires predict_proba,,requires predict_proba,,1.1869999999998981,success,
upu,sar-pi0.3-scalemid,105,"{""basis"": ""rbf"", ""fit_intercept"": true, ""kernel_width"": 1.0, ""loss"": ""double_hinge"", ""max_iter"": 1000, ""n_centers"": null, ""reg_lambda"": 0.001, ""tol"": 1e-06}",linear,0.3,0.5,0.5,True,0,,,,,,,,0.4005,False,-0.0015798712697484008,1.0,0.749063670411985,0.9951440476190476,0.8945,0.8493932905067809,0.7015798712697484,0.992127647059203,0.9222619047619047,,requires predict_proba,,requires predict_proba,,1.2030000000013388,success,
upu,sar-pi0.3-scalemid,106,"{""basis"": ""rbf"", ""fit_intercept"": true, ""kernel_width"": 1.0, ""loss"": ""double_hinge"", ""max_iter"": 1000, ""n_centers"": null, ""reg_lambda"": 0.001, ""tol"": 1e-06}",linear,0.3,0.5,0.5,True,0,,,,,,,,0.403,False,-0.002711875494227023,0.996742671009772,0.7419920627864307,0.9899797619047619,0.885,0.8364153627311522,0.7046662728883638,0.9859834412340225,0.9121428571428571,,requires predict_proba,,requires predict_proba,,1.5619999999998981,success,
upu,sar-pi0.3-scalemid,107,"{""basis"": ""rbf"", ""fit_intercept"": true, ""kernel_width"": 1.0, ""loss"": ""double_hinge"", ""max_iter"": 1000, ""n_centers"": null, ""reg_lambda"": 0.001, ""tol"": 1e-06}",linear,0.3,0.5,0.5,True,0,,,,,,,,0.4025,False,0.004238602650466439,0.9965397923875432,0.7427625781770507,0.9886857142857143,0.8825,0.8327402135231317,0.6978375219170077,0.9827443719819297,0.9089285714285714,,requires predict_proba,,requires predict_proba,,1.2029999999995198,success,
upu,sar-pi0.3-scalemid,108,"{""basis"": ""rbf"", ""fit_intercept"": true, ""kernel_width"": 1.0, ""loss"": ""double_hinge"", ""max_iter"": 1000, ""n_centers"": null, ""reg_lambda"": 0.001, ""tol"": 1e-06}",linear,0.3,0.5,0.5,True,0,,,,,,,,0.4055,False,0.0005882352941176672,1.0,0.7398273736128236,0.992272619047619,0.8835,0.8348688873139617,0.6994117647058824,0.9883821246498159,0.911547619047619,,requires predict_proba,,requires predict_proba,,1.2190000000009604,success,
upu,sar-pi0.3-scalemid,109,"{""basis"": ""rbf"", ""fit_intercept"": true, ""kernel_width"": 1.0, ""loss"": ""double_hinge"", ""max_iter"": 1000, ""n_centers"": null, ""reg_lambda"": 0.001, ""tol"": 1e-06}",linear,0.3,0.5,0.5,True,0,,,,,,,,0.406,False,-0.0004313800343576646,0.9967741935483871,0.7365326553313204,0.989954761904762,0.881,0.8314447592067988,0.7023668639053254,0.9870706717151402,0.9088095238095238,,requires predict_proba,,requires predict_proba,,1.6089999999985594,success,
upu,sar-pi0.3-scalemid,110,"{""basis"": ""rbf"", ""fit_intercept"": true, ""kernel_width"": 1.0, ""loss"": ""double_hinge"", ""max_iter"": 1000, ""n_centers"": null, ""reg_lambda"": 0.001, ""tol"": 1e-06}",linear,0.3,0.5,0.5,True,0,,,,,,,,0.3975,False,-0.0022144522144522116,1.0,0.7547169811320754,0.9938690476190476,0.8955,0.850179211469534,0.7022144522144522,0.9907887642882751,0.9220238095238096,,requires predict_proba,,requires predict_proba,,1.2810000000008586,success,
upu,sar-pi0.3-scalemid,111,"{""basis"": ""rbf"", ""fit_intercept"": true, ""kernel_width"": 1.0, ""loss"": ""double_hinge"", ""max_iter"": 1000, ""n_centers"": null, ""reg_lambda"": 0.001, ""tol"": 1e-06}",linear,0.3,0.5,0.5,True,0,,,,,,,,0.4075,False,0.0033509700176366786,1.0,0.7361963190184049,0.9949166666666667,0.8865,0.8395759717314487,0.6966490299823633,0.9917929614270112,0.9160714285714286,,requires predict_proba,,requires predict_proba,,1.2189999999991414,success,
upu,sar-pi0.3-scalemid,112,"{""basis"": ""rbf"", ""fit_intercept"": true, ""kernel_width"": 1.0, ""loss"": ""double_hinge"", ""max_iter"": 1000, ""n_centers"": null, ""reg_lambda"": 0.001, ""tol"": 1e-06}",linear,0.3,0.5,0.5,True,0,,,,,,,,0.404,False,0.001698886936145283,1.0,0.7425742574257425,0.9963214285714286,0.89,0.84375,0.6983011130638547,0.993884387115983,0.9185714285714286,,requires predict_proba,,requires predict_proba,,1.5630000000001019,success,
upu,sar-pi0.3-scalemid,113,"{""basis"": ""rbf"", ""fit_intercept"": true, ""kernel_width"": 1.0, ""loss"": ""double_hinge"", ""max_iter"": 1000, ""n_centers"": null, ""reg_lambda"": 0.001, ""tol"": 1e-06}",linear,0.3,0.5,0.5,True,0,,,,,,,,0.4045,False,0.0028359845109188764,0.9966442953020134,0.7391675861325191,0.9922619047619047,0.8885,0.8417317246273953,0.699177438307873,0.9872253388403069,0.9170238095238095,,requires predict_proba,,requires predict_proba,,1.1409999999996217,success,
upu,sar-pi0.3-scalemid,114,"{""basis"": ""rbf"", ""fit_intercept"": true, ""kernel_width"": 1.0, ""loss"": ""double_hinge"", ""max_iter"": 1000, ""n_centers"": null, ""reg_lambda"": 0.001, ""tol"": 1e-06}",linear,0.3,0.5,0.5,True,0,,,,,,,,0.407,False,-0.0026066350710900466,1.0,0.7371007371007371,0.9870785714285715,0.875,0.8231966053748232,0.70260663507109,0.9815677300814378,0.9021428571428571,,requires predict_proba,,requires predict_proba,,1.5619999999998981,success,
upu,sar-pi0.3-scalemid,115,"{""basis"": ""rbf"", ""fit_intercept"": true, ""kernel_width"": 1.0, ""loss"": ""double_hinge"", ""max_iter"": 1000, ""n_centers"": null, ""reg_lambda"": 0.001, ""tol"": 1e-06}",linear,0.3,0.5,0.5,True,0,,,,,,,,0.4065,False,0.0001179245283018937,1.0,0.7380073800738007,0.9899226190476191,0.8805,0.8308563340410474,0.6998820754716981,0.9851038375907724,0.908452380952381,,requires predict_proba,,requires predict_proba,,1.0619999999998981,success,
upu,sar-pi0.3-scalemid,116,"{""basis"": ""rbf"", ""fit_intercept"": true, ""kernel_width"": 1.0, ""loss"": ""double_hinge"", ""max_iter"": 1000, ""n_centers"": null, ""reg_lambda"": 0.001, ""tol"": 1e-06}",linear,0.3,0.5,0.5,True,0,,,,,,,,0.406,False,-0.003374777975133192,1.0,0.7389162561576353,0.9982166666666668,0.893,0.8484419263456091,0.7033747779751333,0.9966354958760074,0.9230952380952381,,requires predict_proba,,requires predict_proba,,1.4690000000009604,success,
upu,sar-pi0.3-scalemid,117,"{""basis"": ""rbf"", ""fit_intercept"": true, ""kernel_width"": 1.0, ""loss"": ""double_hinge"", ""max_iter"": 1000, ""n_centers"": null, ""reg_lambda"": 0.001, ""tol"": 1e-06}",linear,0.3,0.5,0.5,True,0,,,,,,,,0.4135,False,0.00011933174224343368,1.0,0.7255139056831923,0.9922988095238096,0.8765,0.8269096005606167,0.6998806682577565,0.9878343800407641,0.9070238095238095,,requires predict_proba,,requires predict_proba,,1.2340000000003783,success,
upu,sar-pi0.3-scalemid,118,"{""basis"": ""rbf"", ""fit_intercept"": true, ""kernel_width"": 1.0, ""loss"": ""double_hinge"", ""max_iter"": 1000, ""n_centers"": null, ""reg_lambda"": 0.001, ""tol"": 1e-06}",linear,0.3,0.5,0.5,True,0,,,,,,,,0.401,False,0.0008175530989641411,0.9965870307167235,0.745576332207025,0.9941142857142857,0.892,0.8459343794579173,0.7012302284710018,0.9905917819264649,0.9195238095238095,,requires predict_proba,,requires predict_proba,,1.3430000000007567,success,
upu,sar-pi0.3-scalemid,119,"{""basis"": ""rbf"", ""fit_intercept"": true, ""kernel_width"": 1.0, ""loss"": ""double_hinge"", ""max_iter"": 1000, ""n_centers"": null, ""reg_lambda"": 0.001, ""tol"": 1e-06}",linear,0.3,0.5,0.5,True,0,,,,,,,,0.4015,False,-0.0028772753963593467,1.0,0.74719800747198,0.9952107142857143,0.8925,0.8467569493941554,0.7028772753963594,0.9921943634510678,0.9203571428571429,,requires predict_proba,,requires predict_proba,,1.6090000000003783,success,
upu,sar-pi0.5-scalesmall,100,"{""basis"": ""rbf"", ""fit_intercept"": true, ""kernel_width"": 1.0, ""loss"": ""double_hinge"", ""max_iter"": 1000, ""n_centers"": null, ""reg_lambda"": 0.001, ""tol"": 1e-06}",linear,0.5,0.5,0.5,True,0,,,,,,,,0.6125,False,0.012607133966357265,0.989010989010989,0.8073559093967257,0.96155,0.8375,0.8539325842696629,0.49838187702265374,0.97112039905122,0.8374999999999999,,requires predict_proba,,requires predict_proba,,1.734999999998763,success,
upu,sar-pi0.5-scalesmall,101,"{""basis"": ""rbf"", ""fit_intercept"": true, ""kernel_width"": 1.0, ""loss"": ""double_hinge"", ""max_iter"": 1000, ""n_centers"": null, ""reg_lambda"": 0.001, ""tol"": 1e-06}",linear,0.5,0.5,0.5,True,0,,,,,,,,0.6175,False,-0.004950495049504955,1.0,0.8097165991902834,0.970875,0.8375,0.854586129753915,0.504950495049505,0.9763305546589359,0.8374999999999999,,requires predict_proba,,requires predict_proba,,1.1880000000001019,success,
upu,sar-pi0.5-scalesmall,102,"{""basis"": ""rbf"", ""fit_intercept"": true, ""kernel_width"": 1.0, ""loss"": ""double_hinge"", ""max_iter"": 1000, ""n_centers"": null, ""reg_lambda"": 0.001, ""tol"": 1e-06}",linear,0.5,0.5,0.5,True,0,,,,,,,,0.6125,False,0.009124023676928994,0.989247311827957,0.8075488259820056,0.9519749999999999,0.8225,0.8404494382022472,0.501628664495114,0.9619917218720502,0.8225,,requires predict_proba,,requires predict_proba,,1.4219999999986612,success,
upu,sar-pi0.5-scalesmall,103,"{""basis"": ""rbf"", ""fit_intercept"": true, ""kernel_width"": 1.0, ""loss"": ""double_hinge"", ""max_iter"": 1000, ""n_centers"": null, ""reg_lambda"": 0.001, ""tol"": 1e-06}",linear,0.5,0.5,0.5,True,0,,,,,,,,0.6375,False,0.0,1.0,0.7843137254901962,0.9859,0.8525,0.8703296703296703,0.5,0.9879877009865166,0.8525,,requires predict_proba,,requires predict_proba,,1.2659999999996217,success,
upu,sar-pi0.5-scalesmall,104,"{""basis"": ""rbf"", ""fit_intercept"": true, ""kernel_width"": 1.0, ""loss"": ""double_hinge"", ""max_iter"": 1000, ""n_centers"": null, ""reg_lambda"": 0.001, ""tol"": 1e-06}",linear,0.5,0.5,0.5,True,0,,,,,,,,0.6275,False,0.014917712507036662,0.9900990099009901,0.7889235138653308,0.9678,0.8275,0.8470066518847007,0.49498327759197325,0.9747273750832726,0.8274999999999999,,requires predict_proba,,requires predict_proba,,1.5939999999991414,success,
upu,sar-pi0.5-scalesmall,105,"{""basis"": ""rbf"", ""fit_intercept"": true, ""kernel_width"": 1.0, ""loss"": ""double_hinge"", ""max_iter"": 1000, ""n_centers"": null, ""reg_lambda"": 0.001, ""tol"": 1e-06}",linear,0.5,0.5,0.5,True,0,,,,,,,,0.63,False,0.00666666666666671,1.0,0.7936507936507936,0.9957,0.865,0.8805309734513275,0.49333333333333335,0.9964671311892276,0.865,,requires predict_proba,,requires predict_proba,,1.75,success,
upu,sar-pi0.5-scalesmall,106,"{""basis"": ""rbf"", ""fit_intercept"": true, ""kernel_width"": 1.0, ""loss"": ""double_hinge"", ""max_iter"": 1000, ""n_centers"": null, ""reg_lambda"": 0.001, ""tol"": 1e-06}",linear,0.5,0.5,0.5,True,0,,,,,,,,0.6275,False,0.0066225165562914245,1.0,0.7968127490039841,0.972275,0.8425,0.8603104212860311,0.49337748344370863,0.9790128188862046,0.8425,,requires predict_proba,,requires predict_proba,,2.125,success,
upu,sar-pi0.5-scalesmall,107,"{""basis"": ""rbf"", ""fit_intercept"": true, ""kernel_width"": 1.0, ""loss"": ""double_hinge"", ""max_iter"": 1000, ""n_centers"": null, ""reg_lambda"": 0.001, ""tol"": 1e-06}",linear,0.5,0.5,0.5,True,0,,,,,,,,0.6125,False,0.026832390910060844,0.978021978021978,0.7983852881812065,0.965125,0.8425,0.8584269662921349,0.49514563106796117,0.9715140144246299,0.8425,,requires predict_proba,,requires predict_proba,,1.0159999999996217,success,
upu,sar-pi0.5-scalesmall,108,"{""basis"": ""rbf"", ""fit_intercept"": true, ""kernel_width"": 1.0, ""loss"": ""double_hinge"", ""max_iter"": 1000, ""n_centers"": null, ""reg_lambda"": 0.001, ""tol"": 1e-06}",linear,0.5,0.5,0.5,True,0,,,,,,,,0.625,False,0.0033112582781457123,1.0,0.8,0.98895,0.87,0.8844444444444445,0.4966887417218543,0.9914067784681136,0.87,,requires predict_proba,,requires predict_proba,,1.6710000000002765,success,
upu,sar-pi0.5-scalesmall,109,"{""basis"": ""rbf"", ""fit_intercept"": true, ""kernel_width"": 1.0, ""loss"": ""double_hinge"", ""max_iter"": 1000, ""n_centers"": null, ""reg_lambda"": 0.001, ""tol"": 1e-06}",linear,0.5,0.5,0.5,True,0,,,,,,,,0.6225,False,0.011762139669116323,0.98989898989899,0.7950995902803132,0.95505,0.8275,0.8463251670378619,0.4983388704318937,0.9653107390772292,0.8274999999999999,,requires predict_proba,,requires predict_proba,,1.4060000000008586,success,
upu,sar-pi0.5-scalesmall,110,"{""basis"": ""rbf"", ""fit_intercept"": true, ""kernel_width"": 1.0, ""loss"": ""double_hinge"", ""max_iter"": 1000, ""n_centers"": null, ""reg_lambda"": 0.001, ""tol"": 1e-06}",linear,0.5,0.5,0.5,True,0,,,,,,,,0.6325,False,0.014608555286521385,0.9904761904761905,0.7829851308112179,0.9894499999999999,0.8525,0.869757174392936,0.49491525423728816,0.9911335975674697,0.8525,,requires predict_proba,,requires predict_proba,,1.5319999999992433,success,
upu,sar-pi0.5-scalesmall,111,"{""basis"": ""rbf"", ""fit_intercept"": true, ""kernel_width"": 1.0, ""loss"": ""double_hinge"", ""max_iter"": 1000, ""n_centers"": null, ""reg_lambda"": 0.001, ""tol"": 1e-06}",linear,0.5,0.5,0.5,True,0,,,,,,,,0.625,False,-0.0033557046979865723,1.0,0.8,0.9832,0.85,0.8666666666666667,0.5033557046979866,0.98676691547598,0.85,,requires predict_proba,,requires predict_proba,,1.5,success,
upu,sar-pi0.5-scalesmall,112,"{""basis"": ""rbf"", ""fit_intercept"": true, ""kernel_width"": 1.0, ""loss"": ""double_hinge"", ""max_iter"": 1000, ""n_centers"": null, ""reg_lambda"": 0.001, ""tol"": 1e-06}",linear,0.5,0.5,0.5,True,0,,,,,,,,0.6275,False,-0.008532423208191142,1.0,0.7968127490039841,0.9674,0.8375,0.8558758314855875,0.5085324232081911,0.9721308850243501,0.8374999999999999,,requires predict_proba,,requires predict_proba,,0.75,success,
upu,sar-pi0.5-scalesmall,113,"{""basis"": ""rbf"", ""fit_intercept"": true, ""kernel_width"": 1.0, ""loss"": ""double_hinge"", ""max_iter"": 1000, ""n_centers"": null, ""reg_lambda"": 0.001, ""tol"": 1e-06}",linear,0.5,0.5,0.5,True,0,,,,,,,,0.635,False,0.030912025827280143,0.9809523809523809,0.7724034495688038,0.986275,0.845,0.8634361233480177,0.488135593220339,0.989189416095324,0.845,,requires predict_proba,,requires predict_proba,,1.7190000000009604,success,
upu,sar-pi0.5-scalesmall,114,"{""basis"": ""rbf"", ""fit_intercept"": true, ""kernel_width"": 1.0, ""loss"": ""double_hinge"", ""max_iter"": 1000, ""n_centers"": null, ""reg_lambda"": 0.001, ""tol"": 1e-06}",linear,0.5,0.5,0.5,True,0,,,,,,,,0.6325,False,0.014608555286521385,0.9904761904761905,0.7829851308112179,0.9808499999999999,0.8475,0.8653421633554084,0.49491525423728816,0.9842082240879003,0.8474999999999999,,requires predict_proba,,requires predict_proba,,1.625,success,
upu,sar-pi0.5-scalesmall,115,"{""basis"": ""rbf"", ""fit_intercept"": true, ""kernel_width"": 1.0, ""loss"": ""double_hinge"", ""max_iter"": 1000, ""n_centers"": null, ""reg_lambda"": 0.001, ""tol"": 1e-06}",linear,0.5,0.5,0.5,True,0,,,,,,,,0.62,False,0.00649350649350644,1.0,0.8064516129032259,0.9604250000000001,0.825,0.84375,0.4935064935064935,0.9668779583434379,0.825,,requires predict_proba,,requires predict_proba,,1.75,success,
upu,sar-pi0.5-scalesmall,116,"{""basis"": ""rbf"", ""fit_intercept"": true, ""kernel_width"": 1.0, ""loss"": ""double_hinge"", ""max_iter"": 1000, ""n_centers"": null, ""reg_lambda"": 0.001, ""tol"": 1e-06}",linear,0.5,0.5,0.5,True,0,,,,,,,,0.625,False,-0.0033557046979865723,1.0,0.8,0.985625,0.865,0.88,0.5033557046979866,0.9874406045773416,0.865,,requires predict_proba,,requires predict_proba,,1.5940000000009604,success,
upu,sar-pi0.5-scalesmall,117,"{""basis"": ""rbf"", ""fit_intercept"": true, ""kernel_width"": 1.0, ""loss"": ""double_hinge"", ""max_iter"": 1000, ""n_centers"": null, ""reg_lambda"": 0.001, ""tol"": 1e-06}",linear,0.5,0.5,0.5,True,0,,,,,,,,0.625,False,0.004950495049504955,1.0,0.8,0.965,0.83,0.8488888888888889,0.49504950495049505,0.9743591479396948,0.83,,requires predict_proba,,requires predict_proba,,1.6560000000008586,success,
upu,sar-pi0.5-scalesmall,118,"{""basis"": ""rbf"", ""fit_intercept"": true, ""kernel_width"": 1.0, ""loss"": ""double_hinge"", ""max_iter"": 1000, ""n_centers"": null, ""reg_lambda"": 0.001, ""tol"": 1e-06}",linear,0.5,0.5,0.5,True,0,,,,,,,,0.6125,False,-0.004885993485342022,1.0,0.8163265306122448,0.99395,0.8825,0.8943820224719101,0.504885993485342,0.9951379042007871,0.8825000000000001,,requires predict_proba,,requires predict_proba,,1.2339999999985594,success,
upu,sar-pi0.5-scalesmall,119,"{""basis"": ""rbf"", ""fit_intercept"": true, ""kernel_width"": 1.0, ""loss"": ""double_hinge"", ""max_iter"": 1000, ""n_centers"": null, ""reg_lambda"": 0.001, ""tol"": 1e-06}",linear,0.5,0.5,0.5,True,0,,,,,,,,0.6175,False,0.0,1.0,0.8097165991902834,0.98085,0.8625,0.8769574944071589,0.5,0.9847994595147334,0.8625,,requires predict_proba,,requires predict_proba,,0.625,success,
upu,sar-pi0.5-scalemid,100,"{""basis"": ""rbf"", ""fit_intercept"": true, ""kernel_width"": 1.0, ""loss"": ""double_hinge"", ""max_iter"": 1000, ""n_centers"": null, ""reg_lambda"": 0.001, ""tol"": 1e-06}",linear,0.5,0.5,0.5,True,0,,,,,,,,0.6235,False,0.0046946829733715,0.9979508196721312,0.8002813309319415,0.9823259999999999,0.8505,0.8669336893635959,0.4973544973544973,0.9859783780124376,0.8505,,requires predict_proba,,requires predict_proba,,1.764999999999418,success,
upu,sar-pi0.5-scalemid,101,"{""basis"": ""rbf"", ""fit_intercept"": true, ""kernel_width"": 1.0, ""loss"": ""double_hinge"", ""max_iter"": 1000, ""n_centers"": null, ""reg_lambda"": 0.001, ""tol"": 1e-06}",linear,0.5,0.5,0.5,True,0,,,,,,,,0.621,False,0.0,1.0,0.8051529790660226,0.990795,0.869,0.8831400535236396,0.5,0.9925782078695133,0.869,,requires predict_proba,,requires predict_proba,,1.1720000000004802,success,
upu,sar-pi0.5-scalemid,102,"{""basis"": ""rbf"", ""fit_intercept"": true, ""kernel_width"": 1.0, ""loss"": ""double_hinge"", ""max_iter"": 1000, ""n_centers"": null, ""reg_lambda"": 0.001, ""tol"": 1e-06}",linear,0.5,0.5,0.5,True,0,,,,,,,,0.6265,False,-0.00303030303030305,1.0,0.7980845969672786,0.990282,0.8615,0.8770528184642699,0.503030303030303,0.9920138781024576,0.8614999999999999,,requires predict_proba,,requires predict_proba,,1.639999999999418,success,
upu,sar-pi0.5-scalemid,103,"{""basis"": ""rbf"", ""fit_intercept"": true, ""kernel_width"": 1.0, ""loss"": ""double_hinge"", ""max_iter"": 1000, ""n_centers"": null, ""reg_lambda"": 0.001, ""tol"": 1e-06}",linear,0.5,0.5,0.5,True,0,,,,,,,,0.6165,False,-0.0026212319790301364,1.0,0.8110300081103,0.987624,0.8655,0.8795342588446037,0.5026212319790302,0.9903438082841113,0.8654999999999999,,requires predict_proba,,requires predict_proba,,1.5,success,
upu,sar-pi0.5-scalemid,104,"{""basis"": ""rbf"", ""fit_intercept"": true, ""kernel_width"": 1.0, ""loss"": ""double_hinge"", ""max_iter"": 1000, ""n_centers"": null, ""reg_lambda"": 0.001, ""tol"": 1e-06}",linear,0.5,0.5,0.5,True,0,,,,,,,,0.621,False,0.005089837687815235,0.9939148073022313,0.8002534680372232,0.98587,0.86,0.8751115075825157,0.5009953550099535,0.9888350132489454,0.86,,requires predict_proba,,requires predict_proba,,1.4539999999997235,success,
upu,sar-pi0.5-scalemid,105,"{""basis"": ""rbf"", ""fit_intercept"": true, ""kernel_width"": 1.0, ""loss"": ""double_hinge"", ""max_iter"": 1000, ""n_centers"": null, ""reg_lambda"": 0.001, ""tol"": 1e-06}",linear,0.5,0.5,0.5,True,0,,,,,,,,0.6255,False,-0.0006684491978609652,1.0,0.7993605115907275,0.992871,0.8685,0.8831630386494891,0.5006684491978609,0.9936765101925069,0.8685,,requires predict_proba,,requires predict_proba,,1.4380000000001019,success,
upu,sar-pi0.5-scalemid,106,"{""basis"": ""rbf"", ""fit_intercept"": true, ""kernel_width"": 1.0, ""loss"": ""double_hinge"", ""max_iter"": 1000, ""n_centers"": null, ""reg_lambda"": 0.001, ""tol"": 1e-06}",linear,0.5,0.5,0.5,True,0,,,,,,,,0.628,False,0.003979227797597629,0.9980314960629921,0.7946110637444205,0.984945,0.852,0.8687943262411347,0.4979892761394102,0.9889921809925402,0.852,,requires predict_proba,,requires predict_proba,,1.3119999999998981,success,
upu,sar-pi0.5-scalemid,107,"{""basis"": ""rbf"", ""fit_intercept"": true, ""kernel_width"": 1.0, ""loss"": ""double_hinge"", ""max_iter"": 1000, ""n_centers"": null, ""reg_lambda"": 0.001, ""tol"": 1e-06}",linear,0.5,0.5,0.5,True,0,,,,,,,,0.618,False,-0.0015685073662005666,0.9979381443298969,0.8073933206552564,0.986584,0.863,0.8774597495527728,0.5036303630363036,0.9894489109934138,0.863,,requires predict_proba,,requires predict_proba,,1.4839999999985594,success,
upu,sar-pi0.5-scalemid,108,"{""basis"": ""rbf"", ""fit_intercept"": true, ""kernel_width"": 1.0, ""loss"": ""double_hinge"", ""max_iter"": 1000, ""n_centers"": null, ""reg_lambda"": 0.001, ""tol"": 1e-06}",linear,0.5,0.5,0.5,True,0,,,,,,,,0.6275,False,0.002292742998558195,0.9980430528375733,0.7952534285558354,0.9912569999999999,0.8615,0.8771618625277162,0.49966420416386836,0.9928582129708279,0.8614999999999999,,requires predict_proba,,requires predict_proba,,1.4060000000008586,success,
upu,sar-pi0.5-scalemid,109,"{""basis"": ""rbf"", ""fit_intercept"": true, ""kernel_width"": 1.0, ""loss"": ""double_hinge"", ""max_iter"": 1000, ""n_centers"": null, ""reg_lambda"": 0.001, ""tol"": 1e-06}",linear,0.5,0.5,0.5,True,0,,,,,,,,0.6305,False,0.006658770890906718,0.9980392156862745,0.7914664676338419,0.993687,0.8605,0.8766032728881026,0.49530201342281877,0.9953021254146351,0.8605,,requires predict_proba,,requires predict_proba,,1.0159999999996217,success,
upu,sar-pi0.5-scalemid,110,"{""basis"": ""rbf"", ""fit_intercept"": true, ""kernel_width"": 1.0, ""loss"": ""double_hinge"", ""max_iter"": 1000, ""n_centers"": null, ""reg_lambda"": 0.001, ""tol"": 1e-06}",linear,0.5,0.5,0.5,True,0,,,,,,,,0.617,False,-0.0008708972094230161,0.9979123173277662,0.8086809702818203,0.99015,0.873,0.8863025962399284,0.5029585798816568,0.9919270388868503,0.873,,requires predict_proba,,requires predict_proba,,1.1880000000001019,success,
upu,sar-pi0.5-scalemid,111,"{""basis"": ""rbf"", ""fit_intercept"": true, ""kernel_width"": 1.0, ""loss"": ""double_hinge"", ""max_iter"": 1000, ""n_centers"": null, ""reg_lambda"": 0.001, ""tol"": 1e-06}",linear,0.5,0.5,0.5,True,0,,,,,,,,0.633,False,0.005057316250842936,1.0,0.7898894154818326,0.9886579999999999,0.853,0.8702559576345984,0.4949426837491571,0.9906721367145057,0.853,,requires predict_proba,,requires predict_proba,,1.4060000000008586,success,
upu,sar-pi0.5-scalemid,112,"{""basis"": ""rbf"", ""fit_intercept"": true, ""kernel_width"": 1.0, ""loss"": ""double_hinge"", ""max_iter"": 1000, ""n_centers"": null, ""reg_lambda"": 0.001, ""tol"": 1e-06}",linear,0.5,0.5,0.5,True,0,,,,,,,,0.6255,False,0.004675703500343187,0.9979838709677419,0.7977488976560687,0.985743,0.8555,0.8716126166148378,0.4973404255319149,0.9887230994256687,0.8554999999999999,,requires predict_proba,,requires predict_proba,,1.1569999999992433,success,
upu,sar-pi0.5-scalemid,113,"{""basis"": ""rbf"", ""fit_intercept"": true, ""kernel_width"": 1.0, ""loss"": ""double_hinge"", ""max_iter"": 1000, ""n_centers"": null, ""reg_lambda"": 0.001, ""tol"": 1e-06}",linear,0.5,0.5,0.5,True,0,,,,,,,,0.623,False,0.002666666666666595,0.996,0.7993579454253612,0.9849450000000001,0.86,0.8753339269813001,0.5013333333333333,0.9875269817426607,0.86,,requires predict_proba,,requires predict_proba,,1.4069999999992433,success,
upu,sar-pi0.5-scalemid,114,"{""basis"": ""rbf"", ""fit_intercept"": true, ""kernel_width"": 1.0, ""loss"": ""double_hinge"", ""max_iter"": 1000, ""n_centers"": null, ""reg_lambda"": 0.001, ""tol"": 1e-06}",linear,0.5,0.5,0.5,True,0,,,,,,,,0.625,False,0.003003341793513692,0.9979959919839679,0.7983967935871743,0.9838889999999999,0.849,0.8657777777777778,0.4990006662225183,0.9881002170037917,0.849,,requires predict_proba,,requires predict_proba,,1.2810000000008586,success,
upu,sar-pi0.5-scalemid,115,"{""basis"": ""rbf"", ""fit_intercept"": true, ""kernel_width"": 1.0, ""loss"": ""double_hinge"", ""max_iter"": 1000, ""n_centers"": null, ""reg_lambda"": 0.001, ""tol"": 1e-06}",linear,0.5,0.5,0.5,True,0,,,,,,,,0.6235,False,0.0033333333333332993,0.996,0.7987169206094626,0.980303,0.8525,0.8687138406764575,0.5006666666666667,0.9847701673017419,0.8525,,requires predict_proba,,requires predict_proba,,1.1720000000004802,success,
upu,sar-pi0.5-scalemid,116,"{""basis"": ""rbf"", ""fit_intercept"": true, ""kernel_width"": 1.0, ""loss"": ""double_hinge"", ""max_iter"": 1000, ""n_centers"": null, ""reg_lambda"": 0.001, ""tol"": 1e-06}",linear,0.5,0.5,0.5,True,0,,,,,,,,0.626,False,0.0013333333333332975,1.0,0.7987220447284346,0.995248,0.869,0.8836589698046181,0.49866666666666665,0.9962621593460117,0.869,,requires predict_proba,,requires predict_proba,,1.5779999999995198,success,
upu,sar-pi0.5-scalemid,117,"{""basis"": ""rbf"", ""fit_intercept"": true, ""kernel_width"": 1.0, ""loss"": ""double_hinge"", ""max_iter"": 1000, ""n_centers"": null, ""reg_lambda"": 0.001, ""tol"": 1e-06}",linear,0.5,0.5,0.5,True,0,,,,,,,,0.6285,False,0.003515954824046097,0.9961464354527938,0.7924792644811407,0.985523,0.8565,0.872840053167922,0.50033760972316,0.9886009726434298,0.8565,,requires predict_proba,,requires predict_proba,,1.5159999999996217,success,
upu,sar-pi0.5-scalemid,118,"{""basis"": ""rbf"", ""fit_intercept"": true, ""kernel_width"": 1.0, ""loss"": ""double_hinge"", ""max_iter"": 1000, ""n_centers"": null, ""reg_lambda"": 0.001, ""tol"": 1e-06}",linear,0.5,0.5,0.5,True,0,,,,,,,,0.625,False,0.0016540702345712033,0.9980119284294234,0.7984095427435387,0.984944,0.853,0.8693333333333333,0.5003340013360054,0.9880054775331469,0.853,,requires predict_proba,,requires predict_proba,,1.5310000000008586,success,
upu,sar-pi0.5-scalemid,119,"{""basis"": ""rbf"", ""fit_intercept"": true, ""kernel_width"": 1.0, ""loss"": ""double_hinge"", ""max_iter"": 1000, ""n_centers"": null, ""reg_lambda"": 0.001, ""tol"": 1e-06}",linear,0.5,0.5,0.5,True,0,,,,,,,,0.6205,False,0.002757129341802944,0.9959183673469387,0.8025127859362923,0.9922150000000001,0.8695,0.8835341365461847,0.5013245033112583,0.9940244493989259,0.8694999999999999,,requires predict_proba,,requires predict_proba,,1.4060000000008586,success,
