algorithm,scenario,seed,params,mechanism,class_prior,label_frequency,real_h,pi_h_well_conditioned,warning_count,diag_converged,diag_n_iter,diag_c_estimate,diag_cond_number,diag_correction_fraction,diag_n_epochs,diag_n_acs_iter,pred_positive_rate,degenerate_prediction,pu_zero_one_risk,pu_recall,pu_estimated_precision,pu_auc_roc,pu_accuracy,pu_f1,pu_negative_rate,average_precision,balanced_accuracy,brier_score,brier_score_unavailable_reason,expected_calibration_error,expected_calibration_error_unavailable_reason,ece_buckets_api,elapsed_seconds,status,failure_reason
nnpu,scar-pi0.1-scalesmall,100,"{""batch_size"": 256, ""beta"": 0.0, ""device"": null, ""gamma"": 1.0, ""loss"": ""sigmoid"", ""max_epochs"": 500, ""model"": null, ""optimizer"": null, ""patience"": 50}",scar,0.1,0.5,0.5,True,0,,,,,0.0,,,0.1,False,-0.031730902058295346,0.9473684210526315,0.9473684210526315,0.9994444444444445,0.99,0.95,0.9422572178477691,0.995436507936508,0.9722222222222222,,requires predict_proba,,requires predict_proba,,4.311999999999898,success,
nnpu,scar-pi0.1-scalesmall,101,"{""batch_size"": 256, ""beta"": 0.0, ""device"": null, ""gamma"": 1.0, ""loss"": ""sigmoid"", ""max_epochs"": 500, ""model"": null, ""optimizer"": null, ""patience"": 50}",scar,0.1,0.5,0.5,True,0,,,,,0.0,,,0.115,False,-0.026701570680628284,1.0,0.8695652173913043,0.9993055555555556,0.985,0.9302325581395349,0.9267015706806283,0.9938010591697862,0.9916666666666667,,requires predict_proba,,requires predict_proba,,2.0159999999996217,success,
nnpu,scar-pi0.1-scalesmall,102,"{""batch_size"": 256, ""beta"": 0.0, ""device"": null, ""gamma"": 1.0, ""loss"": ""sigmoid"", ""max_epochs"": 500, ""model"": null, ""optimizer"": null, ""patience"": 50}",scar,0.1,0.5,0.5,True,0,,,,,0.0,,,0.0925,False,-0.021296645307199408,0.8571428571428571,0.9266409266409267,0.9953472222222222,0.9825,0.9090909090909091,0.9498680738786279,0.971511956001913,0.9347222222222222,,requires predict_proba,,requires predict_proba,,2.0,success,
nnpu,scar-pi0.1-scalesmall,103,"{""batch_size"": 256, ""beta"": 0.0, ""device"": null, ""gamma"": 1.0, ""loss"": ""sigmoid"", ""max_epochs"": 500, ""model"": null, ""optimizer"": null, ""patience"": 50}",scar,0.1,0.5,0.5,True,0,,,,,0.5,,,0.095,False,-0.044000000000000004,0.92,0.9684210526315791,0.9972916666666667,0.99,0.9487179487179487,0.96,0.9809782708404999,0.9611111111111111,,requires predict_proba,,requires predict_proba,,2.0930000000007567,success,
nnpu,scar-pi0.1-scalesmall,104,"{""batch_size"": 256, ""beta"": 0.0, ""device"": null, ""gamma"": 1.0, ""loss"": ""sigmoid"", ""max_epochs"": 500, ""model"": null, ""optimizer"": null, ""patience"": 50}",scar,0.1,0.5,0.5,True,0,,,,,0.5,,,0.0875,False,-0.04133333333333334,0.88,1.0,0.9997222222222223,0.9875,0.9333333333333333,0.9653333333333334,0.9977272727272728,0.9375,,requires predict_proba,,requires predict_proba,,2.1559999999990396,success,
nnpu,scar-pi0.1-scalesmall,105,"{""batch_size"": 256, ""beta"": 0.0, ""device"": null, ""gamma"": 1.0, ""loss"": ""sigmoid"", ""max_epochs"": 500, ""model"": null, ""optimizer"": null, ""patience"": 50}",scar,0.1,0.5,0.5,True,0,,,,,0.5,,,0.0975,False,-0.04133333333333334,0.92,0.9435897435897437,0.9995138888888889,0.9925,0.9620253164556962,0.9573333333333334,0.9958290740267485,0.9736111111111111,,requires predict_proba,,requires predict_proba,,1.9839999999985594,success,
nnpu,scar-pi0.1-scalesmall,106,"{""batch_size"": 256, ""beta"": 0.0, ""device"": null, ""gamma"": 1.0, ""loss"": ""sigmoid"", ""max_epochs"": 500, ""model"": null, ""optimizer"": null, ""patience"": 50}",scar,0.1,0.5,0.5,True,0,,,,,0.0,,,0.1,False,-0.02210526315789474,0.9,0.9,0.9970833333333333,0.98,0.9,0.9421052631578948,0.9772054968929968,0.9444444444444444,,requires predict_proba,,requires predict_proba,,2.0780000000013388,success,
nnpu,scar-pi0.1-scalesmall,107,"{""batch_size"": 256, ""beta"": 0.0, ""device"": null, ""gamma"": 1.0, ""loss"": ""sigmoid"", ""max_epochs"": 500, ""model"": null, ""optimizer"": null, ""patience"": 50}",scar,0.1,0.5,0.5,True,0,,,,,0.5,,,0.0775,False,-0.02478184991273996,0.8333333333333334,1.0,0.9970833333333333,0.9775,0.8732394366197183,0.9581151832460733,0.9788952706732332,0.8875,,requires predict_proba,,requires predict_proba,,2.186999999999898,success,
nnpu,scar-pi0.1-scalesmall,108,"{""batch_size"": 256, ""beta"": 0.0, ""device"": null, ""gamma"": 1.0, ""loss"": ""sigmoid"", ""max_epochs"": 500, ""model"": null, ""optimizer"": null, ""patience"": 50}",scar,0.1,0.5,0.5,True,0,,,,,0.5,,,0.105,False,-0.0470899470899471,1.0,0.9523809523809524,0.9998611111111111,0.995,0.975609756097561,0.9470899470899471,0.998765243902439,0.9972222222222222,,requires predict_proba,,requires predict_proba,,1.9689999999991414,success,
nnpu,scar-pi0.1-scalesmall,109,"{""batch_size"": 256, ""beta"": 0.0, ""device"": null, ""gamma"": 1.0, ""loss"": ""sigmoid"", ""max_epochs"": 500, ""model"": null, ""optimizer"": null, ""patience"": 50}",scar,0.1,0.5,0.5,True,0,,,,,0.0,,,0.0825,False,-0.029473199201351566,0.8823529411764706,1.0,0.9934722222222222,0.9775,0.8767123287671232,0.9530026109660574,0.9763598334874395,0.8986111111111111,,requires predict_proba,,requires predict_proba,,1.985000000000582,success,
nnpu,scar-pi0.1-scalesmall,110,"{""batch_size"": 256, ""beta"": 0.0, ""device"": null, ""gamma"": 1.0, ""loss"": ""sigmoid"", ""max_epochs"": 500, ""model"": null, ""optimizer"": null, ""patience"": 50}",scar,0.1,0.5,0.5,True,0,,,,,0.5,,,0.1025,False,-0.06505376344086022,1.0,0.9756097560975611,1.0,0.9975,0.9876543209876543,0.9650537634408602,1.0,0.9986111111111111,,requires predict_proba,,requires predict_proba,,2.3590000000003783,success,
nnpu,scar-pi0.1-scalesmall,111,"{""batch_size"": 256, ""beta"": 0.0, ""device"": null, ""gamma"": 1.0, ""loss"": ""sigmoid"", ""max_epochs"": 500, ""model"": null, ""optimizer"": null, ""patience"": 50}",scar,0.1,0.5,0.5,True,0,,,,,0.0,,,0.1025,False,-0.042257217847769035,1.0,0.9756097560975611,0.9968055555555555,0.9875,0.9382716049382716,0.9422572178477691,0.9791707258919704,0.9708333333333333,,requires predict_proba,,requires predict_proba,,2.0,success,
nnpu,scar-pi0.1-scalesmall,112,"{""batch_size"": 256, ""beta"": 0.0, ""device"": null, ""gamma"": 1.0, ""loss"": ""sigmoid"", ""max_epochs"": 500, ""model"": null, ""optimizer"": null, ""patience"": 50}",scar,0.1,0.5,0.5,True,0,,,,,0.0,,,0.1025,False,-0.05733333333333334,1.0,0.9756097560975611,0.9981944444444444,0.9875,0.9382716049382716,0.9573333333333334,0.9858310603051457,0.9708333333333333,,requires predict_proba,,requires predict_proba,,2.0310000000008586,success,
nnpu,scar-pi0.1-scalesmall,113,"{""batch_size"": 256, ""beta"": 0.0, ""device"": null, ""gamma"": 1.0, ""loss"": ""sigmoid"", ""max_epochs"": 500, ""model"": null, ""optimizer"": null, ""patience"": 50}",scar,0.1,0.5,0.5,True,0,,,,,0.0,,,0.095,False,-0.04593554593554594,0.9545454545454546,1.0,0.999375,0.995,0.9743589743589743,0.955026455026455,0.9954081632653061,0.975,,requires predict_proba,,requires predict_proba,,2.125,success,
nnpu,scar-pi0.1-scalesmall,114,"{""batch_size"": 256, ""beta"": 0.0, ""device"": null, ""gamma"": 1.0, ""loss"": ""sigmoid"", ""max_epochs"": 500, ""model"": null, ""optimizer"": null, ""patience"": 50}",scar,0.1,0.5,0.5,True,0,,,,,0.0,,,0.105,False,-0.03963254593175854,1.0,0.9523809523809524,0.9995138888888889,0.995,0.975609756097561,0.9396325459317585,0.9953819176901655,0.9972222222222222,,requires predict_proba,,requires predict_proba,,1.9839999999985594,success,
nnpu,scar-pi0.1-scalesmall,115,"{""batch_size"": 256, ""beta"": 0.0, ""device"": null, ""gamma"": 1.0, ""loss"": ""sigmoid"", ""max_epochs"": 500, ""model"": null, ""optimizer"": null, ""patience"": 50}",scar,0.1,0.5,0.5,True,0,,,,,0.0,,,0.0975,False,-0.013807402856704051,0.8823529411764706,0.9049773755656109,0.9990277777777778,0.9875,0.9367088607594937,0.9373368146214099,0.99151444939314,0.9597222222222223,,requires predict_proba,,requires predict_proba,,1.9839999999985594,success,
nnpu,scar-pi0.1-scalesmall,116,"{""batch_size"": 256, ""beta"": 0.0, ""device"": null, ""gamma"": 1.0, ""loss"": ""sigmoid"", ""max_epochs"": 500, ""model"": null, ""optimizer"": null, ""patience"": 50}",scar,0.1,0.5,0.5,True,0,,,,,0.5,,,0.0875,False,-0.022777073001960566,0.8260869565217391,0.9440993788819877,0.9997222222222222,0.9875,0.9333333333333333,0.9575596816976127,0.9974663235245712,0.9375,,requires predict_proba,,requires predict_proba,,2.1089999999985594,success,
nnpu,scar-pi0.1-scalesmall,117,"{""batch_size"": 256, ""beta"": 0.0, ""device"": null, ""gamma"": 1.0, ""loss"": ""sigmoid"", ""max_epochs"": 500, ""model"": null, ""optimizer"": null, ""patience"": 50}",scar,0.1,0.5,0.5,True,0,,,,,0.0,,,0.0975,False,-0.02120458626882167,0.8947368421052632,0.9176788124156545,0.9986111111111111,0.9925,0.9620253164556962,0.9422572178477691,0.9900971835182362,0.9736111111111111,,requires predict_proba,,requires predict_proba,,2.0310000000008586,success,
nnpu,scar-pi0.1-scalesmall,118,"{""batch_size"": 256, ""beta"": 0.0, ""device"": null, ""gamma"": 1.0, ""loss"": ""sigmoid"", ""max_epochs"": 500, ""model"": null, ""optimizer"": null, ""patience"": 50}",scar,0.1,0.5,0.5,True,0,,,,,0.0,,,0.1075,False,-0.03947368421052632,1.0,0.930232558139535,0.9997916666666666,0.9925,0.963855421686747,0.9394736842105263,0.9981845238095237,0.9958333333333333,,requires predict_proba,,requires predict_proba,,1.9690000000009604,success,
nnpu,scar-pi0.1-scalesmall,119,"{""batch_size"": 256, ""beta"": 0.0, ""device"": null, ""gamma"": 1.0, ""loss"": ""sigmoid"", ""max_epochs"": 500, ""model"": null, ""optimizer"": null, ""patience"": 50}",scar,0.1,0.5,0.5,True,0,,,,,0.0,,,0.105,False,-0.02987012987012988,1.0,0.9523809523809524,0.9998611111111111,0.995,0.975609756097561,0.9298701298701298,0.9988095238095238,0.9972222222222222,,requires predict_proba,,requires predict_proba,,2.110000000000582,success,
nnpu,scar-pi0.1-scalemid,100,"{""batch_size"": 256, ""beta"": 0.0, ""device"": null, ""gamma"": 1.0, ""loss"": ""sigmoid"", ""max_epochs"": 500, ""model"": null, ""optimizer"": null, ""patience"": 50}",scar,0.1,0.5,0.5,True,0,,,,,0.375,,,0.1005,False,-0.03658714703018501,0.9519230769230769,0.9471871412169919,0.998925,0.9905,0.9526184538653366,0.9462025316455697,0.9917761660232349,0.9747222222222223,,requires predict_proba,,requires predict_proba,,8.436999999999898,success,
nnpu,scar-pi0.1-scalemid,101,"{""batch_size"": 256, ""beta"": 0.0, ""device"": null, ""gamma"": 1.0, ""loss"": ""sigmoid"", ""max_epochs"": 500, ""model"": null, ""optimizer"": null, ""patience"": 50}",scar,0.1,0.5,0.5,True,0,,,,,0.5,,,0.104,False,-0.03753655868366413,0.9893617021276596,0.9513093289689035,0.9991222222222222,0.991,0.9558823529411765,0.9396642182581322,0.9936291711329538,0.9838888888888888,,requires predict_proba,,requires predict_proba,,8.438000000000102,success,
nnpu,scar-pi0.1-scalemid,102,"{""batch_size"": 256, ""beta"": 0.0, ""device"": null, ""gamma"": 1.0, ""loss"": ""sigmoid"", ""max_epochs"": 500, ""model"": null, ""optimizer"": null, ""patience"": 50}",scar,0.1,0.5,0.5,True,0,,,,,0.375,,,0.1065,False,-0.03515903927296332,0.9711538461538461,0.9118815456843626,0.9994861111111112,0.9905,0.9539951573849879,0.9409282700421941,0.9956050587915268,0.9880555555555556,,requires predict_proba,,requires predict_proba,,10.20299999999952,success,
nnpu,scar-pi0.1-scalemid,103,"{""batch_size"": 256, ""beta"": 0.0, ""device"": null, ""gamma"": 1.0, ""loss"": ""sigmoid"", ""max_epochs"": 500, ""model"": null, ""optimizer"": null, ""patience"": 50}",scar,0.1,0.5,0.5,True,0,,,,,0.5,,,0.1015,False,-0.04556348517118752,0.981651376146789,0.9671442129525014,0.9985944444444445,0.9925,0.9627791563275434,0.9492332099418297,0.9934184384268678,0.9824999999999999,,requires predict_proba,,requires predict_proba,,8.67200000000048,success,
nnpu,scar-pi0.1-scalemid,104,"{""batch_size"": 256, ""beta"": 0.0, ""device"": null, ""gamma"": 1.0, ""loss"": ""sigmoid"", ""max_epochs"": 500, ""model"": null, ""optimizer"": null, ""patience"": 50}",scar,0.1,0.5,0.5,True,0,,,,,0.5,,,0.099,False,-0.03757644927350799,0.9514563106796117,0.9610669804844563,0.9986138888888889,0.99,0.949748743718593,0.9472851871375857,0.9911669587265188,0.97,,requires predict_proba,,requires predict_proba,,8.610000000000582,success,
nnpu,scar-pi0.1-scalemid,105,"{""batch_size"": 256, ""beta"": 0.0, ""device"": null, ""gamma"": 1.0, ""loss"": ""sigmoid"", ""max_epochs"": 500, ""model"": null, ""optimizer"": null, ""patience"": 50}",scar,0.1,0.5,0.5,True,0,,,,,0.625,,,0.1025,False,-0.0326736004710661,0.9770114942528736,0.9531819456125596,0.9992222222222222,0.9905,0.9530864197530864,0.9372713016204913,0.9936585077223172,0.9791666666666666,,requires predict_proba,,requires predict_proba,,9.046999999998661,success,
nnpu,scar-pi0.1-scalemid,106,"{""batch_size"": 256, ""beta"": 0.0, ""device"": null, ""gamma"": 1.0, ""loss"": ""sigmoid"", ""max_epochs"": 500, ""model"": null, ""optimizer"": null, ""patience"": 50}",scar,0.1,0.5,0.5,True,0,,,,,0.5,,,0.101,False,-0.04758865248226951,0.9666666666666667,0.9570957095709571,0.9989305555555555,0.989,0.945273631840796,0.9542553191489361,0.9916708367478879,0.9716666666666667,,requires predict_proba,,requires predict_proba,,8.625,success,
nnpu,scar-pi0.1-scalemid,107,"{""batch_size"": 256, ""beta"": 0.0, ""device"": null, ""gamma"": 1.0, ""loss"": ""sigmoid"", ""max_epochs"": 500, ""model"": null, ""optimizer"": null, ""patience"": 50}",scar,0.1,0.5,0.5,True,0,,,,,0.625,,,0.099,False,-0.02969257436592218,0.9150943396226415,0.924337716790547,0.9980222222222221,0.987,0.9346733668341709,0.9466737064413939,0.9884435387103934,0.9616666666666667,,requires predict_proba,,requires predict_proba,,8.734000000000378,success,
nnpu,scar-pi0.1-scalemid,108,"{""batch_size"": 256, ""beta"": 0.0, ""device"": null, ""gamma"": 1.0, ""loss"": ""sigmoid"", ""max_epochs"": 500, ""model"": null, ""optimizer"": null, ""patience"": 50}",scar,0.1,0.5,0.5,True,0,,,,,0.625,,,0.104,False,-0.03969585736759308,1.0,0.9615384615384617,0.9995027777777777,0.993,0.9656862745098039,0.9396958573675931,0.9958686355263026,0.9894444444444445,,requires predict_proba,,requires predict_proba,,8.515999999999622,success,
nnpu,scar-pi0.1-scalemid,109,"{""batch_size"": 256, ""beta"": 0.0, ""device"": null, ""gamma"": 1.0, ""loss"": ""sigmoid"", ""max_epochs"": 500, ""model"": null, ""optimizer"": null, ""patience"": 50}",scar,0.1,0.5,0.5,True,0,,,,,0.5,,,0.0985,False,-0.03807189300472474,0.9439252336448598,0.9582997295886903,0.998275,0.9925,0.9622166246851386,0.9492868462757528,0.9897897362694235,0.9758333333333333,,requires predict_proba,,requires predict_proba,,8.561999999999898,success,
nnpu,scar-pi0.1-scalemid,110,"{""batch_size"": 256, ""beta"": 0.0, ""device"": null, ""gamma"": 1.0, ""loss"": ""sigmoid"", ""max_epochs"": 500, ""model"": null, ""optimizer"": null, ""patience"": 50}",scar,0.1,0.5,0.5,True,0,,,,,0.25,,,0.106,False,-0.029014426398928095,0.9770114942528736,0.9217089568423337,0.9991055555555556,0.989,0.9466019417475728,0.9336121275483533,0.9937226754530679,0.9827777777777778,,requires predict_proba,,requires predict_proba,,8.75,success,
nnpu,scar-pi0.1-scalemid,111,"{""batch_size"": 256, ""beta"": 0.0, ""device"": null, ""gamma"": 1.0, ""loss"": ""sigmoid"", ""max_epochs"": 500, ""model"": null, ""optimizer"": null, ""patience"": 50}",scar,0.1,0.5,0.5,True,0,,,,,0.5,,,0.1035,False,-0.041309209699711025,0.9809523809523809,0.9477800782148609,0.9990777777777777,0.9915,0.9582309582309583,0.9451187335092348,0.9915664256844988,0.9841666666666666,,requires predict_proba,,requires predict_proba,,8.718999999999141,success,
nnpu,scar-pi0.1-scalemid,112,"{""batch_size"": 256, ""beta"": 0.0, ""device"": null, ""gamma"": 1.0, ""loss"": ""sigmoid"", ""max_epochs"": 500, ""model"": null, ""optimizer"": null, ""patience"": 50}",scar,0.1,0.5,0.5,True,0,,,,,0.5,,,0.103,False,-0.03969415898935866,0.9801980198019802,0.9516485629145439,0.9991222222222222,0.992,0.9605911330049262,0.9436545550289626,0.9940705569172321,0.9844444444444445,,requires predict_proba,,requires predict_proba,,7.563000000000102,success,
nnpu,scar-pi0.1-scalemid,113,"{""batch_size"": 256, ""beta"": 0.0, ""device"": null, ""gamma"": 1.0, ""loss"": ""sigmoid"", ""max_epochs"": 500, ""model"": null, ""optimizer"": null, ""patience"": 50}",scar,0.1,0.5,0.5,True,0,,,,,0.375,,,0.105,False,-0.03618846313289764,0.970873786407767,0.9246417013407306,0.9988833333333333,0.99,0.9512195121951219,0.9420137058513443,0.991056555823702,0.9833333333333334,,requires predict_proba,,requires predict_proba,,5.578000000001339,success,
nnpu,scar-pi0.1-scalemid,114,"{""batch_size"": 256, ""beta"": 0.0, ""device"": null, ""gamma"": 1.0, ""loss"": ""sigmoid"", ""max_epochs"": 500, ""model"": null, ""optimizer"": null, ""patience"": 50}",scar,0.1,0.5,0.5,True,0,,,,,0.625,,,0.106,False,-0.04506765436133466,0.9829059829059829,0.9272697951943235,0.9991944444444445,0.989,0.9466019417475728,0.9484864577801381,0.9930763262351412,0.9827777777777778,,requires predict_proba,,requires predict_proba,,8.656999999999243,success,
nnpu,scar-pi0.1-scalemid,115,"{""batch_size"": 256, ""beta"": 0.0, ""device"": null, ""gamma"": 1.0, ""loss"": ""sigmoid"", ""max_epochs"": 500, ""model"": null, ""optimizer"": null, ""patience"": 50}",scar,0.1,0.5,0.5,True,0,,,,,0.625,,,0.1025,False,-0.04103805955043422,0.9719626168224299,0.948256211534078,0.9985333333333333,0.9915,0.9580246913580247,0.9466455361859483,0.9907408923446935,0.9819444444444445,,requires predict_proba,,requires predict_proba,,8.625,success,
nnpu,scar-pi0.1-scalemid,116,"{""batch_size"": 256, ""beta"": 0.0, ""device"": null, ""gamma"": 1.0, ""loss"": ""sigmoid"", ""max_epochs"": 500, ""model"": null, ""optimizer"": null, ""patience"": 50}",scar,0.1,0.5,0.5,True,0,,,,,0.625,,,0.103,False,-0.038621352929611746,0.9797979797979798,0.9512601745611455,0.9993972222222222,0.994,0.9704433497536946,0.9426617569700158,0.9952322437725981,0.99,,requires predict_proba,,requires predict_proba,,8.531999999999243,success,
nnpu,scar-pi0.1-scalemid,117,"{""batch_size"": 256, ""beta"": 0.0, ""device"": null, ""gamma"": 1.0, ""loss"": ""sigmoid"", ""max_epochs"": 500, ""model"": null, ""optimizer"": null, ""patience"": 50}",scar,0.1,0.5,0.5,True,0,,,,,0.5,,,0.1035,False,-0.039609190047185404,0.9896907216494846,0.9562229194681011,0.9993166666666666,0.9935,0.9680589680589681,0.9416710457172885,0.9945581724341052,0.9897222222222222,,requires predict_proba,,requires predict_proba,,9.031000000000859,success,
nnpu,scar-pi0.1-scalemid,118,"{""batch_size"": 256, ""beta"": 0.0, ""device"": null, ""gamma"": 1.0, ""loss"": ""sigmoid"", ""max_epochs"": 500, ""model"": null, ""optimizer"": null, ""patience"": 50}",scar,0.1,0.5,0.5,True,0,,,,,0.625,,,0.104,False,-0.042180550793025275,0.9902912621359223,0.9522031366691561,0.9996666666666667,0.994,0.9705882352941176,0.9441222983658408,0.9969737496176079,0.9922222222222222,,requires predict_proba,,requires predict_proba,,8.640999999999622,success,
nnpu,scar-pi0.1-scalemid,119,"{""batch_size"": 256, ""beta"": 0.0, ""device"": null, ""gamma"": 1.0, ""loss"": ""sigmoid"", ""max_epochs"": 500, ""model"": null, ""optimizer"": null, ""patience"": 50}",scar,0.1,0.5,0.5,True,0,,,,,0.5,,,0.098,False,-0.03120044205000691,0.9368421052631579,0.9559613319011816,0.9981222222222222,0.988,0.9393939393939394,0.9438320209973753,0.9883615282923458,0.9622222222222223,,requires predict_proba,,requires predict_proba,,8.640000000001237,success,
nnpu,scar-pi0.3-scalesmall,100,"{""batch_size"": 256, ""beta"": 0.0, ""device"": null, ""gamma"": 1.0, ""loss"": ""sigmoid"", ""max_epochs"": 500, ""model"": null, ""optimizer"": null, ""patience"": 50}",scar,0.3,0.5,0.5,True,0,,,,,0.5,,,0.2975,False,-0.09509981851179672,0.9655172413793104,0.9736308316430021,0.9990178571428571,0.9825,0.9707112970711297,0.8157894736842105,0.9977813002725509,0.9779761904761906,,requires predict_proba,,requires predict_proba,,2.125,success,
nnpu,scar-pi0.3-scalesmall,101,"{""batch_size"": 256, ""beta"": 0.0, ""device"": null, ""gamma"": 1.0, ""loss"": ""sigmoid"", ""max_epochs"": 500, ""model"": null, ""optimizer"": null, ""patience"": 50}",scar,0.3,0.5,0.5,True,0,,,,,0.5,,,0.3175,False,-0.10294117647058823,1.0,0.9448818897637795,0.9986011904761904,0.9825,0.97165991902834,0.8029411764705883,0.9966168685783052,0.9875,,requires predict_proba,,requires predict_proba,,1.984999999998763,success,
nnpu,scar-pi0.3-scalesmall,102,"{""batch_size"": 256, ""beta"": 0.0, ""device"": null, ""gamma"": 1.0, ""loss"": ""sigmoid"", ""max_epochs"": 500, ""model"": null, ""optimizer"": null, ""patience"": 50}",scar,0.3,0.5,0.5,True,0,,,,,0.5,,,0.295,False,-0.08977602108036889,0.9636363636363636,0.9799691833590138,0.9982440476190476,0.985,0.9747899159663865,0.8115942028985508,0.996410034316884,0.9797619047619048,,requires predict_proba,,requires predict_proba,,1.984999999998763,success,
nnpu,scar-pi0.3-scalesmall,103,"{""batch_size"": 256, ""beta"": 0.0, ""device"": null, ""gamma"": 1.0, ""loss"": ""sigmoid"", ""max_epochs"": 500, ""model"": null, ""optimizer"": null, ""patience"": 50}",scar,0.3,0.5,0.5,True,0,,,,,0.5,,,0.3025,False,-0.11946670169446996,0.9710144927536232,0.9629895795903701,0.9978869047619047,0.9675,0.946058091286307,0.8368580060422961,0.9952702965808836,0.9624999999999999,,requires predict_proba,,requires predict_proba,,2.1409999999996217,success,
nnpu,scar-pi0.3-scalesmall,104,"{""batch_size"": 256, ""beta"": 0.0, ""device"": null, ""gamma"": 1.0, ""loss"": ""sigmoid"", ""max_epochs"": 500, ""model"": null, ""optimizer"": null, ""patience"": 50}",scar,0.3,0.5,0.5,True,0,,,,,0.5,,,0.27,False,-0.11056257175660159,0.9230769230769231,1.0,0.9984821428571429,0.97,0.9473684210526315,0.8567164179104477,0.9966705364988937,0.95,,requires predict_proba,,requires predict_proba,,1.9680000000007567,success,
nnpu,scar-pi0.3-scalesmall,105,"{""batch_size"": 256, ""beta"": 0.0, ""device"": null, ""gamma"": 1.0, ""loss"": ""sigmoid"", ""max_epochs"": 500, ""model"": null, ""optimizer"": null, ""patience"": 50}",scar,0.3,0.5,0.5,True,0,,,,,0.5,,,0.3075,False,-0.11470588235294116,1.0,0.975609756097561,0.9989583333333334,0.9875,0.9794238683127572,0.8147058823529412,0.9977646629289761,0.9886904761904762,,requires predict_proba,,requires predict_proba,,1.9529999999995198,success,
nnpu,scar-pi0.3-scalesmall,106,"{""batch_size"": 256, ""beta"": 0.0, ""device"": null, ""gamma"": 1.0, ""loss"": ""sigmoid"", ""max_epochs"": 500, ""model"": null, ""optimizer"": null, ""patience"": 50}",scar,0.3,0.5,0.5,True,0,,,,,1.0,,,0.3075,False,-0.08161862950944837,0.9516129032258065,0.9284028324154209,0.9934226190476191,0.9675,0.9465020576131687,0.8106508875739645,0.9870990323258604,0.9648809523809524,,requires predict_proba,,requires predict_proba,,2.1409999999996217,success,
nnpu,scar-pi0.3-scalesmall,107,"{""batch_size"": 256, ""beta"": 0.0, ""device"": null, ""gamma"": 1.0, ""loss"": ""sigmoid"", ""max_epochs"": 500, ""model"": null, ""optimizer"": null, ""patience"": 50}",scar,0.3,0.5,0.5,True,0,,,,,0.5,,,0.28,False,-0.0875,0.9583333333333334,1.0,0.9974107142857143,0.97,0.9482758620689655,0.8125,0.9943977717977277,0.9547619047619047,,requires predict_proba,,requires predict_proba,,2.125,success,
nnpu,scar-pi0.3-scalesmall,108,"{""batch_size"": 256, ""beta"": 0.0, ""device"": null, ""gamma"": 1.0, ""loss"": ""sigmoid"", ""max_epochs"": 500, ""model"": null, ""optimizer"": null, ""patience"": 50}",scar,0.3,0.5,0.5,True,0,,,,,0.5,,,0.305,False,-0.09885057471264366,1.0,0.9836065573770492,0.9988690476190476,0.99,0.9834710743801653,0.7988505747126436,0.9976271339713495,0.9904761904761905,,requires predict_proba,,requires predict_proba,,1.9840000000003783,success,
nnpu,scar-pi0.3-scalesmall,109,"{""batch_size"": 256, ""beta"": 0.0, ""device"": null, ""gamma"": 1.0, ""loss"": ""sigmoid"", ""max_epochs"": 500, ""model"": null, ""optimizer"": null, ""patience"": 50}",scar,0.3,0.5,0.5,True,0,,,,,0.5,,,0.265,False,-0.08721706781408273,0.8805970149253731,0.9969022810475922,0.9940476190476191,0.955,0.9203539823008849,0.8588588588588588,0.9881705118377428,0.9297619047619048,,requires predict_proba,,requires predict_proba,,1.985000000000582,success,
nnpu,scar-pi0.3-scalesmall,110,"{""batch_size"": 256, ""beta"": 0.0, ""device"": null, ""gamma"": 1.0, ""loss"": ""sigmoid"", ""max_epochs"": 500, ""model"": null, ""optimizer"": null, ""patience"": 50}",scar,0.3,0.5,0.5,True,0,,,,,0.5,,,0.305,False,-0.087452310300975,0.9523809523809523,0.9367681498829039,0.9972619047619047,0.975,0.9586776859504132,0.8160237388724035,0.9945889727827008,0.9726190476190476,,requires predict_proba,,requires predict_proba,,2.1089999999985594,success,
nnpu,scar-pi0.3-scalesmall,111,"{""batch_size"": 256, ""beta"": 0.0, ""device"": null, ""gamma"": 1.0, ""loss"": ""sigmoid"", ""max_epochs"": 500, ""model"": null, ""optimizer"": null, ""patience"": 50}",scar,0.3,0.5,0.5,True,0,,,,,0.5,,,0.3025,False,-0.09470588235294117,0.9666666666666667,0.9586776859504131,0.9969345238095239,0.9775,0.9626556016597511,0.8147058823529412,0.9934875425764389,0.9744047619047619,,requires predict_proba,,requires predict_proba,,2.0940000000009604,success,
nnpu,scar-pi0.3-scalesmall,112,"{""batch_size"": 256, ""beta"": 0.0, ""device"": null, ""gamma"": 1.0, ""loss"": ""sigmoid"", ""max_epochs"": 500, ""model"": null, ""optimizer"": null, ""patience"": 50}",scar,0.3,0.5,0.5,True,0,,,,,0.5,,,0.3075,False,-0.09425462874594387,0.967741935483871,0.944138473642801,0.9942261904761904,0.9725,0.9547325102880658,0.8136094674556213,0.9873334390084221,0.9708333333333333,,requires predict_proba,,requires predict_proba,,1.9840000000003783,success,
nnpu,scar-pi0.3-scalesmall,113,"{""batch_size"": 256, ""beta"": 0.0, ""device"": null, ""gamma"": 1.0, ""loss"": ""sigmoid"", ""max_epochs"": 500, ""model"": null, ""optimizer"": null, ""patience"": 50}",scar,0.3,0.5,0.5,True,0,,,,,0.5,,,0.3025,False,-0.11064935064935064,0.9571428571428572,0.949232585596222,0.9983035714285715,0.9825,0.970954356846473,0.8363636363636363,0.9964304824434589,0.9803571428571429,,requires predict_proba,,requires predict_proba,,2.1090000000003783,success,
nnpu,scar-pi0.3-scalesmall,114,"{""batch_size"": 256, ""beta"": 0.0, ""device"": null, ""gamma"": 1.0, ""loss"": ""sigmoid"", ""max_epochs"": 500, ""model"": null, ""optimizer"": null, ""patience"": 50}",scar,0.3,0.5,0.5,True,0,,,,,0.5,,,0.3,False,-0.10288476292772747,0.9824561403508771,0.9824561403508771,0.9979464285714286,0.99,0.9833333333333333,0.8134110787172012,0.9957204781591187,0.9880952380952381,,requires predict_proba,,requires predict_proba,,1.9689999999991414,success,
nnpu,scar-pi0.3-scalesmall,115,"{""batch_size"": 256, ""beta"": 0.0, ""device"": null, ""gamma"": 1.0, ""loss"": ""sigmoid"", ""max_epochs"": 500, ""model"": null, ""optimizer"": null, ""patience"": 50}",scar,0.3,0.5,0.5,True,0,,,,,0.5,,,0.2825,False,-0.07027894078625416,0.9245283018867925,0.9817999666054433,0.9968452380952382,0.9725,0.9527896995708155,0.8155619596541787,0.9933203759027236,0.9589285714285715,,requires predict_proba,,requires predict_proba,,2.1090000000003783,success,
nnpu,scar-pi0.3-scalesmall,116,"{""batch_size"": 256, ""beta"": 0.0, ""device"": null, ""gamma"": 1.0, ""loss"": ""sigmoid"", ""max_epochs"": 500, ""model"": null, ""optimizer"": null, ""patience"": 50}",scar,0.3,0.5,0.5,True,0,,,,,0.5,,,0.2925,False,-0.08979793697894586,0.9365079365079365,0.9605209605209606,0.9987202380952381,0.9775,0.9620253164556962,0.827893175074184,0.9970562053583923,0.9696428571428571,,requires predict_proba,,requires predict_proba,,2.0930000000007567,success,
nnpu,scar-pi0.3-scalesmall,117,"{""batch_size"": 256, ""beta"": 0.0, ""device"": null, ""gamma"": 1.0, ""loss"": ""sigmoid"", ""max_epochs"": 500, ""model"": null, ""optimizer"": null, ""patience"": 50}",scar,0.3,0.5,0.5,True,0,,,,,0.5,,,0.2925,False,-0.0868807838867719,0.9242424242424242,0.9479409479409479,0.9986309523809525,0.9825,0.9704641350210971,0.8323353293413174,0.9969923418650474,0.9755952380952382,,requires predict_proba,,requires predict_proba,,1.9840000000003783,success,
nnpu,scar-pi0.3-scalesmall,118,"{""batch_size"": 256, ""beta"": 0.0, ""device"": null, ""gamma"": 1.0, ""loss"": ""sigmoid"", ""max_epochs"": 500, ""model"": null, ""optimizer"": null, ""patience"": 50}",scar,0.3,0.5,0.5,True,0,,,,,0.5,,,0.2975,False,-0.08413615928066795,0.9629629629629629,0.9710550887021475,0.999375,0.9875,0.9790794979079498,0.8063583815028902,0.9985214655359442,0.9839285714285715,,requires predict_proba,,requires predict_proba,,2.0159999999996217,success,
nnpu,scar-pi0.3-scalesmall,119,"{""batch_size"": 256, ""beta"": 0.0, ""device"": null, ""gamma"": 1.0, ""loss"": ""sigmoid"", ""max_epochs"": 500, ""model"": null, ""optimizer"": null, ""patience"": 50}",scar,0.3,0.5,0.5,True,0,,,,,0.5,,,0.31,False,-0.08870431893687708,0.9821428571428571,0.9504608294930874,0.9983333333333333,0.98,0.9672131147540983,0.7994186046511628,0.9962003449102048,0.9809523809523809,,requires predict_proba,,requires predict_proba,,2.29700000000048,success,
nnpu,scar-pi0.3-scalemid,100,"{""batch_size"": 256, ""beta"": 0.0, ""device"": null, ""gamma"": 1.0, ""loss"": ""sigmoid"", ""max_epochs"": 500, ""model"": null, ""optimizer"": null, ""patience"": 50}",scar,0.3,0.5,0.5,True,0,,,,,0.42857142857142855,,,0.3195,False,-0.08709657398212511,0.9802631578947368,0.9204348900420064,0.9980571428571429,0.9705,0.9523809523809523,0.7989386792452831,0.9960752491672742,0.9741666666666666,,requires predict_proba,,requires predict_proba,,8.125,success,
nnpu,scar-pi0.3-scalemid,101,"{""batch_size"": 256, ""beta"": 0.0, ""device"": null, ""gamma"": 1.0, ""loss"": ""sigmoid"", ""max_epochs"": 500, ""model"": null, ""optimizer"": null, ""patience"": 50}",scar,0.3,0.5,0.5,True,0,,,,,0.5714285714285714,,,0.3235,False,-0.08251182242373828,0.9963898916967509,0.9240091731345448,0.999095238095238,0.9735,0.9574979951884522,0.7846778874056878,0.9979469960953414,0.9796428571428571,,requires predict_proba,,requires predict_proba,,8.389999999999418,success,
nnpu,scar-pi0.3-scalemid,102,"{""batch_size"": 256, ""beta"": 0.0, ""device"": null, ""gamma"": 1.0, ""loss"": ""sigmoid"", ""max_epochs"": 500, ""model"": null, ""optimizer"": null, ""patience"": 50}",scar,0.3,0.5,0.5,True,0,,,,,0.5714285714285714,,,0.3235,False,-0.10344418052256532,1.0,0.9273570324574961,0.9990809523809523,0.9735,0.9574979951884522,0.8034441805225653,0.9979394631398745,0.9796428571428571,,requires predict_proba,,requires predict_proba,,8.34400000000096,success,
nnpu,scar-pi0.3-scalemid,103,"{""batch_size"": 256, ""beta"": 0.0, ""device"": null, ""gamma"": 1.0, ""loss"": ""sigmoid"", ""max_epochs"": 500, ""model"": null, ""optimizer"": null, ""patience"": 50}",scar,0.3,0.5,0.5,True,0,,,,,0.7142857142857143,,,0.3195,False,-0.08430685358255452,0.9861111111111112,0.9259259259259259,0.9988571428571429,0.9745,0.9588377723970944,0.7926401869158879,0.997651150410621,0.9789285714285714,,requires predict_proba,,requires predict_proba,,8.093999999999141,success,
nnpu,scar-pi0.3-scalemid,104,"{""batch_size"": 256, ""beta"": 0.0, ""device"": null, ""gamma"": 1.0, ""loss"": ""sigmoid"", ""max_epochs"": 500, ""model"": null, ""optimizer"": null, ""patience"": 50}",scar,0.3,0.5,0.5,True,0,,,,,0.42857142857142855,,,0.323,False,-0.09721866816995062,0.996742671009772,0.9257671866963826,0.9987190476190477,0.974,0.9582664526484751,0.7991730655640874,0.9971389504564899,0.98,,requires predict_proba,,requires predict_proba,,8.140000000001237,success,
nnpu,scar-pi0.3-scalemid,105,"{""batch_size"": 256, ""beta"": 0.0, ""device"": null, ""gamma"": 1.0, ""loss"": ""sigmoid"", ""max_epochs"": 500, ""model"": null, ""optimizer"": null, ""patience"": 50}",scar,0.3,0.5,0.5,True,0,,,,,0.42857142857142855,,,0.323,False,-0.09274004683840747,1.0,0.9287925696594427,0.9994416666666667,0.976,0.9614767255216693,0.7927400468384075,0.998736526106064,0.9823809523809524,,requires predict_proba,,requires predict_proba,,8.109999999998763,success,
nnpu,scar-pi0.3-scalemid,106,"{""batch_size"": 256, ""beta"": 0.0, ""device"": null, ""gamma"": 1.0, ""loss"": ""sigmoid"", ""max_epochs"": 500, ""model"": null, ""optimizer"": null, ""patience"": 50}",scar,0.3,0.5,0.5,True,0,,,,,0.42857142857142855,,,0.324,False,-0.09290967276437856,0.9903536977491961,0.916994164582589,0.9980583333333333,0.968,0.9487179487179487,0.7986974541148608,0.9957624492282809,0.9733333333333334,,requires predict_proba,,requires predict_proba,,8.234000000000378,success,
nnpu,scar-pi0.3-scalemid,107,"{""batch_size"": 256, ""beta"": 0.0, ""device"": null, ""gamma"": 1.0, ""loss"": ""sigmoid"", ""max_epochs"": 500, ""model"": null, ""optimizer"": null, ""patience"": 50}",scar,0.3,0.5,0.5,True,0,,,,,0.5714285714285714,,,0.321,False,-0.08741251060246405,0.9930313588850174,0.9280666905467452,0.9981178571428572,0.975,0.9597423510466989,0.7915936952714536,0.996026349743322,0.9802380952380952,,requires predict_proba,,requires predict_proba,,8.686999999999898,success,
nnpu,scar-pi0.3-scalemid,108,"{""batch_size"": 256, ""beta"": 0.0, ""device"": null, ""gamma"": 1.0, ""loss"": ""sigmoid"", ""max_epochs"": 500, ""model"": null, ""optimizer"": null, ""patience"": 50}",scar,0.3,0.5,0.5,True,0,,,,,0.5714285714285714,,,0.3255,False,-0.09046832573402619,0.9966555183946488,0.9185765146494459,0.9993547619047619,0.9725,0.95603517186251,0.7924750146972369,0.9985259991828976,0.9794047619047619,,requires predict_proba,,requires predict_proba,,8.110000000000582,success,
nnpu,scar-pi0.3-scalemid,109,"{""batch_size"": 256, ""beta"": 0.0, ""device"": null, ""gamma"": 1.0, ""loss"": ""sigmoid"", ""max_epochs"": 500, ""model"": null, ""optimizer"": null, ""patience"": 50}",scar,0.3,0.5,0.5,True,0,,,,,0.7142857142857143,,,0.3235,False,-0.09497925969580887,0.9904458598726115,0.9184969334212779,0.9981714285714286,0.9675,0.9478748997594226,0.800711743772242,0.9962948297275372,0.9724999999999999,,requires predict_proba,,requires predict_proba,,8.20299999999952,success,
nnpu,scar-pi0.3-scalemid,110,"{""batch_size"": 256, ""beta"": 0.0, ""device"": null, ""gamma"": 1.0, ""loss"": ""sigmoid"", ""max_epochs"": 500, ""model"": null, ""optimizer"": null, ""patience"": 50}",scar,0.3,0.5,0.5,True,0,,,,,0.42857142857142855,,,0.3275,False,-0.08203278635017258,0.9965034965034965,0.9128276303848821,0.9985809523809523,0.9685,0.949800796812749,0.7841306884480747,0.9968257086693184,0.9755952380952381,,requires predict_proba,,requires predict_proba,,8.063000000000102,success,
nnpu,scar-pi0.3-scalemid,111,"{""batch_size"": 256, ""beta"": 0.0, ""device"": null, ""gamma"": 1.0, ""loss"": ""sigmoid"", ""max_epochs"": 500, ""model"": null, ""optimizer"": null, ""patience"": 50}",scar,0.3,0.5,0.5,True,0,,,,,0.5714285714285714,,,0.3255,False,-0.08842781998831092,1.0,0.9216589861751151,0.9990880952380952,0.9705,0.9528377298161471,0.7884278199883109,0.997961148283092,0.9770238095238095,,requires predict_proba,,requires predict_proba,,8.078999999999724,success,
nnpu,scar-pi0.3-scalemid,112,"{""batch_size"": 256, ""beta"": 0.0, ""device"": null, ""gamma"": 1.0, ""loss"": ""sigmoid"", ""max_epochs"": 500, ""model"": null, ""optimizer"": null, ""patience"": 50}",scar,0.3,0.5,0.5,True,0,,,,,0.42857142857142855,,,0.3335,False,-0.07894117647058821,0.9933333333333333,0.8935532233883058,0.9987059523809524,0.9625,0.9408050513022889,0.7829411764705883,0.9971525184087676,0.9713095238095237,,requires predict_proba,,requires predict_proba,,8.218000000000757,success,
nnpu,scar-pi0.3-scalemid,113,"{""batch_size"": 256, ""beta"": 0.0, ""device"": null, ""gamma"": 1.0, ""loss"": ""sigmoid"", ""max_epochs"": 500, ""model"": null, ""optimizer"": null, ""patience"": 50}",scar,0.3,0.5,0.5,True,0,,,,,0.5714285714285714,,,0.3245,False,-0.09133620021472905,0.9902912621359223,0.9155235089084026,0.998904761904762,0.9715,0.9543634907926342,0.7971614429331756,0.9973847084032926,0.9777380952380952,,requires predict_proba,,requires predict_proba,,10.04700000000048,success,
nnpu,scar-pi0.3-scalemid,114,"{""batch_size"": 256, ""beta"": 0.0, ""device"": null, ""gamma"": 1.0, ""loss"": ""sigmoid"", ""max_epochs"": 500, ""model"": null, ""optimizer"": null, ""patience"": 50}",scar,0.3,0.5,0.5,True,0,,,,,0.42857142857142855,,,0.3295,False,-0.0922805540632598,0.9907120743034056,0.9020140281973343,0.9987440476190477,0.9675,0.9483717235901509,0.7978533094812165,0.9971221419800139,0.9753571428571428,,requires predict_proba,,requires predict_proba,,10.25,success,
nnpu,scar-pi0.3-scalemid,115,"{""batch_size"": 256, ""beta"": 0.0, ""device"": null, ""gamma"": 1.0, ""loss"": ""sigmoid"", ""max_epochs"": 500, ""model"": null, ""optimizer"": null, ""patience"": 50}",scar,0.3,0.5,0.5,True,0,,,,,0.5714285714285714,,,0.319,False,-0.09429456799125044,0.9839743589743589,0.9253677357125631,0.9980226190476191,0.971,0.9531502423263328,0.8039099526066351,0.996005215551997,0.9745238095238096,,requires predict_proba,,requires predict_proba,,9.29700000000048,success,
nnpu,scar-pi0.3-scalemid,116,"{""batch_size"": 256, ""beta"": 0.0, ""device"": null, ""gamma"": 1.0, ""loss"": ""sigmoid"", ""max_epochs"": 500, ""model"": null, ""optimizer"": null, ""patience"": 50}",scar,0.3,0.5,0.5,True,0,,,,,0.7142857142857143,,,0.3285,False,-0.08882710899257279,0.9966996699669967,0.91022800910228,0.9988809523809524,0.9695,0.9514717581543357,0.7908073070123748,0.9973768103251737,0.9772619047619048,,requires predict_proba,,requires predict_proba,,8.32799999999952,success,
nnpu,scar-pi0.3-scalemid,117,"{""batch_size"": 256, ""beta"": 0.0, ""device"": null, ""gamma"": 1.0, ""loss"": ""sigmoid"", ""max_epochs"": 500, ""model"": null, ""optimizer"": null, ""patience"": 50}",scar,0.3,0.5,0.5,True,0,,,,,0.5714285714285714,,,0.3235,False,-0.09215038769640074,0.9933993399339934,0.9212358639264235,0.9989309523809524,0.9735,0.9574979951884522,0.7961107837360047,0.9974511700253357,0.9796428571428571,,requires predict_proba,,requires predict_proba,,8.29700000000048,success,
nnpu,scar-pi0.3-scalemid,118,"{""batch_size"": 256, ""beta"": 0.0, ""device"": null, ""gamma"": 1.0, ""loss"": ""sigmoid"", ""max_epochs"": 500, ""model"": null, ""optimizer"": null, ""patience"": 50}",scar,0.3,0.5,0.5,True,0,,,,,0.5714285714285714,,,0.3205,False,-0.09606712865943631,0.9902912621359223,0.9269496993471971,0.9991416666666667,0.9755,0.9605157131345688,0.8018923713778829,0.9980041349161274,0.9805952380952381,,requires predict_proba,,requires predict_proba,,7.953000000001339,success,
nnpu,scar-pi0.3-scalemid,119,"{""batch_size"": 256, ""beta"": 0.0, ""device"": null, ""gamma"": 1.0, ""loss"": ""sigmoid"", ""max_epochs"": 500, ""model"": null, ""optimizer"": null, ""patience"": 50}",scar,0.3,0.5,0.5,True,0,,,,,0.42857142857142855,,,0.323,False,-0.08868950956461244,0.9965397923875432,0.9255787545395138,0.9983107142857142,0.972,0.9550561797752809,0.7907656341320864,0.996442478090405,0.9776190476190476,,requires predict_proba,,requires predict_proba,,8.061999999999898,success,
nnpu,scar-pi0.5-scalesmall,100,"{""batch_size"": 256, ""beta"": 0.0, ""device"": null, ""gamma"": 1.0, ""loss"": ""sigmoid"", ""max_epochs"": 500, ""model"": null, ""optimizer"": null, ""patience"": 50}",scar,0.5,0.5,0.5,True,0,,,,,0.5,,,0.5175,False,-0.1146544779517355,0.989247311827957,0.9557945041816011,0.99725,0.9725,0.972972972972973,0.6254071661237784,0.9977199258274784,0.9724999999999999,,requires predict_proba,,requires predict_proba,,2.125,success,
nnpu,scar-pi0.5-scalesmall,101,"{""batch_size"": 256, ""beta"": 0.0, ""device"": null, ""gamma"": 1.0, ""loss"": ""sigmoid"", ""max_epochs"": 500, ""model"": null, ""optimizer"": null, ""patience"": 50}",scar,0.5,0.5,0.5,True,0,,,,,0.5,,,0.5225,False,-0.11675342792011156,0.9896907216494846,0.9470724609085978,0.9968250000000001,0.9725,0.9731051344743277,0.6270627062706271,0.9966266984104545,0.9724999999999999,,requires predict_proba,,requires predict_proba,,2.188000000000102,success,
nnpu,scar-pi0.5-scalesmall,102,"{""batch_size"": 256, ""beta"": 0.0, ""device"": null, ""gamma"": 1.0, ""loss"": ""sigmoid"", ""max_epochs"": 500, ""model"": null, ""optimizer"": null, ""patience"": 50}",scar,0.5,0.5,0.5,True,0,,,,,0.0,,,0.53,False,-0.1111614483707507,0.98989898989899,0.9338669716028206,0.99785,0.955,0.9563106796116505,0.6212624584717608,0.997969900248367,0.9550000000000001,,requires predict_proba,,requires predict_proba,,2.311999999999898,success,
nnpu,scar-pi0.5-scalesmall,103,"{""batch_size"": 256, ""beta"": 0.0, ""device"": null, ""gamma"": 1.0, ""loss"": ""sigmoid"", ""max_epochs"": 500, ""model"": null, ""optimizer"": null, ""patience"": 50}",scar,0.5,0.5,0.5,True,0,,,,,0.5,,,0.53,False,-0.11612069790437307,0.9813084112149533,0.9257626520895785,0.9959,0.96,0.9611650485436893,0.6348122866894198,0.9959339620810179,0.96,,requires predict_proba,,requires predict_proba,,2.1090000000003783,success,
nnpu,scar-pi0.5-scalesmall,104,"{""batch_size"": 256, ""beta"": 0.0, ""device"": null, ""gamma"": 1.0, ""loss"": ""sigmoid"", ""max_epochs"": 500, ""model"": null, ""optimizer"": null, ""patience"": 50}",scar,0.5,0.5,0.5,True,0,,,,,0.5,,,0.5225,False,-0.14527027027027029,1.0,0.9569377990430623,0.998275,0.9725,0.9731051344743277,0.6452702702702703,0.9983227192407672,0.9724999999999999,,requires predict_proba,,requires predict_proba,,2.125,success,
nnpu,scar-pi0.5-scalesmall,105,"{""batch_size"": 256, ""beta"": 0.0, ""device"": null, ""gamma"": 1.0, ""loss"": ""sigmoid"", ""max_epochs"": 500, ""model"": null, ""optimizer"": null, ""patience"": 50}",scar,0.5,0.5,0.5,True,0,,,,,0.5,,,0.5175,False,-0.14548494983277593,1.0,0.9661835748792271,0.99915,0.9775,0.9778869778869779,0.6454849498327759,0.9991765970866537,0.9775,,requires predict_proba,,requires predict_proba,,2.0,success,
nnpu,scar-pi0.5-scalesmall,106,"{""batch_size"": 256, ""beta"": 0.0, ""device"": null, ""gamma"": 1.0, ""loss"": ""sigmoid"", ""max_epochs"": 500, ""model"": null, ""optimizer"": null, ""patience"": 50}",scar,0.5,0.5,0.5,True,0,,,,,0.5,,,0.5225,False,-0.09861949956859362,0.9789473684210527,0.93679174011584,0.993825,0.9625,0.9633251833740831,0.6196721311475409,0.9942363421629201,0.9624999999999999,,requires predict_proba,,requires predict_proba,,2.17200000000048,success,
nnpu,scar-pi0.5-scalesmall,107,"{""batch_size"": 256, ""beta"": 0.0, ""device"": null, ""gamma"": 1.0, ""loss"": ""sigmoid"", ""max_epochs"": 500, ""model"": null, ""optimizer"": null, ""patience"": 50}",scar,0.5,0.5,0.5,True,0,,,,,0.5,,,0.5125,False,-0.09580479120709007,0.9876543209876543,0.9635651912074676,0.99805,0.9675,0.9679012345679012,0.6081504702194357,0.998125214389669,0.9675,,requires predict_proba,,requires predict_proba,,1.984999999998763,success,
nnpu,scar-pi0.5-scalesmall,108,"{""batch_size"": 256, ""beta"": 0.0, ""device"": null, ""gamma"": 1.0, ""loss"": ""sigmoid"", ""max_epochs"": 500, ""model"": null, ""optimizer"": null, ""patience"": 50}",scar,0.5,0.5,0.5,True,0,,,,,0.5,,,0.5325,False,-0.10912052117263843,1.0,0.9389671361502347,0.9987,0.9625,0.9636803874092009,0.6091205211726385,0.9987348250828126,0.9625,,requires predict_proba,,requires predict_proba,,1.9529999999995198,success,
nnpu,scar-pi0.5-scalesmall,109,"{""batch_size"": 256, ""beta"": 0.0, ""device"": null, ""gamma"": 1.0, ""loss"": ""sigmoid"", ""max_epochs"": 500, ""model"": null, ""optimizer"": null, ""patience"": 50}",scar,0.5,0.5,0.5,True,0,,,,,0.5,,,0.53,False,-0.10684515053447091,0.9805825242718447,0.9250778530866459,0.995375,0.96,0.9611650485436893,0.6262626262626263,0.9955717491237063,0.96,,requires predict_proba,,requires predict_proba,,2.0940000000009604,success,
nnpu,scar-pi0.5-scalesmall,110,"{""batch_size"": 256, ""beta"": 0.0, ""device"": null, ""gamma"": 1.0, ""loss"": ""sigmoid"", ""max_epochs"": 500, ""model"": null, ""optimizer"": null, ""patience"": 50}",scar,0.5,0.5,0.5,True,0,,,,,0.5,,,0.515,False,-0.14012291196757215,0.9902912621359223,0.9614478273164294,0.9978750000000001,0.975,0.9753694581280788,0.6498316498316499,0.9980137371383337,0.975,,requires predict_proba,,requires predict_proba,,1.9529999999995198,success,
nnpu,scar-pi0.5-scalesmall,111,"{""batch_size"": 256, ""beta"": 0.0, ""device"": null, ""gamma"": 1.0, ""loss"": ""sigmoid"", ""max_epochs"": 500, ""model"": null, ""optimizer"": null, ""patience"": 50}",scar,0.5,0.5,0.5,True,0,,,,,0.5,,,0.5325,False,-0.12333333333333335,1.0,0.9389671361502347,0.995625,0.9525,0.9539951573849879,0.6233333333333333,0.9961472123624716,0.9525,,requires predict_proba,,requires predict_proba,,2.125,success,
nnpu,scar-pi0.5-scalesmall,112,"{""batch_size"": 256, ""beta"": 0.0, ""device"": null, ""gamma"": 1.0, ""loss"": ""sigmoid"", ""max_epochs"": 500, ""model"": null, ""optimizer"": null, ""patience"": 50}",scar,0.5,0.5,0.5,True,0,,,,,0.5,,,0.54,False,-0.07102587335145472,0.9696969696969697,0.8978675645342312,0.993925,0.945,0.9471153846153846,0.6013289036544851,0.9936543348856433,0.9450000000000001,,requires predict_proba,,requires predict_proba,,2.1560000000008586,success,
nnpu,scar-pi0.5-scalesmall,113,"{""batch_size"": 256, ""beta"": 0.0, ""device"": null, ""gamma"": 1.0, ""loss"": ""sigmoid"", ""max_epochs"": 500, ""model"": null, ""optimizer"": null, ""patience"": 50}",scar,0.5,0.5,0.5,True,0,,,,,0.5,,,0.5325,False,-0.12772704211060376,0.9907407407407407,0.9302729960006956,0.998625,0.9625,0.9636803874092009,0.636986301369863,0.9986646379285237,0.9625,,requires predict_proba,,requires predict_proba,,1.985000000000582,success,
nnpu,scar-pi0.5-scalesmall,114,"{""batch_size"": 256, ""beta"": 0.0, ""device"": null, ""gamma"": 1.0, ""loss"": ""sigmoid"", ""max_epochs"": 500, ""model"": null, ""optimizer"": null, ""patience"": 50}",scar,0.5,0.5,0.5,True,0,,,,,0.5,,,0.525,False,-0.12442426635083559,0.9901960784313726,0.9430438842203548,0.99805,0.97,0.9707317073170731,0.6342281879194631,0.9981007760422113,0.97,,requires predict_proba,,requires predict_proba,,1.9369999999998981,success,
nnpu,scar-pi0.5-scalesmall,115,"{""batch_size"": 256, ""beta"": 0.0, ""device"": null, ""gamma"": 1.0, ""loss"": ""sigmoid"", ""max_epochs"": 500, ""model"": null, ""optimizer"": null, ""patience"": 50}",scar,0.5,0.5,0.5,True,0,,,,,0.5,,,0.525,False,-0.10914581535806733,0.9894736842105263,0.9423558897243107,0.995525,0.955,0.9560975609756097,0.6196721311475409,0.9956557682099583,0.9550000000000001,,requires predict_proba,,requires predict_proba,,1.9689999999991414,success,
nnpu,scar-pi0.5-scalesmall,116,"{""batch_size"": 256, ""beta"": 0.0, ""device"": null, ""gamma"": 1.0, ""loss"": ""sigmoid"", ""max_epochs"": 500, ""model"": null, ""optimizer"": null, ""patience"": 50}",scar,0.5,0.5,0.5,True,0,,,,,0.5,,,0.5225,False,-0.13454398708635995,0.9904761904761905,0.9478241057188427,0.99765,0.9725,0.9731051344743277,0.6440677966101694,0.9978291352754174,0.9724999999999999,,requires predict_proba,,requires predict_proba,,2.061999999999898,success,
nnpu,scar-pi0.5-scalesmall,117,"{""batch_size"": 256, ""beta"": 0.0, ""device"": null, ""gamma"": 1.0, ""loss"": ""sigmoid"", ""max_epochs"": 500, ""model"": null, ""optimizer"": null, ""patience"": 50}",scar,0.5,0.5,0.5,True,0,,,,,0.5,,,0.5275,False,-0.1144837075069633,0.98989898989899,0.9382928814208435,0.99725,0.9575,0.9586374695863747,0.6245847176079734,0.9973788686979086,0.9575,,requires predict_proba,,requires predict_proba,,2.936999999999898,success,
nnpu,scar-pi0.5-scalesmall,118,"{""batch_size"": 256, ""beta"": 0.0, ""device"": null, ""gamma"": 1.0, ""loss"": ""sigmoid"", ""max_epochs"": 500, ""model"": null, ""optimizer"": null, ""patience"": 50}",scar,0.5,0.5,0.5,True,0,,,,,0.5,,,0.525,False,-0.11688311688311687,1.0,0.9523809523809523,0.999275,0.975,0.975609756097561,0.6168831168831169,0.9992542932325592,0.975,,requires predict_proba,,requires predict_proba,,2.4069999999992433,success,
nnpu,scar-pi0.5-scalesmall,119,"{""batch_size"": 256, ""beta"": 0.0, ""device"": null, ""gamma"": 1.0, ""loss"": ""sigmoid"", ""max_epochs"": 500, ""model"": null, ""optimizer"": null, ""patience"": 50}",scar,0.5,0.5,0.5,True,0,,,,,0.5,,,0.5325,False,-0.09554140127388533,1.0,0.9389671361502347,0.996675,0.9625,0.9636803874092009,0.5955414012738853,0.9967176965955851,0.9625,,requires predict_proba,,requires predict_proba,,2.3280000000013388,success,
nnpu,scar-pi0.5-scalemid,100,"{""batch_size"": 256, ""beta"": 0.0, ""device"": null, ""gamma"": 1.0, ""loss"": ""sigmoid"", ""max_epochs"": 500, ""model"": null, ""optimizer"": null, ""patience"": 50}",scar,0.5,0.5,0.5,True,0,,,,,0.5,,,0.549,False,-0.08761844186767132,0.9938271604938271,0.9051249184825383,0.997837,0.946,0.9485224022878932,0.5937912813738441,0.9980116953808438,0.946,,requires predict_proba,,requires predict_proba,,6.765999999999622,success,
nnpu,scar-pi0.5-scalemid,101,"{""batch_size"": 256, ""beta"": 0.0, ""device"": null, ""gamma"": 1.0, ""loss"": ""sigmoid"", ""max_epochs"": 500, ""model"": null, ""optimizer"": null, ""patience"": 50}",scar,0.5,0.5,0.5,True,0,,,,,0.5,,,0.5455,False,-0.0933420365535248,1.0,0.9165902841429882,0.998572,0.9545,0.9564801530368244,0.5933420365535248,0.99856467650073,0.9545,,requires predict_proba,,requires predict_proba,,4.218000000000757,success,
nnpu,scar-pi0.5-scalemid,102,"{""batch_size"": 256, ""beta"": 0.0, ""device"": null, ""gamma"": 1.0, ""loss"": ""sigmoid"", ""max_epochs"": 500, ""model"": null, ""optimizer"": null, ""patience"": 50}",scar,0.5,0.5,0.5,True,0,,,,,0.5,,,0.552,False,-0.10377358490566035,1.0,0.9057971014492753,0.99904,0.947,0.9496197718631179,0.6037735849056604,0.9990254586289292,0.9470000000000001,,requires predict_proba,,requires predict_proba,,4.156999999999243,success,
nnpu,scar-pi0.5-scalemid,103,"{""batch_size"": 256, ""beta"": 0.0, ""device"": null, ""gamma"": 1.0, ""loss"": ""sigmoid"", ""max_epochs"": 500, ""model"": null, ""optimizer"": null, ""patience"": 50}",scar,0.5,0.5,0.5,True,0,,,,,0.5,,,0.55,False,-0.09054661387641239,0.9979296066252588,0.9072087332956897,0.9984930000000001,0.948,0.9504761904761905,0.5926170072511536,0.9985584186087767,0.948,,requires predict_proba,,requires predict_proba,,4.07799999999952,success,
nnpu,scar-pi0.5-scalemid,104,"{""batch_size"": 256, ""beta"": 0.0, ""device"": null, ""gamma"": 1.0, ""loss"": ""sigmoid"", ""max_epochs"": 500, ""model"": null, ""optimizer"": null, ""patience"": 50}",scar,0.5,0.5,0.5,True,0,,,,,0.3333333333333333,,,0.549,False,-0.10232778465158998,0.9980353634577603,0.9089575259178144,0.998642,0.949,0.9513822688274547,0.6042924211938296,0.9986581549271445,0.9490000000000001,,requires predict_proba,,requires predict_proba,,4.171999999998661,success,
nnpu,scar-pi0.5-scalemid,105,"{""batch_size"": 256, ""beta"": 0.0, ""device"": null, ""gamma"": 1.0, ""loss"": ""sigmoid"", ""max_epochs"": 500, ""model"": null, ""optimizer"": null, ""patience"": 50}",scar,0.5,0.5,0.5,True,0,,,,,0.3333333333333333,,,0.546,False,-0.10573715810540363,1.0,0.9157509157509157,0.999213,0.954,0.9560229445506692,0.6057371581054036,0.9992127516633484,0.954,,requires predict_proba,,requires predict_proba,,4.078000000001339,success,
nnpu,scar-pi0.5-scalemid,106,"{""batch_size"": 256, ""beta"": 0.0, ""device"": null, ""gamma"": 1.0, ""loss"": ""sigmoid"", ""max_epochs"": 500, ""model"": null, ""optimizer"": null, ""patience"": 50}",scar,0.5,0.5,0.5,True,0,,,,,0.5,,,0.5565,False,-0.0930732744628252,0.9980430528375733,0.8967143331873975,0.9986550000000001,0.9425,0.9455750118315192,0.5950302216252519,0.9986965800424351,0.9425,,requires predict_proba,,requires predict_proba,,4.125,success,
nnpu,scar-pi0.5-scalemid,107,"{""batch_size"": 256, ""beta"": 0.0, ""device"": null, ""gamma"": 1.0, ""loss"": ""sigmoid"", ""max_epochs"": 500, ""model"": null, ""optimizer"": null, ""patience"": 50}",scar,0.5,0.5,0.5,True,0,,,,,0.6666666666666666,,,0.55,False,-0.09213035282174614,0.997946611909651,0.9072241926451372,0.998023,0.947,0.9495238095238095,0.5941837409120951,0.9980849271804135,0.9470000000000001,,requires predict_proba,,requires predict_proba,,4.311999999999898,success,
nnpu,scar-pi0.5-scalemid,108,"{""batch_size"": 256, ""beta"": 0.0, ""device"": null, ""gamma"": 1.0, ""loss"": ""sigmoid"", ""max_epochs"": 500, ""model"": null, ""optimizer"": null, ""patience"": 50}",scar,0.5,0.5,0.5,True,0,,,,,0.3333333333333333,,,0.5635,False,-0.09428182437031996,1.0,0.8873114463176575,0.999286,0.9365,0.9402914903620122,0.59428182437032,0.9992859241221226,0.9365,,requires predict_proba,,requires predict_proba,,5.75,success,
nnpu,scar-pi0.5-scalemid,109,"{""batch_size"": 256, ""beta"": 0.0, ""device"": null, ""gamma"": 1.0, ""loss"": ""sigmoid"", ""max_epochs"": 500, ""model"": null, ""optimizer"": null, ""patience"": 50}",scar,0.5,0.5,0.5,True,0,,,,,0.3333333333333333,,,0.552,False,-0.10075185512078716,0.9980582524271845,0.9040382721260728,0.9988170000000001,0.946,0.9486692015209125,0.6026936026936027,0.998874328363318,0.946,,requires predict_proba,,requires predict_proba,,8.078999999999724,success,
nnpu,scar-pi0.5-scalemid,110,"{""batch_size"": 256, ""beta"": 0.0, ""device"": null, ""gamma"": 1.0, ""loss"": ""sigmoid"", ""max_epochs"": 500, ""model"": null, ""optimizer"": null, ""patience"": 50}",scar,0.5,0.5,0.5,True,0,,,,,0.6666666666666666,,,0.5495,False,-0.09315339038841342,1.0,0.9099181073703367,0.998405,0.9495,0.9518818484992854,0.5931533903884134,0.9984340448271113,0.9495,,requires predict_proba,,requires predict_proba,,8.110000000000582,success,
nnpu,scar-pi0.5-scalemid,111,"{""batch_size"": 256, ""beta"": 0.0, ""device"": null, ""gamma"": 1.0, ""loss"": ""sigmoid"", ""max_epochs"": 500, ""model"": null, ""optimizer"": null, ""patience"": 50}",scar,0.5,0.5,0.5,True,0,,,,,0.5,,,0.5585,False,-0.08639625352363983,0.998003992015968,0.8934682112945103,0.998471,0.9405,0.9437883797827114,0.5883922615076718,0.9985006269531665,0.9405,,requires predict_proba,,requires predict_proba,,7.5460000000002765,success,
nnpu,scar-pi0.5-scalemid,112,"{""batch_size"": 256, ""beta"": 0.0, ""device"": null, ""gamma"": 1.0, ""loss"": ""sigmoid"", ""max_epochs"": 500, ""model"": null, ""optimizer"": null, ""patience"": 50}",scar,0.5,0.5,0.5,True,0,,,,,0.3333333333333333,,,0.562,False,-0.08400000000000002,1.0,0.889679715302491,0.9988,0.938,0.9416195856873822,0.584,0.9988236824727275,0.938,,requires predict_proba,,requires predict_proba,,7.59400000000096,success,
nnpu,scar-pi0.5-scalemid,113,"{""batch_size"": 256, ""beta"": 0.0, ""device"": null, ""gamma"": 1.0, ""loss"": ""sigmoid"", ""max_epochs"": 500, ""model"": null, ""optimizer"": null, ""patience"": 50}",scar,0.5,0.5,0.5,True,0,,,,,0.6666666666666666,,,0.552,False,-0.10255548083389376,1.0,0.9057971014492753,0.998356,0.947,0.9496197718631179,0.6025554808338938,0.9985140395298505,0.9470000000000001,,requires predict_proba,,requires predict_proba,,7.4539999999997235,success,
nnpu,scar-pi0.5-scalemid,114,"{""batch_size"": 256, ""beta"": 0.0, ""device"": null, ""gamma"": 1.0, ""loss"": ""sigmoid"", ""max_epochs"": 500, ""model"": null, ""optimizer"": null, ""patience"": 50}",scar,0.5,0.5,0.5,True,0,,,,,0.5,,,0.557,False,-0.09663299663299663,1.0,0.8976660682226211,0.998621,0.943,0.9460737937559129,0.5966329966329966,0.998565360256597,0.9430000000000001,,requires predict_proba,,requires predict_proba,,7.641000000001441,success,
nnpu,scar-pi0.5-scalemid,115,"{""batch_size"": 256, ""beta"": 0.0, ""device"": null, ""gamma"": 1.0, ""loss"": ""sigmoid"", ""max_epochs"": 500, ""model"": null, ""optimizer"": null, ""patience"": 50}",scar,0.5,0.5,0.5,True,0,,,,,0.6666666666666666,,,0.553,False,-0.09251733849928834,0.9941291585127201,0.8988509570639421,0.9975980000000001,0.943,0.9458689458689459,0.5983881799865681,0.9977862264600941,0.9430000000000001,,requires predict_proba,,requires predict_proba,,7.45299999999952,success,
nnpu,scar-pi0.5-scalemid,116,"{""batch_size"": 256, ""beta"": 0.0, ""device"": null, ""gamma"": 1.0, ""loss"": ""sigmoid"", ""max_epochs"": 500, ""model"": null, ""optimizer"": null, ""patience"": 50}",scar,0.5,0.5,0.5,True,0,,,,,0.3333333333333333,,,0.5445,False,-0.09899919000168522,0.9979423868312757,0.9163841936008041,0.9984999999999999,0.9545,0.9564384873145045,0.6010568031704095,0.9985169320659923,0.9545,,requires predict_proba,,requires predict_proba,,7.82799999999952,success,
nnpu,scar-pi0.5-scalemid,117,"{""batch_size"": 256, ""beta"": 0.0, ""device"": null, ""gamma"": 1.0, ""loss"": ""sigmoid"", ""max_epochs"": 500, ""model"": null, ""optimizer"": null, ""patience"": 50}",scar,0.5,0.5,0.5,True,0,,,,,0.5,,,0.5485,False,-0.09422498938120666,0.9959514170040485,0.907886433002779,0.9982650000000001,0.9485,0.9508822126847878,0.5982735723771581,0.9982658162440504,0.9485,,requires predict_proba,,requires predict_proba,,7.781999999999243,success,
nnpu,scar-pi0.5-scalemid,118,"{""batch_size"": 256, ""beta"": 0.0, ""device"": null, ""gamma"": 1.0, ""loss"": ""sigmoid"", ""max_epochs"": 500, ""model"": null, ""optimizer"": null, ""patience"": 50}",scar,0.5,0.5,0.5,True,0,,,,,0.0,,,0.554,False,-0.1014834794335806,1.0,0.9025270758122743,0.999123,0.946,0.9487666034155597,0.6014834794335806,0.999114974055501,0.946,,requires predict_proba,,requires predict_proba,,8.313000000000102,success,
nnpu,scar-pi0.5-scalemid,119,"{""batch_size"": 256, ""beta"": 0.0, ""device"": null, ""gamma"": 1.0, ""loss"": ""sigmoid"", ""max_epochs"": 500, ""model"": null, ""optimizer"": null, ""patience"": 50}",scar,0.5,0.5,0.5,True,0,,,,,0.3333333333333333,,,0.54,False,-0.09662978564536295,0.9937369519832986,0.9201268073919431,0.997723,0.954,0.9557692307692308,0.6028928336620645,0.9977978726183568,0.954,,requires predict_proba,,requires predict_proba,,7.656000000000859,success,
nnpu,sar-pi0.1-scalesmall,100,"{""batch_size"": 256, ""beta"": 0.0, ""device"": null, ""gamma"": 1.0, ""loss"": ""sigmoid"", ""max_epochs"": 500, ""model"": null, ""optimizer"": null, ""patience"": 50}",linear,0.1,0.5,0.5,True,0,,,,,0.0,,,0.1,False,-0.04064454064454065,0.9545454545454546,0.9545454545454546,0.999375,0.99,0.95,0.9497354497354498,0.9948966408268733,0.9722222222222222,,requires predict_proba,,requires predict_proba,,1.9840000000003783,success,
nnpu,sar-pi0.1-scalesmall,101,"{""batch_size"": 256, ""beta"": 0.0, ""device"": null, ""gamma"": 1.0, ""loss"": ""sigmoid"", ""max_epochs"": 500, ""model"": null, ""optimizer"": null, ""patience"": 50}",linear,0.1,0.5,0.5,True,0,,,,,0.0,,,0.115,False,-0.021875000000000006,1.0,0.8695652173913043,0.9992361111111111,0.985,0.9302325581395349,0.921875,0.9932725179435705,0.9916666666666667,,requires predict_proba,,requires predict_proba,,1.9689999999991414,success,
nnpu,sar-pi0.1-scalesmall,102,"{""batch_size"": 256, ""beta"": 0.0, ""device"": null, ""gamma"": 1.0, ""loss"": ""sigmoid"", ""max_epochs"": 500, ""model"": null, ""optimizer"": null, ""patience"": 50}",linear,0.1,0.5,0.5,True,0,,,,,0.0,,,0.0925,False,-0.05275590551181103,1.0,1.0,0.9954861111111111,0.9825,0.9090909090909091,0.952755905511811,0.9723036226685796,0.9347222222222222,,requires predict_proba,,requires predict_proba,,2.0159999999996217,success,
nnpu,sar-pi0.1-scalesmall,103,"{""batch_size"": 256, ""beta"": 0.0, ""device"": null, ""gamma"": 1.0, ""loss"": ""sigmoid"", ""max_epochs"": 500, ""model"": null, ""optimizer"": null, ""patience"": 50}",linear,0.1,0.5,0.5,True,0,,,,,0.0,,,0.095,False,-0.05514511873350924,1.0,1.0,0.9972916666666667,0.99,0.9487179487179487,0.9551451187335093,0.9809782708404999,0.9611111111111111,,requires predict_proba,,requires predict_proba,,2.1090000000003783,success,
nnpu,sar-pi0.1-scalesmall,104,"{""batch_size"": 256, ""beta"": 0.0, ""device"": null, ""gamma"": 1.0, ""loss"": ""sigmoid"", ""max_epochs"": 500, ""model"": null, ""optimizer"": null, ""patience"": 50}",linear,0.1,0.5,0.5,True,0,,,,,0.5,,,0.085,False,-0.07082228116710876,1.0,1.0,0.9997222222222223,0.985,0.918918918918919,0.9708222811671088,0.9977272727272728,0.925,,requires predict_proba,,requires predict_proba,,1.9689999999991414,success,
nnpu,sar-pi0.1-scalesmall,105,"{""batch_size"": 256, ""beta"": 0.0, ""device"": null, ""gamma"": 1.0, ""loss"": ""sigmoid"", ""max_epochs"": 500, ""model"": null, ""optimizer"": null, ""patience"": 50}",linear,0.1,0.5,0.5,True,0,,,,,0.5,,,0.0975,False,-0.055026455026455035,1.0,1.0,0.9994444444444445,0.9925,0.9620253164556962,0.955026455026455,0.9953005328005328,0.9736111111111111,,requires predict_proba,,requires predict_proba,,2.07799999999952,success,
nnpu,sar-pi0.1-scalesmall,106,"{""batch_size"": 256, ""beta"": 0.0, ""device"": null, ""gamma"": 1.0, ""loss"": ""sigmoid"", ""max_epochs"": 500, ""model"": null, ""optimizer"": null, ""patience"": 50}",linear,0.1,0.5,0.5,True,0,,,,,0.0,,,0.1,False,-0.04736842105263159,1.0,1.0,0.9971527777777778,0.98,0.9,0.9473684210526315,0.9776376777440607,0.9444444444444444,,requires predict_proba,,requires predict_proba,,2.188000000000102,success,
nnpu,sar-pi0.1-scalesmall,107,"{""batch_size"": 256, ""beta"": 0.0, ""device"": null, ""gamma"": 1.0, ""loss"": ""sigmoid"", ""max_epochs"": 500, ""model"": null, ""optimizer"": null, ""patience"": 50}",linear,0.1,0.5,0.5,True,0,,,,,0.5,,,0.0775,False,-0.05223967422920303,0.9444444444444444,1.0,0.9964583333333333,0.9775,0.8732394366197183,0.9633507853403142,0.9753119004011861,0.8875,,requires predict_proba,,requires predict_proba,,1.6710000000002765,success,
nnpu,sar-pi0.1-scalesmall,108,"{""batch_size"": 256, ""beta"": 0.0, ""device"": null, ""gamma"": 1.0, ""loss"": ""sigmoid"", ""max_epochs"": 500, ""model"": null, ""optimizer"": null, ""patience"": 50}",linear,0.1,0.5,0.5,True,0,,,,,0.5,,,0.105,False,-0.0470899470899471,1.0,0.9523809523809524,0.9998611111111111,0.995,0.975609756097561,0.9470899470899471,0.998765243902439,0.9972222222222222,,requires predict_proba,,requires predict_proba,,1.7659999999996217,success,
nnpu,sar-pi0.1-scalesmall,109,"{""batch_size"": 256, ""beta"": 0.0, ""device"": null, ""gamma"": 1.0, ""loss"": ""sigmoid"", ""max_epochs"": 500, ""model"": null, ""optimizer"": null, ""patience"": 50}",linear,0.1,0.5,0.5,True,0,,,,,0.5,,,0.0825,False,-0.04384887114114576,0.9411764705882353,1.0,0.9934722222222222,0.9775,0.8767123287671232,0.9556135770234987,0.9763598334874395,0.8986111111111111,,requires predict_proba,,requires predict_proba,,2.0159999999996217,success,
nnpu,sar-pi0.1-scalesmall,110,"{""batch_size"": 256, ""beta"": 0.0, ""device"": null, ""gamma"": 1.0, ""loss"": ""sigmoid"", ""max_epochs"": 500, ""model"": null, ""optimizer"": null, ""patience"": 50}",linear,0.1,0.5,0.5,True,0,,,,,0.5,,,0.1025,False,-0.05733333333333334,1.0,0.9756097560975611,1.0,0.9975,0.9876543209876543,0.9573333333333334,1.0,0.9986111111111111,,requires predict_proba,,requires predict_proba,,2.061999999999898,success,
nnpu,sar-pi0.1-scalesmall,111,"{""batch_size"": 256, ""beta"": 0.0, ""device"": null, ""gamma"": 1.0, ""loss"": ""sigmoid"", ""max_epochs"": 500, ""model"": null, ""optimizer"": null, ""patience"": 50}",linear,0.1,0.5,0.5,True,0,,,,,0.0,,,0.1025,False,-0.044736842105263165,1.0,0.9756097560975611,0.9965972222222222,0.9875,0.9382716049382716,0.9447368421052632,0.9785997323632305,0.9708333333333333,,requires predict_proba,,requires predict_proba,,1.9690000000009604,success,
nnpu,sar-pi0.1-scalesmall,112,"{""batch_size"": 256, ""beta"": 0.0, ""device"": null, ""gamma"": 1.0, ""loss"": ""sigmoid"", ""max_epochs"": 500, ""model"": null, ""optimizer"": null, ""patience"": 50}",linear,0.1,0.5,0.5,True,0,,,,,0.5,,,0.1,False,-0.054907161803713536,1.0,1.0,0.9980555555555556,0.985,0.925,0.9549071618037135,0.9847246177281149,0.9583333333333334,,requires predict_proba,,requires predict_proba,,2.125,success,
nnpu,sar-pi0.1-scalesmall,113,"{""batch_size"": 256, ""beta"": 0.0, ""device"": null, ""gamma"": 1.0, ""loss"": ""sigmoid"", ""max_epochs"": 500, ""model"": null, ""optimizer"": null, ""patience"": 50}",linear,0.1,0.5,0.5,True,0,,,,,0.5,,,0.095,False,-0.052631578947368425,1.0,1.0,0.999375,0.995,0.9743589743589743,0.9526315789473684,0.9954081632653061,0.975,,requires predict_proba,,requires predict_proba,,1.9539999999997235,success,
nnpu,sar-pi0.1-scalesmall,114,"{""batch_size"": 256, ""beta"": 0.0, ""device"": null, ""gamma"": 1.0, ""loss"": ""sigmoid"", ""max_epochs"": 500, ""model"": null, ""optimizer"": null, ""patience"": 50}",linear,0.1,0.5,0.5,True,0,,,,,0.5,,,0.105,False,-0.03963254593175854,1.0,0.9523809523809524,0.9995833333333334,0.995,0.975609756097561,0.9396325459317585,0.9960962034044512,0.9972222222222222,,requires predict_proba,,requires predict_proba,,2.235000000000582,success,
nnpu,sar-pi0.1-scalesmall,115,"{""batch_size"": 256, ""beta"": 0.0, ""device"": null, ""gamma"": 1.0, ""loss"": ""sigmoid"", ""max_epochs"": 500, ""model"": null, ""optimizer"": null, ""patience"": 50}",linear,0.1,0.5,0.5,True,0,,,,,0.5,,,0.0975,False,-0.028181932403568283,0.9047619047619048,0.927960927960928,0.9990972222222223,0.9875,0.9367088607594937,0.9472295514511874,0.9920429906193556,0.9597222222222223,,requires predict_proba,,requires predict_proba,,2.1090000000003783,success,
nnpu,sar-pi0.1-scalesmall,116,"{""batch_size"": 256, ""beta"": 0.0, ""device"": null, ""gamma"": 1.0, ""loss"": ""sigmoid"", ""max_epochs"": 500, ""model"": null, ""optimizer"": null, ""patience"": 50}",linear,0.1,0.5,0.5,True,0,,,,,0.5,,,0.0875,False,-0.05089835406458098,0.9523809523809523,1.0,0.9994444444444445,0.9875,0.9333333333333333,0.9604221635883905,0.9952983018443544,0.9375,,requires predict_proba,,requires predict_proba,,2.0310000000008586,success,
nnpu,sar-pi0.1-scalesmall,117,"{""batch_size"": 256, ""beta"": 0.0, ""device"": null, ""gamma"": 1.0, ""loss"": ""sigmoid"", ""max_epochs"": 500, ""model"": null, ""optimizer"": null, ""patience"": 50}",linear,0.1,0.5,0.5,True,0,,,,,0.0,,,0.0975,False,-0.03766233766233767,1.0,1.0,0.9986111111111111,0.9925,0.9620253164556962,0.9376623376623376,0.9900971835182362,0.9736111111111111,,requires predict_proba,,requires predict_proba,,2.110000000000582,success,
nnpu,sar-pi0.1-scalesmall,118,"{""batch_size"": 256, ""beta"": 0.0, ""device"": null, ""gamma"": 1.0, ""loss"": ""sigmoid"", ""max_epochs"": 500, ""model"": null, ""optimizer"": null, ""patience"": 50}",linear,0.1,0.5,0.5,True,0,,,,,0.0,,,0.1075,False,-0.041952506596306074,1.0,0.930232558139535,0.9997916666666666,0.9925,0.963855421686747,0.941952506596306,0.9981845238095237,0.9958333333333333,,requires predict_proba,,requires predict_proba,,2.0939999999991414,success,
nnpu,sar-pi0.1-scalesmall,119,"{""batch_size"": 256, ""beta"": 0.0, ""device"": null, ""gamma"": 1.0, ""loss"": ""sigmoid"", ""max_epochs"": 500, ""model"": null, ""optimizer"": null, ""patience"": 50}",linear,0.1,0.5,0.5,True,0,,,,,0.5,,,0.105,False,-0.03963254593175854,1.0,0.9523809523809524,0.9998611111111111,0.995,0.975609756097561,0.9396325459317585,0.9988095238095238,0.9972222222222222,,requires predict_proba,,requires predict_proba,,1.9529999999995198,success,
nnpu,sar-pi0.1-scalemid,100,"{""batch_size"": 256, ""beta"": 0.0, ""device"": null, ""gamma"": 1.0, ""loss"": ""sigmoid"", ""max_epochs"": 500, ""model"": null, ""optimizer"": null, ""patience"": 50}",linear,0.1,0.5,0.5,True,0,,,,,0.625,,,0.0995,False,-0.0464004203888597,1.0,1.0,0.998725,0.9895,0.9473684210526315,0.9464004203888597,0.9904766284572903,0.9697222222222222,,requires predict_proba,,requires predict_proba,,8.375,success,
nnpu,sar-pi0.1-scalemid,101,"{""batch_size"": 256, ""beta"": 0.0, ""device"": null, ""gamma"": 1.0, ""loss"": ""sigmoid"", ""max_epochs"": 500, ""model"": null, ""optimizer"": null, ""patience"": 50}",linear,0.1,0.5,0.5,True,0,,,,,0.5,,,0.104,False,-0.03969585736759308,1.0,0.9615384615384617,0.9990111111111111,0.99,0.9509803921568627,0.9396958573675931,0.9928498894179916,0.981111111111111,,requires predict_proba,,requires predict_proba,,8.531999999999243,success,
nnpu,sar-pi0.1-scalemid,102,"{""batch_size"": 256, ""beta"": 0.0, ""device"": null, ""gamma"": 1.0, ""loss"": ""sigmoid"", ""max_epochs"": 500, ""model"": null, ""optimizer"": null, ""patience"": 50}",linear,0.1,0.5,0.5,True,0,,,,,0.5,,,0.104,False,-0.043213971604472934,0.9904761904761905,0.9523809523809524,0.9995027777777777,0.992,0.9607843137254902,0.9451187335092348,0.9957710539700594,0.9866666666666666,,requires predict_proba,,requires predict_proba,,8.514999999999418,success,
nnpu,sar-pi0.1-scalemid,103,"{""batch_size"": 256, ""beta"": 0.0, ""device"": null, ""gamma"": 1.0, ""loss"": ""sigmoid"", ""max_epochs"": 500, ""model"": null, ""optimizer"": null, ""patience"": 50}",linear,0.1,0.5,0.5,True,0,,,,,0.375,,,0.101,False,-0.04931362196409715,1.0,0.9900990099009901,0.9985555555555555,0.993,0.9651741293532339,0.9493136219640972,0.9933832319427714,0.9827777777777778,,requires predict_proba,,requires predict_proba,,8.610000000000582,success,
nnpu,sar-pi0.1-scalemid,104,"{""batch_size"": 256, ""beta"": 0.0, ""device"": null, ""gamma"": 1.0, ""loss"": ""sigmoid"", ""max_epochs"": 500, ""model"": null, ""optimizer"": null, ""patience"": 50}",linear,0.1,0.5,0.5,True,0,,,,,0.5,,,0.0975,False,-0.04494736842105264,0.98,1.0,0.9984888888888889,0.9895,0.9468354430379747,0.9489473684210527,0.9907077580419796,0.9652777777777778,,requires predict_proba,,requires predict_proba,,8.718000000000757,success,
nnpu,sar-pi0.1-scalemid,105,"{""batch_size"": 256, ""beta"": 0.0, ""device"": null, ""gamma"": 1.0, ""loss"": ""sigmoid"", ""max_epochs"": 500, ""model"": null, ""optimizer"": null, ""patience"": 50}",linear,0.1,0.5,0.5,True,0,,,,,0.375,,,0.1005,False,-0.04089958158995816,1.0,0.9950248756218906,0.9992416666666667,0.9925,0.9625935162094763,0.9408995815899581,0.9938337696200302,0.9802777777777778,,requires predict_proba,,requires predict_proba,,8.484000000000378,success,
nnpu,sar-pi0.1-scalemid,106,"{""batch_size"": 256, ""beta"": 0.0, ""device"": null, ""gamma"": 1.0, ""loss"": ""sigmoid"", ""max_epochs"": 500, ""model"": null, ""optimizer"": null, ""patience"": 50}",linear,0.1,0.5,0.5,True,0,,,,,0.5,,,0.099,False,-0.053439153439153446,1.0,1.0,0.9989083333333333,0.99,0.949748743718593,0.9534391534391534,0.9916487476700856,0.97,,requires predict_proba,,requires predict_proba,,8.640999999999622,success,
nnpu,sar-pi0.1-scalemid,107,"{""batch_size"": 256, ""beta"": 0.0, ""device"": null, ""gamma"": 1.0, ""loss"": ""sigmoid"", ""max_epochs"": 500, ""model"": null, ""optimizer"": null, ""patience"": 50}",linear,0.1,0.5,0.5,True,0,,,,,0.5,,,0.098,False,-0.04388174219841764,0.9797979797979798,0.9997938569367141,0.9978388888888889,0.987,0.9343434343434344,0.9479221462388217,0.9875475420299885,0.9594444444444445,,requires predict_proba,,requires predict_proba,,8.57799999999952,success,
nnpu,sar-pi0.1-scalemid,108,"{""batch_size"": 256, ""beta"": 0.0, ""device"": null, ""gamma"": 1.0, ""loss"": ""sigmoid"", ""max_epochs"": 500, ""model"": null, ""optimizer"": null, ""patience"": 50}",linear,0.1,0.5,0.5,True,0,,,,,0.625,,,0.102,False,-0.04476591267753814,1.0,0.9803921568627452,0.9995083333333333,0.994,0.9702970297029703,0.9447659126775382,0.9959246944653495,0.9877777777777778,,requires predict_proba,,requires predict_proba,,7.968999999999141,success,
nnpu,sar-pi0.1-scalemid,109,"{""batch_size"": 256, ""beta"": 0.0, ""device"": null, ""gamma"": 1.0, ""loss"": ""sigmoid"", ""max_epochs"": 500, ""model"": null, ""optimizer"": null, ""patience"": 50}",linear,0.1,0.5,0.5,True,0,,,,,0.375,,,0.096,False,-0.049224776982032925,0.9809523809523809,1.0,0.9981638888888889,0.99,0.9489795918367347,0.9530343007915567,0.9890486128836681,0.9633333333333334,,requires predict_proba,,requires predict_proba,,8.625,success,
nnpu,sar-pi0.1-scalemid,110,"{""batch_size"": 256, ""beta"": 0.0, ""device"": null, ""gamma"": 1.0, ""loss"": ""sigmoid"", ""max_epochs"": 500, ""model"": null, ""optimizer"": null, ""patience"": 50}",linear,0.1,0.5,0.5,True,0,,,,,0.5,,,0.1045,False,-0.035736677115987464,1.0,0.9569377990430623,0.99905,0.9895,0.9486552567237164,0.9357366771159875,0.993413206951163,0.9808333333333333,,requires predict_proba,,requires predict_proba,,8.328000000001339,success,
nnpu,sar-pi0.1-scalemid,111,"{""batch_size"": 256, ""beta"": 0.0, ""device"": null, ""gamma"": 1.0, ""loss"": ""sigmoid"", ""max_epochs"": 500, ""model"": null, ""optimizer"": null, ""patience"": 50}",linear,0.1,0.5,0.5,True,0,,,,,0.5,,,0.1025,False,-0.044736842105263165,1.0,0.9756097560975611,0.9989944444444445,0.9925,0.9629629629629629,0.9447368421052632,0.9908624681855954,0.9847222222222223,,requires predict_proba,,requires predict_proba,,8.515999999999622,success,
nnpu,sar-pi0.1-scalemid,112,"{""batch_size"": 256, ""beta"": 0.0, ""device"": null, ""gamma"": 1.0, ""loss"": ""sigmoid"", ""max_epochs"": 500, ""model"": null, ""optimizer"": null, ""patience"": 50}",linear,0.1,0.5,0.5,True,0,,,,,0.5,,,0.1015,False,-0.04578947368421053,1.0,0.9852216748768473,0.9989722222222223,0.9925,0.9627791563275434,0.9457894736842105,0.9933138875203166,0.9824999999999999,,requires predict_proba,,requires predict_proba,,8.938000000000102,success,
nnpu,sar-pi0.1-scalemid,113,"{""batch_size"": 256, ""beta"": 0.0, ""device"": null, ""gamma"": 1.0, ""loss"": ""sigmoid"", ""max_epochs"": 500, ""model"": null, ""optimizer"": null, ""patience"": 50}",linear,0.1,0.5,0.5,True,0,,,,,0.625,,,0.102,False,-0.03808506841508413,0.989010989010989,0.9696186166774403,0.9988611111111111,0.991,0.9554455445544554,0.9402828706128863,0.9908388949847632,0.9794444444444445,,requires predict_proba,,requires predict_proba,,8.46900000000096,success,
nnpu,sar-pi0.1-scalemid,114,"{""batch_size"": 256, ""beta"": 0.0, ""device"": null, ""gamma"": 1.0, ""loss"": ""sigmoid"", ""max_epochs"": 500, ""model"": null, ""optimizer"": null, ""patience"": 50}",linear,0.1,0.5,0.5,True,0,,,,,0.375,,,0.1055,False,-0.04606028556319408,1.0,0.9478672985781992,0.999175,0.9895,0.948905109489051,0.9460602855631941,0.9928895521962376,0.9830555555555556,,requires predict_proba,,requires predict_proba,,8.390999999999622,success,
nnpu,sar-pi0.1-scalemid,115,"{""batch_size"": 256, ""beta"": 0.0, ""device"": null, ""gamma"": 1.0, ""loss"": ""sigmoid"", ""max_epochs"": 500, ""model"": null, ""optimizer"": null, ""patience"": 50}",linear,0.1,0.5,0.5,True,0,,,,,0.5,,,0.1015,False,-0.04342002764166353,0.9809523809523809,0.9664555477363359,0.9981666666666666,0.9915,0.9578163771712159,0.9472295514511874,0.9895138551827267,0.9797222222222222,,requires predict_proba,,requires predict_proba,,9.813000000000102,success,
nnpu,sar-pi0.1-scalemid,116,"{""batch_size"": 256, ""beta"": 0.0, ""device"": null, ""gamma"": 1.0, ""loss"": ""sigmoid"", ""max_epochs"": 500, ""model"": null, ""optimizer"": null, ""patience"": 50}",linear,0.1,0.5,0.5,True,0,,,,,0.5,,,0.102,False,-0.045842880197645,0.9905660377358491,0.9711431742508325,0.9991777777777778,0.993,0.9653465346534653,0.9477296726504751,0.9935390895788887,0.985,,requires predict_proba,,requires predict_proba,,7.20299999999952,success,
nnpu,sar-pi0.1-scalemid,117,"{""batch_size"": 256, ""beta"": 0.0, ""device"": null, ""gamma"": 1.0, ""loss"": ""sigmoid"", ""max_epochs"": 500, ""model"": null, ""optimizer"": null, ""patience"": 50}",linear,0.1,0.5,0.5,True,0,,,,,0.375,,,0.102,False,-0.045842880197645,0.9905660377358491,0.9711431742508325,0.9992111111111112,0.992,0.9603960396039604,0.9477296726504751,0.9938526538878977,0.9822222222222222,,requires predict_proba,,requires predict_proba,,8.59400000000096,success,
nnpu,sar-pi0.1-scalemid,118,"{""batch_size"": 256, ""beta"": 0.0, ""device"": null, ""gamma"": 1.0, ""loss"": ""sigmoid"", ""max_epochs"": 500, ""model"": null, ""optimizer"": null, ""patience"": 50}",linear,0.1,0.5,0.5,True,0,,,,,0.5,,,0.103,False,-0.042722017866526546,1.0,0.9708737864077671,0.9996805555555555,0.994,0.9704433497536946,0.9427220178665265,0.9970982648108199,0.99,,requires predict_proba,,requires predict_proba,,8.42200000000048,success,
nnpu,sar-pi0.1-scalemid,119,"{""batch_size"": 256, ""beta"": 0.0, ""device"": null, ""gamma"": 1.0, ""loss"": ""sigmoid"", ""max_epochs"": 500, ""model"": null, ""optimizer"": null, ""patience"": 50}",linear,0.1,0.5,0.5,True,0,,,,,0.625,,,0.097,False,-0.04385316727251058,0.979381443298969,1.0,0.9975916666666667,0.989,0.9441624365482234,0.9479768786127167,0.9859865111064936,0.9627777777777777,,requires predict_proba,,requires predict_proba,,8.67200000000048,success,
nnpu,sar-pi0.3-scalesmall,100,"{""batch_size"": 256, ""beta"": 0.0, ""device"": null, ""gamma"": 1.0, ""loss"": ""sigmoid"", ""max_epochs"": 500, ""model"": null, ""optimizer"": null, ""patience"": 50}",linear,0.3,0.5,0.5,True,0,,,,,0.5,,,0.29,False,-0.1304093567251462,1.0,1.0,0.9984821428571429,0.975,0.9576271186440678,0.8304093567251462,0.9966200549375832,0.9654761904761905,,requires predict_proba,,requires predict_proba,,1.9839999999985594,success,
nnpu,sar-pi0.3-scalesmall,101,"{""batch_size"": 256, ""beta"": 0.0, ""device"": null, ""gamma"": 1.0, ""loss"": ""sigmoid"", ""max_epochs"": 500, ""model"": null, ""optimizer"": null, ""patience"": 50}",linear,0.3,0.5,0.5,True,0,,,,,0.5,,,0.3175,False,-0.10294117647058823,1.0,0.9448818897637795,0.9982738095238095,0.9825,0.97165991902834,0.8029411764705883,0.9957952057194427,0.9875,,requires predict_proba,,requires predict_proba,,2.1719999999986612,success,
nnpu,sar-pi0.3-scalesmall,102,"{""batch_size"": 256, ""beta"": 0.0, ""device"": null, ""gamma"": 1.0, ""loss"": ""sigmoid"", ""max_epochs"": 500, ""model"": null, ""optimizer"": null, ""patience"": 50}",linear,0.3,0.5,0.5,True,0,,,,,0.5,,,0.295,False,-0.12215743440233234,1.0,1.0,0.9978571428571429,0.985,0.9747899159663865,0.8221574344023324,0.9957190869466015,0.9797619047619048,,requires predict_proba,,requires predict_proba,,2.1569999999992433,success,
nnpu,sar-pi0.3-scalesmall,103,"{""batch_size"": 256, ""beta"": 0.0, ""device"": null, ""gamma"": 1.0, ""loss"": ""sigmoid"", ""max_epochs"": 500, ""model"": null, ""optimizer"": null, ""patience"": 50}",linear,0.3,0.5,0.5,True,0,,,,,1.0,,,0.2975,False,-0.12831168831168832,0.9714285714285714,0.979591836734694,0.9970535714285714,0.9675,0.9456066945606695,0.8454545454545455,0.9933845989508945,0.9601190476190475,,requires predict_proba,,requires predict_proba,,1.9690000000009604,success,
nnpu,sar-pi0.3-scalesmall,104,"{""batch_size"": 256, ""beta"": 0.0, ""device"": null, ""gamma"": 1.0, ""loss"": ""sigmoid"", ""max_epochs"": 500, ""model"": null, ""optimizer"": null, ""patience"": 50}",linear,0.3,0.5,0.5,True,0,,,,,0.5,,,0.2675,False,-0.16516058791507893,0.9848484848484849,1.0,0.9977678571428572,0.9675,0.9427312775330396,0.874251497005988,0.9951016981438894,0.9458333333333333,,requires predict_proba,,requires predict_proba,,1.9840000000003783,success,
nnpu,sar-pi0.3-scalesmall,105,"{""batch_size"": 256, ""beta"": 0.0, ""device"": null, ""gamma"": 1.0, ""loss"": ""sigmoid"", ""max_epochs"": 500, ""model"": null, ""optimizer"": null, ""patience"": 50}",linear,0.3,0.5,0.5,True,0,,,,,0.5,,,0.2975,False,-0.12404692082111435,1.0,1.0,0.9986607142857142,0.9825,0.9707112970711297,0.8240469208211144,0.9972203239867603,0.9779761904761906,,requires predict_proba,,requires predict_proba,,2.0939999999991414,success,
nnpu,sar-pi0.3-scalesmall,106,"{""batch_size"": 256, ""beta"": 0.0, ""device"": null, ""gamma"": 1.0, ""loss"": ""sigmoid"", ""max_epochs"": 500, ""model"": null, ""optimizer"": null, ""patience"": 50}",linear,0.3,0.5,0.5,True,0,,,,,0.5,,,0.2975,False,-0.09635438745231029,0.9523809523809523,0.9603841536614646,0.992202380952381,0.9575,0.9288702928870293,0.8249258160237388,0.9847521437722543,0.9482142857142857,,requires predict_proba,,requires predict_proba,,1.9840000000003783,success,
nnpu,sar-pi0.3-scalesmall,107,"{""batch_size"": 256, ""beta"": 0.0, ""device"": null, ""gamma"": 1.0, ""loss"": ""sigmoid"", ""max_epochs"": 500, ""model"": null, ""optimizer"": null, ""patience"": 50}",linear,0.3,0.5,0.5,True,0,,,,,0.5,,,0.275,False,-0.11014771997430955,0.9629629629629629,1.0,0.9951785714285715,0.965,0.9391304347826087,0.8323699421965318,0.989669621763417,0.9464285714285714,,requires predict_proba,,requires predict_proba,,2.0159999999996217,success,
nnpu,sar-pi0.3-scalesmall,108,"{""batch_size"": 256, ""beta"": 0.0, ""device"": null, ""gamma"": 1.0, ""loss"": ""sigmoid"", ""max_epochs"": 500, ""model"": null, ""optimizer"": null, ""patience"": 50}",linear,0.3,0.5,0.5,True,0,,,,,0.5,,,0.305,False,-0.12005899705014747,1.0,0.9836065573770492,0.9988095238095238,0.99,0.9834710743801653,0.8200589970501475,0.9975111621089334,0.9904761904761905,,requires predict_proba,,requires predict_proba,,1.9219999999986612,success,
nnpu,sar-pi0.3-scalesmall,109,"{""batch_size"": 256, ""beta"": 0.0, ""device"": null, ""gamma"": 1.0, ""loss"": ""sigmoid"", ""max_epochs"": 500, ""model"": null, ""optimizer"": null, ""patience"": 50}",linear,0.3,0.5,0.5,True,0,,,,,0.5,,,0.255,False,-0.12181715416136779,0.9206349206349206,1.0,0.9925595238095237,0.945,0.9009009009009009,0.8694362017804155,0.9851020816587823,0.9130952380952382,,requires predict_proba,,requires predict_proba,,2.0939999999991414,success,
nnpu,sar-pi0.3-scalesmall,110,"{""batch_size"": 256, ""beta"": 0.0, ""device"": null, ""gamma"": 1.0, ""loss"": ""sigmoid"", ""max_epochs"": 500, ""model"": null, ""optimizer"": null, ""patience"": 50}",linear,0.3,0.5,0.5,True,0,,,,,0.5,,,0.305,False,-0.09448716088785722,0.9672131147540983,0.9513571620532115,0.9971130952380952,0.975,0.9586776859504132,0.8141592920353983,0.9943468547368316,0.9726190476190476,,requires predict_proba,,requires predict_proba,,1.9530000000013388,success,
nnpu,sar-pi0.3-scalesmall,111,"{""batch_size"": 256, ""beta"": 0.0, ""device"": null, ""gamma"": 1.0, ""loss"": ""sigmoid"", ""max_epochs"": 500, ""model"": null, ""optimizer"": null, ""patience"": 50}",linear,0.3,0.5,0.5,True,0,,,,,0.5,,,0.3075,False,-0.09921467269745016,0.9830508474576272,0.9590739975196363,0.9961607142857143,0.9725,0.9547325102880658,0.8093841642228738,0.9920898106877276,0.9708333333333333,,requires predict_proba,,requires predict_proba,,1.9689999999991414,success,
nnpu,sar-pi0.3-scalesmall,112,"{""batch_size"": 256, ""beta"": 0.0, ""device"": null, ""gamma"": 1.0, ""loss"": ""sigmoid"", ""max_epochs"": 500, ""model"": null, ""optimizer"": null, ""patience"": 50}",linear,0.3,0.5,0.5,True,0,,,,,0.5,,,0.2975,False,-0.12395833333333334,0.984375,0.9926470588235293,0.9890178571428572,0.9575,0.9288702928870293,0.8333333333333334,0.9778056235967925,0.9482142857142857,,requires predict_proba,,requires predict_proba,,2.1090000000003783,success,
nnpu,sar-pi0.3-scalesmall,113,"{""batch_size"": 256, ""beta"": 0.0, ""device"": null, ""gamma"": 1.0, ""loss"": ""sigmoid"", ""max_epochs"": 500, ""model"": null, ""optimizer"": null, ""patience"": 50}",linear,0.3,0.5,0.5,True,0,,,,,0.5,,,0.2975,False,-0.09925595238095236,0.953125,0.9611344537815126,0.9980952380952381,0.9825,0.9707112970711297,0.8273809523809523,0.9960472154245971,0.9779761904761906,,requires predict_proba,,requires predict_proba,,1.9529999999995198,success,
nnpu,sar-pi0.3-scalesmall,114,"{""batch_size"": 256, ""beta"": 0.0, ""device"": null, ""gamma"": 1.0, ""loss"": ""sigmoid"", ""max_epochs"": 500, ""model"": null, ""optimizer"": null, ""patience"": 50}",linear,0.3,0.5,0.5,True,0,,,,,1.0,,,0.3025,False,-0.11540200649992935,0.9841269841269841,0.9759937032664304,0.9978571428571429,0.9875,0.979253112033195,0.8249258160237388,0.9955484133817907,0.9863095238095239,,requires predict_proba,,requires predict_proba,,2.0,success,
nnpu,sar-pi0.3-scalesmall,115,"{""batch_size"": 256, ""beta"": 0.0, ""device"": null, ""gamma"": 1.0, ""loss"": ""sigmoid"", ""max_epochs"": 500, ""model"": null, ""optimizer"": null, ""patience"": 50}",linear,0.3,0.5,0.5,True,0,,,,,0.5,,,0.285,False,-0.08458574181117534,0.9444444444444444,0.9941520467836258,0.995,0.96,0.9316239316239316,0.8179190751445087,0.9897666828743575,0.9452380952380952,,requires predict_proba,,requires predict_proba,,2.0939999999991414,success,
nnpu,sar-pi0.3-scalesmall,116,"{""batch_size"": 256, ""beta"": 0.0, ""device"": null, ""gamma"": 1.0, ""loss"": ""sigmoid"", ""max_epochs"": 500, ""model"": null, ""optimizer"": null, ""patience"": 50}",linear,0.3,0.5,0.5,True,0,,,,,0.5,,,0.2825,False,-0.0985684290895209,0.9354838709677419,0.9934341992577791,0.9979166666666666,0.9675,0.944206008583691,0.8372781065088757,0.9952464922542764,0.9529761904761904,,requires predict_proba,,requires predict_proba,,1.9530000000013388,success,
nnpu,sar-pi0.3-scalesmall,117,"{""batch_size"": 256, ""beta"": 0.0, ""device"": null, ""gamma"": 1.0, ""loss"": ""sigmoid"", ""max_epochs"": 500, ""model"": null, ""optimizer"": null, ""patience"": 50}",linear,0.3,0.5,0.5,True,0,,,,,0.5,,,0.2875,False,-0.10957304040956312,0.9661016949152542,1.0,0.9984226190476191,0.9775,0.9617021276595744,0.8299120234604106,0.9965506323383538,0.9672619047619048,,requires predict_proba,,requires predict_proba,,1.984999999998763,success,
nnpu,sar-pi0.3-scalesmall,118,"{""batch_size"": 256, ""beta"": 0.0, ""device"": null, ""gamma"": 1.0, ""loss"": ""sigmoid"", ""max_epochs"": 500, ""model"": null, ""optimizer"": null, ""patience"": 50}",linear,0.3,0.5,0.5,True,0,,,,,0.5,,,0.2975,False,-0.10323920265780731,0.9821428571428571,0.9903961584633852,0.9991964285714285,0.9825,0.9707112970711297,0.813953488372093,0.9981217020624473,0.9779761904761906,,requires predict_proba,,requires predict_proba,,2.0930000000007567,success,
nnpu,sar-pi0.3-scalesmall,119,"{""batch_size"": 256, ""beta"": 0.0, ""device"": null, ""gamma"": 1.0, ""loss"": ""sigmoid"", ""max_epochs"": 500, ""model"": null, ""optimizer"": null, ""patience"": 50}",linear,0.3,0.5,0.5,True,0,,,,,0.5,,,0.3125,False,-0.10610119047619046,0.984375,0.945,0.9962202380952381,0.9725,0.9551020408163265,0.8154761904761905,0.9910305022617225,0.9732142857142857,,requires predict_proba,,requires predict_proba,,1.9529999999995198,success,
nnpu,sar-pi0.3-scalemid,100,"{""batch_size"": 256, ""beta"": 0.0, ""device"": null, ""gamma"": 1.0, ""loss"": ""sigmoid"", ""max_epochs"": 500, ""model"": null, ""optimizer"": null, ""patience"": 50}",linear,0.3,0.5,0.5,True,0,,,,,0.5714285714285714,,,0.3195,False,-0.10135334034951352,0.996742671009772,0.9359086112767812,0.9975833333333334,0.9675,0.9475383373688459,0.8033077377436503,0.9951383302815928,0.9705952380952381,,requires predict_proba,,requires predict_proba,,7.90599999999904,success,
nnpu,sar-pi0.3-scalemid,101,"{""batch_size"": 256, ""beta"": 0.0, ""device"": null, ""gamma"": 1.0, ""loss"": ""sigmoid"", ""max_epochs"": 500, ""model"": null, ""optimizer"": null, ""patience"": 50}",linear,0.3,0.5,0.5,True,0,,,,,0.42857142857142855,,,0.321,False,-0.09137529137529135,1.0,0.9345794392523364,0.9988714285714285,0.975,0.9597423510466989,0.7913752913752914,0.9974474577029857,0.9802380952380952,,requires predict_proba,,requires predict_proba,,8.061999999999898,success,
nnpu,sar-pi0.3-scalemid,102,"{""batch_size"": 256, ""beta"": 0.0, ""device"": null, ""gamma"": 1.0, ""loss"": ""sigmoid"", ""max_epochs"": 500, ""model"": null, ""optimizer"": null, ""patience"": 50}",linear,0.3,0.5,0.5,True,0,,,,,0.42857142857142855,,,0.32,False,-0.10712166172106824,1.0,0.9375,0.9989690476190476,0.976,0.9612903225806452,0.8071216617210683,0.9976999422286428,0.9809523809523809,,requires predict_proba,,requires predict_proba,,8.28099999999904,success,
nnpu,sar-pi0.3-scalemid,103,"{""batch_size"": 256, ""beta"": 0.0, ""device"": null, ""gamma"": 1.0, ""loss"": ""sigmoid"", ""max_epochs"": 500, ""model"": null, ""optimizer"": null, ""patience"": 50}",linear,0.3,0.5,0.5,True,0,,,,,0.5714285714285714,,,0.32,False,-0.09219623078027578,0.9965397923875432,0.9342560553633217,0.9984690476190476,0.973,0.9564516129032258,0.7942723553477499,0.9968740503240198,0.9773809523809524,,requires predict_proba,,requires predict_proba,,7.92200000000048,success,
nnpu,sar-pi0.3-scalemid,104,"{""batch_size"": 256, ""beta"": 0.0, ""device"": null, ""gamma"": 1.0, ""loss"": ""sigmoid"", ""max_epochs"": 500, ""model"": null, ""optimizer"": null, ""patience"": 50}",linear,0.3,0.5,0.5,True,0,,,,,0.2857142857142857,,,0.319,False,-0.09668189316076639,0.9966216216216216,0.937261713123782,0.9984464285714285,0.975,0.9596122778675282,0.7987089201877934,0.996580487688953,0.9792857142857143,,requires predict_proba,,requires predict_proba,,8.078000000001339,success,
nnpu,sar-pi0.3-scalemid,105,"{""batch_size"": 256, ""beta"": 0.0, ""device"": null, ""gamma"": 1.0, ""loss"": ""sigmoid"", ""max_epochs"": 500, ""model"": null, ""optimizer"": null, ""patience"": 50}",linear,0.3,0.5,0.5,True,0,,,,,0.5714285714285714,,,0.32,False,-0.0957870099473376,1.0,0.9375,0.9994166666666666,0.978,0.964516129032258,0.7957870099473376,0.9986754716931798,0.9833333333333334,,requires predict_proba,,requires predict_proba,,8.07799999999952,success,
nnpu,sar-pi0.3-scalemid,106,"{""batch_size"": 256, ""beta"": 0.0, ""device"": null, ""gamma"": 1.0, ""loss"": ""sigmoid"", ""max_epochs"": 500, ""model"": null, ""optimizer"": null, ""patience"": 50}",linear,0.3,0.5,0.5,True,0,,,,,0.7142857142857143,,,0.3225,False,-0.09780933562417388,0.996742671009772,0.9272024846602529,0.9976630952380953,0.9685,0.9493975903614458,0.7997637330183107,0.9949557323128015,0.9732142857142857,,requires predict_proba,,requires predict_proba,,7.96900000000096,success,
nnpu,sar-pi0.3-scalemid,107,"{""batch_size"": 256, ""beta"": 0.0, ""device"": null, ""gamma"": 1.0, ""loss"": ""sigmoid"", ""max_epochs"": 500, ""model"": null, ""optimizer"": null, ""patience"": 50}",linear,0.3,0.5,0.5,True,0,,,,,0.5714285714285714,,,0.3215,False,-0.09310344827586206,1.0,0.9331259720062208,0.9973226190476191,0.9735,0.9573612228479486,0.7931034482758621,0.9943575965317858,0.9786904761904762,,requires predict_proba,,requires predict_proba,,8.140999999999622,success,
nnpu,sar-pi0.3-scalemid,108,"{""batch_size"": 256, ""beta"": 0.0, ""device"": null, ""gamma"": 1.0, ""loss"": ""sigmoid"", ""max_epochs"": 500, ""model"": null, ""optimizer"": null, ""patience"": 50}",linear,0.3,0.5,0.5,True,0,,,,,0.42857142857142855,,,0.3205,False,-0.09941176470588234,1.0,0.9360374414976599,0.9992869047619047,0.9765,0.9621273166800967,0.7994117647058824,0.9983697117442543,0.9817857142857143,,requires predict_proba,,requires predict_proba,,6.531000000000859,success,
nnpu,sar-pi0.3-scalemid,109,"{""batch_size"": 256, ""beta"": 0.0, ""device"": null, ""gamma"": 1.0, ""loss"": ""sigmoid"", ""max_epochs"": 500, ""model"": null, ""optimizer"": null, ""patience"": 50}",linear,0.3,0.5,0.5,True,0,,,,,0.5714285714285714,,,0.319,False,-0.10338995991601452,0.9967741935483871,0.9374051976944079,0.9976285714285714,0.968,0.9483037156704361,0.8053254437869822,0.9952843867737603,0.970952380952381,,requires predict_proba,,requires predict_proba,,4.875,success,
nnpu,sar-pi0.3-scalemid,110,"{""batch_size"": 256, ""beta"": 0.0, ""device"": null, ""gamma"": 1.0, ""loss"": ""sigmoid"", ""max_epochs"": 500, ""model"": null, ""optimizer"": null, ""patience"": 50}",linear,0.3,0.5,0.5,True,0,,,,,0.2857142857142857,,,0.328,False,-0.08321678321678322,1.0,0.9146341463414633,0.9982392857142857,0.967,0.947452229299363,0.7832167832167832,0.9960661815292383,0.974047619047619,,requires predict_proba,,requires predict_proba,,8.296999999998661,success,
nnpu,sar-pi0.3-scalemid,111,"{""batch_size"": 256, ""beta"": 0.0, ""device"": null, ""gamma"": 1.0, ""loss"": ""sigmoid"", ""max_epochs"": 500, ""model"": null, ""optimizer"": null, ""patience"": 50}",linear,0.3,0.5,0.5,True,0,,,,,0.5714285714285714,,,0.3285,False,-0.08953556731334508,1.0,0.91324200913242,0.9986142857142858,0.9665,0.9466984884645983,0.7895355673133451,0.9969404062254934,0.9736904761904762,,requires predict_proba,,requires predict_proba,,7.95299999999952,success,
nnpu,sar-pi0.3-scalemid,112,"{""batch_size"": 256, ""beta"": 0.0, ""device"": null, ""gamma"": 1.0, ""loss"": ""sigmoid"", ""max_epochs"": 500, ""model"": null, ""optimizer"": null, ""patience"": 50}",linear,0.3,0.5,0.5,True,0,,,,,0.2857142857142857,,,0.3295,False,-0.08295514754544125,0.9965870307167235,0.9073630021700062,0.9980107142857143,0.9645,0.9436060365369341,0.7850029291154071,0.9956565030038824,0.9717857142857143,,requires predict_proba,,requires predict_proba,,8.264999999999418,success,
nnpu,sar-pi0.3-scalemid,113,"{""batch_size"": 256, ""beta"": 0.0, ""device"": null, ""gamma"": 1.0, ""loss"": ""sigmoid"", ""max_epochs"": 500, ""model"": null, ""optimizer"": null, ""patience"": 50}",linear,0.3,0.5,0.5,True,0,,,,,0.5714285714285714,,,0.32,False,-0.09645896261011522,0.9966442953020134,0.9343540268456374,0.9986999999999999,0.976,0.9612903225806452,0.7984723854289072,0.9969181627714856,0.9809523809523809,,requires predict_proba,,requires predict_proba,,7.95299999999952,success,
nnpu,sar-pi0.3-scalemid,114,"{""batch_size"": 256, ""beta"": 0.0, ""device"": null, ""gamma"": 1.0, ""loss"": ""sigmoid"", ""max_epochs"": 500, ""model"": null, ""optimizer"": null, ""patience"": 50}",linear,0.3,0.5,0.5,True,0,,,,,0.42857142857142855,,,0.3255,False,-0.09665512212905578,0.9967948717948718,0.9187049509630154,0.9987238095238095,0.9715,0.9544364508393285,0.7985781990521327,0.9970809069298856,0.9782142857142857,,requires predict_proba,,requires predict_proba,,8.140999999999622,success,
nnpu,sar-pi0.3-scalemid,115,"{""batch_size"": 256, ""beta"": 0.0, ""device"": null, ""gamma"": 1.0, ""loss"": ""sigmoid"", ""max_epochs"": 500, ""model"": null, ""optimizer"": null, ""patience"": 50}",linear,0.3,0.5,0.5,True,0,,,,,0.5714285714285714,,,0.3175,False,-0.09970829195630584,0.993421052631579,0.9386655615416494,0.9974785714285714,0.9715,0.9538461538461539,0.8036556603773585,0.9950055171816019,0.974404761904762,,requires predict_proba,,requires predict_proba,,8.578000000001339,success,
nnpu,sar-pi0.3-scalemid,116,"{""batch_size"": 256, ""beta"": 0.0, ""device"": null, ""gamma"": 1.0, ""loss"": ""sigmoid"", ""max_epochs"": 500, ""model"": null, ""optimizer"": null, ""patience"": 50}",linear,0.3,0.5,0.5,True,0,,,,,0.42857142857142855,,,0.3245,False,-0.0998815867377146,1.0,0.9244992295839752,0.998525,0.9735,0.9575660528422738,0.7998815867377146,0.9965411028813846,0.9801190476190476,,requires predict_proba,,requires predict_proba,,8.07799999999952,success,
nnpu,sar-pi0.3-scalemid,117,"{""batch_size"": 256, ""beta"": 0.0, ""device"": null, ""gamma"": 1.0, ""loss"": ""sigmoid"", ""max_epochs"": 500, ""model"": null, ""optimizer"": null, ""patience"": 50}",linear,0.3,0.5,0.5,True,0,,,,,0.5714285714285714,,,0.323,False,-0.10542738442499777,0.9969135802469136,0.9259259259259258,0.9986238095238095,0.972,0.9550561797752809,0.8072792362768496,0.9967222536590237,0.9776190476190476,,requires predict_proba,,requires predict_proba,,8.45299999999952,success,
nnpu,sar-pi0.3-scalemid,118,"{""batch_size"": 256, ""beta"": 0.0, ""device"": null, ""gamma"": 1.0, ""loss"": ""sigmoid"", ""max_epochs"": 500, ""model"": null, ""optimizer"": null, ""patience"": 50}",linear,0.3,0.5,0.5,True,0,,,,,0.42857142857142855,,,0.3185,False,-0.09584325533688823,0.9965870307167235,0.9387004998901634,0.9990488095238095,0.9775,0.9636216653193209,0.7978910369068541,0.9977890426007645,0.9820238095238095,,requires predict_proba,,requires predict_proba,,8.406000000000859,success,
nnpu,sar-pi0.3-scalemid,119,"{""batch_size"": 256, ""beta"": 0.0, ""device"": null, ""gamma"": 1.0, ""loss"": ""sigmoid"", ""max_epochs"": 500, ""model"": null, ""optimizer"": null, ""patience"": 50}",linear,0.3,0.5,0.5,True,0,,,,,0.42857142857142855,,,0.324,False,-0.09389312977099235,1.0,0.9259259259259258,0.9976059523809524,0.969,0.9503205128205128,0.7938931297709924,0.9950440437271668,0.9745238095238096,,requires predict_proba,,requires predict_proba,,8.188000000000102,success,
nnpu,sar-pi0.5-scalesmall,100,"{""batch_size"": 256, ""beta"": 0.0, ""device"": null, ""gamma"": 1.0, ""loss"": ""sigmoid"", ""max_epochs"": 500, ""model"": null, ""optimizer"": null, ""patience"": 50}",linear,0.5,0.5,0.5,True,0,,,,,0.5,,,0.5225,False,-0.1181229773462783,1.0,0.9569377990430623,0.995125,0.9625,0.9633251833740831,0.6181229773462783,0.9960027106231074,0.9624999999999999,,requires predict_proba,,requires predict_proba,,1.9529999999995198,success,
nnpu,sar-pi0.5-scalesmall,101,"{""batch_size"": 256, ""beta"": 0.0, ""device"": null, ""gamma"": 1.0, ""loss"": ""sigmoid"", ""max_epochs"": 500, ""model"": null, ""optimizer"": null, ""patience"": 50}",linear,0.5,0.5,0.5,True,0,,,,,0.5,,,0.535,False,-0.11386138613861385,1.0,0.9345794392523364,0.9949250000000001,0.955,0.9565217391304348,0.6138613861386139,0.9944081055990037,0.9550000000000001,,requires predict_proba,,requires predict_proba,,1.9529999999995198,success,
nnpu,sar-pi0.5-scalesmall,102,"{""batch_size"": 256, ""beta"": 0.0, ""device"": null, ""gamma"": 1.0, ""loss"": ""sigmoid"", ""max_epochs"": 500, ""model"": null, ""optimizer"": null, ""patience"": 50}",linear,0.5,0.5,0.5,True,0,,,,,0.5,,,0.535,False,-0.10586319218241041,1.0,0.9345794392523364,0.9972749999999999,0.95,0.9516908212560387,0.6058631921824105,0.9974523192950393,0.95,,requires predict_proba,,requires predict_proba,,2.1090000000003783,success,
nnpu,sar-pi0.5-scalesmall,103,"{""batch_size"": 256, ""beta"": 0.0, ""device"": null, ""gamma"": 1.0, ""loss"": ""sigmoid"", ""max_epochs"": 500, ""model"": null, ""optimizer"": null, ""patience"": 50}",linear,0.5,0.5,0.5,True,0,,,,,0.5,,,0.545,False,-0.1275862068965517,1.0,0.9174311926605504,0.99285,0.945,0.9473684210526315,0.6275862068965518,0.9928209128253193,0.9450000000000001,,requires predict_proba,,requires predict_proba,,1.9529999999995198,success,
nnpu,sar-pi0.5-scalesmall,104,"{""batch_size"": 256, ""beta"": 0.0, ""device"": null, ""gamma"": 1.0, ""loss"": ""sigmoid"", ""max_epochs"": 500, ""model"": null, ""optimizer"": null, ""patience"": 50}",linear,0.5,0.5,0.5,True,0,,,,,0.5,,,0.52,False,-0.14214046822742477,1.0,0.9615384615384615,0.9971,0.965,0.9656862745098039,0.6421404682274248,0.9971497246249441,0.965,,requires predict_proba,,requires predict_proba,,1.9690000000009604,success,
nnpu,sar-pi0.5-scalesmall,105,"{""batch_size"": 256, ""beta"": 0.0, ""device"": null, ""gamma"": 1.0, ""loss"": ""sigmoid"", ""max_epochs"": 500, ""model"": null, ""optimizer"": null, ""patience"": 50}",linear,0.5,0.5,0.5,True,0,,,,,0.5,,,0.5125,False,-0.15000000000000002,1.0,0.9756097560975611,0.998775,0.9825,0.9827160493827161,0.65,0.9988545534892069,0.9824999999999999,,requires predict_proba,,requires predict_proba,,2.07799999999952,success,
nnpu,sar-pi0.5-scalesmall,106,"{""batch_size"": 256, ""beta"": 0.0, ""device"": null, ""gamma"": 1.0, ""loss"": ""sigmoid"", ""max_epochs"": 500, ""model"": null, ""optimizer"": null, ""patience"": 50}",linear,0.5,0.5,0.5,True,0,,,,,0.5,,,0.5325,False,-0.10568995810244625,0.9897959183673469,0.9293858388425793,0.9904499999999999,0.9475,0.9491525423728814,0.6158940397350994,0.9911269953104638,0.9475,,requires predict_proba,,requires predict_proba,,1.9380000000001019,success,
nnpu,sar-pi0.5-scalesmall,107,"{""batch_size"": 256, ""beta"": 0.0, ""device"": null, ""gamma"": 1.0, ""loss"": ""sigmoid"", ""max_epochs"": 500, ""model"": null, ""optimizer"": null, ""patience"": 50}",linear,0.5,0.5,0.5,True,0,,,,,0.5,,,0.52,False,-0.12135922330097088,1.0,0.9615384615384615,0.995875,0.955,0.9558823529411765,0.6213592233009708,0.9961124192459242,0.9550000000000001,,requires predict_proba,,requires predict_proba,,1.9690000000009604,success,
nnpu,sar-pi0.5-scalesmall,108,"{""batch_size"": 256, ""beta"": 0.0, ""device"": null, ""gamma"": 1.0, ""loss"": ""sigmoid"", ""max_epochs"": 500, ""model"": null, ""optimizer"": null, ""patience"": 50}",linear,0.5,0.5,0.5,True,0,,,,,0.5,,,0.53,False,-0.12251655629139074,1.0,0.9433962264150942,0.998075,0.96,0.9611650485436893,0.6225165562913907,0.9980965386462142,0.96,,requires predict_proba,,requires predict_proba,,2.264999999999418,success,
nnpu,sar-pi0.5-scalesmall,109,"{""batch_size"": 256, ""beta"": 0.0, ""device"": null, ""gamma"": 1.0, ""loss"": ""sigmoid"", ""max_epochs"": 500, ""model"": null, ""optimizer"": null, ""patience"": 50}",linear,0.5,0.5,0.5,True,0,,,,,0.5,,,0.5275,False,-0.1010604382697406,0.9797979797979798,0.928718464263488,0.9923500000000001,0.9475,0.948905109489051,0.6212624584717608,0.9925329028917784,0.9475,,requires predict_proba,,requires predict_proba,,1.9530000000013388,success,
nnpu,sar-pi0.5-scalesmall,110,"{""batch_size"": 256, ""beta"": 0.0, ""device"": null, ""gamma"": 1.0, ""loss"": ""sigmoid"", ""max_epochs"": 500, ""model"": null, ""optimizer"": null, ""patience"": 50}",linear,0.5,0.5,0.5,True,0,,,,,0.5,,,0.5175,False,-0.15423728813559323,1.0,0.9661835748792271,0.9969,0.9725,0.972972972972973,0.6542372881355932,0.9971711964085334,0.9724999999999999,,requires predict_proba,,requires predict_proba,,2.125,success,
nnpu,sar-pi0.5-scalesmall,111,"{""batch_size"": 256, ""beta"": 0.0, ""device"": null, ""gamma"": 1.0, ""loss"": ""sigmoid"", ""max_epochs"": 500, ""model"": null, ""optimizer"": null, ""patience"": 50}",linear,0.5,0.5,0.5,True,0,,,,,0.5,,,0.535,False,-0.1110014475588893,0.9901960784313726,0.9254168957302547,0.993525,0.945,0.9468599033816425,0.6208053691275168,0.9944299913482463,0.9450000000000001,,requires predict_proba,,requires predict_proba,,2.0939999999991414,success,
nnpu,sar-pi0.5-scalesmall,112,"{""batch_size"": 256, ""beta"": 0.0, ""device"": null, ""gamma"": 1.0, ""loss"": ""sigmoid"", ""max_epochs"": 500, ""model"": null, ""optimizer"": null, ""patience"": 50}",linear,0.5,0.5,0.5,True,0,,,,,0.5,,,0.545,False,-0.09564288220471434,0.9813084112149533,0.9002829460687644,0.9854,0.93,0.9330143540669856,0.6143344709897611,0.9849164509702784,0.9299999999999999,,requires predict_proba,,requires predict_proba,,1.984999999998763,success,
nnpu,sar-pi0.5-scalesmall,113,"{""batch_size"": 256, ""beta"": 0.0, ""device"": null, ""gamma"": 1.0, ""loss"": ""sigmoid"", ""max_epochs"": 500, ""model"": null, ""optimizer"": null, ""patience"": 50}",linear,0.5,0.5,0.5,True,0,,,,,0.5,,,0.5325,False,-0.12098466505246164,0.9904761904761905,0.9300245919964231,0.997425,0.9575,0.9588377723970944,0.6305084745762712,0.9975228941799302,0.9575,,requires predict_proba,,requires predict_proba,,1.9529999999995198,success,
nnpu,sar-pi0.5-scalesmall,114,"{""batch_size"": 256, ""beta"": 0.0, ""device"": null, ""gamma"": 1.0, ""loss"": ""sigmoid"", ""max_epochs"": 500, ""model"": null, ""optimizer"": null, ""patience"": 50}",linear,0.5,0.5,0.5,True,0,,,,,0.5,,,0.5275,False,-0.1277643260694108,0.9904761904761905,0.9388399909726924,0.997975,0.9625,0.9635036496350365,0.6372881355932203,0.9980433304441418,0.9625,,requires predict_proba,,requires predict_proba,,1.9529999999995198,success,
nnpu,sar-pi0.5-scalesmall,115,"{""batch_size"": 256, ""beta"": 0.0, ""device"": null, ""gamma"": 1.0, ""loss"": ""sigmoid"", ""max_epochs"": 500, ""model"": null, ""optimizer"": null, ""patience"": 50}",linear,0.5,0.5,0.5,True,0,,,,,0.5,,,0.525,False,-0.10276679841897235,0.9891304347826086,0.9420289855072463,0.99105,0.955,0.9560975609756097,0.6136363636363636,0.9915302724714562,0.9550000000000001,,requires predict_proba,,requires predict_proba,,2.20299999999952,success,
nnpu,sar-pi0.5-scalesmall,116,"{""batch_size"": 256, ""beta"": 0.0, ""device"": null, ""gamma"": 1.0, ""loss"": ""sigmoid"", ""max_epochs"": 500, ""model"": null, ""optimizer"": null, ""patience"": 50}",linear,0.5,0.5,0.5,True,0,,,,,1.0,,,0.52,False,-0.14429530201342283,1.0,0.9615384615384615,0.9956999999999999,0.97,0.9705882352941176,0.6442953020134228,0.99602188646107,0.97,,requires predict_proba,,requires predict_proba,,1.9840000000003783,success,
nnpu,sar-pi0.5-scalesmall,117,"{""batch_size"": 256, ""beta"": 0.0, ""device"": null, ""gamma"": 1.0, ""loss"": ""sigmoid"", ""max_epochs"": 500, ""model"": null, ""optimizer"": null, ""patience"": 50}",linear,0.5,0.5,0.5,True,0,,,,,0.5,,,0.5225,False,-0.1303630363036304,1.0,0.9569377990430623,0.996275,0.9625,0.9633251833740831,0.6303630363036303,0.9964696577025822,0.9624999999999999,,requires predict_proba,,requires predict_proba,,1.9689999999991414,success,
nnpu,sar-pi0.5-scalesmall,118,"{""batch_size"": 256, ""beta"": 0.0, ""device"": null, ""gamma"": 1.0, ""loss"": ""sigmoid"", ""max_epochs"": 500, ""model"": null, ""optimizer"": null, ""patience"": 50}",linear,0.5,0.5,0.5,True,0,,,,,0.5,,,0.53,False,-0.11237785016286644,1.0,0.9433962264150942,0.998775,0.97,0.970873786407767,0.6123778501628665,0.9987495389213356,0.97,,requires predict_proba,,requires predict_proba,,2.0939999999991414,success,
nnpu,sar-pi0.5-scalesmall,119,"{""batch_size"": 256, ""beta"": 0.0, ""device"": null, ""gamma"": 1.0, ""loss"": ""sigmoid"", ""max_epochs"": 500, ""model"": null, ""optimizer"": null, ""patience"": 50}",linear,0.5,0.5,0.5,True,0,,,,,0.5,,,0.5325,False,-0.09720483938256153,0.9893617021276596,0.9289781240635302,0.99185,0.9525,0.9539951573849879,0.6078431372549019,0.9914796970536941,0.9525,,requires predict_proba,,requires predict_proba,,1.9369999999998981,success,
nnpu,sar-pi0.5-scalemid,100,"{""batch_size"": 256, ""beta"": 0.0, ""device"": null, ""gamma"": 1.0, ""loss"": ""sigmoid"", ""max_epochs"": 500, ""model"": null, ""optimizer"": null, ""patience"": 50}",linear,0.5,0.5,0.5,True,0,,,,,0.5,,,0.5505,False,-0.09457671957671959,1.0,0.9082652134423251,0.996882,0.9435,0.9462160875773441,0.5945767195767195,0.9971737601690713,0.9435,,requires predict_proba,,requires predict_proba,,7.639999999999418,success,
nnpu,sar-pi0.5-scalemid,101,"{""batch_size"": 256, ""beta"": 0.0, ""device"": null, ""gamma"": 1.0, ""loss"": ""sigmoid"", ""max_epochs"": 500, ""model"": null, ""optimizer"": null, ""patience"": 50}",linear,0.5,0.5,0.5,True,0,,,,,0.5,,,0.553,False,-0.08970976253298152,1.0,0.9041591320072332,0.998049,0.946,0.9487179487179487,0.5897097625329816,0.9980491777469438,0.946,,requires predict_proba,,requires predict_proba,,7.46900000000096,success,
nnpu,sar-pi0.5-scalemid,102,"{""batch_size"": 256, ""beta"": 0.0, ""device"": null, ""gamma"": 1.0, ""loss"": ""sigmoid"", ""max_epochs"": 500, ""model"": null, ""optimizer"": null, ""patience"": 50}",linear,0.5,0.5,0.5,True,0,,,,,0.3333333333333333,,,0.551,False,-0.1047138047138047,1.0,0.9074410163339383,0.998993,0.948,0.950523311132255,0.6047138047138048,0.9989753536429289,0.948,,requires predict_proba,,requires predict_proba,,7.625,success,
nnpu,sar-pi0.5-scalemid,103,"{""batch_size"": 256, ""beta"": 0.0, ""device"": null, ""gamma"": 1.0, ""loss"": ""sigmoid"", ""max_epochs"": 500, ""model"": null, ""optimizer"": null, ""patience"": 50}",linear,0.5,0.5,0.5,True,0,,,,,0.5,,,0.5515,False,-0.08781127129750982,1.0,0.9066183136899365,0.99776,0.9455,0.9481692819781264,0.5878112712975099,0.9978594432633787,0.9455,,requires predict_proba,,requires predict_proba,,7.57799999999952,success,
nnpu,sar-pi0.5-scalemid,104,"{""batch_size"": 256, ""beta"": 0.0, ""device"": null, ""gamma"": 1.0, ""loss"": ""sigmoid"", ""max_epochs"": 500, ""model"": null, ""optimizer"": null, ""patience"": 50}",linear,0.5,0.5,0.5,True,0,,,,,0.6666666666666666,,,0.5485,False,-0.09920371599203714,1.0,0.9115770282588879,0.998371,0.9495,0.9518359561278016,0.5992037159920371,0.9983888416822525,0.9495,,requires predict_proba,,requires predict_proba,,7.485000000000582,success,
nnpu,sar-pi0.5-scalemid,105,"{""batch_size"": 256, ""beta"": 0.0, ""device"": null, ""gamma"": 1.0, ""loss"": ""sigmoid"", ""max_epochs"": 500, ""model"": null, ""optimizer"": null, ""patience"": 50}",linear,0.5,0.5,0.5,True,0,,,,,0.5,,,0.545,False,-0.10828877005347592,1.0,0.9174311926605504,0.999205,0.955,0.9569377990430622,0.6082887700534759,0.9992039801652225,0.9550000000000001,,requires predict_proba,,requires predict_proba,,7.54700000000048,success,
nnpu,sar-pi0.5-scalemid,106,"{""batch_size"": 256, ""beta"": 0.0, ""device"": null, ""gamma"": 1.0, ""loss"": ""sigmoid"", ""max_epochs"": 500, ""model"": null, ""optimizer"": null, ""patience"": 50}",linear,0.5,0.5,0.5,True,0,,,,,0.5,,,0.5575,False,-0.0905247936501235,0.9980314960629921,0.8950955121641185,0.9982549999999999,0.9405,0.9437352245862884,0.5924932975871313,0.9983123704363385,0.9405,,requires predict_proba,,requires predict_proba,,7.531000000000859,success,
nnpu,sar-pi0.5-scalemid,107,"{""batch_size"": 256, ""beta"": 0.0, ""device"": null, ""gamma"": 1.0, ""loss"": ""sigmoid"", ""max_epochs"": 500, ""model"": null, ""optimizer"": null, ""patience"": 50}",linear,0.5,0.5,0.5,True,0,,,,,0.5,,,0.554,False,-0.08877887788778877,1.0,0.9025270758122743,0.9971649999999999,0.941,0.9440227703984819,0.5887788778877888,0.9972505396111055,0.9410000000000001,,requires predict_proba,,requires predict_proba,,7.984000000000378,success,
nnpu,sar-pi0.5-scalemid,108,"{""batch_size"": 256, ""beta"": 0.0, ""device"": null, ""gamma"": 1.0, ""loss"": ""sigmoid"", ""max_epochs"": 500, ""model"": null, ""optimizer"": null, ""patience"": 50}",linear,0.5,0.5,0.5,True,0,,,,,0.5,,,0.561,False,-0.08965748824714576,1.0,0.89126559714795,0.999093,0.939,0.942507068803016,0.5896574882471457,0.9990954447225479,0.9390000000000001,,requires predict_proba,,requires predict_proba,,7.686999999999898,success,
nnpu,sar-pi0.5-scalemid,109,"{""batch_size"": 256, ""beta"": 0.0, ""device"": null, ""gamma"": 1.0, ""loss"": ""sigmoid"", ""max_epochs"": 500, ""model"": null, ""optimizer"": null, ""patience"": 50}",linear,0.5,0.5,0.5,True,0,,,,,0.3333333333333333,,,0.5545,False,-0.09535465192788528,0.9980392156862745,0.8999451899786064,0.998016,0.9435,0.9464201043148411,0.5973154362416108,0.9981233222088847,0.9435,,requires predict_proba,,requires predict_proba,,5.70299999999952,success,
nnpu,sar-pi0.5-scalemid,110,"{""batch_size"": 256, ""beta"": 0.0, ""device"": null, ""gamma"": 1.0, ""loss"": ""sigmoid"", ""max_epochs"": 500, ""model"": null, ""optimizer"": null, ""patience"": 50}",linear,0.5,0.5,0.5,True,0,,,,,0.3333333333333333,,,0.5535,False,-0.08711374095989483,1.0,0.903342366757001,0.997774,0.9445,0.9473184622686284,0.5871137409598948,0.9978288006967347,0.9445,,requires predict_proba,,requires predict_proba,,7.625,success,
nnpu,sar-pi0.5-scalemid,111,"{""batch_size"": 256, ""beta"": 0.0, ""device"": null, ""gamma"": 1.0, ""loss"": ""sigmoid"", ""max_epochs"": 500, ""model"": null, ""optimizer"": null, ""patience"": 50}",linear,0.5,0.5,0.5,True,0,,,,,0.6666666666666666,,,0.5675,False,-0.08327714093054617,1.0,0.8810572687224669,0.997966,0.9315,0.935831381733021,0.5832771409305462,0.9980098838436958,0.9315,,requires predict_proba,,requires predict_proba,,7.468999999999141,success,
nnpu,sar-pi0.5-scalemid,112,"{""batch_size"": 256, ""beta"": 0.0, ""device"": null, ""gamma"": 1.0, ""loss"": ""sigmoid"", ""max_epochs"": 500, ""model"": null, ""optimizer"": null, ""patience"": 50}",linear,0.5,0.5,0.5,True,0,,,,,0.5,,,0.562,False,-0.08244680851063829,1.0,0.889679715302491,0.997959,0.937,0.940677966101695,0.5824468085106383,0.997997508856534,0.937,,requires predict_proba,,requires predict_proba,,7.468000000000757,success,
nnpu,sar-pi0.5-scalemid,113,"{""batch_size"": 256, ""beta"": 0.0, ""device"": null, ""gamma"": 1.0, ""loss"": ""sigmoid"", ""max_epochs"": 500, ""model"": null, ""optimizer"": null, ""patience"": 50}",linear,0.5,0.5,0.5,True,0,,,,,0.5,,,0.5455,False,-0.10599999999999998,1.0,0.9165902841429882,0.998026,0.9535,0.9555236728837877,0.606,0.9981621525858835,0.9535,,requires predict_proba,,requires predict_proba,,7.484000000000378,success,
nnpu,sar-pi0.5-scalemid,114,"{""batch_size"": 256, ""beta"": 0.0, ""device"": null, ""gamma"": 1.0, ""loss"": ""sigmoid"", ""max_epochs"": 500, ""model"": null, ""optimizer"": null, ""patience"": 50}",linear,0.5,0.5,0.5,True,0,,,,,0.5,,,0.551,False,-0.0955975909180119,0.9979959919839679,0.9056224972631287,0.998436,0.948,0.950523311132255,0.597601598934044,0.9984036970927089,0.948,,requires predict_proba,,requires predict_proba,,7.671999999998661,success,
nnpu,sar-pi0.5-scalemid,115,"{""batch_size"": 256, ""beta"": 0.0, ""device"": null, ""gamma"": 1.0, ""loss"": ""sigmoid"", ""max_epochs"": 500, ""model"": null, ""optimizer"": null, ""patience"": 50}",linear,0.5,0.5,0.5,True,0,,,,,0.3333333333333333,,,0.5545,False,-0.09133333333333332,0.998,0.8999098286744815,0.9964330000000001,0.9405,0.9435751541014699,0.5933333333333334,0.9967617086143773,0.9405,,requires predict_proba,,requires predict_proba,,7.468999999999141,success,
nnpu,sar-pi0.5-scalemid,116,"{""batch_size"": 256, ""beta"": 0.0, ""device"": null, ""gamma"": 1.0, ""loss"": ""sigmoid"", ""max_epochs"": 500, ""model"": null, ""optimizer"": null, ""patience"": 50}",linear,0.5,0.5,0.5,True,0,,,,,0.6666666666666666,,,0.5485,False,-0.10199999999999998,1.0,0.9115770282588879,0.9977860000000001,0.9495,0.9518359561278016,0.602,0.9977699480685391,0.9495,,requires predict_proba,,requires predict_proba,,7.5460000000002765,success,
nnpu,sar-pi0.5-scalemid,117,"{""batch_size"": 256, ""beta"": 0.0, ""device"": null, ""gamma"": 1.0, ""loss"": ""sigmoid"", ""max_epochs"": 500, ""model"": null, ""optimizer"": null, ""patience"": 50}",linear,0.5,0.5,0.5,True,0,,,,,0.3333333333333333,,,0.552,False,-0.10499662390276843,1.0,0.9057971014492753,0.9979709999999999,0.945,0.9477186311787072,0.6049966239027684,0.9979688316878897,0.9450000000000001,,requires predict_proba,,requires predict_proba,,7.610000000000582,success,
nnpu,sar-pi0.5-scalemid,118,"{""batch_size"": 256, ""beta"": 0.0, ""device"": null, ""gamma"": 1.0, ""loss"": ""sigmoid"", ""max_epochs"": 500, ""model"": null, ""optimizer"": null, ""patience"": 50}",linear,0.5,0.5,0.5,True,0,,,,,0.5,,,0.5525,False,-0.09786239144956582,1.0,0.9049773755656109,0.998796,0.9475,0.9501187648456056,0.5978623914495658,0.9987918103812994,0.9475,,requires predict_proba,,requires predict_proba,,4.218999999999141,success,
nnpu,sar-pi0.5-scalemid,119,"{""batch_size"": 256, ""beta"": 0.0, ""device"": null, ""gamma"": 1.0, ""loss"": ""sigmoid"", ""max_epochs"": 500, ""model"": null, ""optimizer"": null, ""patience"": 50}",linear,0.5,0.5,0.5,True,0,,,,,0.5,,,0.545,False,-0.10264900662251658,1.0,0.9174311926605504,0.996621,0.949,0.9511961722488038,0.6026490066225165,0.9967735232595281,0.9490000000000001,,requires predict_proba,,requires predict_proba,,5.17200000000048,success,
