algorithm,scenario,seed,params,mechanism,class_prior,label_frequency,real_h,pi_h_well_conditioned,warning_count,diag_converged,diag_n_iter,diag_c_estimate,diag_cond_number,diag_correction_fraction,diag_n_epochs,diag_n_acs_iter,pred_positive_rate,degenerate_prediction,pu_zero_one_risk,pu_recall,pu_estimated_precision,pu_auc_roc,pu_accuracy,pu_f1,pu_negative_rate,average_precision,balanced_accuracy,brier_score,brier_score_unavailable_reason,expected_calibration_error,expected_calibration_error_unavailable_reason,ece_buckets_api,elapsed_seconds,status,failure_reason
upu,scar-pi0.1-scalesmall,100,"{""basis"": ""linear"", ""fit_intercept"": true, ""kernel_width"": null, ""loss"": ""double_hinge"", ""max_iter"": 1000, ""n_centers"": null, ""reg_lambda"": 0.01, ""tol"": 1e-06}",scar,0.1,0.5,0.5,True,0,,,,,,,,0.145,False,0.002362204724409442,1.0,0.6896551724137931,0.9999305555555555,0.955,0.8163265306122449,0.8976377952755905,0.999390243902439,0.975,,requires predict_proba,,requires predict_proba,,0.014999999999417923,success,
upu,scar-pi0.1-scalesmall,101,"{""basis"": ""linear"", ""fit_intercept"": true, ""kernel_width"": null, ""loss"": ""double_hinge"", ""max_iter"": 1000, ""n_centers"": null, ""reg_lambda"": 0.01, ""tol"": 1e-06}",scar,0.1,0.5,0.5,True,0,,,,,,,,0.1425,False,0.002094240837696326,1.0,0.7017543859649124,0.9991666666666666,0.9575,0.8247422680412371,0.8979057591623036,0.9919733678659919,0.9763888888888889,,requires predict_proba,,requires predict_proba,,0.031000000000858563,success,
upu,scar-pi0.1-scalesmall,102,"{""basis"": ""linear"", ""fit_intercept"": true, ""kernel_width"": null, ""loss"": ""double_hinge"", ""max_iter"": 1000, ""n_centers"": null, ""reg_lambda"": 0.01, ""tol"": 1e-06}",scar,0.1,0.5,0.5,True,0,,,,,,,,0.145,False,0.009787661766553574,0.9523809523809523,0.6568144499178982,0.99375,0.945,0.7755102040816326,0.899736147757256,0.9655566110016574,0.9472222222222222,,requires predict_proba,,requires predict_proba,,0.01599999999962165,success,
upu,scar-pi0.1-scalesmall,103,"{""basis"": ""linear"", ""fit_intercept"": true, ""kernel_width"": null, ""loss"": ""double_hinge"", ""max_iter"": 1000, ""n_centers"": null, ""reg_lambda"": 0.01, ""tol"": 1e-06}",scar,0.1,0.5,0.5,True,0,,,,,,,,0.16,False,0.00399999999999999,1.0,0.625,0.9979166666666667,0.94,0.7692307692307693,0.896,0.9844528304042782,0.9666666666666667,,requires predict_proba,,requires predict_proba,,0.014999999999417923,success,
upu,scar-pi0.1-scalesmall,104,"{""basis"": ""linear"", ""fit_intercept"": true, ""kernel_width"": null, ""loss"": ""double_hinge"", ""max_iter"": 1000, ""n_centers"": null, ""reg_lambda"": 0.01, ""tol"": 1e-06}",scar,0.1,0.5,0.5,True,0,,,,,,,,0.155,False,-0.0013333333333333391,1.0,0.6451612903225807,1.0,0.945,0.7843137254901961,0.9013333333333333,1.0,0.9694444444444444,,requires predict_proba,,requires predict_proba,,0.031000000000858563,success,
upu,scar-pi0.1-scalesmall,105,"{""basis"": ""linear"", ""fit_intercept"": true, ""kernel_width"": null, ""loss"": ""double_hinge"", ""max_iter"": 1000, ""n_centers"": null, ""reg_lambda"": 0.01, ""tol"": 1e-06}",scar,0.1,0.5,0.5,True,0,,,,,,,,0.1575,False,0.0013333333333333253,1.0,0.634920634920635,0.9995833333333334,0.9425,0.7766990291262136,0.8986666666666666,0.9965972222222221,0.9680555555555556,,requires predict_proba,,requires predict_proba,,0.0319999999992433,success,
upu,scar-pi0.1-scalesmall,106,"{""basis"": ""linear"", ""fit_intercept"": true, ""kernel_width"": null, ""loss"": ""double_hinge"", ""max_iter"": 1000, ""n_centers"": null, ""reg_lambda"": 0.01, ""tol"": 1e-06}",scar,0.1,0.5,0.5,True,0,,,,,,,,0.1425,False,-0.0026315789473684292,1.0,0.7017543859649124,0.9984027777777778,0.9575,0.8247422680412371,0.9026315789473685,0.987630780692885,0.9763888888888889,,requires predict_proba,,requires predict_proba,,0.031000000000858563,success,
upu,scar-pi0.1-scalesmall,107,"{""basis"": ""linear"", ""fit_intercept"": true, ""kernel_width"": null, ""loss"": ""double_hinge"", ""max_iter"": 1000, ""n_centers"": null, ""reg_lambda"": 0.01, ""tol"": 1e-06}",scar,0.1,0.5,0.5,True,0,,,,,,,,0.145,False,0.004712041884816748,1.0,0.6896551724137931,0.9980555555555556,0.955,0.8163265306122449,0.8952879581151832,0.9846677290662874,0.975,,requires predict_proba,,requires predict_proba,,0.01599999999962165,success,
upu,scar-pi0.1-scalesmall,108,"{""basis"": ""linear"", ""fit_intercept"": true, ""kernel_width"": null, ""loss"": ""double_hinge"", ""max_iter"": 1000, ""n_centers"": null, ""reg_lambda"": 0.01, ""tol"": 1e-06}",scar,0.1,0.5,0.5,True,0,,,,,,,,0.1425,False,-0.007407407407407418,1.0,0.7017543859649124,0.9995833333333334,0.9575,0.8247422680412371,0.9074074074074074,0.9964612470862471,0.9763888888888889,,requires predict_proba,,requires predict_proba,,0.031000000000858563,success,
upu,scar-pi0.1-scalesmall,109,"{""basis"": ""linear"", ""fit_intercept"": true, ""kernel_width"": null, ""loss"": ""double_hinge"", ""max_iter"": 1000, ""n_centers"": null, ""reg_lambda"": 0.01, ""tol"": 1e-06}",scar,0.1,0.5,0.5,True,0,,,,,,,,0.14,False,0.01620334818000306,0.9411764705882353,0.6722689075630252,0.9926388888888888,0.955,0.8125,0.8955613577023499,0.9812715517241379,0.9638888888888888,,requires predict_proba,,requires predict_proba,,0.0319999999992433,success,
upu,scar-pi0.1-scalesmall,110,"{""basis"": ""linear"", ""fit_intercept"": true, ""kernel_width"": null, ""loss"": ""double_hinge"", ""max_iter"": 1000, ""n_centers"": null, ""reg_lambda"": 0.01, ""tol"": 1e-06}",scar,0.1,0.5,0.5,True,0,,,,,,,,0.16,False,-0.0032258064516129115,1.0,0.625,1.0,0.94,0.7692307692307693,0.9032258064516129,1.0,0.9666666666666667,,requires predict_proba,,requires predict_proba,,0.015000000001236913,success,
upu,scar-pi0.1-scalesmall,111,"{""basis"": ""linear"", ""fit_intercept"": true, ""kernel_width"": null, ""loss"": ""double_hinge"", ""max_iter"": 1000, ""n_centers"": null, ""reg_lambda"": 0.01, ""tol"": 1e-06}",scar,0.1,0.5,0.5,True,0,,,,,,,,0.1425,False,-0.0002624671916010568,1.0,0.7017543859649124,0.9995138888888889,0.9575,0.8247422680412371,0.9002624671916011,0.9955154833115359,0.9763888888888889,,requires predict_proba,,requires predict_proba,,0.01599999999962165,success,
upu,scar-pi0.1-scalesmall,112,"{""basis"": ""linear"", ""fit_intercept"": true, ""kernel_width"": null, ""loss"": ""double_hinge"", ""max_iter"": 1000, ""n_centers"": null, ""reg_lambda"": 0.01, ""tol"": 1e-06}",scar,0.1,0.5,0.5,True,0,,,,,,,,0.15,False,-0.006666666666666668,1.0,0.6666666666666667,0.9983333333333334,0.95,0.8,0.9066666666666666,0.9873356539735246,0.9722222222222222,,requires predict_proba,,requires predict_proba,,0.031000000000858563,success,
upu,scar-pi0.1-scalesmall,113,"{""basis"": ""linear"", ""fit_intercept"": true, ""kernel_width"": null, ""loss"": ""double_hinge"", ""max_iter"": 1000, ""n_centers"": null, ""reg_lambda"": 0.01, ""tol"": 1e-06}",scar,0.1,0.5,0.5,True,0,,,,,,,,0.1525,False,0.0031746031746031633,1.0,0.6557377049180328,0.9995833333333333,0.9475,0.7920792079207921,0.8968253968253969,0.9967391304347826,0.9708333333333333,,requires predict_proba,,requires predict_proba,,0.030999999999039574,success,
upu,scar-pi0.1-scalesmall,114,"{""basis"": ""linear"", ""fit_intercept"": true, ""kernel_width"": null, ""loss"": ""double_hinge"", ""max_iter"": 1000, ""n_centers"": null, ""reg_lambda"": 0.01, ""tol"": 1e-06}",scar,0.1,0.5,0.5,True,0,,,,,,,,0.145,False,0.002362204724409442,1.0,0.6896551724137931,0.9992361111111111,0.955,0.8163265306122449,0.8976377952755905,0.9925270777220274,0.975,,requires predict_proba,,requires predict_proba,,0.031000000000858563,success,
upu,scar-pi0.1-scalesmall,115,"{""basis"": ""linear"", ""fit_intercept"": true, ""kernel_width"": null, ""loss"": ""double_hinge"", ""max_iter"": 1000, ""n_centers"": null, ""reg_lambda"": 0.01, ""tol"": 1e-06}",scar,0.1,0.5,0.5,True,0,,,,,,,,0.1425,False,0.004438642297650119,1.0,0.7017543859649124,0.9990972222222222,0.9575,0.8247422680412371,0.8955613577023499,0.9932142857142857,0.9763888888888889,,requires predict_proba,,requires predict_proba,,0.0319999999992433,success,
upu,scar-pi0.1-scalesmall,116,"{""basis"": ""linear"", ""fit_intercept"": true, ""kernel_width"": null, ""loss"": ""double_hinge"", ""max_iter"": 1000, ""n_centers"": null, ""reg_lambda"": 0.01, ""tol"": 1e-06}",scar,0.1,0.5,0.5,True,0,,,,,,,,0.155,False,0.0034482758620689585,1.0,0.6451612903225807,0.9997916666666666,0.945,0.7843137254901961,0.896551724137931,0.9981242182614134,0.9694444444444444,,requires predict_proba,,requires predict_proba,,0.031000000000858563,success,
upu,scar-pi0.1-scalesmall,117,"{""basis"": ""linear"", ""fit_intercept"": true, ""kernel_width"": null, ""loss"": ""double_hinge"", ""max_iter"": 1000, ""n_centers"": null, ""reg_lambda"": 0.01, ""tol"": 1e-06}",scar,0.1,0.5,0.5,True,0,,,,,,,,0.1375,False,-0.005511811023622054,1.0,0.7272727272727273,0.9989583333333334,0.9625,0.8421052631578947,0.905511811023622,0.9923702313946215,0.9791666666666667,,requires predict_proba,,requires predict_proba,,0.030999999999039574,success,
upu,scar-pi0.1-scalesmall,118,"{""basis"": ""linear"", ""fit_intercept"": true, ""kernel_width"": null, ""loss"": ""double_hinge"", ""max_iter"": 1000, ""n_centers"": null, ""reg_lambda"": 0.01, ""tol"": 1e-06}",scar,0.1,0.5,0.5,True,0,,,,,,,,0.145,False,0.0,1.0,0.6896551724137931,0.9999305555555555,0.955,0.8163265306122449,0.9,0.999390243902439,0.975,,requires predict_proba,,requires predict_proba,,0.031000000000858563,success,
upu,scar-pi0.1-scalesmall,119,"{""basis"": ""linear"", ""fit_intercept"": true, ""kernel_width"": null, ""loss"": ""double_hinge"", ""max_iter"": 1000, ""n_centers"": null, ""reg_lambda"": 0.01, ""tol"": 1e-06}",scar,0.1,0.5,0.5,True,0,,,,,,,,0.125,False,-0.009090909090909094,1.0,0.8,0.9999305555555555,0.975,0.8888888888888888,0.9090909090909091,0.999390243902439,0.9861111111111112,,requires predict_proba,,requires predict_proba,,0.01599999999962165,success,
upu,scar-pi0.1-scalemid,100,"{""basis"": ""linear"", ""fit_intercept"": true, ""kernel_width"": null, ""loss"": ""double_hinge"", ""max_iter"": 1000, ""n_centers"": null, ""reg_lambda"": 0.01, ""tol"": 1e-06}",scar,0.1,0.5,0.5,True,0,,,,,,,,0.148,False,0.0012658227848101195,1.0,0.6756756756756758,0.9991444444444445,0.952,0.8064516129032258,0.8987341772151899,0.9935708670763831,0.9733333333333334,,requires predict_proba,,requires predict_proba,,0.031000000000858563,success,
upu,scar-pi0.1-scalemid,101,"{""basis"": ""linear"", ""fit_intercept"": true, ""kernel_width"": null, ""loss"": ""double_hinge"", ""max_iter"": 1000, ""n_centers"": null, ""reg_lambda"": 0.01, ""tol"": 1e-06}",scar,0.1,0.5,0.5,True,0,,,,,,,,0.1435,False,0.0012591815320041888,1.0,0.6968641114982579,0.9993388888888889,0.9555,0.8172484599589322,0.8987408184679958,0.9954188756286756,0.9730555555555556,,requires predict_proba,,requires predict_proba,,0.01599999999962165,success,
upu,scar-pi0.1-scalemid,102,"{""basis"": ""linear"", ""fit_intercept"": true, ""kernel_width"": null, ""loss"": ""double_hinge"", ""max_iter"": 1000, ""n_centers"": null, ""reg_lambda"": 0.01, ""tol"": 1e-06}",scar,0.1,0.5,0.5,True,0,,,,,,,,0.148,False,0.0012658227848101195,1.0,0.6756756756756758,0.9994916666666667,0.952,0.8064516129032258,0.8987341772151899,0.9955582077626435,0.9733333333333334,,requires predict_proba,,requires predict_proba,,0.015000000001236913,success,
upu,scar-pi0.1-scalemid,103,"{""basis"": ""linear"", ""fit_intercept"": true, ""kernel_width"": null, ""loss"": ""double_hinge"", ""max_iter"": 1000, ""n_centers"": null, ""reg_lambda"": 0.01, ""tol"": 1e-06}",scar,0.1,0.5,0.5,True,0,,,,,,,,0.153,False,0.0065413668802973,0.9908256880733946,0.6475984889368592,0.9988888888888888,0.946,0.7865612648221344,0.8952934955050238,0.9947956631848768,0.9677777777777778,,requires predict_proba,,requires predict_proba,,0.030999999999039574,success,
upu,scar-pi0.1-scalemid,104,"{""basis"": ""linear"", ""fit_intercept"": true, ""kernel_width"": null, ""loss"": ""double_hinge"", ""max_iter"": 1000, ""n_centers"": null, ""reg_lambda"": 0.01, ""tol"": 1e-06}",scar,0.1,0.5,0.5,True,0,,,,,,,,0.1455,False,0.0015727438827786294,0.9902912621359223,0.6806125512961666,0.99885,0.9525,0.8065173116089613,0.9003690036900369,0.992318145664806,0.9691666666666667,,requires predict_proba,,requires predict_proba,,0.01600000000144064,success,
upu,scar-pi0.1-scalemid,105,"{""basis"": ""linear"", ""fit_intercept"": true, ""kernel_width"": null, ""loss"": ""double_hinge"", ""max_iter"": 1000, ""n_centers"": null, ""reg_lambda"": 0.01, ""tol"": 1e-06}",scar,0.1,0.5,0.5,True,0,,,,,,,,0.136,False,-0.0032932566649242073,1.0,0.7352941176470588,0.9992027777777778,0.964,0.847457627118644,0.9032932566649242,0.993591239608548,0.98,,requires predict_proba,,requires predict_proba,,0.0319999999992433,success,
upu,scar-pi0.1-scalemid,106,"{""basis"": ""linear"", ""fit_intercept"": true, ""kernel_width"": null, ""loss"": ""double_hinge"", ""max_iter"": 1000, ""n_centers"": null, ""reg_lambda"": 0.01, ""tol"": 1e-06}",scar,0.1,0.5,0.5,True,0,,,,,,,,0.154,False,0.0,1.0,0.6493506493506493,0.9991555555555556,0.946,0.7874015748031497,0.9,0.9927688913459184,0.97,,requires predict_proba,,requires predict_proba,,0.031000000000858563,success,
upu,scar-pi0.1-scalemid,107,"{""basis"": ""linear"", ""fit_intercept"": true, ""kernel_width"": null, ""loss"": ""double_hinge"", ""max_iter"": 1000, ""n_centers"": null, ""reg_lambda"": 0.01, ""tol"": 1e-06}",scar,0.1,0.5,0.5,True,0,,,,,,,,0.1475,False,-0.00021119324181627375,1.0,0.6779661016949153,0.9989805555555555,0.9515,0.804040404040404,0.9002111932418163,0.9921421395181186,0.9708333333333333,,requires predict_proba,,requires predict_proba,,0.01599999999962165,success,
upu,scar-pi0.1-scalemid,108,"{""basis"": ""linear"", ""fit_intercept"": true, ""kernel_width"": null, ""loss"": ""double_hinge"", ""max_iter"": 1000, ""n_centers"": null, ""reg_lambda"": 0.01, ""tol"": 1e-06}",scar,0.1,0.5,0.5,True,0,,,,,,,,0.1395,False,-0.002464604090194028,1.0,0.7168458781362007,0.9995055555555555,0.9605,0.8350730688935282,0.902464604090194,0.9959520911647153,0.9780555555555556,,requires predict_proba,,requires predict_proba,,0.01600000000144064,success,
upu,scar-pi0.1-scalemid,109,"{""basis"": ""linear"", ""fit_intercept"": true, ""kernel_width"": null, ""loss"": ""double_hinge"", ""max_iter"": 1000, ""n_centers"": null, ""reg_lambda"": 0.01, ""tol"": 1e-06}",scar,0.1,0.5,0.5,True,0,,,,,,,,0.147,False,0.0011824182551554846,0.9906542056074766,0.6739144255833175,0.9986388888888889,0.952,0.805668016194332,0.9006867406233492,0.9923865396012391,0.971111111111111,,requires predict_proba,,requires predict_proba,,0.01599999999962165,success,
upu,scar-pi0.1-scalemid,110,"{""basis"": ""linear"", ""fit_intercept"": true, ""kernel_width"": null, ""loss"": ""double_hinge"", ""max_iter"": 1000, ""n_centers"": null, ""reg_lambda"": 0.01, ""tol"": 1e-06}",scar,0.1,0.5,0.5,True,0,,,,,,,,0.139,False,0.0026647679819264414,0.9885057471264368,0.7111552137600264,0.9987583333333333,0.96,0.8326359832635983,0.8996340825927862,0.9930691593602569,0.9755555555555555,,requires predict_proba,,requires predict_proba,,0.015000000001236913,success,
upu,scar-pi0.1-scalemid,111,"{""basis"": ""linear"", ""fit_intercept"": true, ""kernel_width"": null, ""loss"": ""double_hinge"", ""max_iter"": 1000, ""n_centers"": null, ""reg_lambda"": 0.01, ""tol"": 1e-06}",scar,0.1,0.5,0.5,True,0,,,,,,,,0.1455,False,-0.0018469656992084471,1.0,0.6872852233676977,0.9994611111111111,0.9545,0.814663951120163,0.9018469656992084,0.9952513549254787,0.9747222222222223,,requires predict_proba,,requires predict_proba,,0.01599999999962165,success,
upu,scar-pi0.1-scalemid,112,"{""basis"": ""linear"", ""fit_intercept"": true, ""kernel_width"": null, ""loss"": ""double_hinge"", ""max_iter"": 1000, ""n_centers"": null, ""reg_lambda"": 0.01, ""tol"": 1e-06}",scar,0.1,0.5,0.5,True,0,,,,,,,,0.1455,False,5.265929436544525e-05,1.0,0.6872852233676977,0.9996444444444444,0.9545,0.814663951120163,0.8999473407056345,0.9970326164398314,0.9747222222222223,,requires predict_proba,,requires predict_proba,,0.01600000000144064,success,
upu,scar-pi0.1-scalemid,113,"{""basis"": ""linear"", ""fit_intercept"": true, ""kernel_width"": null, ""loss"": ""double_hinge"", ""max_iter"": 1000, ""n_centers"": null, ""reg_lambda"": 0.01, ""tol"": 1e-06}",scar,0.1,0.5,0.5,True,0,,,,,,,,0.144,False,-0.002477596204533486,1.0,0.6944444444444445,0.9990583333333334,0.956,0.819672131147541,0.9024775962045335,0.9925633501029195,0.9755555555555555,,requires predict_proba,,requires predict_proba,,0.030999999999039574,success,
upu,scar-pi0.1-scalemid,114,"{""basis"": ""linear"", ""fit_intercept"": true, ""kernel_width"": null, ""loss"": ""double_hinge"", ""max_iter"": 1000, ""n_centers"": null, ""reg_lambda"": 0.01, ""tol"": 1e-06}",scar,0.1,0.5,0.5,True,0,,,,,,,,0.1515,False,-0.0012214551248008604,1.0,0.6600660066006602,0.9990583333333334,0.9485,0.7952286282306164,0.9012214551248009,0.9912361119740698,0.9713888888888889,,requires predict_proba,,requires predict_proba,,0.015000000001236913,success,
upu,scar-pi0.1-scalemid,115,"{""basis"": ""linear"", ""fit_intercept"": true, ""kernel_width"": null, ""loss"": ""double_hinge"", ""max_iter"": 1000, ""n_centers"": null, ""reg_lambda"": 0.01, ""tol"": 1e-06}",scar,0.1,0.5,0.5,True,0,,,,,,,,0.1475,False,-0.000686740623349183,1.0,0.6779661016949153,0.9995,0.9525,0.8080808080808081,0.9006867406233492,0.995810560881512,0.9736111111111111,,requires predict_proba,,requires predict_proba,,0.0319999999992433,success,
upu,scar-pi0.1-scalemid,116,"{""basis"": ""linear"", ""fit_intercept"": true, ""kernel_width"": null, ""loss"": ""double_hinge"", ""max_iter"": 1000, ""n_centers"": null, ""reg_lambda"": 0.01, ""tol"": 1e-06}",scar,0.1,0.5,0.5,True,0,,,,,,,,0.1445,False,-5.260389268806065e-05,1.0,0.6920415224913495,0.9997833333333334,0.9555,0.8179959100204499,0.900052603892688,0.9980917069167452,0.9752777777777778,,requires predict_proba,,requires predict_proba,,0.031000000000858563,success,
upu,scar-pi0.1-scalemid,117,"{""basis"": ""linear"", ""fit_intercept"": true, ""kernel_width"": null, ""loss"": ""double_hinge"", ""max_iter"": 1000, ""n_centers"": null, ""reg_lambda"": 0.01, ""tol"": 1e-06}",scar,0.1,0.5,0.5,True,0,,,,,,,,0.143,False,-0.0006831318970047379,1.0,0.6993006993006994,0.9995277777777777,0.957,0.823045267489712,0.9006831318970048,0.9961223036044398,0.9761111111111112,,requires predict_proba,,requires predict_proba,,0.01599999999962165,success,
upu,scar-pi0.1-scalemid,118,"{""basis"": ""linear"", ""fit_intercept"": true, ""kernel_width"": null, ""loss"": ""double_hinge"", ""max_iter"": 1000, ""n_centers"": null, ""reg_lambda"": 0.01, ""tol"": 1e-06}",scar,0.1,0.5,0.5,True,0,,,,,,,,0.1455,False,-0.0008961518186610534,1.0,0.6872852233676977,0.9997583333333333,0.9545,0.814663951120163,0.900896151818661,0.9978228808943017,0.9747222222222223,,requires predict_proba,,requires predict_proba,,0.015000000001236913,success,
upu,scar-pi0.1-scalemid,119,"{""basis"": ""linear"", ""fit_intercept"": true, ""kernel_width"": null, ""loss"": ""double_hinge"", ""max_iter"": 1000, ""n_centers"": null, ""reg_lambda"": 0.01, ""tol"": 1e-06}",scar,0.1,0.5,0.5,True,0,,,,,,,,0.143,False,0.0002624671916010429,1.0,0.6993006993006994,0.9990666666666665,0.956,0.8189300411522634,0.899737532808399,0.9935905853402014,0.9733333333333334,,requires predict_proba,,requires predict_proba,,0.030999999999039574,success,
upu,scar-pi0.3-scalesmall,100,"{""basis"": ""linear"", ""fit_intercept"": true, ""kernel_width"": null, ""loss"": ""double_hinge"", ""max_iter"": 1000, ""n_centers"": null, ""reg_lambda"": 0.01, ""tol"": 1e-06}",scar,0.3,0.5,0.5,True,0,,,,,,,,0.4,False,-0.0017543859649122862,1.0,0.7499999999999999,0.9999404761904762,0.9,0.8571428571428571,0.7017543859649122,0.999863387978142,0.9285714285714286,,requires predict_proba,,requires predict_proba,,0.031000000000858563,success,
upu,scar-pi0.3-scalesmall,101,"{""basis"": ""linear"", ""fit_intercept"": true, ""kernel_width"": null, ""loss"": ""double_hinge"", ""max_iter"": 1000, ""n_centers"": null, ""reg_lambda"": 0.01, ""tol"": 1e-06}",scar,0.3,0.5,0.5,True,0,,,,,,,,0.4,False,-0.00588235294117645,1.0,0.7499999999999999,0.9994047619047619,0.9,0.8571428571428571,0.7058823529411765,0.9985893643364799,0.9285714285714286,,requires predict_proba,,requires predict_proba,,0.0319999999992433,success,
upu,scar-pi0.3-scalesmall,102,"{""basis"": ""linear"", ""fit_intercept"": true, ""kernel_width"": null, ""loss"": ""double_hinge"", ""max_iter"": 1000, ""n_centers"": null, ""reg_lambda"": 0.01, ""tol"": 1e-06}",scar,0.3,0.5,0.5,True,0,,,,,,,,0.3925,False,-0.004347826086956497,1.0,0.7643312101910827,0.9981249999999999,0.9075,0.8664259927797834,0.7043478260869566,0.996261864671687,0.9339285714285714,,requires predict_proba,,requires predict_proba,,0.01599999999962165,success,
upu,scar-pi0.3-scalesmall,103,"{""basis"": ""linear"", ""fit_intercept"": true, ""kernel_width"": null, ""loss"": ""double_hinge"", ""max_iter"": 1000, ""n_centers"": null, ""reg_lambda"": 0.01, ""tol"": 1e-06}",scar,0.3,0.5,0.5,True,0,,,,,,,,0.42,False,-0.0009063444108761143,1.0,0.7142857142857143,0.9986904761904762,0.88,0.8333333333333334,0.7009063444108762,0.9970591847474113,0.9142857142857144,,requires predict_proba,,requires predict_proba,,0.031000000000858563,success,
upu,scar-pi0.3-scalesmall,104,"{""basis"": ""linear"", ""fit_intercept"": true, ""kernel_width"": null, ""loss"": ""double_hinge"", ""max_iter"": 1000, ""n_centers"": null, ""reg_lambda"": 0.01, ""tol"": 1e-06}",scar,0.3,0.5,0.5,True,0,,,,,,,,0.4125,False,-0.0014925373134328512,1.0,0.7272727272727273,0.9997916666666667,0.8875,0.8421052631578947,0.7014925373134329,0.9995218019234883,0.9196428571428572,,requires predict_proba,,requires predict_proba,,0.030999999999039574,success,
upu,scar-pi0.3-scalesmall,105,"{""basis"": ""linear"", ""fit_intercept"": true, ""kernel_width"": null, ""loss"": ""double_hinge"", ""max_iter"": 1000, ""n_centers"": null, ""reg_lambda"": 0.01, ""tol"": 1e-06}",scar,0.3,0.5,0.5,True,0,,,,,,,,0.4025,False,-0.002941176470588225,1.0,0.7453416149068323,0.9994047619047619,0.8975,0.8540925266903915,0.7029411764705882,0.9986907440951107,0.9267857142857143,,requires predict_proba,,requires predict_proba,,0.031000000000858563,success,
upu,scar-pi0.3-scalesmall,106,"{""basis"": ""linear"", ""fit_intercept"": true, ""kernel_width"": null, ""loss"": ""double_hinge"", ""max_iter"": 1000, ""n_centers"": null, ""reg_lambda"": 0.01, ""tol"": 1e-06}",scar,0.3,0.5,0.5,True,0,,,,,,,,0.4125,False,0.004733727810650901,1.0,0.7272727272727273,0.9979761904761905,0.8875,0.8421052631578947,0.6952662721893491,0.9957116564216348,0.9196428571428572,,requires predict_proba,,requires predict_proba,,0.01599999999962165,success,
upu,scar-pi0.3-scalesmall,107,"{""basis"": ""linear"", ""fit_intercept"": true, ""kernel_width"": null, ""loss"": ""double_hinge"", ""max_iter"": 1000, ""n_centers"": null, ""reg_lambda"": 0.01, ""tol"": 1e-06}",scar,0.3,0.5,0.5,True,0,,,,,,,,0.38,False,-0.004545454545454519,1.0,0.7894736842105263,0.9995833333333333,0.92,0.8823529411764706,0.7045454545454546,0.9990534121221158,0.9428571428571428,,requires predict_proba,,requires predict_proba,,0.031000000000858563,success,
upu,scar-pi0.3-scalesmall,108,"{""basis"": ""linear"", ""fit_intercept"": true, ""kernel_width"": null, ""loss"": ""double_hinge"", ""max_iter"": 1000, ""n_centers"": null, ""reg_lambda"": 0.01, ""tol"": 1e-06}",scar,0.3,0.5,0.5,True,0,,,,,,,,0.3925,False,0.0017241379310344862,1.0,0.7643312101910827,0.999077380952381,0.9075,0.8664259927797834,0.6982758620689655,0.9979650196413852,0.9339285714285714,,requires predict_proba,,requires predict_proba,,0.030999999999039574,success,
upu,scar-pi0.3-scalesmall,109,"{""basis"": ""linear"", ""fit_intercept"": true, ""kernel_width"": null, ""loss"": ""double_hinge"", ""max_iter"": 1000, ""n_centers"": null, ""reg_lambda"": 0.01, ""tol"": 1e-06}",scar,0.3,0.5,0.5,True,0,,,,,,,,0.4175,False,0.012258527183900303,0.9850746268656716,0.707838055232818,0.9972023809523809,0.8775,0.8292682926829268,0.6966966966966966,0.9959676594555191,0.9101190476190477,,requires predict_proba,,requires predict_proba,,0.031000000000858563,success,
upu,scar-pi0.3-scalesmall,110,"{""basis"": ""linear"", ""fit_intercept"": true, ""kernel_width"": null, ""loss"": ""double_hinge"", ""max_iter"": 1000, ""n_centers"": null, ""reg_lambda"": 0.01, ""tol"": 1e-06}",scar,0.3,0.5,0.5,True,0,,,,,,,,0.4075,False,-0.003264094955489627,1.0,0.7361963190184049,0.9986011904761904,0.8925,0.8480565371024735,0.7032640949554896,0.997092078079334,0.9232142857142858,,requires predict_proba,,requires predict_proba,,0.0319999999992433,success,
upu,scar-pi0.3-scalesmall,111,"{""basis"": ""linear"", ""fit_intercept"": true, ""kernel_width"": null, ""loss"": ""double_hinge"", ""max_iter"": 1000, ""n_centers"": null, ""reg_lambda"": 0.01, ""tol"": 1e-06}",scar,0.3,0.5,0.5,True,0,,,,,,,,0.405,False,0.0,1.0,0.7407407407407407,0.99875,0.895,0.851063829787234,0.7,0.9971079647739329,0.925,,requires predict_proba,,requires predict_proba,,0.01600000000144064,success,
upu,scar-pi0.3-scalesmall,112,"{""basis"": ""linear"", ""fit_intercept"": true, ""kernel_width"": null, ""loss"": ""double_hinge"", ""max_iter"": 1000, ""n_centers"": null, ""reg_lambda"": 0.01, ""tol"": 1e-06}",scar,0.3,0.5,0.5,True,0,,,,,,,,0.4075,False,-0.0011834319526626835,1.0,0.7361963190184049,0.9985416666666667,0.8925,0.8480565371024735,0.7011834319526628,0.9965603644526707,0.9232142857142858,,requires predict_proba,,requires predict_proba,,0.01599999999962165,success,
upu,scar-pi0.3-scalesmall,113,"{""basis"": ""linear"", ""fit_intercept"": true, ""kernel_width"": null, ""loss"": ""double_hinge"", ""max_iter"": 1000, ""n_centers"": null, ""reg_lambda"": 0.01, ""tol"": 1e-06}",scar,0.3,0.5,0.5,True,0,,,,,,,,0.42,False,-0.0030303030303029943,1.0,0.7142857142857143,0.9997321428571428,0.88,0.8333333333333334,0.703030303030303,0.9993900367309458,0.9142857142857144,,requires predict_proba,,requires predict_proba,,0.015000000001236913,success,
upu,scar-pi0.3-scalesmall,114,"{""basis"": ""linear"", ""fit_intercept"": true, ""kernel_width"": null, ""loss"": ""double_hinge"", ""max_iter"": 1000, ""n_centers"": null, ""reg_lambda"": 0.01, ""tol"": 1e-06}",scar,0.3,0.5,0.5,True,0,,,,,,,,0.405,False,0.006122448979591855,1.0,0.7407407407407407,0.9982738095238095,0.895,0.851063829787234,0.6938775510204082,0.9956687708936972,0.925,,requires predict_proba,,requires predict_proba,,0.0319999999992433,success,
upu,scar-pi0.3-scalesmall,115,"{""basis"": ""linear"", ""fit_intercept"": true, ""kernel_width"": null, ""loss"": ""double_hinge"", ""max_iter"": 1000, ""n_centers"": null, ""reg_lambda"": 0.01, ""tol"": 1e-06}",scar,0.3,0.5,0.5,True,0,,,,,,,,0.3925,False,-0.0002881844380403509,1.0,0.7643312101910827,0.9995833333333334,0.9075,0.8664259927797834,0.7002881844380403,0.999046900019547,0.9339285714285714,,requires predict_proba,,requires predict_proba,,0.031000000000858563,success,
upu,scar-pi0.3-scalesmall,116,"{""basis"": ""linear"", ""fit_intercept"": true, ""kernel_width"": null, ""loss"": ""double_hinge"", ""max_iter"": 1000, ""n_centers"": null, ""reg_lambda"": 0.01, ""tol"": 1e-06}",scar,0.3,0.5,0.5,True,0,,,,,,,,0.4075,False,-0.003264094955489627,1.0,0.7361963190184049,0.9999107142857143,0.8925,0.8480565371024735,0.7032640949554896,0.9997967479674796,0.9232142857142858,,requires predict_proba,,requires predict_proba,,0.030999999999039574,success,
upu,scar-pi0.3-scalesmall,117,"{""basis"": ""linear"", ""fit_intercept"": true, ""kernel_width"": null, ""loss"": ""double_hinge"", ""max_iter"": 1000, ""n_centers"": null, ""reg_lambda"": 0.01, ""tol"": 1e-06}",scar,0.3,0.5,0.5,True,0,,,,,,,,0.415,False,-0.0005988023952095967,1.0,0.7228915662650602,0.999375,0.885,0.8391608391608392,0.7005988023952096,0.9985911654260875,0.9178571428571429,,requires predict_proba,,requires predict_proba,,0.031000000000858563,success,
upu,scar-pi0.3-scalesmall,118,"{""basis"": ""linear"", ""fit_intercept"": true, ""kernel_width"": null, ""loss"": ""double_hinge"", ""max_iter"": 1000, ""n_centers"": null, ""reg_lambda"": 0.01, ""tol"": 1e-06}",scar,0.3,0.5,0.5,True,0,,,,,,,,0.3925,False,-0.0023121387283236983,1.0,0.7643312101910827,0.9996726190476191,0.9075,0.8664259927797834,0.7023121387283237,0.999232461536118,0.9339285714285714,,requires predict_proba,,requires predict_proba,,0.01599999999962165,success,
upu,scar-pi0.3-scalesmall,119,"{""basis"": ""linear"", ""fit_intercept"": true, ""kernel_width"": null, ""loss"": ""double_hinge"", ""max_iter"": 1000, ""n_centers"": null, ""reg_lambda"": 0.01, ""tol"": 1e-06}",scar,0.3,0.5,0.5,True,0,,,,,,,,0.4,False,0.0023255813953488302,1.0,0.7499999999999999,0.9996130952380953,0.9,0.8571428571428571,0.6976744186046512,0.9991729797979798,0.9285714285714286,,requires predict_proba,,requires predict_proba,,0.014999999999417923,success,
upu,scar-pi0.3-scalemid,100,"{""basis"": ""linear"", ""fit_intercept"": true, ""kernel_width"": null, ""loss"": ""double_hinge"", ""max_iter"": 1000, ""n_centers"": null, ""reg_lambda"": 0.01, ""tol"": 1e-06}",scar,0.3,0.5,0.5,True,0,,,,,,,,0.406,False,-0.0004716981132075193,1.0,0.7389162561576353,0.9988023809523809,0.893,0.8484419263456091,0.7004716981132075,0.9976975563500593,0.9230952380952381,,requires predict_proba,,requires predict_proba,,0.030999999999039574,success,
upu,scar-pi0.3-scalemid,101,"{""basis"": ""linear"", ""fit_intercept"": true, ""kernel_width"": null, ""loss"": ""double_hinge"", ""max_iter"": 1000, ""n_centers"": null, ""reg_lambda"": 0.01, ""tol"": 1e-06}",scar,0.3,0.5,0.5,True,0,,,,,,,,0.396,False,-0.0011027278003482022,1.0,0.7575757575757575,0.9995440476190477,0.904,0.8620689655172413,0.7011027278003482,0.9989644172216149,0.9314285714285715,,requires predict_proba,,requires predict_proba,,0.031000000000858563,success,
upu,scar-pi0.3-scalemid,102,"{""basis"": ""linear"", ""fit_intercept"": true, ""kernel_width"": null, ""loss"": ""double_hinge"", ""max_iter"": 1000, ""n_centers"": null, ""reg_lambda"": 0.01, ""tol"": 1e-06}",scar,0.3,0.5,0.5,True,0,,,,,,,,0.409,False,-0.0019002375296912066,1.0,0.7334963325183375,0.9993464285714285,0.891,0.846262341325811,0.7019002375296912,0.9985047416050693,0.9221428571428572,,requires predict_proba,,requires predict_proba,,0.0319999999992433,success,
upu,scar-pi0.3-scalemid,103,"{""basis"": ""linear"", ""fit_intercept"": true, ""kernel_width"": null, ""loss"": ""double_hinge"", ""max_iter"": 1000, ""n_centers"": null, ""reg_lambda"": 0.01, ""tol"": 1e-06}",scar,0.3,0.5,0.5,True,0,,,,,,,,0.401,False,0.002901090342679158,0.9965277777777778,0.7455320033250207,0.999325,0.898,0.854493580599144,0.6991822429906542,0.9986582965415696,0.9266666666666666,,requires predict_proba,,requires predict_proba,,0.031000000000858563,success,
upu,scar-pi0.3-scalemid,104,"{""basis"": ""linear"", ""fit_intercept"": true, ""kernel_width"": null, ""loss"": ""double_hinge"", ""max_iter"": 1000, ""n_centers"": null, ""reg_lambda"": 0.01, ""tol"": 1e-06}",scar,0.3,0.5,0.5,True,0,,,,,,,,0.4085,False,0.0012404016538689056,1.0,0.7343941248470013,0.9990940476190476,0.8915,0.8468595624558928,0.6987595983461311,0.9979359658620748,0.9225,,requires predict_proba,,requires predict_proba,,0.030999999999039574,success,
upu,scar-pi0.3-scalemid,105,"{""basis"": ""linear"", ""fit_intercept"": true, ""kernel_width"": null, ""loss"": ""double_hinge"", ""max_iter"": 1000, ""n_centers"": null, ""reg_lambda"": 0.01, ""tol"": 1e-06}",scar,0.3,0.5,0.5,True,0,,,,,,,,0.4025,False,0.0003512880562061005,1.0,0.7453416149068323,0.9994892857142856,0.8975,0.8540925266903915,0.699648711943794,0.99883382569967,0.9267857142857143,,requires predict_proba,,requires predict_proba,,0.031000000000858563,success,
upu,scar-pi0.3-scalemid,106,"{""basis"": ""linear"", ""fit_intercept"": true, ""kernel_width"": null, ""loss"": ""double_hinge"", ""max_iter"": 1000, ""n_centers"": null, ""reg_lambda"": 0.01, ""tol"": 1e-06}",scar,0.3,0.5,0.5,True,0,,,,,,,,0.408,False,-0.0010065127294257015,1.0,0.7352941176470589,0.9988142857142857,0.892,0.847457627118644,0.7010065127294257,0.997294545872506,0.9228571428571428,,requires predict_proba,,requires predict_proba,,0.030999999999039574,success,
upu,scar-pi0.3-scalemid,107,"{""basis"": ""linear"", ""fit_intercept"": true, ""kernel_width"": null, ""loss"": ""double_hinge"", ""max_iter"": 1000, ""n_centers"": null, ""reg_lambda"": 0.01, ""tol"": 1e-06}",scar,0.3,0.5,0.5,True,0,,,,,,,,0.403,False,0.0029772329246935403,1.0,0.7444168734491314,0.9991964285714287,0.897,0.8534850640113798,0.6970227670753065,0.9982197964617634,0.9264285714285714,,requires predict_proba,,requires predict_proba,,0.031000000000858563,success,
upu,scar-pi0.3-scalemid,108,"{""basis"": ""linear"", ""fit_intercept"": true, ""kernel_width"": null, ""loss"": ""double_hinge"", ""max_iter"": 1000, ""n_centers"": null, ""reg_lambda"": 0.01, ""tol"": 1e-06}",scar,0.3,0.5,0.5,True,0,,,,,,,,0.4035,False,-0.0013521457965902095,1.0,0.7434944237918215,0.999402380952381,0.8965,0.8528784648187633,0.7013521457965902,0.9986950798517481,0.9260714285714285,,requires predict_proba,,requires predict_proba,,0.01599999999962165,success,
upu,scar-pi0.3-scalemid,109,"{""basis"": ""linear"", ""fit_intercept"": true, ""kernel_width"": null, ""loss"": ""double_hinge"", ""max_iter"": 1000, ""n_centers"": null, ""reg_lambda"": 0.01, ""tol"": 1e-06}",scar,0.3,0.5,0.5,True,0,,,,,,,,0.409,False,-0.001067615658362997,1.0,0.7334963325183375,0.9992738095238095,0.891,0.846262341325811,0.701067615658363,0.9984765786460296,0.9221428571428572,,requires predict_proba,,requires predict_proba,,0.015000000001236913,success,
upu,scar-pi0.3-scalemid,110,"{""basis"": ""linear"", ""fit_intercept"": true, ""kernel_width"": null, ""loss"": ""double_hinge"", ""max_iter"": 1000, ""n_centers"": null, ""reg_lambda"": 0.01, ""tol"": 1e-06}",scar,0.3,0.5,0.5,True,0,,,,,,,,0.4,False,-0.0001166861143523934,1.0,0.7499999999999999,0.9991285714285714,0.9,0.8571428571428571,0.7001166861143524,0.9981439576065624,0.9285714285714286,,requires predict_proba,,requires predict_proba,,0.01599999999962165,success,
upu,scar-pi0.3-scalemid,111,"{""basis"": ""linear"", ""fit_intercept"": true, ""kernel_width"": null, ""loss"": ""double_hinge"", ""max_iter"": 1000, ""n_centers"": null, ""reg_lambda"": 0.01, ""tol"": 1e-06}",scar,0.3,0.5,0.5,True,0,,,,,,,,0.402,False,0.0009935710111046436,1.0,0.7462686567164178,0.9995535714285715,0.898,0.8547008547008547,0.6990064289888954,0.9989618358223598,0.9271428571428572,,requires predict_proba,,requires predict_proba,,0.031000000000858563,success,
upu,scar-pi0.3-scalemid,112,"{""basis"": ""linear"", ""fit_intercept"": true, ""kernel_width"": null, ""loss"": ""double_hinge"", ""max_iter"": 1000, ""n_centers"": null, ""reg_lambda"": 0.01, ""tol"": 1e-06}",scar,0.3,0.5,0.5,True,0,,,,,,,,0.406,False,0.0011764705882352788,1.0,0.7389162561576353,0.9994928571428572,0.894,0.8498583569405099,0.6988235294117647,0.9989070682202124,0.9242857142857143,,requires predict_proba,,requires predict_proba,,0.0319999999992433,success,
upu,scar-pi0.3-scalemid,113,"{""basis"": ""linear"", ""fit_intercept"": true, ""kernel_width"": null, ""loss"": ""double_hinge"", ""max_iter"": 1000, ""n_centers"": null, ""reg_lambda"": 0.01, ""tol"": 1e-06}",scar,0.3,0.5,0.5,True,0,,,,,,,,0.4075,False,-0.0007687758722649263,1.0,0.7361963190184049,0.9992666666666667,0.8925,0.8480565371024735,0.7007687758722649,0.9982814321197941,0.9232142857142858,,requires predict_proba,,requires predict_proba,,0.031000000000858563,success,
upu,scar-pi0.3-scalemid,114,"{""basis"": ""linear"", ""fit_intercept"": true, ""kernel_width"": null, ""loss"": ""double_hinge"", ""max_iter"": 1000, ""n_centers"": null, ""reg_lambda"": 0.01, ""tol"": 1e-06}",scar,0.3,0.5,0.5,True,0,,,,,,,,0.4125,False,-0.000655933214072757,1.0,0.7272727272727273,0.9988702380952381,0.8875,0.8421052631578947,0.7006559332140727,0.99721317069199,0.9196428571428572,,requires predict_proba,,requires predict_proba,,0.014999999999417923,success,
upu,scar-pi0.3-scalemid,115,"{""basis"": ""linear"", ""fit_intercept"": true, ""kernel_width"": null, ""loss"": ""double_hinge"", ""max_iter"": 1000, ""n_centers"": null, ""reg_lambda"": 0.01, ""tol"": 1e-06}",scar,0.3,0.5,0.5,True,0,,,,,,,,0.4085,False,-0.0008293838862559189,1.0,0.7343941248470013,0.9992107142857143,0.8915,0.8468595624558928,0.7008293838862559,0.9982759033039014,0.9225,,requires predict_proba,,requires predict_proba,,0.031000000000858563,success,
upu,scar-pi0.3-scalemid,116,"{""basis"": ""linear"", ""fit_intercept"": true, ""kernel_width"": null, ""loss"": ""double_hinge"", ""max_iter"": 1000, ""n_centers"": null, ""reg_lambda"": 0.01, ""tol"": 1e-06}",scar,0.3,0.5,0.5,True,0,,,,,,,,0.408,False,0.002298173246906343,1.0,0.7352941176470589,0.9997642857142857,0.892,0.847457627118644,0.6977018267530937,0.9994407651971369,0.9228571428571428,,requires predict_proba,,requires predict_proba,,0.031000000000858563,success,
upu,scar-pi0.3-scalemid,117,"{""basis"": ""linear"", ""fit_intercept"": true, ""kernel_width"": null, ""loss"": ""double_hinge"", ""max_iter"": 1000, ""n_centers"": null, ""reg_lambda"": 0.01, ""tol"": 1e-06}",scar,0.3,0.5,0.5,True,0,,,,,,,,0.4075,False,0.001708898055391872,1.0,0.7361963190184049,0.9992392857142857,0.8925,0.8480565371024735,0.6982911019446081,0.9982173850195978,0.9232142857142858,,requires predict_proba,,requires predict_proba,,0.0319999999992433,success,
upu,scar-pi0.3-scalemid,118,"{""basis"": ""linear"", ""fit_intercept"": true, ""kernel_width"": null, ""loss"": ""double_hinge"", ""max_iter"": 1000, ""n_centers"": null, ""reg_lambda"": 0.01, ""tol"": 1e-06}",scar,0.3,0.5,0.5,True,0,,,,,,,,0.4065,False,-0.001951507983441736,1.0,0.7380073800738007,0.9996559523809524,0.8935,0.8492569002123143,0.7019515079834417,0.999196668803185,0.9239285714285714,,requires predict_proba,,requires predict_proba,,0.031000000000858563,success,
upu,scar-pi0.3-scalemid,119,"{""basis"": ""linear"", ""fit_intercept"": true, ""kernel_width"": null, ""loss"": ""double_hinge"", ""max_iter"": 1000, ""n_centers"": null, ""reg_lambda"": 0.01, ""tol"": 1e-06}",scar,0.3,0.5,0.5,True,0,,,,,,,,0.401,False,-0.0001753360607831822,1.0,0.7481296758104737,0.9993940476190476,0.899,0.8559201141226819,0.7001753360607832,0.9986393948006711,0.9278571428571429,,requires predict_proba,,requires predict_proba,,0.030999999999039574,success,
upu,scar-pi0.5-scalesmall,100,"{""basis"": ""linear"", ""fit_intercept"": true, ""kernel_width"": null, ""loss"": ""double_hinge"", ""max_iter"": 1000, ""n_centers"": null, ""reg_lambda"": 0.01, ""tol"": 1e-06}",scar,0.5,0.5,0.5,True,0,,,,,,,,0.6175,False,0.0016286644951140072,1.0,0.8097165991902834,0.999375,0.8825,0.8948545861297539,0.498371335504886,0.9994198685822475,0.8825000000000001,,requires predict_proba,,requires predict_proba,,0.031000000000858563,success,
upu,scar-pi0.5-scalesmall,101,"{""basis"": ""linear"", ""fit_intercept"": true, ""kernel_width"": null, ""loss"": ""double_hinge"", ""max_iter"": 1000, ""n_centers"": null, ""reg_lambda"": 0.01, ""tol"": 1e-06}",scar,0.5,0.5,0.5,True,0,,,,,,,,0.625,False,0.004950495049504955,1.0,0.8,0.9988750000000001,0.875,0.8888888888888888,0.49504950495049505,0.9988792857466344,0.875,,requires predict_proba,,requires predict_proba,,0.0319999999992433,success,
upu,scar-pi0.5-scalesmall,102,"{""basis"": ""linear"", ""fit_intercept"": true, ""kernel_width"": null, ""loss"": ""double_hinge"", ""max_iter"": 1000, ""n_centers"": null, ""reg_lambda"": 0.01, ""tol"": 1e-06}",scar,0.5,0.5,0.5,True,0,,,,,,,,0.625,False,0.0016611295681062677,1.0,0.8,0.997475,0.875,0.8888888888888888,0.4983388704318937,0.9975922469503401,0.875,,requires predict_proba,,requires predict_proba,,0.031000000000858563,success,
upu,scar-pi0.5-scalesmall,103,"{""basis"": ""linear"", ""fit_intercept"": true, ""kernel_width"": null, ""loss"": ""double_hinge"", ""max_iter"": 1000, ""n_centers"": null, ""reg_lambda"": 0.01, ""tol"": 1e-06}",scar,0.5,0.5,0.5,True,0,,,,,,,,0.6375,False,0.005119453924914641,1.0,0.7843137254901962,0.998775,0.8625,0.8791208791208791,0.4948805460750853,0.9987851946625567,0.8625,,requires predict_proba,,requires predict_proba,,0.0319999999992433,success,
upu,scar-pi0.5-scalesmall,104,"{""basis"": ""linear"", ""fit_intercept"": true, ""kernel_width"": null, ""loss"": ""double_hinge"", ""max_iter"": 1000, ""n_centers"": null, ""reg_lambda"": 0.01, ""tol"": 1e-06}",scar,0.5,0.5,0.5,True,0,,,,,,,,0.63,False,0.0,1.0,0.7936507936507936,0.9993,0.87,0.8849557522123894,0.5,0.9993137189621394,0.87,,requires predict_proba,,requires predict_proba,,0.031000000000858563,success,
upu,scar-pi0.5-scalesmall,105,"{""basis"": ""linear"", ""fit_intercept"": true, ""kernel_width"": null, ""loss"": ""double_hinge"", ""max_iter"": 1000, ""n_centers"": null, ""reg_lambda"": 0.01, ""tol"": 1e-06}",scar,0.5,0.5,0.5,True,0,,,,,,,,0.63,False,0.0050167224080267525,1.0,0.7936507936507936,0.9994749999999999,0.87,0.8849557522123894,0.49498327759197325,0.9994909633774263,0.87,,requires predict_proba,,requires predict_proba,,0.030999999999039574,success,
upu,scar-pi0.5-scalesmall,106,"{""basis"": ""linear"", ""fit_intercept"": true, ""kernel_width"": null, ""loss"": ""double_hinge"", ""max_iter"": 1000, ""n_centers"": null, ""reg_lambda"": 0.01, ""tol"": 1e-06}",scar,0.5,0.5,0.5,True,0,,,,,,,,0.6225,False,0.004918032786885296,1.0,0.8032128514056224,0.997675,0.8775,0.89086859688196,0.49508196721311476,0.9977795971771187,0.8775,,requires predict_proba,,requires predict_proba,,0.031000000000858563,success,
upu,scar-pi0.5-scalesmall,107,"{""basis"": ""linear"", ""fit_intercept"": true, ""kernel_width"": null, ""loss"": ""double_hinge"", ""max_iter"": 1000, ""n_centers"": null, ""reg_lambda"": 0.01, ""tol"": 1e-06}",scar,0.5,0.5,0.5,True,0,,,,,,,,0.6025,False,0.0015673981191222097,1.0,0.8298755186721991,0.999675,0.8975,0.9070294784580499,0.49843260188087773,0.9996738007380629,0.8975,,requires predict_proba,,requires predict_proba,,0.0319999999992433,success,
upu,scar-pi0.5-scalesmall,108,"{""basis"": ""linear"", ""fit_intercept"": true, ""kernel_width"": null, ""loss"": ""double_hinge"", ""max_iter"": 1000, ""n_centers"": null, ""reg_lambda"": 0.01, ""tol"": 1e-06}",scar,0.5,0.5,0.5,True,0,,,,,,,,0.615,False,-0.0016286644951140072,1.0,0.8130081300813008,0.9993,0.885,0.8968609865470852,0.501628664495114,0.9993114612983248,0.885,,requires predict_proba,,requires predict_proba,,0.031000000000858563,success,
upu,scar-pi0.5-scalesmall,109,"{""basis"": ""linear"", ""fit_intercept"": true, ""kernel_width"": null, ""loss"": ""double_hinge"", ""max_iter"": 1000, ""n_centers"": null, ""reg_lambda"": 0.01, ""tol"": 1e-06}",scar,0.5,0.5,0.5,True,0,,,,,,,,0.6225,False,0.004658232813572694,0.9902912621359223,0.7954146683822668,0.9983000000000001,0.8725,0.8864142538975501,0.5050505050505051,0.9986987080337386,0.8725,,requires predict_proba,,requires predict_proba,,0.030999999999039574,success,
upu,scar-pi0.5-scalesmall,110,"{""basis"": ""linear"", ""fit_intercept"": true, ""kernel_width"": null, ""loss"": ""double_hinge"", ""max_iter"": 1000, ""n_centers"": null, ""reg_lambda"": 0.01, ""tol"": 1e-06}",scar,0.5,0.5,0.5,True,0,,,,,,,,0.63,False,0.0016835016835017313,1.0,0.7936507936507936,0.9993,0.87,0.8849557522123894,0.4983164983164983,0.9993316729204624,0.87,,requires predict_proba,,requires predict_proba,,0.031000000000858563,success,
upu,scar-pi0.5-scalesmall,111,"{""basis"": ""linear"", ""fit_intercept"": true, ""kernel_width"": null, ""loss"": ""double_hinge"", ""max_iter"": 1000, ""n_centers"": null, ""reg_lambda"": 0.01, ""tol"": 1e-06}",scar,0.5,0.5,0.5,True,0,,,,,,,,0.6225,False,-0.003333333333333355,1.0,0.8032128514056224,0.9994249999999999,0.8775,0.89086859688196,0.5033333333333333,0.9994433681638047,0.8775,,requires predict_proba,,requires predict_proba,,0.0319999999992433,success,
upu,scar-pi0.5-scalesmall,112,"{""basis"": ""linear"", ""fit_intercept"": true, ""kernel_width"": null, ""loss"": ""double_hinge"", ""max_iter"": 1000, ""n_centers"": null, ""reg_lambda"": 0.01, ""tol"": 1e-06}",scar,0.5,0.5,0.5,True,0,,,,,,,,0.6225,False,-0.0016611295681063232,1.0,0.8032128514056224,0.9992,0.8775,0.89086859688196,0.5016611295681063,0.9991949866310882,0.8775,,requires predict_proba,,requires predict_proba,,0.01599999999962165,success,
upu,scar-pi0.5-scalesmall,113,"{""basis"": ""linear"", ""fit_intercept"": true, ""kernel_width"": null, ""loss"": ""double_hinge"", ""max_iter"": 1000, ""n_centers"": null, ""reg_lambda"": 0.01, ""tol"": 1e-06}",scar,0.5,0.5,0.5,True,0,,,,,,,,0.635,False,0.0,1.0,0.7874015748031495,0.999925,0.865,0.8810572687224669,0.5,0.9999261083743842,0.865,,requires predict_proba,,requires predict_proba,,0.014999999999417923,success,
upu,scar-pi0.5-scalesmall,114,"{""basis"": ""linear"", ""fit_intercept"": true, ""kernel_width"": null, ""loss"": ""double_hinge"", ""max_iter"": 1000, ""n_centers"": null, ""reg_lambda"": 0.01, ""tol"": 1e-06}",scar,0.5,0.5,0.5,True,0,,,,,,,,0.625,False,-0.0033557046979865723,1.0,0.8,0.9985999999999999,0.875,0.8888888888888888,0.5033557046979866,0.9984588075551701,0.875,,requires predict_proba,,requires predict_proba,,0.014999999999417923,success,
upu,scar-pi0.5-scalesmall,115,"{""basis"": ""linear"", ""fit_intercept"": true, ""kernel_width"": null, ""loss"": ""double_hinge"", ""max_iter"": 1000, ""n_centers"": null, ""reg_lambda"": 0.01, ""tol"": 1e-06}",scar,0.5,0.5,0.5,True,0,,,,,,,,0.62,False,0.0016393442622950616,1.0,0.8064516129032259,0.999775,0.88,0.8928571428571429,0.49836065573770494,0.999771534352706,0.88,,requires predict_proba,,requires predict_proba,,0.031000000000858563,success,
upu,scar-pi0.5-scalesmall,116,"{""basis"": ""linear"", ""fit_intercept"": true, ""kernel_width"": null, ""loss"": ""double_hinge"", ""max_iter"": 1000, ""n_centers"": null, ""reg_lambda"": 0.01, ""tol"": 1e-06}",scar,0.5,0.5,0.5,True,0,,,,,,,,0.63,False,-0.0016949152542372614,1.0,0.7936507936507936,0.999025,0.87,0.8849557522123894,0.5016949152542373,0.9991441708458136,0.87,,requires predict_proba,,requires predict_proba,,0.01599999999962165,success,
upu,scar-pi0.5-scalesmall,117,"{""basis"": ""linear"", ""fit_intercept"": true, ""kernel_width"": null, ""loss"": ""double_hinge"", ""max_iter"": 1000, ""n_centers"": null, ""reg_lambda"": 0.01, ""tol"": 1e-06}",scar,0.5,0.5,0.5,True,0,,,,,,,,0.625,False,0.0016611295681062677,1.0,0.8,0.998525,0.875,0.8888888888888888,0.4983388704318937,0.9986418123572859,0.875,,requires predict_proba,,requires predict_proba,,0.031000000000858563,success,
upu,scar-pi0.5-scalesmall,118,"{""basis"": ""linear"", ""fit_intercept"": true, ""kernel_width"": null, ""loss"": ""double_hinge"", ""max_iter"": 1000, ""n_centers"": null, ""reg_lambda"": 0.01, ""tol"": 1e-06}",scar,0.5,0.5,0.5,True,0,,,,,,,,0.6175,False,0.0032467532467532756,1.0,0.8097165991902834,0.9998,0.8825,0.8948545861297539,0.4967532467532468,0.9997998393062494,0.8825000000000001,,requires predict_proba,,requires predict_proba,,0.030999999999039574,success,
upu,scar-pi0.5-scalesmall,119,"{""basis"": ""linear"", ""fit_intercept"": true, ""kernel_width"": null, ""loss"": ""double_hinge"", ""max_iter"": 1000, ""n_centers"": null, ""reg_lambda"": 0.01, ""tol"": 1e-06}",scar,0.5,0.5,0.5,True,0,,,,,,,,0.6075,False,0.0,1.0,0.8230452674897119,0.9985249999999999,0.8925,0.9029345372460497,0.5,0.9986684636569486,0.8925000000000001,,requires predict_proba,,requires predict_proba,,0.031000000000858563,success,
upu,scar-pi0.5-scalemid,100,"{""basis"": ""linear"", ""fit_intercept"": true, ""kernel_width"": null, ""loss"": ""double_hinge"", ""max_iter"": 1000, ""n_centers"": null, ""reg_lambda"": 0.01, ""tol"": 1e-06}",scar,0.5,0.5,0.5,True,0,,,,,,,,0.6225,False,0.0013210039630119352,1.0,0.8032128514056224,0.998912,0.8765,0.8899777282850779,0.4986789960369881,0.9989940238198215,0.8765000000000001,,requires predict_proba,,requires predict_proba,,0.0319999999992433,success,
upu,scar-pi0.5-scalemid,101,"{""basis"": ""linear"", ""fit_intercept"": true, ""kernel_width"": null, ""loss"": ""double_hinge"", ""max_iter"": 1000, ""n_centers"": null, ""reg_lambda"": 0.01, ""tol"": 1e-06}",scar,0.5,0.5,0.5,True,0,,,,,,,,0.6165,False,-0.0006527415143602888,1.0,0.8110300081103,0.999419,0.8835,0.8956560680698612,0.5006527415143603,0.9994174063933375,0.8835,,requires predict_proba,,requires predict_proba,,0.031000000000858563,success,
upu,scar-pi0.5-scalemid,102,"{""basis"": ""linear"", ""fit_intercept"": true, ""kernel_width"": null, ""loss"": ""double_hinge"", ""max_iter"": 1000, ""n_centers"": null, ""reg_lambda"": 0.01, ""tol"": 1e-06}",scar,0.5,0.5,0.5,True,0,,,,,,,,0.6295,False,0.0006738544474393926,1.0,0.7942811755361399,0.999265,0.8705,0.8853474988933157,0.49932614555256066,0.9992567464267128,0.8705,,requires predict_proba,,requires predict_proba,,0.030999999999039574,success,
upu,scar-pi0.5-scalemid,103,"{""basis"": ""linear"", ""fit_intercept"": true, ""kernel_width"": null, ""loss"": ""double_hinge"", ""max_iter"": 1000, ""n_centers"": null, ""reg_lambda"": 0.01, ""tol"": 1e-06}",scar,0.5,0.5,0.5,True,0,,,,,,,,0.6215,False,0.0009887936717205559,1.0,0.8045052292839903,0.999379,0.8785,0.8916629514043691,0.4990112063282795,0.9994070724018596,0.8785000000000001,,requires predict_proba,,requires predict_proba,,0.031000000000858563,success,
upu,scar-pi0.5-scalemid,104,"{""basis"": ""linear"", ""fit_intercept"": true, ""kernel_width"": null, ""loss"": ""double_hinge"", ""max_iter"": 1000, ""n_centers"": null, ""reg_lambda"": 0.01, ""tol"": 1e-06}",scar,0.5,0.5,0.5,True,0,,,,,,,,0.6285,False,0.0016767270288396974,1.0,0.7955449482895784,0.999171,0.8715,0.8861320336730173,0.4983232729711603,0.9991791064157636,0.8714999999999999,,requires predict_proba,,requires predict_proba,,0.0319999999992433,success,
upu,scar-pi0.5-scalemid,105,"{""basis"": ""linear"", ""fit_intercept"": true, ""kernel_width"": null, ""loss"": ""double_hinge"", ""max_iter"": 1000, ""n_centers"": null, ""reg_lambda"": 0.01, ""tol"": 1e-06}",scar,0.5,0.5,0.5,True,0,,,,,,,,0.6255,False,0.00033355570380255717,1.0,0.7993605115907275,0.99929,0.8745,0.8884940026654821,0.49966644429619744,0.999289326332812,0.8745,,requires predict_proba,,requires predict_proba,,0.01600000000144064,success,
upu,scar-pi0.5-scalemid,106,"{""basis"": ""linear"", ""fit_intercept"": true, ""kernel_width"": null, ""loss"": ""double_hinge"", ""max_iter"": 1000, ""n_centers"": null, ""reg_lambda"": 0.01, ""tol"": 1e-06}",scar,0.5,0.5,0.5,True,0,,,,,,,,0.6265,False,-0.00167897918065818,1.0,0.7980845969672786,0.999305,0.8735,0.8877052818464269,0.5016789791806582,0.9993071434755292,0.8734999999999999,,requires predict_proba,,requires predict_proba,,0.01599999999962165,success,
upu,scar-pi0.5-scalemid,107,"{""basis"": ""linear"", ""fit_intercept"": true, ""kernel_width"": null, ""loss"": ""double_hinge"", ""max_iter"": 1000, ""n_centers"": null, ""reg_lambda"": 0.01, ""tol"": 1e-06}",scar,0.5,0.5,0.5,True,0,,,,,,,,0.6225,False,0.000991407799074695,1.0,0.8032128514056224,0.9991300000000001,0.8775,0.89086859688196,0.4990085922009253,0.9991267704082498,0.8775,,requires predict_proba,,requires predict_proba,,0.031000000000858563,success,
upu,scar-pi0.5-scalemid,108,"{""basis"": ""linear"", ""fit_intercept"": true, ""kernel_width"": null, ""loss"": ""double_hinge"", ""max_iter"": 1000, ""n_centers"": null, ""reg_lambda"": 0.01, ""tol"": 1e-06}",scar,0.5,0.5,0.5,True,0,,,,,,,,0.632,False,-0.0010211027910143056,1.0,0.7911392405063291,0.99949,0.868,0.8833922261484098,0.5010211027910143,0.9994944540666426,0.868,,requires predict_proba,,requires predict_proba,,0.030999999999039574,success,
upu,scar-pi0.5-scalemid,109,"{""basis"": ""linear"", ""fit_intercept"": true, ""kernel_width"": null, ""loss"": ""double_hinge"", ""max_iter"": 1000, ""n_centers"": null, ""reg_lambda"": 0.01, ""tol"": 1e-06}",scar,0.5,0.5,0.5,True,0,,,,,,,,0.628,False,-0.0010101010101010166,1.0,0.7961783439490446,0.999607,0.872,0.8865248226950354,0.501010101010101,0.999627453671357,0.872,,requires predict_proba,,requires predict_proba,,0.031000000000858563,success,
upu,scar-pi0.5-scalemid,110,"{""basis"": ""linear"", ""fit_intercept"": true, ""kernel_width"": null, ""loss"": ""double_hinge"", ""max_iter"": 1000, ""n_centers"": null, ""reg_lambda"": 0.01, ""tol"": 1e-06}",scar,0.5,0.5,0.5,True,0,,,,,,,,0.62,False,-0.0003291639236339683,1.0,0.8064516129032259,0.999363,0.88,0.8928571428571429,0.500329163923634,0.9993741931287778,0.88,,requires predict_proba,,requires predict_proba,,0.0319999999992433,success,
upu,scar-pi0.5-scalemid,111,"{""basis"": ""linear"", ""fit_intercept"": true, ""kernel_width"": null, ""loss"": ""double_hinge"", ""max_iter"": 1000, ""n_centers"": null, ""reg_lambda"": 0.01, ""tol"": 1e-06}",scar,0.5,0.5,0.5,True,0,,,,,,,,0.6245,False,-0.001000667111407616,1.0,0.8006405124099278,0.9993660000000001,0.8755,0.889284126278346,0.5010006671114076,0.999367553943156,0.8755,,requires predict_proba,,requires predict_proba,,0.01599999999962165,success,
upu,scar-pi0.5-scalemid,112,"{""basis"": ""linear"", ""fit_intercept"": true, ""kernel_width"": null, ""loss"": ""double_hinge"", ""max_iter"": 1000, ""n_centers"": null, ""reg_lambda"": 0.01, ""tol"": 1e-06}",scar,0.5,0.5,0.5,True,0,,,,,,,,0.6245,False,-0.0006666666666666488,1.0,0.8006405124099278,0.999329,0.8755,0.889284126278346,0.5006666666666667,0.9993570720528762,0.8755,,requires predict_proba,,requires predict_proba,,0.014999999999417923,success,
upu,scar-pi0.5-scalemid,113,"{""basis"": ""linear"", ""fit_intercept"": true, ""kernel_width"": null, ""loss"": ""double_hinge"", ""max_iter"": 1000, ""n_centers"": null, ""reg_lambda"": 0.01, ""tol"": 1e-06}",scar,0.5,0.5,0.5,True,0,,,,,,,,0.6285,False,0.00033624747814386957,1.0,0.7955449482895784,0.998568,0.8705,0.8852459016393442,0.4996637525218561,0.9987834737509772,0.8705,,requires predict_proba,,requires predict_proba,,0.030999999999039574,success,
upu,scar-pi0.5-scalemid,114,"{""basis"": ""linear"", ""fit_intercept"": true, ""kernel_width"": null, ""loss"": ""double_hinge"", ""max_iter"": 1000, ""n_centers"": null, ""reg_lambda"": 0.01, ""tol"": 1e-06}",scar,0.5,0.5,0.5,True,0,,,,,,,,0.629,False,0.00033670033670030186,1.0,0.794912559618442,0.998591,0.871,0.8857395925597874,0.49966329966329964,0.9984122770734376,0.871,,requires predict_proba,,requires predict_proba,,0.031000000000858563,success,
upu,scar-pi0.5-scalemid,115,"{""basis"": ""linear"", ""fit_intercept"": true, ""kernel_width"": null, ""loss"": ""double_hinge"", ""max_iter"": 1000, ""n_centers"": null, ""reg_lambda"": 0.01, ""tol"": 1e-06}",scar,0.5,0.5,0.5,True,0,,,,,,,,0.628,False,0.000335795836131636,1.0,0.7961783439490446,0.999154,0.872,0.8865248226950354,0.49966420416386836,0.9991756223945168,0.872,,requires predict_proba,,requires predict_proba,,0.0319999999992433,success,
upu,scar-pi0.5-scalemid,116,"{""basis"": ""linear"", ""fit_intercept"": true, ""kernel_width"": null, ""loss"": ""double_hinge"", ""max_iter"": 1000, ""n_centers"": null, ""reg_lambda"": 0.01, ""tol"": 1e-06}",scar,0.5,0.5,0.5,True,0,,,,,,,,0.6205,False,-0.0013210039630118797,1.0,0.8058017727639,0.999534,0.8795,0.892458723784025,0.5013210039630119,0.9995687606677259,0.8795,,requires predict_proba,,requires predict_proba,,0.031000000000858563,success,
upu,scar-pi0.5-scalemid,117,"{""basis"": ""linear"", ""fit_intercept"": true, ""kernel_width"": null, ""loss"": ""double_hinge"", ""max_iter"": 1000, ""n_centers"": null, ""reg_lambda"": 0.01, ""tol"": 1e-06}",scar,0.5,0.5,0.5,True,0,,,,,,,,0.623,False,-0.0006640106241699861,1.0,0.8025682182985554,0.9985820000000001,0.877,0.8904719501335708,0.50066401062417,0.9986059409769472,0.877,,requires predict_proba,,requires predict_proba,,0.01599999999962165,success,
upu,scar-pi0.5-scalemid,118,"{""basis"": ""linear"", ""fit_intercept"": true, ""kernel_width"": null, ""loss"": ""double_hinge"", ""max_iter"": 1000, ""n_centers"": null, ""reg_lambda"": 0.01, ""tol"": 1e-06}",scar,0.5,0.5,0.5,True,0,,,,,,,,0.629,False,-0.0003371544167228846,1.0,0.794912559618442,0.9994909999999999,0.871,0.8857395925597874,0.5003371544167229,0.9994846738088751,0.871,,requires predict_proba,,requires predict_proba,,0.015000000001236913,success,
upu,scar-pi0.5-scalemid,119,"{""basis"": ""linear"", ""fit_intercept"": true, ""kernel_width"": null, ""loss"": ""double_hinge"", ""max_iter"": 1000, ""n_centers"": null, ""reg_lambda"": 0.01, ""tol"": 1e-06}",scar,0.5,0.5,0.5,True,0,,,,,,,,0.619,False,-0.0009861932938856066,1.0,0.8077544426494346,0.9991380000000001,0.881,0.8936550491510277,0.5009861932938856,0.9991492652917471,0.881,,requires predict_proba,,requires predict_proba,,0.030999999999039574,success,
upu,sar-pi0.1-scalesmall,100,"{""basis"": ""linear"", ""fit_intercept"": true, ""kernel_width"": null, ""loss"": ""double_hinge"", ""max_iter"": 1000, ""n_centers"": null, ""reg_lambda"": 0.01, ""tol"": 1e-06}",linear,0.1,0.5,0.5,True,0,,,,,,,,0.1475,False,-0.0021164021164021274,1.0,0.6779661016949153,0.9998611111111111,0.9525,0.8080808080808081,0.9021164021164021,0.998765243902439,0.9736111111111111,,requires predict_proba,,requires predict_proba,,0.031000000000858563,success,
upu,sar-pi0.1-scalesmall,101,"{""basis"": ""linear"", ""fit_intercept"": true, ""kernel_width"": null, ""loss"": ""double_hinge"", ""max_iter"": 1000, ""n_centers"": null, ""reg_lambda"": 0.01, ""tol"": 1e-06}",linear,0.1,0.5,0.5,True,0,,,,,,,,0.135,False,-0.0010416666666666768,1.0,0.7407407407407407,0.9990972222222222,0.965,0.851063829787234,0.9010416666666666,0.9925392928353455,0.9805555555555556,,requires predict_proba,,requires predict_proba,,0.0319999999992433,success,
upu,sar-pi0.1-scalesmall,102,"{""basis"": ""linear"", ""fit_intercept"": true, ""kernel_width"": null, ""loss"": ""double_hinge"", ""max_iter"": 1000, ""n_centers"": null, ""reg_lambda"": 0.01, ""tol"": 1e-06}",linear,0.1,0.5,0.5,True,0,,,,,,,,0.1425,False,-0.0002624671916010568,1.0,0.7017543859649124,0.9956944444444444,0.9525,0.8041237113402062,0.9002624671916011,0.9732450744335757,0.9624999999999999,,requires predict_proba,,requires predict_proba,,0.031000000000858563,success,
upu,sar-pi0.1-scalesmall,103,"{""basis"": ""linear"", ""fit_intercept"": true, ""kernel_width"": null, ""loss"": ""double_hinge"", ""max_iter"": 1000, ""n_centers"": null, ""reg_lambda"": 0.01, ""tol"": 1e-06}",linear,0.1,0.5,0.5,True,0,,,,,,,,0.1475,False,0.00026385224274405594,1.0,0.6779661016949153,0.9977777777777778,0.9525,0.8080808080808081,0.899736147757256,0.9834075745682889,0.9736111111111111,,requires predict_proba,,requires predict_proba,,0.014999999999417923,success,
upu,sar-pi0.1-scalesmall,104,"{""basis"": ""linear"", ""fit_intercept"": true, ""kernel_width"": null, ""loss"": ""double_hinge"", ""max_iter"": 1000, ""n_centers"": null, ""reg_lambda"": 0.01, ""tol"": 1e-06}",linear,0.1,0.5,0.5,True,0,,,,,,,,0.15,False,-0.0018567639257294488,1.0,0.6666666666666667,0.9997916666666667,0.95,0.8,0.9018567639257294,0.9982558139534884,0.9722222222222222,,requires predict_proba,,requires predict_proba,,0.031000000000858563,success,
upu,sar-pi0.1-scalesmall,105,"{""basis"": ""linear"", ""fit_intercept"": true, ""kernel_width"": null, ""loss"": ""double_hinge"", ""max_iter"": 1000, ""n_centers"": null, ""reg_lambda"": 0.01, ""tol"": 1e-06}",linear,0.1,0.5,0.5,True,0,,,,,,,,0.145,False,-0.004761904761904773,1.0,0.6896551724137931,0.9992361111111111,0.955,0.8163265306122449,0.9047619047619048,0.9940476190476191,0.975,,requires predict_proba,,requires predict_proba,,0.01599999999962165,success,
upu,sar-pi0.1-scalesmall,106,"{""basis"": ""linear"", ""fit_intercept"": true, ""kernel_width"": null, ""loss"": ""double_hinge"", ""max_iter"": 1000, ""n_centers"": null, ""reg_lambda"": 0.01, ""tol"": 1e-06}",linear,0.1,0.5,0.5,True,0,,,,,,,,0.145,False,0.0,1.0,0.6896551724137931,0.9985416666666667,0.955,0.8163265306122449,0.9,0.9887596899224806,0.975,,requires predict_proba,,requires predict_proba,,0.01599999999962165,success,
upu,sar-pi0.1-scalesmall,107,"{""basis"": ""linear"", ""fit_intercept"": true, ""kernel_width"": null, ""loss"": ""double_hinge"", ""max_iter"": 1000, ""n_centers"": null, ""reg_lambda"": 0.01, ""tol"": 1e-06}",linear,0.1,0.5,0.5,True,0,,,,,,,,0.14,False,-0.0005235602094240954,1.0,0.7142857142857143,0.9981944444444444,0.96,0.8333333333333334,0.900523560209424,0.9854540372418279,0.9777777777777779,,requires predict_proba,,requires predict_proba,,0.031000000000858563,success,
upu,sar-pi0.1-scalesmall,108,"{""basis"": ""linear"", ""fit_intercept"": true, ""kernel_width"": null, ""loss"": ""double_hinge"", ""max_iter"": 1000, ""n_centers"": null, ""reg_lambda"": 0.01, ""tol"": 1e-06}",linear,0.1,0.5,0.5,True,0,,,,,,,,0.15,False,0.000529100529100518,1.0,0.6666666666666667,0.9996527777777778,0.95,0.8,0.8994708994708994,0.9971022727272727,0.9722222222222222,,requires predict_proba,,requires predict_proba,,0.030999999999039574,success,
upu,sar-pi0.1-scalesmall,109,"{""basis"": ""linear"", ""fit_intercept"": true, ""kernel_width"": null, ""loss"": ""double_hinge"", ""max_iter"": 1000, ""n_centers"": null, ""reg_lambda"": 0.01, ""tol"": 1e-06}",linear,0.1,0.5,0.5,True,0,,,,,,,,0.1375,False,-0.0007832898172323854,1.0,0.7272727272727273,0.9934027777777779,0.9575,0.8210526315789474,0.9007832898172323,0.9824074074074074,0.9652777777777778,,requires predict_proba,,requires predict_proba,,0.031000000000858563,success,
upu,sar-pi0.1-scalesmall,110,"{""basis"": ""linear"", ""fit_intercept"": true, ""kernel_width"": null, ""loss"": ""double_hinge"", ""max_iter"": 1000, ""n_centers"": null, ""reg_lambda"": 0.01, ""tol"": 1e-06}",linear,0.1,0.5,0.5,True,0,,,,,,,,0.1575,False,0.0013333333333333253,1.0,0.634920634920635,1.0,0.9425,0.7766990291262136,0.8986666666666666,1.0,0.9680555555555556,,requires predict_proba,,requires predict_proba,,0.01599999999962165,success,
upu,sar-pi0.1-scalesmall,111,"{""basis"": ""linear"", ""fit_intercept"": true, ""kernel_width"": null, ""loss"": ""double_hinge"", ""max_iter"": 1000, ""n_centers"": null, ""reg_lambda"": 0.01, ""tol"": 1e-06}",linear,0.1,0.5,0.5,True,0,,,,,,,,0.145,False,0.0,1.0,0.6896551724137931,0.9993055555555556,0.955,0.8163265306122449,0.9,0.9935121936235678,0.975,,requires predict_proba,,requires predict_proba,,0.01600000000144064,success,
upu,sar-pi0.1-scalesmall,112,"{""basis"": ""linear"", ""fit_intercept"": true, ""kernel_width"": null, ""loss"": ""double_hinge"", ""max_iter"": 1000, ""n_centers"": null, ""reg_lambda"": 0.01, ""tol"": 1e-06}",linear,0.1,0.5,0.5,True,0,,,,,,,,0.1525,False,0.0007957559681697618,1.0,0.6557377049180328,0.9980555555555556,0.9475,0.7920792079207921,0.8992042440318302,0.9852588500258106,0.9708333333333333,,requires predict_proba,,requires predict_proba,,0.01599999999962165,success,
upu,sar-pi0.1-scalesmall,113,"{""basis"": ""linear"", ""fit_intercept"": true, ""kernel_width"": null, ""loss"": ""double_hinge"", ""max_iter"": 1000, ""n_centers"": null, ""reg_lambda"": 0.01, ""tol"": 1e-06}",linear,0.1,0.5,0.5,True,0,,,,,,,,0.1425,False,-0.0026315789473684292,1.0,0.7017543859649124,0.9995138888888888,0.9575,0.8247422680412371,0.9026315789473685,0.9962765957446809,0.9763888888888889,,requires predict_proba,,requires predict_proba,,0.015000000001236913,success,
upu,sar-pi0.1-scalesmall,114,"{""basis"": ""linear"", ""fit_intercept"": true, ""kernel_width"": null, ""loss"": ""double_hinge"", ""max_iter"": 1000, ""n_centers"": null, ""reg_lambda"": 0.01, ""tol"": 1e-06}",linear,0.1,0.5,0.5,True,0,,,,,,,,0.14,False,-0.0028871391076115555,1.0,0.7142857142857143,0.9992361111111111,0.96,0.8333333333333334,0.9028871391076115,0.9923013462020394,0.9777777777777779,,requires predict_proba,,requires predict_proba,,0.01599999999962165,success,
upu,sar-pi0.1-scalesmall,115,"{""basis"": ""linear"", ""fit_intercept"": true, ""kernel_width"": null, ""loss"": ""double_hinge"", ""max_iter"": 1000, ""n_centers"": null, ""reg_lambda"": 0.01, ""tol"": 1e-06}",linear,0.1,0.5,0.5,True,0,,,,,,,,0.1475,False,0.00026385224274405594,1.0,0.6779661016949153,0.9997222222222223,0.9525,0.8080808080808081,0.899736147757256,0.9975434981684981,0.9736111111111111,,requires predict_proba,,requires predict_proba,,0.01600000000144064,success,
upu,sar-pi0.1-scalesmall,116,"{""basis"": ""linear"", ""fit_intercept"": true, ""kernel_width"": null, ""loss"": ""double_hinge"", ""max_iter"": 1000, ""n_centers"": null, ""reg_lambda"": 0.01, ""tol"": 1e-06}",linear,0.1,0.5,0.5,True,0,,,,,,,,0.15,False,0.0029023746701846848,1.0,0.6666666666666667,0.9994444444444445,0.95,0.8,0.8970976253298153,0.9950064412018841,0.9722222222222222,,requires predict_proba,,requires predict_proba,,0.01599999999962165,success,
upu,sar-pi0.1-scalesmall,117,"{""basis"": ""linear"", ""fit_intercept"": true, ""kernel_width"": null, ""loss"": ""double_hinge"", ""max_iter"": 1000, ""n_centers"": null, ""reg_lambda"": 0.01, ""tol"": 1e-06}",linear,0.1,0.5,0.5,True,0,,,,,,,,0.1325,False,-0.0012987012987012991,1.0,0.7547169811320755,0.9991666666666666,0.9675,0.8602150537634409,0.9012987012987013,0.9937339743589744,0.9819444444444445,,requires predict_proba,,requires predict_proba,,0.031000000000858563,success,
upu,sar-pi0.1-scalesmall,118,"{""basis"": ""linear"", ""fit_intercept"": true, ""kernel_width"": null, ""loss"": ""double_hinge"", ""max_iter"": 1000, ""n_centers"": null, ""reg_lambda"": 0.01, ""tol"": 1e-06}",linear,0.1,0.5,0.5,True,0,,,,,,,,0.1475,False,0.00026385224274405594,1.0,0.6779661016949153,0.9999305555555555,0.9525,0.8080808080808081,0.899736147757256,0.999390243902439,0.9736111111111111,,requires predict_proba,,requires predict_proba,,0.014999999999417923,success,
upu,sar-pi0.1-scalesmall,119,"{""basis"": ""linear"", ""fit_intercept"": true, ""kernel_width"": null, ""loss"": ""double_hinge"", ""max_iter"": 1000, ""n_centers"": null, ""reg_lambda"": 0.01, ""tol"": 1e-06}",linear,0.1,0.5,0.5,True,0,,,,,,,,0.14,False,-0.0028871391076115555,1.0,0.7142857142857143,0.9998611111111111,0.96,0.8333333333333334,0.9028871391076115,0.9988095238095238,0.9777777777777779,,requires predict_proba,,requires predict_proba,,0.014999999999417923,success,
upu,sar-pi0.1-scalemid,100,"{""basis"": ""linear"", ""fit_intercept"": true, ""kernel_width"": null, ""loss"": ""double_hinge"", ""max_iter"": 1000, ""n_centers"": null, ""reg_lambda"": 0.01, ""tol"": 1e-06}",linear,0.1,0.5,0.5,True,0,,,,,,,,0.1435,False,-0.000157645822385713,1.0,0.6968641114982579,0.9990833333333333,0.9565,0.8213552361396304,0.9001576458223857,0.9929643795885542,0.9758333333333333,,requires predict_proba,,requires predict_proba,,0.031000000000858563,success,
upu,sar-pi0.1-scalemid,101,"{""basis"": ""linear"", ""fit_intercept"": true, ""kernel_width"": null, ""loss"": ""double_hinge"", ""max_iter"": 1000, ""n_centers"": null, ""reg_lambda"": 0.01, ""tol"": 1e-06}",linear,0.1,0.5,0.5,True,0,,,,,,,,0.142,False,0.00015731515469323554,1.0,0.7042253521126761,0.9993222222222222,0.957,0.8223140495867769,0.8998426848453067,0.9952632944570722,0.9738888888888888,,requires predict_proba,,requires predict_proba,,0.0319999999992433,success,
upu,sar-pi0.1-scalemid,102,"{""basis"": ""linear"", ""fit_intercept"": true, ""kernel_width"": null, ""loss"": ""double_hinge"", ""max_iter"": 1000, ""n_centers"": null, ""reg_lambda"": 0.01, ""tol"": 1e-06}",linear,0.1,0.5,0.5,True,0,,,,,,,,0.147,False,-0.0002638522427440698,1.0,0.6802721088435375,0.9995972222222221,0.953,0.8097165991902834,0.9002638522427441,0.9964458119515316,0.9738888888888889,,requires predict_proba,,requires predict_proba,,0.031000000000858563,success,
upu,sar-pi0.1-scalemid,103,"{""basis"": ""linear"", ""fit_intercept"": true, ""kernel_width"": null, ""loss"": ""double_hinge"", ""max_iter"": 1000, ""n_centers"": null, ""reg_lambda"": 0.01, ""tol"": 1e-06}",linear,0.1,0.5,0.5,True,0,,,,,,,,0.149,False,0.001372756071805703,1.0,0.6711409395973155,0.9987888888888888,0.95,0.7991967871485943,0.8986272439281943,0.9942665659905836,0.97,,requires predict_proba,,requires predict_proba,,0.01599999999962165,success,
upu,sar-pi0.1-scalemid,104,"{""basis"": ""linear"", ""fit_intercept"": true, ""kernel_width"": null, ""loss"": ""double_hinge"", ""max_iter"": 1000, ""n_centers"": null, ""reg_lambda"": 0.01, ""tol"": 1e-06}",linear,0.1,0.5,0.5,True,0,,,,,,,,0.1455,False,0.0005263157894736803,1.0,0.6872852233676977,0.9988694444444444,0.9535,0.8105906313645621,0.8994736842105263,0.9926232812037469,0.9719444444444445,,requires predict_proba,,requires predict_proba,,0.0319999999992433,success,
upu,sar-pi0.1-scalemid,105,"{""basis"": ""linear"", ""fit_intercept"": true, ""kernel_width"": null, ""loss"": ""double_hinge"", ""max_iter"": 1000, ""n_centers"": null, ""reg_lambda"": 0.01, ""tol"": 1e-06}",linear,0.1,0.5,0.5,True,0,,,,,,,,0.1405,False,0.0009414225941422605,1.0,0.7117437722419928,0.9992777777777778,0.9595,0.8316008316008316,0.8990585774058577,0.9940886103592571,0.9775,,requires predict_proba,,requires predict_proba,,0.031000000000858563,success,
upu,sar-pi0.1-scalemid,106,"{""basis"": ""linear"", ""fit_intercept"": true, ""kernel_width"": null, ""loss"": ""double_hinge"", ""max_iter"": 1000, ""n_centers"": null, ""reg_lambda"": 0.01, ""tol"": 1e-06}",linear,0.1,0.5,0.5,True,0,,,,,,,,0.15,False,0.000529100529100518,1.0,0.6666666666666667,0.9991055555555556,0.95,0.8,0.8994708994708994,0.9923736882515182,0.9722222222222222,,requires predict_proba,,requires predict_proba,,0.0319999999992433,success,
upu,sar-pi0.1-scalemid,107,"{""basis"": ""linear"", ""fit_intercept"": true, ""kernel_width"": null, ""loss"": ""double_hinge"", ""max_iter"": 1000, ""n_centers"": null, ""reg_lambda"": 0.01, ""tol"": 1e-06}",linear,0.1,0.5,0.5,True,0,,,,,,,,0.1455,False,0.0009994739610731107,1.0,0.6872852233676977,0.9990722222222223,0.9535,0.8105906313645621,0.8990005260389269,0.9927069313912104,0.9719444444444445,,requires predict_proba,,requires predict_proba,,0.031000000000858563,success,
upu,sar-pi0.1-scalemid,108,"{""basis"": ""linear"", ""fit_intercept"": true, ""kernel_width"": null, ""loss"": ""double_hinge"", ""max_iter"": 1000, ""n_centers"": null, ""reg_lambda"": 0.01, ""tol"": 1e-06}",linear,0.1,0.5,0.5,True,0,,,,,,,,0.1445,False,-5.260389268806065e-05,1.0,0.6920415224913495,0.9995,0.9555,0.8179959100204499,0.900052603892688,0.9960376864545265,0.9752777777777778,,requires predict_proba,,requires predict_proba,,0.031000000000858563,success,
upu,sar-pi0.1-scalemid,109,"{""basis"": ""linear"", ""fit_intercept"": true, ""kernel_width"": null, ""loss"": ""double_hinge"", ""max_iter"": 1000, ""n_centers"": null, ""reg_lambda"": 0.01, ""tol"": 1e-06}",linear,0.1,0.5,0.5,True,0,,,,,,,,0.1455,False,0.0005855006910415878,0.9904761904761905,0.6807396498118148,0.9986138888888889,0.9535,0.8105906313645621,0.9013192612137203,0.992290540446268,0.9719444444444445,,requires predict_proba,,requires predict_proba,,0.030999999999039574,success,
upu,sar-pi0.1-scalemid,110,"{""basis"": ""linear"", ""fit_intercept"": true, ""kernel_width"": null, ""loss"": ""double_hinge"", ""max_iter"": 1000, ""n_centers"": null, ""reg_lambda"": 0.01, ""tol"": 1e-06}",linear,0.1,0.5,0.5,True,0,,,,,,,,0.1405,False,0.0018808777429467072,1.0,0.7117437722419928,0.9989944444444444,0.9585,0.8274428274428275,0.8981191222570533,0.9937697063317298,0.9747222222222223,,requires predict_proba,,requires predict_proba,,0.031000000000858563,success,
upu,sar-pi0.1-scalemid,111,"{""basis"": ""linear"", ""fit_intercept"": true, ""kernel_width"": null, ""loss"": ""double_hinge"", ""max_iter"": 1000, ""n_centers"": null, ""reg_lambda"": 0.01, ""tol"": 1e-06}",linear,0.1,0.5,0.5,True,0,,,,,,,,0.145,False,0.0,1.0,0.6896551724137931,0.9994555555555555,0.955,0.8163265306122449,0.9,0.9953003881933926,0.975,,requires predict_proba,,requires predict_proba,,0.030999999999039574,success,
upu,sar-pi0.1-scalemid,112,"{""basis"": ""linear"", ""fit_intercept"": true, ""kernel_width"": null, ""loss"": ""double_hinge"", ""max_iter"": 1000, ""n_centers"": null, ""reg_lambda"": 0.01, ""tol"": 1e-06}",linear,0.1,0.5,0.5,True,0,,,,,,,,0.1465,False,0.0015789473684210409,1.0,0.6825938566552902,0.999538888888889,0.9535,0.8113590263691683,0.8984210526315789,0.9963391310924791,0.9741666666666666,,requires predict_proba,,requires predict_proba,,0.014999999999417923,success,
upu,sar-pi0.1-scalemid,113,"{""basis"": ""linear"", ""fit_intercept"": true, ""kernel_width"": null, ""loss"": ""double_hinge"", ""max_iter"": 1000, ""n_centers"": null, ""reg_lambda"": 0.01, ""tol"": 1e-06}",linear,0.1,0.5,0.5,True,0,,,,,,,,0.143,False,0.0021477213200628564,1.0,0.6993006993006994,0.9991277777777777,0.957,0.823045267489712,0.8978522786799371,0.9931010361290722,0.9761111111111112,,requires predict_proba,,requires predict_proba,,0.031000000000858563,success,
upu,sar-pi0.1-scalemid,114,"{""basis"": ""linear"", ""fit_intercept"": true, ""kernel_width"": null, ""loss"": ""double_hinge"", ""max_iter"": 1000, ""n_centers"": null, ""reg_lambda"": 0.01, ""tol"": 1e-06}",linear,0.1,0.5,0.5,True,0,,,,,,,,0.1485,False,-0.00058170280274987,1.0,0.6734006734006734,0.9990944444444444,0.9515,0.8048289738430584,0.9005817028027499,0.9912917251090149,0.9730555555555556,,requires predict_proba,,requires predict_proba,,0.0319999999992433,success,
upu,sar-pi0.1-scalemid,115,"{""basis"": ""linear"", ""fit_intercept"": true, ""kernel_width"": null, ""loss"": ""double_hinge"", ""max_iter"": 1000, ""n_centers"": null, ""reg_lambda"": 0.01, ""tol"": 1e-06}",linear,0.1,0.5,0.5,True,0,,,,,,,,0.148,False,0.0007915567282321817,1.0,0.6756756756756758,0.9995,0.952,0.8064516129032258,0.8992084432717679,0.9957944118087362,0.9733333333333334,,requires predict_proba,,requires predict_proba,,0.031000000000858563,success,
upu,sar-pi0.1-scalemid,116,"{""basis"": ""linear"", ""fit_intercept"": true, ""kernel_width"": null, ""loss"": ""double_hinge"", ""max_iter"": 1000, ""n_centers"": null, ""reg_lambda"": 0.01, ""tol"": 1e-06}",linear,0.1,0.5,0.5,True,0,,,,,,,,0.1485,False,0.0008447729672650395,1.0,0.6734006734006734,0.9997805555555556,0.9515,0.8048289738430584,0.899155227032735,0.9981127448969146,0.9730555555555556,,requires predict_proba,,requires predict_proba,,0.01599999999962165,success,
upu,sar-pi0.1-scalemid,117,"{""basis"": ""linear"", ""fit_intercept"": true, ""kernel_width"": null, ""loss"": ""double_hinge"", ""max_iter"": 1000, ""n_centers"": null, ""reg_lambda"": 0.01, ""tol"": 1e-06}",linear,0.1,0.5,0.5,True,0,,,,,,,,0.148,False,0.0003167898627243898,1.0,0.6756756756756758,0.9995305555555556,0.952,0.8064516129032258,0.8996832101372756,0.9962193988850994,0.9733333333333334,,requires predict_proba,,requires predict_proba,,0.031000000000858563,success,
upu,sar-pi0.1-scalemid,118,"{""basis"": ""linear"", ""fit_intercept"": true, ""kernel_width"": null, ""loss"": ""double_hinge"", ""max_iter"": 1000, ""n_centers"": null, ""reg_lambda"": 0.01, ""tol"": 1e-06}",linear,0.1,0.5,0.5,True,0,,,,,,,,0.143,False,-0.0006831318970047379,1.0,0.6993006993006994,0.9997444444444444,0.957,0.823045267489712,0.9006831318970048,0.9976895645308756,0.9761111111111112,,requires predict_proba,,requires predict_proba,,0.030999999999039574,success,
upu,sar-pi0.1-scalemid,119,"{""basis"": ""linear"", ""fit_intercept"": true, ""kernel_width"": null, ""loss"": ""double_hinge"", ""max_iter"": 1000, ""n_centers"": null, ""reg_lambda"": 0.01, ""tol"": 1e-06}",linear,0.1,0.5,0.5,True,0,,,,,,,,0.146,False,0.0024697845507093974,1.0,0.6849315068493151,0.9988833333333332,0.953,0.8089430894308943,0.8975302154492906,0.992776316106468,0.9716666666666667,,requires predict_proba,,requires predict_proba,,0.014999999999417923,success,
upu,sar-pi0.3-scalesmall,100,"{""basis"": ""linear"", ""fit_intercept"": true, ""kernel_width"": null, ""loss"": ""double_hinge"", ""max_iter"": 1000, ""n_centers"": null, ""reg_lambda"": 0.01, ""tol"": 1e-06}",linear,0.3,0.5,0.5,True,0,,,,,,,,0.4025,False,0.001169590643274876,1.0,0.7453416149068323,0.9999404761904762,0.8975,0.8540925266903915,0.6988304093567251,0.999863387978142,0.9267857142857143,,requires predict_proba,,requires predict_proba,,0.031000000000858563,success,
upu,sar-pi0.3-scalesmall,101,"{""basis"": ""linear"", ""fit_intercept"": true, ""kernel_width"": null, ""loss"": ""double_hinge"", ""max_iter"": 1000, ""n_centers"": null, ""reg_lambda"": 0.01, ""tol"": 1e-06}",linear,0.3,0.5,0.5,True,0,,,,,,,,0.405,False,0.0,1.0,0.7407407407407407,0.9994345238095238,0.895,0.851063829787234,0.7,0.9987034357146052,0.925,,requires predict_proba,,requires predict_proba,,0.0319999999992433,success,
upu,sar-pi0.3-scalesmall,102,"{""basis"": ""linear"", ""fit_intercept"": true, ""kernel_width"": null, ""loss"": ""double_hinge"", ""max_iter"": 1000, ""n_centers"": null, ""reg_lambda"": 0.01, ""tol"": 1e-06}",linear,0.3,0.5,0.5,True,0,,,,,,,,0.4,False,0.0002915451895043608,1.0,0.7499999999999999,0.9990178571428572,0.9,0.8571428571428571,0.6997084548104956,0.9978525028286571,0.9285714285714286,,requires predict_proba,,requires predict_proba,,0.031000000000858563,success,
upu,sar-pi0.3-scalesmall,103,"{""basis"": ""linear"", ""fit_intercept"": true, ""kernel_width"": null, ""loss"": ""double_hinge"", ""max_iter"": 1000, ""n_centers"": null, ""reg_lambda"": 0.01, ""tol"": 1e-06}",linear,0.3,0.5,0.5,True,0,,,,,,,,0.4225,False,0.0,1.0,0.7100591715976331,0.9985714285714286,0.8775,0.8304498269896193,0.7,0.9968109548263546,0.9125,,requires predict_proba,,requires predict_proba,,0.0319999999992433,success,
upu,sar-pi0.3-scalesmall,104,"{""basis"": ""linear"", ""fit_intercept"": true, ""kernel_width"": null, ""loss"": ""double_hinge"", ""max_iter"": 1000, ""n_centers"": null, ""reg_lambda"": 0.01, ""tol"": 1e-06}",linear,0.3,0.5,0.5,True,0,,,,,,,,0.4175,False,0.002395209580838331,1.0,0.718562874251497,0.999702380952381,0.8825,0.8362369337979094,0.6976047904191617,0.9993145968955183,0.9160714285714286,,requires predict_proba,,requires predict_proba,,0.01599999999962165,success,
upu,sar-pi0.3-scalesmall,105,"{""basis"": ""linear"", ""fit_intercept"": true, ""kernel_width"": null, ""loss"": ""double_hinge"", ""max_iter"": 1000, ""n_centers"": null, ""reg_lambda"": 0.01, ""tol"": 1e-06}",linear,0.3,0.5,0.5,True,0,,,,,,,,0.4075,False,0.004985337243401777,1.0,0.7361963190184049,0.999077380952381,0.8925,0.8480565371024735,0.6950146627565983,0.9980256325652361,0.9232142857142858,,requires predict_proba,,requires predict_proba,,0.014999999999417923,success,
upu,sar-pi0.3-scalesmall,106,"{""basis"": ""linear"", ""fit_intercept"": true, ""kernel_width"": null, ""loss"": ""double_hinge"", ""max_iter"": 1000, ""n_centers"": null, ""reg_lambda"": 0.01, ""tol"": 1e-06}",linear,0.3,0.5,0.5,True,0,,,,,,,,0.41,False,-0.0002967359050444762,1.0,0.7317073170731707,0.998095238095238,0.89,0.8450704225352113,0.7002967359050445,0.9959364975601888,0.9214285714285715,,requires predict_proba,,requires predict_proba,,0.030999999999039574,success,
upu,sar-pi0.3-scalesmall,107,"{""basis"": ""linear"", ""fit_intercept"": true, ""kernel_width"": null, ""loss"": ""double_hinge"", ""max_iter"": 1000, ""n_centers"": null, ""reg_lambda"": 0.01, ""tol"": 1e-06}",linear,0.3,0.5,0.5,True,0,,,,,,,,0.39,False,-0.005202312138728293,1.0,0.7692307692307692,0.999702380952381,0.91,0.8695652173913043,0.7052023121387283,0.9993210991537488,0.9357142857142857,,requires predict_proba,,requires predict_proba,,0.031000000000858563,success,
upu,sar-pi0.3-scalesmall,108,"{""basis"": ""linear"", ""fit_intercept"": true, ""kernel_width"": null, ""loss"": ""double_hinge"", ""max_iter"": 1000, ""n_centers"": null, ""reg_lambda"": 0.01, ""tol"": 1e-06}",linear,0.3,0.5,0.5,True,0,,,,,,,,0.4075,False,0.0008849557522124241,1.0,0.7361963190184049,0.9989880952380953,0.8925,0.8480565371024735,0.6991150442477876,0.9977956035818368,0.9232142857142858,,requires predict_proba,,requires predict_proba,,0.0319999999992433,success,
upu,sar-pi0.3-scalesmall,109,"{""basis"": ""linear"", ""fit_intercept"": true, ""kernel_width"": null, ""loss"": ""double_hinge"", ""max_iter"": 1000, ""n_centers"": null, ""reg_lambda"": 0.01, ""tol"": 1e-06}",linear,0.3,0.5,0.5,True,0,,,,,,,,0.4125,False,0.002670623145400619,1.0,0.7272727272727273,0.9977083333333334,0.8825,0.8350877192982457,0.6973293768545994,0.9966553993392229,0.9136904761904763,,requires predict_proba,,requires predict_proba,,0.031000000000858563,success,
upu,sar-pi0.3-scalesmall,110,"{""basis"": ""linear"", ""fit_intercept"": true, ""kernel_width"": null, ""loss"": ""double_hinge"", ""max_iter"": 1000, ""n_centers"": null, ""reg_lambda"": 0.01, ""tol"": 1e-06}",linear,0.3,0.5,0.5,True,0,,,,,,,,0.405,False,-0.002064896755162249,1.0,0.7407407407407407,0.9988095238095238,0.895,0.851063829787234,0.7020648967551623,0.9974920943763357,0.925,,requires predict_proba,,requires predict_proba,,0.01599999999962165,success,
upu,sar-pi0.3-scalesmall,111,"{""basis"": ""linear"", ""fit_intercept"": true, ""kernel_width"": null, ""loss"": ""double_hinge"", ""max_iter"": 1000, ""n_centers"": null, ""reg_lambda"": 0.01, ""tol"": 1e-06}",linear,0.3,0.5,0.5,True,0,,,,,,,,0.405,False,0.002052785923753686,1.0,0.7407407407407407,0.9985714285714286,0.895,0.851063829787234,0.6979472140762464,0.9966692883978353,0.925,,requires predict_proba,,requires predict_proba,,0.031000000000858563,success,
upu,sar-pi0.3-scalesmall,112,"{""basis"": ""linear"", ""fit_intercept"": true, ""kernel_width"": null, ""loss"": ""double_hinge"", ""max_iter"": 1000, ""n_centers"": null, ""reg_lambda"": 0.01, ""tol"": 1e-06}",linear,0.3,0.5,0.5,True,0,,,,,,,,0.41,False,-0.0023809523809523725,1.0,0.7317073170731707,0.9988095238095238,0.89,0.8450704225352113,0.7023809523809523,0.9971930562719654,0.9214285714285715,,requires predict_proba,,requires predict_proba,,0.030999999999039574,success,
upu,sar-pi0.3-scalesmall,113,"{""basis"": ""linear"", ""fit_intercept"": true, ""kernel_width"": null, ""loss"": ""double_hinge"", ""max_iter"": 1000, ""n_centers"": null, ""reg_lambda"": 0.01, ""tol"": 1e-06}",linear,0.3,0.5,0.5,True,0,,,,,,,,0.4075,False,-0.005357142857142838,1.0,0.7361963190184049,0.9997321428571428,0.8925,0.8480565371024735,0.7053571428571429,0.9993900367309458,0.9232142857142858,,requires predict_proba,,requires predict_proba,,0.031000000000858563,success,
upu,sar-pi0.3-scalesmall,114,"{""basis"": ""linear"", ""fit_intercept"": true, ""kernel_width"": null, ""loss"": ""double_hinge"", ""max_iter"": 1000, ""n_centers"": null, ""reg_lambda"": 0.01, ""tol"": 1e-06}",linear,0.3,0.5,0.5,True,0,,,,,,,,0.41,False,-0.0002967359050444762,1.0,0.7317073170731707,0.9986309523809523,0.89,0.8450704225352113,0.7002967359050445,0.9967738034921396,0.9214285714285715,,requires predict_proba,,requires predict_proba,,0.0319999999992433,success,
upu,sar-pi0.3-scalesmall,115,"{""basis"": ""linear"", ""fit_intercept"": true, ""kernel_width"": null, ""loss"": ""double_hinge"", ""max_iter"": 1000, ""n_centers"": null, ""reg_lambda"": 0.01, ""tol"": 1e-06}",linear,0.3,0.5,0.5,True,0,,,,,,,,0.395,False,0.0005780346820809523,1.0,0.7594936708860759,0.9997321428571428,0.905,0.8633093525179856,0.6994219653179191,0.9993799553833367,0.9321428571428572,,requires predict_proba,,requires predict_proba,,0.01599999999962165,success,
upu,sar-pi0.3-scalesmall,116,"{""basis"": ""linear"", ""fit_intercept"": true, ""kernel_width"": null, ""loss"": ""double_hinge"", ""max_iter"": 1000, ""n_centers"": null, ""reg_lambda"": 0.01, ""tol"": 1e-06}",linear,0.3,0.5,0.5,True,0,,,,,,,,0.405,False,-0.004142011834319503,1.0,0.7407407407407407,0.9999404761904762,0.895,0.851063829787234,0.7041420118343196,0.999863387978142,0.925,,requires predict_proba,,requires predict_proba,,0.014999999999417923,success,
upu,sar-pi0.3-scalesmall,117,"{""basis"": ""linear"", ""fit_intercept"": true, ""kernel_width"": null, ""loss"": ""double_hinge"", ""max_iter"": 1000, ""n_centers"": null, ""reg_lambda"": 0.01, ""tol"": 1e-06}",linear,0.3,0.5,0.5,True,0,,,,,,,,0.4025,False,-0.0008797653958944052,1.0,0.7453416149068323,0.9994642857142857,0.8975,0.8540925266903915,0.7008797653958945,0.9987753840941853,0.9267857142857143,,requires predict_proba,,requires predict_proba,,0.030999999999039574,success,
upu,sar-pi0.3-scalesmall,118,"{""basis"": ""linear"", ""fit_intercept"": true, ""kernel_width"": null, ""loss"": ""double_hinge"", ""max_iter"": 1000, ""n_centers"": null, ""reg_lambda"": 0.01, ""tol"": 1e-06}",linear,0.3,0.5,0.5,True,0,,,,,,,,0.4,False,0.0023255813953488302,1.0,0.7499999999999999,0.9997321428571428,0.9,0.8571428571428571,0.6976744186046512,0.9993853476708661,0.9285714285714286,,requires predict_proba,,requires predict_proba,,0.031000000000858563,success,
upu,sar-pi0.3-scalesmall,119,"{""basis"": ""linear"", ""fit_intercept"": true, ""kernel_width"": null, ""loss"": ""double_hinge"", ""max_iter"": 1000, ""n_centers"": null, ""reg_lambda"": 0.01, ""tol"": 1e-06}",linear,0.3,0.5,0.5,True,0,,,,,,,,0.41,False,-0.0023809523809523725,1.0,0.7317073170731707,0.9995833333333334,0.89,0.8450704225352113,0.7023809523809523,0.9991029517867753,0.9214285714285715,,requires predict_proba,,requires predict_proba,,0.01599999999962165,success,
upu,sar-pi0.3-scalemid,100,"{""basis"": ""linear"", ""fit_intercept"": true, ""kernel_width"": null, ""loss"": ""double_hinge"", ""max_iter"": 1000, ""n_centers"": null, ""reg_lambda"": 0.01, ""tol"": 1e-06}",linear,0.3,0.5,0.5,True,0,,,,,,,,0.408,False,0.0006497341996455908,1.0,0.7352941176470589,0.9988023809523809,0.891,0.846045197740113,0.6993502658003544,0.9976831668326269,0.9216666666666666,,requires predict_proba,,requires predict_proba,,0.031000000000858563,success,
upu,sar-pi0.3-scalemid,101,"{""basis"": ""linear"", ""fit_intercept"": true, ""kernel_width"": null, ""loss"": ""double_hinge"", ""max_iter"": 1000, ""n_centers"": null, ""reg_lambda"": 0.01, ""tol"": 1e-06}",linear,0.3,0.5,0.5,True,0,,,,,,,,0.4015,False,0.002447552447552459,1.0,0.74719800747198,0.9995571428571429,0.8985,0.8553100498930862,0.6975524475524476,0.9989982457766338,0.9275,,requires predict_proba,,requires predict_proba,,0.04700000000048021,success,
upu,sar-pi0.3-scalemid,102,"{""basis"": ""linear"", ""fit_intercept"": true, ""kernel_width"": null, ""loss"": ""double_hinge"", ""max_iter"": 1000, ""n_centers"": null, ""reg_lambda"": 0.01, ""tol"": 1e-06}",linear,0.3,0.5,0.5,True,0,,,,,,,,0.4105,False,0.00029673590504453173,1.0,0.730816077953715,0.9993833333333333,0.8895,0.844475721323012,0.6997032640949555,0.9985878098939149,0.9210714285714285,,requires predict_proba,,requires predict_proba,,0.0319999999992433,success,
upu,sar-pi0.3-scalemid,103,"{""basis"": ""linear"", ""fit_intercept"": true, ""kernel_width"": null, ""loss"": ""double_hinge"", ""max_iter"": 1000, ""n_centers"": null, ""reg_lambda"": 0.01, ""tol"": 1e-06}",linear,0.3,0.5,0.5,True,0,,,,,,,,0.4015,False,0.00040911747516075847,1.0,0.74719800747198,0.9992904761904762,0.8975,0.8538845331432644,0.6995908825248393,0.998597006152989,0.9263095238095238,,requires predict_proba,,requires predict_proba,,0.031000000000858563,success,
upu,sar-pi0.3-scalemid,104,"{""basis"": ""linear"", ""fit_intercept"": true, ""kernel_width"": null, ""loss"": ""double_hinge"", ""max_iter"": 1000, ""n_centers"": null, ""reg_lambda"": 0.01, ""tol"": 1e-06}",linear,0.3,0.5,0.5,True,0,,,,,,,,0.4045,False,0.0010563380281690127,1.0,0.7416563658838071,0.9990809523809524,0.8955,0.8516678495386799,0.698943661971831,0.997927864074242,0.9253571428571429,,requires predict_proba,,requires predict_proba,,0.01599999999962165,success,
upu,sar-pi0.3-scalemid,105,"{""basis"": ""linear"", ""fit_intercept"": true, ""kernel_width"": null, ""loss"": ""double_hinge"", ""max_iter"": 1000, ""n_centers"": null, ""reg_lambda"": 0.01, ""tol"": 1e-06}",linear,0.3,0.5,0.5,True,0,,,,,,,,0.403,False,0.0013458162668227303,1.0,0.7444168734491314,0.9994857142857143,0.897,0.8534850640113798,0.6986541837331773,0.9988170577071263,0.9264285714285714,,requires predict_proba,,requires predict_proba,,0.0319999999992433,success,
upu,sar-pi0.3-scalemid,106,"{""basis"": ""linear"", ""fit_intercept"": true, ""kernel_width"": null, ""loss"": ""double_hinge"", ""max_iter"": 1000, ""n_centers"": null, ""reg_lambda"": 0.01, ""tol"": 1e-06}",linear,0.3,0.5,0.5,True,0,,,,,,,,0.4075,False,5.906674542233148e-05,1.0,0.7361963190184049,0.998777380952381,0.8925,0.8480565371024735,0.6999409332545776,0.9972410377353635,0.9232142857142858,,requires predict_proba,,requires predict_proba,,0.031000000000858563,success,
upu,sar-pi0.3-scalemid,107,"{""basis"": ""linear"", ""fit_intercept"": true, ""kernel_width"": null, ""loss"": ""double_hinge"", ""max_iter"": 1000, ""n_centers"": null, ""reg_lambda"": 0.01, ""tol"": 1e-06}",linear,0.3,0.5,0.5,True,0,,,,,,,,0.401,False,-0.0001753360607831822,1.0,0.7481296758104737,0.9992154761904761,0.899,0.8559201141226819,0.7001753360607832,0.9982554823353342,0.9278571428571429,,requires predict_proba,,requires predict_proba,,0.0319999999992433,success,
upu,sar-pi0.3-scalemid,108,"{""basis"": ""linear"", ""fit_intercept"": true, ""kernel_width"": null, ""loss"": ""double_hinge"", ""max_iter"": 1000, ""n_centers"": null, ""reg_lambda"": 0.01, ""tol"": 1e-06}",linear,0.3,0.5,0.5,True,0,,,,,,,,0.4045,False,-0.0005882352941176117,1.0,0.7416563658838071,0.9994321428571429,0.8955,0.8516678495386799,0.7005882352941176,0.9987543860259532,0.9253571428571429,,requires predict_proba,,requires predict_proba,,0.04700000000048021,success,
upu,sar-pi0.3-scalemid,109,"{""basis"": ""linear"", ""fit_intercept"": true, ""kernel_width"": null, ""loss"": ""double_hinge"", ""max_iter"": 1000, ""n_centers"": null, ""reg_lambda"": 0.01, ""tol"": 1e-06}",linear,0.3,0.5,0.5,True,0,,,,,,,,0.4085,False,0.0,1.0,0.7343941248470013,0.9992761904761904,0.8915,0.8468595624558928,0.7,0.9984820083815706,0.9225,,requires predict_proba,,requires predict_proba,,0.031000000000858563,success,
upu,sar-pi0.3-scalemid,110,"{""basis"": ""linear"", ""fit_intercept"": true, ""kernel_width"": null, ""loss"": ""double_hinge"", ""max_iter"": 1000, ""n_centers"": null, ""reg_lambda"": 0.01, ""tol"": 1e-06}",linear,0.3,0.5,0.5,True,0,,,,,,,,0.4005,False,0.0012820512820512775,1.0,0.749063670411985,0.9991845238095238,0.8995,0.8565310492505354,0.6987179487179487,0.998249099232146,0.9282142857142857,,requires predict_proba,,requires predict_proba,,0.0319999999992433,success,
upu,sar-pi0.3-scalemid,111,"{""basis"": ""linear"", ""fit_intercept"": true, ""kernel_width"": null, ""loss"": ""double_hinge"", ""max_iter"": 1000, ""n_centers"": null, ""reg_lambda"": 0.01, ""tol"": 1e-06}",linear,0.3,0.5,0.5,True,0,,,,,,,,0.4045,False,-0.00017636684303351524,1.0,0.7416563658838071,0.9995904761904761,0.8955,0.8516678495386799,0.7001763668430335,0.9990460091571629,0.9253571428571429,,requires predict_proba,,requires predict_proba,,0.0319999999992433,success,
upu,sar-pi0.3-scalemid,112,"{""basis"": ""linear"", ""fit_intercept"": true, ""kernel_width"": null, ""loss"": ""double_hinge"", ""max_iter"": 1000, ""n_centers"": null, ""reg_lambda"": 0.01, ""tol"": 1e-06}",linear,0.3,0.5,0.5,True,0,,,,,,,,0.4025,False,-5.858230814292931e-05,1.0,0.7453416149068323,0.9995321428571429,0.8975,0.8540925266903915,0.700058582308143,0.9989898226432521,0.9267857142857143,,requires predict_proba,,requires predict_proba,,0.031000000000858563,success,
upu,sar-pi0.3-scalemid,113,"{""basis"": ""linear"", ""fit_intercept"": true, ""kernel_width"": null, ""loss"": ""double_hinge"", ""max_iter"": 1000, ""n_centers"": null, ""reg_lambda"": 0.01, ""tol"": 1e-06}",linear,0.3,0.5,0.5,True,0,,,,,,,,0.4035,False,-0.0009400705052878822,1.0,0.7434944237918215,0.9992559523809523,0.8965,0.8528784648187633,0.700940070505288,0.9982525347256328,0.9260714285714285,,requires predict_proba,,requires predict_proba,,0.0319999999992433,success,
upu,sar-pi0.3-scalemid,114,"{""basis"": ""linear"", ""fit_intercept"": true, ""kernel_width"": null, ""loss"": ""double_hinge"", ""max_iter"": 1000, ""n_centers"": null, ""reg_lambda"": 0.01, ""tol"": 1e-06}",linear,0.3,0.5,0.5,True,0,,,,,,,,0.4115,False,0.0027251184834123365,1.0,0.7290400972053463,0.9988571428571429,0.8885,0.8432888264230499,0.6972748815165877,0.997132344359427,0.9203571428571429,,requires predict_proba,,requires predict_proba,,0.0319999999992433,success,
upu,sar-pi0.3-scalemid,115,"{""basis"": ""linear"", ""fit_intercept"": true, ""kernel_width"": null, ""loss"": ""double_hinge"", ""max_iter"": 1000, ""n_centers"": null, ""reg_lambda"": 0.01, ""tol"": 1e-06}",linear,0.3,0.5,0.5,True,0,,,,,,,,0.407,False,0.0007075471698113067,1.0,0.7371007371007371,0.9992023809523809,0.893,0.8486562942008486,0.6992924528301887,0.9982572975993202,0.9235714285714286,,requires predict_proba,,requires predict_proba,,0.031000000000858563,success,
upu,sar-pi0.3-scalemid,116,"{""basis"": ""linear"", ""fit_intercept"": true, ""kernel_width"": null, ""loss"": ""double_hinge"", ""max_iter"": 1000, ""n_centers"": null, ""reg_lambda"": 0.01, ""tol"": 1e-06}",linear,0.3,0.5,0.5,True,0,,,,,,,,0.4095,False,0.000769686204854958,1.0,0.7326007326007327,0.9997345238095238,0.8905,0.8456659619450317,0.6992303137951451,0.9993729322654186,0.9217857142857142,,requires predict_proba,,requires predict_proba,,0.031000000000858563,success,
upu,sar-pi0.3-scalemid,117,"{""basis"": ""linear"", ""fit_intercept"": true, ""kernel_width"": null, ""loss"": ""double_hinge"", ""max_iter"": 1000, ""n_centers"": null, ""reg_lambda"": 0.01, ""tol"": 1e-06}",linear,0.3,0.5,0.5,True,0,,,,,,,,0.413,False,-0.0004773269689737347,1.0,0.7263922518159807,0.9992869047619047,0.887,0.8415147265077139,0.7004773269689738,0.9983377178775329,0.9192857142857143,,requires predict_proba,,requires predict_proba,,0.030999999999039574,success,
upu,sar-pi0.3-scalemid,118,"{""basis"": ""linear"", ""fit_intercept"": true, ""kernel_width"": null, ""loss"": ""double_hinge"", ""max_iter"": 1000, ""n_centers"": null, ""reg_lambda"": 0.01, ""tol"": 1e-06}",linear,0.3,0.5,0.5,True,0,,,,,,,,0.4045,False,0.002284710017574687,1.0,0.7416563658838071,0.9996583333333333,0.8955,0.8516678495386799,0.6977152899824253,0.9992045803133505,0.9253571428571429,,requires predict_proba,,requires predict_proba,,0.031000000000858563,success,
upu,sar-pi0.3-scalemid,119,"{""basis"": ""linear"", ""fit_intercept"": true, ""kernel_width"": null, ""loss"": ""double_hinge"", ""max_iter"": 1000, ""n_centers"": null, ""reg_lambda"": 0.01, ""tol"": 1e-06}",linear,0.3,0.5,0.5,True,0,,,,,,,,0.404,False,5.871990604816579e-05,1.0,0.7425742574257425,0.9993928571428572,0.896,0.8522727272727273,0.6999412800939518,0.9986464803819101,0.9257142857142857,,requires predict_proba,,requires predict_proba,,0.031000000000858563,success,
upu,sar-pi0.5-scalesmall,100,"{""basis"": ""linear"", ""fit_intercept"": true, ""kernel_width"": null, ""loss"": ""double_hinge"", ""max_iter"": 1000, ""n_centers"": null, ""reg_lambda"": 0.01, ""tol"": 1e-06}",linear,0.5,0.5,0.5,True,0,,,,,,,,0.6125,False,-0.001618122977346259,1.0,0.8163265306122448,0.99935,0.8875,0.898876404494382,0.5016181229773463,0.9994059823370168,0.8875,,requires predict_proba,,requires predict_proba,,0.01599999999962165,success,
upu,sar-pi0.5-scalesmall,101,"{""basis"": ""linear"", ""fit_intercept"": true, ""kernel_width"": null, ""loss"": ""double_hinge"", ""max_iter"": 1000, ""n_centers"": null, ""reg_lambda"": 0.01, ""tol"": 1e-06}",linear,0.5,0.5,0.5,True,0,,,,,,,,0.62,False,-0.0016501650165016701,1.0,0.8064516129032259,0.999,0.88,0.8928571428571429,0.5016501650165016,0.9990118882111961,0.88,,requires predict_proba,,requires predict_proba,,0.01600000000144064,success,
upu,sar-pi0.5-scalesmall,102,"{""basis"": ""linear"", ""fit_intercept"": true, ""kernel_width"": null, ""loss"": ""double_hinge"", ""max_iter"": 1000, ""n_centers"": null, ""reg_lambda"": 0.01, ""tol"": 1e-06}",linear,0.5,0.5,0.5,True,0,,,,,,,,0.6175,False,0.0016286644951140072,1.0,0.8097165991902834,0.998375,0.8825,0.8948545861297539,0.498371335504886,0.998416775790004,0.8825000000000001,,requires predict_proba,,requires predict_proba,,0.0319999999992433,success,
upu,sar-pi0.5-scalesmall,103,"{""basis"": ""linear"", ""fit_intercept"": true, ""kernel_width"": null, ""loss"": ""double_hinge"", ""max_iter"": 1000, ""n_centers"": null, ""reg_lambda"": 0.01, ""tol"": 1e-06}",linear,0.5,0.5,0.5,True,0,,,,,,,,0.635,False,-0.0034482758620689724,1.0,0.7874015748031495,0.998625,0.865,0.8810572687224669,0.503448275862069,0.9986386838591511,0.865,,requires predict_proba,,requires predict_proba,,0.031000000000858563,success,
upu,sar-pi0.5-scalesmall,104,"{""basis"": ""linear"", ""fit_intercept"": true, ""kernel_width"": null, ""loss"": ""double_hinge"", ""max_iter"": 1000, ""n_centers"": null, ""reg_lambda"": 0.01, ""tol"": 1e-06}",linear,0.5,0.5,0.5,True,0,,,,,,,,0.6275,False,0.0016722408026755842,1.0,0.7968127490039841,0.99935,0.8725,0.8869179600886918,0.4983277591973244,0.9993641236920278,0.8725,,requires predict_proba,,requires predict_proba,,0.030999999999039574,success,
upu,sar-pi0.5-scalesmall,105,"{""basis"": ""linear"", ""fit_intercept"": true, ""kernel_width"": null, ""loss"": ""double_hinge"", ""max_iter"": 1000, ""n_centers"": null, ""reg_lambda"": 0.01, ""tol"": 1e-06}",linear,0.5,0.5,0.5,True,0,,,,,,,,0.625,False,0.0,1.0,0.8,0.999225,0.875,0.8888888888888888,0.5,0.9992557261729872,0.875,,requires predict_proba,,requires predict_proba,,0.030999999999039574,success,
upu,sar-pi0.5-scalesmall,106,"{""basis"": ""linear"", ""fit_intercept"": true, ""kernel_width"": null, ""loss"": ""double_hinge"", ""max_iter"": 1000, ""n_centers"": null, ""reg_lambda"": 0.01, ""tol"": 1e-06}",linear,0.5,0.5,0.5,True,0,,,,,,,,0.6225,False,0.0,1.0,0.8032128514056224,0.9977,0.8775,0.89086859688196,0.5,0.9977887461919073,0.8775,,requires predict_proba,,requires predict_proba,,0.015000000001236913,success,
upu,sar-pi0.5-scalesmall,107,"{""basis"": ""linear"", ""fit_intercept"": true, ""kernel_width"": null, ""loss"": ""double_hinge"", ""max_iter"": 1000, ""n_centers"": null, ""reg_lambda"": 0.01, ""tol"": 1e-06}",linear,0.5,0.5,0.5,True,0,,,,,,,,0.615,False,0.0016181229773463146,1.0,0.8130081300813008,0.999675,0.885,0.8968609865470852,0.49838187702265374,0.999674449594094,0.885,,requires predict_proba,,requires predict_proba,,0.030999999999039574,success,
upu,sar-pi0.5-scalesmall,108,"{""basis"": ""linear"", ""fit_intercept"": true, ""kernel_width"": null, ""loss"": ""double_hinge"", ""max_iter"": 1000, ""n_centers"": null, ""reg_lambda"": 0.01, ""tol"": 1e-06}",linear,0.5,0.5,0.5,True,0,,,,,,,,0.6225,False,0.0,1.0,0.8032128514056224,0.999175,0.8775,0.89086859688196,0.5,0.9991847273645994,0.8775,,requires predict_proba,,requires predict_proba,,0.031000000000858563,success,
upu,sar-pi0.5-scalesmall,109,"{""basis"": ""linear"", ""fit_intercept"": true, ""kernel_width"": null, ""loss"": ""double_hinge"", ""max_iter"": 1000, ""n_centers"": null, ""reg_lambda"": 0.01, ""tol"": 1e-06}",linear,0.5,0.5,0.5,True,0,,,,,,,,0.6225,False,-0.0016611295681063232,1.0,0.8032128514056224,0.99875,0.8725,0.8864142538975501,0.5016611295681063,0.999,0.8725,,requires predict_proba,,requires predict_proba,,0.0319999999992433,success,
upu,sar-pi0.5-scalesmall,110,"{""basis"": ""linear"", ""fit_intercept"": true, ""kernel_width"": null, ""loss"": ""double_hinge"", ""max_iter"": 1000, ""n_centers"": null, ""reg_lambda"": 0.01, ""tol"": 1e-06}",linear,0.5,0.5,0.5,True,0,,,,,,,,0.63,False,-0.0016949152542372614,1.0,0.7936507936507936,0.9995499999999999,0.87,0.8849557522123894,0.5016949152542373,0.9995627493585048,0.87,,requires predict_proba,,requires predict_proba,,0.01599999999962165,success,
upu,sar-pi0.5-scalesmall,111,"{""basis"": ""linear"", ""fit_intercept"": true, ""kernel_width"": null, ""loss"": ""double_hinge"", ""max_iter"": 1000, ""n_centers"": null, ""reg_lambda"": 0.01, ""tol"": 1e-06}",linear,0.5,0.5,0.5,True,0,,,,,,,,0.625,False,-0.0033557046979865723,1.0,0.8,0.9995499999999999,0.875,0.8888888888888888,0.5033557046979866,0.9995622605846833,0.875,,requires predict_proba,,requires predict_proba,,0.031000000000858563,success,
upu,sar-pi0.5-scalesmall,112,"{""basis"": ""linear"", ""fit_intercept"": true, ""kernel_width"": null, ""loss"": ""double_hinge"", ""max_iter"": 1000, ""n_centers"": null, ""reg_lambda"": 0.01, ""tol"": 1e-06}",linear,0.5,0.5,0.5,True,0,,,,,,,,0.6325,False,-0.0017064846416382506,1.0,0.790513833992095,0.99945,0.8675,0.8830022075055187,0.5017064846416383,0.9994526847803877,0.8674999999999999,,requires predict_proba,,requires predict_proba,,0.01599999999962165,success,
upu,sar-pi0.5-scalesmall,113,"{""basis"": ""linear"", ""fit_intercept"": true, ""kernel_width"": null, ""loss"": ""double_hinge"", ""max_iter"": 1000, ""n_centers"": null, ""reg_lambda"": 0.01, ""tol"": 1e-06}",linear,0.5,0.5,0.5,True,0,,,,,,,,0.6325,False,0.0016949152542372614,1.0,0.790513833992095,0.999875,0.8675,0.8830022075055187,0.49830508474576274,0.9998763571306032,0.8674999999999999,,requires predict_proba,,requires predict_proba,,0.015000000001236913,success,
upu,sar-pi0.5-scalesmall,114,"{""basis"": ""linear"", ""fit_intercept"": true, ""kernel_width"": null, ""loss"": ""double_hinge"", ""max_iter"": 1000, ""n_centers"": null, ""reg_lambda"": 0.01, ""tol"": 1e-06}",linear,0.5,0.5,0.5,True,0,,,,,,,,0.6325,False,0.0016949152542372614,1.0,0.790513833992095,0.9986999999999999,0.8675,0.8830022075055187,0.49830508474576274,0.998577748268806,0.8674999999999999,,requires predict_proba,,requires predict_proba,,0.014999999999417923,success,
upu,sar-pi0.5-scalesmall,115,"{""basis"": ""linear"", ""fit_intercept"": true, ""kernel_width"": null, ""loss"": ""double_hinge"", ""max_iter"": 1000, ""n_centers"": null, ""reg_lambda"": 0.01, ""tol"": 1e-06}",linear,0.5,0.5,0.5,True,0,,,,,,,,0.615,False,0.0,1.0,0.8130081300813008,0.9998,0.885,0.8968609865470852,0.5,0.9997974410884574,0.885,,requires predict_proba,,requires predict_proba,,0.030999999999039574,success,
upu,sar-pi0.5-scalesmall,116,"{""basis"": ""linear"", ""fit_intercept"": true, ""kernel_width"": null, ""loss"": ""double_hinge"", ""max_iter"": 1000, ""n_centers"": null, ""reg_lambda"": 0.01, ""tol"": 1e-06}",linear,0.5,0.5,0.5,True,0,,,,,,,,0.6275,False,0.0,1.0,0.7968127490039841,0.99885,0.8725,0.8869179600886918,0.5,0.9990189920189181,0.8725,,requires predict_proba,,requires predict_proba,,0.031000000000858563,success,
upu,sar-pi0.5-scalesmall,117,"{""basis"": ""linear"", ""fit_intercept"": true, ""kernel_width"": null, ""loss"": ""double_hinge"", ""max_iter"": 1000, ""n_centers"": null, ""reg_lambda"": 0.01, ""tol"": 1e-06}",linear,0.5,0.5,0.5,True,0,,,,,,,,0.6225,False,0.0016501650165016146,1.0,0.8032128514056224,0.9985499999999999,0.8775,0.89086859688196,0.49834983498349833,0.9986752157503822,0.8775,,requires predict_proba,,requires predict_proba,,0.01599999999962165,success,
upu,sar-pi0.5-scalesmall,118,"{""basis"": ""linear"", ""fit_intercept"": true, ""kernel_width"": null, ""loss"": ""double_hinge"", ""max_iter"": 1000, ""n_centers"": null, ""reg_lambda"": 0.01, ""tol"": 1e-06}",linear,0.5,0.5,0.5,True,0,,,,,,,,0.6175,False,0.0016286644951140072,1.0,0.8097165991902834,0.999775,0.8825,0.8948545861297539,0.498371335504886,0.9997756917161789,0.8825000000000001,,requires predict_proba,,requires predict_proba,,0.031000000000858563,success,
upu,sar-pi0.5-scalesmall,119,"{""basis"": ""linear"", ""fit_intercept"": true, ""kernel_width"": null, ""loss"": ""double_hinge"", ""max_iter"": 1000, ""n_centers"": null, ""reg_lambda"": 0.01, ""tol"": 1e-06}",linear,0.5,0.5,0.5,True,0,,,,,,,,0.6175,False,0.0,1.0,0.8097165991902834,0.9985499999999999,0.8825,0.8948545861297539,0.5,0.9986502048735542,0.8825000000000001,,requires predict_proba,,requires predict_proba,,0.01599999999962165,success,
upu,sar-pi0.5-scalemid,100,"{""basis"": ""linear"", ""fit_intercept"": true, ""kernel_width"": null, ""loss"": ""double_hinge"", ""max_iter"": 1000, ""n_centers"": null, ""reg_lambda"": 0.01, ""tol"": 1e-06}",linear,0.5,0.5,0.5,True,0,,,,,,,,0.6215,False,-0.0006613756613756405,1.0,0.8045052292839903,0.99892,0.8785,0.8916629514043691,0.5006613756613757,0.9989969907711301,0.8785000000000001,,requires predict_proba,,requires predict_proba,,0.0319999999992433,success,
upu,sar-pi0.5-scalemid,101,"{""basis"": ""linear"", ""fit_intercept"": true, ""kernel_width"": null, ""loss"": ""double_hinge"", ""max_iter"": 1000, ""n_centers"": null, ""reg_lambda"": 0.01, ""tol"": 1e-06}",linear,0.5,0.5,0.5,True,0,,,,,,,,0.621,False,0.0,1.0,0.8051529790660226,0.9994259999999999,0.879,0.8920606601248885,0.5,0.999425326214263,0.879,,requires predict_proba,,requires predict_proba,,0.031000000000858563,success,
upu,sar-pi0.5-scalemid,102,"{""basis"": ""linear"", ""fit_intercept"": true, ""kernel_width"": null, ""loss"": ""double_hinge"", ""max_iter"": 1000, ""n_centers"": null, ""reg_lambda"": 0.01, ""tol"": 1e-06}",linear,0.5,0.5,0.5,True,0,,,,,,,,0.628,False,-0.0010101010101010166,1.0,0.7961783439490446,0.999269,0.872,0.8865248226950354,0.501010101010101,0.9992606377771984,0.872,,requires predict_proba,,requires predict_proba,,0.031000000000858563,success,
upu,sar-pi0.5-scalemid,103,"{""basis"": ""linear"", ""fit_intercept"": true, ""kernel_width"": null, ""loss"": ""double_hinge"", ""max_iter"": 1000, ""n_centers"": null, ""reg_lambda"": 0.01, ""tol"": 1e-06}",linear,0.5,0.5,0.5,True,0,,,,,,,,0.6185,False,0.0,1.0,0.8084074373484236,0.999379,0.8815,0.894054537326777,0.5,0.9994060792364126,0.8815,,requires predict_proba,,requires predict_proba,,0.030999999999039574,success,
upu,sar-pi0.5-scalemid,104,"{""basis"": ""linear"", ""fit_intercept"": true, ""kernel_width"": null, ""loss"": ""double_hinge"", ""max_iter"": 1000, ""n_centers"": null, ""reg_lambda"": 0.01, ""tol"": 1e-06}",linear,0.5,0.5,0.5,True,0,,,,,,,,0.6235,False,0.00033178500331787486,1.0,0.8019246190858058,0.999175,0.8765,0.8900756564307967,0.4996682149966821,0.9991826481271631,0.8765000000000001,,requires predict_proba,,requires predict_proba,,0.04700000000048021,success,
upu,sar-pi0.5-scalemid,105,"{""basis"": ""linear"", ""fit_intercept"": true, ""kernel_width"": null, ""loss"": ""double_hinge"", ""max_iter"": 1000, ""n_centers"": null, ""reg_lambda"": 0.01, ""tol"": 1e-06}",linear,0.5,0.5,0.5,True,0,,,,,,,,0.6265,False,0.0006684491978609097,1.0,0.7980845969672786,0.9992850000000001,0.8735,0.8877052818464269,0.49933155080213903,0.9992810913731728,0.8734999999999999,,requires predict_proba,,requires predict_proba,,0.031000000000858563,success,
upu,sar-pi0.5-scalemid,106,"{""basis"": ""linear"", ""fit_intercept"": true, ""kernel_width"": null, ""loss"": ""double_hinge"", ""max_iter"": 1000, ""n_centers"": null, ""reg_lambda"": 0.01, ""tol"": 1e-06}",linear,0.5,0.5,0.5,True,0,,,,,,,,0.627,False,0.0,1.0,0.7974481658692185,0.999293,0.873,0.8873114463176575,0.5,0.9992998452324239,0.873,,requires predict_proba,,requires predict_proba,,0.030999999999039574,success,
upu,sar-pi0.5-scalemid,107,"{""basis"": ""linear"", ""fit_intercept"": true, ""kernel_width"": null, ""loss"": ""double_hinge"", ""max_iter"": 1000, ""n_centers"": null, ""reg_lambda"": 0.01, ""tol"": 1e-06}",linear,0.5,0.5,0.5,True,0,,,,,,,,0.6205,False,-0.000990099009900991,1.0,0.8058017727639,0.999135,0.8795,0.892458723784025,0.500990099009901,0.999133052235189,0.8795,,requires predict_proba,,requires predict_proba,,0.030999999999039574,success,
upu,sar-pi0.5-scalemid,108,"{""basis"": ""linear"", ""fit_intercept"": true, ""kernel_width"": null, ""loss"": ""double_hinge"", ""max_iter"": 1000, ""n_centers"": null, ""reg_lambda"": 0.01, ""tol"": 1e-06}",linear,0.5,0.5,0.5,True,0,,,,,,,,0.628,False,0.000335795836131636,1.0,0.7961783439490446,0.999492,0.872,0.8865248226950354,0.49966420416386836,0.9994996521742194,0.872,,requires predict_proba,,requires predict_proba,,0.031000000000858563,success,
upu,sar-pi0.5-scalemid,109,"{""basis"": ""linear"", ""fit_intercept"": true, ""kernel_width"": null, ""loss"": ""double_hinge"", ""max_iter"": 1000, ""n_centers"": null, ""reg_lambda"": 0.01, ""tol"": 1e-06}",linear,0.5,0.5,0.5,True,0,,,,,,,,0.627,False,-0.0006711409395973034,1.0,0.7974481658692185,0.99961,0.873,0.8873114463176575,0.5006711409395973,0.999629755446854,0.873,,requires predict_proba,,requires predict_proba,,0.031000000000858563,success,
upu,sar-pi0.5-scalemid,110,"{""basis"": ""linear"", ""fit_intercept"": true, ""kernel_width"": null, ""loss"": ""double_hinge"", ""max_iter"": 1000, ""n_centers"": null, ""reg_lambda"": 0.01, ""tol"": 1e-06}",linear,0.5,0.5,0.5,True,0,,,,,,,,0.619,False,-0.0009861932938856066,1.0,0.8077544426494346,0.9993979999999999,0.881,0.8936550491510277,0.5009861932938856,0.9994071386586109,0.881,,requires predict_proba,,requires predict_proba,,0.0319999999992433,success,
upu,sar-pi0.5-scalemid,111,"{""basis"": ""linear"", ""fit_intercept"": true, ""kernel_width"": null, ""loss"": ""double_hinge"", ""max_iter"": 1000, ""n_centers"": null, ""reg_lambda"": 0.01, ""tol"": 1e-06}",linear,0.5,0.5,0.5,True,0,,,,,,,,0.63,False,0.0010114632501685428,1.0,0.7936507936507936,0.9993770000000001,0.87,0.8849557522123894,0.4989885367498314,0.9993747318811788,0.87,,requires predict_proba,,requires predict_proba,,0.04700000000048021,success,
upu,sar-pi0.5-scalemid,112,"{""basis"": ""linear"", ""fit_intercept"": true, ""kernel_width"": null, ""loss"": ""double_hinge"", ""max_iter"": 1000, ""n_centers"": null, ""reg_lambda"": 0.01, ""tol"": 1e-06}",linear,0.5,0.5,0.5,True,0,,,,,,,,0.6235,False,-0.0006648936170212671,1.0,0.8019246190858058,0.999411,0.8765,0.8900756564307967,0.5006648936170213,0.9994346769812492,0.8765000000000001,,requires predict_proba,,requires predict_proba,,0.031000000000858563,success,
upu,sar-pi0.5-scalemid,113,"{""basis"": ""linear"", ""fit_intercept"": true, ""kernel_width"": null, ""loss"": ""double_hinge"", ""max_iter"": 1000, ""n_centers"": null, ""reg_lambda"": 0.01, ""tol"": 1e-06}",linear,0.5,0.5,0.5,True,0,,,,,,,,0.625,False,0.0,1.0,0.8,0.9985620000000001,0.874,0.888,0.5,0.9987698718827797,0.874,,requires predict_proba,,requires predict_proba,,0.04700000000048021,success,
upu,sar-pi0.5-scalemid,114,"{""basis"": ""linear"", ""fit_intercept"": true, ""kernel_width"": null, ""loss"": ""double_hinge"", ""max_iter"": 1000, ""n_centers"": null, ""reg_lambda"": 0.01, ""tol"": 1e-06}",linear,0.5,0.5,0.5,True,0,,,,,,,,0.624,False,-0.0009993337774816813,1.0,0.8012820512820513,0.99861,0.876,0.8896797153024911,0.5009993337774816,0.9984276535599865,0.876,,requires predict_proba,,requires predict_proba,,0.030999999999039574,success,
upu,sar-pi0.5-scalemid,115,"{""basis"": ""linear"", ""fit_intercept"": true, ""kernel_width"": null, ""loss"": ""double_hinge"", ""max_iter"": 1000, ""n_centers"": null, ""reg_lambda"": 0.01, ""tol"": 1e-06}",linear,0.5,0.5,0.5,True,0,,,,,,,,0.626,False,0.0013333333333332975,1.0,0.7987220447284346,0.999153,0.874,0.8880994671403197,0.49866666666666665,0.9991750437521443,0.874,,requires predict_proba,,requires predict_proba,,0.04700000000048021,success,
upu,sar-pi0.5-scalemid,116,"{""basis"": ""linear"", ""fit_intercept"": true, ""kernel_width"": null, ""loss"": ""double_hinge"", ""max_iter"": 1000, ""n_centers"": null, ""reg_lambda"": 0.01, ""tol"": 1e-06}",linear,0.5,0.5,0.5,True,0,,,,,,,,0.625,False,0.0,1.0,0.8,0.9995430000000001,0.875,0.8888888888888888,0.5,0.999577671968332,0.875,,requires predict_proba,,requires predict_proba,,0.04700000000048021,success,
upu,sar-pi0.5-scalemid,117,"{""basis"": ""linear"", ""fit_intercept"": true, ""kernel_width"": null, ""loss"": ""double_hinge"", ""max_iter"": 1000, ""n_centers"": null, ""reg_lambda"": 0.01, ""tol"": 1e-06}",linear,0.5,0.5,0.5,True,0,,,,,,,,0.629,False,-0.0010128291694800895,1.0,0.794912559618442,0.998642,0.871,0.8857395925597874,0.5010128291694801,0.9986763607443954,0.871,,requires predict_proba,,requires predict_proba,,0.030999999999039574,success,
upu,sar-pi0.5-scalemid,118,"{""basis"": ""linear"", ""fit_intercept"": true, ""kernel_width"": null, ""loss"": ""double_hinge"", ""max_iter"": 1000, ""n_centers"": null, ""reg_lambda"": 0.01, ""tol"": 1e-06}",linear,0.5,0.5,0.5,True,0,,,,,,,,0.626,False,0.00033400133600536286,1.0,0.7987220447284346,0.9994919999999999,0.874,0.8880994671403197,0.49966599866399464,0.9994850610741882,0.874,,requires predict_proba,,requires predict_proba,,0.030999999999039574,success,
upu,sar-pi0.5-scalemid,119,"{""basis"": ""linear"", ""fit_intercept"": true, ""kernel_width"": null, ""loss"": ""double_hinge"", ""max_iter"": 1000, ""n_centers"": null, ""reg_lambda"": 0.01, ""tol"": 1e-06}",linear,0.5,0.5,0.5,True,0,,,,,,,,0.6225,False,0.0,1.0,0.8032128514056224,0.999163,0.8775,0.89086859688196,0.5,0.9991762060569608,0.8775,,requires predict_proba,,requires predict_proba,,0.031000000000858563,success,
