algorithm,scenario,seed,params,mechanism,class_prior,label_frequency,real_h,pi_h_well_conditioned,warning_count,diag_converged,diag_n_iter,diag_c_estimate,diag_cond_number,diag_correction_fraction,diag_n_epochs,diag_n_acs_iter,pred_positive_rate,degenerate_prediction,pu_zero_one_risk,pu_recall,pu_estimated_precision,pu_auc_roc,pu_accuracy,pu_f1,pu_negative_rate,average_precision,balanced_accuracy,brier_score,expected_calibration_error,ece_buckets_api,elapsed_seconds,status,failure_reason
elkan_noto,scar-pi0.1-scalesmall,100,"{""base_estimator"": null, ""calibration_method"": ""isotonic"", ""eps"": 1e-12, ""mode"": ""weighted_retraining"", ""n_cv_folds"": 3}",scar,0.1,0.5,0.5,True,0,,,0.7032458825270961,,,,,0.0825,False,-0.03695261776488466,0.8947368421052632,1.0,0.9993055555555554,0.9825,0.9041095890410958,0.958005249343832,0.9942206978617929,0.9125,0.0168516305051522,0.025001299972391828,"{""buckets"": [{""accuracy"": 0.01098901098901099, ""bin_hi"": 0.1, ""bin_lo"": 0.0, ""confidence"": 0.0009793615837386516, ""n_samples"": 364}, {""accuracy"": 1.0, ""bin_hi"": 0.2, ""bin_lo"": 0.1, ""confidence"": 0.1700040935919941, ""n_samples"": 1}, {""accuracy"": 1.0, ""bin_hi"": 0.30000000000000004, ""bin_lo"": 0.2, ""confidence"": 0.26239646105384473, ""n_samples"": 1}, {""accuracy"": 1.0, ""bin_hi"": 0.4, ""bin_lo"": 0.30000000000000004, ""confidence"": 0.3044797459558229, ""n_samples"": 1}, {""accuracy"": 0.0, ""bin_hi"": 0.5, ""bin_lo"": 0.4, ""confidence"": 0.0, ""n_samples"": 0}, {""accuracy"": 1.0, ""bin_hi"": 0.6000000000000001, ""bin_lo"": 0.5, ""confidence"": 0.5855106469967098, ""n_samples"": 2}, {""accuracy"": 1.0, ""bin_hi"": 0.7000000000000001, ""bin_lo"": 0.6000000000000001, ""confidence"": 0.6432707174996499, ""n_samples"": 6}, {""accuracy"": 1.0, ""bin_hi"": 0.8, ""bin_lo"": 0.7000000000000001, ""confidence"": 0.7991785490078284, ""n_samples"": 1}, {""accuracy"": 1.0, ""bin_hi"": 0.9, ""bin_lo"": 0.8, ""confidence"": 0.8441567020320826, ""n_samples"": 4}, {""accuracy"": 1.0, ""bin_hi"": 1.0, ""bin_lo"": 0.9, ""confidence"": 0.984983056891663, ""n_samples"": 20}], ""ece"": 0.025001299972391828}",0.03099999999994907,success,
elkan_noto,scar-pi0.1-scalesmall,101,"{""base_estimator"": null, ""calibration_method"": ""isotonic"", ""eps"": 1e-12, ""mode"": ""weighted_retraining"", ""n_cv_folds"": 3}",scar,0.1,0.5,0.5,True,0,,,0.7123057947003312,,,,,0.0625,False,-0.026759744037230956,0.7777777777777778,1.0,0.9988194444444445,0.9625,0.7692307692307693,0.9712041884816754,0.9886015551394434,0.8125,0.02435757329784497,0.03468357600454458,"{""buckets"": [{""accuracy"": 0.002785515320334262, ""bin_hi"": 0.1, ""bin_lo"": 0.0, ""confidence"": 0.002840025823075456, ""n_samples"": 359}, {""accuracy"": 0.8, ""bin_hi"": 0.2, ""bin_lo"": 0.1, ""confidence"": 0.14698172340064383, ""n_samples"": 5}, {""accuracy"": 1.0, ""bin_hi"": 0.30000000000000004, ""bin_lo"": 0.2, ""confidence"": 0.2586528870542092, ""n_samples"": 5}, {""accuracy"": 0.75, ""bin_hi"": 0.4, ""bin_lo"": 0.30000000000000004, ""confidence"": 0.34189907938262853, ""n_samples"": 4}, {""accuracy"": 1.0, ""bin_hi"": 0.5, ""bin_lo"": 0.4, ""confidence"": 0.4589602033169985, ""n_samples"": 2}, {""accuracy"": 1.0, ""bin_hi"": 0.6000000000000001, ""bin_lo"": 0.5, ""confidence"": 0.5561477813837015, ""n_samples"": 2}, {""accuracy"": 1.0, ""bin_hi"": 0.7000000000000001, ""bin_lo"": 0.6000000000000001, ""confidence"": 0.6463773154507924, ""n_samples"": 2}, {""accuracy"": 1.0, ""bin_hi"": 0.8, ""bin_lo"": 0.7000000000000001, ""confidence"": 0.7511776014066656, ""n_samples"": 6}, {""accuracy"": 1.0, ""bin_hi"": 0.9, ""bin_lo"": 0.8, ""confidence"": 0.8685227788712094, ""n_samples"": 5}, {""accuracy"": 1.0, ""bin_hi"": 1.0, ""bin_lo"": 0.9, ""confidence"": 0.9577719395762454, ""n_samples"": 10}], ""ece"": 0.03468357600454458}",0.04700000000048021,success,
elkan_noto,scar-pi0.1-scalesmall,102,"{""base_estimator"": null, ""calibration_method"": ""isotonic"", ""eps"": 1e-12, ""mode"": ""weighted_retraining"", ""n_cv_folds"": 3}",scar,0.1,0.5,0.5,True,0,,,0.6566323443439929,,,,,0.075,False,-0.03976630229928384,0.8571428571428571,1.0,0.984375,0.975,0.8571428571428571,0.9683377308707124,0.938733610199514,0.875,0.021559091151313083,0.021937083429415114,"{""buckets"": [{""accuracy"": 0.0111731843575419, ""bin_hi"": 0.1, ""bin_lo"": 0.0, ""confidence"": 0.0065562166057272315, ""n_samples"": 358}, {""accuracy"": 0.42857142857142855, ""bin_hi"": 0.2, ""bin_lo"": 0.1, ""confidence"": 0.15988343485864048, ""n_samples"": 7}, {""accuracy"": 0.6666666666666666, ""bin_hi"": 0.30000000000000004, ""bin_lo"": 0.2, ""confidence"": 0.2607805723748464, ""n_samples"": 3}, {""accuracy"": 1.0, ""bin_hi"": 0.4, ""bin_lo"": 0.30000000000000004, ""confidence"": 0.382566114187821, ""n_samples"": 1}, {""accuracy"": 0.0, ""bin_hi"": 0.5, ""bin_lo"": 0.4, ""confidence"": 0.41204302696143374, ""n_samples"": 1}, {""accuracy"": 1.0, ""bin_hi"": 0.6000000000000001, ""bin_lo"": 0.5, ""confidence"": 0.5565833009671167, ""n_samples"": 1}, {""accuracy"": 1.0, ""bin_hi"": 0.7000000000000001, ""bin_lo"": 0.6000000000000001, ""confidence"": 0.6593472103887379, ""n_samples"": 3}, {""accuracy"": 1.0, ""bin_hi"": 0.8, ""bin_lo"": 0.7000000000000001, ""confidence"": 0.7587361926350287, ""n_samples"": 2}, {""accuracy"": 1.0, ""bin_hi"": 0.9, ""bin_lo"": 0.8, ""confidence"": 0.8413430066212679, ""n_samples"": 5}, {""accuracy"": 1.0, ""bin_hi"": 1.0, ""bin_lo"": 0.9, ""confidence"": 0.9866936781322352, ""n_samples"": 19}], ""ece"": 0.021937083429415114}",0.04699999999957072,success,
elkan_noto,scar-pi0.1-scalesmall,103,"{""base_estimator"": null, ""calibration_method"": ""isotonic"", ""eps"": 1e-12, ""mode"": ""weighted_retraining"", ""n_cv_folds"": 3}",scar,0.1,0.5,0.5,True,0,,,0.6778684110365424,,,,,0.1125,False,-0.036000000000000004,0.96,0.8533333333333333,0.9974305555555556,0.9775,0.8941176470588236,0.944,0.9811781135531136,0.9652777777777777,0.019675531031880255,0.021382236726688496,"{""buckets"": [{""accuracy"": 0.0056657223796034, ""bin_hi"": 0.1, ""bin_lo"": 0.0, ""confidence"": 0.00017704434324886844, ""n_samples"": 353}, {""accuracy"": 0.0, ""bin_hi"": 0.2, ""bin_lo"": 0.1, ""confidence"": 0.1636993657970161, ""n_samples"": 2}, {""accuracy"": 0.0, ""bin_hi"": 0.30000000000000004, ""bin_lo"": 0.2, ""confidence"": 0.0, ""n_samples"": 0}, {""accuracy"": 0.0, ""bin_hi"": 0.4, ""bin_lo"": 0.30000000000000004, ""confidence"": 0.0, ""n_samples"": 0}, {""accuracy"": 0.0, ""bin_hi"": 0.5, ""bin_lo"": 0.4, ""confidence"": 0.0, ""n_samples"": 0}, {""accuracy"": 0.0, ""bin_hi"": 0.6000000000000001, ""bin_lo"": 0.5, ""confidence"": 0.0, ""n_samples"": 0}, {""accuracy"": 0.0, ""bin_hi"": 0.7000000000000001, ""bin_lo"": 0.6000000000000001, ""confidence"": 0.6602476277849487, ""n_samples"": 2}, {""accuracy"": 0.0, ""bin_hi"": 0.8, ""bin_lo"": 0.7000000000000001, ""confidence"": 0.0, ""n_samples"": 0}, {""accuracy"": 0.0, ""bin_hi"": 0.9, ""bin_lo"": 0.8, ""confidence"": 0.0, ""n_samples"": 0}, {""accuracy"": 0.8837209302325582, ""bin_hi"": 1.0, ""bin_lo"": 0.9, ""confidence"": 0.9992441245739144, ""n_samples"": 43}], ""ece"": 0.021382236726688496}",0.04700000000048021,success,
elkan_noto,scar-pi0.1-scalesmall,104,"{""base_estimator"": null, ""calibration_method"": ""isotonic"", ""eps"": 1e-12, ""mode"": ""weighted_retraining"", ""n_cv_folds"": 3}",scar,0.1,0.5,0.5,True,0,,,0.6999143746579141,,,,,0.1125,False,-0.04666666666666667,1.0,0.888888888888889,0.9999305555555555,0.9875,0.9411764705882353,0.9466666666666667,0.999390243902439,0.9930555555555556,0.012725045177123433,0.014600841618837682,"{""buckets"": [{""accuracy"": 0.0, ""bin_hi"": 0.1, ""bin_lo"": 0.0, ""confidence"": 0.00022794923526432242, ""n_samples"": 351}, {""accuracy"": 0.0, ""bin_hi"": 0.2, ""bin_lo"": 0.1, ""confidence"": 0.1470131521332469, ""n_samples"": 2}, {""accuracy"": 0.0, ""bin_hi"": 0.30000000000000004, ""bin_lo"": 0.2, ""confidence"": 0.2562429647490543, ""n_samples"": 2}, {""accuracy"": 0.0, ""bin_hi"": 0.4, ""bin_lo"": 0.30000000000000004, ""confidence"": 0.0, ""n_samples"": 0}, {""accuracy"": 0.0, ""bin_hi"": 0.5, ""bin_lo"": 0.4, ""confidence"": 0.0, ""n_samples"": 0}, {""accuracy"": 0.0, ""bin_hi"": 0.6000000000000001, ""bin_lo"": 0.5, ""confidence"": 0.0, ""n_samples"": 0}, {""accuracy"": 0.0, ""bin_hi"": 0.7000000000000001, ""bin_lo"": 0.6000000000000001, ""confidence"": 0.0, ""n_samples"": 0}, {""accuracy"": 0.0, ""bin_hi"": 0.8, ""bin_lo"": 0.7000000000000001, ""confidence"": 0.0, ""n_samples"": 0}, {""accuracy"": 0.0, ""bin_hi"": 0.9, ""bin_lo"": 0.8, ""confidence"": 0.0, ""n_samples"": 0}, {""accuracy"": 0.8888888888888888, ""bin_hi"": 1.0, ""bin_lo"": 0.9, ""confidence"": 0.998973649604282, ""n_samples"": 45}], ""ece"": 0.014600841618837682}",0.03099999999994907,success,
elkan_noto,scar-pi0.1-scalesmall,105,"{""base_estimator"": null, ""calibration_method"": ""isotonic"", ""eps"": 1e-12, ""mode"": ""weighted_retraining"", ""n_cv_folds"": 3}",scar,0.1,0.5,0.5,True,0,,,0.6724795154930538,,,,,0.1125,False,-0.04666666666666667,1.0,0.888888888888889,0.9995833333333334,0.9875,0.9411764705882353,0.9466666666666667,0.9965972222222222,0.9930555555555556,0.011875765194867877,0.014403657001092703,"{""buckets"": [{""accuracy"": 0.0, ""bin_hi"": 0.1, ""bin_lo"": 0.0, ""confidence"": 0.0003717598592866019, ""n_samples"": 352}, {""accuracy"": 0.0, ""bin_hi"": 0.2, ""bin_lo"": 0.1, ""confidence"": 0.13971556668594365, ""n_samples"": 2}, {""accuracy"": 0.0, ""bin_hi"": 0.30000000000000004, ""bin_lo"": 0.2, ""confidence"": 0.21222608441920826, ""n_samples"": 1}, {""accuracy"": 0.0, ""bin_hi"": 0.4, ""bin_lo"": 0.30000000000000004, ""confidence"": 0.0, ""n_samples"": 0}, {""accuracy"": 0.0, ""bin_hi"": 0.5, ""bin_lo"": 0.4, ""confidence"": 0.0, ""n_samples"": 0}, {""accuracy"": 1.0, ""bin_hi"": 0.6000000000000001, ""bin_lo"": 0.5, ""confidence"": 0.5664140485238619, ""n_samples"": 1}, {""accuracy"": 0.0, ""bin_hi"": 0.7000000000000001, ""bin_lo"": 0.6000000000000001, ""confidence"": 0.0, ""n_samples"": 0}, {""accuracy"": 0.0, ""bin_hi"": 0.8, ""bin_lo"": 0.7000000000000001, ""confidence"": 0.7642781324052716, ""n_samples"": 1}, {""accuracy"": 0.0, ""bin_hi"": 0.9, ""bin_lo"": 0.8, ""confidence"": 0.0, ""n_samples"": 0}, {""accuracy"": 0.9069767441860465, ""bin_hi"": 1.0, ""bin_lo"": 0.9, ""confidence"": 0.9986298146115277, ""n_samples"": 43}], ""ece"": 0.014403657001092703}",0.03099999999994907,success,
elkan_noto,scar-pi0.1-scalesmall,106,"{""base_estimator"": null, ""calibration_method"": ""isotonic"", ""eps"": 1e-12, ""mode"": ""weighted_retraining"", ""n_cv_folds"": 3}",scar,0.1,0.5,0.5,True,0,,,0.710063447944433,,,,,0.0675,False,0.006842105263157872,0.65,0.9629629629629629,0.9985416666666667,0.9675,0.8059701492537313,0.9631578947368421,0.9886710374402112,0.8375,0.020182488367495886,0.029378887808403604,"{""buckets"": [{""accuracy"": 0.0056022408963585435, ""bin_hi"": 0.1, ""bin_lo"": 0.0, ""confidence"": 0.006301954366252795, ""n_samples"": 357}, {""accuracy"": 0.2, ""bin_hi"": 0.2, ""bin_lo"": 0.1, ""confidence"": 0.12691707684467518, ""n_samples"": 5}, {""accuracy"": 0.6666666666666666, ""bin_hi"": 0.30000000000000004, ""bin_lo"": 0.2, ""confidence"": 0.28280042809216793, ""n_samples"": 3}, {""accuracy"": 1.0, ""bin_hi"": 0.4, ""bin_lo"": 0.30000000000000004, ""confidence"": 0.3860823268733487, ""n_samples"": 3}, {""accuracy"": 1.0, ""bin_hi"": 0.5, ""bin_lo"": 0.4, ""confidence"": 0.44227434710497493, ""n_samples"": 5}, {""accuracy"": 1.0, ""bin_hi"": 0.6000000000000001, ""bin_lo"": 0.5, ""confidence"": 0.552819905810494, ""n_samples"": 4}, {""accuracy"": 1.0, ""bin_hi"": 0.7000000000000001, ""bin_lo"": 0.6000000000000001, ""confidence"": 0.644941254420205, ""n_samples"": 4}, {""accuracy"": 1.0, ""bin_hi"": 0.8, ""bin_lo"": 0.7000000000000001, ""confidence"": 0.7338479533923952, ""n_samples"": 2}, {""accuracy"": 1.0, ""bin_hi"": 0.9, ""bin_lo"": 0.8, ""confidence"": 0.8521831633917359, ""n_samples"": 8}, {""accuracy"": 1.0, ""bin_hi"": 1.0, ""bin_lo"": 0.9, ""confidence"": 0.9521590384338369, ""n_samples"": 9}], ""ece"": 0.029378887808403604}",0.04700000000048021,success,
elkan_noto,scar-pi0.1-scalesmall,107,"{""base_estimator"": null, ""calibration_method"": ""isotonic"", ""eps"": 1e-12, ""mode"": ""weighted_retraining"", ""n_cv_folds"": 3}",scar,0.1,0.5,0.5,True,0,,,0.652327403807606,,,,,0.0725,False,-0.016288539848749284,0.7777777777777778,1.0,0.9968750000000001,0.9725,0.8405797101449275,0.9607329842931938,0.9799872676343264,0.8625,0.019855915506063693,0.028990712931551983,"{""buckets"": [{""accuracy"": 0.011049723756906077, ""bin_hi"": 0.1, ""bin_lo"": 0.0, ""confidence"": 0.004476196484015113, ""n_samples"": 362}, {""accuracy"": 0.0, ""bin_hi"": 0.2, ""bin_lo"": 0.1, ""confidence"": 0.18936167428833514, ""n_samples"": 2}, {""accuracy"": 1.0, ""bin_hi"": 0.30000000000000004, ""bin_lo"": 0.2, ""confidence"": 0.24418517840922024, ""n_samples"": 3}, {""accuracy"": 1.0, ""bin_hi"": 0.4, ""bin_lo"": 0.30000000000000004, ""confidence"": 0.33448180924404275, ""n_samples"": 1}, {""accuracy"": 1.0, ""bin_hi"": 0.5, ""bin_lo"": 0.4, ""confidence"": 0.41068303886820107, ""n_samples"": 3}, {""accuracy"": 1.0, ""bin_hi"": 0.6000000000000001, ""bin_lo"": 0.5, ""confidence"": 0.5797280023265248, ""n_samples"": 1}, {""accuracy"": 1.0, ""bin_hi"": 0.7000000000000001, ""bin_lo"": 0.6000000000000001, ""confidence"": 0.6943531551069855, ""n_samples"": 2}, {""accuracy"": 1.0, ""bin_hi"": 0.8, ""bin_lo"": 0.7000000000000001, ""confidence"": 0.7547801639897402, ""n_samples"": 7}, {""accuracy"": 1.0, ""bin_hi"": 0.9, ""bin_lo"": 0.8, ""confidence"": 0.8352827818294105, ""n_samples"": 7}, {""accuracy"": 1.0, ""bin_hi"": 1.0, ""bin_lo"": 0.9, ""confidence"": 0.9803411378659623, ""n_samples"": 12}], ""ece"": 0.028990712931551983}",0.04699999999957072,success,
elkan_noto,scar-pi0.1-scalesmall,108,"{""base_estimator"": null, ""calibration_method"": ""isotonic"", ""eps"": 1e-12, ""mode"": ""weighted_retraining"", ""n_cv_folds"": 3}",scar,0.1,0.5,0.5,True,0,,,0.69753134151608,,,,,0.1025,False,-0.049735449735449744,1.0,0.9756097560975611,0.9989583333333333,0.9875,0.9382716049382716,0.9497354497354498,0.991915365336418,0.9708333333333333,0.008936099288342719,0.010397031583975468,"{""buckets"": [{""accuracy"": 0.0028011204481792717, ""bin_hi"": 0.1, ""bin_lo"": 0.0, ""confidence"": 0.00018228456138626707, ""n_samples"": 357}, {""accuracy"": 0.0, ""bin_hi"": 0.2, ""bin_lo"": 0.1, ""confidence"": 0.11910036968509163, ""n_samples"": 1}, {""accuracy"": 0.0, ""bin_hi"": 0.30000000000000004, ""bin_lo"": 0.2, ""confidence"": 0.0, ""n_samples"": 0}, {""accuracy"": 0.0, ""bin_hi"": 0.4, ""bin_lo"": 0.30000000000000004, ""confidence"": 0.0, ""n_samples"": 0}, {""accuracy"": 1.0, ""bin_hi"": 0.5, ""bin_lo"": 0.4, ""confidence"": 0.4472172489104208, ""n_samples"": 1}, {""accuracy"": 0.0, ""bin_hi"": 0.6000000000000001, ""bin_lo"": 0.5, ""confidence"": 0.0, ""n_samples"": 0}, {""accuracy"": 0.0, ""bin_hi"": 0.7000000000000001, ""bin_lo"": 0.6000000000000001, ""confidence"": 0.0, ""n_samples"": 0}, {""accuracy"": 0.0, ""bin_hi"": 0.8, ""bin_lo"": 0.7000000000000001, ""confidence"": 0.7537359386556759, ""n_samples"": 1}, {""accuracy"": 0.0, ""bin_hi"": 0.9, ""bin_lo"": 0.8, ""confidence"": 0.827577248497828, ""n_samples"": 1}, {""accuracy"": 0.9743589743589743, ""bin_hi"": 1.0, ""bin_lo"": 0.9, ""confidence"": 0.9992485106173566, ""n_samples"": 39}], ""ece"": 0.010397031583975468}",0.03099999999994907,success,
elkan_noto,scar-pi0.1-scalesmall,109,"{""base_estimator"": null, ""calibration_method"": ""isotonic"", ""eps"": 1e-12, ""mode"": ""weighted_retraining"", ""n_cv_folds"": 3}",scar,0.1,0.5,0.5,True,0,,,0.623372697765682,,,,,0.07,False,-0.04252802948855783,0.8823529411764706,1.0,0.9894444444444445,0.97,0.8235294117647058,0.9660574412532638,0.9525238622389356,0.85,0.024732840695182747,0.03097200343704265,"{""buckets"": [{""accuracy"": 0.01652892561983471, ""bin_hi"": 0.1, ""bin_lo"": 0.0, ""confidence"": 0.0014550919243384655, ""n_samples"": 363}, {""accuracy"": 0.6, ""bin_hi"": 0.2, ""bin_lo"": 0.1, ""confidence"": 0.13960953268184215, ""n_samples"": 5}, {""accuracy"": 1.0, ""bin_hi"": 0.30000000000000004, ""bin_lo"": 0.2, ""confidence"": 0.26096389998136454, ""n_samples"": 1}, {""accuracy"": 0.0, ""bin_hi"": 0.4, ""bin_lo"": 0.30000000000000004, ""confidence"": 0.37915199066595695, ""n_samples"": 1}, {""accuracy"": 1.0, ""bin_hi"": 0.5, ""bin_lo"": 0.4, ""confidence"": 0.4693026901019104, ""n_samples"": 2}, {""accuracy"": 1.0, ""bin_hi"": 0.6000000000000001, ""bin_lo"": 0.5, ""confidence"": 0.5975667988911049, ""n_samples"": 1}, {""accuracy"": 1.0, ""bin_hi"": 0.7000000000000001, ""bin_lo"": 0.6000000000000001, ""confidence"": 0.6234249751267473, ""n_samples"": 3}, {""accuracy"": 0.0, ""bin_hi"": 0.8, ""bin_lo"": 0.7000000000000001, ""confidence"": 0.0, ""n_samples"": 0}, {""accuracy"": 1.0, ""bin_hi"": 0.9, ""bin_lo"": 0.8, ""confidence"": 0.8754422757406635, ""n_samples"": 2}, {""accuracy"": 1.0, ""bin_hi"": 1.0, ""bin_lo"": 0.9, ""confidence"": 0.9702640467257712, ""n_samples"": 22}], ""ece"": 0.03097200343704265}",0.032000000000152795,success,
elkan_noto,scar-pi0.1-scalesmall,110,"{""base_estimator"": null, ""calibration_method"": ""isotonic"", ""eps"": 1e-12, ""mode"": ""weighted_retraining"", ""n_cv_folds"": 3}",scar,0.1,0.5,0.5,True,0,,,0.8044400605842439,,,,,0.095,False,-0.06328725038402458,0.9642857142857143,1.0,0.9998611111111111,0.995,0.9743589743589743,0.9704301075268817,0.9988095238095238,0.975,0.0030113890047225207,0.001575166684808167,"{""buckets"": [{""accuracy"": 0.0, ""bin_hi"": 0.1, ""bin_lo"": 0.0, ""confidence"": 0.00015930638300066326, ""n_samples"": 357}, {""accuracy"": 0.0, ""bin_hi"": 0.2, ""bin_lo"": 0.1, ""confidence"": 0.0, ""n_samples"": 0}, {""accuracy"": 0.3333333333333333, ""bin_hi"": 0.30000000000000004, ""bin_lo"": 0.2, ""confidence"": 0.27749781847304306, ""n_samples"": 3}, {""accuracy"": 0.0, ""bin_hi"": 0.4, ""bin_lo"": 0.30000000000000004, ""confidence"": 0.0, ""n_samples"": 0}, {""accuracy"": 0.5, ""bin_hi"": 0.5, ""bin_lo"": 0.4, ""confidence"": 0.4183315900723647, ""n_samples"": 2}, {""accuracy"": 0.0, ""bin_hi"": 0.6000000000000001, ""bin_lo"": 0.5, ""confidence"": 0.0, ""n_samples"": 0}, {""accuracy"": 0.0, ""bin_hi"": 0.7000000000000001, ""bin_lo"": 0.6000000000000001, ""confidence"": 0.0, ""n_samples"": 0}, {""accuracy"": 0.0, ""bin_hi"": 0.8, ""bin_lo"": 0.7000000000000001, ""confidence"": 0.0, ""n_samples"": 0}, {""accuracy"": 0.0, ""bin_hi"": 0.9, ""bin_lo"": 0.8, ""confidence"": 0.0, ""n_samples"": 0}, {""accuracy"": 1.0, ""bin_hi"": 1.0, ""bin_lo"": 0.9, ""confidence"": 0.9936223439274766, ""n_samples"": 38}], ""ece"": 0.001575166684808167}",0.04699999999957072,success,
elkan_noto,scar-pi0.1-scalesmall,111,"{""base_estimator"": null, ""calibration_method"": ""isotonic"", ""eps"": 1e-12, ""mode"": ""weighted_retraining"", ""n_cv_folds"": 3}",scar,0.1,0.5,0.5,True,0,,,0.6359321107881651,,,,,0.0825,False,-0.03695261776488466,0.8947368421052632,1.0,0.9970138888888889,0.9825,0.9041095890410958,0.958005249343832,0.9783599690539346,0.9125,0.015525867906457144,0.019845380570568883,"{""buckets"": [{""accuracy"": 0.013812154696132596, ""bin_hi"": 0.1, ""bin_lo"": 0.0, ""confidence"": 0.0013276407100023234, ""n_samples"": 362}, {""accuracy"": 0.0, ""bin_hi"": 0.2, ""bin_lo"": 0.1, ""confidence"": 0.10341740606413455, ""n_samples"": 1}, {""accuracy"": 0.0, ""bin_hi"": 0.30000000000000004, ""bin_lo"": 0.2, ""confidence"": 0.2887376024009188, ""n_samples"": 1}, {""accuracy"": 1.0, ""bin_hi"": 0.4, ""bin_lo"": 0.30000000000000004, ""confidence"": 0.33037150139580107, ""n_samples"": 1}, {""accuracy"": 0.5, ""bin_hi"": 0.5, ""bin_lo"": 0.4, ""confidence"": 0.40406698817116693, ""n_samples"": 2}, {""accuracy"": 1.0, ""bin_hi"": 0.6000000000000001, ""bin_lo"": 0.5, ""confidence"": 0.5745593985199461, ""n_samples"": 1}, {""accuracy"": 1.0, ""bin_hi"": 0.7000000000000001, ""bin_lo"": 0.6000000000000001, ""confidence"": 0.6801724363576681, ""n_samples"": 1}, {""accuracy"": 1.0, ""bin_hi"": 0.8, ""bin_lo"": 0.7000000000000001, ""confidence"": 0.7687956529598973, ""n_samples"": 3}, {""accuracy"": 1.0, ""bin_hi"": 0.9, ""bin_lo"": 0.8, ""confidence"": 0.845552677115259, ""n_samples"": 3}, {""accuracy"": 1.0, ""bin_hi"": 1.0, ""bin_lo"": 0.9, ""confidence"": 0.9894845816150176, ""n_samples"": 25}], ""ece"": 0.019845380570568883}",0.046000000000276486,success,
elkan_noto,scar-pi0.1-scalesmall,112,"{""base_estimator"": null, ""calibration_method"": ""isotonic"", ""eps"": 1e-12, ""mode"": ""weighted_retraining"", ""n_cv_folds"": 3}",scar,0.1,0.5,0.5,True,0,,,0.7299285551599202,,,,,0.1025,False,-0.04666666666666667,0.96,0.9365853658536586,0.998125,0.9825,0.9135802469135802,0.9546666666666667,0.985401783450564,0.9569444444444445,0.010548400008269,0.012843984838459728,"{""buckets"": [{""accuracy"": 0.002824858757062147, ""bin_hi"": 0.1, ""bin_lo"": 0.0, ""confidence"": 0.0010883430799432132, ""n_samples"": 354}, {""accuracy"": 0.5, ""bin_hi"": 0.2, ""bin_lo"": 0.1, ""confidence"": 0.1439154911346425, ""n_samples"": 2}, {""accuracy"": 0.0, ""bin_hi"": 0.30000000000000004, ""bin_lo"": 0.2, ""confidence"": 0.2231136637549218, ""n_samples"": 2}, {""accuracy"": 1.0, ""bin_hi"": 0.4, ""bin_lo"": 0.30000000000000004, ""confidence"": 0.3739645041237174, ""n_samples"": 1}, {""accuracy"": 0.0, ""bin_hi"": 0.5, ""bin_lo"": 0.4, ""confidence"": 0.0, ""n_samples"": 0}, {""accuracy"": 1.0, ""bin_hi"": 0.6000000000000001, ""bin_lo"": 0.5, ""confidence"": 0.553822372068097, ""n_samples"": 1}, {""accuracy"": 0.0, ""bin_hi"": 0.7000000000000001, ""bin_lo"": 0.6000000000000001, ""confidence"": 0.6162424990035377, ""n_samples"": 3}, {""accuracy"": 0.6666666666666666, ""bin_hi"": 0.8, ""bin_lo"": 0.7000000000000001, ""confidence"": 0.7381801562316906, ""n_samples"": 3}, {""accuracy"": 1.0, ""bin_hi"": 0.9, ""bin_lo"": 0.8, ""confidence"": 0.8120393671240653, ""n_samples"": 1}, {""accuracy"": 1.0, ""bin_hi"": 1.0, ""bin_lo"": 0.9, ""confidence"": 0.9987566873317144, ""n_samples"": 33}], ""ece"": 0.012843984838459728}",0.032000000000152795,success,
elkan_noto,scar-pi0.1-scalesmall,113,"{""base_estimator"": null, ""calibration_method"": ""isotonic"", ""eps"": 1e-12, ""mode"": ""weighted_retraining"", ""n_cv_folds"": 3}",scar,0.1,0.5,0.5,True,0,,,0.7269855097487545,,,,,0.0725,False,-0.03453583453583453,0.8181818181818182,1.0,0.9990277777777777,0.9725,0.8405797101449275,0.9708994708994709,0.9925732600732601,0.8625,0.015812648292469512,0.02587993298555763,"{""buckets"": [{""accuracy"": 0.0028089887640449437, ""bin_hi"": 0.1, ""bin_lo"": 0.0, ""confidence"": 0.005286513108637017, ""n_samples"": 356}, {""accuracy"": 0.2, ""bin_hi"": 0.2, ""bin_lo"": 0.1, ""confidence"": 0.12098738244219676, ""n_samples"": 5}, {""accuracy"": 0.5, ""bin_hi"": 0.30000000000000004, ""bin_lo"": 0.2, ""confidence"": 0.2657251596251198, ""n_samples"": 2}, {""accuracy"": 1.0, ""bin_hi"": 0.4, ""bin_lo"": 0.30000000000000004, ""confidence"": 0.35634092191223404, ""n_samples"": 3}, {""accuracy"": 1.0, ""bin_hi"": 0.5, ""bin_lo"": 0.4, ""confidence"": 0.4348172409379812, ""n_samples"": 5}, {""accuracy"": 0.0, ""bin_hi"": 0.6000000000000001, ""bin_lo"": 0.5, ""confidence"": 0.0, ""n_samples"": 0}, {""accuracy"": 1.0, ""bin_hi"": 0.7000000000000001, ""bin_lo"": 0.6000000000000001, ""confidence"": 0.6371090353237308, ""n_samples"": 5}, {""accuracy"": 1.0, ""bin_hi"": 0.8, ""bin_lo"": 0.7000000000000001, ""confidence"": 0.757757386116895, ""n_samples"": 3}, {""accuracy"": 1.0, ""bin_hi"": 0.9, ""bin_lo"": 0.8, ""confidence"": 0.8523091747267285, ""n_samples"": 5}, {""accuracy"": 1.0, ""bin_hi"": 1.0, ""bin_lo"": 0.9, ""confidence"": 0.9643853788725572, ""n_samples"": 16}], ""ece"": 0.02587993298555763}",0.032000000000152795,success,
elkan_noto,scar-pi0.1-scalesmall,114,"{""base_estimator"": null, ""calibration_method"": ""isotonic"", ""eps"": 1e-12, ""mode"": ""weighted_retraining"", ""n_cv_folds"": 3}",scar,0.1,0.5,0.5,True,0,,,0.6537707304045737,,,,,0.0775,False,-0.029050973891421472,0.8421052631578947,1.0,0.9955555555555555,0.9675,0.8169014084507042,0.9606299212598425,0.9608281776107213,0.8597222222222223,0.02242556382478715,0.025391706317245456,"{""buckets"": [{""accuracy"": 0.008379888268156424, ""bin_hi"": 0.1, ""bin_lo"": 0.0, ""confidence"": 0.0008992944075744236, ""n_samples"": 358}, {""accuracy"": 0.5, ""bin_hi"": 0.2, ""bin_lo"": 0.1, ""confidence"": 0.13441091773510994, ""n_samples"": 6}, {""accuracy"": 1.0, ""bin_hi"": 0.30000000000000004, ""bin_lo"": 0.2, ""confidence"": 0.2675570714005978, ""n_samples"": 1}, {""accuracy"": 1.0, ""bin_hi"": 0.4, ""bin_lo"": 0.30000000000000004, ""confidence"": 0.30090690937088044, ""n_samples"": 1}, {""accuracy"": 1.0, ""bin_hi"": 0.5, ""bin_lo"": 0.4, ""confidence"": 0.4425940081038178, ""n_samples"": 3}, {""accuracy"": 1.0, ""bin_hi"": 0.6000000000000001, ""bin_lo"": 0.5, ""confidence"": 0.5385308505337354, ""n_samples"": 2}, {""accuracy"": 0.0, ""bin_hi"": 0.7000000000000001, ""bin_lo"": 0.6000000000000001, ""confidence"": 0.6041551070846738, ""n_samples"": 1}, {""accuracy"": 0.0, ""bin_hi"": 0.8, ""bin_lo"": 0.7000000000000001, ""confidence"": 0.0, ""n_samples"": 0}, {""accuracy"": 1.0, ""bin_hi"": 0.9, ""bin_lo"": 0.8, ""confidence"": 0.8594170627273087, ""n_samples"": 1}, {""accuracy"": 0.9629629629629629, ""bin_hi"": 1.0, ""bin_lo"": 0.9, ""confidence"": 0.9819875960375378, ""n_samples"": 27}], ""ece"": 0.025391706317245456}",0.046000000000276486,success,
elkan_noto,scar-pi0.1-scalesmall,115,"{""base_estimator"": null, ""calibration_method"": ""isotonic"", ""eps"": 1e-12, ""mode"": ""weighted_retraining"", ""n_cv_folds"": 3}",scar,0.1,0.5,0.5,True,0,,,0.5920046398263934,,,,,0.065,False,0.024128398095530634,0.5882352941176471,0.904977375565611,0.9963888888888889,0.965,0.7878787878787878,0.95822454308094,0.9768139656980912,0.825,0.022706788659854232,0.03274986759742671,"{""buckets"": [{""accuracy"": 0.005698005698005698, ""bin_hi"": 0.1, ""bin_lo"": 0.0, ""confidence"": 0.009124223852151067, ""n_samples"": 351}, {""accuracy"": 0.1111111111111111, ""bin_hi"": 0.2, ""bin_lo"": 0.1, ""confidence"": 0.13720881080477987, ""n_samples"": 9}, {""accuracy"": 0.6666666666666666, ""bin_hi"": 0.30000000000000004, ""bin_lo"": 0.2, ""confidence"": 0.2520991558252282, ""n_samples"": 6}, {""accuracy"": 0.75, ""bin_hi"": 0.4, ""bin_lo"": 0.30000000000000004, ""confidence"": 0.34825881546503423, ""n_samples"": 4}, {""accuracy"": 1.0, ""bin_hi"": 0.5, ""bin_lo"": 0.4, ""confidence"": 0.4418434003573009, ""n_samples"": 4}, {""accuracy"": 1.0, ""bin_hi"": 0.6000000000000001, ""bin_lo"": 0.5, ""confidence"": 0.5720238004885043, ""n_samples"": 2}, {""accuracy"": 1.0, ""bin_hi"": 0.7000000000000001, ""bin_lo"": 0.6000000000000001, ""confidence"": 0.6457913250418589, ""n_samples"": 5}, {""accuracy"": 1.0, ""bin_hi"": 0.8, ""bin_lo"": 0.7000000000000001, ""confidence"": 0.7565089295320441, ""n_samples"": 4}, {""accuracy"": 1.0, ""bin_hi"": 0.9, ""bin_lo"": 0.8, ""confidence"": 0.8418770482225255, ""n_samples"": 9}, {""accuracy"": 1.0, ""bin_hi"": 1.0, ""bin_lo"": 0.9, ""confidence"": 0.9480996089699069, ""n_samples"": 6}], ""ece"": 0.03274986759742671}",0.032000000000152795,success,
elkan_noto,scar-pi0.1-scalesmall,116,"{""base_estimator"": null, ""calibration_method"": ""isotonic"", ""eps"": 1e-12, ""mode"": ""weighted_retraining"", ""n_cv_folds"": 3}",scar,0.1,0.5,0.5,True,0,,,0.7292258605663015,,,,,0.09,False,-0.06551724137931035,1.0,1.0,0.9977083333333333,0.985,0.9210526315789473,0.9655172413793104,0.9819057506301462,0.9361111111111111,0.0116012669478929,0.010701295445341286,"{""buckets"": [{""accuracy"": 0.008426966292134831, ""bin_hi"": 0.1, ""bin_lo"": 0.0, ""confidence"": 0.0013110744758567574, ""n_samples"": 356}, {""accuracy"": 0.25, ""bin_hi"": 0.2, ""bin_lo"": 0.1, ""confidence"": 0.15497563581304816, ""n_samples"": 4}, {""accuracy"": 0.3333333333333333, ""bin_hi"": 0.30000000000000004, ""bin_lo"": 0.2, ""confidence"": 0.23455527150728442, ""n_samples"": 3}, {""accuracy"": 0.0, ""bin_hi"": 0.4, ""bin_lo"": 0.30000000000000004, ""confidence"": 0.3821778891403634, ""n_samples"": 1}, {""accuracy"": 0.0, ""bin_hi"": 0.5, ""bin_lo"": 0.4, ""confidence"": 0.0, ""n_samples"": 0}, {""accuracy"": 0.0, ""bin_hi"": 0.6000000000000001, ""bin_lo"": 0.5, ""confidence"": 0.0, ""n_samples"": 0}, {""accuracy"": 0.0, ""bin_hi"": 0.7000000000000001, ""bin_lo"": 0.6000000000000001, ""confidence"": 0.6780204959663888, ""n_samples"": 1}, {""accuracy"": 0.0, ""bin_hi"": 0.8, ""bin_lo"": 0.7000000000000001, ""confidence"": 0.0, ""n_samples"": 0}, {""accuracy"": 0.0, ""bin_hi"": 0.9, ""bin_lo"": 0.8, ""confidence"": 0.0, ""n_samples"": 0}, {""accuracy"": 1.0, ""bin_hi"": 1.0, ""bin_lo"": 0.9, ""confidence"": 0.999696266736891, ""n_samples"": 35}], ""ece"": 0.010701295445341286}",0.032000000000152795,success,
elkan_noto,scar-pi0.1-scalesmall,117,"{""base_estimator"": null, ""calibration_method"": ""isotonic"", ""eps"": 1e-12, ""mode"": ""weighted_retraining"", ""n_cv_folds"": 3}",scar,0.1,0.5,0.5,True,0,,,0.6373725635629788,,,,,0.07,False,-0.010623014228484606,0.7368421052631579,1.0,0.9975694444444445,0.97,0.8235294117647058,0.963254593175853,0.9819795459658265,0.85,0.02082976776119706,0.031224733487690445,"{""buckets"": [{""accuracy"": 0.0056022408963585435, ""bin_hi"": 0.1, ""bin_lo"": 0.0, ""confidence"": 0.008698916760611358, ""n_samples"": 357}, {""accuracy"": 0.4, ""bin_hi"": 0.2, ""bin_lo"": 0.1, ""confidence"": 0.15831607099444406, ""n_samples"": 5}, {""accuracy"": 0.6, ""bin_hi"": 0.30000000000000004, ""bin_lo"": 0.2, ""confidence"": 0.255367202197108, ""n_samples"": 5}, {""accuracy"": 1.0, ""bin_hi"": 0.4, ""bin_lo"": 0.30000000000000004, ""confidence"": 0.3561130858821421, ""n_samples"": 1}, {""accuracy"": 1.0, ""bin_hi"": 0.5, ""bin_lo"": 0.4, ""confidence"": 0.4297473734167572, ""n_samples"": 4}, {""accuracy"": 1.0, ""bin_hi"": 0.6000000000000001, ""bin_lo"": 0.5, ""confidence"": 0.5721248194213044, ""n_samples"": 2}, {""accuracy"": 1.0, ""bin_hi"": 0.7000000000000001, ""bin_lo"": 0.6000000000000001, ""confidence"": 0.6531137453565025, ""n_samples"": 6}, {""accuracy"": 1.0, ""bin_hi"": 0.8, ""bin_lo"": 0.7000000000000001, ""confidence"": 0.7477063067110257, ""n_samples"": 2}, {""accuracy"": 1.0, ""bin_hi"": 0.9, ""bin_lo"": 0.8, ""confidence"": 0.8428859828381968, ""n_samples"": 9}, {""accuracy"": 1.0, ""bin_hi"": 1.0, ""bin_lo"": 0.9, ""confidence"": 0.925309152556411, ""n_samples"": 9}], ""ece"": 0.031224733487690445}",0.03099999999994907,success,
elkan_noto,scar-pi0.1-scalesmall,118,"{""base_estimator"": null, ""calibration_method"": ""isotonic"", ""eps"": 1e-12, ""mode"": ""weighted_retraining"", ""n_cv_folds"": 3}",scar,0.1,0.5,0.5,True,0,,,0.6436852204686632,,,,,0.08,False,-0.01789473684210527,0.8,1.0,0.9996527777777778,0.98,0.8888888888888888,0.9578947368421052,0.9967906478488956,0.9,0.013553824345331407,0.030483505407523353,"{""buckets"": [{""accuracy"": 0.0, ""bin_hi"": 0.1, ""bin_lo"": 0.0, ""confidence"": 0.004512904995837134, ""n_samples"": 354}, {""accuracy"": 0.0, ""bin_hi"": 0.2, ""bin_lo"": 0.1, ""confidence"": 0.1449168077295084, ""n_samples"": 4}, {""accuracy"": 0.8333333333333334, ""bin_hi"": 0.30000000000000004, ""bin_lo"": 0.2, ""confidence"": 0.25013621026592864, ""n_samples"": 6}, {""accuracy"": 0.5, ""bin_hi"": 0.4, ""bin_lo"": 0.30000000000000004, ""confidence"": 0.36658203207594897, ""n_samples"": 2}, {""accuracy"": 1.0, ""bin_hi"": 0.5, ""bin_lo"": 0.4, ""confidence"": 0.4532056497630279, ""n_samples"": 2}, {""accuracy"": 1.0, ""bin_hi"": 0.6000000000000001, ""bin_lo"": 0.5, ""confidence"": 0.5599350648395348, ""n_samples"": 3}, {""accuracy"": 1.0, ""bin_hi"": 0.7000000000000001, ""bin_lo"": 0.6000000000000001, ""confidence"": 0.660283260205063, ""n_samples"": 2}, {""accuracy"": 1.0, ""bin_hi"": 0.8, ""bin_lo"": 0.7000000000000001, ""confidence"": 0.7573355922694844, ""n_samples"": 5}, {""accuracy"": 1.0, ""bin_hi"": 0.9, ""bin_lo"": 0.8, ""confidence"": 0.8714569033467575, ""n_samples"": 13}, {""accuracy"": 1.0, ""bin_hi"": 1.0, ""bin_lo"": 0.9, ""confidence"": 0.9697168212641678, ""n_samples"": 9}], ""ece"": 0.030483505407523353}",0.04699999999957072,success,
elkan_noto,scar-pi0.1-scalesmall,119,"{""base_estimator"": null, ""calibration_method"": ""isotonic"", ""eps"": 1e-12, ""mode"": ""weighted_retraining"", ""n_cv_folds"": 3}",scar,0.1,0.5,0.5,True,0,,,0.5129758770486124,,,,,0.0825,False,-0.005454545454545462,0.8,0.9696969696969698,0.9999305555555555,0.9825,0.9041095890410958,0.9454545454545454,0.999390243902439,0.9125,0.013344037050045028,0.03723358380500476,"{""buckets"": [{""accuracy"": 0.0, ""bin_hi"": 0.1, ""bin_lo"": 0.0, ""confidence"": 0.009591346826306458, ""n_samples"": 358}, {""accuracy"": 0.3333333333333333, ""bin_hi"": 0.2, ""bin_lo"": 0.1, ""confidence"": 0.1470533768414591, ""n_samples"": 3}, {""accuracy"": 1.0, ""bin_hi"": 0.30000000000000004, ""bin_lo"": 0.2, ""confidence"": 0.27819349652795566, ""n_samples"": 2}, {""accuracy"": 1.0, ""bin_hi"": 0.4, ""bin_lo"": 0.30000000000000004, ""confidence"": 0.3720772508343779, ""n_samples"": 2}, {""accuracy"": 1.0, ""bin_hi"": 0.5, ""bin_lo"": 0.4, ""confidence"": 0.42890984113546676, ""n_samples"": 2}, {""accuracy"": 1.0, ""bin_hi"": 0.6000000000000001, ""bin_lo"": 0.5, ""confidence"": 0.5574778520147159, ""n_samples"": 2}, {""accuracy"": 1.0, ""bin_hi"": 0.7000000000000001, ""bin_lo"": 0.6000000000000001, ""confidence"": 0.650672270967716, ""n_samples"": 6}, {""accuracy"": 1.0, ""bin_hi"": 0.8, ""bin_lo"": 0.7000000000000001, ""confidence"": 0.7521494073552973, ""n_samples"": 9}, {""accuracy"": 1.0, ""bin_hi"": 0.9, ""bin_lo"": 0.8, ""confidence"": 0.8398112657186958, ""n_samples"": 9}, {""accuracy"": 1.0, ""bin_hi"": 1.0, ""bin_lo"": 0.9, ""confidence"": 0.9420159923991666, ""n_samples"": 7}], ""ece"": 0.03723358380500476}",0.032000000000152795,success,
elkan_noto,scar-pi0.1-scalemid,100,"{""base_estimator"": null, ""calibration_method"": ""isotonic"", ""eps"": 1e-12, ""mode"": ""weighted_retraining"", ""n_cv_folds"": 3}",scar,0.1,0.5,0.5,True,0,,,0.7291518073390838,,,,,0.0825,False,-0.03351996105160662,0.8653846153846154,1.0,0.9983555555555556,0.9805,0.8931506849315068,0.9604430379746836,0.9884344295847106,0.9069444444444444,0.013468931892162828,0.01837613339380513,"{""buckets"": [{""accuracy"": 0.006084070796460177, ""bin_hi"": 0.1, ""bin_lo"": 0.0, ""confidence"": 0.001308873557578638, ""n_samples"": 1808}, {""accuracy"": 0.8333333333333334, ""bin_hi"": 0.2, ""bin_lo"": 0.1, ""confidence"": 0.1388221162968876, ""n_samples"": 6}, {""accuracy"": 1.0, ""bin_hi"": 0.30000000000000004, ""bin_lo"": 0.2, ""confidence"": 0.23686885661227933, ""n_samples"": 6}, {""accuracy"": 1.0, ""bin_hi"": 0.4, ""bin_lo"": 0.30000000000000004, ""confidence"": 0.34530319367645584, ""n_samples"": 7}, {""accuracy"": 1.0, ""bin_hi"": 0.5, ""bin_lo"": 0.4, ""confidence"": 0.4527516695539808, ""n_samples"": 8}, {""accuracy"": 1.0, ""bin_hi"": 0.6000000000000001, ""bin_lo"": 0.5, ""confidence"": 0.5407116887359826, ""n_samples"": 4}, {""accuracy"": 0.8333333333333334, ""bin_hi"": 0.7000000000000001, ""bin_lo"": 0.6000000000000001, ""confidence"": 0.6433852624803383, ""n_samples"": 12}, {""accuracy"": 1.0, ""bin_hi"": 0.8, ""bin_lo"": 0.7000000000000001, ""confidence"": 0.7533842130509547, ""n_samples"": 9}, {""accuracy"": 1.0, ""bin_hi"": 0.9, ""bin_lo"": 0.8, ""confidence"": 0.8624791566270675, ""n_samples"": 17}, {""accuracy"": 1.0, ""bin_hi"": 1.0, ""bin_lo"": 0.9, ""confidence"": 0.9858693885027544, ""n_samples"": 123}], ""ece"": 0.01837613339380513}",0.04699999999957072,success,
elkan_noto,scar-pi0.1-scalemid,101,"{""base_estimator"": null, ""calibration_method"": ""isotonic"", ""eps"": 1e-12, ""mode"": ""weighted_retraining"", ""n_cv_folds"": 3}",scar,0.1,0.5,0.5,True,0,,,0.7102548420853181,,,,,0.0725,False,-0.0122390658837713,0.7553191489361702,1.0,0.9993361111111111,0.9725,0.8405797101449275,0.9611752360965372,0.9951211081188265,0.8625,0.0171750999236745,0.02706257478121085,"{""buckets"": [{""accuracy"": 0.003886729594669628, ""bin_hi"": 0.1, ""bin_lo"": 0.0, ""confidence"": 0.002778841065564085, ""n_samples"": 1801}, {""accuracy"": 0.6875, ""bin_hi"": 0.2, ""bin_lo"": 0.1, ""confidence"": 0.15923667763350527, ""n_samples"": 16}, {""accuracy"": 1.0, ""bin_hi"": 0.30000000000000004, ""bin_lo"": 0.2, ""confidence"": 0.24501307827041652, ""n_samples"": 10}, {""accuracy"": 0.9230769230769231, ""bin_hi"": 0.4, ""bin_lo"": 0.30000000000000004, ""confidence"": 0.3656448825431185, ""n_samples"": 13}, {""accuracy"": 1.0, ""bin_hi"": 0.5, ""bin_lo"": 0.4, ""confidence"": 0.4554809068340199, ""n_samples"": 15}, {""accuracy"": 1.0, ""bin_hi"": 0.6000000000000001, ""bin_lo"": 0.5, ""confidence"": 0.5728529315847511, ""n_samples"": 7}, {""accuracy"": 1.0, ""bin_hi"": 0.7000000000000001, ""bin_lo"": 0.6000000000000001, ""confidence"": 0.6354830331239453, ""n_samples"": 15}, {""accuracy"": 1.0, ""bin_hi"": 0.8, ""bin_lo"": 0.7000000000000001, ""confidence"": 0.7468179491990823, ""n_samples"": 15}, {""accuracy"": 1.0, ""bin_hi"": 0.9, ""bin_lo"": 0.8, ""confidence"": 0.8569796969213174, ""n_samples"": 41}, {""accuracy"": 1.0, ""bin_hi"": 1.0, ""bin_lo"": 0.9, ""confidence"": 0.9612834350503523, ""n_samples"": 67}], ""ece"": 0.02706257478121085}",0.04700000000048021,success,
elkan_noto,scar-pi0.1-scalemid,102,"{""base_estimator"": null, ""calibration_method"": ""isotonic"", ""eps"": 1e-12, ""mode"": ""weighted_retraining"", ""n_cv_folds"": 3}",scar,0.1,0.5,0.5,True,0,,,0.7016416496320819,,,,,0.091,False,-0.029454722492697177,0.8846153846153846,0.9721048182586645,0.9987805555555556,0.986,0.9267015706806283,0.9525316455696202,0.9899143964174241,0.9411111111111111,0.013775710671291855,0.014247967747752808,"{""buckets"": [{""accuracy"": 0.012651265126512651, ""bin_hi"": 0.1, ""bin_lo"": 0.0, ""confidence"": 0.00016514459657219322, ""n_samples"": 1818}, {""accuracy"": 0.0, ""bin_hi"": 0.2, ""bin_lo"": 0.1, ""confidence"": 0.0, ""n_samples"": 0}, {""accuracy"": 0.0, ""bin_hi"": 0.30000000000000004, ""bin_lo"": 0.2, ""confidence"": 0.0, ""n_samples"": 0}, {""accuracy"": 0.0, ""bin_hi"": 0.4, ""bin_lo"": 0.30000000000000004, ""confidence"": 0.0, ""n_samples"": 0}, {""accuracy"": 0.0, ""bin_hi"": 0.5, ""bin_lo"": 0.4, ""confidence"": 0.0, ""n_samples"": 0}, {""accuracy"": 1.0, ""bin_hi"": 0.6000000000000001, ""bin_lo"": 0.5, ""confidence"": 0.5179207424960234, ""n_samples"": 1}, {""accuracy"": 0.0, ""bin_hi"": 0.7000000000000001, ""bin_lo"": 0.6000000000000001, ""confidence"": 0.0, ""n_samples"": 0}, {""accuracy"": 0.0, ""bin_hi"": 0.8, ""bin_lo"": 0.7000000000000001, ""confidence"": 0.0, ""n_samples"": 0}, {""accuracy"": 1.0, ""bin_hi"": 0.9, ""bin_lo"": 0.8, ""confidence"": 0.8570412312208583, ""n_samples"": 3}, {""accuracy"": 0.9719101123595506, ""bin_hi"": 1.0, ""bin_lo"": 0.9, ""confidence"": 0.9993551281361375, ""n_samples"": 178}], ""ece"": 0.014247967747752808}",0.06199999999989814,success,
elkan_noto,scar-pi0.1-scalemid,103,"{""base_estimator"": null, ""calibration_method"": ""isotonic"", ""eps"": 1e-12, ""mode"": ""weighted_retraining"", ""n_cv_folds"": 3}",scar,0.1,0.5,0.5,True,0,,,0.7475624135464934,,,,,0.0835,False,-0.03860051717697059,0.8807339449541285,1.0,0.9987305555555556,0.9835,0.9100817438692098,0.9624537281861449,0.9924807050147613,0.9175,0.0119362043110167,0.017985854478403486,"{""buckets"": [{""accuracy"": 0.004439511653718091, ""bin_hi"": 0.1, ""bin_lo"": 0.0, ""confidence"": 0.0011747570774052968, ""n_samples"": 1802}, {""accuracy"": 0.6923076923076923, ""bin_hi"": 0.2, ""bin_lo"": 0.1, ""confidence"": 0.1445668131934607, ""n_samples"": 13}, {""accuracy"": 0.6, ""bin_hi"": 0.30000000000000004, ""bin_lo"": 0.2, ""confidence"": 0.23677351105455022, ""n_samples"": 5}, {""accuracy"": 1.0, ""bin_hi"": 0.4, ""bin_lo"": 0.30000000000000004, ""confidence"": 0.35637383776921433, ""n_samples"": 8}, {""accuracy"": 1.0, ""bin_hi"": 0.5, ""bin_lo"": 0.4, ""confidence"": 0.4601149218354846, ""n_samples"": 5}, {""accuracy"": 1.0, ""bin_hi"": 0.6000000000000001, ""bin_lo"": 0.5, ""confidence"": 0.5565292005197027, ""n_samples"": 5}, {""accuracy"": 1.0, ""bin_hi"": 0.7000000000000001, ""bin_lo"": 0.6000000000000001, ""confidence"": 0.628180008701146, ""n_samples"": 6}, {""accuracy"": 1.0, ""bin_hi"": 0.8, ""bin_lo"": 0.7000000000000001, ""confidence"": 0.7496731752143265, ""n_samples"": 11}, {""accuracy"": 1.0, ""bin_hi"": 0.9, ""bin_lo"": 0.8, ""confidence"": 0.8587238148519818, ""n_samples"": 25}, {""accuracy"": 1.0, ""bin_hi"": 1.0, ""bin_lo"": 0.9, ""confidence"": 0.9785862583177273, ""n_samples"": 120}], ""ece"": 0.017985854478403486}",0.032000000000152795,success,
elkan_noto,scar-pi0.1-scalemid,104,"{""base_estimator"": null, ""calibration_method"": ""isotonic"", ""eps"": 1e-12, ""mode"": ""weighted_retraining"", ""n_cv_folds"": 3}",scar,0.1,0.5,0.5,True,0,,,0.7041391394707405,,,,,0.0845,False,-0.02323699658633202,0.8349514563106796,0.988108232320331,0.9973777777777777,0.9825,0.9051490514905149,0.9562467053241961,0.9840784962066835,0.9169444444444445,0.01407215208028261,0.018128169253875392,"{""buckets"": [{""accuracy"": 0.006155567991046447, ""bin_hi"": 0.1, ""bin_lo"": 0.0, ""confidence"": 0.0031803993201784658, ""n_samples"": 1787}, {""accuracy"": 0.20833333333333334, ""bin_hi"": 0.2, ""bin_lo"": 0.1, ""confidence"": 0.13039282603830957, ""n_samples"": 24}, {""accuracy"": 0.75, ""bin_hi"": 0.30000000000000004, ""bin_lo"": 0.2, ""confidence"": 0.25422550002862243, ""n_samples"": 8}, {""accuracy"": 1.0, ""bin_hi"": 0.4, ""bin_lo"": 0.30000000000000004, ""confidence"": 0.3541853976242919, ""n_samples"": 8}, {""accuracy"": 0.75, ""bin_hi"": 0.5, ""bin_lo"": 0.4, ""confidence"": 0.45353856677144133, ""n_samples"": 4}, {""accuracy"": 0.9333333333333333, ""bin_hi"": 0.6000000000000001, ""bin_lo"": 0.5, ""confidence"": 0.5559236597524791, ""n_samples"": 15}, {""accuracy"": 0.9333333333333333, ""bin_hi"": 0.7000000000000001, ""bin_lo"": 0.6000000000000001, ""confidence"": 0.6626045137516309, ""n_samples"": 15}, {""accuracy"": 1.0, ""bin_hi"": 0.8, ""bin_lo"": 0.7000000000000001, ""confidence"": 0.7579572983769264, ""n_samples"": 7}, {""accuracy"": 1.0, ""bin_hi"": 0.9, ""bin_lo"": 0.8, ""confidence"": 0.8570183470306186, ""n_samples"": 28}, {""accuracy"": 1.0, ""bin_hi"": 1.0, ""bin_lo"": 0.9, ""confidence"": 0.9679738579404262, ""n_samples"": 104}], ""ece"": 0.018128169253875392}",0.032000000000152795,success,
elkan_noto,scar-pi0.1-scalemid,105,"{""base_estimator"": null, ""calibration_method"": ""isotonic"", ""eps"": 1e-12, ""mode"": ""weighted_retraining"", ""n_cv_folds"": 3}",scar,0.1,0.5,0.5,True,0,,,0.6742475635541503,,,,,0.073,False,-0.018369774861654392,0.7931034482758621,1.0,0.9988527777777778,0.973,0.8439306358381503,0.9597490852064819,0.9908131805063732,0.865,0.01834531240226383,0.02674570418078728,"{""buckets"": [{""accuracy"": 0.007202216066481994, ""bin_hi"": 0.1, ""bin_lo"": 0.0, ""confidence"": 0.002797964481893394, ""n_samples"": 1805}, {""accuracy"": 0.5384615384615384, ""bin_hi"": 0.2, ""bin_lo"": 0.1, ""confidence"": 0.14337610280124327, ""n_samples"": 13}, {""accuracy"": 0.9166666666666666, ""bin_hi"": 0.30000000000000004, ""bin_lo"": 0.2, ""confidence"": 0.24825782756879122, ""n_samples"": 12}, {""accuracy"": 0.9230769230769231, ""bin_hi"": 0.4, ""bin_lo"": 0.30000000000000004, ""confidence"": 0.3555722340054008, ""n_samples"": 13}, {""accuracy"": 1.0, ""bin_hi"": 0.5, ""bin_lo"": 0.4, ""confidence"": 0.4633193852553555, ""n_samples"": 11}, {""accuracy"": 1.0, ""bin_hi"": 0.6000000000000001, ""bin_lo"": 0.5, ""confidence"": 0.5683038647249226, ""n_samples"": 7}, {""accuracy"": 1.0, ""bin_hi"": 0.7000000000000001, ""bin_lo"": 0.6000000000000001, ""confidence"": 0.6478897873511996, ""n_samples"": 13}, {""accuracy"": 1.0, ""bin_hi"": 0.8, ""bin_lo"": 0.7000000000000001, ""confidence"": 0.7439630498933489, ""n_samples"": 19}, {""accuracy"": 1.0, ""bin_hi"": 0.9, ""bin_lo"": 0.8, ""confidence"": 0.8665424274243343, ""n_samples"": 29}, {""accuracy"": 1.0, ""bin_hi"": 1.0, ""bin_lo"": 0.9, ""confidence"": 0.9644949688406115, ""n_samples"": 78}], ""ece"": 0.02674570418078728}",0.04699999999957072,success,
elkan_noto,scar-pi0.1-scalemid,106,"{""base_estimator"": null, ""calibration_method"": ""isotonic"", ""eps"": 1e-12, ""mode"": ""weighted_retraining"", ""n_cv_folds"": 3}",scar,0.1,0.5,0.5,True,0,,,0.7698787515637879,,,,,0.0895,False,-0.044432624113475185,0.9083333333333333,1.0,0.99885,0.9875,0.9340369393139841,0.9627659574468085,0.9903073034483713,0.9419444444444445,0.01233527875882296,0.012485411584247992,"{""buckets"": [{""accuracy"": 0.012094557449147883, ""bin_hi"": 0.1, ""bin_lo"": 0.0, ""confidence"": 0.00011434255094461249, ""n_samples"": 1819}, {""accuracy"": 0.0, ""bin_hi"": 0.2, ""bin_lo"": 0.1, ""confidence"": 0.0, ""n_samples"": 0}, {""accuracy"": 0.0, ""bin_hi"": 0.30000000000000004, ""bin_lo"": 0.2, ""confidence"": 0.0, ""n_samples"": 0}, {""accuracy"": 0.5, ""bin_hi"": 0.4, ""bin_lo"": 0.30000000000000004, ""confidence"": 0.3511120887431419, ""n_samples"": 2}, {""accuracy"": 0.0, ""bin_hi"": 0.5, ""bin_lo"": 0.4, ""confidence"": 0.0, ""n_samples"": 0}, {""accuracy"": 1.0, ""bin_hi"": 0.6000000000000001, ""bin_lo"": 0.5, ""confidence"": 0.5134684181211426, ""n_samples"": 1}, {""accuracy"": 1.0, ""bin_hi"": 0.7000000000000001, ""bin_lo"": 0.6000000000000001, ""confidence"": 0.632871867392126, ""n_samples"": 1}, {""accuracy"": 0.0, ""bin_hi"": 0.8, ""bin_lo"": 0.7000000000000001, ""confidence"": 0.0, ""n_samples"": 0}, {""accuracy"": 1.0, ""bin_hi"": 0.9, ""bin_lo"": 0.8, ""confidence"": 0.8401885213672546, ""n_samples"": 3}, {""accuracy"": 0.9885057471264368, ""bin_hi"": 1.0, ""bin_lo"": 0.9, ""confidence"": 0.9974019672170434, ""n_samples"": 174}], ""ece"": 0.012485411584247992}",0.04700000000048021,success,
elkan_noto,scar-pi0.1-scalemid,107,"{""base_estimator"": null, ""calibration_method"": ""isotonic"", ""eps"": 1e-12, ""mode"": ""weighted_retraining"", ""n_cv_folds"": 3}",scar,0.1,0.5,0.5,True,0,,,0.7190823365801728,,,,,0.0885,False,-0.03353589288916339,0.8867924528301887,1.0,0.9979027777777777,0.9855,0.9230769230769231,0.9561774023231256,0.9856293390927346,0.9341666666666666,0.013932563655794858,0.014740609497886949,"{""buckets"": [{""accuracy"": 0.013186813186813187, ""bin_hi"": 0.1, ""bin_lo"": 0.0, ""confidence"": 0.0001148087893152768, ""n_samples"": 1820}, {""accuracy"": 1.0, ""bin_hi"": 0.2, ""bin_lo"": 0.1, ""confidence"": 0.1186350453908569, ""n_samples"": 1}, {""accuracy"": 0.0, ""bin_hi"": 0.30000000000000004, ""bin_lo"": 0.2, ""confidence"": 0.21145036297014982, ""n_samples"": 1}, {""accuracy"": 0.0, ""bin_hi"": 0.4, ""bin_lo"": 0.30000000000000004, ""confidence"": 0.0, ""n_samples"": 0}, {""accuracy"": 1.0, ""bin_hi"": 0.5, ""bin_lo"": 0.4, ""confidence"": 0.49009752956823127, ""n_samples"": 1}, {""accuracy"": 0.0, ""bin_hi"": 0.6000000000000001, ""bin_lo"": 0.5, ""confidence"": 0.0, ""n_samples"": 0}, {""accuracy"": 1.0, ""bin_hi"": 0.7000000000000001, ""bin_lo"": 0.6000000000000001, ""confidence"": 0.6541524723333707, ""n_samples"": 2}, {""accuracy"": 1.0, ""bin_hi"": 0.8, ""bin_lo"": 0.7000000000000001, ""confidence"": 0.7702477907236476, ""n_samples"": 5}, {""accuracy"": 0.75, ""bin_hi"": 0.9, ""bin_lo"": 0.8, ""confidence"": 0.8519061624452626, ""n_samples"": 4}, {""accuracy"": 0.9879518072289156, ""bin_hi"": 1.0, ""bin_lo"": 0.9, ""confidence"": 0.9990323641736178, ""n_samples"": 166}], ""ece"": 0.014740609497886949}",0.06199999999989814,success,
elkan_noto,scar-pi0.1-scalemid,108,"{""base_estimator"": null, ""calibration_method"": ""isotonic"", ""eps"": 1e-12, ""mode"": ""weighted_retraining"", ""n_cv_folds"": 3}",scar,0.1,0.5,0.5,True,0,,,0.7013097447472924,,,,,0.0815,False,-0.02316930832078759,0.8387096774193549,1.0,0.9994527777777777,0.9815,0.8980716253443526,0.9554273728369166,0.9956621469645591,0.9075,0.018008319059422823,0.019445059327540617,"{""buckets"": [{""accuracy"": 0.01800327332242226, ""bin_hi"": 0.1, ""bin_lo"": 0.0, ""confidence"": 5.065208042655247e-05, ""n_samples"": 1833}, {""accuracy"": 1.0, ""bin_hi"": 0.2, ""bin_lo"": 0.1, ""confidence"": 0.17545348386276544, ""n_samples"": 2}, {""accuracy"": 1.0, ""bin_hi"": 0.30000000000000004, ""bin_lo"": 0.2, ""confidence"": 0.28058700686185917, ""n_samples"": 1}, {""accuracy"": 0.0, ""bin_hi"": 0.4, ""bin_lo"": 0.30000000000000004, ""confidence"": 0.0, ""n_samples"": 0}, {""accuracy"": 1.0, ""bin_hi"": 0.5, ""bin_lo"": 0.4, ""confidence"": 0.43569474183817986, ""n_samples"": 1}, {""accuracy"": 1.0, ""bin_hi"": 0.6000000000000001, ""bin_lo"": 0.5, ""confidence"": 0.5623004972190493, ""n_samples"": 4}, {""accuracy"": 0.0, ""bin_hi"": 0.7000000000000001, ""bin_lo"": 0.6000000000000001, ""confidence"": 0.0, ""n_samples"": 0}, {""accuracy"": 1.0, ""bin_hi"": 0.8, ""bin_lo"": 0.7000000000000001, ""confidence"": 0.7170347480671315, ""n_samples"": 2}, {""accuracy"": 1.0, ""bin_hi"": 0.9, ""bin_lo"": 0.8, ""confidence"": 0.861911702917657, ""n_samples"": 3}, {""accuracy"": 1.0, ""bin_hi"": 1.0, ""bin_lo"": 0.9, ""confidence"": 0.9979275374760254, ""n_samples"": 154}], ""ece"": 0.019445059327540617}",0.04699999999957072,success,
elkan_noto,scar-pi0.1-scalemid,109,"{""base_estimator"": null, ""calibration_method"": ""isotonic"", ""eps"": 1e-12, ""mode"": ""weighted_retraining"", ""n_cv_folds"": 3}",scar,0.1,0.5,0.5,True,0,,,0.7027709758579591,,,,,0.09,False,-0.03027040103480111,0.8785046728971962,0.976116303219107,0.9976,0.988,0.9368421052631579,0.9545694664553619,0.9851881337811729,0.9444444444444444,0.010783409012980989,0.011624076080409473,"{""buckets"": [{""accuracy"": 0.008301051466519093, ""bin_hi"": 0.1, ""bin_lo"": 0.0, ""confidence"": 0.0006553588337041004, ""n_samples"": 1807}, {""accuracy"": 0.5, ""bin_hi"": 0.2, ""bin_lo"": 0.1, ""confidence"": 0.11171545759896376, ""n_samples"": 2}, {""accuracy"": 0.5, ""bin_hi"": 0.30000000000000004, ""bin_lo"": 0.2, ""confidence"": 0.2650611712377703, ""n_samples"": 4}, {""accuracy"": 0.5, ""bin_hi"": 0.4, ""bin_lo"": 0.30000000000000004, ""confidence"": 0.33001032340925596, ""n_samples"": 4}, {""accuracy"": 0.6666666666666666, ""bin_hi"": 0.5, ""bin_lo"": 0.4, ""confidence"": 0.44328528974462506, ""n_samples"": 3}, {""accuracy"": 1.0, ""bin_hi"": 0.6000000000000001, ""bin_lo"": 0.5, ""confidence"": 0.5455415731887959, ""n_samples"": 6}, {""accuracy"": 0.6666666666666666, ""bin_hi"": 0.7000000000000001, ""bin_lo"": 0.6000000000000001, ""confidence"": 0.6462851465944911, ""n_samples"": 6}, {""accuracy"": 1.0, ""bin_hi"": 0.8, ""bin_lo"": 0.7000000000000001, ""confidence"": 0.7570134016355975, ""n_samples"": 6}, {""accuracy"": 1.0, ""bin_hi"": 0.9, ""bin_lo"": 0.8, ""confidence"": 0.866045352181016, ""n_samples"": 7}, {""accuracy"": 1.0, ""bin_hi"": 1.0, ""bin_lo"": 0.9, ""confidence"": 0.9927656998056608, ""n_samples"": 155}], ""ece"": 0.011624076080409473}",0.04700000000048021,success,
elkan_noto,scar-pi0.1-scalemid,110,"{""base_estimator"": null, ""calibration_method"": ""isotonic"", ""eps"": 1e-12, ""mode"": ""weighted_retraining"", ""n_cv_folds"": 3}",scar,0.1,0.5,0.5,True,0,,,0.6747842729866266,,,,,0.0735,False,-0.00938226652486615,0.7586206896551724,1.0,0.9960444444444445,0.9735,0.8472622478386167,0.9576581285938317,0.9807878189350814,0.8674999999999999,0.018999114797592243,0.026438025156139938,"{""buckets"": [{""accuracy"": 0.008319467554076539, ""bin_hi"": 0.1, ""bin_lo"": 0.0, ""confidence"": 0.002866268237730711, ""n_samples"": 1803}, {""accuracy"": 0.5, ""bin_hi"": 0.2, ""bin_lo"": 0.1, ""confidence"": 0.13571116541276182, ""n_samples"": 14}, {""accuracy"": 0.8, ""bin_hi"": 0.30000000000000004, ""bin_lo"": 0.2, ""confidence"": 0.24097677893565475, ""n_samples"": 15}, {""accuracy"": 0.9, ""bin_hi"": 0.4, ""bin_lo"": 0.30000000000000004, ""confidence"": 0.35913216285390115, ""n_samples"": 10}, {""accuracy"": 0.9090909090909091, ""bin_hi"": 0.5, ""bin_lo"": 0.4, ""confidence"": 0.4544788291431722, ""n_samples"": 11}, {""accuracy"": 1.0, ""bin_hi"": 0.6000000000000001, ""bin_lo"": 0.5, ""confidence"": 0.544150117588497, ""n_samples"": 5}, {""accuracy"": 1.0, ""bin_hi"": 0.7000000000000001, ""bin_lo"": 0.6000000000000001, ""confidence"": 0.6436988573379607, ""n_samples"": 18}, {""accuracy"": 1.0, ""bin_hi"": 0.8, ""bin_lo"": 0.7000000000000001, ""confidence"": 0.7556934025540076, ""n_samples"": 15}, {""accuracy"": 1.0, ""bin_hi"": 0.9, ""bin_lo"": 0.8, ""confidence"": 0.8449158299263957, ""n_samples"": 23}, {""accuracy"": 1.0, ""bin_hi"": 1.0, ""bin_lo"": 0.9, ""confidence"": 0.9625008855758286, ""n_samples"": 86}], ""ece"": 0.026438025156139938}",0.04699999999957072,success,
elkan_noto,scar-pi0.1-scalemid,111,"{""base_estimator"": null, ""calibration_method"": ""isotonic"", ""eps"": 1e-12, ""mode"": ""weighted_retraining"", ""n_cv_folds"": 3}",scar,0.1,0.5,0.5,True,0,,,0.7003273443878646,,,,,0.0865,False,-0.025196632742806882,0.8476190476190476,0.979906413432425,0.999375,0.9855,0.9222520107238605,0.9556728232189974,0.9946069646730773,0.9297222222222222,0.01113049487737875,0.01525452955155978,"{""buckets"": [{""accuracy"": 0.006094182825484765, ""bin_hi"": 0.1, ""bin_lo"": 0.0, ""confidence"": 0.0012612872558311035, ""n_samples"": 1805}, {""accuracy"": 0.75, ""bin_hi"": 0.2, ""bin_lo"": 0.1, ""confidence"": 0.1528696164365086, ""n_samples"": 8}, {""accuracy"": 1.0, ""bin_hi"": 0.30000000000000004, ""bin_lo"": 0.2, ""confidence"": 0.24400565687763034, ""n_samples"": 4}, {""accuracy"": 1.0, ""bin_hi"": 0.4, ""bin_lo"": 0.30000000000000004, ""confidence"": 0.36051276409652044, ""n_samples"": 1}, {""accuracy"": 0.6666666666666666, ""bin_hi"": 0.5, ""bin_lo"": 0.4, ""confidence"": 0.45372714794699376, ""n_samples"": 9}, {""accuracy"": 0.6666666666666666, ""bin_hi"": 0.6000000000000001, ""bin_lo"": 0.5, ""confidence"": 0.5425878458525685, ""n_samples"": 3}, {""accuracy"": 1.0, ""bin_hi"": 0.7000000000000001, ""bin_lo"": 0.6000000000000001, ""confidence"": 0.6525439364148361, ""n_samples"": 13}, {""accuracy"": 1.0, ""bin_hi"": 0.8, ""bin_lo"": 0.7000000000000001, ""confidence"": 0.7509886792099737, ""n_samples"": 7}, {""accuracy"": 1.0, ""bin_hi"": 0.9, ""bin_lo"": 0.8, ""confidence"": 0.8591226212109014, ""n_samples"": 13}, {""accuracy"": 1.0, ""bin_hi"": 1.0, ""bin_lo"": 0.9, ""confidence"": 0.9783571620753367, ""n_samples"": 137}], ""ece"": 0.01525452955155978}",0.04700000000048021,success,
elkan_noto,scar-pi0.1-scalemid,112,"{""base_estimator"": null, ""calibration_method"": ""isotonic"", ""eps"": 1e-12, ""mode"": ""weighted_retraining"", ""n_cv_folds"": 3}",scar,0.1,0.5,0.5,True,0,,,0.6835285894355435,,,,,0.0855,False,-0.018016256601963515,0.8217821782178217,0.9611487464535927,0.9988972222222222,0.9845,0.9164420485175202,0.9536598209583992,0.991704751536939,0.9247222222222222,0.011574375317621007,0.013938605261076074,"{""buckets"": [{""accuracy"": 0.004997223764575236, ""bin_hi"": 0.1, ""bin_lo"": 0.0, ""confidence"": 0.0006704234053281387, ""n_samples"": 1801}, {""accuracy"": 0.6923076923076923, ""bin_hi"": 0.2, ""bin_lo"": 0.1, ""confidence"": 0.1415558573641652, ""n_samples"": 13}, {""accuracy"": 0.6666666666666666, ""bin_hi"": 0.30000000000000004, ""bin_lo"": 0.2, ""confidence"": 0.2655606175379562, ""n_samples"": 3}, {""accuracy"": 0.8, ""bin_hi"": 0.4, ""bin_lo"": 0.30000000000000004, ""confidence"": 0.34976766687508637, ""n_samples"": 10}, {""accuracy"": 1.0, ""bin_hi"": 0.5, ""bin_lo"": 0.4, ""confidence"": 0.43354042628191813, ""n_samples"": 2}, {""accuracy"": 1.0, ""bin_hi"": 0.6000000000000001, ""bin_lo"": 0.5, ""confidence"": 0.5563966868241916, ""n_samples"": 4}, {""accuracy"": 1.0, ""bin_hi"": 0.7000000000000001, ""bin_lo"": 0.6000000000000001, ""confidence"": 0.6336419876434535, ""n_samples"": 5}, {""accuracy"": 0.8333333333333334, ""bin_hi"": 0.8, ""bin_lo"": 0.7000000000000001, ""confidence"": 0.7647860201090761, ""n_samples"": 6}, {""accuracy"": 1.0, ""bin_hi"": 0.9, ""bin_lo"": 0.8, ""confidence"": 0.8615212842764782, ""n_samples"": 6}, {""accuracy"": 1.0, ""bin_hi"": 1.0, ""bin_lo"": 0.9, ""confidence"": 0.9917470059557453, ""n_samples"": 150}], ""ece"": 0.013938605261076074}",0.04699999999957072,success,
elkan_noto,scar-pi0.1-scalemid,113,"{""base_estimator"": null, ""calibration_method"": ""isotonic"", ""eps"": 1e-12, ""mode"": ""weighted_retraining"", ""n_cv_folds"": 3}",scar,0.1,0.5,0.5,True,0,,,0.6930885894271234,,,,,0.091,False,-0.028728549421416547,0.883495145631068,0.9708737864077671,0.9968874999999999,0.984,0.9162303664921466,0.9520295202952029,0.9741804207075013,0.9355555555555555,0.014577054637464447,0.015218390402786077,"{""buckets"": [{""accuracy"": 0.011037527593818985, ""bin_hi"": 0.1, ""bin_lo"": 0.0, ""confidence"": 9.937850069315052e-05, ""n_samples"": 1812}, {""accuracy"": 1.0, ""bin_hi"": 0.2, ""bin_lo"": 0.1, ""confidence"": 0.146569752923967, ""n_samples"": 2}, {""accuracy"": 1.0, ""bin_hi"": 0.30000000000000004, ""bin_lo"": 0.2, ""confidence"": 0.2259189534626759, ""n_samples"": 1}, {""accuracy"": 0.5, ""bin_hi"": 0.4, ""bin_lo"": 0.30000000000000004, ""confidence"": 0.32382525358636605, ""n_samples"": 2}, {""accuracy"": 1.0, ""bin_hi"": 0.5, ""bin_lo"": 0.4, ""confidence"": 0.4879080831842387, ""n_samples"": 1}, {""accuracy"": 1.0, ""bin_hi"": 0.6000000000000001, ""bin_lo"": 0.5, ""confidence"": 0.5277229124420734, ""n_samples"": 1}, {""accuracy"": 0.0, ""bin_hi"": 0.7000000000000001, ""bin_lo"": 0.6000000000000001, ""confidence"": 0.6919048814813393, ""n_samples"": 1}, {""accuracy"": 0.0, ""bin_hi"": 0.8, ""bin_lo"": 0.7000000000000001, ""confidence"": 0.0, ""n_samples"": 0}, {""accuracy"": 1.0, ""bin_hi"": 0.9, ""bin_lo"": 0.8, ""confidence"": 0.8506085854848591, ""n_samples"": 2}, {""accuracy"": 0.9662921348314607, ""bin_hi"": 1.0, ""bin_lo"": 0.9, ""confidence"": 0.99892419606981, ""n_samples"": 178}], ""ece"": 0.015218390402786077}",0.04699999999957072,success,
elkan_noto,scar-pi0.1-scalemid,114,"{""base_estimator"": null, ""calibration_method"": ""isotonic"", ""eps"": 1e-12, ""mode"": ""weighted_retraining"", ""n_cv_folds"": 3}",scar,0.1,0.5,0.5,True,0,,,0.7455009419219257,,,,,0.0935,False,-0.038180118105768664,0.905982905982906,0.9689656748480279,0.9986361111111112,0.9905,0.9509043927648578,0.9569835369091875,0.9859066443003379,0.9591666666666667,0.009098210454901985,0.009485998746100437,"{""buckets"": [{""accuracy"": 0.007730535615681944, ""bin_hi"": 0.1, ""bin_lo"": 0.0, ""confidence"": 0.00010258910727849181, ""n_samples"": 1811}, {""accuracy"": 0.0, ""bin_hi"": 0.2, ""bin_lo"": 0.1, ""confidence"": 0.0, ""n_samples"": 0}, {""accuracy"": 1.0, ""bin_hi"": 0.30000000000000004, ""bin_lo"": 0.2, ""confidence"": 0.24797669544651912, ""n_samples"": 2}, {""accuracy"": 0.0, ""bin_hi"": 0.4, ""bin_lo"": 0.30000000000000004, ""confidence"": 0.0, ""n_samples"": 0}, {""accuracy"": 0.0, ""bin_hi"": 0.5, ""bin_lo"": 0.4, ""confidence"": 0.0, ""n_samples"": 0}, {""accuracy"": 1.0, ""bin_hi"": 0.6000000000000001, ""bin_lo"": 0.5, ""confidence"": 0.5504178081893009, ""n_samples"": 1}, {""accuracy"": 0.0, ""bin_hi"": 0.7000000000000001, ""bin_lo"": 0.6000000000000001, ""confidence"": 0.0, ""n_samples"": 0}, {""accuracy"": 0.0, ""bin_hi"": 0.8, ""bin_lo"": 0.7000000000000001, ""confidence"": 0.0, ""n_samples"": 0}, {""accuracy"": 1.0, ""bin_hi"": 0.9, ""bin_lo"": 0.8, ""confidence"": 0.8379719379263354, ""n_samples"": 2}, {""accuracy"": 0.9836956521739131, ""bin_hi"": 1.0, ""bin_lo"": 0.9, ""confidence"": 0.999348377393572, ""n_samples"": 184}], ""ece"": 0.009485998746100437}",0.04700000000048021,success,
elkan_noto,scar-pi0.1-scalemid,115,"{""base_estimator"": null, ""calibration_method"": ""isotonic"", ""eps"": 1e-12, ""mode"": ""weighted_retraining"", ""n_cv_folds"": 3}",scar,0.1,0.5,0.5,True,0,,,0.7116630944196198,,,,,0.091,False,-0.04120098148120721,0.9252336448598131,1.0,0.9985527777777777,0.988,0.93717277486911,0.9561542525092446,0.9889064023240711,0.9466666666666667,0.01113715396902403,0.011135708271399874,"{""buckets"": [{""accuracy"": 0.009922822491730982, ""bin_hi"": 0.1, ""bin_lo"": 0.0, ""confidence"": 5.0909741592033763e-05, ""n_samples"": 1814}, {""accuracy"": 0.5, ""bin_hi"": 0.2, ""bin_lo"": 0.1, ""confidence"": 0.13107581771761329, ""n_samples"": 2}, {""accuracy"": 1.0, ""bin_hi"": 0.30000000000000004, ""bin_lo"": 0.2, ""confidence"": 0.20979517920280724, ""n_samples"": 1}, {""accuracy"": 0.0, ""bin_hi"": 0.4, ""bin_lo"": 0.30000000000000004, ""confidence"": 0.0, ""n_samples"": 0}, {""accuracy"": 1.0, ""bin_hi"": 0.5, ""bin_lo"": 0.4, ""confidence"": 0.48613806265179527, ""n_samples"": 1}, {""accuracy"": 0.6666666666666666, ""bin_hi"": 0.6000000000000001, ""bin_lo"": 0.5, ""confidence"": 0.5315389990108138, ""n_samples"": 3}, {""accuracy"": 0.0, ""bin_hi"": 0.7000000000000001, ""bin_lo"": 0.6000000000000001, ""confidence"": 0.0, ""n_samples"": 0}, {""accuracy"": 0.0, ""bin_hi"": 0.8, ""bin_lo"": 0.7000000000000001, ""confidence"": 0.0, ""n_samples"": 0}, {""accuracy"": 1.0, ""bin_hi"": 0.9, ""bin_lo"": 0.8, ""confidence"": 0.8762679530604933, ""n_samples"": 1}, {""accuracy"": 0.9887640449438202, ""bin_hi"": 1.0, ""bin_lo"": 0.9, ""confidence"": 0.9988355991091599, ""n_samples"": 178}], ""ece"": 0.011135708271399874}",0.04699999999957072,success,
elkan_noto,scar-pi0.1-scalemid,116,"{""base_estimator"": null, ""calibration_method"": ""isotonic"", ""eps"": 1e-12, ""mode"": ""weighted_retraining"", ""n_cv_folds"": 3}",scar,0.1,0.5,0.5,True,0,,,0.7136721341351983,,,,,0.0805,False,-0.021553249485916498,0.8181818181818182,1.0,0.998361111111111,0.9805,0.8919667590027701,0.9579168858495528,0.9874214547175897,0.9025000000000001,0.015972353994816713,0.022190867833189413,"{""buckets"": [{""accuracy"": 0.006659267480577136, ""bin_hi"": 0.1, ""bin_lo"": 0.0, ""confidence"": 0.0014186599951457903, ""n_samples"": 1802}, {""accuracy"": 0.625, ""bin_hi"": 0.2, ""bin_lo"": 0.1, ""confidence"": 0.1564644328581933, ""n_samples"": 16}, {""accuracy"": 0.7777777777777778, ""bin_hi"": 0.30000000000000004, ""bin_lo"": 0.2, ""confidence"": 0.23034825488247865, ""n_samples"": 9}, {""accuracy"": 0.8333333333333334, ""bin_hi"": 0.4, ""bin_lo"": 0.30000000000000004, ""confidence"": 0.32874157125116477, ""n_samples"": 6}, {""accuracy"": 0.8333333333333334, ""bin_hi"": 0.5, ""bin_lo"": 0.4, ""confidence"": 0.45290726024862393, ""n_samples"": 6}, {""accuracy"": 1.0, ""bin_hi"": 0.6000000000000001, ""bin_lo"": 0.5, ""confidence"": 0.5463857118001323, ""n_samples"": 14}, {""accuracy"": 1.0, ""bin_hi"": 0.7000000000000001, ""bin_lo"": 0.6000000000000001, ""confidence"": 0.6712792054051094, ""n_samples"": 6}, {""accuracy"": 1.0, ""bin_hi"": 0.8, ""bin_lo"": 0.7000000000000001, ""confidence"": 0.7473191554493959, ""n_samples"": 13}, {""accuracy"": 1.0, ""bin_hi"": 0.9, ""bin_lo"": 0.8, ""confidence"": 0.8473045943971622, ""n_samples"": 20}, {""accuracy"": 1.0, ""bin_hi"": 1.0, ""bin_lo"": 0.9, ""confidence"": 0.9764543028451705, ""n_samples"": 108}], ""ece"": 0.022190867833189413}",0.03099999999994907,success,
elkan_noto,scar-pi0.1-scalemid,117,"{""base_estimator"": null, ""calibration_method"": ""isotonic"", ""eps"": 1e-12, ""mode"": ""weighted_retraining"", ""n_cv_folds"": 3}",scar,0.1,0.5,0.5,True,0,,,0.712503990686626,,,,,0.0725,False,-0.015267808289678275,0.7628865979381443,1.0,0.9976361111111112,0.9715,0.8347826086956521,0.9626904887020494,0.9830372488192397,0.8597222222222223,0.018735333904740536,0.025945004872013858,"{""buckets"": [{""accuracy"": 0.005025125628140704, ""bin_hi"": 0.1, ""bin_lo"": 0.0, ""confidence"": 0.0031221911520567846, ""n_samples"": 1791}, {""accuracy"": 0.3333333333333333, ""bin_hi"": 0.2, ""bin_lo"": 0.1, ""confidence"": 0.14218257972048867, ""n_samples"": 18}, {""accuracy"": 1.0, ""bin_hi"": 0.30000000000000004, ""bin_lo"": 0.2, ""confidence"": 0.25303652969762797, ""n_samples"": 13}, {""accuracy"": 0.8636363636363636, ""bin_hi"": 0.4, ""bin_lo"": 0.30000000000000004, ""confidence"": 0.34976724233270523, ""n_samples"": 22}, {""accuracy"": 0.8181818181818182, ""bin_hi"": 0.5, ""bin_lo"": 0.4, ""confidence"": 0.44859723588416006, ""n_samples"": 11}, {""accuracy"": 0.9, ""bin_hi"": 0.6000000000000001, ""bin_lo"": 0.5, ""confidence"": 0.5648121847243602, ""n_samples"": 10}, {""accuracy"": 1.0, ""bin_hi"": 0.7000000000000001, ""bin_lo"": 0.6000000000000001, ""confidence"": 0.6501675413457172, ""n_samples"": 17}, {""accuracy"": 1.0, ""bin_hi"": 0.8, ""bin_lo"": 0.7000000000000001, ""confidence"": 0.7427906834800646, ""n_samples"": 15}, {""accuracy"": 1.0, ""bin_hi"": 0.9, ""bin_lo"": 0.8, ""confidence"": 0.8554807432707878, ""n_samples"": 30}, {""accuracy"": 1.0, ""bin_hi"": 1.0, ""bin_lo"": 0.9, ""confidence"": 0.9662011377412321, ""n_samples"": 73}], ""ece"": 0.025945004872013858}",0.046000000000276486,success,
elkan_noto,scar-pi0.1-scalemid,118,"{""base_estimator"": null, ""calibration_method"": ""isotonic"", ""eps"": 1e-12, ""mode"": ""weighted_retraining"", ""n_cv_folds"": 3}",scar,0.1,0.5,0.5,True,0,,,0.7448475886805908,,,,,0.079,False,-0.03397341740407696,0.8543689320388349,1.0,0.9991666666666666,0.979,0.88268156424581,0.9630996309963099,0.9930565525982926,0.895,0.016056252513383926,0.024188070084174337,"{""buckets"": [{""accuracy"": 0.004451864218141347, ""bin_hi"": 0.1, ""bin_lo"": 0.0, ""confidence"": 0.0023059477043012727, ""n_samples"": 1797}, {""accuracy"": 0.5555555555555556, ""bin_hi"": 0.2, ""bin_lo"": 0.1, ""confidence"": 0.15111590874184383, ""n_samples"": 18}, {""accuracy"": 0.8, ""bin_hi"": 0.30000000000000004, ""bin_lo"": 0.2, ""confidence"": 0.2538398095512915, ""n_samples"": 10}, {""accuracy"": 0.8888888888888888, ""bin_hi"": 0.4, ""bin_lo"": 0.30000000000000004, ""confidence"": 0.3373624256669176, ""n_samples"": 9}, {""accuracy"": 1.0, ""bin_hi"": 0.5, ""bin_lo"": 0.4, ""confidence"": 0.4367361464398893, ""n_samples"": 8}, {""accuracy"": 1.0, ""bin_hi"": 0.6000000000000001, ""bin_lo"": 0.5, ""confidence"": 0.5394339228968388, ""n_samples"": 16}, {""accuracy"": 1.0, ""bin_hi"": 0.7000000000000001, ""bin_lo"": 0.6000000000000001, ""confidence"": 0.6503072058961707, ""n_samples"": 14}, {""accuracy"": 1.0, ""bin_hi"": 0.8, ""bin_lo"": 0.7000000000000001, ""confidence"": 0.7564404591499088, ""n_samples"": 14}, {""accuracy"": 1.0, ""bin_hi"": 0.9, ""bin_lo"": 0.8, ""confidence"": 0.8502108526364675, ""n_samples"": 24}, {""accuracy"": 1.0, ""bin_hi"": 1.0, ""bin_lo"": 0.9, ""confidence"": 0.9662329534596079, ""n_samples"": 90}], ""ece"": 0.024188070084174337}",0.04699999999957072,success,
elkan_noto,scar-pi0.1-scalemid,119,"{""base_estimator"": null, ""calibration_method"": ""isotonic"", ""eps"": 1e-12, ""mode"": ""weighted_retraining"", ""n_cv_folds"": 3}",scar,0.1,0.5,0.5,True,0,,,0.6948910822110224,,,,,0.0805,False,-0.02327117005111204,0.8315789473684211,1.0,0.9982388888888889,0.9795,0.8864265927977839,0.9569553805774278,0.9871704042389828,0.8997222222222223,0.016854793106580106,0.01958201592324129,"{""buckets"": [{""accuracy"": 0.012094557449147883, ""bin_hi"": 0.1, ""bin_lo"": 0.0, ""confidence"": 0.0003970396802413115, ""n_samples"": 1819}, {""accuracy"": 0.9090909090909091, ""bin_hi"": 0.2, ""bin_lo"": 0.1, ""confidence"": 0.15266539831415835, ""n_samples"": 11}, {""accuracy"": 1.0, ""bin_hi"": 0.30000000000000004, ""bin_lo"": 0.2, ""confidence"": 0.22034176954862017, ""n_samples"": 2}, {""accuracy"": 1.0, ""bin_hi"": 0.4, ""bin_lo"": 0.30000000000000004, ""confidence"": 0.3268144855979615, ""n_samples"": 3}, {""accuracy"": 0.75, ""bin_hi"": 0.5, ""bin_lo"": 0.4, ""confidence"": 0.44428325926952544, ""n_samples"": 4}, {""accuracy"": 0.75, ""bin_hi"": 0.6000000000000001, ""bin_lo"": 0.5, ""confidence"": 0.5414948978021111, ""n_samples"": 4}, {""accuracy"": 1.0, ""bin_hi"": 0.7000000000000001, ""bin_lo"": 0.6000000000000001, ""confidence"": 0.6456726323463232, ""n_samples"": 4}, {""accuracy"": 1.0, ""bin_hi"": 0.8, ""bin_lo"": 0.7000000000000001, ""confidence"": 0.7084933078402582, ""n_samples"": 1}, {""accuracy"": 1.0, ""bin_hi"": 0.9, ""bin_lo"": 0.8, ""confidence"": 0.8650779942837177, ""n_samples"": 9}, {""accuracy"": 1.0, ""bin_hi"": 1.0, ""bin_lo"": 0.9, ""confidence"": 0.9929601970891332, ""n_samples"": 143}], ""ece"": 0.01958201592324129}",0.04700000000048021,success,
elkan_noto,scar-pi0.3-scalesmall,100,"{""base_estimator"": null, ""calibration_method"": ""isotonic"", ""eps"": 1e-12, ""mode"": ""weighted_retraining"", ""n_cv_folds"": 3}",scar,0.3,0.5,0.5,True,0,,,0.5689302920849455,,,,,0.2925,False,-0.08767896753377696,0.9482758620689655,0.9725906277630416,0.9996130952380952,0.9875,0.9789029535864979,0.8187134502923976,0.9991128590468423,0.9815476190476191,0.01056958007136251,0.012457844644518,"{""buckets"": [{""accuracy"": 0.010676156583629894, ""bin_hi"": 0.1, ""bin_lo"": 0.0, ""confidence"": 0.0007269902739483596, ""n_samples"": 281}, {""accuracy"": 0.0, ""bin_hi"": 0.2, ""bin_lo"": 0.1, ""confidence"": 0.0, ""n_samples"": 0}, {""accuracy"": 0.0, ""bin_hi"": 0.30000000000000004, ""bin_lo"": 0.2, ""confidence"": 0.0, ""n_samples"": 0}, {""accuracy"": 0.0, ""bin_hi"": 0.4, ""bin_lo"": 0.30000000000000004, ""confidence"": 0.3148167113717888, ""n_samples"": 1}, {""accuracy"": 1.0, ""bin_hi"": 0.5, ""bin_lo"": 0.4, ""confidence"": 0.4253772177454094, ""n_samples"": 1}, {""accuracy"": 1.0, ""bin_hi"": 0.6000000000000001, ""bin_lo"": 0.5, ""confidence"": 0.535944438868266, ""n_samples"": 1}, {""accuracy"": 0.0, ""bin_hi"": 0.7000000000000001, ""bin_lo"": 0.6000000000000001, ""confidence"": 0.0, ""n_samples"": 0}, {""accuracy"": 0.0, ""bin_hi"": 0.8, ""bin_lo"": 0.7000000000000001, ""confidence"": 0.0, ""n_samples"": 0}, {""accuracy"": 0.0, ""bin_hi"": 0.9, ""bin_lo"": 0.8, ""confidence"": 0.0, ""n_samples"": 0}, {""accuracy"": 0.9913793103448276, ""bin_hi"": 1.0, ""bin_lo"": 0.9, ""confidence"": 0.9985683368105912, ""n_samples"": 116}], ""ece"": 0.012457844644518}",0.03099999999994907,success,
elkan_noto,scar-pi0.3-scalesmall,101,"{""base_estimator"": null, ""calibration_method"": ""isotonic"", ""eps"": 1e-12, ""mode"": ""weighted_retraining"", ""n_cv_folds"": 3}",scar,0.3,0.5,0.5,True,0,,,0.6031901340105681,,,,,0.28,False,-0.1211764705882353,0.9666666666666667,1.0,0.9944345238095238,0.965,0.9396551724137931,0.8411764705882353,0.9890797135528804,0.9488095238095238,0.02974256085425269,0.034022414580413225,"{""buckets"": [{""accuracy"": 0.024734982332155476, ""bin_hi"": 0.1, ""bin_lo"": 0.0, ""confidence"": 0.0003434255753352656, ""n_samples"": 283}, {""accuracy"": 1.0, ""bin_hi"": 0.2, ""bin_lo"": 0.1, ""confidence"": 0.15047871023640683, ""n_samples"": 2}, {""accuracy"": 0.0, ""bin_hi"": 0.30000000000000004, ""bin_lo"": 0.2, ""confidence"": 0.0, ""n_samples"": 0}, {""accuracy"": 0.0, ""bin_hi"": 0.4, ""bin_lo"": 0.30000000000000004, ""confidence"": 0.38830230889861284, ""n_samples"": 1}, {""accuracy"": 1.0, ""bin_hi"": 0.5, ""bin_lo"": 0.4, ""confidence"": 0.44133265708696584, ""n_samples"": 2}, {""accuracy"": 1.0, ""bin_hi"": 0.6000000000000001, ""bin_lo"": 0.5, ""confidence"": 0.5629988098153885, ""n_samples"": 1}, {""accuracy"": 0.0, ""bin_hi"": 0.7000000000000001, ""bin_lo"": 0.6000000000000001, ""confidence"": 0.6744864800085544, ""n_samples"": 1}, {""accuracy"": 1.0, ""bin_hi"": 0.8, ""bin_lo"": 0.7000000000000001, ""confidence"": 0.7131503587235308, ""n_samples"": 1}, {""accuracy"": 1.0, ""bin_hi"": 0.9, ""bin_lo"": 0.8, ""confidence"": 0.8644669163185702, ""n_samples"": 1}, {""accuracy"": 0.9814814814814815, ""bin_hi"": 1.0, ""bin_lo"": 0.9, ""confidence"": 0.9997000490794652, ""n_samples"": 108}], ""ece"": 0.034022414580413225}",0.04700000000048021,success,
elkan_noto,scar-pi0.3-scalesmall,102,"{""base_estimator"": null, ""calibration_method"": ""isotonic"", ""eps"": 1e-12, ""mode"": ""weighted_retraining"", ""n_cv_folds"": 3}",scar,0.3,0.5,0.5,True,0,,,0.5671401568918776,,,,,0.2525,False,-0.042397891963109335,0.8363636363636363,0.9936993699369935,0.9892261904761905,0.9425,0.8959276018099548,0.8405797101449275,0.9802333077402458,0.9089285714285714,0.04214891270018631,0.04333074289761493,"{""buckets"": [{""accuracy"": 0.021897810218978103, ""bin_hi"": 0.1, ""bin_lo"": 0.0, ""confidence"": 0.005791864561636466, ""n_samples"": 274}, {""accuracy"": 0.5, ""bin_hi"": 0.2, ""bin_lo"": 0.1, ""confidence"": 0.1503146494186592, ""n_samples"": 12}, {""accuracy"": 0.5, ""bin_hi"": 0.30000000000000004, ""bin_lo"": 0.2, ""confidence"": 0.2638090059564162, ""n_samples"": 2}, {""accuracy"": 0.6666666666666666, ""bin_hi"": 0.4, ""bin_lo"": 0.30000000000000004, ""confidence"": 0.35113440897926745, ""n_samples"": 6}, {""accuracy"": 0.8, ""bin_hi"": 0.5, ""bin_lo"": 0.4, ""confidence"": 0.4473434570792822, ""n_samples"": 5}, {""accuracy"": 1.0, ""bin_hi"": 0.6000000000000001, ""bin_lo"": 0.5, ""confidence"": 0.5543009467087221, ""n_samples"": 4}, {""accuracy"": 1.0, ""bin_hi"": 0.7000000000000001, ""bin_lo"": 0.6000000000000001, ""confidence"": 0.6697329030146034, ""n_samples"": 3}, {""accuracy"": 0.8333333333333334, ""bin_hi"": 0.8, ""bin_lo"": 0.7000000000000001, ""confidence"": 0.7641977651819268, ""n_samples"": 6}, {""accuracy"": 0.875, ""bin_hi"": 0.9, ""bin_lo"": 0.8, ""confidence"": 0.8565636928513609, ""n_samples"": 8}, {""accuracy"": 1.0, ""bin_hi"": 1.0, ""bin_lo"": 0.9, ""confidence"": 0.9842714472134466, ""n_samples"": 80}], ""ece"": 0.04333074289761493}",0.04699999999957072,success,
elkan_noto,scar-pi0.3-scalesmall,103,"{""base_estimator"": null, ""calibration_method"": ""isotonic"", ""eps"": 1e-12, ""mode"": ""weighted_retraining"", ""n_cv_folds"": 3}",scar,0.3,0.5,0.5,True,0,,,0.6260060706583053,,,,,0.33,False,-0.10966767371601208,1.0,0.9090909090909091,0.9903720238095238,0.97,0.9523809523809523,0.8096676737160121,0.9576892125856206,0.9785714285714286,0.0271298738863674,0.02712627154019672,"{""buckets"": [{""accuracy"": 0.0, ""bin_hi"": 0.1, ""bin_lo"": 0.0, ""confidence"": 4.349130063286904e-07, ""n_samples"": 268}, {""accuracy"": 0.0, ""bin_hi"": 0.2, ""bin_lo"": 0.1, ""confidence"": 0.0, ""n_samples"": 0}, {""accuracy"": 0.0, ""bin_hi"": 0.30000000000000004, ""bin_lo"": 0.2, ""confidence"": 0.0, ""n_samples"": 0}, {""accuracy"": 0.0, ""bin_hi"": 0.4, ""bin_lo"": 0.30000000000000004, ""confidence"": 0.0, ""n_samples"": 0}, {""accuracy"": 0.0, ""bin_hi"": 0.5, ""bin_lo"": 0.4, ""confidence"": 0.0, ""n_samples"": 0}, {""accuracy"": 0.0, ""bin_hi"": 0.6000000000000001, ""bin_lo"": 0.5, ""confidence"": 0.5173603210528818, ""n_samples"": 1}, {""accuracy"": 0.5, ""bin_hi"": 0.7000000000000001, ""bin_lo"": 0.6000000000000001, ""confidence"": 0.6735997368160265, ""n_samples"": 2}, {""accuracy"": 0.0, ""bin_hi"": 0.8, ""bin_lo"": 0.7000000000000001, ""confidence"": 0.0, ""n_samples"": 0}, {""accuracy"": 0.0, ""bin_hi"": 0.9, ""bin_lo"": 0.8, ""confidence"": 0.0, ""n_samples"": 0}, {""accuracy"": 0.9224806201550387, ""bin_hi"": 1.0, ""bin_lo"": 0.9, ""confidence"": 0.9998901725946361, ""n_samples"": 129}], ""ece"": 0.02712627154019672}",0.03099999999994907,success,
elkan_noto,scar-pi0.3-scalesmall,104,"{""base_estimator"": null, ""calibration_method"": ""isotonic"", ""eps"": 1e-12, ""mode"": ""weighted_retraining"", ""n_cv_folds"": 3}",scar,0.3,0.5,0.5,True,0,,,0.6320246559586655,,,,,0.295,False,-0.11735935706084957,0.9692307692307692,0.985658409387223,0.9980357142857142,0.97,0.9495798319327731,0.835820895522388,0.9956605232514109,0.9619047619047618,0.02714698401841117,0.028697858500717547,"{""buckets"": [{""accuracy"": 0.017857142857142856, ""bin_hi"": 0.1, ""bin_lo"": 0.0, ""confidence"": 0.000525012018084559, ""n_samples"": 280}, {""accuracy"": 1.0, ""bin_hi"": 0.2, ""bin_lo"": 0.1, ""confidence"": 0.13957903426430054, ""n_samples"": 2}, {""accuracy"": 0.0, ""bin_hi"": 0.30000000000000004, ""bin_lo"": 0.2, ""confidence"": 0.0, ""n_samples"": 0}, {""accuracy"": 0.0, ""bin_hi"": 0.4, ""bin_lo"": 0.30000000000000004, ""confidence"": 0.0, ""n_samples"": 0}, {""accuracy"": 0.0, ""bin_hi"": 0.5, ""bin_lo"": 0.4, ""confidence"": 0.0, ""n_samples"": 0}, {""accuracy"": 0.0, ""bin_hi"": 0.6000000000000001, ""bin_lo"": 0.5, ""confidence"": 0.0, ""n_samples"": 0}, {""accuracy"": 0.0, ""bin_hi"": 0.7000000000000001, ""bin_lo"": 0.6000000000000001, ""confidence"": 0.0, ""n_samples"": 0}, {""accuracy"": 1.0, ""bin_hi"": 0.8, ""bin_lo"": 0.7000000000000001, ""confidence"": 0.7789151932745262, ""n_samples"": 1}, {""accuracy"": 0.0, ""bin_hi"": 0.9, ""bin_lo"": 0.8, ""confidence"": 0.8554349875333015, ""n_samples"": 1}, {""accuracy"": 0.9655172413793104, ""bin_hi"": 1.0, ""bin_lo"": 0.9, ""confidence"": 0.9985240089622459, ""n_samples"": 116}], ""ece"": 0.028697858500717547}",0.04699999999957072,success,
elkan_noto,scar-pi0.3-scalesmall,105,"{""base_estimator"": null, ""calibration_method"": ""isotonic"", ""eps"": 1e-12, ""mode"": ""weighted_retraining"", ""n_cv_folds"": 3}",scar,0.3,0.5,0.5,True,0,,,0.5419522701109828,,,,,0.305,False,-0.09176470588235294,0.9666666666666667,0.9508196721311475,0.9969047619047618,0.97,0.9504132231404959,0.8117647058823529,0.9935193455550579,0.9666666666666667,0.021625220190251752,0.022429677976958273,"{""buckets"": [{""accuracy"": 0.007380073800738007, ""bin_hi"": 0.1, ""bin_lo"": 0.0, ""confidence"": 0.001445798544845156, ""n_samples"": 271}, {""accuracy"": 0.25, ""bin_hi"": 0.2, ""bin_lo"": 0.1, ""confidence"": 0.12418983187299315, ""n_samples"": 4}, {""accuracy"": 0.0, ""bin_hi"": 0.30000000000000004, ""bin_lo"": 0.2, ""confidence"": 0.0, ""n_samples"": 0}, {""accuracy"": 0.5, ""bin_hi"": 0.4, ""bin_lo"": 0.30000000000000004, ""confidence"": 0.3283809822870168, ""n_samples"": 2}, {""accuracy"": 1.0, ""bin_hi"": 0.5, ""bin_lo"": 0.4, ""confidence"": 0.4056029758375375, ""n_samples"": 1}, {""accuracy"": 0.0, ""bin_hi"": 0.6000000000000001, ""bin_lo"": 0.5, ""confidence"": 0.5659624910395208, ""n_samples"": 1}, {""accuracy"": 0.0, ""bin_hi"": 0.7000000000000001, ""bin_lo"": 0.6000000000000001, ""confidence"": 0.6123439041952538, ""n_samples"": 2}, {""accuracy"": 1.0, ""bin_hi"": 0.8, ""bin_lo"": 0.7000000000000001, ""confidence"": 0.742812151763576, ""n_samples"": 1}, {""accuracy"": 0.0, ""bin_hi"": 0.9, ""bin_lo"": 0.8, ""confidence"": 0.0, ""n_samples"": 0}, {""accuracy"": 0.9661016949152542, ""bin_hi"": 1.0, ""bin_lo"": 0.9, ""confidence"": 0.9989404128531647, ""n_samples"": 118}], ""ece"": 0.022429677976958273}",0.046000000000276486,success,
elkan_noto,scar-pi0.3-scalesmall,106,"{""base_estimator"": null, ""calibration_method"": ""isotonic"", ""eps"": 1e-12, ""mode"": ""weighted_retraining"", ""n_cv_folds"": 3}",scar,0.3,0.5,0.5,True,0,,,0.6221610904376066,,,,,0.2725,False,-0.08513075014315707,0.9032258064516129,0.9943770346256287,0.9980059523809524,0.9725,0.9519650655021834,0.8431952662721893,0.9958705124192309,0.9541666666666666,0.02486337979832972,0.043939514219549426,"{""buckets"": [{""accuracy"": 0.007407407407407408, ""bin_hi"": 0.1, ""bin_lo"": 0.0, ""confidence"": 0.005658641922957028, ""n_samples"": 270}, {""accuracy"": 0.25, ""bin_hi"": 0.2, ""bin_lo"": 0.1, ""confidence"": 0.16076936058136113, ""n_samples"": 12}, {""accuracy"": 0.3333333333333333, ""bin_hi"": 0.30000000000000004, ""bin_lo"": 0.2, ""confidence"": 0.24485872625488095, ""n_samples"": 3}, {""accuracy"": 0.6666666666666666, ""bin_hi"": 0.4, ""bin_lo"": 0.30000000000000004, ""confidence"": 0.3370529310494533, ""n_samples"": 3}, {""accuracy"": 1.0, ""bin_hi"": 0.5, ""bin_lo"": 0.4, ""confidence"": 0.4761100113456019, ""n_samples"": 3}, {""accuracy"": 1.0, ""bin_hi"": 0.6000000000000001, ""bin_lo"": 0.5, ""confidence"": 0.578741473819238, ""n_samples"": 7}, {""accuracy"": 1.0, ""bin_hi"": 0.7000000000000001, ""bin_lo"": 0.6000000000000001, ""confidence"": 0.657821710566755, ""n_samples"": 7}, {""accuracy"": 1.0, ""bin_hi"": 0.8, ""bin_lo"": 0.7000000000000001, ""confidence"": 0.7563989791825299, ""n_samples"": 10}, {""accuracy"": 1.0, ""bin_hi"": 0.9, ""bin_lo"": 0.8, ""confidence"": 0.8493364353265533, ""n_samples"": 21}, {""accuracy"": 1.0, ""bin_hi"": 1.0, ""bin_lo"": 0.9, ""confidence"": 0.9646416630573565, ""n_samples"": 64}], ""ece"": 0.043939514219549426}",0.04699999999957072,success,
elkan_noto,scar-pi0.3-scalesmall,107,"{""base_estimator"": null, ""calibration_method"": ""isotonic"", ""eps"": 1e-12, ""mode"": ""weighted_retraining"", ""n_cv_folds"": 3}",scar,0.3,0.5,0.5,True,0,,,0.5695716346861436,,,,,0.235,False,-0.09261363636363634,0.8958333333333334,1.0,0.9980654761904761,0.935,0.8785046728971962,0.8551136363636364,0.9959388239943343,0.8916666666666666,0.04561318770418309,0.07698637179465602,"{""buckets"": [{""accuracy"": 0.014285714285714285, ""bin_hi"": 0.1, ""bin_lo"": 0.0, ""confidence"": 0.006640309207467192, ""n_samples"": 280}, {""accuracy"": 0.42857142857142855, ""bin_hi"": 0.2, ""bin_lo"": 0.1, ""confidence"": 0.12956207685442514, ""n_samples"": 7}, {""accuracy"": 1.0, ""bin_hi"": 0.30000000000000004, ""bin_lo"": 0.2, ""confidence"": 0.2823642082480371, ""n_samples"": 1}, {""accuracy"": 1.0, ""bin_hi"": 0.4, ""bin_lo"": 0.30000000000000004, ""confidence"": 0.34238694473753206, ""n_samples"": 10}, {""accuracy"": 1.0, ""bin_hi"": 0.5, ""bin_lo"": 0.4, ""confidence"": 0.43316158481391487, ""n_samples"": 8}, {""accuracy"": 1.0, ""bin_hi"": 0.6000000000000001, ""bin_lo"": 0.5, ""confidence"": 0.5425769517798916, ""n_samples"": 14}, {""accuracy"": 1.0, ""bin_hi"": 0.7000000000000001, ""bin_lo"": 0.6000000000000001, ""confidence"": 0.6566865598235364, ""n_samples"": 9}, {""accuracy"": 1.0, ""bin_hi"": 0.8, ""bin_lo"": 0.7000000000000001, ""confidence"": 0.7629386566549677, ""n_samples"": 7}, {""accuracy"": 1.0, ""bin_hi"": 0.9, ""bin_lo"": 0.8, ""confidence"": 0.8579018535897813, ""n_samples"": 11}, {""accuracy"": 1.0, ""bin_hi"": 1.0, ""bin_lo"": 0.9, ""confidence"": 0.9619614430665745, ""n_samples"": 53}], ""ece"": 0.07698637179465602}",0.04700000000048021,success,
elkan_noto,scar-pi0.3-scalesmall,108,"{""base_estimator"": null, ""calibration_method"": ""isotonic"", ""eps"": 1e-12, ""mode"": ""weighted_retraining"", ""n_cv_folds"": 3}",scar,0.3,0.5,0.5,True,0,,,0.588471330770252,,,,,0.25,False,-0.10442086648983198,0.9230769230769231,1.0,0.9991071428571429,0.95,0.9090909090909091,0.8505747126436781,0.9982050615945302,0.9166666666666667,0.043772342441409456,0.05236921362584095,"{""buckets"": [{""accuracy"": 0.047619047619047616, ""bin_hi"": 0.1, ""bin_lo"": 0.0, ""confidence"": 0.00030366782817393853, ""n_samples"": 294}, {""accuracy"": 1.0, ""bin_hi"": 0.2, ""bin_lo"": 0.1, ""confidence"": 0.10231976350702764, ""n_samples"": 1}, {""accuracy"": 1.0, ""bin_hi"": 0.30000000000000004, ""bin_lo"": 0.2, ""confidence"": 0.23142345443356926, ""n_samples"": 1}, {""accuracy"": 1.0, ""bin_hi"": 0.4, ""bin_lo"": 0.30000000000000004, ""confidence"": 0.3934947538181887, ""n_samples"": 1}, {""accuracy"": 1.0, ""bin_hi"": 0.5, ""bin_lo"": 0.4, ""confidence"": 0.40913824656401737, ""n_samples"": 3}, {""accuracy"": 1.0, ""bin_hi"": 0.6000000000000001, ""bin_lo"": 0.5, ""confidence"": 0.5112798948453608, ""n_samples"": 1}, {""accuracy"": 1.0, ""bin_hi"": 0.7000000000000001, ""bin_lo"": 0.6000000000000001, ""confidence"": 0.6516353587295565, ""n_samples"": 3}, {""accuracy"": 1.0, ""bin_hi"": 0.8, ""bin_lo"": 0.7000000000000001, ""confidence"": 0.7566812213479972, ""n_samples"": 3}, {""accuracy"": 1.0, ""bin_hi"": 0.9, ""bin_lo"": 0.8, ""confidence"": 0.8205204626459213, ""n_samples"": 2}, {""accuracy"": 1.0, ""bin_hi"": 1.0, ""bin_lo"": 0.9, ""confidence"": 0.9959462960039536, ""n_samples"": 91}], ""ece"": 0.05236921362584095}",0.04699999999957072,success,
elkan_noto,scar-pi0.3-scalesmall,109,"{""base_estimator"": null, ""calibration_method"": ""isotonic"", ""eps"": 1e-12, ""mode"": ""weighted_retraining"", ""n_cv_folds"": 3}",scar,0.3,0.5,0.5,True,0,,,0.6655530218523411,,,,,0.27,False,-0.11708574245887679,0.9253731343283582,1.0,0.9938392857142857,0.955,0.9210526315789473,0.8618618618618619,0.9892875504822708,0.9321428571428572,0.03571874041065835,0.04103488181430595,"{""buckets"": [{""accuracy"": 0.03832752613240418, ""bin_hi"": 0.1, ""bin_lo"": 0.0, ""confidence"": 0.00036570198818860377, ""n_samples"": 287}, {""accuracy"": 1.0, ""bin_hi"": 0.2, ""bin_lo"": 0.1, ""confidence"": 0.16462540565476041, ""n_samples"": 2}, {""accuracy"": 0.5, ""bin_hi"": 0.30000000000000004, ""bin_lo"": 0.2, ""confidence"": 0.25346983949578517, ""n_samples"": 2}, {""accuracy"": 0.0, ""bin_hi"": 0.4, ""bin_lo"": 0.30000000000000004, ""confidence"": 0.0, ""n_samples"": 0}, {""accuracy"": 1.0, ""bin_hi"": 0.5, ""bin_lo"": 0.4, ""confidence"": 0.4796541361875891, ""n_samples"": 1}, {""accuracy"": 0.0, ""bin_hi"": 0.6000000000000001, ""bin_lo"": 0.5, ""confidence"": 0.5471081040648104, ""n_samples"": 3}, {""accuracy"": 1.0, ""bin_hi"": 0.7000000000000001, ""bin_lo"": 0.6000000000000001, ""confidence"": 0.6451517368109904, ""n_samples"": 1}, {""accuracy"": 1.0, ""bin_hi"": 0.8, ""bin_lo"": 0.7000000000000001, ""confidence"": 0.746268816771727, ""n_samples"": 1}, {""accuracy"": 1.0, ""bin_hi"": 0.9, ""bin_lo"": 0.8, ""confidence"": 0.8039811864220988, ""n_samples"": 1}, {""accuracy"": 1.0, ""bin_hi"": 1.0, ""bin_lo"": 0.9, ""confidence"": 0.9961879289153767, ""n_samples"": 102}], ""ece"": 0.04103488181430595}",0.04700000000048021,success,
elkan_noto,scar-pi0.3-scalesmall,110,"{""base_estimator"": null, ""calibration_method"": ""isotonic"", ""eps"": 1e-12, ""mode"": ""weighted_retraining"", ""n_cv_folds"": 3}",scar,0.3,0.5,0.5,True,0,,,0.6374255302092687,,,,,0.2625,False,-0.10042390843577786,0.9047619047619048,1.0,0.9937797619047619,0.9575,0.9244444444444444,0.857566765578635,0.9882156313787648,0.9315476190476191,0.0331869817388525,0.039224278569854394,"{""buckets"": [{""accuracy"": 0.025, ""bin_hi"": 0.1, ""bin_lo"": 0.0, ""confidence"": 0.0025379717480444007, ""n_samples"": 280}, {""accuracy"": 0.5714285714285714, ""bin_hi"": 0.2, ""bin_lo"": 0.1, ""confidence"": 0.14811526652628162, ""n_samples"": 7}, {""accuracy"": 1.0, ""bin_hi"": 0.30000000000000004, ""bin_lo"": 0.2, ""confidence"": 0.285847287834859, ""n_samples"": 2}, {""accuracy"": 0.3333333333333333, ""bin_hi"": 0.4, ""bin_lo"": 0.30000000000000004, ""confidence"": 0.3413414909306703, ""n_samples"": 3}, {""accuracy"": 0.6666666666666666, ""bin_hi"": 0.5, ""bin_lo"": 0.4, ""confidence"": 0.43049949328500986, ""n_samples"": 3}, {""accuracy"": 0.0, ""bin_hi"": 0.6000000000000001, ""bin_lo"": 0.5, ""confidence"": 0.0, ""n_samples"": 0}, {""accuracy"": 0.5, ""bin_hi"": 0.7000000000000001, ""bin_lo"": 0.6000000000000001, ""confidence"": 0.6084078077029387, ""n_samples"": 2}, {""accuracy"": 1.0, ""bin_hi"": 0.8, ""bin_lo"": 0.7000000000000001, ""confidence"": 0.7466608569789046, ""n_samples"": 6}, {""accuracy"": 1.0, ""bin_hi"": 0.9, ""bin_lo"": 0.8, ""confidence"": 0.8695198323034632, ""n_samples"": 11}, {""accuracy"": 1.0, ""bin_hi"": 1.0, ""bin_lo"": 0.9, ""confidence"": 0.9871606203765518, ""n_samples"": 86}], ""ece"": 0.039224278569854394}",0.03099999999994907,success,
elkan_noto,scar-pi0.3-scalesmall,111,"{""base_estimator"": null, ""calibration_method"": ""isotonic"", ""eps"": 1e-12, ""mode"": ""weighted_retraining"", ""n_cv_folds"": 3}",scar,0.3,0.5,0.5,True,0,,,0.6025233405134206,,,,,0.2675,False,-0.08411764705882352,0.9,1.0,0.9969940476190476,0.9675,0.9427312775330396,0.8441176470588235,0.9936429537130537,0.9458333333333333,0.026950193857468302,0.03756268009754809,"{""buckets"": [{""accuracy"": 0.014545454545454545, ""bin_hi"": 0.1, ""bin_lo"": 0.0, ""confidence"": 0.0033045969577556547, ""n_samples"": 275}, {""accuracy"": 0.375, ""bin_hi"": 0.2, ""bin_lo"": 0.1, ""confidence"": 0.1274384804927421, ""n_samples"": 8}, {""accuracy"": 0.5, ""bin_hi"": 0.30000000000000004, ""bin_lo"": 0.2, ""confidence"": 0.25436572165920507, ""n_samples"": 6}, {""accuracy"": 0.0, ""bin_hi"": 0.4, ""bin_lo"": 0.30000000000000004, ""confidence"": 0.3013458397318784, ""n_samples"": 1}, {""accuracy"": 1.0, ""bin_hi"": 0.5, ""bin_lo"": 0.4, ""confidence"": 0.45201712780304404, ""n_samples"": 3}, {""accuracy"": 1.0, ""bin_hi"": 0.6000000000000001, ""bin_lo"": 0.5, ""confidence"": 0.5331670553336186, ""n_samples"": 5}, {""accuracy"": 1.0, ""bin_hi"": 0.7000000000000001, ""bin_lo"": 0.6000000000000001, ""confidence"": 0.6735240816142039, ""n_samples"": 3}, {""accuracy"": 1.0, ""bin_hi"": 0.8, ""bin_lo"": 0.7000000000000001, ""confidence"": 0.7917133623078374, ""n_samples"": 1}, {""accuracy"": 1.0, ""bin_hi"": 0.9, ""bin_lo"": 0.8, ""confidence"": 0.8629001723549502, ""n_samples"": 13}, {""accuracy"": 1.0, ""bin_hi"": 1.0, ""bin_lo"": 0.9, ""confidence"": 0.9855286230069488, ""n_samples"": 85}], ""ece"": 0.03756268009754809}",0.03099999999994907,success,
elkan_noto,scar-pi0.3-scalesmall,112,"{""base_estimator"": null, ""calibration_method"": ""isotonic"", ""eps"": 1e-12, ""mode"": ""weighted_retraining"", ""n_cv_folds"": 3}",scar,0.3,0.5,0.5,True,0,,,0.556405284455367,,,,,0.3125,False,-0.07570146974613476,0.9516129032258065,0.9135483870967741,0.9967857142857143,0.9675,0.9469387755102041,0.8047337278106509,0.99268218706675,0.9672619047619048,0.02855622683573483,0.028381722134897584,"{""buckets"": [{""accuracy"": 0.01098901098901099, ""bin_hi"": 0.1, ""bin_lo"": 0.0, ""confidence"": 0.0004021551554221549, ""n_samples"": 273}, {""accuracy"": 0.0, ""bin_hi"": 0.2, ""bin_lo"": 0.1, ""confidence"": 0.14882149353089147, ""n_samples"": 1}, {""accuracy"": 0.0, ""bin_hi"": 0.30000000000000004, ""bin_lo"": 0.2, ""confidence"": 0.0, ""n_samples"": 0}, {""accuracy"": 1.0, ""bin_hi"": 0.4, ""bin_lo"": 0.30000000000000004, ""confidence"": 0.3364756254829863, ""n_samples"": 1}, {""accuracy"": 0.0, ""bin_hi"": 0.5, ""bin_lo"": 0.4, ""confidence"": 0.0, ""n_samples"": 0}, {""accuracy"": 0.0, ""bin_hi"": 0.6000000000000001, ""bin_lo"": 0.5, ""confidence"": 0.0, ""n_samples"": 0}, {""accuracy"": 0.0, ""bin_hi"": 0.7000000000000001, ""bin_lo"": 0.6000000000000001, ""confidence"": 0.6722577209956078, ""n_samples"": 1}, {""accuracy"": 0.75, ""bin_hi"": 0.8, ""bin_lo"": 0.7000000000000001, ""confidence"": 0.772934599978429, ""n_samples"": 4}, {""accuracy"": 0.0, ""bin_hi"": 0.9, ""bin_lo"": 0.8, ""confidence"": 0.0, ""n_samples"": 0}, {""accuracy"": 0.9416666666666667, ""bin_hi"": 1.0, ""bin_lo"": 0.9, ""confidence"": 0.9990511268536004, ""n_samples"": 120}], ""ece"": 0.028381722134897584}",0.04700000000048021,success,
elkan_noto,scar-pi0.3-scalesmall,113,"{""base_estimator"": null, ""calibration_method"": ""isotonic"", ""eps"": 1e-12, ""mode"": ""weighted_retraining"", ""n_cv_folds"": 3}",scar,0.3,0.5,0.5,True,0,,,0.62027060783323,,,,,0.305,False,-0.10761904761904761,0.9571428571428572,0.9414519906323185,0.9986904761904761,0.98,0.9669421487603306,0.8333333333333334,0.9969710670333782,0.9785714285714285,0.016000373070784304,0.018403977419100867,"{""buckets"": [{""accuracy"": 0.0, ""bin_hi"": 0.1, ""bin_lo"": 0.0, ""confidence"": 0.00012732845843018952, ""n_samples"": 274}, {""accuracy"": 0.0, ""bin_hi"": 0.2, ""bin_lo"": 0.1, ""confidence"": 0.0, ""n_samples"": 0}, {""accuracy"": 1.0, ""bin_hi"": 0.30000000000000004, ""bin_lo"": 0.2, ""confidence"": 0.27063879741410335, ""n_samples"": 2}, {""accuracy"": 1.0, ""bin_hi"": 0.4, ""bin_lo"": 0.30000000000000004, ""confidence"": 0.38023339373163323, ""n_samples"": 1}, {""accuracy"": 0.0, ""bin_hi"": 0.5, ""bin_lo"": 0.4, ""confidence"": 0.4103731789573647, ""n_samples"": 1}, {""accuracy"": 0.0, ""bin_hi"": 0.6000000000000001, ""bin_lo"": 0.5, ""confidence"": 0.0, ""n_samples"": 0}, {""accuracy"": 0.0, ""bin_hi"": 0.7000000000000001, ""bin_lo"": 0.6000000000000001, ""confidence"": 0.0, ""n_samples"": 0}, {""accuracy"": 1.0, ""bin_hi"": 0.8, ""bin_lo"": 0.7000000000000001, ""confidence"": 0.7834848080505081, ""n_samples"": 1}, {""accuracy"": 0.5, ""bin_hi"": 0.9, ""bin_lo"": 0.8, ""confidence"": 0.8228486914880466, ""n_samples"": 2}, {""accuracy"": 0.9663865546218487, ""bin_hi"": 1.0, ""bin_lo"": 0.9, ""confidence"": 0.9997951949975409, ""n_samples"": 119}], ""ece"": 0.018403977419100867}",0.04699999999957072,success,
elkan_noto,scar-pi0.3-scalesmall,114,"{""base_estimator"": null, ""calibration_method"": ""isotonic"", ""eps"": 1e-12, ""mode"": ""weighted_retraining"", ""n_cv_folds"": 3}",scar,0.3,0.5,0.5,True,0,,,0.604233623862345,,,,,0.2525,False,-0.06418597514193647,0.8596491228070176,1.0,0.994732142857143,0.9475,0.9049773755656109,0.8483965014577259,0.9876774041989351,0.9148809523809525,0.035630600116657335,0.04860340050066967,"{""buckets"": [{""accuracy"": 0.017921146953405017, ""bin_hi"": 0.1, ""bin_lo"": 0.0, ""confidence"": 0.004797649569411514, ""n_samples"": 279}, {""accuracy"": 0.2857142857142857, ""bin_hi"": 0.2, ""bin_lo"": 0.1, ""confidence"": 0.14393097498773488, ""n_samples"": 7}, {""accuracy"": 1.0, ""bin_hi"": 0.30000000000000004, ""bin_lo"": 0.2, ""confidence"": 0.21135649625256495, ""n_samples"": 1}, {""accuracy"": 1.0, ""bin_hi"": 0.4, ""bin_lo"": 0.30000000000000004, ""confidence"": 0.3436319589896628, ""n_samples"": 5}, {""accuracy"": 1.0, ""bin_hi"": 0.5, ""bin_lo"": 0.4, ""confidence"": 0.433950018745029, ""n_samples"": 7}, {""accuracy"": 1.0, ""bin_hi"": 0.6000000000000001, ""bin_lo"": 0.5, ""confidence"": 0.5500633863005698, ""n_samples"": 3}, {""accuracy"": 1.0, ""bin_hi"": 0.7000000000000001, ""bin_lo"": 0.6000000000000001, ""confidence"": 0.6585983247125248, ""n_samples"": 4}, {""accuracy"": 1.0, ""bin_hi"": 0.8, ""bin_lo"": 0.7000000000000001, ""confidence"": 0.7422125623468825, ""n_samples"": 9}, {""accuracy"": 1.0, ""bin_hi"": 0.9, ""bin_lo"": 0.8, ""confidence"": 0.8423808138364863, ""n_samples"": 7}, {""accuracy"": 0.9871794871794872, ""bin_hi"": 1.0, ""bin_lo"": 0.9, ""confidence"": 0.9792852577795762, ""n_samples"": 78}], ""ece"": 0.04860340050066967}",0.04700000000048021,success,
elkan_noto,scar-pi0.3-scalesmall,115,"{""base_estimator"": null, ""calibration_method"": ""isotonic"", ""eps"": 1e-12, ""mode"": ""weighted_retraining"", ""n_cv_folds"": 3}",scar,0.3,0.5,0.5,True,0,,,0.6246425305776163,,,,,0.235,False,-0.11083138491653527,0.9056603773584906,1.0,0.9941964285714285,0.935,0.8785046728971962,0.8674351585014409,0.9877001678238434,0.8916666666666666,0.05474620407068589,0.07277349655483847,"{""buckets"": [{""accuracy"": 0.04844290657439446, ""bin_hi"": 0.1, ""bin_lo"": 0.0, ""confidence"": 0.002765663668095441, ""n_samples"": 289}, {""accuracy"": 0.3333333333333333, ""bin_hi"": 0.2, ""bin_lo"": 0.1, ""confidence"": 0.143528777247939, ""n_samples"": 6}, {""accuracy"": 1.0, ""bin_hi"": 0.30000000000000004, ""bin_lo"": 0.2, ""confidence"": 0.24938178730804406, ""n_samples"": 6}, {""accuracy"": 1.0, ""bin_hi"": 0.4, ""bin_lo"": 0.30000000000000004, ""confidence"": 0.38330830015981204, ""n_samples"": 3}, {""accuracy"": 0.5, ""bin_hi"": 0.5, ""bin_lo"": 0.4, ""confidence"": 0.448956882948937, ""n_samples"": 2}, {""accuracy"": 1.0, ""bin_hi"": 0.6000000000000001, ""bin_lo"": 0.5, ""confidence"": 0.5432265545846288, ""n_samples"": 3}, {""accuracy"": 1.0, ""bin_hi"": 0.7000000000000001, ""bin_lo"": 0.6000000000000001, ""confidence"": 0.6434571789564164, ""n_samples"": 6}, {""accuracy"": 1.0, ""bin_hi"": 0.8, ""bin_lo"": 0.7000000000000001, ""confidence"": 0.7525101468431199, ""n_samples"": 10}, {""accuracy"": 1.0, ""bin_hi"": 0.9, ""bin_lo"": 0.8, ""confidence"": 0.8397464488166279, ""n_samples"": 10}, {""accuracy"": 1.0, ""bin_hi"": 1.0, ""bin_lo"": 0.9, ""confidence"": 0.9888159050797224, ""n_samples"": 65}], ""ece"": 0.07277349655483847}",0.04699999999957072,success,
elkan_noto,scar-pi0.3-scalesmall,116,"{""base_estimator"": null, ""calibration_method"": ""isotonic"", ""eps"": 1e-12, ""mode"": ""weighted_retraining"", ""n_cv_folds"": 3}",scar,0.3,0.5,0.5,True,0,,,0.5906729139470371,,,,,0.3075,False,-0.09697611982478452,0.9682539682539683,0.9446380178087495,0.9980952380952381,0.9775,0.9629629629629629,0.8160237388724035,0.9960137918906666,0.9767857142857143,0.02203102805314405,0.023654933606589733,"{""buckets"": [{""accuracy"": 0.01090909090909091, ""bin_hi"": 0.1, ""bin_lo"": 0.0, ""confidence"": 0.000272282327495891, ""n_samples"": 275}, {""accuracy"": 0.0, ""bin_hi"": 0.2, ""bin_lo"": 0.1, ""confidence"": 0.10863318874859758, ""n_samples"": 1}, {""accuracy"": 0.0, ""bin_hi"": 0.30000000000000004, ""bin_lo"": 0.2, ""confidence"": 0.0, ""n_samples"": 0}, {""accuracy"": 0.0, ""bin_hi"": 0.4, ""bin_lo"": 0.30000000000000004, ""confidence"": 0.33154618325267615, ""n_samples"": 1}, {""accuracy"": 0.0, ""bin_hi"": 0.5, ""bin_lo"": 0.4, ""confidence"": 0.0, ""n_samples"": 0}, {""accuracy"": 0.0, ""bin_hi"": 0.6000000000000001, ""bin_lo"": 0.5, ""confidence"": 0.0, ""n_samples"": 0}, {""accuracy"": 1.0, ""bin_hi"": 0.7000000000000001, ""bin_lo"": 0.6000000000000001, ""confidence"": 0.6946160193027402, ""n_samples"": 1}, {""accuracy"": 0.0, ""bin_hi"": 0.8, ""bin_lo"": 0.7000000000000001, ""confidence"": 0.0, ""n_samples"": 0}, {""accuracy"": 0.0, ""bin_hi"": 0.9, ""bin_lo"": 0.8, ""confidence"": 0.8371295494826646, ""n_samples"": 1}, {""accuracy"": 0.9586776859504132, ""bin_hi"": 1.0, ""bin_lo"": 0.9, ""confidence"": 0.9996211419877361, ""n_samples"": 121}], ""ece"": 0.023654933606589733}",0.046000000000276486,success,
elkan_noto,scar-pi0.3-scalesmall,117,"{""base_estimator"": null, ""calibration_method"": ""isotonic"", ""eps"": 1e-12, ""mode"": ""weighted_retraining"", ""n_cv_folds"": 3}",scar,0.3,0.5,0.5,True,0,,,0.6051987251191792,,,,,0.3225,False,-0.08720740337506802,0.9696969696969697,0.9020436927413671,0.9900595238095238,0.9675,0.9477911646586346,0.8053892215568862,0.9572706694442288,0.9720238095238095,0.03090772097314341,0.03211868208733941,"{""buckets"": [{""accuracy"": 0.007434944237918215, ""bin_hi"": 0.1, ""bin_lo"": 0.0, ""confidence"": 0.00024350393536673521, ""n_samples"": 269}, {""accuracy"": 0.0, ""bin_hi"": 0.2, ""bin_lo"": 0.1, ""confidence"": 0.16344678251593778, ""n_samples"": 1}, {""accuracy"": 0.0, ""bin_hi"": 0.30000000000000004, ""bin_lo"": 0.2, ""confidence"": 0.21273974400651416, ""n_samples"": 1}, {""accuracy"": 0.0, ""bin_hi"": 0.4, ""bin_lo"": 0.30000000000000004, ""confidence"": 0.0, ""n_samples"": 0}, {""accuracy"": 0.0, ""bin_hi"": 0.5, ""bin_lo"": 0.4, ""confidence"": 0.0, ""n_samples"": 0}, {""accuracy"": 0.0, ""bin_hi"": 0.6000000000000001, ""bin_lo"": 0.5, ""confidence"": 0.5372451979542411, ""n_samples"": 1}, {""accuracy"": 0.0, ""bin_hi"": 0.7000000000000001, ""bin_lo"": 0.6000000000000001, ""confidence"": 0.0, ""n_samples"": 0}, {""accuracy"": 0.0, ""bin_hi"": 0.8, ""bin_lo"": 0.7000000000000001, ""confidence"": 0.0, ""n_samples"": 0}, {""accuracy"": 0.0, ""bin_hi"": 0.9, ""bin_lo"": 0.8, ""confidence"": 0.0, ""n_samples"": 0}, {""accuracy"": 0.921875, ""bin_hi"": 1.0, ""bin_lo"": 0.9, ""confidence"": 0.9999964349146306, ""n_samples"": 128}], ""ece"": 0.03211868208733941}",0.04699999999957072,success,
elkan_noto,scar-pi0.3-scalesmall,118,"{""base_estimator"": null, ""calibration_method"": ""isotonic"", ""eps"": 1e-12, ""mode"": ""weighted_retraining"", ""n_cv_folds"": 3}",scar,0.3,0.5,0.5,True,0,,,0.556216265166001,,,,,0.275,False,-0.06814386640976236,0.9074074074074074,0.9898989898989897,0.9973511904761905,0.96,0.9304347826086956,0.8236994219653179,0.99368932738965,0.9404761904761905,0.03616975735145582,0.03814087857176216,"{""buckets"": [{""accuracy"": 0.03832752613240418, ""bin_hi"": 0.1, ""bin_lo"": 0.0, ""confidence"": 0.00041199068993105396, ""n_samples"": 287}, {""accuracy"": 0.0, ""bin_hi"": 0.2, ""bin_lo"": 0.1, ""confidence"": 0.16368698532701104, ""n_samples"": 1}, {""accuracy"": 0.0, ""bin_hi"": 0.30000000000000004, ""bin_lo"": 0.2, ""confidence"": 0.0, ""n_samples"": 0}, {""accuracy"": 1.0, ""bin_hi"": 0.4, ""bin_lo"": 0.30000000000000004, ""confidence"": 0.3819940424364068, ""n_samples"": 1}, {""accuracy"": 1.0, ""bin_hi"": 0.5, ""bin_lo"": 0.4, ""confidence"": 0.43247880621026125, ""n_samples"": 1}, {""accuracy"": 1.0, ""bin_hi"": 0.6000000000000001, ""bin_lo"": 0.5, ""confidence"": 0.5151958007894065, ""n_samples"": 1}, {""accuracy"": 1.0, ""bin_hi"": 0.7000000000000001, ""bin_lo"": 0.6000000000000001, ""confidence"": 0.6218491138953648, ""n_samples"": 2}, {""accuracy"": 0.6666666666666666, ""bin_hi"": 0.8, ""bin_lo"": 0.7000000000000001, ""confidence"": 0.7597745752166457, ""n_samples"": 3}, {""accuracy"": 0.0, ""bin_hi"": 0.9, ""bin_lo"": 0.8, ""confidence"": 0.8808929550990925, ""n_samples"": 1}, {""accuracy"": 0.9902912621359223, ""bin_hi"": 1.0, ""bin_lo"": 0.9, ""confidence"": 0.9963500579404451, ""n_samples"": 103}], ""ece"": 0.03814087857176216}",0.03099999999994907,success,
elkan_noto,scar-pi0.3-scalesmall,119,"{""base_estimator"": null, ""calibration_method"": ""isotonic"", ""eps"": 1e-12, ""mode"": ""weighted_retraining"", ""n_cv_folds"": 3}",scar,0.3,0.5,0.5,True,0,,,0.5460445019542648,,,,,0.28,False,-0.0963455149501661,0.9464285714285714,1.0,0.9986309523809525,0.98,0.9655172413793104,0.8284883720930233,0.9970517127619378,0.9666666666666667,0.017061736654419398,0.024392586181142813,"{""buckets"": [{""accuracy"": 0.007272727272727273, ""bin_hi"": 0.1, ""bin_lo"": 0.0, ""confidence"": 0.002452347984080107, ""n_samples"": 275}, {""accuracy"": 0.5, ""bin_hi"": 0.2, ""bin_lo"": 0.1, ""confidence"": 0.14122532910770047, ""n_samples"": 4}, {""accuracy"": 0.25, ""bin_hi"": 0.30000000000000004, ""bin_lo"": 0.2, ""confidence"": 0.24638524383602617, ""n_samples"": 4}, {""accuracy"": 0.5, ""bin_hi"": 0.4, ""bin_lo"": 0.30000000000000004, ""confidence"": 0.34367308279035946, ""n_samples"": 4}, {""accuracy"": 1.0, ""bin_hi"": 0.5, ""bin_lo"": 0.4, ""confidence"": 0.4981264054903411, ""n_samples"": 1}, {""accuracy"": 0.0, ""bin_hi"": 0.6000000000000001, ""bin_lo"": 0.5, ""confidence"": 0.0, ""n_samples"": 0}, {""accuracy"": 1.0, ""bin_hi"": 0.7000000000000001, ""bin_lo"": 0.6000000000000001, ""confidence"": 0.6639004572235429, ""n_samples"": 6}, {""accuracy"": 1.0, ""bin_hi"": 0.8, ""bin_lo"": 0.7000000000000001, ""confidence"": 0.7476535389359197, ""n_samples"": 6}, {""accuracy"": 1.0, ""bin_hi"": 0.9, ""bin_lo"": 0.8, ""confidence"": 0.8700878677070127, ""n_samples"": 8}, {""accuracy"": 1.0, ""bin_hi"": 1.0, ""bin_lo"": 0.9, ""confidence"": 0.9860356726617531, ""n_samples"": 92}], ""ece"": 0.024392586181142813}",0.04699999999957072,success,
elkan_noto,scar-pi0.3-scalemid,100,"{""base_estimator"": null, ""calibration_method"": ""isotonic"", ""eps"": 1e-12, ""mode"": ""weighted_retraining"", ""n_cv_folds"": 3}",scar,0.3,0.5,0.5,True,0,,,0.6225870874417415,,,,,0.27,False,-0.10445630585898708,0.9276315789473685,1.0,0.9979428571428571,0.97,0.9473684210526315,0.847877358490566,0.9961127368531427,0.95,0.027944417714192933,0.02895547401706205,"{""buckets"": [{""accuracy"": 0.0364762560220234, ""bin_hi"": 0.1, ""bin_lo"": 0.0, ""confidence"": 0.00029191199206084087, ""n_samples"": 1453}, {""accuracy"": 1.0, ""bin_hi"": 0.2, ""bin_lo"": 0.1, ""confidence"": 0.14459433608137578, ""n_samples"": 1}, {""accuracy"": 1.0, ""bin_hi"": 0.30000000000000004, ""bin_lo"": 0.2, ""confidence"": 0.2518370554700548, ""n_samples"": 2}, {""accuracy"": 1.0, ""bin_hi"": 0.4, ""bin_lo"": 0.30000000000000004, ""confidence"": 0.35722052081939, ""n_samples"": 4}, {""accuracy"": 0.0, ""bin_hi"": 0.5, ""bin_lo"": 0.4, ""confidence"": 0.0, ""n_samples"": 0}, {""accuracy"": 0.0, ""bin_hi"": 0.6000000000000001, ""bin_lo"": 0.5, ""confidence"": 0.0, ""n_samples"": 0}, {""accuracy"": 0.0, ""bin_hi"": 0.7000000000000001, ""bin_lo"": 0.6000000000000001, ""confidence"": 0.0, ""n_samples"": 0}, {""accuracy"": 0.0, ""bin_hi"": 0.8, ""bin_lo"": 0.7000000000000001, ""confidence"": 0.0, ""n_samples"": 0}, {""accuracy"": 1.0, ""bin_hi"": 0.9, ""bin_lo"": 0.8, ""confidence"": 0.837925869593276, ""n_samples"": 2}, {""accuracy"": 1.0, ""bin_hi"": 1.0, ""bin_lo"": 0.9, ""confidence"": 0.9998362482749552, ""n_samples"": 538}], ""ece"": 0.02895547401706205}",0.04700000000048021,success,
elkan_noto,scar-pi0.3-scalemid,101,"{""base_estimator"": null, ""calibration_method"": ""isotonic"", ""eps"": 1e-12, ""mode"": ""weighted_retraining"", ""n_cv_folds"": 3}",scar,0.3,0.5,0.5,True,0,,,0.5944763512885303,,,,,0.263,False,-0.07309117880617089,0.8916967509025271,1.0,0.9991178571428571,0.962,0.9325044404973357,0.8380731282646546,0.9979179310347498,0.9371428571428572,0.03132757939202454,0.046260509554534826,"{""buckets"": [{""accuracy"": 0.02178496134926212, ""bin_hi"": 0.1, ""bin_lo"": 0.0, ""confidence"": 0.0015318974832701294, ""n_samples"": 1423}, {""accuracy"": 0.7142857142857143, ""bin_hi"": 0.2, ""bin_lo"": 0.1, ""confidence"": 0.14548780665406436, ""n_samples"": 21}, {""accuracy"": 1.0, ""bin_hi"": 0.30000000000000004, ""bin_lo"": 0.2, ""confidence"": 0.24359491862442095, ""n_samples"": 11}, {""accuracy"": 0.9, ""bin_hi"": 0.4, ""bin_lo"": 0.30000000000000004, ""confidence"": 0.35448894329049396, ""n_samples"": 10}, {""accuracy"": 1.0, ""bin_hi"": 0.5, ""bin_lo"": 0.4, ""confidence"": 0.4424485383583149, ""n_samples"": 9}, {""accuracy"": 1.0, ""bin_hi"": 0.6000000000000001, ""bin_lo"": 0.5, ""confidence"": 0.5494168831907845, ""n_samples"": 22}, {""accuracy"": 1.0, ""bin_hi"": 0.7000000000000001, ""bin_lo"": 0.6000000000000001, ""confidence"": 0.6415310744475157, ""n_samples"": 17}, {""accuracy"": 0.9629629629629629, ""bin_hi"": 0.8, ""bin_lo"": 0.7000000000000001, ""confidence"": 0.7575981702058187, ""n_samples"": 27}, {""accuracy"": 1.0, ""bin_hi"": 0.9, ""bin_lo"": 0.8, ""confidence"": 0.8649735562045869, ""n_samples"": 41}, {""accuracy"": 1.0, ""bin_hi"": 1.0, ""bin_lo"": 0.9, ""confidence"": 0.9859787836605084, ""n_samples"": 419}], ""ece"": 0.046260509554534826}",0.03099999999994907,success,
elkan_noto,scar-pi0.3-scalemid,102,"{""base_estimator"": null, ""calibration_method"": ""isotonic"", ""eps"": 1e-12, ""mode"": ""weighted_retraining"", ""n_cv_folds"": 3}",scar,0.3,0.5,0.5,True,0,,,0.6308189234044431,,,,,0.288,False,-0.11070988303917736,0.9556962025316456,0.9955168776371308,0.9974047619047619,0.983,0.9710884353741497,0.83729216152019,0.9907396617578302,0.974047619047619,0.016744180096045357,0.017400636268516134,"{""buckets"": [{""accuracy"": 0.018296973961998593, ""bin_hi"": 0.1, ""bin_lo"": 0.0, ""confidence"": 3.343082812277645e-05, ""n_samples"": 1421}, {""accuracy"": 1.0, ""bin_hi"": 0.2, ""bin_lo"": 0.1, ""confidence"": 0.16621562429781073, ""n_samples"": 2}, {""accuracy"": 1.0, ""bin_hi"": 0.30000000000000004, ""bin_lo"": 0.2, ""confidence"": 0.21190373475957672, ""n_samples"": 1}, {""accuracy"": 0.0, ""bin_hi"": 0.4, ""bin_lo"": 0.30000000000000004, ""confidence"": 0.0, ""n_samples"": 0}, {""accuracy"": 0.0, ""bin_hi"": 0.5, ""bin_lo"": 0.4, ""confidence"": 0.0, ""n_samples"": 0}, {""accuracy"": 1.0, ""bin_hi"": 0.6000000000000001, ""bin_lo"": 0.5, ""confidence"": 0.5623742562966119, ""n_samples"": 2}, {""accuracy"": 1.0, ""bin_hi"": 0.7000000000000001, ""bin_lo"": 0.6000000000000001, ""confidence"": 0.6262780301354636, ""n_samples"": 1}, {""accuracy"": 0.0, ""bin_hi"": 0.8, ""bin_lo"": 0.7000000000000001, ""confidence"": 0.0, ""n_samples"": 0}, {""accuracy"": 1.0, ""bin_hi"": 0.9, ""bin_lo"": 0.8, ""confidence"": 0.8020616390221502, ""n_samples"": 1}, {""accuracy"": 0.9912587412587412, ""bin_hi"": 1.0, ""bin_lo"": 0.9, ""confidence"": 0.9999059456449314, ""n_samples"": 572}], ""ece"": 0.017400636268516134}",0.06300000000010186,success,
elkan_noto,scar-pi0.3-scalemid,103,"{""base_estimator"": null, ""calibration_method"": ""isotonic"", ""eps"": 1e-12, ""mode"": ""weighted_retraining"", ""n_cv_folds"": 3}",scar,0.3,0.5,0.5,True,0,,,0.6054954716138377,,,,,0.2695,False,-0.07603193146417445,0.8993055555555556,1.0,0.9993357142857142,0.9695,0.9464442493415277,0.8364485981308412,0.9986184057717831,0.9491666666666667,0.023610068305862195,0.04197958943847284,"{""buckets"": [{""accuracy"": 0.0106458481192335, ""bin_hi"": 0.1, ""bin_lo"": 0.0, ""confidence"": 0.0016633008092718233, ""n_samples"": 1409}, {""accuracy"": 0.6, ""bin_hi"": 0.2, ""bin_lo"": 0.1, ""confidence"": 0.1587469931673471, ""n_samples"": 10}, {""accuracy"": 0.9285714285714286, ""bin_hi"": 0.30000000000000004, ""bin_lo"": 0.2, ""confidence"": 0.24346793123113075, ""n_samples"": 14}, {""accuracy"": 0.95, ""bin_hi"": 0.4, ""bin_lo"": 0.30000000000000004, ""confidence"": 0.35693537581477486, ""n_samples"": 20}, {""accuracy"": 1.0, ""bin_hi"": 0.5, ""bin_lo"": 0.4, ""confidence"": 0.4523993946736887, ""n_samples"": 8}, {""accuracy"": 1.0, ""bin_hi"": 0.6000000000000001, ""bin_lo"": 0.5, ""confidence"": 0.5487292638891743, ""n_samples"": 23}, {""accuracy"": 1.0, ""bin_hi"": 0.7000000000000001, ""bin_lo"": 0.6000000000000001, ""confidence"": 0.646533400967351, ""n_samples"": 24}, {""accuracy"": 1.0, ""bin_hi"": 0.8, ""bin_lo"": 0.7000000000000001, ""confidence"": 0.7547999254870184, ""n_samples"": 34}, {""accuracy"": 1.0, ""bin_hi"": 0.9, ""bin_lo"": 0.8, ""confidence"": 0.8591332743541019, ""n_samples"": 44}, {""accuracy"": 1.0, ""bin_hi"": 1.0, ""bin_lo"": 0.9, ""confidence"": 0.9814992038874142, ""n_samples"": 414}], ""ece"": 0.04197958943847284}",0.04699999999957072,success,
elkan_noto,scar-pi0.3-scalemid,104,"{""base_estimator"": null, ""calibration_method"": ""isotonic"", ""eps"": 1e-12, ""mode"": ""weighted_retraining"", ""n_cv_folds"": 3}",scar,0.3,0.5,0.5,True,0,,,0.6094181691969212,,,,,0.2755,False,-0.07952519571871913,0.9022801302931596,0.9825191981413715,0.997552380952381,0.9695,0.947002606429192,0.8381571175428234,0.994576248790986,0.9520238095238095,0.028237830171545582,0.02897201644225224,"{""buckets"": [{""accuracy"": 0.032707028531663185, ""bin_hi"": 0.1, ""bin_lo"": 0.0, ""confidence"": 0.0005189679670920021, ""n_samples"": 1437}, {""accuracy"": 0.3333333333333333, ""bin_hi"": 0.2, ""bin_lo"": 0.1, ""confidence"": 0.14888721331607532, ""n_samples"": 3}, {""accuracy"": 0.0, ""bin_hi"": 0.30000000000000004, ""bin_lo"": 0.2, ""confidence"": 0.0, ""n_samples"": 0}, {""accuracy"": 0.75, ""bin_hi"": 0.4, ""bin_lo"": 0.30000000000000004, ""confidence"": 0.33635528277717897, ""n_samples"": 4}, {""accuracy"": 0.8, ""bin_hi"": 0.5, ""bin_lo"": 0.4, ""confidence"": 0.47738885840257045, ""n_samples"": 5}, {""accuracy"": 0.8, ""bin_hi"": 0.6000000000000001, ""bin_lo"": 0.5, ""confidence"": 0.5238300920213149, ""n_samples"": 5}, {""accuracy"": 1.0, ""bin_hi"": 0.7000000000000001, ""bin_lo"": 0.6000000000000001, ""confidence"": 0.6489703968143212, ""n_samples"": 3}, {""accuracy"": 1.0, ""bin_hi"": 0.8, ""bin_lo"": 0.7000000000000001, ""confidence"": 0.7617422225765857, ""n_samples"": 4}, {""accuracy"": 1.0, ""bin_hi"": 0.9, ""bin_lo"": 0.8, ""confidence"": 0.8422518869849392, ""n_samples"": 6}, {""accuracy"": 0.9906191369606003, ""bin_hi"": 1.0, ""bin_lo"": 0.9, ""confidence"": 0.9972520802608836, ""n_samples"": 533}], ""ece"": 0.02897201644225224}",0.04699999999957072,success,
elkan_noto,scar-pi0.3-scalemid,105,"{""base_estimator"": null, ""calibration_method"": ""isotonic"", ""eps"": 1e-12, ""mode"": ""weighted_retraining"", ""n_cv_folds"": 3}",scar,0.3,0.5,0.5,True,0,,,0.6043693850557327,,,,,0.2665,False,-0.07969105899714476,0.8972602739726028,1.0,0.999322619047619,0.9655,0.93909973521624,0.8413348946135831,0.9984899298884178,0.9429761904761905,0.030950600993050796,0.03452291246275878,"{""buckets"": [{""accuracy"": 0.03586206896551724, ""bin_hi"": 0.1, ""bin_lo"": 0.0, ""confidence"": 0.00041908046385253023, ""n_samples"": 1450}, {""accuracy"": 1.0, ""bin_hi"": 0.2, ""bin_lo"": 0.1, ""confidence"": 0.1653067457182431, ""n_samples"": 5}, {""accuracy"": 0.8, ""bin_hi"": 0.30000000000000004, ""bin_lo"": 0.2, ""confidence"": 0.24702082978876466, ""n_samples"": 5}, {""accuracy"": 1.0, ""bin_hi"": 0.4, ""bin_lo"": 0.30000000000000004, ""confidence"": 0.3293454415262569, ""n_samples"": 2}, {""accuracy"": 1.0, ""bin_hi"": 0.5, ""bin_lo"": 0.4, ""confidence"": 0.4316239777454335, ""n_samples"": 5}, {""accuracy"": 1.0, ""bin_hi"": 0.6000000000000001, ""bin_lo"": 0.5, ""confidence"": 0.5420575851998407, ""n_samples"": 4}, {""accuracy"": 1.0, ""bin_hi"": 0.7000000000000001, ""bin_lo"": 0.6000000000000001, ""confidence"": 0.635171306904438, ""n_samples"": 3}, {""accuracy"": 1.0, ""bin_hi"": 0.8, ""bin_lo"": 0.7000000000000001, ""confidence"": 0.7329574916107243, ""n_samples"": 7}, {""accuracy"": 0.875, ""bin_hi"": 0.9, ""bin_lo"": 0.8, ""confidence"": 0.8477785227071606, ""n_samples"": 8}, {""accuracy"": 1.0, ""bin_hi"": 1.0, ""bin_lo"": 0.9, ""confidence"": 0.9970281504268816, ""n_samples"": 511}], ""ece"": 0.03452291246275878}",0.04700000000048021,success,
elkan_noto,scar-pi0.3-scalemid,106,"{""base_estimator"": null, ""calibration_method"": ""isotonic"", ""eps"": 1e-12, ""mode"": ""weighted_retraining"", ""n_cv_folds"": 3}",scar,0.3,0.5,0.5,True,0,,,0.6161860760505058,,,,,0.273,False,-0.08774594072864134,0.9067524115755627,0.9964312215116072,0.9985535714285714,0.969,0.9458987783595113,0.8436944937833037,0.9967020657563157,0.9502380952380952,0.023415518697686998,0.02691860303746619,"{""buckets"": [{""accuracy"": 0.01768033946251768, ""bin_hi"": 0.1, ""bin_lo"": 0.0, ""confidence"": 0.0013057674224945717, ""n_samples"": 1414}, {""accuracy"": 0.75, ""bin_hi"": 0.2, ""bin_lo"": 0.1, ""confidence"": 0.1531001281234612, ""n_samples"": 12}, {""accuracy"": 1.0, ""bin_hi"": 0.30000000000000004, ""bin_lo"": 0.2, ""confidence"": 0.2624675571318931, ""n_samples"": 8}, {""accuracy"": 0.9166666666666666, ""bin_hi"": 0.4, ""bin_lo"": 0.30000000000000004, ""confidence"": 0.35975455737083156, ""n_samples"": 12}, {""accuracy"": 0.625, ""bin_hi"": 0.5, ""bin_lo"": 0.4, ""confidence"": 0.45444802995189376, ""n_samples"": 8}, {""accuracy"": 0.8, ""bin_hi"": 0.6000000000000001, ""bin_lo"": 0.5, ""confidence"": 0.5504100732191295, ""n_samples"": 5}, {""accuracy"": 1.0, ""bin_hi"": 0.7000000000000001, ""bin_lo"": 0.6000000000000001, ""confidence"": 0.6384847116322665, ""n_samples"": 9}, {""accuracy"": 1.0, ""bin_hi"": 0.8, ""bin_lo"": 0.7000000000000001, ""confidence"": 0.7560723156646157, ""n_samples"": 8}, {""accuracy"": 0.9411764705882353, ""bin_hi"": 0.9, ""bin_lo"": 0.8, ""confidence"": 0.8507772731312616, ""n_samples"": 17}, {""accuracy"": 0.9960552268244576, ""bin_hi"": 1.0, ""bin_lo"": 0.9, ""confidence"": 0.9929322542953137, ""n_samples"": 507}], ""ece"": 0.02691860303746619}",0.06300000000010186,success,
elkan_noto,scar-pi0.3-scalemid,107,"{""base_estimator"": null, ""calibration_method"": ""isotonic"", ""eps"": 1e-12, ""mode"": ""weighted_retraining"", ""n_cv_folds"": 3}",scar,0.3,0.5,0.5,True,0,,,0.5953234542905116,,,,,0.264,False,-0.07373151815080822,0.8885017421602788,1.0,0.9986559523809524,0.963,0.9343971631205674,0.840630472854641,0.9970783356079673,0.9388095238095238,0.03052260285137888,0.03481116047025177,"{""buckets"": [{""accuracy"": 0.0319001386962552, ""bin_hi"": 0.1, ""bin_lo"": 0.0, ""confidence"": 0.0008202944674784163, ""n_samples"": 1442}, {""accuracy"": 1.0, ""bin_hi"": 0.2, ""bin_lo"": 0.1, ""confidence"": 0.1499143019376501, ""n_samples"": 8}, {""accuracy"": 0.8333333333333334, ""bin_hi"": 0.30000000000000004, ""bin_lo"": 0.2, ""confidence"": 0.25395476374868836, ""n_samples"": 6}, {""accuracy"": 0.8571428571428571, ""bin_hi"": 0.4, ""bin_lo"": 0.30000000000000004, ""confidence"": 0.35428451778268194, ""n_samples"": 7}, {""accuracy"": 0.8888888888888888, ""bin_hi"": 0.5, ""bin_lo"": 0.4, ""confidence"": 0.4263801854206132, ""n_samples"": 9}, {""accuracy"": 1.0, ""bin_hi"": 0.6000000000000001, ""bin_lo"": 0.5, ""confidence"": 0.5562686478219361, ""n_samples"": 2}, {""accuracy"": 1.0, ""bin_hi"": 0.7000000000000001, ""bin_lo"": 0.6000000000000001, ""confidence"": 0.6496751736618709, ""n_samples"": 7}, {""accuracy"": 1.0, ""bin_hi"": 0.8, ""bin_lo"": 0.7000000000000001, ""confidence"": 0.7461415077766088, ""n_samples"": 8}, {""accuracy"": 0.8571428571428571, ""bin_hi"": 0.9, ""bin_lo"": 0.8, ""confidence"": 0.8647852698799273, ""n_samples"": 7}, {""accuracy"": 1.0, ""bin_hi"": 1.0, ""bin_lo"": 0.9, ""confidence"": 0.9971794830591362, ""n_samples"": 504}], ""ece"": 0.03481116047025177}",0.04699999999957072,success,
elkan_noto,scar-pi0.3-scalemid,108,"{""base_estimator"": null, ""calibration_method"": ""isotonic"", ""eps"": 1e-12, ""mode"": ""weighted_retraining"", ""n_cv_folds"": 3}",scar,0.3,0.5,0.5,True,0,,,0.6006896276040696,,,,,0.281,False,-0.09608807724749754,0.9364548494983278,0.9997738606743711,0.9991952380952381,0.981,0.9672977624784854,0.8342151675485009,0.9982530402583162,0.9683333333333333,0.018534023990115216,0.0189332542619224,"{""buckets"": [{""accuracy"": 0.02510460251046025, ""bin_hi"": 0.1, ""bin_lo"": 0.0, ""confidence"": 1.723129364674243e-05, ""n_samples"": 1434}, {""accuracy"": 0.5, ""bin_hi"": 0.2, ""bin_lo"": 0.1, ""confidence"": 0.19343899799898207, ""n_samples"": 2}, {""accuracy"": 0.0, ""bin_hi"": 0.30000000000000004, ""bin_lo"": 0.2, ""confidence"": 0.2827053777069778, ""n_samples"": 1}, {""accuracy"": 0.0, ""bin_hi"": 0.4, ""bin_lo"": 0.30000000000000004, ""confidence"": 0.0, ""n_samples"": 0}, {""accuracy"": 1.0, ""bin_hi"": 0.5, ""bin_lo"": 0.4, ""confidence"": 0.49788581816434735, ""n_samples"": 1}, {""accuracy"": 0.0, ""bin_hi"": 0.6000000000000001, ""bin_lo"": 0.5, ""confidence"": 0.0, ""n_samples"": 0}, {""accuracy"": 0.0, ""bin_hi"": 0.7000000000000001, ""bin_lo"": 0.6000000000000001, ""confidence"": 0.0, ""n_samples"": 0}, {""accuracy"": 1.0, ""bin_hi"": 0.8, ""bin_lo"": 0.7000000000000001, ""confidence"": 0.732903630002744, ""n_samples"": 1}, {""accuracy"": 1.0, ""bin_hi"": 0.9, ""bin_lo"": 0.8, ""confidence"": 0.8973275033436843, ""n_samples"": 1}, {""accuracy"": 1.0, ""bin_hi"": 1.0, ""bin_lo"": 0.9, ""confidence"": 0.9997794504129714, ""n_samples"": 560}], ""ece"": 0.0189332542619224}",0.04699999999957072,success,
elkan_noto,scar-pi0.3-scalemid,109,"{""base_estimator"": null, ""calibration_method"": ""isotonic"", ""eps"": 1e-12, ""mode"": ""weighted_retraining"", ""n_cv_folds"": 3}",scar,0.3,0.5,0.5,True,0,,,0.6263567539829438,,,,,0.276,False,-0.09623878928002055,0.9203821656050956,1.0,0.9991535714285714,0.975,0.9565972222222222,0.8440094899169632,0.9982212649119827,0.9588095238095238,0.023282133475891705,0.024138254471668997,"{""buckets"": [{""accuracy"": 0.029819694868238558, ""bin_hi"": 0.1, ""bin_lo"": 0.0, ""confidence"": 0.00012987072275509636, ""n_samples"": 1442}, {""accuracy"": 1.0, ""bin_hi"": 0.2, ""bin_lo"": 0.1, ""confidence"": 0.10116947026844245, ""n_samples"": 1}, {""accuracy"": 1.0, ""bin_hi"": 0.30000000000000004, ""bin_lo"": 0.2, ""confidence"": 0.26533045349274903, ""n_samples"": 1}, {""accuracy"": 1.0, ""bin_hi"": 0.4, ""bin_lo"": 0.30000000000000004, ""confidence"": 0.35719670584058294, ""n_samples"": 1}, {""accuracy"": 1.0, ""bin_hi"": 0.5, ""bin_lo"": 0.4, ""confidence"": 0.48103610699060245, ""n_samples"": 3}, {""accuracy"": 1.0, ""bin_hi"": 0.6000000000000001, ""bin_lo"": 0.5, ""confidence"": 0.5570596145380762, ""n_samples"": 1}, {""accuracy"": 1.0, ""bin_hi"": 0.7000000000000001, ""bin_lo"": 0.6000000000000001, ""confidence"": 0.6311704924235138, ""n_samples"": 1}, {""accuracy"": 0.0, ""bin_hi"": 0.8, ""bin_lo"": 0.7000000000000001, ""confidence"": 0.0, ""n_samples"": 0}, {""accuracy"": 1.0, ""bin_hi"": 0.9, ""bin_lo"": 0.8, ""confidence"": 0.8768410812188356, ""n_samples"": 1}, {""accuracy"": 0.9981785063752276, ""bin_hi"": 1.0, ""bin_lo"": 0.9, ""confidence"": 0.9994456441972766, ""n_samples"": 549}], ""ece"": 0.024138254471668997}",0.04700000000048021,success,
elkan_noto,scar-pi0.3-scalemid,110,"{""base_estimator"": null, ""calibration_method"": ""isotonic"", ""eps"": 1e-12, ""mode"": ""weighted_retraining"", ""n_cv_folds"": 3}",scar,0.3,0.5,0.5,True,0,,,0.5842149625970816,,,,,0.2725,False,-0.09258349585070702,0.9265734265734266,1.0,0.9983964285714285,0.9715,0.9502183406113537,0.8366394399066511,0.9967781610488642,0.9529761904761904,0.027378790693297895,0.02861720873612091,"{""buckets"": [{""accuracy"": 0.03522099447513812, ""bin_hi"": 0.1, ""bin_lo"": 0.0, ""confidence"": 0.00028600449457003176, ""n_samples"": 1448}, {""accuracy"": 0.6666666666666666, ""bin_hi"": 0.2, ""bin_lo"": 0.1, ""confidence"": 0.15245657306768245, ""n_samples"": 3}, {""accuracy"": 0.5, ""bin_hi"": 0.30000000000000004, ""bin_lo"": 0.2, ""confidence"": 0.2690455740817903, ""n_samples"": 2}, {""accuracy"": 1.0, ""bin_hi"": 0.4, ""bin_lo"": 0.30000000000000004, ""confidence"": 0.33068342154990604, ""n_samples"": 1}, {""accuracy"": 1.0, ""bin_hi"": 0.5, ""bin_lo"": 0.4, ""confidence"": 0.4900527548854223, ""n_samples"": 1}, {""accuracy"": 1.0, ""bin_hi"": 0.6000000000000001, ""bin_lo"": 0.5, ""confidence"": 0.5449798473972287, ""n_samples"": 4}, {""accuracy"": 0.0, ""bin_hi"": 0.7000000000000001, ""bin_lo"": 0.6000000000000001, ""confidence"": 0.0, ""n_samples"": 0}, {""accuracy"": 1.0, ""bin_hi"": 0.8, ""bin_lo"": 0.7000000000000001, ""confidence"": 0.757871635711203, ""n_samples"": 4}, {""accuracy"": 0.75, ""bin_hi"": 0.9, ""bin_lo"": 0.8, ""confidence"": 0.8368403328859892, ""n_samples"": 4}, {""accuracy"": 1.0, ""bin_hi"": 1.0, ""bin_lo"": 0.9, ""confidence"": 0.9993831264069963, ""n_samples"": 533}], ""ece"": 0.02861720873612091}",0.046000000000276486,success,
elkan_noto,scar-pi0.3-scalemid,111,"{""base_estimator"": null, ""calibration_method"": ""isotonic"", ""eps"": 1e-12, ""mode"": ""weighted_retraining"", ""n_cv_folds"": 3}",scar,0.3,0.5,0.5,True,0,,,0.6059284930159718,,,,,0.262,False,-0.08815723215748292,0.903114186851211,1.0,0.9994226190476191,0.962,0.9323843416370107,0.8462887200467563,0.9986620730064667,0.9366666666666666,0.03404899072716058,0.03853481870730307,"{""buckets"": [{""accuracy"": 0.039780521262002745, ""bin_hi"": 0.1, ""bin_lo"": 0.0, ""confidence"": 0.000567041950204134, ""n_samples"": 1458}, {""accuracy"": 1.0, ""bin_hi"": 0.2, ""bin_lo"": 0.1, ""confidence"": 0.14070475400587973, ""n_samples"": 5}, {""accuracy"": 1.0, ""bin_hi"": 0.30000000000000004, ""bin_lo"": 0.2, ""confidence"": 0.23321756783327183, ""n_samples"": 5}, {""accuracy"": 1.0, ""bin_hi"": 0.4, ""bin_lo"": 0.30000000000000004, ""confidence"": 0.3663630539375904, ""n_samples"": 4}, {""accuracy"": 1.0, ""bin_hi"": 0.5, ""bin_lo"": 0.4, ""confidence"": 0.44543045984470686, ""n_samples"": 4}, {""accuracy"": 1.0, ""bin_hi"": 0.6000000000000001, ""bin_lo"": 0.5, ""confidence"": 0.5685388314687694, ""n_samples"": 4}, {""accuracy"": 1.0, ""bin_hi"": 0.7000000000000001, ""bin_lo"": 0.6000000000000001, ""confidence"": 0.6685404473096204, ""n_samples"": 5}, {""accuracy"": 1.0, ""bin_hi"": 0.8, ""bin_lo"": 0.7000000000000001, ""confidence"": 0.7323510845474508, ""n_samples"": 4}, {""accuracy"": 1.0, ""bin_hi"": 0.9, ""bin_lo"": 0.8, ""confidence"": 0.8425179510055726, ""n_samples"": 9}, {""accuracy"": 1.0, ""bin_hi"": 1.0, ""bin_lo"": 0.9, ""confidence"": 0.9977249129442394, ""n_samples"": 502}], ""ece"": 0.03853481870730307}",0.04699999999957072,success,
elkan_noto,scar-pi0.3-scalemid,112,"{""base_estimator"": null, ""calibration_method"": ""isotonic"", ""eps"": 1e-12, ""mode"": ""weighted_retraining"", ""n_cv_folds"": 3}",scar,0.3,0.5,0.5,True,0,,,0.6117613343464965,,,,,0.2685,False,-0.07258823529411762,0.8866666666666667,0.9906890130353817,0.998072619047619,0.9675,0.9428320140721196,0.8405882352941176,0.9957084819623786,0.9463095238095238,0.030574268941005102,0.03258659403758768,"{""buckets"": [{""accuracy"": 0.03785271851342051, ""bin_hi"": 0.1, ""bin_lo"": 0.0, ""confidence"": 0.0005154967070484434, ""n_samples"": 1453}, {""accuracy"": 0.75, ""bin_hi"": 0.2, ""bin_lo"": 0.1, ""confidence"": 0.13612948691848825, ""n_samples"": 4}, {""accuracy"": 1.0, ""bin_hi"": 0.30000000000000004, ""bin_lo"": 0.2, ""confidence"": 0.22943448646570652, ""n_samples"": 1}, {""accuracy"": 1.0, ""bin_hi"": 0.4, ""bin_lo"": 0.30000000000000004, ""confidence"": 0.39247380631980056, ""n_samples"": 1}, {""accuracy"": 1.0, ""bin_hi"": 0.5, ""bin_lo"": 0.4, ""confidence"": 0.43542603017454773, ""n_samples"": 4}, {""accuracy"": 1.0, ""bin_hi"": 0.6000000000000001, ""bin_lo"": 0.5, ""confidence"": 0.5342819238714388, ""n_samples"": 6}, {""accuracy"": 1.0, ""bin_hi"": 0.7000000000000001, ""bin_lo"": 0.6000000000000001, ""confidence"": 0.6669510890847745, ""n_samples"": 1}, {""accuracy"": 1.0, ""bin_hi"": 0.8, ""bin_lo"": 0.7000000000000001, ""confidence"": 0.7624823961665903, ""n_samples"": 5}, {""accuracy"": 1.0, ""bin_hi"": 0.9, ""bin_lo"": 0.8, ""confidence"": 0.8581521292867617, ""n_samples"": 3}, {""accuracy"": 0.9980842911877394, ""bin_hi"": 1.0, ""bin_lo"": 0.9, ""confidence"": 0.9979121721213007, ""n_samples"": 522}], ""ece"": 0.03258659403758768}",0.04699999999957072,success,
elkan_noto,scar-pi0.3-scalemid,113,"{""base_estimator"": null, ""calibration_method"": ""isotonic"", ""eps"": 1e-12, ""mode"": ""weighted_retraining"", ""n_cv_folds"": 3}",scar,0.3,0.5,0.5,True,0,,,0.6065566224799719,,,,,0.2845,False,-0.10064878023574261,0.941747572815534,0.9930554370638319,0.9984,0.9795,0.9649272882805817,0.8356002365464222,0.9944552012524719,0.9682142857142857,0.018889567471551915,0.019239229187323677,"{""buckets"": [{""accuracy"": 0.021067415730337078, ""bin_hi"": 0.1, ""bin_lo"": 0.0, ""confidence"": 7.468608044734309e-05, ""n_samples"": 1424}, {""accuracy"": 1.0, ""bin_hi"": 0.2, ""bin_lo"": 0.1, ""confidence"": 0.17043607095269198, ""n_samples"": 2}, {""accuracy"": 0.0, ""bin_hi"": 0.30000000000000004, ""bin_lo"": 0.2, ""confidence"": 0.0, ""n_samples"": 0}, {""accuracy"": 0.6666666666666666, ""bin_hi"": 0.4, ""bin_lo"": 0.30000000000000004, ""confidence"": 0.35773942956859245, ""n_samples"": 3}, {""accuracy"": 1.0, ""bin_hi"": 0.5, ""bin_lo"": 0.4, ""confidence"": 0.440392303418684, ""n_samples"": 2}, {""accuracy"": 0.0, ""bin_hi"": 0.6000000000000001, ""bin_lo"": 0.5, ""confidence"": 0.0, ""n_samples"": 0}, {""accuracy"": 0.0, ""bin_hi"": 0.7000000000000001, ""bin_lo"": 0.6000000000000001, ""confidence"": 0.0, ""n_samples"": 0}, {""accuracy"": 0.0, ""bin_hi"": 0.8, ""bin_lo"": 0.7000000000000001, ""confidence"": 0.0, ""n_samples"": 0}, {""accuracy"": 0.0, ""bin_hi"": 0.9, ""bin_lo"": 0.8, ""confidence"": 0.0, ""n_samples"": 0}, {""accuracy"": 0.9912126537785588, ""bin_hi"": 1.0, ""bin_lo"": 0.9, ""confidence"": 0.9997885525319031, ""n_samples"": 569}], ""ece"": 0.019239229187323677}",0.04700000000048021,success,
elkan_noto,scar-pi0.3-scalemid,114,"{""base_estimator"": null, ""calibration_method"": ""isotonic"", ""eps"": 1e-12, ""mode"": ""weighted_retraining"", ""n_cv_folds"": 3}",scar,0.3,0.5,0.5,True,0,,,0.6396423846778362,,,,,0.278,False,-0.10707588185448363,0.9318885448916409,1.0,0.9985803571428571,0.976,0.9584775086505191,0.8479427549194991,0.9958158778832036,0.960952380952381,0.023075955086569247,0.023662222718863066,"{""buckets"": [{""accuracy"": 0.029166666666666667, ""bin_hi"": 0.1, ""bin_lo"": 0.0, ""confidence"": 0.00015608463392728845, ""n_samples"": 1440}, {""accuracy"": 1.0, ""bin_hi"": 0.2, ""bin_lo"": 0.1, ""confidence"": 0.10238811382276079, ""n_samples"": 1}, {""accuracy"": 1.0, ""bin_hi"": 0.30000000000000004, ""bin_lo"": 0.2, ""confidence"": 0.2733010612289562, ""n_samples"": 2}, {""accuracy"": 1.0, ""bin_hi"": 0.4, ""bin_lo"": 0.30000000000000004, ""confidence"": 0.3205260265568574, ""n_samples"": 1}, {""accuracy"": 0.0, ""bin_hi"": 0.5, ""bin_lo"": 0.4, ""confidence"": 0.0, ""n_samples"": 0}, {""accuracy"": 1.0, ""bin_hi"": 0.6000000000000001, ""bin_lo"": 0.5, ""confidence"": 0.5630535555843483, ""n_samples"": 1}, {""accuracy"": 0.0, ""bin_hi"": 0.7000000000000001, ""bin_lo"": 0.6000000000000001, ""confidence"": 0.0, ""n_samples"": 0}, {""accuracy"": 0.0, ""bin_hi"": 0.8, ""bin_lo"": 0.7000000000000001, ""confidence"": 0.0, ""n_samples"": 0}, {""accuracy"": 1.0, ""bin_hi"": 0.9, ""bin_lo"": 0.8, ""confidence"": 0.8302037128212726, ""n_samples"": 2}, {""accuracy"": 0.9963833634719711, ""bin_hi"": 1.0, ""bin_lo"": 0.9, ""confidence"": 0.9995337876214211, ""n_samples"": 553}], ""ece"": 0.023662222718863066}",0.04700000000048021,success,
elkan_noto,scar-pi0.3-scalemid,115,"{""base_estimator"": null, ""calibration_method"": ""isotonic"", ""eps"": 1e-12, ""mode"": ""weighted_retraining"", ""n_cv_folds"": 3}",scar,0.3,0.5,0.5,True,0,,,0.6144691495777332,,,,,0.282,False,-0.11297849070360916,0.9519230769230769,1.0,0.9986642857142857,0.98,0.9656357388316151,0.841824644549763,0.9961357583840825,0.9676190476190476,0.019845684415384465,0.020372951513217805,"{""buckets"": [{""accuracy"": 0.02512212142358688, ""bin_hi"": 0.1, ""bin_lo"": 0.0, ""confidence"": 2.1022661784912087e-05, ""n_samples"": 1433}, {""accuracy"": 1.0, ""bin_hi"": 0.2, ""bin_lo"": 0.1, ""confidence"": 0.14866260016522398, ""n_samples"": 1}, {""accuracy"": 1.0, ""bin_hi"": 0.30000000000000004, ""bin_lo"": 0.2, ""confidence"": 0.23831982865815055, ""n_samples"": 1}, {""accuracy"": 0.0, ""bin_hi"": 0.4, ""bin_lo"": 0.30000000000000004, ""confidence"": 0.0, ""n_samples"": 0}, {""accuracy"": 0.0, ""bin_hi"": 0.5, ""bin_lo"": 0.4, ""confidence"": 0.43445508992934845, ""n_samples"": 1}, {""accuracy"": 0.0, ""bin_hi"": 0.6000000000000001, ""bin_lo"": 0.5, ""confidence"": 0.0, ""n_samples"": 0}, {""accuracy"": 1.0, ""bin_hi"": 0.7000000000000001, ""bin_lo"": 0.6000000000000001, ""confidence"": 0.678492133555622, ""n_samples"": 1}, {""accuracy"": 1.0, ""bin_hi"": 0.8, ""bin_lo"": 0.7000000000000001, ""confidence"": 0.7691594873942535, ""n_samples"": 2}, {""accuracy"": 1.0, ""bin_hi"": 0.9, ""bin_lo"": 0.8, ""confidence"": 0.886904546990235, ""n_samples"": 2}, {""accuracy"": 0.9964221824686941, ""bin_hi"": 1.0, ""bin_lo"": 0.9, ""confidence"": 0.9994976315599141, ""n_samples"": 559}], ""ece"": 0.020372951513217805}",0.04699999999957072,success,
elkan_noto,scar-pi0.3-scalemid,116,"{""base_estimator"": null, ""calibration_method"": ""isotonic"", ""eps"": 1e-12, ""mode"": ""weighted_retraining"", ""n_cv_folds"": 3}",scar,0.3,0.5,0.5,True,0,,,0.6177196836468819,,,,,0.269,False,-0.08957508007724754,0.9075907590759076,1.0,0.9997392857142857,0.968,0.9437609841827768,0.845020624631703,0.9993762392034065,0.9471428571428572,0.029591627021236536,0.03210566154039693,"{""buckets"": [{""accuracy"": 0.03650137741046832, ""bin_hi"": 0.1, ""bin_lo"": 0.0, ""confidence"": 0.00045353750281488343, ""n_samples"": 1452}, {""accuracy"": 1.0, ""bin_hi"": 0.2, ""bin_lo"": 0.1, ""confidence"": 0.1394216318235735, ""n_samples"": 3}, {""accuracy"": 1.0, ""bin_hi"": 0.30000000000000004, ""bin_lo"": 0.2, ""confidence"": 0.27432000316134464, ""n_samples"": 2}, {""accuracy"": 1.0, ""bin_hi"": 0.4, ""bin_lo"": 0.30000000000000004, ""confidence"": 0.34147875242427556, ""n_samples"": 3}, {""accuracy"": 1.0, ""bin_hi"": 0.5, ""bin_lo"": 0.4, ""confidence"": 0.4770761737017429, ""n_samples"": 2}, {""accuracy"": 1.0, ""bin_hi"": 0.6000000000000001, ""bin_lo"": 0.5, ""confidence"": 0.5769139513349115, ""n_samples"": 3}, {""accuracy"": 1.0, ""bin_hi"": 0.7000000000000001, ""bin_lo"": 0.6000000000000001, ""confidence"": 0.6505704497983771, ""n_samples"": 4}, {""accuracy"": 1.0, ""bin_hi"": 0.8, ""bin_lo"": 0.7000000000000001, ""confidence"": 0.7391438141350571, ""n_samples"": 3}, {""accuracy"": 1.0, ""bin_hi"": 0.9, ""bin_lo"": 0.8, ""confidence"": 0.8347638092511018, ""n_samples"": 6}, {""accuracy"": 0.9980842911877394, ""bin_hi"": 1.0, ""bin_lo"": 0.9, ""confidence"": 0.9988015153112276, ""n_samples"": 522}], ""ece"": 0.03210566154039693}",0.04699999999957072,success,
elkan_noto,scar-pi0.3-scalemid,117,"{""base_estimator"": null, ""calibration_method"": ""isotonic"", ""eps"": 1e-12, ""mode"": ""weighted_retraining"", ""n_cv_folds"": 3}",scar,0.3,0.5,0.5,True,0,,,0.5895525469537238,,,,,0.285,False,-0.10155195248458257,0.9471947194719472,0.9970470731283655,0.9974696428571429,0.977,0.9606837606837607,0.8332351208014143,0.9933308177312106,0.9654761904761905,0.022445276369123312,0.023459276253498806,"{""buckets"": [{""accuracy"": 0.02323943661971831, ""bin_hi"": 0.1, ""bin_lo"": 0.0, ""confidence"": 0.00016941538356527128, ""n_samples"": 1420}, {""accuracy"": 0.5, ""bin_hi"": 0.2, ""bin_lo"": 0.1, ""confidence"": 0.14705725132951764, ""n_samples"": 2}, {""accuracy"": 0.5, ""bin_hi"": 0.30000000000000004, ""bin_lo"": 0.2, ""confidence"": 0.22143401213367703, ""n_samples"": 2}, {""accuracy"": 0.75, ""bin_hi"": 0.4, ""bin_lo"": 0.30000000000000004, ""confidence"": 0.3457229438289049, ""n_samples"": 4}, {""accuracy"": 0.0, ""bin_hi"": 0.5, ""bin_lo"": 0.4, ""confidence"": 0.45386737159876855, ""n_samples"": 2}, {""accuracy"": 1.0, ""bin_hi"": 0.6000000000000001, ""bin_lo"": 0.5, ""confidence"": 0.5125871889088817, ""n_samples"": 3}, {""accuracy"": 1.0, ""bin_hi"": 0.7000000000000001, ""bin_lo"": 0.6000000000000001, ""confidence"": 0.6461730369032235, ""n_samples"": 2}, {""accuracy"": 1.0, ""bin_hi"": 0.8, ""bin_lo"": 0.7000000000000001, ""confidence"": 0.7665503755615302, ""n_samples"": 1}, {""accuracy"": 1.0, ""bin_hi"": 0.9, ""bin_lo"": 0.8, ""confidence"": 0.8860481416249714, ""n_samples"": 1}, {""accuracy"": 0.9857904085257548, ""bin_hi"": 1.0, ""bin_lo"": 0.9, ""confidence"": 0.9997406182387644, ""n_samples"": 563}], ""ece"": 0.023459276253498806}",0.046000000000276486,success,
elkan_noto,scar-pi0.3-scalemid,118,"{""base_estimator"": null, ""calibration_method"": ""isotonic"", ""eps"": 1e-12, ""mode"": ""weighted_retraining"", ""n_cv_folds"": 3}",scar,0.3,0.5,0.5,True,0,,,0.6242235351642014,,,,,0.2715,False,-0.10842495679582945,0.9320388349514563,1.0,0.9992642857142857,0.9705,0.9483814523184602,0.8492016558249557,0.9983479566826043,0.9513095238095238,0.02705588440909795,0.029565300548816485,"{""buckets"": [{""accuracy"": 0.03250345781466114, ""bin_hi"": 0.1, ""bin_lo"": 0.0, ""confidence"": 0.0003883769353982301, ""n_samples"": 1446}, {""accuracy"": 1.0, ""bin_hi"": 0.2, ""bin_lo"": 0.1, ""confidence"": 0.16008468871162898, ""n_samples"": 4}, {""accuracy"": 1.0, ""bin_hi"": 0.30000000000000004, ""bin_lo"": 0.2, ""confidence"": 0.2554426271695225, ""n_samples"": 3}, {""accuracy"": 1.0, ""bin_hi"": 0.4, ""bin_lo"": 0.30000000000000004, ""confidence"": 0.3982150296109217, ""n_samples"": 1}, {""accuracy"": 1.0, ""bin_hi"": 0.5, ""bin_lo"": 0.4, ""confidence"": 0.45559898773222957, ""n_samples"": 3}, {""accuracy"": 1.0, ""bin_hi"": 0.6000000000000001, ""bin_lo"": 0.5, ""confidence"": 0.566892691483226, ""n_samples"": 4}, {""accuracy"": 1.0, ""bin_hi"": 0.7000000000000001, ""bin_lo"": 0.6000000000000001, ""confidence"": 0.6328310310332312, ""n_samples"": 2}, {""accuracy"": 1.0, ""bin_hi"": 0.8, ""bin_lo"": 0.7000000000000001, ""confidence"": 0.7600711548616015, ""n_samples"": 5}, {""accuracy"": 1.0, ""bin_hi"": 0.9, ""bin_lo"": 0.8, ""confidence"": 0.8548423917527957, ""n_samples"": 5}, {""accuracy"": 0.9981024667931688, ""bin_hi"": 1.0, ""bin_lo"": 0.9, ""confidence"": 0.9989974826118649, ""n_samples"": 527}], ""ece"": 0.029565300548816485}",0.04700000000048021,success,
elkan_noto,scar-pi0.3-scalemid,119,"{""base_estimator"": null, ""calibration_method"": ""isotonic"", ""eps"": 1e-12, ""mode"": ""weighted_retraining"", ""n_cv_folds"": 3}",scar,0.3,0.5,0.5,True,0,,,0.6016195124656969,,,,,0.2665,False,-0.06693368171348024,0.8823529411764706,0.9932678512305485,0.9982690476190477,0.9635,0.9355692850838482,0.8375219170075979,0.9962297912969278,0.940595238095238,0.03467355575324755,0.03573335762589339,"{""buckets"": [{""accuracy"": 0.04192439862542955, ""bin_hi"": 0.1, ""bin_lo"": 0.0, ""confidence"": 0.00027701464306523123, ""n_samples"": 1455}, {""accuracy"": 0.8, ""bin_hi"": 0.2, ""bin_lo"": 0.1, ""confidence"": 0.12998444207416987, ""n_samples"": 5}, {""accuracy"": 1.0, ""bin_hi"": 0.30000000000000004, ""bin_lo"": 0.2, ""confidence"": 0.28975224234512265, ""n_samples"": 3}, {""accuracy"": 0.6666666666666666, ""bin_hi"": 0.4, ""bin_lo"": 0.30000000000000004, ""confidence"": 0.36664926159074346, ""n_samples"": 3}, {""accuracy"": 0.0, ""bin_hi"": 0.5, ""bin_lo"": 0.4, ""confidence"": 0.40315123898539595, ""n_samples"": 1}, {""accuracy"": 1.0, ""bin_hi"": 0.6000000000000001, ""bin_lo"": 0.5, ""confidence"": 0.5603060364965268, ""n_samples"": 1}, {""accuracy"": 0.0, ""bin_hi"": 0.7000000000000001, ""bin_lo"": 0.6000000000000001, ""confidence"": 0.0, ""n_samples"": 0}, {""accuracy"": 1.0, ""bin_hi"": 0.8, ""bin_lo"": 0.7000000000000001, ""confidence"": 0.7514934636836705, ""n_samples"": 2}, {""accuracy"": 1.0, ""bin_hi"": 0.9, ""bin_lo"": 0.8, ""confidence"": 0.8589103887012395, ""n_samples"": 4}, {""accuracy"": 0.9942965779467681, ""bin_hi"": 1.0, ""bin_lo"": 0.9, ""confidence"": 0.9992104212154156, ""n_samples"": 526}], ""ece"": 0.03573335762589339}",0.03099999999994907,success,
elkan_noto,scar-pi0.5-scalesmall,100,"{""base_estimator"": null, ""calibration_method"": ""isotonic"", ""eps"": 1e-12, ""mode"": ""weighted_retraining"", ""n_cv_folds"": 3}",scar,0.5,0.5,0.5,True,0,,,0.4937281092572387,,,,,0.5125,False,-0.13517915309446255,1.0,0.9756097560975611,0.998175,0.9775,0.9777777777777777,0.6351791530944625,0.998338480519647,0.9775,0.018001695838841793,0.019519680144314447,"{""buckets"": [{""accuracy"": 0.005154639175257732, ""bin_hi"": 0.1, ""bin_lo"": 0.0, ""confidence"": 5.311312670148917e-05, ""n_samples"": 194}, {""accuracy"": 0.0, ""bin_hi"": 0.2, ""bin_lo"": 0.1, ""confidence"": 0.0, ""n_samples"": 0}, {""accuracy"": 1.0, ""bin_hi"": 0.30000000000000004, ""bin_lo"": 0.2, ""confidence"": 0.24958791390267662, ""n_samples"": 1}, {""accuracy"": 0.0, ""bin_hi"": 0.4, ""bin_lo"": 0.30000000000000004, ""confidence"": 0.0, ""n_samples"": 0}, {""accuracy"": 0.0, ""bin_hi"": 0.5, ""bin_lo"": 0.4, ""confidence"": 0.0, ""n_samples"": 0}, {""accuracy"": 0.0, ""bin_hi"": 0.6000000000000001, ""bin_lo"": 0.5, ""confidence"": 0.5630506357517331, ""n_samples"": 2}, {""accuracy"": 0.0, ""bin_hi"": 0.7000000000000001, ""bin_lo"": 0.6000000000000001, ""confidence"": 0.0, ""n_samples"": 0}, {""accuracy"": 0.0, ""bin_hi"": 0.8, ""bin_lo"": 0.7000000000000001, ""confidence"": 0.0, ""n_samples"": 0}, {""accuracy"": 0.0, ""bin_hi"": 0.9, ""bin_lo"": 0.8, ""confidence"": 0.0, ""n_samples"": 0}, {""accuracy"": 0.9753694581280788, ""bin_hi"": 1.0, ""bin_lo"": 0.9, ""confidence"": 0.9997126238753945, ""n_samples"": 203}], ""ece"": 0.019519680144314447}",0.032000000000152795,success,
elkan_noto,scar-pi0.5-scalesmall,101,"{""base_estimator"": null, ""calibration_method"": ""isotonic"", ""eps"": 1e-12, ""mode"": ""weighted_retraining"", ""n_cv_folds"": 3}",scar,0.5,0.5,0.5,True,0,,,0.5262175028879437,,,,,0.5025,False,-0.11593685141710047,0.9690721649484536,0.9642509103964714,0.9929250000000001,0.9775,0.9775561097256857,0.6468646864686468,0.9875253980917429,0.9775,0.02273609549748507,0.022989266127130724,"{""buckets"": [{""accuracy"": 0.020100502512562814, ""bin_hi"": 0.1, ""bin_lo"": 0.0, ""confidence"": 0.0003264565798324154, ""n_samples"": 199}, {""accuracy"": 0.0, ""bin_hi"": 0.2, ""bin_lo"": 0.1, ""confidence"": 0.0, ""n_samples"": 0}, {""accuracy"": 0.0, ""bin_hi"": 0.30000000000000004, ""bin_lo"": 0.2, ""confidence"": 0.0, ""n_samples"": 0}, {""accuracy"": 0.0, ""bin_hi"": 0.4, ""bin_lo"": 0.30000000000000004, ""confidence"": 0.0, ""n_samples"": 0}, {""accuracy"": 0.0, ""bin_hi"": 0.5, ""bin_lo"": 0.4, ""confidence"": 0.0, ""n_samples"": 0}, {""accuracy"": 0.0, ""bin_hi"": 0.6000000000000001, ""bin_lo"": 0.5, ""confidence"": 0.0, ""n_samples"": 0}, {""accuracy"": 1.0, ""bin_hi"": 0.7000000000000001, ""bin_lo"": 0.6000000000000001, ""confidence"": 0.6990055512948179, ""n_samples"": 1}, {""accuracy"": 0.0, ""bin_hi"": 0.8, ""bin_lo"": 0.7000000000000001, ""confidence"": 0.0, ""n_samples"": 0}, {""accuracy"": 0.0, ""bin_hi"": 0.9, ""bin_lo"": 0.8, ""confidence"": 0.0, ""n_samples"": 0}, {""accuracy"": 0.975, ""bin_hi"": 1.0, ""bin_lo"": 0.9, ""confidence"": 0.9997983843076688, ""n_samples"": 200}], ""ece"": 0.022989266127130724}",0.032000000000152795,success,
elkan_noto,scar-pi0.5-scalesmall,102,"{""base_estimator"": null, ""calibration_method"": ""isotonic"", ""eps"": 1e-12, ""mode"": ""weighted_retraining"", ""n_cv_folds"": 3}",scar,0.5,0.5,0.5,True,0,,,0.5435712639802491,,,,,0.4825,False,-0.10716802577267692,0.9393939393939394,0.9734652221698855,0.9922,0.9625,0.9618320610687023,0.6677740863787376,0.9931641059116841,0.9624999999999999,0.03493590915021919,0.038290508847262955,"{""buckets"": [{""accuracy"": 0.039603960396039604, ""bin_hi"": 0.1, ""bin_lo"": 0.0, ""confidence"": 9.765377659505405e-05, ""n_samples"": 202}, {""accuracy"": 0.0, ""bin_hi"": 0.2, ""bin_lo"": 0.1, ""confidence"": 0.1701450225722718, ""n_samples"": 1}, {""accuracy"": 0.6666666666666666, ""bin_hi"": 0.30000000000000004, ""bin_lo"": 0.2, ""confidence"": 0.2470648158867326, ""n_samples"": 3}, {""accuracy"": 1.0, ""bin_hi"": 0.4, ""bin_lo"": 0.30000000000000004, ""confidence"": 0.3758547903013788, ""n_samples"": 1}, {""accuracy"": 0.0, ""bin_hi"": 0.5, ""bin_lo"": 0.4, ""confidence"": 0.0, ""n_samples"": 0}, {""accuracy"": 1.0, ""bin_hi"": 0.6000000000000001, ""bin_lo"": 0.5, ""confidence"": 0.591445901418593, ""n_samples"": 1}, {""accuracy"": 1.0, ""bin_hi"": 0.7000000000000001, ""bin_lo"": 0.6000000000000001, ""confidence"": 0.6275485110630183, ""n_samples"": 1}, {""accuracy"": 1.0, ""bin_hi"": 0.8, ""bin_lo"": 0.7000000000000001, ""confidence"": 0.7867624156854425, ""n_samples"": 1}, {""accuracy"": 1.0, ""bin_hi"": 0.9, ""bin_lo"": 0.8, ""confidence"": 0.86792224778723, ""n_samples"": 3}, {""accuracy"": 0.9786096256684492, ""bin_hi"": 1.0, ""bin_lo"": 0.9, ""confidence"": 0.9994243710625424, ""n_samples"": 187}], ""ece"": 0.038290508847262955}",0.03099999999994907,success,
elkan_noto,scar-pi0.5-scalesmall,103,"{""base_estimator"": null, ""calibration_method"": ""isotonic"", ""eps"": 1e-12, ""mode"": ""weighted_retraining"", ""n_cv_folds"": 3}",scar,0.5,0.5,0.5,True,0,,,0.5488496018206696,,,,,0.5325,False,-0.13822525597269625,1.0,0.9389671361502347,0.97725,0.9675,0.9685230024213075,0.6382252559726962,0.9565020803471891,0.9675,0.03252703871828562,0.03422320916646703,"{""buckets"": [{""accuracy"": 0.0, ""bin_hi"": 0.1, ""bin_lo"": 0.0, ""confidence"": 7.398974805767732e-05, ""n_samples"": 183}, {""accuracy"": 0.0, ""bin_hi"": 0.2, ""bin_lo"": 0.1, ""confidence"": 0.14222378443446493, ""n_samples"": 3}, {""accuracy"": 0.0, ""bin_hi"": 0.30000000000000004, ""bin_lo"": 0.2, ""confidence"": 0.0, ""n_samples"": 0}, {""accuracy"": 0.0, ""bin_hi"": 0.4, ""bin_lo"": 0.30000000000000004, ""confidence"": 0.3367714698391961, ""n_samples"": 1}, {""accuracy"": 0.0, ""bin_hi"": 0.5, ""bin_lo"": 0.4, ""confidence"": 0.0, ""n_samples"": 0}, {""accuracy"": 0.0, ""bin_hi"": 0.6000000000000001, ""bin_lo"": 0.5, ""confidence"": 0.0, ""n_samples"": 0}, {""accuracy"": 0.0, ""bin_hi"": 0.7000000000000001, ""bin_lo"": 0.6000000000000001, ""confidence"": 0.0, ""n_samples"": 0}, {""accuracy"": 0.0, ""bin_hi"": 0.8, ""bin_lo"": 0.7000000000000001, ""confidence"": 0.0, ""n_samples"": 0}, {""accuracy"": 0.0, ""bin_hi"": 0.9, ""bin_lo"": 0.8, ""confidence"": 0.0, ""n_samples"": 0}, {""accuracy"": 0.9389671361502347, ""bin_hi"": 1.0, ""bin_lo"": 0.9, ""confidence"": 0.9995882662889656, ""n_samples"": 213}], ""ece"": 0.03422320916646703}",0.04700000000048021,success,
elkan_noto,scar-pi0.5-scalesmall,104,"{""base_estimator"": null, ""calibration_method"": ""isotonic"", ""eps"": 1e-12, ""mode"": ""weighted_retraining"", ""n_cv_folds"": 3}",scar,0.5,0.5,0.5,True,0,,,0.5401487731678457,,,,,0.51,False,-0.1361746361746362,0.9807692307692307,0.9615384615384615,0.99765,0.965,0.9653465346534653,0.6554054054054054,0.9977156623286669,0.965,0.02698251270049898,0.030778896873042423,"{""buckets"": [{""accuracy"": 0.010362694300518135, ""bin_hi"": 0.1, ""bin_lo"": 0.0, ""confidence"": 0.00042933729769270633, ""n_samples"": 193}, {""accuracy"": 0.0, ""bin_hi"": 0.2, ""bin_lo"": 0.1, ""confidence"": 0.0, ""n_samples"": 0}, {""accuracy"": 0.0, ""bin_hi"": 0.30000000000000004, ""bin_lo"": 0.2, ""confidence"": 0.0, ""n_samples"": 0}, {""accuracy"": 1.0, ""bin_hi"": 0.4, ""bin_lo"": 0.30000000000000004, ""confidence"": 0.3328421233753067, ""n_samples"": 2}, {""accuracy"": 1.0, ""bin_hi"": 0.5, ""bin_lo"": 0.4, ""confidence"": 0.4117398622567183, ""n_samples"": 1}, {""accuracy"": 1.0, ""bin_hi"": 0.6000000000000001, ""bin_lo"": 0.5, ""confidence"": 0.5893845740789382, ""n_samples"": 1}, {""accuracy"": 0.0, ""bin_hi"": 0.7000000000000001, ""bin_lo"": 0.6000000000000001, ""confidence"": 0.6702615820053791, ""n_samples"": 2}, {""accuracy"": 0.0, ""bin_hi"": 0.8, ""bin_lo"": 0.7000000000000001, ""confidence"": 0.0, ""n_samples"": 0}, {""accuracy"": 0.0, ""bin_hi"": 0.9, ""bin_lo"": 0.8, ""confidence"": 0.8627830716671516, ""n_samples"": 2}, {""accuracy"": 0.9748743718592965, ""bin_hi"": 1.0, ""bin_lo"": 0.9, ""confidence"": 0.999975579012125, ""n_samples"": 199}], ""ece"": 0.030778896873042423}",0.03099999999994907,success,
elkan_noto,scar-pi0.5-scalesmall,105,"{""base_estimator"": null, ""calibration_method"": ""isotonic"", ""eps"": 1e-12, ""mode"": ""weighted_retraining"", ""n_cv_folds"": 3}",scar,0.5,0.5,0.5,True,0,,,0.5080341757869421,,,,,0.53,False,-0.1287625418060201,1.0,0.9433962264150942,0.99705,0.97,0.970873786407767,0.6287625418060201,0.9945150608841371,0.97,0.027215398560753147,0.03060733667311164,"{""buckets"": [{""accuracy"": 0.0, ""bin_hi"": 0.1, ""bin_lo"": 0.0, ""confidence"": 0.0009522568198651412, ""n_samples"": 185}, {""accuracy"": 0.0, ""bin_hi"": 0.2, ""bin_lo"": 0.1, ""confidence"": 0.0, ""n_samples"": 0}, {""accuracy"": 0.0, ""bin_hi"": 0.30000000000000004, ""bin_lo"": 0.2, ""confidence"": 0.0, ""n_samples"": 0}, {""accuracy"": 0.0, ""bin_hi"": 0.4, ""bin_lo"": 0.30000000000000004, ""confidence"": 0.34937258692474316, ""n_samples"": 2}, {""accuracy"": 0.0, ""bin_hi"": 0.5, ""bin_lo"": 0.4, ""confidence"": 0.4910662312622203, ""n_samples"": 1}, {""accuracy"": 0.0, ""bin_hi"": 0.6000000000000001, ""bin_lo"": 0.5, ""confidence"": 0.5716124705984988, ""n_samples"": 1}, {""accuracy"": 0.0, ""bin_hi"": 0.7000000000000001, ""bin_lo"": 0.6000000000000001, ""confidence"": 0.0, ""n_samples"": 0}, {""accuracy"": 0.0, ""bin_hi"": 0.8, ""bin_lo"": 0.7000000000000001, ""confidence"": 0.7563714236887037, ""n_samples"": 1}, {""accuracy"": 0.3333333333333333, ""bin_hi"": 0.9, ""bin_lo"": 0.8, ""confidence"": 0.8754256603426112, ""n_samples"": 3}, {""accuracy"": 0.961352657004831, ""bin_hi"": 1.0, ""bin_lo"": 0.9, ""confidence"": 0.9996265453002071, ""n_samples"": 207}], ""ece"": 0.03060733667311164}",0.04700000000048021,success,
elkan_noto,scar-pi0.5-scalesmall,106,"{""base_estimator"": null, ""calibration_method"": ""isotonic"", ""eps"": 1e-12, ""mode"": ""weighted_retraining"", ""n_cv_folds"": 3}",scar,0.5,0.5,0.5,True,0,,,0.5199317698419554,,,,,0.48,False,-0.1267471958584987,0.9578947368421052,0.9978070175438597,0.997925,0.975,0.9744897959183674,0.6688524590163935,0.9980497160416849,0.975,0.02098888597761916,0.02260358384581942,"{""buckets"": [{""accuracy"": 0.0297029702970297, ""bin_hi"": 0.1, ""bin_lo"": 0.0, ""confidence"": 0.0004303205356944658, ""n_samples"": 202}, {""accuracy"": 0.5, ""bin_hi"": 0.2, ""bin_lo"": 0.1, ""confidence"": 0.15950787502494695, ""n_samples"": 2}, {""accuracy"": 0.0, ""bin_hi"": 0.30000000000000004, ""bin_lo"": 0.2, ""confidence"": 0.22233064130173089, ""n_samples"": 2}, {""accuracy"": 1.0, ""bin_hi"": 0.4, ""bin_lo"": 0.30000000000000004, ""confidence"": 0.34764033225788016, ""n_samples"": 1}, {""accuracy"": 1.0, ""bin_hi"": 0.5, ""bin_lo"": 0.4, ""confidence"": 0.45744647039544334, ""n_samples"": 1}, {""accuracy"": 0.0, ""bin_hi"": 0.6000000000000001, ""bin_lo"": 0.5, ""confidence"": 0.0, ""n_samples"": 0}, {""accuracy"": 0.0, ""bin_hi"": 0.7000000000000001, ""bin_lo"": 0.6000000000000001, ""confidence"": 0.0, ""n_samples"": 0}, {""accuracy"": 0.0, ""bin_hi"": 0.8, ""bin_lo"": 0.7000000000000001, ""confidence"": 0.0, ""n_samples"": 0}, {""accuracy"": 0.5, ""bin_hi"": 0.9, ""bin_lo"": 0.8, ""confidence"": 0.8541792230971117, ""n_samples"": 2}, {""accuracy"": 1.0, ""bin_hi"": 1.0, ""bin_lo"": 0.9, ""confidence"": 0.9994766257345075, ""n_samples"": 190}], ""ece"": 0.02260358384581942}",0.04699999999957072,success,
elkan_noto,scar-pi0.5-scalesmall,107,"{""base_estimator"": null, ""calibration_method"": ""isotonic"", ""eps"": 1e-12, ""mode"": ""weighted_retraining"", ""n_cv_folds"": 3}",scar,0.5,0.5,0.5,True,0,,,0.48544474914104135,,,,,0.46,False,-0.1151940864584543,0.9506172839506173,1.0,0.998425,0.96,0.9583333333333334,0.664576802507837,0.9985014909431631,0.96,0.0356176753675274,0.06538328591265845,"{""buckets"": [{""accuracy"": 0.02030456852791878, ""bin_hi"": 0.1, ""bin_lo"": 0.0, ""confidence"": 0.007711414268983635, ""n_samples"": 197}, {""accuracy"": 0.4166666666666667, ""bin_hi"": 0.2, ""bin_lo"": 0.1, ""confidence"": 0.15588025757714338, ""n_samples"": 12}, {""accuracy"": 1.0, ""bin_hi"": 0.30000000000000004, ""bin_lo"": 0.2, ""confidence"": 0.23743327262257008, ""n_samples"": 2}, {""accuracy"": 1.0, ""bin_hi"": 0.4, ""bin_lo"": 0.30000000000000004, ""confidence"": 0.32917747311648077, ""n_samples"": 3}, {""accuracy"": 1.0, ""bin_hi"": 0.5, ""bin_lo"": 0.4, ""confidence"": 0.4378581188732837, ""n_samples"": 2}, {""accuracy"": 1.0, ""bin_hi"": 0.6000000000000001, ""bin_lo"": 0.5, ""confidence"": 0.5510839416680414, ""n_samples"": 6}, {""accuracy"": 1.0, ""bin_hi"": 0.7000000000000001, ""bin_lo"": 0.6000000000000001, ""confidence"": 0.6523680500577974, ""n_samples"": 7}, {""accuracy"": 1.0, ""bin_hi"": 0.8, ""bin_lo"": 0.7000000000000001, ""confidence"": 0.742736545343951, ""n_samples"": 16}, {""accuracy"": 1.0, ""bin_hi"": 0.9, ""bin_lo"": 0.8, ""confidence"": 0.8588215660491105, ""n_samples"": 26}, {""accuracy"": 1.0, ""bin_hi"": 1.0, ""bin_lo"": 0.9, ""confidence"": 0.9769971572673415, ""n_samples"": 129}], ""ece"": 0.06538328591265845}",0.03099999999994907,success,
elkan_noto,scar-pi0.5-scalesmall,108,"{""base_estimator"": null, ""calibration_method"": ""isotonic"", ""eps"": 1e-12, ""mode"": ""weighted_retraining"", ""n_cv_folds"": 3}",scar,0.5,0.5,0.5,True,0,,,0.5477701907459196,,,,,0.4675,False,-0.19381107491856675,1.0,1.0,0.99925,0.9675,0.9664082687338501,0.6938110749185668,0.9992572146960623,0.9675,0.031150450004026817,0.03268880066721659,"{""buckets"": [{""accuracy"": 0.05238095238095238, ""bin_hi"": 0.1, ""bin_lo"": 0.0, ""confidence"": 0.00026950486249539276, ""n_samples"": 210}, {""accuracy"": 1.0, ""bin_hi"": 0.2, ""bin_lo"": 0.1, ""confidence"": 0.17882906433849194, ""n_samples"": 1}, {""accuracy"": 0.5, ""bin_hi"": 0.30000000000000004, ""bin_lo"": 0.2, ""confidence"": 0.23351699572342483, ""n_samples"": 2}, {""accuracy"": 0.0, ""bin_hi"": 0.4, ""bin_lo"": 0.30000000000000004, ""confidence"": 0.0, ""n_samples"": 0}, {""accuracy"": 0.0, ""bin_hi"": 0.5, ""bin_lo"": 0.4, ""confidence"": 0.0, ""n_samples"": 0}, {""accuracy"": 0.0, ""bin_hi"": 0.6000000000000001, ""bin_lo"": 0.5, ""confidence"": 0.0, ""n_samples"": 0}, {""accuracy"": 1.0, ""bin_hi"": 0.7000000000000001, ""bin_lo"": 0.6000000000000001, ""confidence"": 0.6269697691991929, ""n_samples"": 2}, {""accuracy"": 0.0, ""bin_hi"": 0.8, ""bin_lo"": 0.7000000000000001, ""confidence"": 0.0, ""n_samples"": 0}, {""accuracy"": 0.0, ""bin_hi"": 0.9, ""bin_lo"": 0.8, ""confidence"": 0.0, ""n_samples"": 0}, {""accuracy"": 1.0, ""bin_hi"": 1.0, ""bin_lo"": 0.9, ""confidence"": 0.9998274655016519, ""n_samples"": 185}], ""ece"": 0.03268880066721659}",0.03099999999994907,success,
elkan_noto,scar-pi0.5-scalesmall,109,"{""base_estimator"": null, ""calibration_method"": ""isotonic"", ""eps"": 1e-12, ""mode"": ""weighted_retraining"", ""n_cv_folds"": 3}",scar,0.5,0.5,0.5,True,0,,,0.5895611544408313,,,,,0.4525,False,-0.14584354875617012,0.9320388349514563,1.0,0.992625,0.9425,0.9396325459317585,0.7138047138047138,0.9927879232191096,0.9425,0.05454718593616078,0.0576833406388496,"{""buckets"": [{""accuracy"": 0.07511737089201878, ""bin_hi"": 0.1, ""bin_lo"": 0.0, ""confidence"": 0.0015817355674739508, ""n_samples"": 213}, {""accuracy"": 0.8, ""bin_hi"": 0.2, ""bin_lo"": 0.1, ""confidence"": 0.15887532013099906, ""n_samples"": 5}, {""accuracy"": 1.0, ""bin_hi"": 0.30000000000000004, ""bin_lo"": 0.2, ""confidence"": 0.2557807922361045, ""n_samples"": 1}, {""accuracy"": 0.0, ""bin_hi"": 0.4, ""bin_lo"": 0.30000000000000004, ""confidence"": 0.0, ""n_samples"": 0}, {""accuracy"": 0.0, ""bin_hi"": 0.5, ""bin_lo"": 0.4, ""confidence"": 0.0, ""n_samples"": 0}, {""accuracy"": 1.0, ""bin_hi"": 0.6000000000000001, ""bin_lo"": 0.5, ""confidence"": 0.5289077955597865, ""n_samples"": 2}, {""accuracy"": 1.0, ""bin_hi"": 0.7000000000000001, ""bin_lo"": 0.6000000000000001, ""confidence"": 0.6019223582617117, ""n_samples"": 1}, {""accuracy"": 1.0, ""bin_hi"": 0.8, ""bin_lo"": 0.7000000000000001, ""confidence"": 0.7836606771255563, ""n_samples"": 3}, {""accuracy"": 0.0, ""bin_hi"": 0.9, ""bin_lo"": 0.8, ""confidence"": 0.0, ""n_samples"": 0}, {""accuracy"": 0.9885714285714285, ""bin_hi"": 1.0, ""bin_lo"": 0.9, ""confidence"": 0.9969778474574905, ""n_samples"": 175}], ""ece"": 0.0576833406388496}",0.03099999999994907,success,
elkan_noto,scar-pi0.5-scalesmall,110,"{""base_estimator"": null, ""calibration_method"": ""isotonic"", ""eps"": 1e-12, ""mode"": ""weighted_retraining"", ""n_cv_folds"": 3}",scar,0.5,0.5,0.5,True,0,,,0.5927837201123807,,,,,0.4575,False,-0.1391095420221634,0.9320388349514563,1.0,0.99735,0.9575,0.9556135770234987,0.7070707070707071,0.9975949931461275,0.9575,0.03673266499851823,0.057073277065994146,"{""buckets"": [{""accuracy"": 0.038461538461538464, ""bin_hi"": 0.1, ""bin_lo"": 0.0, ""confidence"": 0.004474176076447665, ""n_samples"": 208}, {""accuracy"": 1.0, ""bin_hi"": 0.2, ""bin_lo"": 0.1, ""confidence"": 0.15502332384208053, ""n_samples"": 2}, {""accuracy"": 1.0, ""bin_hi"": 0.30000000000000004, ""bin_lo"": 0.2, ""confidence"": 0.25211443908159076, ""n_samples"": 5}, {""accuracy"": 0.0, ""bin_hi"": 0.4, ""bin_lo"": 0.30000000000000004, ""confidence"": 0.0, ""n_samples"": 0}, {""accuracy"": 1.0, ""bin_hi"": 0.5, ""bin_lo"": 0.4, ""confidence"": 0.4413381176628159, ""n_samples"": 2}, {""accuracy"": 1.0, ""bin_hi"": 0.6000000000000001, ""bin_lo"": 0.5, ""confidence"": 0.5522858510077848, ""n_samples"": 5}, {""accuracy"": 1.0, ""bin_hi"": 0.7000000000000001, ""bin_lo"": 0.6000000000000001, ""confidence"": 0.6491613806627863, ""n_samples"": 3}, {""accuracy"": 1.0, ""bin_hi"": 0.8, ""bin_lo"": 0.7000000000000001, ""confidence"": 0.7290759074365188, ""n_samples"": 9}, {""accuracy"": 1.0, ""bin_hi"": 0.9, ""bin_lo"": 0.8, ""confidence"": 0.8757532784419554, ""n_samples"": 15}, {""accuracy"": 1.0, ""bin_hi"": 1.0, ""bin_lo"": 0.9, ""confidence"": 0.9892706604682, ""n_samples"": 151}], ""ece"": 0.057073277065994146}",0.03099999999994907,success,
elkan_noto,scar-pi0.5-scalesmall,111,"{""base_estimator"": null, ""calibration_method"": ""isotonic"", ""eps"": 1e-12, ""mode"": ""weighted_retraining"", ""n_cv_folds"": 3}",scar,0.5,0.5,0.5,True,0,,,0.5556936497847047,,,,,0.49,False,-0.16666666666666669,0.99,1.0,0.9987,0.97,0.9696969696969697,0.6766666666666666,0.9987368468485321,0.97,0.02160638847620006,0.024845019213894134,"{""buckets"": [{""accuracy"": 0.024875621890547265, ""bin_hi"": 0.1, ""bin_lo"": 0.0, ""confidence"": 0.00030862076939192095, ""n_samples"": 201}, {""accuracy"": 0.0, ""bin_hi"": 0.2, ""bin_lo"": 0.1, ""confidence"": 0.0, ""n_samples"": 0}, {""accuracy"": 1.0, ""bin_hi"": 0.30000000000000004, ""bin_lo"": 0.2, ""confidence"": 0.20827179640241109, ""n_samples"": 2}, {""accuracy"": 0.0, ""bin_hi"": 0.4, ""bin_lo"": 0.30000000000000004, ""confidence"": 0.0, ""n_samples"": 0}, {""accuracy"": 1.0, ""bin_hi"": 0.5, ""bin_lo"": 0.4, ""confidence"": 0.4071535983081903, ""n_samples"": 1}, {""accuracy"": 0.0, ""bin_hi"": 0.6000000000000001, ""bin_lo"": 0.5, ""confidence"": 0.5296607892903247, ""n_samples"": 2}, {""accuracy"": 0.0, ""bin_hi"": 0.7000000000000001, ""bin_lo"": 0.6000000000000001, ""confidence"": 0.0, ""n_samples"": 0}, {""accuracy"": 0.0, ""bin_hi"": 0.8, ""bin_lo"": 0.7000000000000001, ""confidence"": 0.7709113792311133, ""n_samples"": 1}, {""accuracy"": 0.0, ""bin_hi"": 0.9, ""bin_lo"": 0.8, ""confidence"": 0.0, ""n_samples"": 0}, {""accuracy"": 0.9948186528497409, ""bin_hi"": 1.0, ""bin_lo"": 0.9, ""confidence"": 0.9999663455622108, ""n_samples"": 193}], ""ece"": 0.024845019213894134}",0.04699999999957072,success,
elkan_noto,scar-pi0.5-scalesmall,112,"{""base_estimator"": null, ""calibration_method"": ""isotonic"", ""eps"": 1e-12, ""mode"": ""weighted_retraining"", ""n_cv_folds"": 3}",scar,0.5,0.5,0.5,True,0,,,0.5061012376698568,,,,,0.525,False,-0.1312292358803987,1.0,0.9523809523809523,0.9894999999999999,0.975,0.975609756097561,0.6312292358803987,0.9796713567026128,0.975,0.025269365935894808,0.02742573741820153,"{""buckets"": [{""accuracy"": 0.0, ""bin_hi"": 0.1, ""bin_lo"": 0.0, ""confidence"": 4.4269034866870244e-07, ""n_samples"": 187}, {""accuracy"": 0.0, ""bin_hi"": 0.2, ""bin_lo"": 0.1, ""confidence"": 0.19265678201933237, ""n_samples"": 1}, {""accuracy"": 0.0, ""bin_hi"": 0.30000000000000004, ""bin_lo"": 0.2, ""confidence"": 0.257885230627545, ""n_samples"": 1}, {""accuracy"": 0.0, ""bin_hi"": 0.4, ""bin_lo"": 0.30000000000000004, ""confidence"": 0.0, ""n_samples"": 0}, {""accuracy"": 0.0, ""bin_hi"": 0.5, ""bin_lo"": 0.4, ""confidence"": 0.4430707498531126, ""n_samples"": 1}, {""accuracy"": 0.0, ""bin_hi"": 0.6000000000000001, ""bin_lo"": 0.5, ""confidence"": 0.0, ""n_samples"": 0}, {""accuracy"": 0.0, ""bin_hi"": 0.7000000000000001, ""bin_lo"": 0.6000000000000001, ""confidence"": 0.0, ""n_samples"": 0}, {""accuracy"": 0.0, ""bin_hi"": 0.8, ""bin_lo"": 0.7000000000000001, ""confidence"": 0.0, ""n_samples"": 0}, {""accuracy"": 1.0, ""bin_hi"": 0.9, ""bin_lo"": 0.8, ""confidence"": 0.8045064549558352, ""n_samples"": 1}, {""accuracy"": 0.9521531100478469, ""bin_hi"": 1.0, ""bin_lo"": 0.9, ""confidence"": 0.9994311285963696, ""n_samples"": 209}], ""ece"": 0.02742573741820153}",0.046000000000276486,success,
elkan_noto,scar-pi0.5-scalesmall,113,"{""base_estimator"": null, ""calibration_method"": ""isotonic"", ""eps"": 1e-12, ""mode"": ""weighted_retraining"", ""n_cv_folds"": 3}",scar,0.5,0.5,0.5,True,0,,,0.5419761182034927,,,,,0.535,False,-0.136986301369863,1.0,0.9345794392523364,0.9974625,0.965,0.966183574879227,0.636986301369863,0.994975495049505,0.9650000000000001,0.0312160912724299,0.033759926494316576,"{""buckets"": [{""accuracy"": 0.0, ""bin_hi"": 0.1, ""bin_lo"": 0.0, ""confidence"": 2.9476357748788564e-05, ""n_samples"": 183}, {""accuracy"": 0.0, ""bin_hi"": 0.2, ""bin_lo"": 0.1, ""confidence"": 0.12118620269666529, ""n_samples"": 3}, {""accuracy"": 0.0, ""bin_hi"": 0.30000000000000004, ""bin_lo"": 0.2, ""confidence"": 0.0, ""n_samples"": 0}, {""accuracy"": 0.0, ""bin_hi"": 0.4, ""bin_lo"": 0.30000000000000004, ""confidence"": 0.0, ""n_samples"": 0}, {""accuracy"": 0.0, ""bin_hi"": 0.5, ""bin_lo"": 0.4, ""confidence"": 0.0, ""n_samples"": 0}, {""accuracy"": 0.0, ""bin_hi"": 0.6000000000000001, ""bin_lo"": 0.5, ""confidence"": 0.0, ""n_samples"": 0}, {""accuracy"": 0.0, ""bin_hi"": 0.7000000000000001, ""bin_lo"": 0.6000000000000001, ""confidence"": 0.0, ""n_samples"": 0}, {""accuracy"": 0.0, ""bin_hi"": 0.8, ""bin_lo"": 0.7000000000000001, ""confidence"": 0.7378025097631992, ""n_samples"": 2}, {""accuracy"": 0.0, ""bin_hi"": 0.9, ""bin_lo"": 0.8, ""confidence"": 0.8598173851159212, ""n_samples"": 1}, {""accuracy"": 0.9478672985781991, ""bin_hi"": 1.0, ""bin_lo"": 0.9, ""confidence"": 0.9990502152205037, ""n_samples"": 211}], ""ece"": 0.033759926494316576}",0.03099999999994907,success,
elkan_noto,scar-pi0.5-scalesmall,114,"{""base_estimator"": null, ""calibration_method"": ""isotonic"", ""eps"": 1e-12, ""mode"": ""weighted_retraining"", ""n_cv_folds"": 3}",scar,0.5,0.5,0.5,True,0,,,0.5527277599222834,,,,,0.49,False,-0.14508487958941968,0.9705882352941176,0.9903961584633854,0.993025,0.97,0.9696969696969697,0.674496644295302,0.9900208382111911,0.97,0.02750116040544608,0.02970996664625253,"{""buckets"": [{""accuracy"": 0.02512562814070352, ""bin_hi"": 0.1, ""bin_lo"": 0.0, ""confidence"": 5.147474482913201e-05, ""n_samples"": 199}, {""accuracy"": 0.75, ""bin_hi"": 0.2, ""bin_lo"": 0.1, ""confidence"": 0.16956476365099823, ""n_samples"": 4}, {""accuracy"": 0.0, ""bin_hi"": 0.30000000000000004, ""bin_lo"": 0.2, ""confidence"": 0.22303694168897512, ""n_samples"": 1}, {""accuracy"": 0.0, ""bin_hi"": 0.4, ""bin_lo"": 0.30000000000000004, ""confidence"": 0.0, ""n_samples"": 0}, {""accuracy"": 0.0, ""bin_hi"": 0.5, ""bin_lo"": 0.4, ""confidence"": 0.0, ""n_samples"": 0}, {""accuracy"": 0.0, ""bin_hi"": 0.6000000000000001, ""bin_lo"": 0.5, ""confidence"": 0.0, ""n_samples"": 0}, {""accuracy"": 1.0, ""bin_hi"": 0.7000000000000001, ""bin_lo"": 0.6000000000000001, ""confidence"": 0.6095153838514293, ""n_samples"": 2}, {""accuracy"": 1.0, ""bin_hi"": 0.8, ""bin_lo"": 0.7000000000000001, ""confidence"": 0.7013618293040812, ""n_samples"": 1}, {""accuracy"": 0.5, ""bin_hi"": 0.9, ""bin_lo"": 0.8, ""confidence"": 0.8778187607446399, ""n_samples"": 2}, {""accuracy"": 0.9842931937172775, ""bin_hi"": 1.0, ""bin_lo"": 0.9, ""confidence"": 0.9974565828332707, ""n_samples"": 191}], ""ece"": 0.02970996664625253}",0.03099999999994907,success,
elkan_noto,scar-pi0.5-scalesmall,115,"{""base_estimator"": null, ""calibration_method"": ""isotonic"", ""eps"": 1e-12, ""mode"": ""weighted_retraining"", ""n_cv_folds"": 3}",scar,0.5,0.5,0.5,True,0,,,0.5449108629077155,,,,,0.4675,False,-0.15694564279551337,0.968421052631579,1.0,0.9992249999999999,0.9625,0.9612403100775194,0.6885245901639344,0.9992256014361373,0.9625,0.03113120726236178,0.034755034237201804,"{""buckets"": [{""accuracy"": 0.04326923076923077, ""bin_hi"": 0.1, ""bin_lo"": 0.0, ""confidence"": 0.00048459907997809896, ""n_samples"": 208}, {""accuracy"": 1.0, ""bin_hi"": 0.2, ""bin_lo"": 0.1, ""confidence"": 0.13376482086066124, ""n_samples"": 2}, {""accuracy"": 1.0, ""bin_hi"": 0.30000000000000004, ""bin_lo"": 0.2, ""confidence"": 0.20130723369293074, ""n_samples"": 1}, {""accuracy"": 1.0, ""bin_hi"": 0.4, ""bin_lo"": 0.30000000000000004, ""confidence"": 0.3233921836315113, ""n_samples"": 1}, {""accuracy"": 1.0, ""bin_hi"": 0.5, ""bin_lo"": 0.4, ""confidence"": 0.47435586731239293, ""n_samples"": 1}, {""accuracy"": 1.0, ""bin_hi"": 0.6000000000000001, ""bin_lo"": 0.5, ""confidence"": 0.5812477913804862, ""n_samples"": 1}, {""accuracy"": 0.0, ""bin_hi"": 0.7000000000000001, ""bin_lo"": 0.6000000000000001, ""confidence"": 0.0, ""n_samples"": 0}, {""accuracy"": 0.5, ""bin_hi"": 0.8, ""bin_lo"": 0.7000000000000001, ""confidence"": 0.749725762904828, ""n_samples"": 2}, {""accuracy"": 1.0, ""bin_hi"": 0.9, ""bin_lo"": 0.8, ""confidence"": 0.8821420856469359, ""n_samples"": 1}, {""accuracy"": 1.0, ""bin_hi"": 1.0, ""bin_lo"": 0.9, ""confidence"": 0.9987249531087864, ""n_samples"": 183}], ""ece"": 0.034755034237201804}",0.04700000000048021,success,
elkan_noto,scar-pi0.5-scalesmall,116,"{""base_estimator"": null, ""calibration_method"": ""isotonic"", ""eps"": 1e-12, ""mode"": ""weighted_retraining"", ""n_cv_folds"": 3}",scar,0.5,0.5,0.5,True,0,,,0.540649200246939,,,,,0.5275,False,-0.1277643260694108,0.9904761904761905,0.9388399909726924,0.9955625,0.9625,0.9635036496350365,0.6372881355932203,0.9933108113350051,0.9625,0.03555671479210865,0.03625635227998791,"{""buckets"": [{""accuracy"": 0.010582010582010581, ""bin_hi"": 0.1, ""bin_lo"": 0.0, ""confidence"": 1.6651137148816084e-05, ""n_samples"": 189}, {""accuracy"": 0.0, ""bin_hi"": 0.2, ""bin_lo"": 0.1, ""confidence"": 0.0, ""n_samples"": 0}, {""accuracy"": 0.0, ""bin_hi"": 0.30000000000000004, ""bin_lo"": 0.2, ""confidence"": 0.0, ""n_samples"": 0}, {""accuracy"": 0.0, ""bin_hi"": 0.4, ""bin_lo"": 0.30000000000000004, ""confidence"": 0.0, ""n_samples"": 0}, {""accuracy"": 0.0, ""bin_hi"": 0.5, ""bin_lo"": 0.4, ""confidence"": 0.0, ""n_samples"": 0}, {""accuracy"": 0.0, ""bin_hi"": 0.6000000000000001, ""bin_lo"": 0.5, ""confidence"": 0.5641173556747435, ""n_samples"": 1}, {""accuracy"": 0.0, ""bin_hi"": 0.7000000000000001, ""bin_lo"": 0.6000000000000001, ""confidence"": 0.0, ""n_samples"": 0}, {""accuracy"": 0.0, ""bin_hi"": 0.8, ""bin_lo"": 0.7000000000000001, ""confidence"": 0.0, ""n_samples"": 0}, {""accuracy"": 0.0, ""bin_hi"": 0.9, ""bin_lo"": 0.8, ""confidence"": 0.0, ""n_samples"": 0}, {""accuracy"": 0.9428571428571428, ""bin_hi"": 1.0, ""bin_lo"": 0.9, ""confidence"": 0.999721764863055, ""n_samples"": 210}], ""ece"": 0.03625635227998791}",0.04699999999957072,success,
elkan_noto,scar-pi0.5-scalesmall,117,"{""base_estimator"": null, ""calibration_method"": ""isotonic"", ""eps"": 1e-12, ""mode"": ""weighted_retraining"", ""n_cv_folds"": 3}",scar,0.5,0.5,0.5,True,0,,,0.5280904520580215,,,,,0.5075,False,-0.1142152421222189,0.9696969696969697,0.955366472607852,0.997275,0.9675,0.967741935483871,0.6445182724252492,0.9974963237619696,0.9675,0.029551186355520523,0.030213474535742194,"{""buckets"": [{""accuracy"": 0.020512820512820513, ""bin_hi"": 0.1, ""bin_lo"": 0.0, ""confidence"": 1.734602807174823e-08, ""n_samples"": 195}, {""accuracy"": 0.5, ""bin_hi"": 0.2, ""bin_lo"": 0.1, ""confidence"": 0.1661976391280717, ""n_samples"": 2}, {""accuracy"": 0.0, ""bin_hi"": 0.30000000000000004, ""bin_lo"": 0.2, ""confidence"": 0.0, ""n_samples"": 0}, {""accuracy"": 0.0, ""bin_hi"": 0.4, ""bin_lo"": 0.30000000000000004, ""confidence"": 0.0, ""n_samples"": 0}, {""accuracy"": 0.0, ""bin_hi"": 0.5, ""bin_lo"": 0.4, ""confidence"": 0.0, ""n_samples"": 0}, {""accuracy"": 0.0, ""bin_hi"": 0.6000000000000001, ""bin_lo"": 0.5, ""confidence"": 0.0, ""n_samples"": 0}, {""accuracy"": 0.0, ""bin_hi"": 0.7000000000000001, ""bin_lo"": 0.6000000000000001, ""confidence"": 0.0, ""n_samples"": 0}, {""accuracy"": 0.0, ""bin_hi"": 0.8, ""bin_lo"": 0.7000000000000001, ""confidence"": 0.7710920089699629, ""n_samples"": 1}, {""accuracy"": 0.0, ""bin_hi"": 0.9, ""bin_lo"": 0.8, ""confidence"": 0.8628592836587125, ""n_samples"": 2}, {""accuracy"": 0.975, ""bin_hi"": 1.0, ""bin_lo"": 0.9, ""confidence"": 0.9996048894937055, ""n_samples"": 200}], ""ece"": 0.030213474535742194}",0.046000000000276486,success,
elkan_noto,scar-pi0.5-scalesmall,118,"{""base_estimator"": null, ""calibration_method"": ""isotonic"", ""eps"": 1e-12, ""mode"": ""weighted_retraining"", ""n_cv_folds"": 3}",scar,0.5,0.5,0.5,True,0,,,0.5053332852845926,,,,,0.49,False,-0.13410502540937325,0.9782608695652174,0.9982253771073647,0.997975,0.97,0.9696969696969697,0.6558441558441559,0.9979481819592524,0.97,0.026828700131693875,0.029585526795095532,"{""buckets"": [{""accuracy"": 0.0297029702970297, ""bin_hi"": 0.1, ""bin_lo"": 0.0, ""confidence"": 9.447783766515196e-05, ""n_samples"": 202}, {""accuracy"": 0.0, ""bin_hi"": 0.2, ""bin_lo"": 0.1, ""confidence"": 0.0, ""n_samples"": 0}, {""accuracy"": 1.0, ""bin_hi"": 0.30000000000000004, ""bin_lo"": 0.2, ""confidence"": 0.2737477247554671, ""n_samples"": 1}, {""accuracy"": 0.0, ""bin_hi"": 0.4, ""bin_lo"": 0.30000000000000004, ""confidence"": 0.0, ""n_samples"": 0}, {""accuracy"": 1.0, ""bin_hi"": 0.5, ""bin_lo"": 0.4, ""confidence"": 0.4396344971366978, ""n_samples"": 1}, {""accuracy"": 1.0, ""bin_hi"": 0.6000000000000001, ""bin_lo"": 0.5, ""confidence"": 0.5972969085723852, ""n_samples"": 1}, {""accuracy"": 1.0, ""bin_hi"": 0.7000000000000001, ""bin_lo"": 0.6000000000000001, ""confidence"": 0.6328942322476745, ""n_samples"": 1}, {""accuracy"": 0.0, ""bin_hi"": 0.8, ""bin_lo"": 0.7000000000000001, ""confidence"": 0.776400591273001, ""n_samples"": 1}, {""accuracy"": 1.0, ""bin_hi"": 0.9, ""bin_lo"": 0.8, ""confidence"": 0.8619307646689169, ""n_samples"": 1}, {""accuracy"": 0.984375, ""bin_hi"": 1.0, ""bin_lo"": 0.9, ""confidence"": 0.9993874936320558, ""n_samples"": 192}], ""ece"": 0.029585526795095532}",0.04699999999957072,success,
elkan_noto,scar-pi0.5-scalesmall,119,"{""base_estimator"": null, ""calibration_method"": ""isotonic"", ""eps"": 1e-12, ""mode"": ""weighted_retraining"", ""n_cv_folds"": 3}",scar,0.5,0.5,0.5,True,0,,,0.47914420721516326,,,,,0.4725,False,-0.12753666123537255,0.9651162790697675,1.0,0.994825,0.9575,0.9562982005141388,0.6624203821656051,0.9951699197170999,0.9575,0.0373474192147461,0.04134632688344713,"{""buckets"": [{""accuracy"": 0.049019607843137254, ""bin_hi"": 0.1, ""bin_lo"": 0.0, ""confidence"": 0.0004963172035066285, ""n_samples"": 204}, {""accuracy"": 0.5, ""bin_hi"": 0.2, ""bin_lo"": 0.1, ""confidence"": 0.15667514664776588, ""n_samples"": 2}, {""accuracy"": 1.0, ""bin_hi"": 0.30000000000000004, ""bin_lo"": 0.2, ""confidence"": 0.24674671915871615, ""n_samples"": 2}, {""accuracy"": 0.0, ""bin_hi"": 0.4, ""bin_lo"": 0.30000000000000004, ""confidence"": 0.3326206332506392, ""n_samples"": 2}, {""accuracy"": 1.0, ""bin_hi"": 0.5, ""bin_lo"": 0.4, ""confidence"": 0.46500906273865833, ""n_samples"": 1}, {""accuracy"": 1.0, ""bin_hi"": 0.6000000000000001, ""bin_lo"": 0.5, ""confidence"": 0.5112220435989873, ""n_samples"": 1}, {""accuracy"": 0.0, ""bin_hi"": 0.7000000000000001, ""bin_lo"": 0.6000000000000001, ""confidence"": 0.6948581341751349, ""n_samples"": 1}, {""accuracy"": 1.0, ""bin_hi"": 0.8, ""bin_lo"": 0.7000000000000001, ""confidence"": 0.7107360064348006, ""n_samples"": 1}, {""accuracy"": 1.0, ""bin_hi"": 0.9, ""bin_lo"": 0.8, ""confidence"": 0.8551325809608262, ""n_samples"": 1}, {""accuracy"": 0.9891891891891892, ""bin_hi"": 1.0, ""bin_lo"": 0.9, ""confidence"": 0.997992559392238, ""n_samples"": 185}], ""ece"": 0.04134632688344713}",0.03099999999994907,success,
elkan_noto,scar-pi0.5-scalemid,100,"{""base_estimator"": null, ""calibration_method"": ""isotonic"", ""eps"": 1e-12, ""mode"": ""weighted_retraining"", ""n_cv_folds"": 3}",scar,0.5,0.5,0.5,True,0,,,0.536780567165143,,,,,0.487,False,-0.13690330577164567,0.9691358024691358,0.995005957360509,0.998584,0.98,0.9797365754812564,0.6677675033025099,0.9986923422294458,0.98,0.019546808074933315,0.019672362663074434,"{""buckets"": [{""accuracy"": 0.03121951219512195, ""bin_hi"": 0.1, ""bin_lo"": 0.0, ""confidence"": 0.00018488586773223977, ""n_samples"": 1025}, {""accuracy"": 0.0, ""bin_hi"": 0.2, ""bin_lo"": 0.1, ""confidence"": 0.0, ""n_samples"": 0}, {""accuracy"": 0.0, ""bin_hi"": 0.30000000000000004, ""bin_lo"": 0.2, ""confidence"": 0.0, ""n_samples"": 0}, {""accuracy"": 0.0, ""bin_hi"": 0.4, ""bin_lo"": 0.30000000000000004, ""confidence"": 0.0, ""n_samples"": 0}, {""accuracy"": 1.0, ""bin_hi"": 0.5, ""bin_lo"": 0.4, ""confidence"": 0.45440434569181637, ""n_samples"": 1}, {""accuracy"": 0.0, ""bin_hi"": 0.6000000000000001, ""bin_lo"": 0.5, ""confidence"": 0.0, ""n_samples"": 0}, {""accuracy"": 0.0, ""bin_hi"": 0.7000000000000001, ""bin_lo"": 0.6000000000000001, ""confidence"": 0.0, ""n_samples"": 0}, {""accuracy"": 0.0, ""bin_hi"": 0.8, ""bin_lo"": 0.7000000000000001, ""confidence"": 0.0, ""n_samples"": 0}, {""accuracy"": 0.0, ""bin_hi"": 0.9, ""bin_lo"": 0.8, ""confidence"": 0.0, ""n_samples"": 0}, {""accuracy"": 0.9928131416837782, ""bin_hi"": 1.0, ""bin_lo"": 0.9, ""confidence"": 0.9999883343801501, ""n_samples"": 974}], ""ece"": 0.019672362663074434}",0.04700000000048021,success,
elkan_noto,scar-pi0.5-scalemid,101,"{""base_estimator"": null, ""calibration_method"": ""isotonic"", ""eps"": 1e-12, ""mode"": ""weighted_retraining"", ""n_cv_folds"": 3}",scar,0.5,0.5,0.5,True,0,,,0.5439589166725547,,,,,0.4565,False,-0.14258217848296179,0.9487179487179487,1.0,0.999158,0.9555,0.9534762153685311,0.693864229765013,0.9991408560175329,0.9555,0.043224958289062074,0.044559761747698955,"{""buckets"": [{""accuracy"": 0.07599629286376275, ""bin_hi"": 0.1, ""bin_lo"": 0.0, ""confidence"": 0.00022844395622432495, ""n_samples"": 1079}, {""accuracy"": 0.5, ""bin_hi"": 0.2, ""bin_lo"": 0.1, ""confidence"": 0.14848214249235758, ""n_samples"": 4}, {""accuracy"": 1.0, ""bin_hi"": 0.30000000000000004, ""bin_lo"": 0.2, ""confidence"": 0.27299129619970663, ""n_samples"": 2}, {""accuracy"": 0.0, ""bin_hi"": 0.4, ""bin_lo"": 0.30000000000000004, ""confidence"": 0.0, ""n_samples"": 0}, {""accuracy"": 1.0, ""bin_hi"": 0.5, ""bin_lo"": 0.4, ""confidence"": 0.4622946859493459, ""n_samples"": 2}, {""accuracy"": 0.0, ""bin_hi"": 0.6000000000000001, ""bin_lo"": 0.5, ""confidence"": 0.0, ""n_samples"": 0}, {""accuracy"": 1.0, ""bin_hi"": 0.7000000000000001, ""bin_lo"": 0.6000000000000001, ""confidence"": 0.6487779824860913, ""n_samples"": 5}, {""accuracy"": 1.0, ""bin_hi"": 0.8, ""bin_lo"": 0.7000000000000001, ""confidence"": 0.7532124133075035, ""n_samples"": 2}, {""accuracy"": 1.0, ""bin_hi"": 0.9, ""bin_lo"": 0.8, ""confidence"": 0.8733440507562239, ""n_samples"": 3}, {""accuracy"": 0.9988925802879292, ""bin_hi"": 1.0, ""bin_lo"": 0.9, ""confidence"": 0.999779470597725, ""n_samples"": 903}], ""ece"": 0.044559761747698955}",0.06199999999989814,success,
elkan_noto,scar-pi0.5-scalemid,102,"{""base_estimator"": null, ""calibration_method"": ""isotonic"", ""eps"": 1e-12, ""mode"": ""weighted_retraining"", ""n_cv_folds"": 3}",scar,0.5,0.5,0.5,True,0,,,0.5563250528061982,,,,,0.503,False,-0.15936396498046346,0.9922480620155039,0.9863300815263458,0.992596,0.985,0.9850448654037887,0.6671159029649596,0.985710875116585,0.985,0.014988982438481702,0.01517860529717692,"{""buckets"": [{""accuracy"": 0.012096774193548387, ""bin_hi"": 0.1, ""bin_lo"": 0.0, ""confidence"": 5.758754612124795e-05, ""n_samples"": 992}, {""accuracy"": 0.0, ""bin_hi"": 0.2, ""bin_lo"": 0.1, ""confidence"": 0.18398532311905885, ""n_samples"": 1}, {""accuracy"": 0.0, ""bin_hi"": 0.30000000000000004, ""bin_lo"": 0.2, ""confidence"": 0.23035320840924703, ""n_samples"": 1}, {""accuracy"": 0.0, ""bin_hi"": 0.4, ""bin_lo"": 0.30000000000000004, ""confidence"": 0.0, ""n_samples"": 0}, {""accuracy"": 0.0, ""bin_hi"": 0.5, ""bin_lo"": 0.4, ""confidence"": 0.0, ""n_samples"": 0}, {""accuracy"": 0.0, ""bin_hi"": 0.6000000000000001, ""bin_lo"": 0.5, ""confidence"": 0.0, ""n_samples"": 0}, {""accuracy"": 0.0, ""bin_hi"": 0.7000000000000001, ""bin_lo"": 0.6000000000000001, ""confidence"": 0.0, ""n_samples"": 0}, {""accuracy"": 0.0, ""bin_hi"": 0.8, ""bin_lo"": 0.7000000000000001, ""confidence"": 0.0, ""n_samples"": 0}, {""accuracy"": 0.0, ""bin_hi"": 0.9, ""bin_lo"": 0.8, ""confidence"": 0.0, ""n_samples"": 0}, {""accuracy"": 0.9821073558648111, ""bin_hi"": 1.0, ""bin_lo"": 0.9, ""confidence"": 0.9999999989150873, ""n_samples"": 1006}], ""ece"": 0.01517860529717692}",0.04699999999957072,success,
elkan_noto,scar-pi0.5-scalemid,103,"{""base_estimator"": null, ""calibration_method"": ""isotonic"", ""eps"": 1e-12, ""mode"": ""weighted_retraining"", ""n_cv_folds"": 3}",scar,0.5,0.5,0.5,True,0,,,0.5427796472422226,,,,,0.47,False,-0.1223190316509511,0.9420289855072463,1.0,0.999287,0.969,0.9680412371134021,0.6802900461437047,0.9993184369391173,0.969,0.029061380278855294,0.030179046217281548,"{""buckets"": [{""accuracy"": 0.05128205128205128, ""bin_hi"": 0.1, ""bin_lo"": 0.0, ""confidence"": 0.0003924566327039203, ""n_samples"": 1053}, {""accuracy"": 1.0, ""bin_hi"": 0.2, ""bin_lo"": 0.1, ""confidence"": 0.14901137246236634, ""n_samples"": 1}, {""accuracy"": 1.0, ""bin_hi"": 0.30000000000000004, ""bin_lo"": 0.2, ""confidence"": 0.26636845209482357, ""n_samples"": 3}, {""accuracy"": 1.0, ""bin_hi"": 0.4, ""bin_lo"": 0.30000000000000004, ""confidence"": 0.3696962956954414, ""n_samples"": 1}, {""accuracy"": 1.0, ""bin_hi"": 0.5, ""bin_lo"": 0.4, ""confidence"": 0.4526390012305863, ""n_samples"": 2}, {""accuracy"": 0.0, ""bin_hi"": 0.6000000000000001, ""bin_lo"": 0.5, ""confidence"": 0.0, ""n_samples"": 0}, {""accuracy"": 0.0, ""bin_hi"": 0.7000000000000001, ""bin_lo"": 0.6000000000000001, ""confidence"": 0.0, ""n_samples"": 0}, {""accuracy"": 1.0, ""bin_hi"": 0.8, ""bin_lo"": 0.7000000000000001, ""confidence"": 0.7634395733472861, ""n_samples"": 5}, {""accuracy"": 1.0, ""bin_hi"": 0.9, ""bin_lo"": 0.8, ""confidence"": 0.8270476285558859, ""n_samples"": 1}, {""accuracy"": 0.9989293361884368, ""bin_hi"": 1.0, ""bin_lo"": 0.9, ""confidence"": 0.9996131539518159, ""n_samples"": 934}], ""ece"": 0.030179046217281548}",0.04699999999957072,success,
elkan_noto,scar-pi0.5-scalemid,104,"{""base_estimator"": null, ""calibration_method"": ""isotonic"", ""eps"": 1e-12, ""mode"": ""weighted_retraining"", ""n_cv_folds"": 3}",scar,0.5,0.5,0.5,True,0,,,0.5442135708739778,,,,,0.502,False,-0.14429010210575832,0.9823182711198428,0.9784046525098036,0.9948085,0.982,0.9820359281437125,0.6619718309859155,0.9902810602242365,0.982,0.017062557454511726,0.01699065316590507,"{""buckets"": [{""accuracy"": 0.01310483870967742, ""bin_hi"": 0.1, ""bin_lo"": 0.0, ""confidence"": 6.25965316103788e-05, ""n_samples"": 992}, {""accuracy"": 1.0, ""bin_hi"": 0.2, ""bin_lo"": 0.1, ""confidence"": 0.1659985441343823, ""n_samples"": 2}, {""accuracy"": 0.0, ""bin_hi"": 0.30000000000000004, ""bin_lo"": 0.2, ""confidence"": 0.0, ""n_samples"": 0}, {""accuracy"": 0.5, ""bin_hi"": 0.4, ""bin_lo"": 0.30000000000000004, ""confidence"": 0.33664642372591563, ""n_samples"": 2}, {""accuracy"": 0.0, ""bin_hi"": 0.5, ""bin_lo"": 0.4, ""confidence"": 0.0, ""n_samples"": 0}, {""accuracy"": 0.0, ""bin_hi"": 0.6000000000000001, ""bin_lo"": 0.5, ""confidence"": 0.0, ""n_samples"": 0}, {""accuracy"": 0.5, ""bin_hi"": 0.7000000000000001, ""bin_lo"": 0.6000000000000001, ""confidence"": 0.6349102774410327, ""n_samples"": 2}, {""accuracy"": 0.0, ""bin_hi"": 0.8, ""bin_lo"": 0.7000000000000001, ""confidence"": 0.0, ""n_samples"": 0}, {""accuracy"": 0.0, ""bin_hi"": 0.9, ""bin_lo"": 0.8, ""confidence"": 0.8207353269667236, ""n_samples"": 1}, {""accuracy"": 0.9820179820179821, ""bin_hi"": 1.0, ""bin_lo"": 0.9, ""confidence"": 0.9999581779670724, ""n_samples"": 1001}], ""ece"": 0.01699065316590507}",0.046000000000276486,success,
elkan_noto,scar-pi0.5-scalemid,105,"{""base_estimator"": null, ""calibration_method"": ""isotonic"", ""eps"": 1e-12, ""mode"": ""weighted_retraining"", ""n_cv_folds"": 3}",scar,0.5,0.5,0.5,True,0,,,0.546177498165925,,,,,0.4905,False,-0.14250285286664827,0.9720558882235529,0.9908826587396055,0.997348,0.9825,0.9823321554770318,0.6704469646430954,0.9952889699928151,0.9824999999999999,0.01709793918353834,0.01769300481169725,"{""buckets"": [{""accuracy"": 0.024606299212598427, ""bin_hi"": 0.1, ""bin_lo"": 0.0, ""confidence"": 0.00011077981343787793, ""n_samples"": 1016}, {""accuracy"": 0.0, ""bin_hi"": 0.2, ""bin_lo"": 0.1, ""confidence"": 0.0, ""n_samples"": 0}, {""accuracy"": 1.0, ""bin_hi"": 0.30000000000000004, ""bin_lo"": 0.2, ""confidence"": 0.23041741735608195, ""n_samples"": 2}, {""accuracy"": 0.0, ""bin_hi"": 0.4, ""bin_lo"": 0.30000000000000004, ""confidence"": 0.0, ""n_samples"": 0}, {""accuracy"": 0.0, ""bin_hi"": 0.5, ""bin_lo"": 0.4, ""confidence"": 0.40414437018446203, ""n_samples"": 1}, {""accuracy"": 0.0, ""bin_hi"": 0.6000000000000001, ""bin_lo"": 0.5, ""confidence"": 0.0, ""n_samples"": 0}, {""accuracy"": 1.0, ""bin_hi"": 0.7000000000000001, ""bin_lo"": 0.6000000000000001, ""confidence"": 0.6033403067376166, ""n_samples"": 1}, {""accuracy"": 1.0, ""bin_hi"": 0.8, ""bin_lo"": 0.7000000000000001, ""confidence"": 0.7504923267362523, ""n_samples"": 1}, {""accuracy"": 0.0, ""bin_hi"": 0.9, ""bin_lo"": 0.8, ""confidence"": 0.0, ""n_samples"": 0}, {""accuracy"": 0.9918283963227783, ""bin_hi"": 1.0, ""bin_lo"": 0.9, ""confidence"": 0.9999071348435637, ""n_samples"": 979}], ""ece"": 0.01769300481169725}",0.04700000000048021,success,
elkan_noto,scar-pi0.5-scalemid,106,"{""base_estimator"": null, ""calibration_method"": ""isotonic"", ""eps"": 1e-12, ""mode"": ""weighted_retraining"", ""n_cv_folds"": 3}",scar,0.5,0.5,0.5,True,0,,,0.5557381460340228,,,,,0.4935,False,-0.15140843682109772,0.9784735812133072,0.9913612778250326,0.9967480000000001,0.9815,0.9813789632611978,0.6729348556077904,0.9942013076338753,0.9815,0.018227687774095905,0.018461199188275313,"{""buckets"": [{""accuracy"": 0.023715415019762844, ""bin_hi"": 0.1, ""bin_lo"": 0.0, ""confidence"": 0.00011364485212370941, ""n_samples"": 1012}, {""accuracy"": 0.0, ""bin_hi"": 0.2, ""bin_lo"": 0.1, ""confidence"": 0.0, ""n_samples"": 0}, {""accuracy"": 1.0, ""bin_hi"": 0.30000000000000004, ""bin_lo"": 0.2, ""confidence"": 0.24021913391667582, ""n_samples"": 1}, {""accuracy"": 0.0, ""bin_hi"": 0.4, ""bin_lo"": 0.30000000000000004, ""confidence"": 0.0, ""n_samples"": 0}, {""accuracy"": 0.0, ""bin_hi"": 0.5, ""bin_lo"": 0.4, ""confidence"": 0.0, ""n_samples"": 0}, {""accuracy"": 1.0, ""bin_hi"": 0.6000000000000001, ""bin_lo"": 0.5, ""confidence"": 0.5178117692651182, ""n_samples"": 1}, {""accuracy"": 0.0, ""bin_hi"": 0.7000000000000001, ""bin_lo"": 0.6000000000000001, ""confidence"": 0.0, ""n_samples"": 0}, {""accuracy"": 0.0, ""bin_hi"": 0.8, ""bin_lo"": 0.7000000000000001, ""confidence"": 0.0, ""n_samples"": 0}, {""accuracy"": 0.0, ""bin_hi"": 0.9, ""bin_lo"": 0.8, ""confidence"": 0.8997181991455767, ""n_samples"": 1}, {""accuracy"": 0.9888324873096447, ""bin_hi"": 1.0, ""bin_lo"": 0.9, ""confidence"": 0.9998941316456204, ""n_samples"": 985}], ""ece"": 0.018461199188275313}",0.046000000000276486,success,
elkan_noto,scar-pi0.5-scalemid,107,"{""base_estimator"": null, ""calibration_method"": ""isotonic"", ""eps"": 1e-12, ""mode"": ""weighted_retraining"", ""n_cv_folds"": 3}",scar,0.5,0.5,0.5,True,0,,,0.5299043495999021,,,,,0.492,False,-0.13351297651700322,0.971252566735113,0.9870452913974725,0.997372,0.984,0.9838709677419355,0.6622604097818903,0.9952976926412069,0.984,0.015829510258694817,0.015743085244917483,"{""buckets"": [{""accuracy"": 0.023645320197044337, ""bin_hi"": 0.1, ""bin_lo"": 0.0, ""confidence"": 6.572354357946507e-06, ""n_samples"": 1015}, {""accuracy"": 0.0, ""bin_hi"": 0.2, ""bin_lo"": 0.1, ""confidence"": 0.0, ""n_samples"": 0}, {""accuracy"": 0.0, ""bin_hi"": 0.30000000000000004, ""bin_lo"": 0.2, ""confidence"": 0.2215747110537177, ""n_samples"": 1}, {""accuracy"": 0.0, ""bin_hi"": 0.4, ""bin_lo"": 0.30000000000000004, ""confidence"": 0.0, ""n_samples"": 0}, {""accuracy"": 0.0, ""bin_hi"": 0.5, ""bin_lo"": 0.4, ""confidence"": 0.0, ""n_samples"": 0}, {""accuracy"": 0.0, ""bin_hi"": 0.6000000000000001, ""bin_lo"": 0.5, ""confidence"": 0.0, ""n_samples"": 0}, {""accuracy"": 0.5, ""bin_hi"": 0.7000000000000001, ""bin_lo"": 0.6000000000000001, ""confidence"": 0.6630471096524045, ""n_samples"": 2}, {""accuracy"": 0.0, ""bin_hi"": 0.8, ""bin_lo"": 0.7000000000000001, ""confidence"": 0.0, ""n_samples"": 0}, {""accuracy"": 1.0, ""bin_hi"": 0.9, ""bin_lo"": 0.8, ""confidence"": 0.8995402062826187, ""n_samples"": 1}, {""accuracy"": 0.9928644240570846, ""bin_hi"": 1.0, ""bin_lo"": 0.9, ""confidence"": 0.9998417051023776, ""n_samples"": 981}], ""ece"": 0.015743085244917483}",0.04699999999957072,success,
elkan_noto,scar-pi0.5-scalemid,108,"{""base_estimator"": null, ""calibration_method"": ""isotonic"", ""eps"": 1e-12, ""mode"": ""weighted_retraining"", ""n_cv_folds"": 3}",scar,0.5,0.5,0.5,True,0,,,0.5579720864821472,,,,,0.5185,False,-0.15042004310040907,0.9962335216572504,0.96068806331461,0.987831,0.9785,0.9788905252822778,0.6541865214431586,0.9763595595207529,0.9784999999999999,0.02127171670826159,0.02162416454281846,"{""buckets"": [{""accuracy"": 0.003121748178980229, ""bin_hi"": 0.1, ""bin_lo"": 0.0, ""confidence"": 4.4462138677909743e-07, ""n_samples"": 961}, {""accuracy"": 0.0, ""bin_hi"": 0.2, ""bin_lo"": 0.1, ""confidence"": 0.1734028864670092, ""n_samples"": 1}, {""accuracy"": 0.0, ""bin_hi"": 0.30000000000000004, ""bin_lo"": 0.2, ""confidence"": 0.0, ""n_samples"": 0}, {""accuracy"": 0.0, ""bin_hi"": 0.4, ""bin_lo"": 0.30000000000000004, ""confidence"": 0.0, ""n_samples"": 0}, {""accuracy"": 0.0, ""bin_hi"": 0.5, ""bin_lo"": 0.4, ""confidence"": 0.4486091231415599, ""n_samples"": 1}, {""accuracy"": 0.0, ""bin_hi"": 0.6000000000000001, ""bin_lo"": 0.5, ""confidence"": 0.0, ""n_samples"": 0}, {""accuracy"": 0.0, ""bin_hi"": 0.7000000000000001, ""bin_lo"": 0.6000000000000001, ""confidence"": 0.0, ""n_samples"": 0}, {""accuracy"": 0.0, ""bin_hi"": 0.8, ""bin_lo"": 0.7000000000000001, ""confidence"": 0.0, ""n_samples"": 0}, {""accuracy"": 0.0, ""bin_hi"": 0.9, ""bin_lo"": 0.8, ""confidence"": 0.8478910344725398, ""n_samples"": 1}, {""accuracy"": 0.9623552123552124, ""bin_hi"": 1.0, ""bin_lo"": 0.9, ""confidence"": 0.9997865379562824, ""n_samples"": 1036}], ""ece"": 0.02162416454281846}",0.03099999999994907,success,
elkan_noto,scar-pi0.5-scalemid,109,"{""base_estimator"": null, ""calibration_method"": ""isotonic"", ""eps"": 1e-12, ""mode"": ""weighted_retraining"", ""n_cv_folds"": 3}",scar,0.5,0.5,0.5,True,0,,,0.5490786349722896,,,,,0.504,False,-0.15755287502860316,0.9922330097087378,0.9843581445523193,0.99456,0.987,0.9870517928286853,0.6653198653198653,0.9896478509133728,0.987,0.012270422729154632,0.012261082132385165,"{""buckets"": [{""accuracy"": 0.00808080808080808, ""bin_hi"": 0.1, ""bin_lo"": 0.0, ""confidence"": 8.950205954088621e-07, ""n_samples"": 990}, {""accuracy"": 0.0, ""bin_hi"": 0.2, ""bin_lo"": 0.1, ""confidence"": 0.0, ""n_samples"": 0}, {""accuracy"": 0.0, ""bin_hi"": 0.30000000000000004, ""bin_lo"": 0.2, ""confidence"": 0.0, ""n_samples"": 0}, {""accuracy"": 0.5, ""bin_hi"": 0.4, ""bin_lo"": 0.30000000000000004, ""confidence"": 0.33247341069444347, ""n_samples"": 2}, {""accuracy"": 0.0, ""bin_hi"": 0.5, ""bin_lo"": 0.4, ""confidence"": 0.0, ""n_samples"": 0}, {""accuracy"": 0.0, ""bin_hi"": 0.6000000000000001, ""bin_lo"": 0.5, ""confidence"": 0.0, ""n_samples"": 0}, {""accuracy"": 0.0, ""bin_hi"": 0.7000000000000001, ""bin_lo"": 0.6000000000000001, ""confidence"": 0.6620515991038742, ""n_samples"": 1}, {""accuracy"": 0.5, ""bin_hi"": 0.8, ""bin_lo"": 0.7000000000000001, ""confidence"": 0.767373787262883, ""n_samples"": 2}, {""accuracy"": 0.0, ""bin_hi"": 0.9, ""bin_lo"": 0.8, ""confidence"": 0.0, ""n_samples"": 0}, {""accuracy"": 0.9850746268656716, ""bin_hi"": 1.0, ""bin_lo"": 0.9, ""confidence"": 0.9999912417740487, ""n_samples"": 1005}], ""ece"": 0.012261082132385165}",0.04700000000048021,success,
elkan_noto,scar-pi0.5-scalemid,110,"{""base_estimator"": null, ""calibration_method"": ""isotonic"", ""eps"": 1e-12, ""mode"": ""weighted_retraining"", ""n_cv_folds"": 3}",scar,0.5,0.5,0.5,True,0,,,0.533499913790305,,,,,0.4815,False,-0.1416260287228029,0.9688149688149689,1.0,0.999245,0.9785,0.97809475292919,0.6728110599078341,0.9992612304681376,0.9784999999999999,0.021085889292064473,0.02133408340098315,"{""buckets"": [{""accuracy"": 0.0367504835589942, ""bin_hi"": 0.1, ""bin_lo"": 0.0, ""confidence"": 0.00014170648537326823, ""n_samples"": 1034}, {""accuracy"": 1.0, ""bin_hi"": 0.2, ""bin_lo"": 0.1, ""confidence"": 0.17782886396870626, ""n_samples"": 1}, {""accuracy"": 0.5, ""bin_hi"": 0.30000000000000004, ""bin_lo"": 0.2, ""confidence"": 0.25960466874876825, ""n_samples"": 2}, {""accuracy"": 0.0, ""bin_hi"": 0.4, ""bin_lo"": 0.30000000000000004, ""confidence"": 0.0, ""n_samples"": 0}, {""accuracy"": 0.0, ""bin_hi"": 0.5, ""bin_lo"": 0.4, ""confidence"": 0.0, ""n_samples"": 0}, {""accuracy"": 1.0, ""bin_hi"": 0.6000000000000001, ""bin_lo"": 0.5, ""confidence"": 0.5785180020025429, ""n_samples"": 1}, {""accuracy"": 0.0, ""bin_hi"": 0.7000000000000001, ""bin_lo"": 0.6000000000000001, ""confidence"": 0.0, ""n_samples"": 0}, {""accuracy"": 1.0, ""bin_hi"": 0.8, ""bin_lo"": 0.7000000000000001, ""confidence"": 0.7790510096560275, ""n_samples"": 1}, {""accuracy"": 0.0, ""bin_hi"": 0.9, ""bin_lo"": 0.8, ""confidence"": 0.0, ""n_samples"": 0}, {""accuracy"": 0.9968782518210197, ""bin_hi"": 1.0, ""bin_lo"": 0.9, ""confidence"": 0.999863994298613, ""n_samples"": 961}], ""ece"": 0.02133408340098315}",0.04700000000048021,success,
elkan_noto,scar-pi0.5-scalemid,111,"{""base_estimator"": null, ""calibration_method"": ""isotonic"", ""eps"": 1e-12, ""mode"": ""weighted_retraining"", ""n_cv_folds"": 3}",scar,0.5,0.5,0.5,True,0,,,0.5495979146508868,,,,,0.4915,False,-0.15182110761798617,0.9800399201596807,0.9969887285449447,0.99758,0.9845,0.9843671205244579,0.6717811874583055,0.995514032162287,0.9844999999999999,0.015531360072149834,0.015736083011868317,"{""buckets"": [{""accuracy"": 0.02359882005899705, ""bin_hi"": 0.1, ""bin_lo"": 0.0, ""confidence"": 4.9950590949197266e-05, ""n_samples"": 1017}, {""accuracy"": 0.0, ""bin_hi"": 0.2, ""bin_lo"": 0.1, ""confidence"": 0.0, ""n_samples"": 0}, {""accuracy"": 0.0, ""bin_hi"": 0.30000000000000004, ""bin_lo"": 0.2, ""confidence"": 0.0, ""n_samples"": 0}, {""accuracy"": 0.0, ""bin_hi"": 0.4, ""bin_lo"": 0.30000000000000004, ""confidence"": 0.0, ""n_samples"": 0}, {""accuracy"": 0.0, ""bin_hi"": 0.5, ""bin_lo"": 0.4, ""confidence"": 0.0, ""n_samples"": 0}, {""accuracy"": 0.0, ""bin_hi"": 0.6000000000000001, ""bin_lo"": 0.5, ""confidence"": 0.0, ""n_samples"": 0}, {""accuracy"": 1.0, ""bin_hi"": 0.7000000000000001, ""bin_lo"": 0.6000000000000001, ""confidence"": 0.6362710590073362, ""n_samples"": 1}, {""accuracy"": 0.0, ""bin_hi"": 0.8, ""bin_lo"": 0.7000000000000001, ""confidence"": 0.0, ""n_samples"": 0}, {""accuracy"": 1.0, ""bin_hi"": 0.9, ""bin_lo"": 0.8, ""confidence"": 0.8279500658846622, ""n_samples"": 1}, {""accuracy"": 0.9928644240570846, ""bin_hi"": 1.0, ""bin_lo"": 0.9, ""confidence"": 0.9999869387356004, ""n_samples"": 981}], ""ece"": 0.015736083011868317}",0.04699999999957072,success,
elkan_noto,scar-pi0.5-scalemid,112,"{""base_estimator"": null, ""calibration_method"": ""isotonic"", ""eps"": 1e-12, ""mode"": ""weighted_retraining"", ""n_cv_folds"": 3}",scar,0.5,0.5,0.5,True,0,,,0.5468994284503824,,,,,0.485,False,-0.136,0.962,0.9917525773195877,0.997996,0.978,0.9776649746192894,0.674,0.9976012567797855,0.978,0.021155861241491346,0.021263275812025757,"{""buckets"": [{""accuracy"": 0.033170731707317075, ""bin_hi"": 0.1, ""bin_lo"": 0.0, ""confidence"": 0.00010811817677972585, ""n_samples"": 1025}, {""accuracy"": 0.0, ""bin_hi"": 0.2, ""bin_lo"": 0.1, ""confidence"": 0.0, ""n_samples"": 0}, {""accuracy"": 0.0, ""bin_hi"": 0.30000000000000004, ""bin_lo"": 0.2, ""confidence"": 0.22123756514339452, ""n_samples"": 1}, {""accuracy"": 1.0, ""bin_hi"": 0.4, ""bin_lo"": 0.30000000000000004, ""confidence"": 0.35124816654203417, ""n_samples"": 2}, {""accuracy"": 0.5, ""bin_hi"": 0.5, ""bin_lo"": 0.4, ""confidence"": 0.4466442296576871, ""n_samples"": 2}, {""accuracy"": 0.0, ""bin_hi"": 0.6000000000000001, ""bin_lo"": 0.5, ""confidence"": 0.0, ""n_samples"": 0}, {""accuracy"": 0.0, ""bin_hi"": 0.7000000000000001, ""bin_lo"": 0.6000000000000001, ""confidence"": 0.0, ""n_samples"": 0}, {""accuracy"": 1.0, ""bin_hi"": 0.8, ""bin_lo"": 0.7000000000000001, ""confidence"": 0.7352363782340445, ""n_samples"": 1}, {""accuracy"": 0.5, ""bin_hi"": 0.9, ""bin_lo"": 0.8, ""confidence"": 0.889480805999036, ""n_samples"": 2}, {""accuracy"": 0.9937952430196484, ""bin_hi"": 1.0, ""bin_lo"": 0.9, ""confidence"": 0.9999671093575416, ""n_samples"": 967}], ""ece"": 0.021263275812025757}",0.04699999999957072,success,
elkan_noto,scar-pi0.5-scalemid,113,"{""base_estimator"": null, ""calibration_method"": ""isotonic"", ""eps"": 1e-12, ""mode"": ""weighted_retraining"", ""n_cv_folds"": 3}",scar,0.5,0.5,0.5,True,0,,,0.5517348924417056,,,,,0.5005,False,-0.15084795977090598,0.9844054580896686,0.9834220360536151,0.9943820000000001,0.9845,0.9845077461269365,0.6664425016812374,0.9901732312268157,0.9844999999999999,0.014972583530281938,0.015285477091530327,"{""buckets"": [{""accuracy"": 0.014028056112224449, ""bin_hi"": 0.1, ""bin_lo"": 0.0, ""confidence"": 9.768517121452835e-06, ""n_samples"": 998}, {""accuracy"": 0.0, ""bin_hi"": 0.2, ""bin_lo"": 0.1, ""confidence"": 0.0, ""n_samples"": 0}, {""accuracy"": 1.0, ""bin_hi"": 0.30000000000000004, ""bin_lo"": 0.2, ""confidence"": 0.22748719008643378, ""n_samples"": 1}, {""accuracy"": 0.0, ""bin_hi"": 0.4, ""bin_lo"": 0.30000000000000004, ""confidence"": 0.0, ""n_samples"": 0}, {""accuracy"": 0.0, ""bin_hi"": 0.5, ""bin_lo"": 0.4, ""confidence"": 0.0, ""n_samples"": 0}, {""accuracy"": 0.0, ""bin_hi"": 0.6000000000000001, ""bin_lo"": 0.5, ""confidence"": 0.579173793213461, ""n_samples"": 1}, {""accuracy"": 0.0, ""bin_hi"": 0.7000000000000001, ""bin_lo"": 0.6000000000000001, ""confidence"": 0.0, ""n_samples"": 0}, {""accuracy"": 1.0, ""bin_hi"": 0.8, ""bin_lo"": 0.7000000000000001, ""confidence"": 0.7564491448097532, ""n_samples"": 1}, {""accuracy"": 0.0, ""bin_hi"": 0.9, ""bin_lo"": 0.8, ""confidence"": 0.0, ""n_samples"": 0}, {""accuracy"": 0.984984984984985, ""bin_hi"": 1.0, ""bin_lo"": 0.9, ""confidence"": 0.9999854511559866, ""n_samples"": 999}], ""ece"": 0.015285477091530327}",0.04699999999957072,success,
elkan_noto,scar-pi0.5-scalemid,114,"{""base_estimator"": null, ""calibration_method"": ""isotonic"", ""eps"": 1e-12, ""mode"": ""weighted_retraining"", ""n_cv_folds"": 3}",scar,0.5,0.5,0.5,True,0,,,0.5603662417491674,,,,,0.491,False,-0.1489098100748586,0.9728155339805825,0.9906471832796157,0.9974934999999999,0.98,0.9798183652875883,0.6760942760942761,0.9959999241211003,0.98,0.019240366478108846,0.019551220028664492,"{""buckets"": [{""accuracy"": 0.02753195673549656, ""bin_hi"": 0.1, ""bin_lo"": 0.0, ""confidence"": 4.0089926141545394e-05, ""n_samples"": 1017}, {""accuracy"": 0.0, ""bin_hi"": 0.2, ""bin_lo"": 0.1, ""confidence"": 0.0, ""n_samples"": 0}, {""accuracy"": 0.0, ""bin_hi"": 0.30000000000000004, ""bin_lo"": 0.2, ""confidence"": 0.0, ""n_samples"": 0}, {""accuracy"": 1.0, ""bin_hi"": 0.4, ""bin_lo"": 0.30000000000000004, ""confidence"": 0.30249580503219, ""n_samples"": 1}, {""accuracy"": 0.0, ""bin_hi"": 0.5, ""bin_lo"": 0.4, ""confidence"": 0.0, ""n_samples"": 0}, {""accuracy"": 0.0, ""bin_hi"": 0.6000000000000001, ""bin_lo"": 0.5, ""confidence"": 0.0, ""n_samples"": 0}, {""accuracy"": 0.0, ""bin_hi"": 0.7000000000000001, ""bin_lo"": 0.6000000000000001, ""confidence"": 0.0, ""n_samples"": 0}, {""accuracy"": 0.0, ""bin_hi"": 0.8, ""bin_lo"": 0.7000000000000001, ""confidence"": 0.738935431368666, ""n_samples"": 2}, {""accuracy"": 0.0, ""bin_hi"": 0.9, ""bin_lo"": 0.8, ""confidence"": 0.0, ""n_samples"": 0}, {""accuracy"": 0.9908163265306122, ""bin_hi"": 1.0, ""bin_lo"": 0.9, ""confidence"": 0.9999671800556222, ""n_samples"": 980}], ""ece"": 0.019551220028664492}",0.03099999999994907,success,
elkan_noto,scar-pi0.5-scalemid,115,"{""base_estimator"": null, ""calibration_method"": ""isotonic"", ""eps"": 1e-12, ""mode"": ""weighted_retraining"", ""n_cv_folds"": 3}",scar,0.5,0.5,0.5,True,0,,,0.5403359820003525,,,,,0.5045,False,-0.1445190365353755,0.9843444227005871,0.9755643436081142,0.993432,0.9845,0.98456943753111,0.6601746138347885,0.9875103471813809,0.9844999999999999,0.015447715555741549,0.015540939128475817,"{""buckets"": [{""accuracy"": 0.011111111111111112, ""bin_hi"": 0.1, ""bin_lo"": 0.0, ""confidence"": 2.5726805359207953e-05, ""n_samples"": 990}, {""accuracy"": 0.0, ""bin_hi"": 0.2, ""bin_lo"": 0.1, ""confidence"": 0.17721550459703397, ""n_samples"": 1}, {""accuracy"": 0.0, ""bin_hi"": 0.30000000000000004, ""bin_lo"": 0.2, ""confidence"": 0.0, ""n_samples"": 0}, {""accuracy"": 0.0, ""bin_hi"": 0.4, ""bin_lo"": 0.30000000000000004, ""confidence"": 0.0, ""n_samples"": 0}, {""accuracy"": 0.0, ""bin_hi"": 0.5, ""bin_lo"": 0.4, ""confidence"": 0.0, ""n_samples"": 0}, {""accuracy"": 0.0, ""bin_hi"": 0.6000000000000001, ""bin_lo"": 0.5, ""confidence"": 0.0, ""n_samples"": 0}, {""accuracy"": 0.0, ""bin_hi"": 0.7000000000000001, ""bin_lo"": 0.6000000000000001, ""confidence"": 0.0, ""n_samples"": 0}, {""accuracy"": 0.0, ""bin_hi"": 0.8, ""bin_lo"": 0.7000000000000001, ""confidence"": 0.0, ""n_samples"": 0}, {""accuracy"": 0.0, ""bin_hi"": 0.9, ""bin_lo"": 0.8, ""confidence"": 0.0, ""n_samples"": 0}, {""accuracy"": 0.9801783944499505, ""bin_hi"": 1.0, ""bin_lo"": 0.9, ""confidence"": 0.999930755490248, ""n_samples"": 1009}], ""ece"": 0.015540939128475817}",0.046000000000276486,success,
elkan_noto,scar-pi0.5-scalemid,116,"{""base_estimator"": null, ""calibration_method"": ""isotonic"", ""eps"": 1e-12, ""mode"": ""weighted_retraining"", ""n_cv_folds"": 3}",scar,0.5,0.5,0.5,True,0,,,0.5410946475719816,,,,,0.482,False,-0.1380720952862447,0.9650205761316872,1.0,0.9990195,0.981,0.9806517311608961,0.6730515191545574,0.9985151077408772,0.981,0.01887495699870006,0.01977833294963747,"{""buckets"": [{""accuracy"": 0.03291384317521781, ""bin_hi"": 0.1, ""bin_lo"": 0.0, ""confidence"": 0.0001823610693880642, ""n_samples"": 1033}, {""accuracy"": 1.0, ""bin_hi"": 0.2, ""bin_lo"": 0.1, ""confidence"": 0.11660171638709549, ""n_samples"": 3}, {""accuracy"": 0.0, ""bin_hi"": 0.30000000000000004, ""bin_lo"": 0.2, ""confidence"": 0.0, ""n_samples"": 0}, {""accuracy"": 0.0, ""bin_hi"": 0.4, ""bin_lo"": 0.30000000000000004, ""confidence"": 0.0, ""n_samples"": 0}, {""accuracy"": 0.0, ""bin_hi"": 0.5, ""bin_lo"": 0.4, ""confidence"": 0.0, ""n_samples"": 0}, {""accuracy"": 1.0, ""bin_hi"": 0.6000000000000001, ""bin_lo"": 0.5, ""confidence"": 0.5760706020091327, ""n_samples"": 3}, {""accuracy"": 0.0, ""bin_hi"": 0.7000000000000001, ""bin_lo"": 0.6000000000000001, ""confidence"": 0.0, ""n_samples"": 0}, {""accuracy"": 1.0, ""bin_hi"": 0.8, ""bin_lo"": 0.7000000000000001, ""confidence"": 0.7317691437226239, ""n_samples"": 3}, {""accuracy"": 1.0, ""bin_hi"": 0.9, ""bin_lo"": 0.8, ""confidence"": 0.8990010850134744, ""n_samples"": 1}, {""accuracy"": 0.9989550679205852, ""bin_hi"": 1.0, ""bin_lo"": 0.9, ""confidence"": 0.9999136576335662, ""n_samples"": 957}], ""ece"": 0.01977833294963747}",0.06300000000010186,success,
elkan_noto,scar-pi0.5-scalemid,117,"{""base_estimator"": null, ""calibration_method"": ""isotonic"", ""eps"": 1e-12, ""mode"": ""weighted_retraining"", ""n_cv_folds"": 3}",scar,0.5,0.5,0.5,True,0,,,0.5135028673432476,,,,,0.516,False,-0.12932077358581867,0.9898785425101214,0.9591846342152339,0.985841,0.977,0.9773622047244095,0.6394422310756972,0.9729782719036302,0.977,0.022982573311439766,0.023071818895799335,"{""buckets"": [{""accuracy"": 0.007246376811594203, ""bin_hi"": 0.1, ""bin_lo"": 0.0, ""confidence"": 0.00018902353636731975, ""n_samples"": 966}, {""accuracy"": 0.0, ""bin_hi"": 0.2, ""bin_lo"": 0.1, ""confidence"": 0.140106821566316, ""n_samples"": 1}, {""accuracy"": 0.0, ""bin_hi"": 0.30000000000000004, ""bin_lo"": 0.2, ""confidence"": 0.25386990778137375, ""n_samples"": 1}, {""accuracy"": 0.0, ""bin_hi"": 0.4, ""bin_lo"": 0.30000000000000004, ""confidence"": 0.0, ""n_samples"": 0}, {""accuracy"": 0.0, ""bin_hi"": 0.5, ""bin_lo"": 0.4, ""confidence"": 0.0, ""n_samples"": 0}, {""accuracy"": 0.0, ""bin_hi"": 0.6000000000000001, ""bin_lo"": 0.5, ""confidence"": 0.0, ""n_samples"": 0}, {""accuracy"": 0.0, ""bin_hi"": 0.7000000000000001, ""bin_lo"": 0.6000000000000001, ""confidence"": 0.0, ""n_samples"": 0}, {""accuracy"": 0.0, ""bin_hi"": 0.8, ""bin_lo"": 0.7000000000000001, ""confidence"": 0.0, ""n_samples"": 0}, {""accuracy"": 0.0, ""bin_hi"": 0.9, ""bin_lo"": 0.8, ""confidence"": 0.0, ""n_samples"": 0}, {""accuracy"": 0.9622093023255814, ""bin_hi"": 1.0, ""bin_lo"": 0.9, ""confidence"": 0.9999343583317654, ""n_samples"": 1032}], ""ece"": 0.023071818895799335}",0.04699999999957072,success,
elkan_noto,scar-pi0.5-scalemid,118,"{""base_estimator"": null, ""calibration_method"": ""isotonic"", ""eps"": 1e-12, ""mode"": ""weighted_retraining"", ""n_cv_folds"": 3}",scar,0.5,0.5,0.5,True,0,,,0.551783455631999,,,,,0.503,False,-0.14678607715292985,0.9825918762088974,0.9767314872851863,0.995687,0.987,0.9870388833499502,0.6641942009440324,0.991684011242308,0.987,0.012321580270025868,0.01254484225791691,"{""buckets"": [{""accuracy"": 0.01006036217303823, ""bin_hi"": 0.1, ""bin_lo"": 0.0, ""confidence"": 8.594822819331507e-05, ""n_samples"": 994}, {""accuracy"": 0.0, ""bin_hi"": 0.2, ""bin_lo"": 0.1, ""confidence"": 0.0, ""n_samples"": 0}, {""accuracy"": 0.0, ""bin_hi"": 0.30000000000000004, ""bin_lo"": 0.2, ""confidence"": 0.0, ""n_samples"": 0}, {""accuracy"": 0.0, ""bin_hi"": 0.4, ""bin_lo"": 0.30000000000000004, ""confidence"": 0.0, ""n_samples"": 0}, {""accuracy"": 0.0, ""bin_hi"": 0.5, ""bin_lo"": 0.4, ""confidence"": 0.0, ""n_samples"": 0}, {""accuracy"": 0.0, ""bin_hi"": 0.6000000000000001, ""bin_lo"": 0.5, ""confidence"": 0.5884006352432509, ""n_samples"": 1}, {""accuracy"": 0.0, ""bin_hi"": 0.7000000000000001, ""bin_lo"": 0.6000000000000001, ""confidence"": 0.6592017706143363, ""n_samples"": 1}, {""accuracy"": 0.0, ""bin_hi"": 0.8, ""bin_lo"": 0.7000000000000001, ""confidence"": 0.0, ""n_samples"": 0}, {""accuracy"": 0.0, ""bin_hi"": 0.9, ""bin_lo"": 0.8, ""confidence"": 0.0, ""n_samples"": 0}, {""accuracy"": 0.9860557768924303, ""bin_hi"": 1.0, ""bin_lo"": 0.9, ""confidence"": 0.9999278034350602, ""n_samples"": 1004}], ""ece"": 0.01254484225791691}",0.032000000000152795,success,
elkan_noto,scar-pi0.5-scalemid,119,"{""base_estimator"": null, ""calibration_method"": ""isotonic"", ""eps"": 1e-12, ""mode"": ""weighted_retraining"", ""n_cv_folds"": 3}",scar,0.5,0.5,0.5,True,0,,,0.5240171611650725,,,,,0.4865,False,-0.1340365021913119,0.9686847599164927,0.995565015330414,0.9966085,0.9785,0.9782057780030411,0.6653517422748192,0.9945178738474781,0.9784999999999999,0.02107196183581575,0.021168521453846914,"{""buckets"": [{""accuracy"": 0.03228962818003914, ""bin_hi"": 0.1, ""bin_lo"": 0.0, ""confidence"": 0.00011138246342347281, ""n_samples"": 1022}, {""accuracy"": 0.5, ""bin_hi"": 0.2, ""bin_lo"": 0.1, ""confidence"": 0.16909773794215283, ""n_samples"": 2}, {""accuracy"": 0.0, ""bin_hi"": 0.30000000000000004, ""bin_lo"": 0.2, ""confidence"": 0.2659018577901455, ""n_samples"": 1}, {""accuracy"": 0.5, ""bin_hi"": 0.4, ""bin_lo"": 0.30000000000000004, ""confidence"": 0.36540782536548244, ""n_samples"": 2}, {""accuracy"": 0.0, ""bin_hi"": 0.5, ""bin_lo"": 0.4, ""confidence"": 0.0, ""n_samples"": 0}, {""accuracy"": 0.0, ""bin_hi"": 0.6000000000000001, ""bin_lo"": 0.5, ""confidence"": 0.0, ""n_samples"": 0}, {""accuracy"": 1.0, ""bin_hi"": 0.7000000000000001, ""bin_lo"": 0.6000000000000001, ""confidence"": 0.6756946871377472, ""n_samples"": 1}, {""accuracy"": 0.0, ""bin_hi"": 0.8, ""bin_lo"": 0.7000000000000001, ""confidence"": 0.0, ""n_samples"": 0}, {""accuracy"": 0.0, ""bin_hi"": 0.9, ""bin_lo"": 0.8, ""confidence"": 0.0, ""n_samples"": 0}, {""accuracy"": 0.9917695473251029, ""bin_hi"": 1.0, ""bin_lo"": 0.9, ""confidence"": 0.9999276540548102, ""n_samples"": 972}], ""ece"": 0.021168521453846914}",0.04700000000048021,success,
elkan_noto,sar-pi0.1-scalesmall,100,"{""base_estimator"": null, ""calibration_method"": ""isotonic"", ""eps"": 1e-12, ""mode"": ""weighted_retraining"", ""n_cv_folds"": 3}",linear,0.1,0.5,0.5,True,0,,,0.7780143341436981,,,,,0.07,False,-0.037181337181337176,0.8181818181818182,1.0,1.0,0.97,0.8235294117647058,0.9735449735449735,1.0,0.85,0.019685322856047616,0.037583332953550395,"{""buckets"": [{""accuracy"": 0.0, ""bin_hi"": 0.1, ""bin_lo"": 0.0, ""confidence"": 0.003822990806724954, ""n_samples"": 360}, {""accuracy"": 1.0, ""bin_hi"": 0.2, ""bin_lo"": 0.1, ""confidence"": 0.12582686670479587, ""n_samples"": 4}, {""accuracy"": 1.0, ""bin_hi"": 0.30000000000000004, ""bin_lo"": 0.2, ""confidence"": 0.2448783400923118, ""n_samples"": 2}, {""accuracy"": 1.0, ""bin_hi"": 0.4, ""bin_lo"": 0.30000000000000004, ""confidence"": 0.3525054085340793, ""n_samples"": 3}, {""accuracy"": 1.0, ""bin_hi"": 0.5, ""bin_lo"": 0.4, ""confidence"": 0.450478500276152, ""n_samples"": 3}, {""accuracy"": 1.0, ""bin_hi"": 0.6000000000000001, ""bin_lo"": 0.5, ""confidence"": 0.546183649478862, ""n_samples"": 2}, {""accuracy"": 1.0, ""bin_hi"": 0.7000000000000001, ""bin_lo"": 0.6000000000000001, ""confidence"": 0.6537116190500956, ""n_samples"": 6}, {""accuracy"": 1.0, ""bin_hi"": 0.8, ""bin_lo"": 0.7000000000000001, ""confidence"": 0.7566724468954659, ""n_samples"": 3}, {""accuracy"": 1.0, ""bin_hi"": 0.9, ""bin_lo"": 0.8, ""confidence"": 0.8611482696296414, ""n_samples"": 6}, {""accuracy"": 1.0, ""bin_hi"": 1.0, ""bin_lo"": 0.9, ""confidence"": 0.9535803330767074, ""n_samples"": 11}], ""ece"": 0.037583332953550395}",0.04700000000048021,success,
elkan_noto,sar-pi0.1-scalesmall,101,"{""base_estimator"": null, ""calibration_method"": ""isotonic"", ""eps"": 1e-12, ""mode"": ""weighted_retraining"", ""n_cv_folds"": 3}",linear,0.1,0.5,0.5,True,0,,,0.7033586377453378,,,,,0.0575,False,-0.06666666666666668,0.9375,1.0,0.9987499999999999,0.9575,0.7301587301587301,0.9791666666666666,0.9886290412479807,0.7875,0.0334189524227845,0.04120306902685092,"{""buckets"": [{""accuracy"": 0.02710027100271003, ""bin_hi"": 0.1, ""bin_lo"": 0.0, ""confidence"": 0.0012995854648285448, ""n_samples"": 369}, {""accuracy"": 0.5, ""bin_hi"": 0.2, ""bin_lo"": 0.1, ""confidence"": 0.12229321833187218, ""n_samples"": 2}, {""accuracy"": 1.0, ""bin_hi"": 0.30000000000000004, ""bin_lo"": 0.2, ""confidence"": 0.21921587822118022, ""n_samples"": 2}, {""accuracy"": 1.0, ""bin_hi"": 0.4, ""bin_lo"": 0.30000000000000004, ""confidence"": 0.35170502441356977, ""n_samples"": 3}, {""accuracy"": 1.0, ""bin_hi"": 0.5, ""bin_lo"": 0.4, ""confidence"": 0.4223720011391059, ""n_samples"": 1}, {""accuracy"": 1.0, ""bin_hi"": 0.6000000000000001, ""bin_lo"": 0.5, ""confidence"": 0.5470090548988993, ""n_samples"": 2}, {""accuracy"": 1.0, ""bin_hi"": 0.7000000000000001, ""bin_lo"": 0.6000000000000001, ""confidence"": 0.6773423512235144, ""n_samples"": 1}, {""accuracy"": 0.0, ""bin_hi"": 0.8, ""bin_lo"": 0.7000000000000001, ""confidence"": 0.0, ""n_samples"": 0}, {""accuracy"": 1.0, ""bin_hi"": 0.9, ""bin_lo"": 0.8, ""confidence"": 0.8510570806712957, ""n_samples"": 3}, {""accuracy"": 1.0, ""bin_hi"": 1.0, ""bin_lo"": 0.9, ""confidence"": 0.9737757871892223, ""n_samples"": 17}], ""ece"": 0.04120306902685092}",0.04699999999957072,success,
elkan_noto,sar-pi0.1-scalesmall,102,"{""base_estimator"": null, ""calibration_method"": ""isotonic"", ""eps"": 1e-12, ""mode"": ""weighted_retraining"", ""n_cv_folds"": 3}",linear,0.1,0.5,0.5,True,0,,,0.7188368313728409,,,,,0.0575,False,-0.07635032463047384,0.9473684210526315,1.0,0.9900694444444444,0.9575,0.7301587301587301,0.9868766404199475,0.9580382998188998,0.7875,0.03375095318226698,0.04293643263295203,"{""buckets"": [{""accuracy"": 0.021739130434782608, ""bin_hi"": 0.1, ""bin_lo"": 0.0, ""confidence"": 0.002332752113358461, ""n_samples"": 368}, {""accuracy"": 1.0, ""bin_hi"": 0.2, ""bin_lo"": 0.1, ""confidence"": 0.16943274296405159, ""n_samples"": 5}, {""accuracy"": 0.0, ""bin_hi"": 0.30000000000000004, ""bin_lo"": 0.2, ""confidence"": 0.0, ""n_samples"": 0}, {""accuracy"": 1.0, ""bin_hi"": 0.4, ""bin_lo"": 0.30000000000000004, ""confidence"": 0.3022859270210081, ""n_samples"": 1}, {""accuracy"": 1.0, ""bin_hi"": 0.5, ""bin_lo"": 0.4, ""confidence"": 0.46375437113158197, ""n_samples"": 3}, {""accuracy"": 1.0, ""bin_hi"": 0.6000000000000001, ""bin_lo"": 0.5, ""confidence"": 0.5426086261707941, ""n_samples"": 3}, {""accuracy"": 1.0, ""bin_hi"": 0.7000000000000001, ""bin_lo"": 0.6000000000000001, ""confidence"": 0.6389200882044178, ""n_samples"": 2}, {""accuracy"": 1.0, ""bin_hi"": 0.8, ""bin_lo"": 0.7000000000000001, ""confidence"": 0.7137565832484105, ""n_samples"": 3}, {""accuracy"": 1.0, ""bin_hi"": 0.9, ""bin_lo"": 0.8, ""confidence"": 0.889582758790315, ""n_samples"": 2}, {""accuracy"": 1.0, ""bin_hi"": 1.0, ""bin_lo"": 0.9, ""confidence"": 0.9692430839707835, ""n_samples"": 13}], ""ece"": 0.04293643263295203}",0.04699999999957072,success,
elkan_noto,sar-pi0.1-scalesmall,103,"{""base_estimator"": null, ""calibration_method"": ""isotonic"", ""eps"": 1e-12, ""mode"": ""weighted_retraining"", ""n_cv_folds"": 3}",linear,0.1,0.5,0.5,True,0,,,0.8333897761722507,,,,,0.06,False,-0.05559743686392764,0.8571428571428571,1.0,0.9975694444444445,0.96,0.75,0.9841688654353562,0.9827361713916336,0.8,0.027478677044380558,0.040583638892892744,"{""buckets"": [{""accuracy"": 0.0136986301369863, ""bin_hi"": 0.1, ""bin_lo"": 0.0, ""confidence"": 0.0019758117176460065, ""n_samples"": 365}, {""accuracy"": 1.0, ""bin_hi"": 0.2, ""bin_lo"": 0.1, ""confidence"": 0.11390979872338769, ""n_samples"": 2}, {""accuracy"": 1.0, ""bin_hi"": 0.30000000000000004, ""bin_lo"": 0.2, ""confidence"": 0.20462675434346878, ""n_samples"": 1}, {""accuracy"": 1.0, ""bin_hi"": 0.4, ""bin_lo"": 0.30000000000000004, ""confidence"": 0.3530590444300831, ""n_samples"": 4}, {""accuracy"": 1.0, ""bin_hi"": 0.5, ""bin_lo"": 0.4, ""confidence"": 0.4402108987590903, ""n_samples"": 4}, {""accuracy"": 1.0, ""bin_hi"": 0.6000000000000001, ""bin_lo"": 0.5, ""confidence"": 0.5161002439573552, ""n_samples"": 1}, {""accuracy"": 1.0, ""bin_hi"": 0.7000000000000001, ""bin_lo"": 0.6000000000000001, ""confidence"": 0.6446388871890502, ""n_samples"": 3}, {""accuracy"": 1.0, ""bin_hi"": 0.8, ""bin_lo"": 0.7000000000000001, ""confidence"": 0.7415672408221844, ""n_samples"": 6}, {""accuracy"": 1.0, ""bin_hi"": 0.9, ""bin_lo"": 0.8, ""confidence"": 0.8416238830309185, ""n_samples"": 7}, {""accuracy"": 1.0, ""bin_hi"": 1.0, ""bin_lo"": 0.9, ""confidence"": 0.9498656442401616, ""n_samples"": 7}], ""ece"": 0.040583638892892744}",0.03099999999994907,success,
elkan_noto,sar-pi0.1-scalesmall,104,"{""base_estimator"": null, ""calibration_method"": ""isotonic"", ""eps"": 1e-12, ""mode"": ""weighted_retraining"", ""n_cv_folds"": 3}",linear,0.1,0.5,0.5,True,0,,,0.8248730024312786,,,,,0.075,False,-0.07008418867489333,0.9565217391304348,1.0,0.9995138888888889,0.975,0.8571428571428571,0.9787798408488063,0.9956154155608584,0.875,0.020506760928932718,0.030584006977481815,"{""buckets"": [{""accuracy"": 0.00554016620498615, ""bin_hi"": 0.1, ""bin_lo"": 0.0, ""confidence"": 0.0014644724702905258, ""n_samples"": 361}, {""accuracy"": 0.8571428571428571, ""bin_hi"": 0.2, ""bin_lo"": 0.1, ""confidence"": 0.15495491269690378, ""n_samples"": 7}, {""accuracy"": 0.0, ""bin_hi"": 0.30000000000000004, ""bin_lo"": 0.2, ""confidence"": 0.0, ""n_samples"": 0}, {""accuracy"": 1.0, ""bin_hi"": 0.4, ""bin_lo"": 0.30000000000000004, ""confidence"": 0.3709446722708903, ""n_samples"": 1}, {""accuracy"": 1.0, ""bin_hi"": 0.5, ""bin_lo"": 0.4, ""confidence"": 0.4088347765862742, ""n_samples"": 1}, {""accuracy"": 1.0, ""bin_hi"": 0.6000000000000001, ""bin_lo"": 0.5, ""confidence"": 0.5643266739495587, ""n_samples"": 3}, {""accuracy"": 1.0, ""bin_hi"": 0.7000000000000001, ""bin_lo"": 0.6000000000000001, ""confidence"": 0.6291977490759145, ""n_samples"": 3}, {""accuracy"": 1.0, ""bin_hi"": 0.8, ""bin_lo"": 0.7000000000000001, ""confidence"": 0.7684505388095499, ""n_samples"": 2}, {""accuracy"": 1.0, ""bin_hi"": 0.9, ""bin_lo"": 0.8, ""confidence"": 0.8738801913118972, ""n_samples"": 8}, {""accuracy"": 1.0, ""bin_hi"": 1.0, ""bin_lo"": 0.9, ""confidence"": 0.9474816380218719, ""n_samples"": 14}], ""ece"": 0.030584006977481815}",0.046000000000276486,success,
elkan_noto,sar-pi0.1-scalesmall,105,"{""base_estimator"": null, ""calibration_method"": ""isotonic"", ""eps"": 1e-12, ""mode"": ""weighted_retraining"", ""n_cv_folds"": 3}",linear,0.1,0.5,0.5,True,0,,,0.8207525405595733,,,,,0.0725,False,-0.06974506974506975,0.9545454545454546,1.0,0.9968055555555556,0.9725,0.8405797101449275,0.9788359788359788,0.9795127551020407,0.8625,0.02198801036015688,0.03303383499070749,"{""buckets"": [{""accuracy"": 0.008264462809917356, ""bin_hi"": 0.1, ""bin_lo"": 0.0, ""confidence"": 0.0011118813023896447, ""n_samples"": 363}, {""accuracy"": 1.0, ""bin_hi"": 0.2, ""bin_lo"": 0.1, ""confidence"": 0.16212363421272258, ""n_samples"": 4}, {""accuracy"": 1.0, ""bin_hi"": 0.30000000000000004, ""bin_lo"": 0.2, ""confidence"": 0.21418240435735608, ""n_samples"": 1}, {""accuracy"": 1.0, ""bin_hi"": 0.4, ""bin_lo"": 0.30000000000000004, ""confidence"": 0.311215682934314, ""n_samples"": 1}, {""accuracy"": 1.0, ""bin_hi"": 0.5, ""bin_lo"": 0.4, ""confidence"": 0.4696094716580175, ""n_samples"": 2}, {""accuracy"": 1.0, ""bin_hi"": 0.6000000000000001, ""bin_lo"": 0.5, ""confidence"": 0.5478686299729836, ""n_samples"": 4}, {""accuracy"": 1.0, ""bin_hi"": 0.7000000000000001, ""bin_lo"": 0.6000000000000001, ""confidence"": 0.6335071073084986, ""n_samples"": 1}, {""accuracy"": 1.0, ""bin_hi"": 0.8, ""bin_lo"": 0.7000000000000001, ""confidence"": 0.764367841065705, ""n_samples"": 4}, {""accuracy"": 1.0, ""bin_hi"": 0.9, ""bin_lo"": 0.8, ""confidence"": 0.8723479500596545, ""n_samples"": 10}, {""accuracy"": 1.0, ""bin_hi"": 1.0, ""bin_lo"": 0.9, ""confidence"": 0.966380903143117, ""n_samples"": 10}], ""ece"": 0.03303383499070749}",0.04700000000048021,success,
elkan_noto,sar-pi0.1-scalesmall,106,"{""base_estimator"": null, ""calibration_method"": ""isotonic"", ""eps"": 1e-12, ""mode"": ""weighted_retraining"", ""n_cv_folds"": 3}",linear,0.1,0.5,0.5,True,0,,,0.8103016301567425,,,,,0.0625,False,-0.036315789473684204,0.8,1.0,0.998125,0.9625,0.7692307692307693,0.9763157894736842,0.9861181995392523,0.8125,0.0271085423501672,0.03823303730181133,"{""buckets"": [{""accuracy"": 0.008287292817679558, ""bin_hi"": 0.1, ""bin_lo"": 0.0, ""confidence"": 0.0026716164919763055, ""n_samples"": 362}, {""accuracy"": 0.75, ""bin_hi"": 0.2, ""bin_lo"": 0.1, ""confidence"": 0.15196237584535371, ""n_samples"": 4}, {""accuracy"": 1.0, ""bin_hi"": 0.30000000000000004, ""bin_lo"": 0.2, ""confidence"": 0.2290759726805652, ""n_samples"": 4}, {""accuracy"": 1.0, ""bin_hi"": 0.4, ""bin_lo"": 0.30000000000000004, ""confidence"": 0.33563514054634164, ""n_samples"": 3}, {""accuracy"": 1.0, ""bin_hi"": 0.5, ""bin_lo"": 0.4, ""confidence"": 0.4239574727342217, ""n_samples"": 2}, {""accuracy"": 1.0, ""bin_hi"": 0.6000000000000001, ""bin_lo"": 0.5, ""confidence"": 0.5314544650241868, ""n_samples"": 3}, {""accuracy"": 1.0, ""bin_hi"": 0.7000000000000001, ""bin_lo"": 0.6000000000000001, ""confidence"": 0.6283829565086412, ""n_samples"": 5}, {""accuracy"": 1.0, ""bin_hi"": 0.8, ""bin_lo"": 0.7000000000000001, ""confidence"": 0.7844099617159721, ""n_samples"": 1}, {""accuracy"": 1.0, ""bin_hi"": 0.9, ""bin_lo"": 0.8, ""confidence"": 0.8729758555592834, ""n_samples"": 6}, {""accuracy"": 1.0, ""bin_hi"": 1.0, ""bin_lo"": 0.9, ""confidence"": 0.9602142875281464, ""n_samples"": 10}], ""ece"": 0.03823303730181133}",0.04699999999957072,success,
elkan_noto,sar-pi0.1-scalesmall,107,"{""base_estimator"": null, ""calibration_method"": ""isotonic"", ""eps"": 1e-12, ""mode"": ""weighted_retraining"", ""n_cv_folds"": 3}",linear,0.1,0.5,0.5,True,0,,,0.7742781675720771,,,,,0.065,False,-0.06532867946480513,0.9444444444444444,1.0,0.9947222222222223,0.965,0.7878787878787878,0.9764397905759162,0.97101291177105,0.825,0.030553856953399156,0.03602596486910167,"{""buckets"": [{""accuracy"": 0.024390243902439025, ""bin_hi"": 0.1, ""bin_lo"": 0.0, ""confidence"": 0.00025139073513998116, ""n_samples"": 369}, {""accuracy"": 1.0, ""bin_hi"": 0.2, ""bin_lo"": 0.1, ""confidence"": 0.1482766258793652, ""n_samples"": 2}, {""accuracy"": 1.0, ""bin_hi"": 0.30000000000000004, ""bin_lo"": 0.2, ""confidence"": 0.2670854501688927, ""n_samples"": 2}, {""accuracy"": 1.0, ""bin_hi"": 0.4, ""bin_lo"": 0.30000000000000004, ""confidence"": 0.30179784542671184, ""n_samples"": 1}, {""accuracy"": 0.0, ""bin_hi"": 0.5, ""bin_lo"": 0.4, ""confidence"": 0.0, ""n_samples"": 0}, {""accuracy"": 0.0, ""bin_hi"": 0.6000000000000001, ""bin_lo"": 0.5, ""confidence"": 0.0, ""n_samples"": 0}, {""accuracy"": 1.0, ""bin_hi"": 0.7000000000000001, ""bin_lo"": 0.6000000000000001, ""confidence"": 0.623304709171839, ""n_samples"": 1}, {""accuracy"": 1.0, ""bin_hi"": 0.8, ""bin_lo"": 0.7000000000000001, ""confidence"": 0.7723806371538484, ""n_samples"": 2}, {""accuracy"": 1.0, ""bin_hi"": 0.9, ""bin_lo"": 0.8, ""confidence"": 0.8865664851293223, ""n_samples"": 3}, {""accuracy"": 1.0, ""bin_hi"": 1.0, ""bin_lo"": 0.9, ""confidence"": 0.9768281717350973, ""n_samples"": 20}], ""ece"": 0.03602596486910167}",0.032000000000152795,success,
elkan_noto,sar-pi0.1-scalesmall,108,"{""base_estimator"": null, ""calibration_method"": ""isotonic"", ""eps"": 1e-12, ""mode"": ""weighted_retraining"", ""n_cv_folds"": 3}",linear,0.1,0.5,0.5,True,0,,,0.6988723596387326,,,,,0.08,False,-0.06180856180856181,0.9545454545454546,1.0,0.9994444444444444,0.98,0.8888888888888888,0.9708994708994709,0.995473104793757,0.9,0.013758888297394512,0.019961129418622745,"{""buckets"": [{""accuracy"": 0.00554016620498615, ""bin_hi"": 0.1, ""bin_lo"": 0.0, ""confidence"": 0.0005110182224236406, ""n_samples"": 361}, {""accuracy"": 0.6666666666666666, ""bin_hi"": 0.2, ""bin_lo"": 0.1, ""confidence"": 0.14588005322598305, ""n_samples"": 3}, {""accuracy"": 1.0, ""bin_hi"": 0.30000000000000004, ""bin_lo"": 0.2, ""confidence"": 0.21951539695219618, ""n_samples"": 1}, {""accuracy"": 1.0, ""bin_hi"": 0.4, ""bin_lo"": 0.30000000000000004, ""confidence"": 0.3975908768755717, ""n_samples"": 1}, {""accuracy"": 1.0, ""bin_hi"": 0.5, ""bin_lo"": 0.4, ""confidence"": 0.4465592526395525, ""n_samples"": 2}, {""accuracy"": 1.0, ""bin_hi"": 0.6000000000000001, ""bin_lo"": 0.5, ""confidence"": 0.5856675845843355, ""n_samples"": 1}, {""accuracy"": 1.0, ""bin_hi"": 0.7000000000000001, ""bin_lo"": 0.6000000000000001, ""confidence"": 0.6807527514897929, ""n_samples"": 2}, {""accuracy"": 1.0, ""bin_hi"": 0.8, ""bin_lo"": 0.7000000000000001, ""confidence"": 0.7457364574589724, ""n_samples"": 3}, {""accuracy"": 1.0, ""bin_hi"": 0.9, ""bin_lo"": 0.8, ""confidence"": 0.815567387674313, ""n_samples"": 1}, {""accuracy"": 1.0, ""bin_hi"": 1.0, ""bin_lo"": 0.9, ""confidence"": 0.9953302347142398, ""n_samples"": 25}], ""ece"": 0.019961129418622745}",0.04700000000048021,success,
elkan_noto,sar-pi0.1-scalesmall,109,"{""base_estimator"": null, ""calibration_method"": ""isotonic"", ""eps"": 1e-12, ""mode"": ""weighted_retraining"", ""n_cv_folds"": 3}",linear,0.1,0.5,0.5,True,0,,,0.7069460048431231,,,,,0.055,False,-0.04381815389341115,0.8235294117647058,1.0,0.9915972222222222,0.955,0.7096774193548387,0.97911227154047,0.9709506945915803,0.775,0.03435624741153653,0.04677976898871716,"{""buckets"": [{""accuracy"": 0.021739130434782608, ""bin_hi"": 0.1, ""bin_lo"": 0.0, ""confidence"": 0.0036493058810186203, ""n_samples"": 368}, {""accuracy"": 1.0, ""bin_hi"": 0.2, ""bin_lo"": 0.1, ""confidence"": 0.14572818472603846, ""n_samples"": 1}, {""accuracy"": 1.0, ""bin_hi"": 0.30000000000000004, ""bin_lo"": 0.2, ""confidence"": 0.22908869096643858, ""n_samples"": 2}, {""accuracy"": 1.0, ""bin_hi"": 0.4, ""bin_lo"": 0.30000000000000004, ""confidence"": 0.34129116311859103, ""n_samples"": 4}, {""accuracy"": 1.0, ""bin_hi"": 0.5, ""bin_lo"": 0.4, ""confidence"": 0.42851847902648377, ""n_samples"": 3}, {""accuracy"": 1.0, ""bin_hi"": 0.6000000000000001, ""bin_lo"": 0.5, ""confidence"": 0.5529344957209221, ""n_samples"": 6}, {""accuracy"": 1.0, ""bin_hi"": 0.7000000000000001, ""bin_lo"": 0.6000000000000001, ""confidence"": 0.6600309139455646, ""n_samples"": 4}, {""accuracy"": 1.0, ""bin_hi"": 0.8, ""bin_lo"": 0.7000000000000001, ""confidence"": 0.7420767899384882, ""n_samples"": 2}, {""accuracy"": 1.0, ""bin_hi"": 0.9, ""bin_lo"": 0.8, ""confidence"": 0.8577734906831097, ""n_samples"": 4}, {""accuracy"": 1.0, ""bin_hi"": 1.0, ""bin_lo"": 0.9, ""confidence"": 0.9695906685613908, ""n_samples"": 6}], ""ece"": 0.04677976898871716}",0.04700000000048021,success,
elkan_noto,sar-pi0.1-scalesmall,110,"{""base_estimator"": null, ""calibration_method"": ""isotonic"", ""eps"": 1e-12, ""mode"": ""weighted_retraining"", ""n_cv_folds"": 3}",linear,0.1,0.5,0.5,True,0,,,0.8289535687402246,,,,,0.075,False,-0.05466666666666667,0.88,1.0,0.9993055555555556,0.975,0.8571428571428571,0.9786666666666667,0.9937582869014042,0.875,0.017274857992247376,0.023374730030834786,"{""buckets"": [{""accuracy"": 0.008310249307479225, ""bin_hi"": 0.1, ""bin_lo"": 0.0, ""confidence"": 0.00047284499475794836, ""n_samples"": 361}, {""accuracy"": 0.6666666666666666, ""bin_hi"": 0.2, ""bin_lo"": 0.1, ""confidence"": 0.13093675448836276, ""n_samples"": 3}, {""accuracy"": 0.5, ""bin_hi"": 0.30000000000000004, ""bin_lo"": 0.2, ""confidence"": 0.2756719914113216, ""n_samples"": 2}, {""accuracy"": 1.0, ""bin_hi"": 0.4, ""bin_lo"": 0.30000000000000004, ""confidence"": 0.34718519538577475, ""n_samples"": 3}, {""accuracy"": 1.0, ""bin_hi"": 0.5, ""bin_lo"": 0.4, ""confidence"": 0.4400302295382875, ""n_samples"": 1}, {""accuracy"": 1.0, ""bin_hi"": 0.6000000000000001, ""bin_lo"": 0.5, ""confidence"": 0.5716937682958859, ""n_samples"": 1}, {""accuracy"": 0.0, ""bin_hi"": 0.7000000000000001, ""bin_lo"": 0.6000000000000001, ""confidence"": 0.0, ""n_samples"": 0}, {""accuracy"": 1.0, ""bin_hi"": 0.8, ""bin_lo"": 0.7000000000000001, ""confidence"": 0.7782962786869476, ""n_samples"": 2}, {""accuracy"": 1.0, ""bin_hi"": 0.9, ""bin_lo"": 0.8, ""confidence"": 0.8540745222551135, ""n_samples"": 6}, {""accuracy"": 1.0, ""bin_hi"": 1.0, ""bin_lo"": 0.9, ""confidence"": 0.9905208296845077, ""n_samples"": 21}], ""ece"": 0.023374730030834786}",0.04700000000048021,success,
elkan_noto,sar-pi0.1-scalesmall,111,"{""base_estimator"": null, ""calibration_method"": ""isotonic"", ""eps"": 1e-12, ""mode"": ""weighted_retraining"", ""n_cv_folds"": 3}",linear,0.1,0.5,0.5,True,0,,,0.7625502507261934,,,,,0.0725,False,-0.05105263157894737,0.9,1.0,0.9961805555555555,0.9725,0.8405797101449275,0.9710526315789474,0.9715621700118544,0.8625,0.023739758142876207,0.030312627582453844,"{""buckets"": [{""accuracy"": 0.019178082191780823, ""bin_hi"": 0.1, ""bin_lo"": 0.0, ""confidence"": 0.001046020692558748, ""n_samples"": 365}, {""accuracy"": 0.3333333333333333, ""bin_hi"": 0.2, ""bin_lo"": 0.1, ""confidence"": 0.16655337845958373, ""n_samples"": 3}, {""accuracy"": 1.0, ""bin_hi"": 0.30000000000000004, ""bin_lo"": 0.2, ""confidence"": 0.2430248762175181, ""n_samples"": 1}, {""accuracy"": 0.0, ""bin_hi"": 0.4, ""bin_lo"": 0.30000000000000004, ""confidence"": 0.0, ""n_samples"": 0}, {""accuracy"": 1.0, ""bin_hi"": 0.5, ""bin_lo"": 0.4, ""confidence"": 0.4305008267046035, ""n_samples"": 2}, {""accuracy"": 1.0, ""bin_hi"": 0.6000000000000001, ""bin_lo"": 0.5, ""confidence"": 0.5555475668510064, ""n_samples"": 3}, {""accuracy"": 1.0, ""bin_hi"": 0.7000000000000001, ""bin_lo"": 0.6000000000000001, ""confidence"": 0.6580919116420293, ""n_samples"": 1}, {""accuracy"": 1.0, ""bin_hi"": 0.8, ""bin_lo"": 0.7000000000000001, ""confidence"": 0.7497279358721365, ""n_samples"": 2}, {""accuracy"": 1.0, ""bin_hi"": 0.9, ""bin_lo"": 0.8, ""confidence"": 0.8472056865023572, ""n_samples"": 2}, {""accuracy"": 1.0, ""bin_hi"": 1.0, ""bin_lo"": 0.9, ""confidence"": 0.9700410901088099, ""n_samples"": 21}], ""ece"": 0.030312627582453844}",0.04699999999957072,success,
elkan_noto,sar-pi0.1-scalesmall,112,"{""base_estimator"": null, ""calibration_method"": ""isotonic"", ""eps"": 1e-12, ""mode"": ""weighted_retraining"", ""n_cv_folds"": 3}",linear,0.1,0.5,0.5,True,0,,,0.733126498899881,,,,,0.08,False,-0.053430976819282675,0.9130434782608695,1.0,0.997638888888889,0.98,0.8888888888888888,0.9708222811671088,0.9822022423086254,0.9,0.015483189910963712,0.019582192606699602,"{""buckets"": [{""accuracy"": 0.008403361344537815, ""bin_hi"": 0.1, ""bin_lo"": 0.0, ""confidence"": 0.0025445604748268124, ""n_samples"": 357}, {""accuracy"": 0.2, ""bin_hi"": 0.2, ""bin_lo"": 0.1, ""confidence"": 0.13606979253801244, ""n_samples"": 5}, {""accuracy"": 0.5, ""bin_hi"": 0.30000000000000004, ""bin_lo"": 0.2, ""confidence"": 0.2677471789682907, ""n_samples"": 2}, {""accuracy"": 0.0, ""bin_hi"": 0.4, ""bin_lo"": 0.30000000000000004, ""confidence"": 0.0, ""n_samples"": 0}, {""accuracy"": 0.75, ""bin_hi"": 0.5, ""bin_lo"": 0.4, ""confidence"": 0.4580088547032897, ""n_samples"": 4}, {""accuracy"": 1.0, ""bin_hi"": 0.6000000000000001, ""bin_lo"": 0.5, ""confidence"": 0.5595176849262068, ""n_samples"": 2}, {""accuracy"": 1.0, ""bin_hi"": 0.7000000000000001, ""bin_lo"": 0.6000000000000001, ""confidence"": 0.6604921276145418, ""n_samples"": 3}, {""accuracy"": 1.0, ""bin_hi"": 0.8, ""bin_lo"": 0.7000000000000001, ""confidence"": 0.749437227959691, ""n_samples"": 4}, {""accuracy"": 1.0, ""bin_hi"": 0.9, ""bin_lo"": 0.8, ""confidence"": 0.8875872898220899, ""n_samples"": 3}, {""accuracy"": 1.0, ""bin_hi"": 1.0, ""bin_lo"": 0.9, ""confidence"": 0.9724906797183056, ""n_samples"": 20}], ""ece"": 0.019582192606699602}",0.03099999999994907,success,
elkan_noto,sar-pi0.1-scalesmall,113,"{""base_estimator"": null, ""calibration_method"": ""isotonic"", ""eps"": 1e-12, ""mode"": ""weighted_retraining"", ""n_cv_folds"": 3}",linear,0.1,0.5,0.5,True,0,,,0.7580273517929615,,,,,0.07,False,-0.028421052631578944,0.8,1.0,0.9992361111111111,0.97,0.8235294117647058,0.968421052631579,0.994375,0.85,0.021615157417112923,0.032768368280274976,"{""buckets"": [{""accuracy"": 0.00554016620498615, ""bin_hi"": 0.1, ""bin_lo"": 0.0, ""confidence"": 0.003836848792888001, ""n_samples"": 361}, {""accuracy"": 0.75, ""bin_hi"": 0.2, ""bin_lo"": 0.1, ""confidence"": 0.16143971209207555, ""n_samples"": 4}, {""accuracy"": 1.0, ""bin_hi"": 0.30000000000000004, ""bin_lo"": 0.2, ""confidence"": 0.2510673591040401, ""n_samples"": 2}, {""accuracy"": 1.0, ""bin_hi"": 0.4, ""bin_lo"": 0.30000000000000004, ""confidence"": 0.3800606974036791, ""n_samples"": 2}, {""accuracy"": 1.0, ""bin_hi"": 0.5, ""bin_lo"": 0.4, ""confidence"": 0.4350980576768682, ""n_samples"": 3}, {""accuracy"": 1.0, ""bin_hi"": 0.6000000000000001, ""bin_lo"": 0.5, ""confidence"": 0.544544831557849, ""n_samples"": 6}, {""accuracy"": 1.0, ""bin_hi"": 0.7000000000000001, ""bin_lo"": 0.6000000000000001, ""confidence"": 0.6628431182977629, ""n_samples"": 2}, {""accuracy"": 1.0, ""bin_hi"": 0.8, ""bin_lo"": 0.7000000000000001, ""confidence"": 0.7467256100088605, ""n_samples"": 6}, {""accuracy"": 1.0, ""bin_hi"": 0.9, ""bin_lo"": 0.8, ""confidence"": 0.8785199055142415, ""n_samples"": 3}, {""accuracy"": 1.0, ""bin_hi"": 1.0, ""bin_lo"": 0.9, ""confidence"": 0.9623065942458718, ""n_samples"": 11}], ""ece"": 0.032768368280274976}",0.03099999999994907,success,
elkan_noto,sar-pi0.1-scalesmall,114,"{""base_estimator"": null, ""calibration_method"": ""isotonic"", ""eps"": 1e-12, ""mode"": ""weighted_retraining"", ""n_cv_folds"": 3}",linear,0.1,0.5,0.5,True,0,,,0.7333069152678549,,,,,0.06,False,-0.04742367730349496,0.8421052631578947,1.0,0.9992361111111111,0.96,0.75,0.979002624671916,0.9925270777220274,0.8,0.026109411073395462,0.03664529533644318,"{""buckets"": [{""accuracy"": 0.011019283746556474, ""bin_hi"": 0.1, ""bin_lo"": 0.0, ""confidence"": 0.001901004089337311, ""n_samples"": 363}, {""accuracy"": 1.0, ""bin_hi"": 0.2, ""bin_lo"": 0.1, ""confidence"": 0.16173283987831585, ""n_samples"": 4}, {""accuracy"": 1.0, ""bin_hi"": 0.30000000000000004, ""bin_lo"": 0.2, ""confidence"": 0.24913015735753152, ""n_samples"": 2}, {""accuracy"": 0.75, ""bin_hi"": 0.4, ""bin_lo"": 0.30000000000000004, ""confidence"": 0.3353270392390152, ""n_samples"": 4}, {""accuracy"": 1.0, ""bin_hi"": 0.5, ""bin_lo"": 0.4, ""confidence"": 0.45276095555664786, ""n_samples"": 3}, {""accuracy"": 1.0, ""bin_hi"": 0.6000000000000001, ""bin_lo"": 0.5, ""confidence"": 0.5738867011691774, ""n_samples"": 1}, {""accuracy"": 1.0, ""bin_hi"": 0.7000000000000001, ""bin_lo"": 0.6000000000000001, ""confidence"": 0.6447871262090172, ""n_samples"": 3}, {""accuracy"": 1.0, ""bin_hi"": 0.8, ""bin_lo"": 0.7000000000000001, ""confidence"": 0.7943365806318141, ""n_samples"": 2}, {""accuracy"": 1.0, ""bin_hi"": 0.9, ""bin_lo"": 0.8, ""confidence"": 0.8384945756851756, ""n_samples"": 5}, {""accuracy"": 1.0, ""bin_hi"": 1.0, ""bin_lo"": 0.9, ""confidence"": 0.9628954279733244, ""n_samples"": 13}], ""ece"": 0.03664529533644318}",0.04699999999957072,success,
elkan_noto,sar-pi0.1-scalesmall,115,"{""base_estimator"": null, ""calibration_method"": ""isotonic"", ""eps"": 1e-12, ""mode"": ""weighted_retraining"", ""n_cv_folds"": 3}",linear,0.1,0.5,0.5,True,0,,,0.7445161786820556,,,,,0.0725,False,-0.030242492775474306,0.8095238095238095,1.0,0.9996527777777778,0.9725,0.8405797101449275,0.9683377308707124,0.9972222222222222,0.8625,0.019677113481807812,0.03121224292579813,"{""buckets"": [{""accuracy"": 0.0028011204481792717, ""bin_hi"": 0.1, ""bin_lo"": 0.0, ""confidence"": 0.004460268506510198, ""n_samples"": 357}, {""accuracy"": 0.42857142857142855, ""bin_hi"": 0.2, ""bin_lo"": 0.1, ""confidence"": 0.1461816534563511, ""n_samples"": 7}, {""accuracy"": 1.0, ""bin_hi"": 0.30000000000000004, ""bin_lo"": 0.2, ""confidence"": 0.23164554693672762, ""n_samples"": 4}, {""accuracy"": 1.0, ""bin_hi"": 0.4, ""bin_lo"": 0.30000000000000004, ""confidence"": 0.3735418761702142, ""n_samples"": 2}, {""accuracy"": 1.0, ""bin_hi"": 0.5, ""bin_lo"": 0.4, ""confidence"": 0.4183207392629775, ""n_samples"": 1}, {""accuracy"": 1.0, ""bin_hi"": 0.6000000000000001, ""bin_lo"": 0.5, ""confidence"": 0.5657122358817965, ""n_samples"": 3}, {""accuracy"": 1.0, ""bin_hi"": 0.7000000000000001, ""bin_lo"": 0.6000000000000001, ""confidence"": 0.6786058812349167, ""n_samples"": 3}, {""accuracy"": 1.0, ""bin_hi"": 0.8, ""bin_lo"": 0.7000000000000001, ""confidence"": 0.7638546635282174, ""n_samples"": 3}, {""accuracy"": 1.0, ""bin_hi"": 0.9, ""bin_lo"": 0.8, ""confidence"": 0.8337604384841786, ""n_samples"": 9}, {""accuracy"": 1.0, ""bin_hi"": 1.0, ""bin_lo"": 0.9, ""confidence"": 0.9512543767879742, ""n_samples"": 11}], ""ece"": 0.03121224292579813}",0.03099999999994907,success,
elkan_noto,sar-pi0.1-scalesmall,116,"{""base_estimator"": null, ""calibration_method"": ""isotonic"", ""eps"": 1e-12, ""mode"": ""weighted_retraining"", ""n_cv_folds"": 3}",linear,0.1,0.5,0.5,True,0,,,0.7754465123242156,,,,,0.08,False,-0.05881392134690288,0.9523809523809523,1.0,0.9958333333333333,0.98,0.8888888888888888,0.9683377308707124,0.9703803324624558,0.9,0.018362420032721084,0.021360362229877458,"{""buckets"": [{""accuracy"": 0.01912568306010929, ""bin_hi"": 0.1, ""bin_lo"": 0.0, ""confidence"": 0.0007021012389423955, ""n_samples"": 366}, {""accuracy"": 0.0, ""bin_hi"": 0.2, ""bin_lo"": 0.1, ""confidence"": 0.0, ""n_samples"": 0}, {""accuracy"": 0.0, ""bin_hi"": 0.30000000000000004, ""bin_lo"": 0.2, ""confidence"": 0.2227163079879132, ""n_samples"": 1}, {""accuracy"": 0.0, ""bin_hi"": 0.4, ""bin_lo"": 0.30000000000000004, ""confidence"": 0.0, ""n_samples"": 0}, {""accuracy"": 1.0, ""bin_hi"": 0.5, ""bin_lo"": 0.4, ""confidence"": 0.4811541603681896, ""n_samples"": 1}, {""accuracy"": 1.0, ""bin_hi"": 0.6000000000000001, ""bin_lo"": 0.5, ""confidence"": 0.5655003813171158, ""n_samples"": 1}, {""accuracy"": 0.0, ""bin_hi"": 0.7000000000000001, ""bin_lo"": 0.6000000000000001, ""confidence"": 0.0, ""n_samples"": 0}, {""accuracy"": 0.0, ""bin_hi"": 0.8, ""bin_lo"": 0.7000000000000001, ""confidence"": 0.0, ""n_samples"": 0}, {""accuracy"": 1.0, ""bin_hi"": 0.9, ""bin_lo"": 0.8, ""confidence"": 0.8524705126849307, ""n_samples"": 3}, {""accuracy"": 1.0, ""bin_hi"": 1.0, ""bin_lo"": 0.9, ""confidence"": 0.993483438672997, ""n_samples"": 28}], ""ece"": 0.021360362229877458}",0.04700000000048021,success,
elkan_noto,sar-pi0.1-scalesmall,117,"{""base_estimator"": null, ""calibration_method"": ""isotonic"", ""eps"": 1e-12, ""mode"": ""weighted_retraining"", ""n_cv_folds"": 3}",linear,0.1,0.5,0.5,True,0,,,0.7340240681030121,,,,,0.05,False,-0.02329004329004329,0.7333333333333333,1.0,0.9984722222222222,0.95,0.6666666666666666,0.9766233766233766,0.988278540565126,0.75,0.03752401206166707,0.052737632688828466,"{""buckets"": [{""accuracy"": 0.021739130434782608, ""bin_hi"": 0.1, ""bin_lo"": 0.0, ""confidence"": 0.002228277448033235, ""n_samples"": 368}, {""accuracy"": 1.0, ""bin_hi"": 0.2, ""bin_lo"": 0.1, ""confidence"": 0.13803993311482352, ""n_samples"": 2}, {""accuracy"": 1.0, ""bin_hi"": 0.30000000000000004, ""bin_lo"": 0.2, ""confidence"": 0.22709183378565875, ""n_samples"": 3}, {""accuracy"": 1.0, ""bin_hi"": 0.4, ""bin_lo"": 0.30000000000000004, ""confidence"": 0.33806805667281753, ""n_samples"": 3}, {""accuracy"": 1.0, ""bin_hi"": 0.5, ""bin_lo"": 0.4, ""confidence"": 0.4386072887517075, ""n_samples"": 4}, {""accuracy"": 1.0, ""bin_hi"": 0.6000000000000001, ""bin_lo"": 0.5, ""confidence"": 0.5582840908075611, ""n_samples"": 6}, {""accuracy"": 1.0, ""bin_hi"": 0.7000000000000001, ""bin_lo"": 0.6000000000000001, ""confidence"": 0.6683012721263933, ""n_samples"": 3}, {""accuracy"": 1.0, ""bin_hi"": 0.8, ""bin_lo"": 0.7000000000000001, ""confidence"": 0.7451874956651383, ""n_samples"": 5}, {""accuracy"": 1.0, ""bin_hi"": 0.9, ""bin_lo"": 0.8, ""confidence"": 0.8555902909369522, ""n_samples"": 4}, {""accuracy"": 1.0, ""bin_hi"": 1.0, ""bin_lo"": 0.9, ""confidence"": 0.928022563841215, ""n_samples"": 2}], ""ece"": 0.052737632688828466}",0.04699999999957072,success,
elkan_noto,sar-pi0.1-scalesmall,118,"{""base_estimator"": null, ""calibration_method"": ""isotonic"", ""eps"": 1e-12, ""mode"": ""weighted_retraining"", ""n_cv_folds"": 3}",linear,0.1,0.5,0.5,True,0,,,0.7524127323278919,,,,,0.0775,False,-0.024965447920593048,0.8095238095238095,1.0,1.0,0.9775,0.8732394366197183,0.9630606860158312,1.0,0.8875,0.017999917892821894,0.036866434289533456,"{""buckets"": [{""accuracy"": 0.0, ""bin_hi"": 0.1, ""bin_lo"": 0.0, ""confidence"": 0.003617169767785682, ""n_samples"": 358}, {""accuracy"": 0.6, ""bin_hi"": 0.2, ""bin_lo"": 0.1, ""confidence"": 0.1609602871609856, ""n_samples"": 5}, {""accuracy"": 1.0, ""bin_hi"": 0.30000000000000004, ""bin_lo"": 0.2, ""confidence"": 0.23763580096905446, ""n_samples"": 3}, {""accuracy"": 1.0, ""bin_hi"": 0.4, ""bin_lo"": 0.30000000000000004, ""confidence"": 0.35695616710718503, ""n_samples"": 2}, {""accuracy"": 1.0, ""bin_hi"": 0.5, ""bin_lo"": 0.4, ""confidence"": 0.42421638415280005, ""n_samples"": 1}, {""accuracy"": 1.0, ""bin_hi"": 0.6000000000000001, ""bin_lo"": 0.5, ""confidence"": 0.544080015687004, ""n_samples"": 5}, {""accuracy"": 1.0, ""bin_hi"": 0.7000000000000001, ""bin_lo"": 0.6000000000000001, ""confidence"": 0.6472218985575995, ""n_samples"": 4}, {""accuracy"": 1.0, ""bin_hi"": 0.8, ""bin_lo"": 0.7000000000000001, ""confidence"": 0.739570749215695, ""n_samples"": 6}, {""accuracy"": 1.0, ""bin_hi"": 0.9, ""bin_lo"": 0.8, ""confidence"": 0.8503092510988578, ""n_samples"": 10}, {""accuracy"": 1.0, ""bin_hi"": 1.0, ""bin_lo"": 0.9, ""confidence"": 0.9404551375044111, ""n_samples"": 6}], ""ece"": 0.036866434289533456}",0.03099999999994907,success,
elkan_noto,sar-pi0.1-scalesmall,119,"{""base_estimator"": null, ""calibration_method"": ""isotonic"", ""eps"": 1e-12, ""mode"": ""weighted_retraining"", ""n_cv_folds"": 3}",linear,0.1,0.5,0.5,True,0,,,0.6964111646403718,,,,,0.0675,False,-0.013247686144495105,0.7368421052631579,1.0,0.9998611111111111,0.9675,0.8059701492537313,0.9658792650918635,0.9988095238095238,0.8375,0.01794471373310117,0.038024792811169425,"{""buckets"": [{""accuracy"": 0.0, ""bin_hi"": 0.1, ""bin_lo"": 0.0, ""confidence"": 0.0037163714187466914, ""n_samples"": 358}, {""accuracy"": 0.3333333333333333, ""bin_hi"": 0.2, ""bin_lo"": 0.1, ""confidence"": 0.13230508920664996, ""n_samples"": 3}, {""accuracy"": 1.0, ""bin_hi"": 0.30000000000000004, ""bin_lo"": 0.2, ""confidence"": 0.24449535335745642, ""n_samples"": 2}, {""accuracy"": 1.0, ""bin_hi"": 0.4, ""bin_lo"": 0.30000000000000004, ""confidence"": 0.3498787137013477, ""n_samples"": 4}, {""accuracy"": 1.0, ""bin_hi"": 0.5, ""bin_lo"": 0.4, ""confidence"": 0.4543562094415343, ""n_samples"": 6}, {""accuracy"": 1.0, ""bin_hi"": 0.6000000000000001, ""bin_lo"": 0.5, ""confidence"": 0.5763177529657265, ""n_samples"": 3}, {""accuracy"": 1.0, ""bin_hi"": 0.7000000000000001, ""bin_lo"": 0.6000000000000001, ""confidence"": 0.6623365212635721, ""n_samples"": 4}, {""accuracy"": 1.0, ""bin_hi"": 0.8, ""bin_lo"": 0.7000000000000001, ""confidence"": 0.7359727795192921, ""n_samples"": 7}, {""accuracy"": 1.0, ""bin_hi"": 0.9, ""bin_lo"": 0.8, ""confidence"": 0.8477725941824898, ""n_samples"": 8}, {""accuracy"": 1.0, ""bin_hi"": 1.0, ""bin_lo"": 0.9, ""confidence"": 0.9593392407215303, ""n_samples"": 5}], ""ece"": 0.038024792811169425}",0.04700000000048021,success,
elkan_noto,sar-pi0.1-scalemid,100,"{""base_estimator"": null, ""calibration_method"": ""isotonic"", ""eps"": 1e-12, ""mode"": ""weighted_retraining"", ""n_cv_folds"": 3}",linear,0.1,0.5,0.5,True,0,,,0.826275876779703,,,,,0.06,False,-0.04651635236820864,0.8350515463917526,1.0,0.9988027777777777,0.96,0.75,0.9795060430898581,0.9909585663665285,0.8,0.029156505204334195,0.039566330246676995,"{""buckets"": [{""accuracy"": 0.014246575342465753, ""bin_hi"": 0.1, ""bin_lo"": 0.0, ""confidence"": 0.0009168812860339952, ""n_samples"": 1825}, {""accuracy"": 0.9523809523809523, ""bin_hi"": 0.2, ""bin_lo"": 0.1, ""confidence"": 0.14444548208129668, ""n_samples"": 21}, {""accuracy"": 1.0, ""bin_hi"": 0.30000000000000004, ""bin_lo"": 0.2, ""confidence"": 0.23996138016721638, ""n_samples"": 11}, {""accuracy"": 1.0, ""bin_hi"": 0.4, ""bin_lo"": 0.30000000000000004, ""confidence"": 0.34517442947948584, ""n_samples"": 11}, {""accuracy"": 1.0, ""bin_hi"": 0.5, ""bin_lo"": 0.4, ""confidence"": 0.43953318008088577, ""n_samples"": 12}, {""accuracy"": 1.0, ""bin_hi"": 0.6000000000000001, ""bin_lo"": 0.5, ""confidence"": 0.5515100724259381, ""n_samples"": 13}, {""accuracy"": 1.0, ""bin_hi"": 0.7000000000000001, ""bin_lo"": 0.6000000000000001, ""confidence"": 0.6679493259836676, ""n_samples"": 5}, {""accuracy"": 1.0, ""bin_hi"": 0.8, ""bin_lo"": 0.7000000000000001, ""confidence"": 0.7621088837867532, ""n_samples"": 15}, {""accuracy"": 1.0, ""bin_hi"": 0.9, ""bin_lo"": 0.8, ""confidence"": 0.845374556921541, ""n_samples"": 16}, {""accuracy"": 1.0, ""bin_hi"": 1.0, ""bin_lo"": 0.9, ""confidence"": 0.9715884539414211, ""n_samples"": 71}], ""ece"": 0.039566330246676995}",0.04699999999957072,success,
elkan_noto,sar-pi0.1-scalemid,101,"{""base_estimator"": null, ""calibration_method"": ""isotonic"", ""eps"": 1e-12, ""mode"": ""weighted_retraining"", ""n_cv_folds"": 3}",linear,0.1,0.5,0.5,True,0,,,0.7944417944974601,,,,,0.06,False,-0.0350181278932738,0.7956989247311828,1.0,0.9989666666666667,0.96,0.75,0.9758783429470372,0.9919287763692926,0.8,0.027605732932575386,0.0403115549989725,"{""buckets"": [{""accuracy"": 0.01154480483782298, ""bin_hi"": 0.1, ""bin_lo"": 0.0, ""confidence"": 0.0014043722571779927, ""n_samples"": 1819}, {""accuracy"": 0.9375, ""bin_hi"": 0.2, ""bin_lo"": 0.1, ""confidence"": 0.12988587407249857, ""n_samples"": 16}, {""accuracy"": 0.9285714285714286, ""bin_hi"": 0.30000000000000004, ""bin_lo"": 0.2, ""confidence"": 0.24574781906598295, ""n_samples"": 14}, {""accuracy"": 1.0, ""bin_hi"": 0.4, ""bin_lo"": 0.30000000000000004, ""confidence"": 0.35841375308923545, ""n_samples"": 14}, {""accuracy"": 1.0, ""bin_hi"": 0.5, ""bin_lo"": 0.4, ""confidence"": 0.4384760923935491, ""n_samples"": 17}, {""accuracy"": 1.0, ""bin_hi"": 0.6000000000000001, ""bin_lo"": 0.5, ""confidence"": 0.5569667534589399, ""n_samples"": 8}, {""accuracy"": 1.0, ""bin_hi"": 0.7000000000000001, ""bin_lo"": 0.6000000000000001, ""confidence"": 0.6471543875994201, ""n_samples"": 18}, {""accuracy"": 1.0, ""bin_hi"": 0.8, ""bin_lo"": 0.7000000000000001, ""confidence"": 0.7476353698727372, ""n_samples"": 25}, {""accuracy"": 1.0, ""bin_hi"": 0.9, ""bin_lo"": 0.8, ""confidence"": 0.8466460133581608, ""n_samples"": 21}, {""accuracy"": 1.0, ""bin_hi"": 1.0, ""bin_lo"": 0.9, ""confidence"": 0.9636842451754997, ""n_samples"": 48}], ""ece"": 0.0403115549989725}",0.06300000000010186,success,
elkan_noto,sar-pi0.1-scalemid,102,"{""base_estimator"": null, ""calibration_method"": ""isotonic"", ""eps"": 1e-12, ""mode"": ""weighted_retraining"", ""n_cv_folds"": 3}",linear,0.1,0.5,0.5,True,0,,,0.8020242319793413,,,,,0.0695,False,-0.040706118859153165,0.8380952380952381,1.0,0.9996277777777778,0.9695,0.8200589970501475,0.9730870712401055,0.9967416786009143,0.8474999999999999,0.023245500842727966,0.033113338007991,"{""buckets"": [{""accuracy"": 0.0136986301369863, ""bin_hi"": 0.1, ""bin_lo"": 0.0, ""confidence"": 0.0011241343656993514, ""n_samples"": 1825}, {""accuracy"": 1.0, ""bin_hi"": 0.2, ""bin_lo"": 0.1, ""confidence"": 0.1540782346820584, ""n_samples"": 8}, {""accuracy"": 1.0, ""bin_hi"": 0.30000000000000004, ""bin_lo"": 0.2, ""confidence"": 0.24575434947045766, ""n_samples"": 14}, {""accuracy"": 1.0, ""bin_hi"": 0.4, ""bin_lo"": 0.30000000000000004, ""confidence"": 0.35269321153727096, ""n_samples"": 9}, {""accuracy"": 1.0, ""bin_hi"": 0.5, ""bin_lo"": 0.4, ""confidence"": 0.4622908208929024, ""n_samples"": 5}, {""accuracy"": 1.0, ""bin_hi"": 0.6000000000000001, ""bin_lo"": 0.5, ""confidence"": 0.5607249137614858, ""n_samples"": 12}, {""accuracy"": 1.0, ""bin_hi"": 0.7000000000000001, ""bin_lo"": 0.6000000000000001, ""confidence"": 0.6494350042515122, ""n_samples"": 8}, {""accuracy"": 1.0, ""bin_hi"": 0.8, ""bin_lo"": 0.7000000000000001, ""confidence"": 0.755693245040566, ""n_samples"": 11}, {""accuracy"": 1.0, ""bin_hi"": 0.9, ""bin_lo"": 0.8, ""confidence"": 0.8519504437565565, ""n_samples"": 31}, {""accuracy"": 1.0, ""bin_hi"": 1.0, ""bin_lo"": 0.9, ""confidence"": 0.9729302667172004, ""n_samples"": 77}], ""ece"": 0.033113338007991}",0.046000000000276486,success,
elkan_noto,sar-pi0.1-scalemid,103,"{""base_estimator"": null, ""calibration_method"": ""isotonic"", ""eps"": 1e-12, ""mode"": ""weighted_retraining"", ""n_cv_folds"": 3}",linear,0.1,0.5,0.5,True,0,,,0.8094714178222219,,,,,0.0705,False,-0.042884182423143596,0.8490566037735849,1.0,0.9986583333333333,0.9705,0.8269794721407625,0.9730728616684267,0.9938259581699301,0.8525,0.021096119019840147,0.03237706401355661,"{""buckets"": [{""accuracy"": 0.00717439293598234, ""bin_hi"": 0.1, ""bin_lo"": 0.0, ""confidence"": 0.0011558826481245545, ""n_samples"": 1812}, {""accuracy"": 0.9473684210526315, ""bin_hi"": 0.2, ""bin_lo"": 0.1, ""confidence"": 0.15102341376463155, ""n_samples"": 19}, {""accuracy"": 1.0, ""bin_hi"": 0.30000000000000004, ""bin_lo"": 0.2, ""confidence"": 0.252744935265579, ""n_samples"": 6}, {""accuracy"": 1.0, ""bin_hi"": 0.4, ""bin_lo"": 0.30000000000000004, ""confidence"": 0.3517159804430738, ""n_samples"": 13}, {""accuracy"": 1.0, ""bin_hi"": 0.5, ""bin_lo"": 0.4, ""confidence"": 0.4597218232706456, ""n_samples"": 9}, {""accuracy"": 1.0, ""bin_hi"": 0.6000000000000001, ""bin_lo"": 0.5, ""confidence"": 0.5436270345502349, ""n_samples"": 11}, {""accuracy"": 1.0, ""bin_hi"": 0.7000000000000001, ""bin_lo"": 0.6000000000000001, ""confidence"": 0.6412435096241175, ""n_samples"": 14}, {""accuracy"": 1.0, ""bin_hi"": 0.8, ""bin_lo"": 0.7000000000000001, ""confidence"": 0.7473299565718942, ""n_samples"": 12}, {""accuracy"": 1.0, ""bin_hi"": 0.9, ""bin_lo"": 0.8, ""confidence"": 0.8518886056121775, ""n_samples"": 36}, {""accuracy"": 1.0, ""bin_hi"": 1.0, ""bin_lo"": 0.9, ""confidence"": 0.9626829145658308, ""n_samples"": 68}], ""ece"": 0.03237706401355661}",0.06300000000010186,success,
elkan_noto,sar-pi0.1-scalemid,104,"{""base_estimator"": null, ""calibration_method"": ""isotonic"", ""eps"": 1e-12, ""mode"": ""weighted_retraining"", ""n_cv_folds"": 3}",linear,0.1,0.5,0.5,True,0,,,0.7881867312388984,,,,,0.067,False,-0.034105263157894736,0.81,1.0,0.9982833333333333,0.967,0.8023952095808383,0.9721052631578947,0.9898843399539833,0.835,0.024328485872547188,0.035784485062052625,"{""buckets"": [{""accuracy"": 0.011001100110011002, ""bin_hi"": 0.1, ""bin_lo"": 0.0, ""confidence"": 0.0017382787829507767, ""n_samples"": 1818}, {""accuracy"": 0.875, ""bin_hi"": 0.2, ""bin_lo"": 0.1, ""confidence"": 0.15026524315801018, ""n_samples"": 16}, {""accuracy"": 1.0, ""bin_hi"": 0.30000000000000004, ""bin_lo"": 0.2, ""confidence"": 0.24584731181939176, ""n_samples"": 14}, {""accuracy"": 1.0, ""bin_hi"": 0.4, ""bin_lo"": 0.30000000000000004, ""confidence"": 0.34951285285323863, ""n_samples"": 7}, {""accuracy"": 1.0, ""bin_hi"": 0.5, ""bin_lo"": 0.4, ""confidence"": 0.4577407134471174, ""n_samples"": 11}, {""accuracy"": 1.0, ""bin_hi"": 0.6000000000000001, ""bin_lo"": 0.5, ""confidence"": 0.5654917431692564, ""n_samples"": 9}, {""accuracy"": 1.0, ""bin_hi"": 0.7000000000000001, ""bin_lo"": 0.6000000000000001, ""confidence"": 0.6458196163196293, ""n_samples"": 16}, {""accuracy"": 1.0, ""bin_hi"": 0.8, ""bin_lo"": 0.7000000000000001, ""confidence"": 0.7359178247729347, ""n_samples"": 22}, {""accuracy"": 1.0, ""bin_hi"": 0.9, ""bin_lo"": 0.8, ""confidence"": 0.847501413939737, ""n_samples"": 28}, {""accuracy"": 1.0, ""bin_hi"": 1.0, ""bin_lo"": 0.9, ""confidence"": 0.9593258252482216, ""n_samples"": 59}], ""ece"": 0.035784485062052625}",0.06199999999989814,success,
elkan_noto,sar-pi0.1-scalemid,105,"{""base_estimator"": null, ""calibration_method"": ""isotonic"", ""eps"": 1e-12, ""mode"": ""weighted_retraining"", ""n_cv_folds"": 3}",linear,0.1,0.5,0.5,True,0,,,0.7687489766482709,,,,,0.065,False,-0.04448459490300495,0.8636363636363636,1.0,0.9989611111111111,0.965,0.7878787878787878,0.9717573221757322,0.9912367101846898,0.825,0.028818679944734006,0.03770518094741009,"{""buckets"": [{""accuracy"": 0.020685900925421885, ""bin_hi"": 0.1, ""bin_lo"": 0.0, ""confidence"": 0.0009224761872702351, ""n_samples"": 1837}, {""accuracy"": 0.9285714285714286, ""bin_hi"": 0.2, ""bin_lo"": 0.1, ""confidence"": 0.14265541747999738, ""n_samples"": 14}, {""accuracy"": 1.0, ""bin_hi"": 0.30000000000000004, ""bin_lo"": 0.2, ""confidence"": 0.25797051029869933, ""n_samples"": 7}, {""accuracy"": 1.0, ""bin_hi"": 0.4, ""bin_lo"": 0.30000000000000004, ""confidence"": 0.36055158607267973, ""n_samples"": 8}, {""accuracy"": 1.0, ""bin_hi"": 0.5, ""bin_lo"": 0.4, ""confidence"": 0.44119137763479077, ""n_samples"": 4}, {""accuracy"": 1.0, ""bin_hi"": 0.6000000000000001, ""bin_lo"": 0.5, ""confidence"": 0.5407980521617188, ""n_samples"": 8}, {""accuracy"": 1.0, ""bin_hi"": 0.7000000000000001, ""bin_lo"": 0.6000000000000001, ""confidence"": 0.6611652498560123, ""n_samples"": 11}, {""accuracy"": 1.0, ""bin_hi"": 0.8, ""bin_lo"": 0.7000000000000001, ""confidence"": 0.7630617530188161, ""n_samples"": 12}, {""accuracy"": 1.0, ""bin_hi"": 0.9, ""bin_lo"": 0.8, ""confidence"": 0.8502638595125226, ""n_samples"": 23}, {""accuracy"": 1.0, ""bin_hi"": 1.0, ""bin_lo"": 0.9, ""confidence"": 0.9754064442435423, ""n_samples"": 76}], ""ece"": 0.03770518094741009}",0.04699999999957072,success,
elkan_noto,sar-pi0.1-scalemid,106,"{""base_estimator"": null, ""calibration_method"": ""isotonic"", ""eps"": 1e-12, ""mode"": ""weighted_retraining"", ""n_cv_folds"": 3}",linear,0.1,0.5,0.5,True,0,,,0.8340736981806126,,,,,0.0795,False,-0.05294853294853295,0.9181818181818182,1.0,0.9986666666666667,0.9785,0.8802228412256268,0.9693121693121693,0.9891951707013985,0.8947222222222222,0.02136666064244518,0.021961175440117203,"{""buckets"": [{""accuracy"": 0.021750951604132682, ""bin_hi"": 0.1, ""bin_lo"": 0.0, ""confidence"": 1.4019614296165236e-06, ""n_samples"": 1839}, {""accuracy"": 1.0, ""bin_hi"": 0.2, ""bin_lo"": 0.1, ""confidence"": 0.12357602853399349, ""n_samples"": 1}, {""accuracy"": 1.0, ""bin_hi"": 0.30000000000000004, ""bin_lo"": 0.2, ""confidence"": 0.2167749192795589, ""n_samples"": 1}, {""accuracy"": 0.0, ""bin_hi"": 0.4, ""bin_lo"": 0.30000000000000004, ""confidence"": 0.0, ""n_samples"": 0}, {""accuracy"": 0.0, ""bin_hi"": 0.5, ""bin_lo"": 0.4, ""confidence"": 0.0, ""n_samples"": 0}, {""accuracy"": 0.0, ""bin_hi"": 0.6000000000000001, ""bin_lo"": 0.5, ""confidence"": 0.0, ""n_samples"": 0}, {""accuracy"": 1.0, ""bin_hi"": 0.7000000000000001, ""bin_lo"": 0.6000000000000001, ""confidence"": 0.652748141240973, ""n_samples"": 2}, {""accuracy"": 1.0, ""bin_hi"": 0.8, ""bin_lo"": 0.7000000000000001, ""confidence"": 0.7564468428692842, ""n_samples"": 1}, {""accuracy"": 1.0, ""bin_hi"": 0.9, ""bin_lo"": 0.8, ""confidence"": 0.8315768117741861, ""n_samples"": 2}, {""accuracy"": 0.9935064935064936, ""bin_hi"": 1.0, ""bin_lo"": 0.9, ""confidence"": 0.9999375115845236, ""n_samples"": 154}], ""ece"": 0.021961175440117203}",0.04699999999957072,success,
elkan_noto,sar-pi0.1-scalemid,107,"{""base_estimator"": null, ""calibration_method"": ""isotonic"", ""eps"": 1e-12, ""mode"": ""weighted_retraining"", ""n_cv_folds"": 3}",linear,0.1,0.5,0.5,True,0,,,0.7946619684351137,,,,,0.073,False,-0.044721279071621,0.8787878787878788,1.0,0.9989666666666667,0.973,0.8439306358381503,0.9689637033140452,0.9925470023431745,0.865,0.025614596551123546,0.026523422392496786,"{""buckets"": [{""accuracy"": 0.02650081124932396, ""bin_hi"": 0.1, ""bin_lo"": 0.0, ""confidence"": 4.548389028619492e-05, ""n_samples"": 1849}, {""accuracy"": 0.0, ""bin_hi"": 0.2, ""bin_lo"": 0.1, ""confidence"": 0.0, ""n_samples"": 0}, {""accuracy"": 1.0, ""bin_hi"": 0.30000000000000004, ""bin_lo"": 0.2, ""confidence"": 0.23627595214342967, ""n_samples"": 2}, {""accuracy"": 1.0, ""bin_hi"": 0.4, ""bin_lo"": 0.30000000000000004, ""confidence"": 0.39119554359764774, ""n_samples"": 1}, {""accuracy"": 1.0, ""bin_hi"": 0.5, ""bin_lo"": 0.4, ""confidence"": 0.468638538602674, ""n_samples"": 2}, {""accuracy"": 1.0, ""bin_hi"": 0.6000000000000001, ""bin_lo"": 0.5, ""confidence"": 0.5214973336934698, ""n_samples"": 1}, {""accuracy"": 0.0, ""bin_hi"": 0.7000000000000001, ""bin_lo"": 0.6000000000000001, ""confidence"": 0.0, ""n_samples"": 0}, {""accuracy"": 1.0, ""bin_hi"": 0.8, ""bin_lo"": 0.7000000000000001, ""confidence"": 0.7956477133177237, ""n_samples"": 1}, {""accuracy"": 1.0, ""bin_hi"": 0.9, ""bin_lo"": 0.8, ""confidence"": 0.8793125471880923, ""n_samples"": 1}, {""accuracy"": 1.0, ""bin_hi"": 1.0, ""bin_lo"": 0.9, ""confidence"": 0.9991019117662805, ""n_samples"": 143}], ""ece"": 0.026523422392496786}",0.04699999999957072,success,
elkan_noto,sar-pi0.1-scalemid,108,"{""base_estimator"": null, ""calibration_method"": ""isotonic"", ""eps"": 1e-12, ""mode"": ""weighted_retraining"", ""n_cv_folds"": 3}",linear,0.1,0.5,0.5,True,0,,,0.790548922890399,,,,,0.0675,False,-0.04032274347897704,0.8383838383838383,1.0,0.9994277777777778,0.9675,0.8059701492537313,0.9726459758022094,0.9954986641670749,0.8375,0.02657959682773113,0.032989336081767066,"{""buckets"": [{""accuracy"": 0.0196078431372549, ""bin_hi"": 0.1, ""bin_lo"": 0.0, ""confidence"": 0.0005814475027884147, ""n_samples"": 1836}, {""accuracy"": 1.0, ""bin_hi"": 0.2, ""bin_lo"": 0.1, ""confidence"": 0.1494145502246997, ""n_samples"": 11}, {""accuracy"": 1.0, ""bin_hi"": 0.30000000000000004, ""bin_lo"": 0.2, ""confidence"": 0.25605498070447447, ""n_samples"": 8}, {""accuracy"": 1.0, ""bin_hi"": 0.4, ""bin_lo"": 0.30000000000000004, ""confidence"": 0.3279917887207424, ""n_samples"": 5}, {""accuracy"": 1.0, ""bin_hi"": 0.5, ""bin_lo"": 0.4, ""confidence"": 0.4689825618102801, ""n_samples"": 5}, {""accuracy"": 1.0, ""bin_hi"": 0.6000000000000001, ""bin_lo"": 0.5, ""confidence"": 0.5548187729661767, ""n_samples"": 8}, {""accuracy"": 1.0, ""bin_hi"": 0.7000000000000001, ""bin_lo"": 0.6000000000000001, ""confidence"": 0.6600887172728501, ""n_samples"": 8}, {""accuracy"": 1.0, ""bin_hi"": 0.8, ""bin_lo"": 0.7000000000000001, ""confidence"": 0.757298383378365, ""n_samples"": 5}, {""accuracy"": 1.0, ""bin_hi"": 0.9, ""bin_lo"": 0.8, ""confidence"": 0.8725397718083516, ""n_samples"": 9}, {""accuracy"": 1.0, ""bin_hi"": 1.0, ""bin_lo"": 0.9, ""confidence"": 0.9896981789095669, ""n_samples"": 105}], ""ece"": 0.032989336081767066}",0.06199999999989814,success,
elkan_noto,sar-pi0.1-scalemid,109,"{""base_estimator"": null, ""calibration_method"": ""isotonic"", ""eps"": 1e-12, ""mode"": ""weighted_retraining"", ""n_cv_folds"": 3}",linear,0.1,0.5,0.5,True,0,,,0.8098016695282844,,,,,0.07,False,-0.0450433471541651,0.8571428571428571,1.0,0.9981,0.97,0.8235294117647058,0.9736147757255936,0.9889219133598492,0.85,0.02308285684993055,0.03162773313989076,"{""buckets"": [{""accuracy"": 0.0136986301369863, ""bin_hi"": 0.1, ""bin_lo"": 0.0, ""confidence"": 0.0005987899727972053, ""n_samples"": 1825}, {""accuracy"": 1.0, ""bin_hi"": 0.2, ""bin_lo"": 0.1, ""confidence"": 0.14043417817636805, ""n_samples"": 10}, {""accuracy"": 1.0, ""bin_hi"": 0.30000000000000004, ""bin_lo"": 0.2, ""confidence"": 0.23995796715660322, ""n_samples"": 9}, {""accuracy"": 1.0, ""bin_hi"": 0.4, ""bin_lo"": 0.30000000000000004, ""confidence"": 0.35896490768165934, ""n_samples"": 7}, {""accuracy"": 1.0, ""bin_hi"": 0.5, ""bin_lo"": 0.4, ""confidence"": 0.4421238010217927, ""n_samples"": 9}, {""accuracy"": 1.0, ""bin_hi"": 0.6000000000000001, ""bin_lo"": 0.5, ""confidence"": 0.5442402041605057, ""n_samples"": 9}, {""accuracy"": 1.0, ""bin_hi"": 0.7000000000000001, ""bin_lo"": 0.6000000000000001, ""confidence"": 0.6492503534306328, ""n_samples"": 9}, {""accuracy"": 1.0, ""bin_hi"": 0.8, ""bin_lo"": 0.7000000000000001, ""confidence"": 0.7477040132762058, ""n_samples"": 15}, {""accuracy"": 1.0, ""bin_hi"": 0.9, ""bin_lo"": 0.8, ""confidence"": 0.8600606711946058, ""n_samples"": 9}, {""accuracy"": 1.0, ""bin_hi"": 1.0, ""bin_lo"": 0.9, ""confidence"": 0.978554986862326, ""n_samples"": 98}], ""ece"": 0.03162773313989076}",0.04700000000048021,success,
elkan_noto,sar-pi0.1-scalemid,110,"{""base_estimator"": null, ""calibration_method"": ""isotonic"", ""eps"": 1e-12, ""mode"": ""weighted_retraining"", ""n_cv_folds"": 3}",linear,0.1,0.5,0.5,True,0,,,0.7689589501040939,,,,,0.064,False,-0.04387985711161333,0.8604651162790697,1.0,0.9971555555555556,0.964,0.7804878048780488,0.9717868338557993,0.9865900534074538,0.8200000000000001,0.03332382907037355,0.036228366977178406,"{""buckets"": [{""accuracy"": 0.03277807630306287, ""bin_hi"": 0.1, ""bin_lo"": 0.0, ""confidence"": 0.00024609314968240933, ""n_samples"": 1861}, {""accuracy"": 1.0, ""bin_hi"": 0.2, ""bin_lo"": 0.1, ""confidence"": 0.18166225237357247, ""n_samples"": 2}, {""accuracy"": 1.0, ""bin_hi"": 0.30000000000000004, ""bin_lo"": 0.2, ""confidence"": 0.286938253455416, ""n_samples"": 1}, {""accuracy"": 1.0, ""bin_hi"": 0.4, ""bin_lo"": 0.30000000000000004, ""confidence"": 0.35786800331716967, ""n_samples"": 7}, {""accuracy"": 1.0, ""bin_hi"": 0.5, ""bin_lo"": 0.4, ""confidence"": 0.4961191910341168, ""n_samples"": 1}, {""accuracy"": 1.0, ""bin_hi"": 0.6000000000000001, ""bin_lo"": 0.5, ""confidence"": 0.5513601266283473, ""n_samples"": 4}, {""accuracy"": 1.0, ""bin_hi"": 0.7000000000000001, ""bin_lo"": 0.6000000000000001, ""confidence"": 0.6415769114981309, ""n_samples"": 4}, {""accuracy"": 1.0, ""bin_hi"": 0.8, ""bin_lo"": 0.7000000000000001, ""confidence"": 0.7568615195455437, ""n_samples"": 3}, {""accuracy"": 1.0, ""bin_hi"": 0.9, ""bin_lo"": 0.8, ""confidence"": 0.8782973036644851, ""n_samples"": 1}, {""accuracy"": 1.0, ""bin_hi"": 1.0, ""bin_lo"": 0.9, ""confidence"": 0.9958034371277615, ""n_samples"": 116}], ""ece"": 0.036228366977178406}",0.046000000000276486,success,
elkan_noto,sar-pi0.1-scalemid,111,"{""base_estimator"": null, ""calibration_method"": ""isotonic"", ""eps"": 1e-12, ""mode"": ""weighted_retraining"", ""n_cv_folds"": 3}",linear,0.1,0.5,0.5,True,0,,,0.808211910602033,,,,,0.0665,False,-0.04726315789473684,0.86,1.0,0.9994694444444445,0.9665,0.7987987987987988,0.9752631578947368,0.9952840503009345,0.8325,0.025160117101025288,0.037626571973206256,"{""buckets"": [{""accuracy"": 0.01100715465052284, ""bin_hi"": 0.1, ""bin_lo"": 0.0, ""confidence"": 0.0011516827333482003, ""n_samples"": 1817}, {""accuracy"": 0.8666666666666667, ""bin_hi"": 0.2, ""bin_lo"": 0.1, ""confidence"": 0.13437477322965025, ""n_samples"": 15}, {""accuracy"": 0.9285714285714286, ""bin_hi"": 0.30000000000000004, ""bin_lo"": 0.2, ""confidence"": 0.24478183566543527, ""n_samples"": 14}, {""accuracy"": 1.0, ""bin_hi"": 0.4, ""bin_lo"": 0.30000000000000004, ""confidence"": 0.3469419793261318, ""n_samples"": 11}, {""accuracy"": 1.0, ""bin_hi"": 0.5, ""bin_lo"": 0.4, ""confidence"": 0.44334293761262755, ""n_samples"": 10}, {""accuracy"": 1.0, ""bin_hi"": 0.6000000000000001, ""bin_lo"": 0.5, ""confidence"": 0.5670691555893136, ""n_samples"": 12}, {""accuracy"": 1.0, ""bin_hi"": 0.7000000000000001, ""bin_lo"": 0.6000000000000001, ""confidence"": 0.6477889206224146, ""n_samples"": 22}, {""accuracy"": 1.0, ""bin_hi"": 0.8, ""bin_lo"": 0.7000000000000001, ""confidence"": 0.7503843087989313, ""n_samples"": 21}, {""accuracy"": 1.0, ""bin_hi"": 0.9, ""bin_lo"": 0.8, ""confidence"": 0.8454360358895535, ""n_samples"": 24}, {""accuracy"": 1.0, ""bin_hi"": 1.0, ""bin_lo"": 0.9, ""confidence"": 0.9603179372912501, ""n_samples"": 54}], ""ece"": 0.037626571973206256}",0.06300000000010186,success,
elkan_noto,sar-pi0.1-scalemid,112,"{""base_estimator"": null, ""calibration_method"": ""isotonic"", ""eps"": 1e-12, ""mode"": ""weighted_retraining"", ""n_cv_folds"": 3}",linear,0.1,0.5,0.5,True,0,,,0.797636058566933,,,,,0.0705,False,-0.04305263157894737,0.86,1.0,0.9994944444444445,0.9705,0.8269794721407625,0.9710526315789474,0.9957124383588815,0.8525,0.027936551679403912,0.030409666758642366,"{""buckets"": [{""accuracy"": 0.02702702702702703, ""bin_hi"": 0.1, ""bin_lo"": 0.0, ""confidence"": 0.0002778668611255375, ""n_samples"": 1850}, {""accuracy"": 1.0, ""bin_hi"": 0.2, ""bin_lo"": 0.1, ""confidence"": 0.14093348645106332, ""n_samples"": 5}, {""accuracy"": 1.0, ""bin_hi"": 0.30000000000000004, ""bin_lo"": 0.2, ""confidence"": 0.260875162628007, ""n_samples"": 2}, {""accuracy"": 1.0, ""bin_hi"": 0.4, ""bin_lo"": 0.30000000000000004, ""confidence"": 0.31318943640522856, ""n_samples"": 1}, {""accuracy"": 1.0, ""bin_hi"": 0.5, ""bin_lo"": 0.4, ""confidence"": 0.4513453974055553, ""n_samples"": 1}, {""accuracy"": 1.0, ""bin_hi"": 0.6000000000000001, ""bin_lo"": 0.5, ""confidence"": 0.5455487136597967, ""n_samples"": 5}, {""accuracy"": 0.0, ""bin_hi"": 0.7000000000000001, ""bin_lo"": 0.6000000000000001, ""confidence"": 0.0, ""n_samples"": 0}, {""accuracy"": 0.0, ""bin_hi"": 0.8, ""bin_lo"": 0.7000000000000001, ""confidence"": 0.0, ""n_samples"": 0}, {""accuracy"": 1.0, ""bin_hi"": 0.9, ""bin_lo"": 0.8, ""confidence"": 0.8378213032745745, ""n_samples"": 8}, {""accuracy"": 1.0, ""bin_hi"": 1.0, ""bin_lo"": 0.9, ""confidence"": 0.9941042672173073, ""n_samples"": 128}], ""ece"": 0.030409666758642366}",0.04699999999957072,success,
elkan_noto,sar-pi0.1-scalemid,113,"{""base_estimator"": null, ""calibration_method"": ""isotonic"", ""eps"": 1e-12, ""mode"": ""weighted_retraining"", ""n_cv_folds"": 3}",linear,0.1,0.5,0.5,True,0,,,0.7612445670560333,,,,,0.0665,False,-0.03445276567329998,0.8241758241758241,1.0,0.9985944444444445,0.9665,0.7987987987987988,0.9696176008381352,0.9889790422508827,0.8325,0.027162482060641483,0.03558709313353651,"{""buckets"": [{""accuracy"": 0.017486338797814208, ""bin_hi"": 0.1, ""bin_lo"": 0.0, ""confidence"": 0.0009627942111919988, ""n_samples"": 1830}, {""accuracy"": 0.9285714285714286, ""bin_hi"": 0.2, ""bin_lo"": 0.1, ""confidence"": 0.1535661380245979, ""n_samples"": 14}, {""accuracy"": 0.9166666666666666, ""bin_hi"": 0.30000000000000004, ""bin_lo"": 0.2, ""confidence"": 0.24340916959173672, ""n_samples"": 12}, {""accuracy"": 1.0, ""bin_hi"": 0.4, ""bin_lo"": 0.30000000000000004, ""confidence"": 0.3410554327074099, ""n_samples"": 8}, {""accuracy"": 1.0, ""bin_hi"": 0.5, ""bin_lo"": 0.4, ""confidence"": 0.4391957916848712, ""n_samples"": 3}, {""accuracy"": 1.0, ""bin_hi"": 0.6000000000000001, ""bin_lo"": 0.5, ""confidence"": 0.5573342711285597, ""n_samples"": 13}, {""accuracy"": 1.0, ""bin_hi"": 0.7000000000000001, ""bin_lo"": 0.6000000000000001, ""confidence"": 0.6514265170134773, ""n_samples"": 7}, {""accuracy"": 1.0, ""bin_hi"": 0.8, ""bin_lo"": 0.7000000000000001, ""confidence"": 0.7538134158062633, ""n_samples"": 13}, {""accuracy"": 1.0, ""bin_hi"": 0.9, ""bin_lo"": 0.8, ""confidence"": 0.8509711048027587, ""n_samples"": 12}, {""accuracy"": 1.0, ""bin_hi"": 1.0, ""bin_lo"": 0.9, ""confidence"": 0.9787553944932544, ""n_samples"": 88}], ""ece"": 0.03558709313353651}",0.04699999999957072,success,
elkan_noto,sar-pi0.1-scalemid,114,"{""base_estimator"": null, ""calibration_method"": ""isotonic"", ""eps"": 1e-12, ""mode"": ""weighted_retraining"", ""n_cv_folds"": 3}",linear,0.1,0.5,0.5,True,0,,,0.834963682275806,,,,,0.0715,False,-0.053655897806606866,0.8899082568807339,1.0,0.9990333333333333,0.9705,0.8279883381924198,0.9756742464304601,0.9905007861927317,0.8547222222222222,0.026874340165169906,0.02994005812261444,"{""buckets"": [{""accuracy"": 0.023344191096634093, ""bin_hi"": 0.1, ""bin_lo"": 0.0, ""confidence"": 0.00010165212117133675, ""n_samples"": 1842}, {""accuracy"": 1.0, ""bin_hi"": 0.2, ""bin_lo"": 0.1, ""confidence"": 0.14211607888341415, ""n_samples"": 8}, {""accuracy"": 1.0, ""bin_hi"": 0.30000000000000004, ""bin_lo"": 0.2, ""confidence"": 0.2816963478527895, ""n_samples"": 1}, {""accuracy"": 1.0, ""bin_hi"": 0.4, ""bin_lo"": 0.30000000000000004, ""confidence"": 0.37911215265567805, ""n_samples"": 3}, {""accuracy"": 1.0, ""bin_hi"": 0.5, ""bin_lo"": 0.4, ""confidence"": 0.4535758641347867, ""n_samples"": 3}, {""accuracy"": 1.0, ""bin_hi"": 0.6000000000000001, ""bin_lo"": 0.5, ""confidence"": 0.5763600404294494, ""n_samples"": 4}, {""accuracy"": 1.0, ""bin_hi"": 0.7000000000000001, ""bin_lo"": 0.6000000000000001, ""confidence"": 0.6621062767172882, ""n_samples"": 3}, {""accuracy"": 1.0, ""bin_hi"": 0.8, ""bin_lo"": 0.7000000000000001, ""confidence"": 0.761349647187869, ""n_samples"": 4}, {""accuracy"": 1.0, ""bin_hi"": 0.9, ""bin_lo"": 0.8, ""confidence"": 0.8437862899848159, ""n_samples"": 13}, {""accuracy"": 0.9915966386554622, ""bin_hi"": 1.0, ""bin_lo"": 0.9, ""confidence"": 0.9940372086734599, ""n_samples"": 119}], ""ece"": 0.02994005812261444}",0.04699999999957072,success,
elkan_noto,sar-pi0.1-scalemid,115,"{""base_estimator"": null, ""calibration_method"": ""isotonic"", ""eps"": 1e-12, ""mode"": ""weighted_retraining"", ""n_cv_folds"": 3}",linear,0.1,0.5,0.5,True,0,,,0.7994246001777724,,,,,0.068,False,-0.04228923231561754,0.8380952380952381,1.0,0.9992277777777777,0.968,0.8095238095238095,0.97467018469657,0.9938447310662745,0.8400000000000001,0.021487203391794246,0.031586932952650346,"{""buckets"": [{""accuracy"": 0.009917355371900827, ""bin_hi"": 0.1, ""bin_lo"": 0.0, ""confidence"": 0.0011870302370099943, ""n_samples"": 1815}, {""accuracy"": 0.75, ""bin_hi"": 0.2, ""bin_lo"": 0.1, ""confidence"": 0.1487726653437863, ""n_samples"": 12}, {""accuracy"": 1.0, ""bin_hi"": 0.30000000000000004, ""bin_lo"": 0.2, ""confidence"": 0.23549800056256487, ""n_samples"": 9}, {""accuracy"": 1.0, ""bin_hi"": 0.4, ""bin_lo"": 0.30000000000000004, ""confidence"": 0.3617166287471663, ""n_samples"": 13}, {""accuracy"": 1.0, ""bin_hi"": 0.5, ""bin_lo"": 0.4, ""confidence"": 0.4558067252973859, ""n_samples"": 15}, {""accuracy"": 1.0, ""bin_hi"": 0.6000000000000001, ""bin_lo"": 0.5, ""confidence"": 0.5489135949232176, ""n_samples"": 10}, {""accuracy"": 1.0, ""bin_hi"": 0.7000000000000001, ""bin_lo"": 0.6000000000000001, ""confidence"": 0.6612770940640722, ""n_samples"": 11}, {""accuracy"": 1.0, ""bin_hi"": 0.8, ""bin_lo"": 0.7000000000000001, ""confidence"": 0.7442361883754626, ""n_samples"": 14}, {""accuracy"": 1.0, ""bin_hi"": 0.9, ""bin_lo"": 0.8, ""confidence"": 0.8387235710695037, ""n_samples"": 14}, {""accuracy"": 1.0, ""bin_hi"": 1.0, ""bin_lo"": 0.9, ""confidence"": 0.9689986500689334, ""n_samples"": 87}], ""ece"": 0.031586932952650346}",0.04699999999957072,success,
elkan_noto,sar-pi0.1-scalemid,116,"{""base_estimator"": null, ""calibration_method"": ""isotonic"", ""eps"": 1e-12, ""mode"": ""weighted_retraining"", ""n_cv_folds"": 3}",linear,0.1,0.5,0.5,True,0,,,0.8138309094380868,,,,,0.071,False,-0.039941423761232095,0.839622641509434,1.0,0.9984222222222222,0.971,0.8304093567251462,0.9720168954593453,0.987635216673513,0.855,0.027540950840244535,0.028901109630560716,"{""buckets"": [{""accuracy"": 0.027552674230145867, ""bin_hi"": 0.1, ""bin_lo"": 0.0, ""confidence"": 0.0002164610947251978, ""n_samples"": 1851}, {""accuracy"": 1.0, ""bin_hi"": 0.2, ""bin_lo"": 0.1, ""confidence"": 0.13653625300845312, ""n_samples"": 4}, {""accuracy"": 1.0, ""bin_hi"": 0.30000000000000004, ""bin_lo"": 0.2, ""confidence"": 0.2019515754571291, ""n_samples"": 1}, {""accuracy"": 1.0, ""bin_hi"": 0.4, ""bin_lo"": 0.30000000000000004, ""confidence"": 0.37473556849226025, ""n_samples"": 1}, {""accuracy"": 1.0, ""bin_hi"": 0.5, ""bin_lo"": 0.4, ""confidence"": 0.48304417452118426, ""n_samples"": 1}, {""accuracy"": 1.0, ""bin_hi"": 0.6000000000000001, ""bin_lo"": 0.5, ""confidence"": 0.5541666331796162, ""n_samples"": 2}, {""accuracy"": 0.0, ""bin_hi"": 0.7000000000000001, ""bin_lo"": 0.6000000000000001, ""confidence"": 0.0, ""n_samples"": 0}, {""accuracy"": 1.0, ""bin_hi"": 0.8, ""bin_lo"": 0.7000000000000001, ""confidence"": 0.7218846406232168, ""n_samples"": 2}, {""accuracy"": 0.0, ""bin_hi"": 0.9, ""bin_lo"": 0.8, ""confidence"": 0.0, ""n_samples"": 0}, {""accuracy"": 1.0, ""bin_hi"": 1.0, ""bin_lo"": 0.9, ""confidence"": 0.9973850172060302, ""n_samples"": 138}], ""ece"": 0.028901109630560716}",0.04699999999957072,success,
elkan_noto,sar-pi0.1-scalemid,117,"{""base_estimator"": null, ""calibration_method"": ""isotonic"", ""eps"": 1e-12, ""mode"": ""weighted_retraining"", ""n_cv_folds"": 3}",linear,0.1,0.5,0.5,True,0,,,0.8116308728737037,,,,,0.067,False,-0.048994839712299024,0.8584905660377359,1.0,0.9989916666666667,0.967,0.8023952095808383,0.9772967265047519,0.9920836955408586,0.835,0.02422198825647557,0.03458270401933951,"{""buckets"": [{""accuracy"": 0.01100715465052284, ""bin_hi"": 0.1, ""bin_lo"": 0.0, ""confidence"": 0.001006390353646305, ""n_samples"": 1817}, {""accuracy"": 0.8333333333333334, ""bin_hi"": 0.2, ""bin_lo"": 0.1, ""confidence"": 0.1482166133970843, ""n_samples"": 18}, {""accuracy"": 1.0, ""bin_hi"": 0.30000000000000004, ""bin_lo"": 0.2, ""confidence"": 0.23833015046966288, ""n_samples"": 13}, {""accuracy"": 1.0, ""bin_hi"": 0.4, ""bin_lo"": 0.30000000000000004, ""confidence"": 0.3585879676249698, ""n_samples"": 7}, {""accuracy"": 1.0, ""bin_hi"": 0.5, ""bin_lo"": 0.4, ""confidence"": 0.45010601816604495, ""n_samples"": 11}, {""accuracy"": 1.0, ""bin_hi"": 0.6000000000000001, ""bin_lo"": 0.5, ""confidence"": 0.5597186004749153, ""n_samples"": 13}, {""accuracy"": 1.0, ""bin_hi"": 0.7000000000000001, ""bin_lo"": 0.6000000000000001, ""confidence"": 0.6519707784858544, ""n_samples"": 12}, {""accuracy"": 1.0, ""bin_hi"": 0.8, ""bin_lo"": 0.7000000000000001, ""confidence"": 0.7573176277895215, ""n_samples"": 13}, {""accuracy"": 1.0, ""bin_hi"": 0.9, ""bin_lo"": 0.8, ""confidence"": 0.851143322330465, ""n_samples"": 21}, {""accuracy"": 1.0, ""bin_hi"": 1.0, ""bin_lo"": 0.9, ""confidence"": 0.9727917018677804, ""n_samples"": 75}], ""ece"": 0.03458270401933951}",0.06199999999989814,success,
elkan_noto,sar-pi0.1-scalemid,118,"{""base_estimator"": null, ""calibration_method"": ""isotonic"", ""eps"": 1e-12, ""mode"": ""weighted_retraining"", ""n_cv_folds"": 3}",linear,0.1,0.5,0.5,True,0,,,0.7782160711202902,,,,,0.0645,False,-0.03919963595191532,0.8247422680412371,1.0,0.9993166666666666,0.9645,0.78419452887538,0.9742511823436679,0.9941274117990722,0.8225,0.023761844487344908,0.03473935338614198,"{""buckets"": [{""accuracy"": 0.011001100110011002, ""bin_hi"": 0.1, ""bin_lo"": 0.0, ""confidence"": 0.0011091477682293987, ""n_samples"": 1818}, {""accuracy"": 0.9230769230769231, ""bin_hi"": 0.2, ""bin_lo"": 0.1, ""confidence"": 0.14241283743045952, ""n_samples"": 13}, {""accuracy"": 0.9090909090909091, ""bin_hi"": 0.30000000000000004, ""bin_lo"": 0.2, ""confidence"": 0.2550503874044417, ""n_samples"": 11}, {""accuracy"": 1.0, ""bin_hi"": 0.4, ""bin_lo"": 0.30000000000000004, ""confidence"": 0.3544917886967589, ""n_samples"": 8}, {""accuracy"": 1.0, ""bin_hi"": 0.5, ""bin_lo"": 0.4, ""confidence"": 0.44189410482375646, ""n_samples"": 21}, {""accuracy"": 1.0, ""bin_hi"": 0.6000000000000001, ""bin_lo"": 0.5, ""confidence"": 0.5554325653124674, ""n_samples"": 10}, {""accuracy"": 1.0, ""bin_hi"": 0.7000000000000001, ""bin_lo"": 0.6000000000000001, ""confidence"": 0.6493983973084388, ""n_samples"": 12}, {""accuracy"": 1.0, ""bin_hi"": 0.8, ""bin_lo"": 0.7000000000000001, ""confidence"": 0.7555957428120637, ""n_samples"": 13}, {""accuracy"": 1.0, ""bin_hi"": 0.9, ""bin_lo"": 0.8, ""confidence"": 0.8469863310756606, ""n_samples"": 24}, {""accuracy"": 1.0, ""bin_hi"": 1.0, ""bin_lo"": 0.9, ""confidence"": 0.974781541470837, ""n_samples"": 70}], ""ece"": 0.03473935338614198}",0.04700000000048021,success,
elkan_noto,sar-pi0.1-scalemid,119,"{""base_estimator"": null, ""calibration_method"": ""isotonic"", ""eps"": 1e-12, ""mode"": ""weighted_retraining"", ""n_cv_folds"": 3}",linear,0.1,0.5,0.5,True,0,,,0.7844231875854488,,,,,0.0725,False,-0.04372856748162154,0.8762886597938144,1.0,0.9980083333333334,0.9725,0.8405797101449275,0.9684708355228586,0.9882857852873292,0.8625,0.026238348179401724,0.027404949316227705,"{""buckets"": [{""accuracy"": 0.025974025974025976, ""bin_hi"": 0.1, ""bin_lo"": 0.0, ""confidence"": 9.361800084874708e-05, ""n_samples"": 1848}, {""accuracy"": 1.0, ""bin_hi"": 0.2, ""bin_lo"": 0.1, ""confidence"": 0.13927281997527982, ""n_samples"": 3}, {""accuracy"": 1.0, ""bin_hi"": 0.30000000000000004, ""bin_lo"": 0.2, ""confidence"": 0.23407484763919226, ""n_samples"": 4}, {""accuracy"": 0.0, ""bin_hi"": 0.4, ""bin_lo"": 0.30000000000000004, ""confidence"": 0.0, ""n_samples"": 0}, {""accuracy"": 0.0, ""bin_hi"": 0.5, ""bin_lo"": 0.4, ""confidence"": 0.0, ""n_samples"": 0}, {""accuracy"": 0.0, ""bin_hi"": 0.6000000000000001, ""bin_lo"": 0.5, ""confidence"": 0.0, ""n_samples"": 0}, {""accuracy"": 0.0, ""bin_hi"": 0.7000000000000001, ""bin_lo"": 0.6000000000000001, ""confidence"": 0.0, ""n_samples"": 0}, {""accuracy"": 1.0, ""bin_hi"": 0.8, ""bin_lo"": 0.7000000000000001, ""confidence"": 0.7468373313340577, ""n_samples"": 2}, {""accuracy"": 1.0, ""bin_hi"": 0.9, ""bin_lo"": 0.8, ""confidence"": 0.8531433431767992, ""n_samples"": 4}, {""accuracy"": 1.0, ""bin_hi"": 1.0, ""bin_lo"": 0.9, ""confidence"": 0.9982498519145193, ""n_samples"": 139}], ""ece"": 0.027404949316227705}",0.04700000000048021,success,
elkan_noto,sar-pi0.3-scalesmall,100,"{""base_estimator"": null, ""calibration_method"": ""isotonic"", ""eps"": 1e-12, ""mode"": ""weighted_retraining"", ""n_cv_folds"": 3}",linear,0.3,0.5,0.5,True,0,,,0.6609942425271991,,,,,0.2575,False,-0.12861464004839684,0.9482758620689655,1.0,0.9998214285714286,0.9575,0.9237668161434978,0.8596491228070176,0.9995849974511791,0.9291666666666667,0.04155637030404114,0.04203646145138298,"{""buckets"": [{""accuracy"": 0.05723905723905724, ""bin_hi"": 0.1, ""bin_lo"": 0.0, ""confidence"": 0.0006528511568056578, ""n_samples"": 297}, {""accuracy"": 0.0, ""bin_hi"": 0.2, ""bin_lo"": 0.1, ""confidence"": 0.0, ""n_samples"": 0}, {""accuracy"": 0.0, ""bin_hi"": 0.30000000000000004, ""bin_lo"": 0.2, ""confidence"": 0.0, ""n_samples"": 0}, {""accuracy"": 0.0, ""bin_hi"": 0.4, ""bin_lo"": 0.30000000000000004, ""confidence"": 0.0, ""n_samples"": 0}, {""accuracy"": 0.0, ""bin_hi"": 0.5, ""bin_lo"": 0.4, ""confidence"": 0.0, ""n_samples"": 0}, {""accuracy"": 0.0, ""bin_hi"": 0.6000000000000001, ""bin_lo"": 0.5, ""confidence"": 0.0, ""n_samples"": 0}, {""accuracy"": 0.0, ""bin_hi"": 0.7000000000000001, ""bin_lo"": 0.6000000000000001, ""confidence"": 0.0, ""n_samples"": 0}, {""accuracy"": 0.0, ""bin_hi"": 0.8, ""bin_lo"": 0.7000000000000001, ""confidence"": 0.0, ""n_samples"": 0}, {""accuracy"": 0.0, ""bin_hi"": 0.9, ""bin_lo"": 0.8, ""confidence"": 0.0, ""n_samples"": 0}, {""accuracy"": 1.0, ""bin_hi"": 1.0, ""bin_lo"": 0.9, ""confidence"": 0.9999176565618983, ""n_samples"": 103}], ""ece"": 0.04203646145138298}",0.04699999999957072,success,
elkan_noto,sar-pi0.3-scalesmall,101,"{""base_estimator"": null, ""calibration_method"": ""isotonic"", ""eps"": 1e-12, ""mode"": ""weighted_retraining"", ""n_cv_folds"": 3}",linear,0.3,0.5,0.5,True,0,,,0.7321437623188927,,,,,0.2175,False,-0.1688235294117647,0.9333333333333333,1.0,0.99875,0.9175,0.8405797101449275,0.9088235294117647,0.9973117053448625,0.8625,0.07588105405477176,0.08121020377321168,"{""buckets"": [{""accuracy"": 0.08496732026143791, ""bin_hi"": 0.1, ""bin_lo"": 0.0, ""confidence"": 0.0009212213562588431, ""n_samples"": 306}, {""accuracy"": 1.0, ""bin_hi"": 0.2, ""bin_lo"": 0.1, ""confidence"": 0.1426463457242283, ""n_samples"": 5}, {""accuracy"": 0.0, ""bin_hi"": 0.30000000000000004, ""bin_lo"": 0.2, ""confidence"": 0.0, ""n_samples"": 0}, {""accuracy"": 1.0, ""bin_hi"": 0.4, ""bin_lo"": 0.30000000000000004, ""confidence"": 0.321803149370243, ""n_samples"": 2}, {""accuracy"": 0.0, ""bin_hi"": 0.5, ""bin_lo"": 0.4, ""confidence"": 0.0, ""n_samples"": 0}, {""accuracy"": 0.0, ""bin_hi"": 0.6000000000000001, ""bin_lo"": 0.5, ""confidence"": 0.0, ""n_samples"": 0}, {""accuracy"": 1.0, ""bin_hi"": 0.7000000000000001, ""bin_lo"": 0.6000000000000001, ""confidence"": 0.6307125424811736, ""n_samples"": 2}, {""accuracy"": 0.0, ""bin_hi"": 0.8, ""bin_lo"": 0.7000000000000001, ""confidence"": 0.0, ""n_samples"": 0}, {""accuracy"": 0.0, ""bin_hi"": 0.9, ""bin_lo"": 0.8, ""confidence"": 0.0, ""n_samples"": 0}, {""accuracy"": 1.0, ""bin_hi"": 1.0, ""bin_lo"": 0.9, ""confidence"": 0.9954795487456017, ""n_samples"": 85}], ""ece"": 0.08121020377321168}",0.04699999999957072,success,
elkan_noto,sar-pi0.3-scalesmall,102,"{""base_estimator"": null, ""calibration_method"": ""isotonic"", ""eps"": 1e-12, ""mode"": ""weighted_retraining"", ""n_cv_folds"": 3}",linear,0.3,0.5,0.5,True,0,,,0.7460512299395102,,,,,0.1925,False,-0.16104035599202088,0.8947368421052632,1.0,0.9982738095238095,0.8925,0.7817258883248731,0.924198250728863,0.9965340967931862,0.8208333333333333,0.0822834670968281,0.11180874002355654,"{""buckets"": [{""accuracy"": 0.05084745762711865, ""bin_hi"": 0.1, ""bin_lo"": 0.0, ""confidence"": 0.0025399192633479744, ""n_samples"": 295}, {""accuracy"": 1.0, ""bin_hi"": 0.2, ""bin_lo"": 0.1, ""confidence"": 0.13632787649811726, ""n_samples"": 12}, {""accuracy"": 1.0, ""bin_hi"": 0.30000000000000004, ""bin_lo"": 0.2, ""confidence"": 0.24354181311632486, ""n_samples"": 7}, {""accuracy"": 1.0, ""bin_hi"": 0.4, ""bin_lo"": 0.30000000000000004, ""confidence"": 0.3490530317560001, ""n_samples"": 5}, {""accuracy"": 1.0, ""bin_hi"": 0.5, ""bin_lo"": 0.4, ""confidence"": 0.4279311879488896, ""n_samples"": 4}, {""accuracy"": 1.0, ""bin_hi"": 0.6000000000000001, ""bin_lo"": 0.5, ""confidence"": 0.5484666262672704, ""n_samples"": 5}, {""accuracy"": 1.0, ""bin_hi"": 0.7000000000000001, ""bin_lo"": 0.6000000000000001, ""confidence"": 0.635473331553635, ""n_samples"": 8}, {""accuracy"": 1.0, ""bin_hi"": 0.8, ""bin_lo"": 0.7000000000000001, ""confidence"": 0.7564145276686345, ""n_samples"": 7}, {""accuracy"": 1.0, ""bin_hi"": 0.9, ""bin_lo"": 0.8, ""confidence"": 0.8589051335230463, ""n_samples"": 10}, {""accuracy"": 1.0, ""bin_hi"": 1.0, ""bin_lo"": 0.9, ""confidence"": 0.9791369760605566, ""n_samples"": 47}], ""ece"": 0.11180874002355654}",0.04699999999957072,success,
elkan_noto,sar-pi0.3-scalesmall,103,"{""base_estimator"": null, ""calibration_method"": ""isotonic"", ""eps"": 1e-12, ""mode"": ""weighted_retraining"", ""n_cv_folds"": 3}",linear,0.3,0.5,0.5,True,0,,,0.7381059456097597,,,,,0.2575,False,-0.1651948051948052,0.9571428571428572,1.0,0.9973214285714286,0.9575,0.9237668161434978,0.8909090909090909,0.9944426966819865,0.9291666666666667,0.03945836474595777,0.043670347554904676,"{""buckets"": [{""accuracy"": 0.047619047619047616, ""bin_hi"": 0.1, ""bin_lo"": 0.0, ""confidence"": 0.00033411862896177904, ""n_samples"": 294}, {""accuracy"": 0.0, ""bin_hi"": 0.2, ""bin_lo"": 0.1, ""confidence"": 0.0, ""n_samples"": 0}, {""accuracy"": 1.0, ""bin_hi"": 0.30000000000000004, ""bin_lo"": 0.2, ""confidence"": 0.21908238991048873, ""n_samples"": 1}, {""accuracy"": 1.0, ""bin_hi"": 0.4, ""bin_lo"": 0.30000000000000004, ""confidence"": 0.326693407907479, ""n_samples"": 2}, {""accuracy"": 0.0, ""bin_hi"": 0.5, ""bin_lo"": 0.4, ""confidence"": 0.0, ""n_samples"": 0}, {""accuracy"": 1.0, ""bin_hi"": 0.6000000000000001, ""bin_lo"": 0.5, ""confidence"": 0.57261741440691, ""n_samples"": 2}, {""accuracy"": 0.0, ""bin_hi"": 0.7000000000000001, ""bin_lo"": 0.6000000000000001, ""confidence"": 0.0, ""n_samples"": 0}, {""accuracy"": 1.0, ""bin_hi"": 0.8, ""bin_lo"": 0.7000000000000001, ""confidence"": 0.759993849713079, ""n_samples"": 1}, {""accuracy"": 1.0, ""bin_hi"": 0.9, ""bin_lo"": 0.8, ""confidence"": 0.8918329994618358, ""n_samples"": 1}, {""accuracy"": 1.0, ""bin_hi"": 1.0, ""bin_lo"": 0.9, ""confidence"": 0.997617163812214, ""n_samples"": 99}], ""ece"": 0.043670347554904676}",0.03099999999994907,success,
elkan_noto,sar-pi0.3-scalesmall,104,"{""base_estimator"": null, ""calibration_method"": ""isotonic"", ""eps"": 1e-12, ""mode"": ""weighted_retraining"", ""n_cv_folds"": 3}",linear,0.3,0.5,0.5,True,0,,,0.744208391773927,,,,,0.24,False,-0.1618399564507349,0.9393939393939394,1.0,0.9983630952380952,0.94,0.8888888888888888,0.8982035928143712,0.9964795287220156,0.9,0.05874392177671815,0.0663527360838458,"{""buckets"": [{""accuracy"": 0.0728476821192053, ""bin_hi"": 0.1, ""bin_lo"": 0.0, ""confidence"": 0.0009364871972344951, ""n_samples"": 302}, {""accuracy"": 0.0, ""bin_hi"": 0.2, ""bin_lo"": 0.1, ""confidence"": 0.0, ""n_samples"": 0}, {""accuracy"": 1.0, ""bin_hi"": 0.30000000000000004, ""bin_lo"": 0.2, ""confidence"": 0.27987124746979014, ""n_samples"": 1}, {""accuracy"": 0.0, ""bin_hi"": 0.4, ""bin_lo"": 0.30000000000000004, ""confidence"": 0.0, ""n_samples"": 0}, {""accuracy"": 1.0, ""bin_hi"": 0.5, ""bin_lo"": 0.4, ""confidence"": 0.4192289201571042, ""n_samples"": 1}, {""accuracy"": 1.0, ""bin_hi"": 0.6000000000000001, ""bin_lo"": 0.5, ""confidence"": 0.5206676921857208, ""n_samples"": 4}, {""accuracy"": 1.0, ""bin_hi"": 0.7000000000000001, ""bin_lo"": 0.6000000000000001, ""confidence"": 0.6583527762579323, ""n_samples"": 1}, {""accuracy"": 0.0, ""bin_hi"": 0.8, ""bin_lo"": 0.7000000000000001, ""confidence"": 0.0, ""n_samples"": 0}, {""accuracy"": 1.0, ""bin_hi"": 0.9, ""bin_lo"": 0.8, ""confidence"": 0.8484448312509012, ""n_samples"": 6}, {""accuracy"": 1.0, ""bin_hi"": 1.0, ""bin_lo"": 0.9, ""confidence"": 0.9958269850913382, ""n_samples"": 85}], ""ece"": 0.0663527360838458}",0.046000000000276486,success,
elkan_noto,sar-pi0.3-scalesmall,105,"{""base_estimator"": null, ""calibration_method"": ""isotonic"", ""eps"": 1e-12, ""mode"": ""weighted_retraining"", ""n_cv_folds"": 3}",linear,0.3,0.5,0.5,True,0,,,0.6790409760011115,,,,,0.2425,False,-0.12305283562801331,0.9152542372881356,1.0,0.9983928571428571,0.9425,0.8940092165898618,0.873900293255132,0.9966057006003921,0.9041666666666667,0.05258324153625527,0.060438039958143286,"{""buckets"": [{""accuracy"": 0.05723905723905724, ""bin_hi"": 0.1, ""bin_lo"": 0.0, ""confidence"": 5.650731464361119e-05, ""n_samples"": 297}, {""accuracy"": 1.0, ""bin_hi"": 0.2, ""bin_lo"": 0.1, ""confidence"": 0.16134326876133687, ""n_samples"": 2}, {""accuracy"": 1.0, ""bin_hi"": 0.30000000000000004, ""bin_lo"": 0.2, ""confidence"": 0.2809756458765643, ""n_samples"": 2}, {""accuracy"": 1.0, ""bin_hi"": 0.4, ""bin_lo"": 0.30000000000000004, ""confidence"": 0.3797565161483101, ""n_samples"": 1}, {""accuracy"": 1.0, ""bin_hi"": 0.5, ""bin_lo"": 0.4, ""confidence"": 0.42131446362567915, ""n_samples"": 1}, {""accuracy"": 1.0, ""bin_hi"": 0.6000000000000001, ""bin_lo"": 0.5, ""confidence"": 0.5523838432766405, ""n_samples"": 3}, {""accuracy"": 1.0, ""bin_hi"": 0.7000000000000001, ""bin_lo"": 0.6000000000000001, ""confidence"": 0.6802327218315646, ""n_samples"": 1}, {""accuracy"": 1.0, ""bin_hi"": 0.8, ""bin_lo"": 0.7000000000000001, ""confidence"": 0.7812759097201433, ""n_samples"": 3}, {""accuracy"": 1.0, ""bin_hi"": 0.9, ""bin_lo"": 0.8, ""confidence"": 0.8508658004942569, ""n_samples"": 2}, {""accuracy"": 1.0, ""bin_hi"": 1.0, ""bin_lo"": 0.9, ""confidence"": 0.9970380562890149, ""n_samples"": 88}], ""ece"": 0.060438039958143286}",0.04700000000048021,success,
elkan_noto,sar-pi0.3-scalesmall,106,"{""base_estimator"": null, ""calibration_method"": ""isotonic"", ""eps"": 1e-12, ""mode"": ""weighted_retraining"", ""n_cv_folds"": 3}",linear,0.3,0.5,0.5,True,0,,,0.7211208386810343,,,,,0.2175,False,-0.10387169704677124,0.8412698412698413,1.0,0.997797619047619,0.9175,0.8405797101449275,0.8991097922848664,0.9956131729206324,0.8625,0.05371635031538671,0.08074874636408894,"{""buckets"": [{""accuracy"": 0.03125, ""bin_hi"": 0.1, ""bin_lo"": 0.0, ""confidence"": 0.0022758403138802325, ""n_samples"": 288}, {""accuracy"": 0.8, ""bin_hi"": 0.2, ""bin_lo"": 0.1, ""confidence"": 0.14805431068200434, ""n_samples"": 5}, {""accuracy"": 1.0, ""bin_hi"": 0.30000000000000004, ""bin_lo"": 0.2, ""confidence"": 0.252107612318993, ""n_samples"": 7}, {""accuracy"": 1.0, ""bin_hi"": 0.4, ""bin_lo"": 0.30000000000000004, ""confidence"": 0.34220351353442074, ""n_samples"": 4}, {""accuracy"": 1.0, ""bin_hi"": 0.5, ""bin_lo"": 0.4, ""confidence"": 0.4460434075021753, ""n_samples"": 9}, {""accuracy"": 1.0, ""bin_hi"": 0.6000000000000001, ""bin_lo"": 0.5, ""confidence"": 0.5296942713705822, ""n_samples"": 3}, {""accuracy"": 1.0, ""bin_hi"": 0.7000000000000001, ""bin_lo"": 0.6000000000000001, ""confidence"": 0.6386496658949286, ""n_samples"": 4}, {""accuracy"": 1.0, ""bin_hi"": 0.8, ""bin_lo"": 0.7000000000000001, ""confidence"": 0.7593271893079503, ""n_samples"": 5}, {""accuracy"": 1.0, ""bin_hi"": 0.9, ""bin_lo"": 0.8, ""confidence"": 0.8534542927015546, ""n_samples"": 16}, {""accuracy"": 1.0, ""bin_hi"": 1.0, ""bin_lo"": 0.9, ""confidence"": 0.975614301274756, ""n_samples"": 59}], ""ece"": 0.08074874636408894}",0.03099999999994907,success,
elkan_noto,sar-pi0.3-scalesmall,107,"{""base_estimator"": null, ""calibration_method"": ""isotonic"", ""eps"": 1e-12, ""mode"": ""weighted_retraining"", ""n_cv_folds"": 3}",linear,0.3,0.5,0.5,True,0,,,0.6916125653524843,,,,,0.1975,False,-0.14373795761078997,0.8888888888888888,1.0,0.9991369047619048,0.8975,0.7939698492462312,0.9104046242774566,0.9980690193714492,0.8291666666666666,0.08022997946789516,0.10220585038662096,"{""buckets"": [{""accuracy"": 0.06976744186046512, ""bin_hi"": 0.1, ""bin_lo"": 0.0, ""confidence"": 0.00215252247880516, ""n_samples"": 301}, {""accuracy"": 1.0, ""bin_hi"": 0.2, ""bin_lo"": 0.1, ""confidence"": 0.1525763282091372, ""n_samples"": 5}, {""accuracy"": 1.0, ""bin_hi"": 0.30000000000000004, ""bin_lo"": 0.2, ""confidence"": 0.2595591501644538, ""n_samples"": 7}, {""accuracy"": 1.0, ""bin_hi"": 0.4, ""bin_lo"": 0.30000000000000004, ""confidence"": 0.36219341258001797, ""n_samples"": 5}, {""accuracy"": 1.0, ""bin_hi"": 0.5, ""bin_lo"": 0.4, ""confidence"": 0.4371127527787686, ""n_samples"": 3}, {""accuracy"": 1.0, ""bin_hi"": 0.6000000000000001, ""bin_lo"": 0.5, ""confidence"": 0.5401115167344406, ""n_samples"": 6}, {""accuracy"": 1.0, ""bin_hi"": 0.7000000000000001, ""bin_lo"": 0.6000000000000001, ""confidence"": 0.6482566684632163, ""n_samples"": 2}, {""accuracy"": 1.0, ""bin_hi"": 0.8, ""bin_lo"": 0.7000000000000001, ""confidence"": 0.7443566168226387, ""n_samples"": 3}, {""accuracy"": 1.0, ""bin_hi"": 0.9, ""bin_lo"": 0.8, ""confidence"": 0.8705805162241377, ""n_samples"": 7}, {""accuracy"": 1.0, ""bin_hi"": 1.0, ""bin_lo"": 0.9, ""confidence"": 0.9820218633512795, ""n_samples"": 61}], ""ece"": 0.10220585038662096}",0.04699999999957072,success,
elkan_noto,sar-pi0.3-scalesmall,108,"{""base_estimator"": null, ""calibration_method"": ""isotonic"", ""eps"": 1e-12, ""mode"": ""weighted_retraining"", ""n_cv_folds"": 3}",linear,0.3,0.5,0.5,True,0,,,0.7290696129068461,,,,,0.22,False,-0.1436384738140142,0.9016393442622951,1.0,0.9989583333333334,0.92,0.8461538461538461,0.9026548672566371,0.997797686002486,0.8666666666666667,0.05897169018274656,0.09776807505301018,"{""buckets"": [{""accuracy"": 0.027777777777777776, ""bin_hi"": 0.1, ""bin_lo"": 0.0, ""confidence"": 0.0025908959087980726, ""n_samples"": 288}, {""accuracy"": 1.0, ""bin_hi"": 0.2, ""bin_lo"": 0.1, ""confidence"": 0.13421381747442437, ""n_samples"": 6}, {""accuracy"": 1.0, ""bin_hi"": 0.30000000000000004, ""bin_lo"": 0.2, ""confidence"": 0.27160236052502257, ""n_samples"": 5}, {""accuracy"": 1.0, ""bin_hi"": 0.4, ""bin_lo"": 0.30000000000000004, ""confidence"": 0.36102039707007494, ""n_samples"": 7}, {""accuracy"": 1.0, ""bin_hi"": 0.5, ""bin_lo"": 0.4, ""confidence"": 0.4352276567084395, ""n_samples"": 6}, {""accuracy"": 1.0, ""bin_hi"": 0.6000000000000001, ""bin_lo"": 0.5, ""confidence"": 0.5475842124642194, ""n_samples"": 8}, {""accuracy"": 1.0, ""bin_hi"": 0.7000000000000001, ""bin_lo"": 0.6000000000000001, ""confidence"": 0.6496045336450568, ""n_samples"": 7}, {""accuracy"": 1.0, ""bin_hi"": 0.8, ""bin_lo"": 0.7000000000000001, ""confidence"": 0.7531682038622889, ""n_samples"": 25}, {""accuracy"": 1.0, ""bin_hi"": 0.9, ""bin_lo"": 0.8, ""confidence"": 0.8553617086398017, ""n_samples"": 12}, {""accuracy"": 1.0, ""bin_hi"": 1.0, ""bin_lo"": 0.9, ""confidence"": 0.9673149303995907, ""n_samples"": 36}], ""ece"": 0.09776807505301018}",0.03099999999994907,success,
elkan_noto,sar-pi0.3-scalesmall,109,"{""base_estimator"": null, ""calibration_method"": ""isotonic"", ""eps"": 1e-12, ""mode"": ""weighted_retraining"", ""n_cv_folds"": 3}",linear,0.3,0.5,0.5,True,0,,,0.737781534303039,,,,,0.2175,False,-0.12885403419528046,0.873015873015873,1.0,0.996547619047619,0.9175,0.8405797101449275,0.9050445103857567,0.9943921025350247,0.8625,0.06100301457590457,0.09456876166311487,"{""buckets"": [{""accuracy"": 0.031141868512110725, ""bin_hi"": 0.1, ""bin_lo"": 0.0, ""confidence"": 0.004522721314116959, ""n_samples"": 289}, {""accuracy"": 1.0, ""bin_hi"": 0.2, ""bin_lo"": 0.1, ""confidence"": 0.14202313661663873, ""n_samples"": 7}, {""accuracy"": 1.0, ""bin_hi"": 0.30000000000000004, ""bin_lo"": 0.2, ""confidence"": 0.25483522178893453, ""n_samples"": 5}, {""accuracy"": 1.0, ""bin_hi"": 0.4, ""bin_lo"": 0.30000000000000004, ""confidence"": 0.35851660148126197, ""n_samples"": 8}, {""accuracy"": 1.0, ""bin_hi"": 0.5, ""bin_lo"": 0.4, ""confidence"": 0.43734175498322597, ""n_samples"": 4}, {""accuracy"": 1.0, ""bin_hi"": 0.6000000000000001, ""bin_lo"": 0.5, ""confidence"": 0.5519195261997285, ""n_samples"": 8}, {""accuracy"": 1.0, ""bin_hi"": 0.7000000000000001, ""bin_lo"": 0.6000000000000001, ""confidence"": 0.6619740503048668, ""n_samples"": 9}, {""accuracy"": 1.0, ""bin_hi"": 0.8, ""bin_lo"": 0.7000000000000001, ""confidence"": 0.7531164405381485, ""n_samples"": 13}, {""accuracy"": 1.0, ""bin_hi"": 0.9, ""bin_lo"": 0.8, ""confidence"": 0.8514076462034565, ""n_samples"": 11}, {""accuracy"": 1.0, ""bin_hi"": 1.0, ""bin_lo"": 0.9, ""confidence"": 0.9663145756598811, ""n_samples"": 46}], ""ece"": 0.09456876166311487}",0.04700000000048021,success,
elkan_noto,sar-pi0.3-scalesmall,110,"{""base_estimator"": null, ""calibration_method"": ""isotonic"", ""eps"": 1e-12, ""mode"": ""weighted_retraining"", ""n_cv_folds"": 3}",linear,0.3,0.5,0.5,True,0,,,0.7051957588621869,,,,,0.2225,False,-0.15347453938778471,0.9180327868852459,1.0,0.9984821428571428,0.9225,0.8516746411483254,0.9026548672566371,0.9969169127006984,0.8708333333333333,0.05436973506370864,0.08502487858246767,"{""buckets"": [{""accuracy"": 0.031141868512110725, ""bin_hi"": 0.1, ""bin_lo"": 0.0, ""confidence"": 0.0019335787719924008, ""n_samples"": 289}, {""accuracy"": 1.0, ""bin_hi"": 0.2, ""bin_lo"": 0.1, ""confidence"": 0.139450956522115, ""n_samples"": 2}, {""accuracy"": 1.0, ""bin_hi"": 0.30000000000000004, ""bin_lo"": 0.2, ""confidence"": 0.25280493729902614, ""n_samples"": 7}, {""accuracy"": 1.0, ""bin_hi"": 0.4, ""bin_lo"": 0.30000000000000004, ""confidence"": 0.35960038429571606, ""n_samples"": 8}, {""accuracy"": 1.0, ""bin_hi"": 0.5, ""bin_lo"": 0.4, ""confidence"": 0.4322783675104917, ""n_samples"": 5}, {""accuracy"": 1.0, ""bin_hi"": 0.6000000000000001, ""bin_lo"": 0.5, ""confidence"": 0.5480098741576788, ""n_samples"": 7}, {""accuracy"": 1.0, ""bin_hi"": 0.7000000000000001, ""bin_lo"": 0.6000000000000001, ""confidence"": 0.6584486494555863, ""n_samples"": 9}, {""accuracy"": 1.0, ""bin_hi"": 0.8, ""bin_lo"": 0.7000000000000001, ""confidence"": 0.7618885838023748, ""n_samples"": 5}, {""accuracy"": 1.0, ""bin_hi"": 0.9, ""bin_lo"": 0.8, ""confidence"": 0.8463779943193138, ""n_samples"": 11}, {""accuracy"": 1.0, ""bin_hi"": 1.0, ""bin_lo"": 0.9, ""confidence"": 0.9730316683354943, ""n_samples"": 57}], ""ece"": 0.08502487858246767}",0.032000000000152795,success,
elkan_noto,sar-pi0.3-scalesmall,111,"{""base_estimator"": null, ""calibration_method"": ""isotonic"", ""eps"": 1e-12, ""mode"": ""weighted_retraining"", ""n_cv_folds"": 3}",linear,0.3,0.5,0.5,True,0,,,0.6816213714203231,,,,,0.2225,False,-0.14651324618519806,0.9152542372881356,1.0,0.9981547619047618,0.9225,0.8516746411483254,0.8973607038123167,0.995540191222698,0.8708333333333333,0.06024487548672872,0.08140507208300551,"{""buckets"": [{""accuracy"": 0.041237113402061855, ""bin_hi"": 0.1, ""bin_lo"": 0.0, ""confidence"": 0.0010812576258416656, ""n_samples"": 291}, {""accuracy"": 1.0, ""bin_hi"": 0.2, ""bin_lo"": 0.1, ""confidence"": 0.16396648005487166, ""n_samples"": 6}, {""accuracy"": 1.0, ""bin_hi"": 0.30000000000000004, ""bin_lo"": 0.2, ""confidence"": 0.25328259583386714, ""n_samples"": 7}, {""accuracy"": 1.0, ""bin_hi"": 0.4, ""bin_lo"": 0.30000000000000004, ""confidence"": 0.34267601080596255, ""n_samples"": 4}, {""accuracy"": 0.6666666666666666, ""bin_hi"": 0.5, ""bin_lo"": 0.4, ""confidence"": 0.4334981957721198, ""n_samples"": 3}, {""accuracy"": 1.0, ""bin_hi"": 0.6000000000000001, ""bin_lo"": 0.5, ""confidence"": 0.5507201966329327, ""n_samples"": 4}, {""accuracy"": 1.0, ""bin_hi"": 0.7000000000000001, ""bin_lo"": 0.6000000000000001, ""confidence"": 0.6743273906501929, ""n_samples"": 4}, {""accuracy"": 1.0, ""bin_hi"": 0.8, ""bin_lo"": 0.7000000000000001, ""confidence"": 0.7520028233835316, ""n_samples"": 6}, {""accuracy"": 1.0, ""bin_hi"": 0.9, ""bin_lo"": 0.8, ""confidence"": 0.8515328645535151, ""n_samples"": 12}, {""accuracy"": 1.0, ""bin_hi"": 1.0, ""bin_lo"": 0.9, ""confidence"": 0.985154727807865, ""n_samples"": 63}], ""ece"": 0.08140507208300551}",0.04699999999957072,success,
elkan_noto,sar-pi0.3-scalesmall,112,"{""base_estimator"": null, ""calibration_method"": ""isotonic"", ""eps"": 1e-12, ""mode"": ""weighted_retraining"", ""n_cv_folds"": 3}",linear,0.3,0.5,0.5,True,0,,,0.7467840510925379,,,,,0.2125,False,-0.15104166666666666,0.890625,1.0,0.9957440476190477,0.9125,0.8292682926829268,0.9166666666666666,0.9906791514031514,0.8541666666666667,0.06521446694156346,0.09010908696371801,"{""buckets"": [{""accuracy"": 0.04152249134948097, ""bin_hi"": 0.1, ""bin_lo"": 0.0, ""confidence"": 0.0038993511955923107, ""n_samples"": 289}, {""accuracy"": 0.7, ""bin_hi"": 0.2, ""bin_lo"": 0.1, ""confidence"": 0.15437678196236587, ""n_samples"": 10}, {""accuracy"": 1.0, ""bin_hi"": 0.30000000000000004, ""bin_lo"": 0.2, ""confidence"": 0.2673141953177345, ""n_samples"": 5}, {""accuracy"": 1.0, ""bin_hi"": 0.4, ""bin_lo"": 0.30000000000000004, ""confidence"": 0.3338614252299985, ""n_samples"": 9}, {""accuracy"": 1.0, ""bin_hi"": 0.5, ""bin_lo"": 0.4, ""confidence"": 0.4424956286959211, ""n_samples"": 2}, {""accuracy"": 1.0, ""bin_hi"": 0.6000000000000001, ""bin_lo"": 0.5, ""confidence"": 0.5713337692346033, ""n_samples"": 7}, {""accuracy"": 1.0, ""bin_hi"": 0.7000000000000001, ""bin_lo"": 0.6000000000000001, ""confidence"": 0.6514479722202325, ""n_samples"": 6}, {""accuracy"": 1.0, ""bin_hi"": 0.8, ""bin_lo"": 0.7000000000000001, ""confidence"": 0.7538900829133226, ""n_samples"": 2}, {""accuracy"": 1.0, ""bin_hi"": 0.9, ""bin_lo"": 0.8, ""confidence"": 0.8454459382326396, ""n_samples"": 13}, {""accuracy"": 1.0, ""bin_hi"": 1.0, ""bin_lo"": 0.9, ""confidence"": 0.9763643553946998, ""n_samples"": 57}], ""ece"": 0.09010908696371801}",0.04699999999957072,success,
elkan_noto,sar-pi0.3-scalesmall,113,"{""base_estimator"": null, ""calibration_method"": ""isotonic"", ""eps"": 1e-12, ""mode"": ""weighted_retraining"", ""n_cv_folds"": 3}",linear,0.3,0.5,0.5,True,0,,,0.6623764240211729,,,,,0.2525,False,-0.10342261904761901,0.890625,1.0,0.9991369047619048,0.9525,0.9140271493212669,0.8690476190476191,0.9980469433563992,0.9208333333333334,0.03140366106799521,0.05467719782166207,"{""buckets"": [{""accuracy"": 0.007272727272727273, ""bin_hi"": 0.1, ""bin_lo"": 0.0, ""confidence"": 0.005073463921240052, ""n_samples"": 275}, {""accuracy"": 0.3333333333333333, ""bin_hi"": 0.2, ""bin_lo"": 0.1, ""confidence"": 0.13153554847253807, ""n_samples"": 9}, {""accuracy"": 1.0, ""bin_hi"": 0.30000000000000004, ""bin_lo"": 0.2, ""confidence"": 0.23657504901865908, ""n_samples"": 2}, {""accuracy"": 0.8571428571428571, ""bin_hi"": 0.4, ""bin_lo"": 0.30000000000000004, ""confidence"": 0.360667110083903, ""n_samples"": 7}, {""accuracy"": 1.0, ""bin_hi"": 0.5, ""bin_lo"": 0.4, ""confidence"": 0.46648397617390086, ""n_samples"": 6}, {""accuracy"": 1.0, ""bin_hi"": 0.6000000000000001, ""bin_lo"": 0.5, ""confidence"": 0.5498802132306256, ""n_samples"": 7}, {""accuracy"": 1.0, ""bin_hi"": 0.7000000000000001, ""bin_lo"": 0.6000000000000001, ""confidence"": 0.6502473055969987, ""n_samples"": 6}, {""accuracy"": 1.0, ""bin_hi"": 0.8, ""bin_lo"": 0.7000000000000001, ""confidence"": 0.7452203278646169, ""n_samples"": 6}, {""accuracy"": 1.0, ""bin_hi"": 0.9, ""bin_lo"": 0.8, ""confidence"": 0.8418594319531674, ""n_samples"": 13}, {""accuracy"": 1.0, ""bin_hi"": 1.0, ""bin_lo"": 0.9, ""confidence"": 0.9650323872796814, ""n_samples"": 69}], ""ece"": 0.05467719782166207}",0.03099999999994907,success,
elkan_noto,sar-pi0.3-scalesmall,114,"{""base_estimator"": null, ""calibration_method"": ""isotonic"", ""eps"": 1e-12, ""mode"": ""weighted_retraining"", ""n_cv_folds"": 3}",linear,0.3,0.5,0.5,True,0,,,0.6879718304608996,,,,,0.2325,False,-0.13603221704111912,0.9047619047619048,1.0,0.9980357142857142,0.9275,0.863849765258216,0.8931750741839762,0.9952217558597187,0.881547619047619,0.045475860973962494,0.0710251826415263,"{""buckets"": [{""accuracy"": 0.021052631578947368, ""bin_hi"": 0.1, ""bin_lo"": 0.0, ""confidence"": 0.0028282132831647187, ""n_samples"": 285}, {""accuracy"": 1.0, ""bin_hi"": 0.2, ""bin_lo"": 0.1, ""confidence"": 0.1750073238482336, ""n_samples"": 2}, {""accuracy"": 1.0, ""bin_hi"": 0.30000000000000004, ""bin_lo"": 0.2, ""confidence"": 0.2334164064450483, ""n_samples"": 5}, {""accuracy"": 1.0, ""bin_hi"": 0.4, ""bin_lo"": 0.30000000000000004, ""confidence"": 0.34417110282971647, ""n_samples"": 9}, {""accuracy"": 1.0, ""bin_hi"": 0.5, ""bin_lo"": 0.4, ""confidence"": 0.4672076180501825, ""n_samples"": 6}, {""accuracy"": 1.0, ""bin_hi"": 0.6000000000000001, ""bin_lo"": 0.5, ""confidence"": 0.5526410598833644, ""n_samples"": 4}, {""accuracy"": 0.8888888888888888, ""bin_hi"": 0.7000000000000001, ""bin_lo"": 0.6000000000000001, ""confidence"": 0.6435567514181127, ""n_samples"": 9}, {""accuracy"": 1.0, ""bin_hi"": 0.8, ""bin_lo"": 0.7000000000000001, ""confidence"": 0.7528856156315236, ""n_samples"": 5}, {""accuracy"": 1.0, ""bin_hi"": 0.9, ""bin_lo"": 0.8, ""confidence"": 0.8623998260026748, ""n_samples"": 9}, {""accuracy"": 1.0, ""bin_hi"": 1.0, ""bin_lo"": 0.9, ""confidence"": 0.9672333686290776, ""n_samples"": 66}], ""ece"": 0.0710251826415263}",0.04700000000048021,success,
elkan_noto,sar-pi0.3-scalesmall,115,"{""base_estimator"": null, ""calibration_method"": ""isotonic"", ""eps"": 1e-12, ""mode"": ""weighted_retraining"", ""n_cv_folds"": 3}",linear,0.3,0.5,0.5,True,0,,,0.6963178041817831,,,,,0.1875,False,-0.09929351316634555,0.8148148148148148,1.0,0.9988988095238095,0.8875,0.7692307692307693,0.9104046242774566,0.9976425653772255,0.8125,0.0765576139944417,0.11637246376020437,"{""buckets"": [{""accuracy"": 0.024390243902439025, ""bin_hi"": 0.1, ""bin_lo"": 0.0, ""confidence"": 0.0036076509651915244, ""n_samples"": 287}, {""accuracy"": 1.0, ""bin_hi"": 0.2, ""bin_lo"": 0.1, ""confidence"": 0.14528568781983062, ""n_samples"": 12}, {""accuracy"": 1.0, ""bin_hi"": 0.30000000000000004, ""bin_lo"": 0.2, ""confidence"": 0.253792720878875, ""n_samples"": 11}, {""accuracy"": 1.0, ""bin_hi"": 0.4, ""bin_lo"": 0.30000000000000004, ""confidence"": 0.35034128720966773, ""n_samples"": 9}, {""accuracy"": 1.0, ""bin_hi"": 0.5, ""bin_lo"": 0.4, ""confidence"": 0.4575644042931264, ""n_samples"": 6}, {""accuracy"": 1.0, ""bin_hi"": 0.6000000000000001, ""bin_lo"": 0.5, ""confidence"": 0.552444191038229, ""n_samples"": 9}, {""accuracy"": 1.0, ""bin_hi"": 0.7000000000000001, ""bin_lo"": 0.6000000000000001, ""confidence"": 0.6630349702883632, ""n_samples"": 8}, {""accuracy"": 1.0, ""bin_hi"": 0.8, ""bin_lo"": 0.7000000000000001, ""confidence"": 0.7614363740432407, ""n_samples"": 11}, {""accuracy"": 1.0, ""bin_hi"": 0.9, ""bin_lo"": 0.8, ""confidence"": 0.8538764039570067, ""n_samples"": 16}, {""accuracy"": 1.0, ""bin_hi"": 1.0, ""bin_lo"": 0.9, ""confidence"": 0.9570294327522002, ""n_samples"": 31}], ""ece"": 0.11637246376020437}",0.03099999999994907,success,
elkan_noto,sar-pi0.3-scalesmall,116,"{""base_estimator"": null, ""calibration_method"": ""isotonic"", ""eps"": 1e-12, ""mode"": ""weighted_retraining"", ""n_cv_folds"": 3}",linear,0.3,0.5,0.5,True,0,,,0.6991007018500273,,,,,0.2275,False,-0.15102118724947508,0.9193548387096774,1.0,0.9999107142857143,0.9275,0.8625592417061612,0.8994082840236687,0.9997967479674796,0.8791666666666667,0.058510186502768936,0.07016926470458691,"{""buckets"": [{""accuracy"": 0.05405405405405406, ""bin_hi"": 0.1, ""bin_lo"": 0.0, ""confidence"": 0.0011662107577582149, ""n_samples"": 296}, {""accuracy"": 1.0, ""bin_hi"": 0.2, ""bin_lo"": 0.1, ""confidence"": 0.1512467583529284, ""n_samples"": 7}, {""accuracy"": 0.0, ""bin_hi"": 0.30000000000000004, ""bin_lo"": 0.2, ""confidence"": 0.0, ""n_samples"": 0}, {""accuracy"": 1.0, ""bin_hi"": 0.4, ""bin_lo"": 0.30000000000000004, ""confidence"": 0.32524174968601177, ""n_samples"": 2}, {""accuracy"": 1.0, ""bin_hi"": 0.5, ""bin_lo"": 0.4, ""confidence"": 0.4346198752021586, ""n_samples"": 4}, {""accuracy"": 1.0, ""bin_hi"": 0.6000000000000001, ""bin_lo"": 0.5, ""confidence"": 0.5368827841815482, ""n_samples"": 2}, {""accuracy"": 1.0, ""bin_hi"": 0.7000000000000001, ""bin_lo"": 0.6000000000000001, ""confidence"": 0.696785592307988, ""n_samples"": 2}, {""accuracy"": 1.0, ""bin_hi"": 0.8, ""bin_lo"": 0.7000000000000001, ""confidence"": 0.7470692212222246, ""n_samples"": 3}, {""accuracy"": 0.0, ""bin_hi"": 0.9, ""bin_lo"": 0.8, ""confidence"": 0.0, ""n_samples"": 0}, {""accuracy"": 1.0, ""bin_hi"": 1.0, ""bin_lo"": 0.9, ""confidence"": 0.9932245358163321, ""n_samples"": 84}], ""ece"": 0.07016926470458691}",0.04699999999957072,success,
elkan_noto,sar-pi0.3-scalesmall,117,"{""base_estimator"": null, ""calibration_method"": ""isotonic"", ""eps"": 1e-12, ""mode"": ""weighted_retraining"", ""n_cv_folds"": 3}",linear,0.3,0.5,0.5,True,0,,,0.6926101773983784,,,,,0.2375,False,-0.11581589542223766,0.8983050847457628,1.0,0.998720238095238,0.9375,0.8837209302325582,0.8768328445747801,0.9972295700893417,0.8958333333333333,0.05819195272939656,0.06365106226672515,"{""buckets"": [{""accuracy"": 0.06976744186046512, ""bin_hi"": 0.1, ""bin_lo"": 0.0, ""confidence"": 0.0002778408993213288, ""n_samples"": 301}, {""accuracy"": 0.0, ""bin_hi"": 0.2, ""bin_lo"": 0.1, ""confidence"": 0.0, ""n_samples"": 0}, {""accuracy"": 1.0, ""bin_hi"": 0.30000000000000004, ""bin_lo"": 0.2, ""confidence"": 0.25040846257495575, ""n_samples"": 2}, {""accuracy"": 1.0, ""bin_hi"": 0.4, ""bin_lo"": 0.30000000000000004, ""confidence"": 0.3601564035072906, ""n_samples"": 2}, {""accuracy"": 0.0, ""bin_hi"": 0.5, ""bin_lo"": 0.4, ""confidence"": 0.0, ""n_samples"": 0}, {""accuracy"": 1.0, ""bin_hi"": 0.6000000000000001, ""bin_lo"": 0.5, ""confidence"": 0.593307593074157, ""n_samples"": 1}, {""accuracy"": 1.0, ""bin_hi"": 0.7000000000000001, ""bin_lo"": 0.6000000000000001, ""confidence"": 0.6579469026970157, ""n_samples"": 2}, {""accuracy"": 1.0, ""bin_hi"": 0.8, ""bin_lo"": 0.7000000000000001, ""confidence"": 0.7425149572403268, ""n_samples"": 1}, {""accuracy"": 1.0, ""bin_hi"": 0.9, ""bin_lo"": 0.8, ""confidence"": 0.8872471979650922, ""n_samples"": 2}, {""accuracy"": 1.0, ""bin_hi"": 1.0, ""bin_lo"": 0.9, ""confidence"": 0.9978494887506857, ""n_samples"": 89}], ""ece"": 0.06365106226672515}",0.04699999999957072,success,
elkan_noto,sar-pi0.3-scalesmall,118,"{""base_estimator"": null, ""calibration_method"": ""isotonic"", ""eps"": 1e-12, ""mode"": ""weighted_retraining"", ""n_cv_folds"": 3}",linear,0.3,0.5,0.5,True,0,,,0.6684005673534797,,,,,0.2175,False,-0.11453488372093024,0.875,1.0,0.9995833333333334,0.9175,0.8405797101449275,0.8895348837209303,0.9990654465749025,0.8625,0.05507703596803008,0.09317659047065163,"{""buckets"": [{""accuracy"": 0.0071174377224199285, ""bin_hi"": 0.1, ""bin_lo"": 0.0, ""confidence"": 0.003529930571074729, ""n_samples"": 281}, {""accuracy"": 0.9166666666666666, ""bin_hi"": 0.2, ""bin_lo"": 0.1, ""confidence"": 0.15472303092857048, ""n_samples"": 12}, {""accuracy"": 1.0, ""bin_hi"": 0.30000000000000004, ""bin_lo"": 0.2, ""confidence"": 0.21752947489567417, ""n_samples"": 6}, {""accuracy"": 1.0, ""bin_hi"": 0.4, ""bin_lo"": 0.30000000000000004, ""confidence"": 0.3462872333101261, ""n_samples"": 5}, {""accuracy"": 1.0, ""bin_hi"": 0.5, ""bin_lo"": 0.4, ""confidence"": 0.46984449729304195, ""n_samples"": 9}, {""accuracy"": 1.0, ""bin_hi"": 0.6000000000000001, ""bin_lo"": 0.5, ""confidence"": 0.5421301127371183, ""n_samples"": 8}, {""accuracy"": 1.0, ""bin_hi"": 0.7000000000000001, ""bin_lo"": 0.6000000000000001, ""confidence"": 0.6592107862347829, ""n_samples"": 8}, {""accuracy"": 1.0, ""bin_hi"": 0.8, ""bin_lo"": 0.7000000000000001, ""confidence"": 0.7579007418949982, ""n_samples"": 12}, {""accuracy"": 1.0, ""bin_hi"": 0.9, ""bin_lo"": 0.8, ""confidence"": 0.8455500082772458, ""n_samples"": 24}, {""accuracy"": 1.0, ""bin_hi"": 1.0, ""bin_lo"": 0.9, ""confidence"": 0.960480776154096, ""n_samples"": 35}], ""ece"": 0.09317659047065163}",0.04700000000048021,success,
elkan_noto,sar-pi0.3-scalesmall,119,"{""base_estimator"": null, ""calibration_method"": ""isotonic"", ""eps"": 1e-12, ""mode"": ""weighted_retraining"", ""n_cv_folds"": 3}",linear,0.3,0.5,0.5,True,0,,,0.7052431484925507,,,,,0.24,False,-0.10595238095238096,0.875,1.0,0.9995833333333334,0.94,0.8888888888888888,0.8809523809523809,0.9990823444232535,0.9,0.0425141416096428,0.07034703294888774,"{""buckets"": [{""accuracy"": 0.014084507042253521, ""bin_hi"": 0.1, ""bin_lo"": 0.0, ""confidence"": 0.001260645474152671, ""n_samples"": 284}, {""accuracy"": 1.0, ""bin_hi"": 0.2, ""bin_lo"": 0.1, ""confidence"": 0.13093569451795808, ""n_samples"": 5}, {""accuracy"": 1.0, ""bin_hi"": 0.30000000000000004, ""bin_lo"": 0.2, ""confidence"": 0.27393163846523444, ""n_samples"": 6}, {""accuracy"": 1.0, ""bin_hi"": 0.4, ""bin_lo"": 0.30000000000000004, ""confidence"": 0.3439559142505018, ""n_samples"": 4}, {""accuracy"": 1.0, ""bin_hi"": 0.5, ""bin_lo"": 0.4, ""confidence"": 0.42910937870474364, ""n_samples"": 5}, {""accuracy"": 1.0, ""bin_hi"": 0.6000000000000001, ""bin_lo"": 0.5, ""confidence"": 0.5625029633342413, ""n_samples"": 6}, {""accuracy"": 1.0, ""bin_hi"": 0.7000000000000001, ""bin_lo"": 0.6000000000000001, ""confidence"": 0.6442631123217919, ""n_samples"": 9}, {""accuracy"": 1.0, ""bin_hi"": 0.8, ""bin_lo"": 0.7000000000000001, ""confidence"": 0.772303516766664, ""n_samples"": 7}, {""accuracy"": 1.0, ""bin_hi"": 0.9, ""bin_lo"": 0.8, ""confidence"": 0.8625479540045234, ""n_samples"": 11}, {""accuracy"": 1.0, ""bin_hi"": 1.0, ""bin_lo"": 0.9, ""confidence"": 0.9780315357073118, ""n_samples"": 63}], ""ece"": 0.07034703294888774}",0.04700000000048021,success,
elkan_noto,sar-pi0.3-scalemid,100,"{""base_estimator"": null, ""calibration_method"": ""isotonic"", ""eps"": 1e-12, ""mode"": ""weighted_retraining"", ""n_cv_folds"": 3}",linear,0.3,0.5,0.5,True,0,,,0.7407731182762409,,,,,0.2125,False,-0.1361338410123309,0.8794788273615635,1.0,0.9987726190476189,0.9125,0.8292682926829268,0.9084465445953928,0.9976031189327591,0.8541666666666667,0.07424652105658631,0.0875143598318789,"{""buckets"": [{""accuracy"": 0.07834101382488479, ""bin_hi"": 0.1, ""bin_lo"": 0.0, ""confidence"": 0.0014980991926291211, ""n_samples"": 1519}, {""accuracy"": 1.0, ""bin_hi"": 0.2, ""bin_lo"": 0.1, ""confidence"": 0.1401753004450418, ""n_samples"": 15}, {""accuracy"": 1.0, ""bin_hi"": 0.30000000000000004, ""bin_lo"": 0.2, ""confidence"": 0.2551003280623295, ""n_samples"": 12}, {""accuracy"": 1.0, ""bin_hi"": 0.4, ""bin_lo"": 0.30000000000000004, ""confidence"": 0.3587505330557211, ""n_samples"": 14}, {""accuracy"": 1.0, ""bin_hi"": 0.5, ""bin_lo"": 0.4, ""confidence"": 0.4395057935608966, ""n_samples"": 15}, {""accuracy"": 1.0, ""bin_hi"": 0.6000000000000001, ""bin_lo"": 0.5, ""confidence"": 0.5613779585540706, ""n_samples"": 18}, {""accuracy"": 1.0, ""bin_hi"": 0.7000000000000001, ""bin_lo"": 0.6000000000000001, ""confidence"": 0.6548340191080357, ""n_samples"": 8}, {""accuracy"": 1.0, ""bin_hi"": 0.8, ""bin_lo"": 0.7000000000000001, ""confidence"": 0.7445342356825394, ""n_samples"": 9}, {""accuracy"": 1.0, ""bin_hi"": 0.9, ""bin_lo"": 0.8, ""confidence"": 0.8543426481926821, ""n_samples"": 22}, {""accuracy"": 1.0, ""bin_hi"": 1.0, ""bin_lo"": 0.9, ""confidence"": 0.9920568425673967, ""n_samples"": 368}], ""ece"": 0.0875143598318789}",0.06300000000010186,success,
elkan_noto,sar-pi0.3-scalemid,101,"{""base_estimator"": null, ""calibration_method"": ""isotonic"", ""eps"": 1e-12, ""mode"": ""weighted_retraining"", ""n_cv_folds"": 3}",linear,0.3,0.5,0.5,True,0,,,0.6941409286125809,,,,,0.2115,False,-0.0923126169605043,0.8345070422535211,1.0,0.9994190476190477,0.9115,0.8269794721407625,0.8916083916083916,0.9986549152045526,0.8525,0.0754257941403414,0.08776790043284542,"{""buckets"": [{""accuracy"": 0.07712590639419907, ""bin_hi"": 0.1, ""bin_lo"": 0.0, ""confidence"": 0.0011488413601860345, ""n_samples"": 1517}, {""accuracy"": 1.0, ""bin_hi"": 0.2, ""bin_lo"": 0.1, ""confidence"": 0.14389321441512795, ""n_samples"": 20}, {""accuracy"": 1.0, ""bin_hi"": 0.30000000000000004, ""bin_lo"": 0.2, ""confidence"": 0.2549540092764744, ""n_samples"": 18}, {""accuracy"": 1.0, ""bin_hi"": 0.4, ""bin_lo"": 0.30000000000000004, ""confidence"": 0.3570953597108232, ""n_samples"": 10}, {""accuracy"": 1.0, ""bin_hi"": 0.5, ""bin_lo"": 0.4, ""confidence"": 0.44609914121197763, ""n_samples"": 12}, {""accuracy"": 1.0, ""bin_hi"": 0.6000000000000001, ""bin_lo"": 0.5, ""confidence"": 0.5450889237516787, ""n_samples"": 11}, {""accuracy"": 1.0, ""bin_hi"": 0.7000000000000001, ""bin_lo"": 0.6000000000000001, ""confidence"": 0.6513231799825386, ""n_samples"": 9}, {""accuracy"": 1.0, ""bin_hi"": 0.8, ""bin_lo"": 0.7000000000000001, ""confidence"": 0.7566579814302131, ""n_samples"": 14}, {""accuracy"": 1.0, ""bin_hi"": 0.9, ""bin_lo"": 0.8, ""confidence"": 0.8580698364287949, ""n_samples"": 16}, {""accuracy"": 1.0, ""bin_hi"": 1.0, ""bin_lo"": 0.9, ""confidence"": 0.9923592791956591, ""n_samples"": 373}], ""ece"": 0.08776790043284542}",0.04700000000048021,success,
elkan_noto,sar-pi0.3-scalemid,102,"{""base_estimator"": null, ""calibration_method"": ""isotonic"", ""eps"": 1e-12, ""mode"": ""weighted_retraining"", ""n_cv_folds"": 3}",linear,0.3,0.5,0.5,True,0,,,0.7368537176876693,,,,,0.2225,False,-0.13541048466864491,0.8888888888888888,1.0,0.9991071428571429,0.9225,0.8516746411483254,0.9020771513353115,0.9981252045014761,0.8708333333333333,0.0716124487218088,0.07670207839142418,"{""buckets"": [{""accuracy"": 0.08256880733944955, ""bin_hi"": 0.1, ""bin_lo"": 0.0, ""confidence"": 0.0004922802220241684, ""n_samples"": 1526}, {""accuracy"": 1.0, ""bin_hi"": 0.2, ""bin_lo"": 0.1, ""confidence"": 0.15206986674817438, ""n_samples"": 11}, {""accuracy"": 1.0, ""bin_hi"": 0.30000000000000004, ""bin_lo"": 0.2, ""confidence"": 0.2516372957638741, ""n_samples"": 13}, {""accuracy"": 1.0, ""bin_hi"": 0.4, ""bin_lo"": 0.30000000000000004, ""confidence"": 0.33237721096560247, ""n_samples"": 1}, {""accuracy"": 1.0, ""bin_hi"": 0.5, ""bin_lo"": 0.4, ""confidence"": 0.4256022179867053, ""n_samples"": 4}, {""accuracy"": 1.0, ""bin_hi"": 0.6000000000000001, ""bin_lo"": 0.5, ""confidence"": 0.5262720094093285, ""n_samples"": 2}, {""accuracy"": 1.0, ""bin_hi"": 0.7000000000000001, ""bin_lo"": 0.6000000000000001, ""confidence"": 0.6563432595000757, ""n_samples"": 7}, {""accuracy"": 1.0, ""bin_hi"": 0.8, ""bin_lo"": 0.7000000000000001, ""confidence"": 0.7523963999778079, ""n_samples"": 4}, {""accuracy"": 1.0, ""bin_hi"": 0.9, ""bin_lo"": 0.8, ""confidence"": 0.8649329819907657, ""n_samples"": 8}, {""accuracy"": 1.0, ""bin_hi"": 1.0, ""bin_lo"": 0.9, ""confidence"": 0.9983249713328148, ""n_samples"": 424}], ""ece"": 0.07670207839142418}",0.06199999999989814,success,
elkan_noto,sar-pi0.3-scalemid,103,"{""base_estimator"": null, ""calibration_method"": ""isotonic"", ""eps"": 1e-12, ""mode"": ""weighted_retraining"", ""n_cv_folds"": 3}",linear,0.3,0.5,0.5,True,0,,,0.7084872698271487,,,,,0.2145,False,-0.12771684945164505,0.8823529411764706,1.0,0.9992095238095238,0.9145,0.8338192419825073,0.8983050847457628,0.9984469059792199,0.8574999999999999,0.06634624663594829,0.09128608451292819,"{""buckets"": [{""accuracy"": 0.05341446923597025, ""bin_hi"": 0.1, ""bin_lo"": 0.0, ""confidence"": 0.0022443944565382215, ""n_samples"": 1479}, {""accuracy"": 1.0, ""bin_hi"": 0.2, ""bin_lo"": 0.1, ""confidence"": 0.15038611750628486, ""n_samples"": 31}, {""accuracy"": 1.0, ""bin_hi"": 0.30000000000000004, ""bin_lo"": 0.2, ""confidence"": 0.26038324183681266, ""n_samples"": 19}, {""accuracy"": 1.0, ""bin_hi"": 0.4, ""bin_lo"": 0.30000000000000004, ""confidence"": 0.3497674184670447, ""n_samples"": 23}, {""accuracy"": 1.0, ""bin_hi"": 0.5, ""bin_lo"": 0.4, ""confidence"": 0.4495051332381274, ""n_samples"": 19}, {""accuracy"": 1.0, ""bin_hi"": 0.6000000000000001, ""bin_lo"": 0.5, ""confidence"": 0.5485384775717926, ""n_samples"": 23}, {""accuracy"": 1.0, ""bin_hi"": 0.7000000000000001, ""bin_lo"": 0.6000000000000001, ""confidence"": 0.6521860086773967, ""n_samples"": 26}, {""accuracy"": 1.0, ""bin_hi"": 0.8, ""bin_lo"": 0.7000000000000001, ""confidence"": 0.7483908124289199, ""n_samples"": 35}, {""accuracy"": 1.0, ""bin_hi"": 0.9, ""bin_lo"": 0.8, ""confidence"": 0.8546526621154225, ""n_samples"": 44}, {""accuracy"": 1.0, ""bin_hi"": 1.0, ""bin_lo"": 0.9, ""confidence"": 0.9785456990073373, ""n_samples"": 301}], ""ece"": 0.09128608451292819}",0.04699999999957072,success,
elkan_noto,sar-pi0.3-scalemid,104,"{""base_estimator"": null, ""calibration_method"": ""isotonic"", ""eps"": 1e-12, ""mode"": ""weighted_retraining"", ""n_cv_folds"": 3}",linear,0.3,0.5,0.5,True,0,,,0.7043496671564549,,,,,0.2175,False,-0.11125808907499046,0.8614864864864865,1.0,0.9986130952380952,0.9175,0.8405797101449275,0.8943661971830986,0.9969663457473233,0.8625,0.0646772252869929,0.08524905058919337,"{""buckets"": [{""accuracy"": 0.05536799459824443, ""bin_hi"": 0.1, ""bin_lo"": 0.0, ""confidence"": 0.001702151955708811, ""n_samples"": 1481}, {""accuracy"": 1.0, ""bin_hi"": 0.2, ""bin_lo"": 0.1, ""confidence"": 0.15192594320425135, ""n_samples"": 24}, {""accuracy"": 0.9583333333333334, ""bin_hi"": 0.30000000000000004, ""bin_lo"": 0.2, ""confidence"": 0.25096595658293347, ""n_samples"": 24}, {""accuracy"": 1.0, ""bin_hi"": 0.4, ""bin_lo"": 0.30000000000000004, ""confidence"": 0.35277816454512845, ""n_samples"": 21}, {""accuracy"": 1.0, ""bin_hi"": 0.5, ""bin_lo"": 0.4, ""confidence"": 0.4613410832936486, ""n_samples"": 15}, {""accuracy"": 1.0, ""bin_hi"": 0.6000000000000001, ""bin_lo"": 0.5, ""confidence"": 0.5582783725289148, ""n_samples"": 16}, {""accuracy"": 1.0, ""bin_hi"": 0.7000000000000001, ""bin_lo"": 0.6000000000000001, ""confidence"": 0.6505468102524211, ""n_samples"": 14}, {""accuracy"": 1.0, ""bin_hi"": 0.8, ""bin_lo"": 0.7000000000000001, ""confidence"": 0.7475039516912018, ""n_samples"": 35}, {""accuracy"": 1.0, ""bin_hi"": 0.9, ""bin_lo"": 0.8, ""confidence"": 0.8618562776717195, ""n_samples"": 41}, {""accuracy"": 1.0, ""bin_hi"": 1.0, ""bin_lo"": 0.9, ""confidence"": 0.9831133540356672, ""n_samples"": 329}], ""ece"": 0.08524905058919337}",0.06300000000010186,success,
elkan_noto,sar-pi0.3-scalemid,105,"{""base_estimator"": null, ""calibration_method"": ""isotonic"", ""eps"": 1e-12, ""mode"": ""weighted_retraining"", ""n_cv_folds"": 3}",linear,0.3,0.5,0.5,True,0,,,0.6929573806900179,,,,,0.223,False,-0.11930591833410747,0.8831615120274914,1.0,0.9994333333333333,0.923,0.8527724665391969,0.8894090111176126,0.9986698937178129,0.8716666666666666,0.05761202082897517,0.08383747990151559,"{""buckets"": [{""accuracy"": 0.04246575342465753, ""bin_hi"": 0.1, ""bin_lo"": 0.0, ""confidence"": 0.002266087007099656, ""n_samples"": 1460}, {""accuracy"": 1.0, ""bin_hi"": 0.2, ""bin_lo"": 0.1, ""confidence"": 0.14851691270373676, ""n_samples"": 25}, {""accuracy"": 0.9230769230769231, ""bin_hi"": 0.30000000000000004, ""bin_lo"": 0.2, ""confidence"": 0.2508669792265078, ""n_samples"": 26}, {""accuracy"": 1.0, ""bin_hi"": 0.4, ""bin_lo"": 0.30000000000000004, ""confidence"": 0.3600504653697395, ""n_samples"": 21}, {""accuracy"": 1.0, ""bin_hi"": 0.5, ""bin_lo"": 0.4, ""confidence"": 0.4583582895475187, ""n_samples"": 22}, {""accuracy"": 1.0, ""bin_hi"": 0.6000000000000001, ""bin_lo"": 0.5, ""confidence"": 0.5474629350214107, ""n_samples"": 26}, {""accuracy"": 1.0, ""bin_hi"": 0.7000000000000001, ""bin_lo"": 0.6000000000000001, ""confidence"": 0.6578872565318833, ""n_samples"": 22}, {""accuracy"": 1.0, ""bin_hi"": 0.8, ""bin_lo"": 0.7000000000000001, ""confidence"": 0.7580962666827986, ""n_samples"": 42}, {""accuracy"": 1.0, ""bin_hi"": 0.9, ""bin_lo"": 0.8, ""confidence"": 0.8627192443009164, ""n_samples"": 60}, {""accuracy"": 1.0, ""bin_hi"": 1.0, ""bin_lo"": 0.9, ""confidence"": 0.975761462612568, ""n_samples"": 296}], ""ece"": 0.08383747990151559}",0.06199999999989814,success,
elkan_noto,sar-pi0.3-scalemid,106,"{""base_estimator"": null, ""calibration_method"": ""isotonic"", ""eps"": 1e-12, ""mode"": ""weighted_retraining"", ""n_cv_folds"": 3}",linear,0.3,0.5,0.5,True,0,,,0.7234051541491382,,,,,0.223,False,-0.1339100838670825,0.8925081433224755,1.0,0.998752380952381,0.923,0.8527724665391969,0.8984051978735972,0.9971615611907354,0.8716666666666666,0.07428913427036354,0.07610706286507586,"{""buckets"": [{""accuracy"": 0.09208819714656291, ""bin_hi"": 0.1, ""bin_lo"": 0.0, ""confidence"": 0.0003339179051733213, ""n_samples"": 1542}, {""accuracy"": 1.0, ""bin_hi"": 0.2, ""bin_lo"": 0.1, ""confidence"": 0.1450487770641973, ""n_samples"": 7}, {""accuracy"": 1.0, ""bin_hi"": 0.30000000000000004, ""bin_lo"": 0.2, ""confidence"": 0.2500456554214535, ""n_samples"": 2}, {""accuracy"": 1.0, ""bin_hi"": 0.4, ""bin_lo"": 0.30000000000000004, ""confidence"": 0.3016359108251023, ""n_samples"": 1}, {""accuracy"": 1.0, ""bin_hi"": 0.5, ""bin_lo"": 0.4, ""confidence"": 0.4709445800403676, ""n_samples"": 2}, {""accuracy"": 0.0, ""bin_hi"": 0.6000000000000001, ""bin_lo"": 0.5, ""confidence"": 0.0, ""n_samples"": 0}, {""accuracy"": 0.0, ""bin_hi"": 0.7000000000000001, ""bin_lo"": 0.6000000000000001, ""confidence"": 0.0, ""n_samples"": 0}, {""accuracy"": 1.0, ""bin_hi"": 0.8, ""bin_lo"": 0.7000000000000001, ""confidence"": 0.7547881115592159, ""n_samples"": 2}, {""accuracy"": 1.0, ""bin_hi"": 0.9, ""bin_lo"": 0.8, ""confidence"": 0.8814844427698553, ""n_samples"": 3}, {""accuracy"": 1.0, ""bin_hi"": 1.0, ""bin_lo"": 0.9, ""confidence"": 0.9985441847787866, ""n_samples"": 441}], ""ece"": 0.07610706286507586}",0.06300000000010186,success,
elkan_noto,sar-pi0.3-scalemid,107,"{""base_estimator"": null, ""calibration_method"": ""isotonic"", ""eps"": 1e-12, ""mode"": ""weighted_retraining"", ""n_cv_folds"": 3}",linear,0.3,0.5,0.5,True,0,,,0.7120039822062206,,,,,0.222,False,-0.12959235882615844,0.8961937716262975,1.0,0.9992059523809523,0.922,0.8505747126436781,0.8918760958503799,0.9982324873364707,0.87,0.07722040015350783,0.07863872492277511,"{""buckets"": [{""accuracy"": 0.0973565441650548, ""bin_hi"": 0.1, ""bin_lo"": 0.0, ""confidence"": 0.0001481908884544044, ""n_samples"": 1551}, {""accuracy"": 1.0, ""bin_hi"": 0.2, ""bin_lo"": 0.1, ""confidence"": 0.16137423675847257, ""n_samples"": 4}, {""accuracy"": 0.0, ""bin_hi"": 0.30000000000000004, ""bin_lo"": 0.2, ""confidence"": 0.0, ""n_samples"": 0}, {""accuracy"": 0.0, ""bin_hi"": 0.4, ""bin_lo"": 0.30000000000000004, ""confidence"": 0.0, ""n_samples"": 0}, {""accuracy"": 1.0, ""bin_hi"": 0.5, ""bin_lo"": 0.4, ""confidence"": 0.43847068354568325, ""n_samples"": 1}, {""accuracy"": 1.0, ""bin_hi"": 0.6000000000000001, ""bin_lo"": 0.5, ""confidence"": 0.5393213972891833, ""n_samples"": 2}, {""accuracy"": 1.0, ""bin_hi"": 0.7000000000000001, ""bin_lo"": 0.6000000000000001, ""confidence"": 0.6843905907980621, ""n_samples"": 2}, {""accuracy"": 1.0, ""bin_hi"": 0.8, ""bin_lo"": 0.7000000000000001, ""confidence"": 0.7787093416780481, ""n_samples"": 1}, {""accuracy"": 1.0, ""bin_hi"": 0.9, ""bin_lo"": 0.8, ""confidence"": 0.8283750395696475, ""n_samples"": 2}, {""accuracy"": 1.0, ""bin_hi"": 1.0, ""bin_lo"": 0.9, ""confidence"": 0.9989150001347497, ""n_samples"": 437}], ""ece"": 0.07863872492277511}",0.06300000000010186,success,
elkan_noto,sar-pi0.3-scalemid,108,"{""base_estimator"": null, ""calibration_method"": ""isotonic"", ""eps"": 1e-12, ""mode"": ""weighted_retraining"", ""n_cv_folds"": 3}",linear,0.3,0.5,0.5,True,0,,,0.7123043718337884,,,,,0.2195,False,-0.11470588235294116,0.8666666666666667,1.0,0.9992321428571428,0.9195,0.8450433108758422,0.8947058823529411,0.9983316942809982,0.8658333333333333,0.07279763509844636,0.0794200558239563,"{""buckets"": [{""accuracy"": 0.08376963350785341, ""bin_hi"": 0.1, ""bin_lo"": 0.0, ""confidence"": 0.0006073263750409115, ""n_samples"": 1528}, {""accuracy"": 1.0, ""bin_hi"": 0.2, ""bin_lo"": 0.1, ""confidence"": 0.15834366165482414, ""n_samples"": 13}, {""accuracy"": 1.0, ""bin_hi"": 0.30000000000000004, ""bin_lo"": 0.2, ""confidence"": 0.2724348133871418, ""n_samples"": 5}, {""accuracy"": 1.0, ""bin_hi"": 0.4, ""bin_lo"": 0.30000000000000004, ""confidence"": 0.3427362061281526, ""n_samples"": 7}, {""accuracy"": 1.0, ""bin_hi"": 0.5, ""bin_lo"": 0.4, ""confidence"": 0.4539755747188258, ""n_samples"": 8}, {""accuracy"": 1.0, ""bin_hi"": 0.6000000000000001, ""bin_lo"": 0.5, ""confidence"": 0.5596920383571007, ""n_samples"": 4}, {""accuracy"": 1.0, ""bin_hi"": 0.7000000000000001, ""bin_lo"": 0.6000000000000001, ""confidence"": 0.6585053821432884, ""n_samples"": 4}, {""accuracy"": 1.0, ""bin_hi"": 0.8, ""bin_lo"": 0.7000000000000001, ""confidence"": 0.7496766207527636, ""n_samples"": 8}, {""accuracy"": 1.0, ""bin_hi"": 0.9, ""bin_lo"": 0.8, ""confidence"": 0.8511761243249641, ""n_samples"": 14}, {""accuracy"": 1.0, ""bin_hi"": 1.0, ""bin_lo"": 0.9, ""confidence"": 0.9975394267808207, ""n_samples"": 409}], ""ece"": 0.0794200558239563}",0.04700000000048021,success,
elkan_noto,sar-pi0.3-scalemid,109,"{""base_estimator"": null, ""calibration_method"": ""isotonic"", ""eps"": 1e-12, ""mode"": ""weighted_retraining"", ""n_cv_folds"": 3}",linear,0.3,0.5,0.5,True,0,,,0.7195693137837657,,,,,0.2255,False,-0.13064325252910858,0.8903225806451613,1.0,0.9992130952380952,0.9255,0.8582302568981922,0.8964497041420119,0.998360697824054,0.8758333333333334,0.0687166400200647,0.07439252117490848,"{""buckets"": [{""accuracy"": 0.08196721311475409, ""bin_hi"": 0.1, ""bin_lo"": 0.0, ""confidence"": 0.0005966368481442869, ""n_samples"": 1525}, {""accuracy"": 1.0, ""bin_hi"": 0.2, ""bin_lo"": 0.1, ""confidence"": 0.1492215314399536, ""n_samples"": 7}, {""accuracy"": 1.0, ""bin_hi"": 0.30000000000000004, ""bin_lo"": 0.2, ""confidence"": 0.2603136342606726, ""n_samples"": 5}, {""accuracy"": 1.0, ""bin_hi"": 0.4, ""bin_lo"": 0.30000000000000004, ""confidence"": 0.3336850216259725, ""n_samples"": 7}, {""accuracy"": 1.0, ""bin_hi"": 0.5, ""bin_lo"": 0.4, ""confidence"": 0.4648907115126281, ""n_samples"": 5}, {""accuracy"": 1.0, ""bin_hi"": 0.6000000000000001, ""bin_lo"": 0.5, ""confidence"": 0.5511513006692055, ""n_samples"": 4}, {""accuracy"": 1.0, ""bin_hi"": 0.7000000000000001, ""bin_lo"": 0.6000000000000001, ""confidence"": 0.6655156021793137, ""n_samples"": 3}, {""accuracy"": 1.0, ""bin_hi"": 0.8, ""bin_lo"": 0.7000000000000001, ""confidence"": 0.7743146338347354, ""n_samples"": 6}, {""accuracy"": 1.0, ""bin_hi"": 0.9, ""bin_lo"": 0.8, ""confidence"": 0.8454054281273653, ""n_samples"": 13}, {""accuracy"": 1.0, ""bin_hi"": 1.0, ""bin_lo"": 0.9, ""confidence"": 0.9963797846554261, ""n_samples"": 425}], ""ece"": 0.07439252117490848}",0.07800000000042928,success,
elkan_noto,sar-pi0.3-scalemid,110,"{""base_estimator"": null, ""calibration_method"": ""isotonic"", ""eps"": 1e-12, ""mode"": ""weighted_retraining"", ""n_cv_folds"": 3}",linear,0.3,0.5,0.5,True,0,,,0.7046030980603958,,,,,0.2155,False,-0.133472865163006,0.8943661971830986,1.0,0.9991785714285715,0.9155,0.8360814742967992,0.8968531468531469,0.998251970226386,0.8591666666666666,0.0820069808734668,0.085567641481042,"{""buckets"": [{""accuracy"": 0.10141206675224647, ""bin_hi"": 0.1, ""bin_lo"": 0.0, ""confidence"": 0.0004552472532497304, ""n_samples"": 1558}, {""accuracy"": 1.0, ""bin_hi"": 0.2, ""bin_lo"": 0.1, ""confidence"": 0.12983557453746805, ""n_samples"": 3}, {""accuracy"": 1.0, ""bin_hi"": 0.30000000000000004, ""bin_lo"": 0.2, ""confidence"": 0.29269287846026143, ""n_samples"": 1}, {""accuracy"": 1.0, ""bin_hi"": 0.4, ""bin_lo"": 0.30000000000000004, ""confidence"": 0.35939471987404364, ""n_samples"": 6}, {""accuracy"": 1.0, ""bin_hi"": 0.5, ""bin_lo"": 0.4, ""confidence"": 0.4755832371282083, ""n_samples"": 1}, {""accuracy"": 1.0, ""bin_hi"": 0.6000000000000001, ""bin_lo"": 0.5, ""confidence"": 0.5499523862999008, ""n_samples"": 6}, {""accuracy"": 1.0, ""bin_hi"": 0.7000000000000001, ""bin_lo"": 0.6000000000000001, ""confidence"": 0.6293595176773894, ""n_samples"": 2}, {""accuracy"": 1.0, ""bin_hi"": 0.8, ""bin_lo"": 0.7000000000000001, ""confidence"": 0.764028958805845, ""n_samples"": 3}, {""accuracy"": 1.0, ""bin_hi"": 0.9, ""bin_lo"": 0.8, ""confidence"": 0.8656711639674264, ""n_samples"": 10}, {""accuracy"": 1.0, ""bin_hi"": 1.0, ""bin_lo"": 0.9, ""confidence"": 0.9983757531455166, ""n_samples"": 410}], ""ece"": 0.085567641481042}",0.06199999999989814,success,
elkan_noto,sar-pi0.3-scalemid,111,"{""base_estimator"": null, ""calibration_method"": ""isotonic"", ""eps"": 1e-12, ""mode"": ""weighted_retraining"", ""n_cv_folds"": 3}",linear,0.3,0.5,0.5,True,0,,,0.7275138745945772,,,,,0.213,False,-0.12933863416955205,0.8762541806020067,1.0,0.999479761904762,0.913,0.8304093567251462,0.9035861258083481,0.998782729438109,0.855,0.07484691974888757,0.09005130487849541,"{""buckets"": [{""accuracy"": 0.07590759075907591, ""bin_hi"": 0.1, ""bin_lo"": 0.0, ""confidence"": 0.0017953121989279276, ""n_samples"": 1515}, {""accuracy"": 1.0, ""bin_hi"": 0.2, ""bin_lo"": 0.1, ""confidence"": 0.13941332942285145, ""n_samples"": 20}, {""accuracy"": 1.0, ""bin_hi"": 0.30000000000000004, ""bin_lo"": 0.2, ""confidence"": 0.24897865867562208, ""n_samples"": 18}, {""accuracy"": 1.0, ""bin_hi"": 0.4, ""bin_lo"": 0.30000000000000004, ""confidence"": 0.33944569678200043, ""n_samples"": 13}, {""accuracy"": 1.0, ""bin_hi"": 0.5, ""bin_lo"": 0.4, ""confidence"": 0.4520568393047114, ""n_samples"": 8}, {""accuracy"": 1.0, ""bin_hi"": 0.6000000000000001, ""bin_lo"": 0.5, ""confidence"": 0.5321295950697812, ""n_samples"": 15}, {""accuracy"": 1.0, ""bin_hi"": 0.7000000000000001, ""bin_lo"": 0.6000000000000001, ""confidence"": 0.6489420543999577, ""n_samples"": 12}, {""accuracy"": 1.0, ""bin_hi"": 0.8, ""bin_lo"": 0.7000000000000001, ""confidence"": 0.7572694806227152, ""n_samples"": 20}, {""accuracy"": 1.0, ""bin_hi"": 0.9, ""bin_lo"": 0.8, ""confidence"": 0.8599178993951657, ""n_samples"": 30}, {""accuracy"": 1.0, ""bin_hi"": 1.0, ""bin_lo"": 0.9, ""confidence"": 0.9890148592299597, ""n_samples"": 349}], ""ece"": 0.09005130487849541}",0.06199999999989814,success,
elkan_noto,sar-pi0.3-scalemid,112,"{""base_estimator"": null, ""calibration_method"": ""isotonic"", ""eps"": 1e-12, ""mode"": ""weighted_retraining"", ""n_cv_folds"": 3}",linear,0.3,0.5,0.5,True,0,,,0.7112790173391687,,,,,0.218,False,-0.10561590399699289,0.856655290102389,1.0,0.9994357142857143,0.918,0.8416988416988417,0.8916227299355595,0.9987290594976712,0.8633333333333333,0.0784911780260106,0.08138791703337193,"{""buckets"": [{""accuracy"": 0.0967741935483871, ""bin_hi"": 0.1, ""bin_lo"": 0.0, ""confidence"": 0.00027411208623080046, ""n_samples"": 1550}, {""accuracy"": 1.0, ""bin_hi"": 0.2, ""bin_lo"": 0.1, ""confidence"": 0.1600905645315228, ""n_samples"": 5}, {""accuracy"": 1.0, ""bin_hi"": 0.30000000000000004, ""bin_lo"": 0.2, ""confidence"": 0.29369195366963374, ""n_samples"": 2}, {""accuracy"": 1.0, ""bin_hi"": 0.4, ""bin_lo"": 0.30000000000000004, ""confidence"": 0.34016302308013857, ""n_samples"": 2}, {""accuracy"": 1.0, ""bin_hi"": 0.5, ""bin_lo"": 0.4, ""confidence"": 0.4678885759179476, ""n_samples"": 5}, {""accuracy"": 1.0, ""bin_hi"": 0.6000000000000001, ""bin_lo"": 0.5, ""confidence"": 0.5404220458686402, ""n_samples"": 2}, {""accuracy"": 1.0, ""bin_hi"": 0.7000000000000001, ""bin_lo"": 0.6000000000000001, ""confidence"": 0.6584263925559583, ""n_samples"": 2}, {""accuracy"": 1.0, ""bin_hi"": 0.8, ""bin_lo"": 0.7000000000000001, ""confidence"": 0.7585945522401171, ""n_samples"": 3}, {""accuracy"": 1.0, ""bin_hi"": 0.9, ""bin_lo"": 0.8, ""confidence"": 0.8401950883757372, ""n_samples"": 5}, {""accuracy"": 1.0, ""bin_hi"": 1.0, ""bin_lo"": 0.9, ""confidence"": 0.9988613928500077, ""n_samples"": 424}], ""ece"": 0.08138791703337193}",0.04700000000048021,success,
elkan_noto,sar-pi0.3-scalemid,113,"{""base_estimator"": null, ""calibration_method"": ""isotonic"", ""eps"": 1e-12, ""mode"": ""weighted_retraining"", ""n_cv_folds"": 3}",linear,0.3,0.5,0.5,True,0,,,0.7066470922551729,,,,,0.223,False,-0.1194086704153818,0.8791946308724832,1.0,0.9986940476190476,0.923,0.8527724665391969,0.8918918918918919,0.9969629546616114,0.8716666666666666,0.06494154871116314,0.08146143735997494,"{""buckets"": [{""accuracy"": 0.05985205110961668, ""bin_hi"": 0.1, ""bin_lo"": 0.0, ""confidence"": 0.0015154609011869642, ""n_samples"": 1487}, {""accuracy"": 1.0, ""bin_hi"": 0.2, ""bin_lo"": 0.1, ""confidence"": 0.1454212060430685, ""n_samples"": 26}, {""accuracy"": 0.9375, ""bin_hi"": 0.30000000000000004, ""bin_lo"": 0.2, ""confidence"": 0.24203398642810206, ""n_samples"": 16}, {""accuracy"": 1.0, ""bin_hi"": 0.4, ""bin_lo"": 0.30000000000000004, ""confidence"": 0.35056575771086484, ""n_samples"": 13}, {""accuracy"": 0.9166666666666666, ""bin_hi"": 0.5, ""bin_lo"": 0.4, ""confidence"": 0.4610282214716312, ""n_samples"": 12}, {""accuracy"": 1.0, ""bin_hi"": 0.6000000000000001, ""bin_lo"": 0.5, ""confidence"": 0.5545201148111226, ""n_samples"": 22}, {""accuracy"": 1.0, ""bin_hi"": 0.7000000000000001, ""bin_lo"": 0.6000000000000001, ""confidence"": 0.6529631655601469, ""n_samples"": 17}, {""accuracy"": 1.0, ""bin_hi"": 0.8, ""bin_lo"": 0.7000000000000001, ""confidence"": 0.7573490324216579, ""n_samples"": 19}, {""accuracy"": 1.0, ""bin_hi"": 0.9, ""bin_lo"": 0.8, ""confidence"": 0.8621832228049391, ""n_samples"": 30}, {""accuracy"": 1.0, ""bin_hi"": 1.0, ""bin_lo"": 0.9, ""confidence"": 0.9875014012055532, ""n_samples"": 358}], ""ece"": 0.08146143735997494}",0.06300000000010186,success,
elkan_noto,sar-pi0.3-scalemid,114,"{""base_estimator"": null, ""calibration_method"": ""isotonic"", ""eps"": 1e-12, ""mode"": ""weighted_retraining"", ""n_cv_folds"": 3}",linear,0.3,0.5,0.5,True,0,,,0.7483140161812069,,,,,0.2275,False,-0.15239701057236602,0.9198717948717948,1.0,0.998222619047619,0.9265,0.8606635071090047,0.9004739336492891,0.9948192060939904,0.8779761904761905,0.07253174685449529,0.07338246202045541,"{""buckets"": [{""accuracy"": 0.09155844155844156, ""bin_hi"": 0.1, ""bin_lo"": 0.0, ""confidence"": 1.0885120142999939e-05, ""n_samples"": 1540}, {""accuracy"": 1.0, ""bin_hi"": 0.2, ""bin_lo"": 0.1, ""confidence"": 0.16644619077228914, ""n_samples"": 3}, {""accuracy"": 0.0, ""bin_hi"": 0.30000000000000004, ""bin_lo"": 0.2, ""confidence"": 0.0, ""n_samples"": 0}, {""accuracy"": 1.0, ""bin_hi"": 0.4, ""bin_lo"": 0.30000000000000004, ""confidence"": 0.3950380939781204, ""n_samples"": 1}, {""accuracy"": 1.0, ""bin_hi"": 0.5, ""bin_lo"": 0.4, ""confidence"": 0.47503684950789044, ""n_samples"": 1}, {""accuracy"": 1.0, ""bin_hi"": 0.6000000000000001, ""bin_lo"": 0.5, ""confidence"": 0.5734144657830955, ""n_samples"": 1}, {""accuracy"": 0.0, ""bin_hi"": 0.7000000000000001, ""bin_lo"": 0.6000000000000001, ""confidence"": 0.0, ""n_samples"": 0}, {""accuracy"": 1.0, ""bin_hi"": 0.8, ""bin_lo"": 0.7000000000000001, ""confidence"": 0.7395505921292519, ""n_samples"": 2}, {""accuracy"": 1.0, ""bin_hi"": 0.9, ""bin_lo"": 0.8, ""confidence"": 0.8455469677403347, ""n_samples"": 2}, {""accuracy"": 0.9977777777777778, ""bin_hi"": 1.0, ""bin_lo"": 0.9, ""confidence"": 0.9997660227272359, ""n_samples"": 450}], ""ece"": 0.07338246202045541}",0.07800000000042928,success,
elkan_noto,sar-pi0.3-scalemid,115,"{""base_estimator"": null, ""calibration_method"": ""isotonic"", ""eps"": 1e-12, ""mode"": ""weighted_retraining"", ""n_cv_folds"": 3}",linear,0.3,0.5,0.5,True,0,,,0.7225850025057748,,,,,0.217,False,-0.12081678252234357,0.868421052631579,1.0,0.9989761904761905,0.917,0.839458413926499,0.8997641509433962,0.997812316173669,0.8616666666666667,0.06559397617358935,0.08490934729670536,"{""buckets"": [{""accuracy"": 0.0553306342780027, ""bin_hi"": 0.1, ""bin_lo"": 0.0, ""confidence"": 0.0014008550519077317, ""n_samples"": 1482}, {""accuracy"": 1.0, ""bin_hi"": 0.2, ""bin_lo"": 0.1, ""confidence"": 0.14442294354644833, ""n_samples"": 29}, {""accuracy"": 1.0, ""bin_hi"": 0.30000000000000004, ""bin_lo"": 0.2, ""confidence"": 0.24660244580847906, ""n_samples"": 21}, {""accuracy"": 1.0, ""bin_hi"": 0.4, ""bin_lo"": 0.30000000000000004, ""confidence"": 0.3566974227262621, ""n_samples"": 14}, {""accuracy"": 1.0, ""bin_hi"": 0.5, ""bin_lo"": 0.4, ""confidence"": 0.4548230163228017, ""n_samples"": 20}, {""accuracy"": 1.0, ""bin_hi"": 0.6000000000000001, ""bin_lo"": 0.5, ""confidence"": 0.5475184980509178, ""n_samples"": 17}, {""accuracy"": 1.0, ""bin_hi"": 0.7000000000000001, ""bin_lo"": 0.6000000000000001, ""confidence"": 0.6450682567039405, ""n_samples"": 17}, {""accuracy"": 1.0, ""bin_hi"": 0.8, ""bin_lo"": 0.7000000000000001, ""confidence"": 0.7533403177052501, ""n_samples"": 22}, {""accuracy"": 1.0, ""bin_hi"": 0.9, ""bin_lo"": 0.8, ""confidence"": 0.850353787223259, ""n_samples"": 30}, {""accuracy"": 1.0, ""bin_hi"": 1.0, ""bin_lo"": 0.9, ""confidence"": 0.9835920167045039, ""n_samples"": 348}], ""ece"": 0.08490934729670536}",0.046000000000276486,success,
elkan_noto,sar-pi0.3-scalemid,116,"{""base_estimator"": null, ""calibration_method"": ""isotonic"", ""eps"": 1e-12, ""mode"": ""weighted_retraining"", ""n_cv_folds"": 3}",linear,0.3,0.5,0.5,True,0,,,0.7190816262713282,,,,,0.226,False,-0.11818690638689155,0.8745980707395499,1.0,0.9996999999999999,0.926,0.8593155893536122,0.8934280639431617,0.9992925505502082,0.8766666666666667,0.06862913271048836,0.07510780230179465,"{""buckets"": [{""accuracy"": 0.08076165462902167, ""bin_hi"": 0.1, ""bin_lo"": 0.0, ""confidence"": 0.000621193079407852, ""n_samples"": 1523}, {""accuracy"": 1.0, ""bin_hi"": 0.2, ""bin_lo"": 0.1, ""confidence"": 0.14565637933427392, ""n_samples"": 9}, {""accuracy"": 1.0, ""bin_hi"": 0.30000000000000004, ""bin_lo"": 0.2, ""confidence"": 0.2519413428208136, ""n_samples"": 2}, {""accuracy"": 1.0, ""bin_hi"": 0.4, ""bin_lo"": 0.30000000000000004, ""confidence"": 0.3650167620573891, ""n_samples"": 8}, {""accuracy"": 1.0, ""bin_hi"": 0.5, ""bin_lo"": 0.4, ""confidence"": 0.4495209518858914, ""n_samples"": 6}, {""accuracy"": 1.0, ""bin_hi"": 0.6000000000000001, ""bin_lo"": 0.5, ""confidence"": 0.5600690286588597, ""n_samples"": 9}, {""accuracy"": 1.0, ""bin_hi"": 0.7000000000000001, ""bin_lo"": 0.6000000000000001, ""confidence"": 0.6548353673208409, ""n_samples"": 9}, {""accuracy"": 1.0, ""bin_hi"": 0.8, ""bin_lo"": 0.7000000000000001, ""confidence"": 0.7524821874168426, ""n_samples"": 5}, {""accuracy"": 1.0, ""bin_hi"": 0.9, ""bin_lo"": 0.8, ""confidence"": 0.85100825011773, ""n_samples"": 7}, {""accuracy"": 1.0, ""bin_hi"": 1.0, ""bin_lo"": 0.9, ""confidence"": 0.9970442184296738, ""n_samples"": 422}], ""ece"": 0.07510780230179465}",0.04700000000048021,success,
elkan_noto,sar-pi0.3-scalemid,117,"{""base_estimator"": null, ""calibration_method"": ""isotonic"", ""eps"": 1e-12, ""mode"": ""weighted_retraining"", ""n_cv_folds"": 3}",linear,0.3,0.5,0.5,True,0,,,0.7365347883742465,,,,,0.227,False,-0.14163351896048793,0.8981481481481481,1.0,0.9992238095238095,0.927,0.8614800759013282,0.902744630071599,0.9982076931243626,0.8783333333333334,0.05763440679768148,0.07633107545438018,"{""buckets"": [{""accuracy"": 0.047651463580667124, ""bin_hi"": 0.1, ""bin_lo"": 0.0, ""confidence"": 0.0016211643721225077, ""n_samples"": 1469}, {""accuracy"": 1.0, ""bin_hi"": 0.2, ""bin_lo"": 0.1, ""confidence"": 0.15597406847870265, ""n_samples"": 25}, {""accuracy"": 0.96, ""bin_hi"": 0.30000000000000004, ""bin_lo"": 0.2, ""confidence"": 0.2504830860886006, ""n_samples"": 25}, {""accuracy"": 1.0, ""bin_hi"": 0.4, ""bin_lo"": 0.30000000000000004, ""confidence"": 0.3472339198020388, ""n_samples"": 17}, {""accuracy"": 1.0, ""bin_hi"": 0.5, ""bin_lo"": 0.4, ""confidence"": 0.47994807685014906, ""n_samples"": 10}, {""accuracy"": 1.0, ""bin_hi"": 0.6000000000000001, ""bin_lo"": 0.5, ""confidence"": 0.5498732458983967, ""n_samples"": 18}, {""accuracy"": 1.0, ""bin_hi"": 0.7000000000000001, ""bin_lo"": 0.6000000000000001, ""confidence"": 0.6451392649205209, ""n_samples"": 13}, {""accuracy"": 1.0, ""bin_hi"": 0.8, ""bin_lo"": 0.7000000000000001, ""confidence"": 0.7491477113695969, ""n_samples"": 28}, {""accuracy"": 1.0, ""bin_hi"": 0.9, ""bin_lo"": 0.8, ""confidence"": 0.8624501141076103, ""n_samples"": 37}, {""accuracy"": 1.0, ""bin_hi"": 1.0, ""bin_lo"": 0.9, ""confidence"": 0.9858132775106278, ""n_samples"": 358}], ""ece"": 0.07633107545438018}",0.04699999999957072,success,
elkan_noto,sar-pi0.3-scalemid,118,"{""base_estimator"": null, ""calibration_method"": ""isotonic"", ""eps"": 1e-12, ""mode"": ""weighted_retraining"", ""n_cv_folds"": 3}",linear,0.3,0.5,0.5,True,0,,,0.7117425360822409,,,,,0.2145,False,-0.1281518981267657,0.8805460750853242,1.0,0.9996035714285714,0.9145,0.8338192419825073,0.8998242530755711,0.9990795772246077,0.8574999999999999,0.061902082740488515,0.09137500056455605,"{""buckets"": [{""accuracy"": 0.04046639231824417, ""bin_hi"": 0.1, ""bin_lo"": 0.0, ""confidence"": 0.002257278729373357, ""n_samples"": 1458}, {""accuracy"": 0.9705882352941176, ""bin_hi"": 0.2, ""bin_lo"": 0.1, ""confidence"": 0.1412790416883384, ""n_samples"": 34}, {""accuracy"": 1.0, ""bin_hi"": 0.30000000000000004, ""bin_lo"": 0.2, ""confidence"": 0.2576626538128726, ""n_samples"": 24}, {""accuracy"": 1.0, ""bin_hi"": 0.4, ""bin_lo"": 0.30000000000000004, ""confidence"": 0.3487848798291461, ""n_samples"": 21}, {""accuracy"": 1.0, ""bin_hi"": 0.5, ""bin_lo"": 0.4, ""confidence"": 0.45803627836780564, ""n_samples"": 34}, {""accuracy"": 1.0, ""bin_hi"": 0.6000000000000001, ""bin_lo"": 0.5, ""confidence"": 0.5515726398928983, ""n_samples"": 32}, {""accuracy"": 1.0, ""bin_hi"": 0.7000000000000001, ""bin_lo"": 0.6000000000000001, ""confidence"": 0.6582786319960504, ""n_samples"": 28}, {""accuracy"": 1.0, ""bin_hi"": 0.8, ""bin_lo"": 0.7000000000000001, ""confidence"": 0.7537959238288107, ""n_samples"": 35}, {""accuracy"": 1.0, ""bin_hi"": 0.9, ""bin_lo"": 0.8, ""confidence"": 0.852882840467924, ""n_samples"": 68}, {""accuracy"": 1.0, ""bin_hi"": 1.0, ""bin_lo"": 0.9, ""confidence"": 0.9759878299824898, ""n_samples"": 266}], ""ece"": 0.09137500056455605}",0.06199999999989814,success,
elkan_noto,sar-pi0.3-scalemid,119,"{""base_estimator"": null, ""calibration_method"": ""isotonic"", ""eps"": 1e-12, ""mode"": ""weighted_retraining"", ""n_cv_folds"": 3}",linear,0.3,0.5,0.5,True,0,,,0.7037976994669729,,,,,0.232,False,-0.12371572447908324,0.898989898989899,1.0,0.9993964285714285,0.932,0.8721804511278195,0.8843217850851439,0.998659878572131,0.8866666666666667,0.06653504362959915,0.06793218642354293,"{""buckets"": [{""accuracy"": 0.08556499020248204, ""bin_hi"": 0.1, ""bin_lo"": 0.0, ""confidence"": 0.0001632777859895371, ""n_samples"": 1531}, {""accuracy"": 0.0, ""bin_hi"": 0.2, ""bin_lo"": 0.1, ""confidence"": 0.0, ""n_samples"": 0}, {""accuracy"": 1.0, ""bin_hi"": 0.30000000000000004, ""bin_lo"": 0.2, ""confidence"": 0.26085221341361087, ""n_samples"": 2}, {""accuracy"": 1.0, ""bin_hi"": 0.4, ""bin_lo"": 0.30000000000000004, ""confidence"": 0.3865619002488058, ""n_samples"": 1}, {""accuracy"": 1.0, ""bin_hi"": 0.5, ""bin_lo"": 0.4, ""confidence"": 0.46234478428792086, ""n_samples"": 2}, {""accuracy"": 1.0, ""bin_hi"": 0.6000000000000001, ""bin_lo"": 0.5, ""confidence"": 0.5161822046257991, ""n_samples"": 1}, {""accuracy"": 1.0, ""bin_hi"": 0.7000000000000001, ""bin_lo"": 0.6000000000000001, ""confidence"": 0.6645898849613425, ""n_samples"": 1}, {""accuracy"": 1.0, ""bin_hi"": 0.8, ""bin_lo"": 0.7000000000000001, ""confidence"": 0.7719403859162018, ""n_samples"": 1}, {""accuracy"": 1.0, ""bin_hi"": 0.9, ""bin_lo"": 0.8, ""confidence"": 0.8493987523418163, ""n_samples"": 4}, {""accuracy"": 1.0, ""bin_hi"": 1.0, ""bin_lo"": 0.9, ""confidence"": 0.9993487647309446, ""n_samples"": 457}], ""ece"": 0.06793218642354293}",0.06199999999989814,success,
elkan_noto,sar-pi0.5-scalesmall,100,"{""base_estimator"": null, ""calibration_method"": ""isotonic"", ""eps"": 1e-12, ""mode"": ""weighted_retraining"", ""n_cv_folds"": 3}",linear,0.5,0.5,0.5,True,0,,,0.6071401177304397,,,,,0.4,False,-0.17712223052028875,0.9230769230769231,1.0,0.99915,0.9,0.8888888888888888,0.7540453074433657,0.9992493039194689,0.9,0.09816396400163786,0.10181176740056332,"{""buckets"": [{""accuracy"": 0.15966386554621848, ""bin_hi"": 0.1, ""bin_lo"": 0.0, ""confidence"": 0.000627511014781683, ""n_samples"": 238}, {""accuracy"": 0.0, ""bin_hi"": 0.2, ""bin_lo"": 0.1, ""confidence"": 0.0, ""n_samples"": 0}, {""accuracy"": 1.0, ""bin_hi"": 0.30000000000000004, ""bin_lo"": 0.2, ""confidence"": 0.2275746991053687, ""n_samples"": 1}, {""accuracy"": 1.0, ""bin_hi"": 0.4, ""bin_lo"": 0.30000000000000004, ""confidence"": 0.39473246239150866, ""n_samples"": 1}, {""accuracy"": 0.0, ""bin_hi"": 0.5, ""bin_lo"": 0.4, ""confidence"": 0.0, ""n_samples"": 0}, {""accuracy"": 1.0, ""bin_hi"": 0.6000000000000001, ""bin_lo"": 0.5, ""confidence"": 0.5250443191113862, ""n_samples"": 2}, {""accuracy"": 1.0, ""bin_hi"": 0.7000000000000001, ""bin_lo"": 0.6000000000000001, ""confidence"": 0.6349309018550898, ""n_samples"": 1}, {""accuracy"": 0.0, ""bin_hi"": 0.8, ""bin_lo"": 0.7000000000000001, ""confidence"": 0.0, ""n_samples"": 0}, {""accuracy"": 0.0, ""bin_hi"": 0.9, ""bin_lo"": 0.8, ""confidence"": 0.0, ""n_samples"": 0}, {""accuracy"": 1.0, ""bin_hi"": 1.0, ""bin_lo"": 0.9, ""confidence"": 0.9988447052017955, ""n_samples"": 157}], ""ece"": 0.10181176740056332}",0.04699999999957072,success,
elkan_noto,sar-pi0.5-scalesmall,101,"{""base_estimator"": null, ""calibration_method"": ""isotonic"", ""eps"": 1e-12, ""mode"": ""weighted_retraining"", ""n_cv_folds"": 3}",linear,0.5,0.5,0.5,True,0,,,0.6919758884520564,,,,,0.35,False,-0.23559933312918924,0.9072164948453608,1.0,0.99885,0.85,0.8235294117647058,0.8283828382838284,0.9988881239337409,0.85,0.1324484860424157,0.14586889494724387,"{""buckets"": [{""accuracy"": 0.1902834008097166, ""bin_hi"": 0.1, ""bin_lo"": 0.0, ""confidence"": 0.0024043319593758635, ""n_samples"": 247}, {""accuracy"": 1.0, ""bin_hi"": 0.2, ""bin_lo"": 0.1, ""confidence"": 0.11353422316219076, ""n_samples"": 3}, {""accuracy"": 1.0, ""bin_hi"": 0.30000000000000004, ""bin_lo"": 0.2, ""confidence"": 0.23514147443922262, ""n_samples"": 3}, {""accuracy"": 1.0, ""bin_hi"": 0.4, ""bin_lo"": 0.30000000000000004, ""confidence"": 0.3539652130987859, ""n_samples"": 2}, {""accuracy"": 1.0, ""bin_hi"": 0.5, ""bin_lo"": 0.4, ""confidence"": 0.4569057550289761, ""n_samples"": 5}, {""accuracy"": 1.0, ""bin_hi"": 0.6000000000000001, ""bin_lo"": 0.5, ""confidence"": 0.5001264028462141, ""n_samples"": 1}, {""accuracy"": 1.0, ""bin_hi"": 0.7000000000000001, ""bin_lo"": 0.6000000000000001, ""confidence"": 0.6928183536916196, ""n_samples"": 3}, {""accuracy"": 0.0, ""bin_hi"": 0.8, ""bin_lo"": 0.7000000000000001, ""confidence"": 0.0, ""n_samples"": 0}, {""accuracy"": 1.0, ""bin_hi"": 0.9, ""bin_lo"": 0.8, ""confidence"": 0.8593560183144838, ""n_samples"": 7}, {""accuracy"": 1.0, ""bin_hi"": 1.0, ""bin_lo"": 0.9, ""confidence"": 0.9955504817121509, ""n_samples"": 129}], ""ece"": 0.14586889494724387}",0.032000000000152795,success,
elkan_noto,sar-pi0.5-scalesmall,102,"{""base_estimator"": null, ""calibration_method"": ""isotonic"", ""eps"": 1e-12, ""mode"": ""weighted_retraining"", ""n_cv_folds"": 3}",linear,0.5,0.5,0.5,True,0,,,0.653450346570543,,,,,0.36,False,-0.22179608420020314,0.9139784946236559,1.0,0.997225,0.86,0.8372093023255814,0.8078175895765473,0.9973955028402945,0.86,0.12594531909006765,0.1423878222538936,"{""buckets"": [{""accuracy"": 0.1836734693877551, ""bin_hi"": 0.1, ""bin_lo"": 0.0, ""confidence"": 0.0029105609250670893, ""n_samples"": 245}, {""accuracy"": 1.0, ""bin_hi"": 0.2, ""bin_lo"": 0.1, ""confidence"": 0.18072149360697684, ""n_samples"": 3}, {""accuracy"": 1.0, ""bin_hi"": 0.30000000000000004, ""bin_lo"": 0.2, ""confidence"": 0.2727738351236373, ""n_samples"": 2}, {""accuracy"": 1.0, ""bin_hi"": 0.4, ""bin_lo"": 0.30000000000000004, ""confidence"": 0.32044140935560605, ""n_samples"": 2}, {""accuracy"": 1.0, ""bin_hi"": 0.5, ""bin_lo"": 0.4, ""confidence"": 0.45530425533142893, ""n_samples"": 4}, {""accuracy"": 1.0, ""bin_hi"": 0.6000000000000001, ""bin_lo"": 0.5, ""confidence"": 0.5438551883599595, ""n_samples"": 3}, {""accuracy"": 1.0, ""bin_hi"": 0.7000000000000001, ""bin_lo"": 0.6000000000000001, ""confidence"": 0.6661925891248022, ""n_samples"": 5}, {""accuracy"": 1.0, ""bin_hi"": 0.8, ""bin_lo"": 0.7000000000000001, ""confidence"": 0.7560654384972946, ""n_samples"": 5}, {""accuracy"": 1.0, ""bin_hi"": 0.9, ""bin_lo"": 0.8, ""confidence"": 0.8512548743879286, ""n_samples"": 3}, {""accuracy"": 1.0, ""bin_hi"": 1.0, ""bin_lo"": 0.9, ""confidence"": 0.9959793074557957, ""n_samples"": 128}], ""ece"": 0.1423878222538936}",0.03099999999994907,success,
elkan_noto,sar-pi0.5-scalesmall,103,"{""base_estimator"": null, ""calibration_method"": ""isotonic"", ""eps"": 1e-12, ""mode"": ""weighted_retraining"", ""n_cv_folds"": 3}",linear,0.5,0.5,0.5,True,0,,,0.6929419139925854,,,,,0.405,False,-0.23291536050156741,0.9363636363636364,1.0,0.9982249999999999,0.905,0.8950276243093923,0.7965517241379311,0.9982590538841917,0.905,0.08987542599071423,0.09812354416437301,"{""buckets"": [{""accuracy"": 0.1341991341991342, ""bin_hi"": 0.1, ""bin_lo"": 0.0, ""confidence"": 0.0006210608027831223, ""n_samples"": 231}, {""accuracy"": 1.0, ""bin_hi"": 0.2, ""bin_lo"": 0.1, ""confidence"": 0.12301369237704059, ""n_samples"": 4}, {""accuracy"": 1.0, ""bin_hi"": 0.30000000000000004, ""bin_lo"": 0.2, ""confidence"": 0.23188583155453693, ""n_samples"": 2}, {""accuracy"": 0.0, ""bin_hi"": 0.4, ""bin_lo"": 0.30000000000000004, ""confidence"": 0.0, ""n_samples"": 0}, {""accuracy"": 1.0, ""bin_hi"": 0.5, ""bin_lo"": 0.4, ""confidence"": 0.491841127293827, ""n_samples"": 1}, {""accuracy"": 0.0, ""bin_hi"": 0.6000000000000001, ""bin_lo"": 0.5, ""confidence"": 0.0, ""n_samples"": 0}, {""accuracy"": 1.0, ""bin_hi"": 0.7000000000000001, ""bin_lo"": 0.6000000000000001, ""confidence"": 0.6212728806867753, ""n_samples"": 3}, {""accuracy"": 1.0, ""bin_hi"": 0.8, ""bin_lo"": 0.7000000000000001, ""confidence"": 0.757087233563143, ""n_samples"": 4}, {""accuracy"": 0.0, ""bin_hi"": 0.9, ""bin_lo"": 0.8, ""confidence"": 0.0, ""n_samples"": 0}, {""accuracy"": 1.0, ""bin_hi"": 1.0, ""bin_lo"": 0.9, ""confidence"": 0.9952727880811867, ""n_samples"": 155}], ""ece"": 0.09812354416437301}",0.04700000000048021,success,
elkan_noto,sar-pi0.5-scalesmall,104,"{""base_estimator"": null, ""calibration_method"": ""isotonic"", ""eps"": 1e-12, ""mode"": ""weighted_retraining"", ""n_cv_folds"": 3}",linear,0.5,0.5,0.5,True,0,,,0.6615731490166635,,,,,0.3825,False,-0.22012318288685057,0.9207920792079208,1.0,0.997125,0.8825,0.8668555240793201,0.7993311036789298,0.9971569003881579,0.8825000000000001,0.10181755500845142,0.1161295579275724,"{""buckets"": [{""accuracy"": 0.1341991341991342, ""bin_hi"": 0.1, ""bin_lo"": 0.0, ""confidence"": 0.000767747057537114, ""n_samples"": 231}, {""accuracy"": 1.0, ""bin_hi"": 0.2, ""bin_lo"": 0.1, ""confidence"": 0.1374644761916652, ""n_samples"": 6}, {""accuracy"": 1.0, ""bin_hi"": 0.30000000000000004, ""bin_lo"": 0.2, ""confidence"": 0.2497610936490926, ""n_samples"": 5}, {""accuracy"": 1.0, ""bin_hi"": 0.4, ""bin_lo"": 0.30000000000000004, ""confidence"": 0.36511620083229523, ""n_samples"": 3}, {""accuracy"": 1.0, ""bin_hi"": 0.5, ""bin_lo"": 0.4, ""confidence"": 0.4756431210224906, ""n_samples"": 2}, {""accuracy"": 0.0, ""bin_hi"": 0.6000000000000001, ""bin_lo"": 0.5, ""confidence"": 0.0, ""n_samples"": 0}, {""accuracy"": 1.0, ""bin_hi"": 0.7000000000000001, ""bin_lo"": 0.6000000000000001, ""confidence"": 0.6297178668037721, ""n_samples"": 5}, {""accuracy"": 1.0, ""bin_hi"": 0.8, ""bin_lo"": 0.7000000000000001, ""confidence"": 0.7375740208161893, ""n_samples"": 3}, {""accuracy"": 1.0, ""bin_hi"": 0.9, ""bin_lo"": 0.8, ""confidence"": 0.8510781208245088, ""n_samples"": 5}, {""accuracy"": 1.0, ""bin_hi"": 1.0, ""bin_lo"": 0.9, ""confidence"": 0.9973849863439477, ""n_samples"": 140}], ""ece"": 0.1161295579275724}",0.03099999999994907,success,
elkan_noto,sar-pi0.5-scalesmall,105,"{""base_estimator"": null, ""calibration_method"": ""isotonic"", ""eps"": 1e-12, ""mode"": ""weighted_retraining"", ""n_cv_folds"": 3}",linear,0.5,0.5,0.5,True,0,,,0.6082807942813412,,,,,0.4425,False,-0.19,0.96,1.0,0.9980750000000002,0.9425,0.9389920424403183,0.73,0.9981944912046169,0.9425,0.0571176499437332,0.05833370511081123,"{""buckets"": [{""accuracy"": 0.09954751131221719, ""bin_hi"": 0.1, ""bin_lo"": 0.0, ""confidence"": 0.00015244672042464776, ""n_samples"": 221}, {""accuracy"": 1.0, ""bin_hi"": 0.2, ""bin_lo"": 0.1, ""confidence"": 0.1080153724930825, ""n_samples"": 1}, {""accuracy"": 0.0, ""bin_hi"": 0.30000000000000004, ""bin_lo"": 0.2, ""confidence"": 0.0, ""n_samples"": 0}, {""accuracy"": 0.0, ""bin_hi"": 0.4, ""bin_lo"": 0.30000000000000004, ""confidence"": 0.3185431729810347, ""n_samples"": 1}, {""accuracy"": 0.0, ""bin_hi"": 0.5, ""bin_lo"": 0.4, ""confidence"": 0.0, ""n_samples"": 0}, {""accuracy"": 0.0, ""bin_hi"": 0.6000000000000001, ""bin_lo"": 0.5, ""confidence"": 0.0, ""n_samples"": 0}, {""accuracy"": 0.0, ""bin_hi"": 0.7000000000000001, ""bin_lo"": 0.6000000000000001, ""confidence"": 0.0, ""n_samples"": 0}, {""accuracy"": 0.0, ""bin_hi"": 0.8, ""bin_lo"": 0.7000000000000001, ""confidence"": 0.0, ""n_samples"": 0}, {""accuracy"": 1.0, ""bin_hi"": 0.9, ""bin_lo"": 0.8, ""confidence"": 0.8710501328305182, ""n_samples"": 1}, {""accuracy"": 1.0, ""bin_hi"": 1.0, ""bin_lo"": 0.9, ""confidence"": 0.9998426414665857, ""n_samples"": 176}], ""ece"": 0.05833370511081123}",0.04700000000048021,success,
elkan_noto,sar-pi0.5-scalesmall,106,"{""base_estimator"": null, ""calibration_method"": ""isotonic"", ""eps"": 1e-12, ""mode"": ""weighted_retraining"", ""n_cv_folds"": 3}",linear,0.5,0.5,0.5,True,0,,,0.6358030404775948,,,,,0.415,False,-0.1937423976213002,0.9387755102040817,1.0,0.9970749999999999,0.915,0.907103825136612,0.7549668874172185,0.9972588404730428,0.915,0.08260983133331098,0.08660164602036384,"{""buckets"": [{""accuracy"": 0.1341991341991342, ""bin_hi"": 0.1, ""bin_lo"": 0.0, ""confidence"": 0.00040423579677259074, ""n_samples"": 231}, {""accuracy"": 1.0, ""bin_hi"": 0.2, ""bin_lo"": 0.1, ""confidence"": 0.16790527066772504, ""n_samples"": 2}, {""accuracy"": 1.0, ""bin_hi"": 0.30000000000000004, ""bin_lo"": 0.2, ""confidence"": 0.28406369993039177, ""n_samples"": 1}, {""accuracy"": 0.0, ""bin_hi"": 0.4, ""bin_lo"": 0.30000000000000004, ""confidence"": 0.0, ""n_samples"": 0}, {""accuracy"": 0.0, ""bin_hi"": 0.5, ""bin_lo"": 0.4, ""confidence"": 0.0, ""n_samples"": 0}, {""accuracy"": 0.0, ""bin_hi"": 0.6000000000000001, ""bin_lo"": 0.5, ""confidence"": 0.0, ""n_samples"": 0}, {""accuracy"": 1.0, ""bin_hi"": 0.7000000000000001, ""bin_lo"": 0.6000000000000001, ""confidence"": 0.6730238641690338, ""n_samples"": 2}, {""accuracy"": 1.0, ""bin_hi"": 0.8, ""bin_lo"": 0.7000000000000001, ""confidence"": 0.7184283033861696, ""n_samples"": 1}, {""accuracy"": 1.0, ""bin_hi"": 0.9, ""bin_lo"": 0.8, ""confidence"": 0.8878429073639356, ""n_samples"": 2}, {""accuracy"": 1.0, ""bin_hi"": 1.0, ""bin_lo"": 0.9, ""confidence"": 0.9987945778576525, ""n_samples"": 161}], ""ece"": 0.08660164602036384}",0.04700000000048021,success,
elkan_noto,sar-pi0.5-scalesmall,107,"{""base_estimator"": null, ""calibration_method"": ""isotonic"", ""eps"": 1e-12, ""mode"": ""weighted_retraining"", ""n_cv_folds"": 3}",linear,0.5,0.5,0.5,True,0,,,0.6543004996998452,,,,,0.345,False,-0.19141861374871083,0.8791208791208791,1.0,0.999425,0.845,0.8165680473372781,0.8122977346278317,0.9994312818972961,0.845,0.11478678139909522,0.15677015327598073,"{""buckets"": [{""accuracy"": 0.1031390134529148, ""bin_hi"": 0.1, ""bin_lo"": 0.0, ""confidence"": 0.002904527425152634, ""n_samples"": 223}, {""accuracy"": 1.0, ""bin_hi"": 0.2, ""bin_lo"": 0.1, ""confidence"": 0.14268259245746143, ""n_samples"": 13}, {""accuracy"": 1.0, ""bin_hi"": 0.30000000000000004, ""bin_lo"": 0.2, ""confidence"": 0.24882494268643932, ""n_samples"": 9}, {""accuracy"": 1.0, ""bin_hi"": 0.4, ""bin_lo"": 0.30000000000000004, ""confidence"": 0.3641246515246042, ""n_samples"": 6}, {""accuracy"": 1.0, ""bin_hi"": 0.5, ""bin_lo"": 0.4, ""confidence"": 0.44709101145539093, ""n_samples"": 11}, {""accuracy"": 1.0, ""bin_hi"": 0.6000000000000001, ""bin_lo"": 0.5, ""confidence"": 0.5354994174654285, ""n_samples"": 7}, {""accuracy"": 1.0, ""bin_hi"": 0.7000000000000001, ""bin_lo"": 0.6000000000000001, ""confidence"": 0.6410182512817144, ""n_samples"": 11}, {""accuracy"": 1.0, ""bin_hi"": 0.8, ""bin_lo"": 0.7000000000000001, ""confidence"": 0.7564940176717831, ""n_samples"": 7}, {""accuracy"": 1.0, ""bin_hi"": 0.9, ""bin_lo"": 0.8, ""confidence"": 0.8609756523942903, ""n_samples"": 11}, {""accuracy"": 1.0, ""bin_hi"": 1.0, ""bin_lo"": 0.9, ""confidence"": 0.9792283810403947, ""n_samples"": 102}], ""ece"": 0.15677015327598073}",0.04700000000048021,success,
elkan_noto,sar-pi0.5-scalesmall,108,"{""base_estimator"": null, ""calibration_method"": ""isotonic"", ""eps"": 1e-12, ""mode"": ""weighted_retraining"", ""n_cv_folds"": 3}",linear,0.5,0.5,0.5,True,0,,,0.6870416324726109,,,,,0.3575,False,-0.21583997837545615,0.8979591836734694,1.0,0.9991749999999999,0.8575,0.8338192419825073,0.8178807947019867,0.9991897878912027,0.8574999999999999,0.10508007038783655,0.15499038879127328,"{""buckets"": [{""accuracy"": 0.09090909090909091, ""bin_hi"": 0.1, ""bin_lo"": 0.0, ""confidence"": 0.0027457142513669474, ""n_samples"": 220}, {""accuracy"": 1.0, ""bin_hi"": 0.2, ""bin_lo"": 0.1, ""confidence"": 0.15176233334474448, ""n_samples"": 13}, {""accuracy"": 1.0, ""bin_hi"": 0.30000000000000004, ""bin_lo"": 0.2, ""confidence"": 0.2800672324036944, ""n_samples"": 4}, {""accuracy"": 1.0, ""bin_hi"": 0.4, ""bin_lo"": 0.30000000000000004, ""confidence"": 0.33727836147767515, ""n_samples"": 8}, {""accuracy"": 1.0, ""bin_hi"": 0.5, ""bin_lo"": 0.4, ""confidence"": 0.4546777470824523, ""n_samples"": 12}, {""accuracy"": 1.0, ""bin_hi"": 0.6000000000000001, ""bin_lo"": 0.5, ""confidence"": 0.551619163196176, ""n_samples"": 7}, {""accuracy"": 1.0, ""bin_hi"": 0.7000000000000001, ""bin_lo"": 0.6000000000000001, ""confidence"": 0.6594348211729705, ""n_samples"": 14}, {""accuracy"": 1.0, ""bin_hi"": 0.8, ""bin_lo"": 0.7000000000000001, ""confidence"": 0.7518681731692863, ""n_samples"": 14}, {""accuracy"": 1.0, ""bin_hi"": 0.9, ""bin_lo"": 0.8, ""confidence"": 0.8439238530097223, ""n_samples"": 21}, {""accuracy"": 1.0, ""bin_hi"": 1.0, ""bin_lo"": 0.9, ""confidence"": 0.9748307040449847, ""n_samples"": 87}], ""ece"": 0.15499038879127328}",0.032000000000152795,success,
elkan_noto,sar-pi0.5-scalesmall,109,"{""base_estimator"": null, ""calibration_method"": ""isotonic"", ""eps"": 1e-12, ""mode"": ""weighted_retraining"", ""n_cv_folds"": 3}",linear,0.5,0.5,0.5,True,0,,,0.6735566157142407,,,,,0.365,False,-0.19619785898855668,0.8888888888888888,1.0,0.9967,0.865,0.8439306358381503,0.8073089700996677,0.9969144069499851,0.865,0.11148493032154462,0.137159751733884,"{""buckets"": [{""accuracy"": 0.14893617021276595, ""bin_hi"": 0.1, ""bin_lo"": 0.0, ""confidence"": 0.0036558335907716137, ""n_samples"": 235}, {""accuracy"": 1.0, ""bin_hi"": 0.2, ""bin_lo"": 0.1, ""confidence"": 0.14807984289901904, ""n_samples"": 3}, {""accuracy"": 1.0, ""bin_hi"": 0.30000000000000004, ""bin_lo"": 0.2, ""confidence"": 0.2638310401740448, ""n_samples"": 5}, {""accuracy"": 1.0, ""bin_hi"": 0.4, ""bin_lo"": 0.30000000000000004, ""confidence"": 0.31973337550666, ""n_samples"": 4}, {""accuracy"": 1.0, ""bin_hi"": 0.5, ""bin_lo"": 0.4, ""confidence"": 0.4598568207882912, ""n_samples"": 7}, {""accuracy"": 1.0, ""bin_hi"": 0.6000000000000001, ""bin_lo"": 0.5, ""confidence"": 0.5514175881923716, ""n_samples"": 7}, {""accuracy"": 1.0, ""bin_hi"": 0.7000000000000001, ""bin_lo"": 0.6000000000000001, ""confidence"": 0.6076308530741029, ""n_samples"": 1}, {""accuracy"": 1.0, ""bin_hi"": 0.8, ""bin_lo"": 0.7000000000000001, ""confidence"": 0.7540759228077022, ""n_samples"": 7}, {""accuracy"": 1.0, ""bin_hi"": 0.9, ""bin_lo"": 0.8, ""confidence"": 0.8473487411935222, ""n_samples"": 10}, {""accuracy"": 1.0, ""bin_hi"": 1.0, ""bin_lo"": 0.9, ""confidence"": 0.9900502445743246, ""n_samples"": 121}], ""ece"": 0.137159751733884}",0.03099999999994907,success,
elkan_noto,sar-pi0.5-scalesmall,110,"{""base_estimator"": null, ""calibration_method"": ""isotonic"", ""eps"": 1e-12, ""mode"": ""weighted_retraining"", ""n_cv_folds"": 3}",linear,0.5,0.5,0.5,True,0,,,0.6752512501219936,,,,,0.3775,False,-0.2149313962873285,0.9047619047619048,1.0,0.9992000000000001,0.8775,0.8603988603988604,0.8101694915254237,0.9992381641423957,0.8775,0.08523650597653265,0.12066828034797202,"{""buckets"": [{""accuracy"": 0.07834101382488479, ""bin_hi"": 0.1, ""bin_lo"": 0.0, ""confidence"": 0.0014829815369091438, ""n_samples"": 217}, {""accuracy"": 1.0, ""bin_hi"": 0.2, ""bin_lo"": 0.1, ""confidence"": 0.1527497950130946, ""n_samples"": 5}, {""accuracy"": 1.0, ""bin_hi"": 0.30000000000000004, ""bin_lo"": 0.2, ""confidence"": 0.24654254780665527, ""n_samples"": 10}, {""accuracy"": 1.0, ""bin_hi"": 0.4, ""bin_lo"": 0.30000000000000004, ""confidence"": 0.35627496371525313, ""n_samples"": 6}, {""accuracy"": 1.0, ""bin_hi"": 0.5, ""bin_lo"": 0.4, ""confidence"": 0.44265062858776916, ""n_samples"": 11}, {""accuracy"": 1.0, ""bin_hi"": 0.6000000000000001, ""bin_lo"": 0.5, ""confidence"": 0.5628370231308913, ""n_samples"": 3}, {""accuracy"": 1.0, ""bin_hi"": 0.7000000000000001, ""bin_lo"": 0.6000000000000001, ""confidence"": 0.6503089310783049, ""n_samples"": 7}, {""accuracy"": 1.0, ""bin_hi"": 0.8, ""bin_lo"": 0.7000000000000001, ""confidence"": 0.7505518760992254, ""n_samples"": 11}, {""accuracy"": 1.0, ""bin_hi"": 0.9, ""bin_lo"": 0.8, ""confidence"": 0.8567001405225289, ""n_samples"": 15}, {""accuracy"": 1.0, ""bin_hi"": 1.0, ""bin_lo"": 0.9, ""confidence"": 0.9898056816134145, ""n_samples"": 115}], ""ece"": 0.12066828034797202}",0.04699999999957072,success,
elkan_noto,sar-pi0.5-scalesmall,111,"{""base_estimator"": null, ""calibration_method"": ""isotonic"", ""eps"": 1e-12, ""mode"": ""weighted_retraining"", ""n_cv_folds"": 3}",linear,0.5,0.5,0.5,True,0,,,0.668439949136975,,,,,0.3975,False,-0.20344782208185286,0.9215686274509803,1.0,0.9995999999999999,0.8975,0.8857938718662952,0.7818791946308725,0.9996162222680223,0.8975,0.09819115518259976,0.10630677727459914,"{""buckets"": [{""accuracy"": 0.15254237288135594, ""bin_hi"": 0.1, ""bin_lo"": 0.0, ""confidence"": 0.0010039900405217853, ""n_samples"": 236}, {""accuracy"": 1.0, ""bin_hi"": 0.2, ""bin_lo"": 0.1, ""confidence"": 0.1482971861022689, ""n_samples"": 2}, {""accuracy"": 1.0, ""bin_hi"": 0.30000000000000004, ""bin_lo"": 0.2, ""confidence"": 0.25784422465241236, ""n_samples"": 1}, {""accuracy"": 1.0, ""bin_hi"": 0.4, ""bin_lo"": 0.30000000000000004, ""confidence"": 0.3572233106904881, ""n_samples"": 2}, {""accuracy"": 0.0, ""bin_hi"": 0.5, ""bin_lo"": 0.4, ""confidence"": 0.0, ""n_samples"": 0}, {""accuracy"": 1.0, ""bin_hi"": 0.6000000000000001, ""bin_lo"": 0.5, ""confidence"": 0.5476125303304575, ""n_samples"": 2}, {""accuracy"": 1.0, ""bin_hi"": 0.7000000000000001, ""bin_lo"": 0.6000000000000001, ""confidence"": 0.656113542060079, ""n_samples"": 2}, {""accuracy"": 1.0, ""bin_hi"": 0.8, ""bin_lo"": 0.7000000000000001, ""confidence"": 0.7536227742158066, ""n_samples"": 3}, {""accuracy"": 1.0, ""bin_hi"": 0.9, ""bin_lo"": 0.8, ""confidence"": 0.8399442108539874, ""n_samples"": 2}, {""accuracy"": 1.0, ""bin_hi"": 1.0, ""bin_lo"": 0.9, ""confidence"": 0.9974883555548187, ""n_samples"": 150}], ""ece"": 0.10630677727459914}",0.04699999999957072,success,
elkan_noto,sar-pi0.5-scalesmall,112,"{""base_estimator"": null, ""calibration_method"": ""isotonic"", ""eps"": 1e-12, ""mode"": ""weighted_retraining"", ""n_cv_folds"": 3}",linear,0.5,0.5,0.5,True,0,,,0.6647301670270356,,,,,0.4025,False,-0.17535325826927373,0.897196261682243,1.0,0.9985999999999999,0.9025,0.8919667590027701,0.7781569965870307,0.9985810660524548,0.9025000000000001,0.07956535885222041,0.09917200000536844,"{""buckets"": [{""accuracy"": 0.09954751131221719, ""bin_hi"": 0.1, ""bin_lo"": 0.0, ""confidence"": 0.002302157091000266, ""n_samples"": 221}, {""accuracy"": 0.75, ""bin_hi"": 0.2, ""bin_lo"": 0.1, ""confidence"": 0.13357408291026301, ""n_samples"": 4}, {""accuracy"": 1.0, ""bin_hi"": 0.30000000000000004, ""bin_lo"": 0.2, ""confidence"": 0.25530881901703467, ""n_samples"": 8}, {""accuracy"": 1.0, ""bin_hi"": 0.4, ""bin_lo"": 0.30000000000000004, ""confidence"": 0.33777484509310934, ""n_samples"": 3}, {""accuracy"": 1.0, ""bin_hi"": 0.5, ""bin_lo"": 0.4, ""confidence"": 0.4668257982841679, ""n_samples"": 3}, {""accuracy"": 1.0, ""bin_hi"": 0.6000000000000001, ""bin_lo"": 0.5, ""confidence"": 0.5354998043899375, ""n_samples"": 4}, {""accuracy"": 1.0, ""bin_hi"": 0.7000000000000001, ""bin_lo"": 0.6000000000000001, ""confidence"": 0.6184562288977673, ""n_samples"": 4}, {""accuracy"": 1.0, ""bin_hi"": 0.8, ""bin_lo"": 0.7000000000000001, ""confidence"": 0.7711871005464391, ""n_samples"": 4}, {""accuracy"": 1.0, ""bin_hi"": 0.9, ""bin_lo"": 0.8, ""confidence"": 0.8521336033087682, ""n_samples"": 8}, {""accuracy"": 1.0, ""bin_hi"": 1.0, ""bin_lo"": 0.9, ""confidence"": 0.9951362631562105, ""n_samples"": 141}], ""ece"": 0.09917200000536844}",0.04699999999957072,success,
elkan_noto,sar-pi0.5-scalesmall,113,"{""base_estimator"": null, ""calibration_method"": ""isotonic"", ""eps"": 1e-12, ""mode"": ""weighted_retraining"", ""n_cv_folds"": 3}",linear,0.5,0.5,0.5,True,0,,,0.6404115383349553,,,,,0.415,False,-0.20282485875706213,0.9333333333333333,1.0,0.99895,0.915,0.907103825136612,0.7694915254237288,0.9989569349258357,0.915,0.05930761903407428,0.08925873219144118,"{""buckets"": [{""accuracy"": 0.06132075471698113, ""bin_hi"": 0.1, ""bin_lo"": 0.0, ""confidence"": 0.0027671974766172148, ""n_samples"": 212}, {""accuracy"": 0.6666666666666666, ""bin_hi"": 0.2, ""bin_lo"": 0.1, ""confidence"": 0.1497916751335066, ""n_samples"": 3}, {""accuracy"": 1.0, ""bin_hi"": 0.30000000000000004, ""bin_lo"": 0.2, ""confidence"": 0.2640673913061068, ""n_samples"": 5}, {""accuracy"": 1.0, ""bin_hi"": 0.4, ""bin_lo"": 0.30000000000000004, ""confidence"": 0.382161871050474, ""n_samples"": 4}, {""accuracy"": 1.0, ""bin_hi"": 0.5, ""bin_lo"": 0.4, ""confidence"": 0.456972375492135, ""n_samples"": 10}, {""accuracy"": 1.0, ""bin_hi"": 0.6000000000000001, ""bin_lo"": 0.5, ""confidence"": 0.5280419933133644, ""n_samples"": 7}, {""accuracy"": 1.0, ""bin_hi"": 0.7000000000000001, ""bin_lo"": 0.6000000000000001, ""confidence"": 0.6431068805873681, ""n_samples"": 5}, {""accuracy"": 1.0, ""bin_hi"": 0.8, ""bin_lo"": 0.7000000000000001, ""confidence"": 0.756971065631014, ""n_samples"": 8}, {""accuracy"": 1.0, ""bin_hi"": 0.9, ""bin_lo"": 0.8, ""confidence"": 0.8649129828518567, ""n_samples"": 12}, {""accuracy"": 1.0, ""bin_hi"": 1.0, ""bin_lo"": 0.9, ""confidence"": 0.9887703385218328, ""n_samples"": 134}], ""ece"": 0.08925873219144118}",0.03099999999994907,success,
elkan_noto,sar-pi0.5-scalesmall,114,"{""base_estimator"": null, ""calibration_method"": ""isotonic"", ""eps"": 1e-12, ""mode"": ""weighted_retraining"", ""n_cv_folds"": 3}",linear,0.5,0.5,0.5,True,0,,,0.6769420131363119,,,,,0.39,False,-0.21089588377723967,0.9142857142857143,1.0,0.99535,0.885,0.8707865168539326,0.7966101694915254,0.9951133752362528,0.885,0.10067098173573484,0.10878408175351209,"{""buckets"": [{""accuracy"": 0.1459227467811159, ""bin_hi"": 0.1, ""bin_lo"": 0.0, ""confidence"": 0.0015947443139612786, ""n_samples"": 233}, {""accuracy"": 1.0, ""bin_hi"": 0.2, ""bin_lo"": 0.1, ""confidence"": 0.16803771829494335, ""n_samples"": 2}, {""accuracy"": 1.0, ""bin_hi"": 0.30000000000000004, ""bin_lo"": 0.2, ""confidence"": 0.25553413875610864, ""n_samples"": 4}, {""accuracy"": 1.0, ""bin_hi"": 0.4, ""bin_lo"": 0.30000000000000004, ""confidence"": 0.3187908406232211, ""n_samples"": 2}, {""accuracy"": 1.0, ""bin_hi"": 0.5, ""bin_lo"": 0.4, ""confidence"": 0.4790826769414946, ""n_samples"": 3}, {""accuracy"": 1.0, ""bin_hi"": 0.6000000000000001, ""bin_lo"": 0.5, ""confidence"": 0.5507061574971686, ""n_samples"": 2}, {""accuracy"": 1.0, ""bin_hi"": 0.7000000000000001, ""bin_lo"": 0.6000000000000001, ""confidence"": 0.6420302233893712, ""n_samples"": 1}, {""accuracy"": 1.0, ""bin_hi"": 0.8, ""bin_lo"": 0.7000000000000001, ""confidence"": 0.7673383569794318, ""n_samples"": 1}, {""accuracy"": 1.0, ""bin_hi"": 0.9, ""bin_lo"": 0.8, ""confidence"": 0.8830050426728606, ""n_samples"": 1}, {""accuracy"": 0.9933774834437086, ""bin_hi"": 1.0, ""bin_lo"": 0.9, ""confidence"": 0.9980929521078084, ""n_samples"": 151}], ""ece"": 0.10878408175351209}",0.04700000000048021,success,
elkan_noto,sar-pi0.5-scalesmall,115,"{""base_estimator"": null, ""calibration_method"": ""isotonic"", ""eps"": 1e-12, ""mode"": ""weighted_retraining"", ""n_cv_folds"": 3}",linear,0.5,0.5,0.5,True,0,,,0.6510992572381715,,,,,0.3425,False,-0.17038396386222476,0.8586956521739131,1.0,0.99945,0.8425,0.8130563798219584,0.8116883116883117,0.9994457567581304,0.8425,0.10799875887665344,0.15812448609301205,"{""buckets"": [{""accuracy"": 0.06976744186046512, ""bin_hi"": 0.1, ""bin_lo"": 0.0, ""confidence"": 0.003582804779177766, ""n_samples"": 215}, {""accuracy"": 1.0, ""bin_hi"": 0.2, ""bin_lo"": 0.1, ""confidence"": 0.1486140436596477, ""n_samples"": 16}, {""accuracy"": 1.0, ""bin_hi"": 0.30000000000000004, ""bin_lo"": 0.2, ""confidence"": 0.2447982057473321, ""n_samples"": 11}, {""accuracy"": 1.0, ""bin_hi"": 0.4, ""bin_lo"": 0.30000000000000004, ""confidence"": 0.3607874927722605, ""n_samples"": 11}, {""accuracy"": 1.0, ""bin_hi"": 0.5, ""bin_lo"": 0.4, ""confidence"": 0.4609451722484632, ""n_samples"": 10}, {""accuracy"": 1.0, ""bin_hi"": 0.6000000000000001, ""bin_lo"": 0.5, ""confidence"": 0.5468183495803692, ""n_samples"": 9}, {""accuracy"": 1.0, ""bin_hi"": 0.7000000000000001, ""bin_lo"": 0.6000000000000001, ""confidence"": 0.6572380975671271, ""n_samples"": 9}, {""accuracy"": 1.0, ""bin_hi"": 0.8, ""bin_lo"": 0.7000000000000001, ""confidence"": 0.7516773068176646, ""n_samples"": 9}, {""accuracy"": 1.0, ""bin_hi"": 0.9, ""bin_lo"": 0.8, ""confidence"": 0.8542856302534817, ""n_samples"": 19}, {""accuracy"": 1.0, ""bin_hi"": 1.0, ""bin_lo"": 0.9, ""confidence"": 0.9725071721979655, ""n_samples"": 91}], ""ece"": 0.15812448609301205}",0.046000000000276486,success,
elkan_noto,sar-pi0.5-scalesmall,116,"{""base_estimator"": null, ""calibration_method"": ""isotonic"", ""eps"": 1e-12, ""mode"": ""weighted_retraining"", ""n_cv_folds"": 3}",linear,0.5,0.5,0.5,True,0,,,0.6448140871193567,,,,,0.405,False,-0.19338070798789314,0.9215686274509803,1.0,0.998475,0.905,0.8950276243093923,0.7718120805369127,0.9987575406291984,0.905,0.08849837289428926,0.09927242393479072,"{""buckets"": [{""accuracy"": 0.13043478260869565, ""bin_hi"": 0.1, ""bin_lo"": 0.0, ""confidence"": 0.000987085560457655, ""n_samples"": 230}, {""accuracy"": 1.0, ""bin_hi"": 0.2, ""bin_lo"": 0.1, ""confidence"": 0.1570864853663116, ""n_samples"": 4}, {""accuracy"": 1.0, ""bin_hi"": 0.30000000000000004, ""bin_lo"": 0.2, ""confidence"": 0.27380979265947575, ""n_samples"": 3}, {""accuracy"": 0.0, ""bin_hi"": 0.4, ""bin_lo"": 0.30000000000000004, ""confidence"": 0.0, ""n_samples"": 0}, {""accuracy"": 1.0, ""bin_hi"": 0.5, ""bin_lo"": 0.4, ""confidence"": 0.44281394468309004, ""n_samples"": 1}, {""accuracy"": 1.0, ""bin_hi"": 0.6000000000000001, ""bin_lo"": 0.5, ""confidence"": 0.5641339831155641, ""n_samples"": 2}, {""accuracy"": 1.0, ""bin_hi"": 0.7000000000000001, ""bin_lo"": 0.6000000000000001, ""confidence"": 0.6560788076292599, ""n_samples"": 3}, {""accuracy"": 1.0, ""bin_hi"": 0.8, ""bin_lo"": 0.7000000000000001, ""confidence"": 0.7103891342973158, ""n_samples"": 3}, {""accuracy"": 1.0, ""bin_hi"": 0.9, ""bin_lo"": 0.8, ""confidence"": 0.8526284165741709, ""n_samples"": 4}, {""accuracy"": 1.0, ""bin_hi"": 1.0, ""bin_lo"": 0.9, ""confidence"": 0.9968881734982944, ""n_samples"": 150}], ""ece"": 0.09927242393479072}",0.04700000000048021,success,
elkan_noto,sar-pi0.5-scalesmall,117,"{""base_estimator"": null, ""calibration_method"": ""isotonic"", ""eps"": 1e-12, ""mode"": ""weighted_retraining"", ""n_cv_folds"": 3}",linear,0.5,0.5,0.5,True,0,,,0.6402221360457115,,,,,0.415,False,-0.17700996903814092,0.9278350515463918,1.0,0.99815,0.915,0.907103825136612,0.7491749174917491,0.9982638137779366,0.915,0.0828478645372237,0.08434721780345524,"{""buckets"": [{""accuracy"": 0.13793103448275862, ""bin_hi"": 0.1, ""bin_lo"": 0.0, ""confidence"": 0.0001554060658998172, ""n_samples"": 232}, {""accuracy"": 1.0, ""bin_hi"": 0.2, ""bin_lo"": 0.1, ""confidence"": 0.15792008277953304, ""n_samples"": 1}, {""accuracy"": 0.0, ""bin_hi"": 0.30000000000000004, ""bin_lo"": 0.2, ""confidence"": 0.0, ""n_samples"": 0}, {""accuracy"": 1.0, ""bin_hi"": 0.4, ""bin_lo"": 0.30000000000000004, ""confidence"": 0.3133207618619926, ""n_samples"": 1}, {""accuracy"": 0.0, ""bin_hi"": 0.5, ""bin_lo"": 0.4, ""confidence"": 0.0, ""n_samples"": 0}, {""accuracy"": 0.0, ""bin_hi"": 0.6000000000000001, ""bin_lo"": 0.5, ""confidence"": 0.0, ""n_samples"": 0}, {""accuracy"": 0.0, ""bin_hi"": 0.7000000000000001, ""bin_lo"": 0.6000000000000001, ""confidence"": 0.0, ""n_samples"": 0}, {""accuracy"": 0.0, ""bin_hi"": 0.8, ""bin_lo"": 0.7000000000000001, ""confidence"": 0.0, ""n_samples"": 0}, {""accuracy"": 1.0, ""bin_hi"": 0.9, ""bin_lo"": 0.8, ""confidence"": 0.8349921371057591, ""n_samples"": 1}, {""accuracy"": 1.0, ""bin_hi"": 1.0, ""bin_lo"": 0.9, ""confidence"": 0.9995080344823143, ""n_samples"": 165}], ""ece"": 0.08434721780345524}",0.046000000000276486,success,
elkan_noto,sar-pi0.5-scalesmall,118,"{""base_estimator"": null, ""calibration_method"": ""isotonic"", ""eps"": 1e-12, ""mode"": ""weighted_retraining"", ""n_cv_folds"": 3}",linear,0.5,0.5,0.5,True,0,,,0.5978102437024531,,,,,0.4075,False,-0.11787678189905781,0.8817204301075269,1.0,0.9996499999999999,0.9075,0.8980716253443526,0.7361563517915309,0.9996557822139165,0.9075,0.06594159164420857,0.11546372495075571,"{""buckets"": [{""accuracy"": 0.02926829268292683, ""bin_hi"": 0.1, ""bin_lo"": 0.0, ""confidence"": 0.0025846095316215917, ""n_samples"": 205}, {""accuracy"": 0.8888888888888888, ""bin_hi"": 0.2, ""bin_lo"": 0.1, ""confidence"": 0.14576910629917947, ""n_samples"": 9}, {""accuracy"": 1.0, ""bin_hi"": 0.30000000000000004, ""bin_lo"": 0.2, ""confidence"": 0.2566799721115677, ""n_samples"": 8}, {""accuracy"": 1.0, ""bin_hi"": 0.4, ""bin_lo"": 0.30000000000000004, ""confidence"": 0.34936594556793044, ""n_samples"": 11}, {""accuracy"": 1.0, ""bin_hi"": 0.5, ""bin_lo"": 0.4, ""confidence"": 0.45698017564604754, ""n_samples"": 4}, {""accuracy"": 1.0, ""bin_hi"": 0.6000000000000001, ""bin_lo"": 0.5, ""confidence"": 0.5506144191666628, ""n_samples"": 9}, {""accuracy"": 1.0, ""bin_hi"": 0.7000000000000001, ""bin_lo"": 0.6000000000000001, ""confidence"": 0.6571036045443204, ""n_samples"": 11}, {""accuracy"": 1.0, ""bin_hi"": 0.8, ""bin_lo"": 0.7000000000000001, ""confidence"": 0.7409149332653755, ""n_samples"": 16}, {""accuracy"": 1.0, ""bin_hi"": 0.9, ""bin_lo"": 0.8, ""confidence"": 0.8497358246737164, ""n_samples"": 24}, {""accuracy"": 1.0, ""bin_hi"": 1.0, ""bin_lo"": 0.9, ""confidence"": 0.9690911561300584, ""n_samples"": 103}], ""ece"": 0.11546372495075571}",0.03099999999994907,success,
elkan_noto,sar-pi0.5-scalesmall,119,"{""base_estimator"": null, ""calibration_method"": ""isotonic"", ""eps"": 1e-12, ""mode"": ""weighted_retraining"", ""n_cv_folds"": 3}",linear,0.5,0.5,0.5,True,0,,,0.6192126705354166,,,,,0.38,False,-0.19920734251147265,0.9148936170212766,1.0,0.9978,0.88,0.8636363636363636,0.7843137254901961,0.9981298145115168,0.88,0.09641032435870268,0.12012794151728945,"{""buckets"": [{""accuracy"": 0.11894273127753303, ""bin_hi"": 0.1, ""bin_lo"": 0.0, ""confidence"": 0.0034576901526404006, ""n_samples"": 227}, {""accuracy"": 1.0, ""bin_hi"": 0.2, ""bin_lo"": 0.1, ""confidence"": 0.13193176637479018, ""n_samples"": 7}, {""accuracy"": 1.0, ""bin_hi"": 0.30000000000000004, ""bin_lo"": 0.2, ""confidence"": 0.25033974100250866, ""n_samples"": 4}, {""accuracy"": 1.0, ""bin_hi"": 0.4, ""bin_lo"": 0.30000000000000004, ""confidence"": 0.3614999160338468, ""n_samples"": 7}, {""accuracy"": 1.0, ""bin_hi"": 0.5, ""bin_lo"": 0.4, ""confidence"": 0.40343589388478734, ""n_samples"": 3}, {""accuracy"": 1.0, ""bin_hi"": 0.6000000000000001, ""bin_lo"": 0.5, ""confidence"": 0.5685329786088092, ""n_samples"": 3}, {""accuracy"": 1.0, ""bin_hi"": 0.7000000000000001, ""bin_lo"": 0.6000000000000001, ""confidence"": 0.6403268345790138, ""n_samples"": 4}, {""accuracy"": 1.0, ""bin_hi"": 0.8, ""bin_lo"": 0.7000000000000001, ""confidence"": 0.7561217083353093, ""n_samples"": 4}, {""accuracy"": 1.0, ""bin_hi"": 0.9, ""bin_lo"": 0.8, ""confidence"": 0.8638903581925885, ""n_samples"": 11}, {""accuracy"": 1.0, ""bin_hi"": 1.0, ""bin_lo"": 0.9, ""confidence"": 0.9900311712177523, ""n_samples"": 130}], ""ece"": 0.12012794151728945}",0.046000000000276486,success,
elkan_noto,sar-pi0.5-scalemid,100,"{""base_estimator"": null, ""calibration_method"": ""isotonic"", ""eps"": 1e-12, ""mode"": ""weighted_retraining"", ""n_cv_folds"": 3}",linear,0.5,0.5,0.5,True,0,,,0.6572471082473187,,,,,0.38,False,-0.19270968861132798,0.9036885245901639,1.0,0.9988840000000001,0.88,0.8636363636363636,0.7890211640211641,0.9989649774657482,0.88,0.11746968059796302,0.12070566144629075,"{""buckets"": [{""accuracy"": 0.18633034987794955, ""bin_hi"": 0.1, ""bin_lo"": 0.0, ""confidence"": 0.0003888171470822063, ""n_samples"": 1229}, {""accuracy"": 1.0, ""bin_hi"": 0.2, ""bin_lo"": 0.1, ""confidence"": 0.16940127610689526, ""n_samples"": 5}, {""accuracy"": 1.0, ""bin_hi"": 0.30000000000000004, ""bin_lo"": 0.2, ""confidence"": 0.2042561992501088, ""n_samples"": 1}, {""accuracy"": 1.0, ""bin_hi"": 0.4, ""bin_lo"": 0.30000000000000004, ""confidence"": 0.374695154461653, ""n_samples"": 2}, {""accuracy"": 1.0, ""bin_hi"": 0.5, ""bin_lo"": 0.4, ""confidence"": 0.4707438619105373, ""n_samples"": 3}, {""accuracy"": 1.0, ""bin_hi"": 0.6000000000000001, ""bin_lo"": 0.5, ""confidence"": 0.564342835461718, ""n_samples"": 2}, {""accuracy"": 1.0, ""bin_hi"": 0.7000000000000001, ""bin_lo"": 0.6000000000000001, ""confidence"": 0.6317917227102432, ""n_samples"": 2}, {""accuracy"": 1.0, ""bin_hi"": 0.8, ""bin_lo"": 0.7000000000000001, ""confidence"": 0.7540899684873064, ""n_samples"": 4}, {""accuracy"": 1.0, ""bin_hi"": 0.9, ""bin_lo"": 0.8, ""confidence"": 0.867011696708654, ""n_samples"": 12}, {""accuracy"": 1.0, ""bin_hi"": 1.0, ""bin_lo"": 0.9, ""confidence"": 0.9987637392005648, ""n_samples"": 740}], ""ece"": 0.12070566144629075}",0.06300000000010186,success,
elkan_noto,sar-pi0.5-scalemid,101,"{""base_estimator"": null, ""calibration_method"": ""isotonic"", ""eps"": 1e-12, ""mode"": ""weighted_retraining"", ""n_cv_folds"": 3}",linear,0.5,0.5,0.5,True,0,,,0.6573764515892285,,,,,0.378,False,-0.1842931594670621,0.8966942148760331,1.0,0.999217,0.878,0.8610478359908884,0.787598944591029,0.9992081621170877,0.878,0.11949592446863594,0.12278381228854533,"{""buckets"": [{""accuracy"": 0.18699186991869918, ""bin_hi"": 0.1, ""bin_lo"": 0.0, ""confidence"": 0.0005890630951858677, ""n_samples"": 1230}, {""accuracy"": 1.0, ""bin_hi"": 0.2, ""bin_lo"": 0.1, ""confidence"": 0.13783023116005122, ""n_samples"": 8}, {""accuracy"": 1.0, ""bin_hi"": 0.30000000000000004, ""bin_lo"": 0.2, ""confidence"": 0.21958941019716463, ""n_samples"": 3}, {""accuracy"": 1.0, ""bin_hi"": 0.4, ""bin_lo"": 0.30000000000000004, ""confidence"": 0.3661577306659576, ""n_samples"": 3}, {""accuracy"": 0.0, ""bin_hi"": 0.5, ""bin_lo"": 0.4, ""confidence"": 0.0, ""n_samples"": 0}, {""accuracy"": 1.0, ""bin_hi"": 0.6000000000000001, ""bin_lo"": 0.5, ""confidence"": 0.580818477434276, ""n_samples"": 2}, {""accuracy"": 1.0, ""bin_hi"": 0.7000000000000001, ""bin_lo"": 0.6000000000000001, ""confidence"": 0.6589526720423343, ""n_samples"": 5}, {""accuracy"": 1.0, ""bin_hi"": 0.8, ""bin_lo"": 0.7000000000000001, ""confidence"": 0.7557396536082435, ""n_samples"": 7}, {""accuracy"": 1.0, ""bin_hi"": 0.9, ""bin_lo"": 0.8, ""confidence"": 0.8568369217400705, ""n_samples"": 1}, {""accuracy"": 1.0, ""bin_hi"": 1.0, ""bin_lo"": 0.9, ""confidence"": 0.9989804719728514, ""n_samples"": 741}], ""ece"": 0.12278381228854533}",0.06300000000010186,success,
elkan_noto,sar-pi0.5-scalemid,102,"{""base_estimator"": null, ""calibration_method"": ""isotonic"", ""eps"": 1e-12, ""mode"": ""weighted_retraining"", ""n_cv_folds"": 3}",linear,0.5,0.5,0.5,True,0,,,0.6643009289669599,,,,,0.4045,False,-0.20525971691020234,0.9281553398058252,1.0,0.9992,0.9045,0.8944168048645661,0.7771043771043771,0.9991992994863522,0.9045000000000001,0.09306284772455665,0.09475781436166923,"{""buckets"": [{""accuracy"": 0.15254237288135594, ""bin_hi"": 0.1, ""bin_lo"": 0.0, ""confidence"": 0.00019267055372939243, ""n_samples"": 1180}, {""accuracy"": 1.0, ""bin_hi"": 0.2, ""bin_lo"": 0.1, ""confidence"": 0.15692348823407695, ""n_samples"": 5}, {""accuracy"": 1.0, ""bin_hi"": 0.30000000000000004, ""bin_lo"": 0.2, ""confidence"": 0.2173582623279724, ""n_samples"": 1}, {""accuracy"": 1.0, ""bin_hi"": 0.4, ""bin_lo"": 0.30000000000000004, ""confidence"": 0.36377448108347327, ""n_samples"": 3}, {""accuracy"": 1.0, ""bin_hi"": 0.5, ""bin_lo"": 0.4, ""confidence"": 0.4583161075576768, ""n_samples"": 2}, {""accuracy"": 1.0, ""bin_hi"": 0.6000000000000001, ""bin_lo"": 0.5, ""confidence"": 0.5365798648669997, ""n_samples"": 2}, {""accuracy"": 1.0, ""bin_hi"": 0.7000000000000001, ""bin_lo"": 0.6000000000000001, ""confidence"": 0.6721754835153239, ""n_samples"": 1}, {""accuracy"": 0.0, ""bin_hi"": 0.8, ""bin_lo"": 0.7000000000000001, ""confidence"": 0.0, ""n_samples"": 0}, {""accuracy"": 1.0, ""bin_hi"": 0.9, ""bin_lo"": 0.8, ""confidence"": 0.8634343685868043, ""n_samples"": 2}, {""accuracy"": 1.0, ""bin_hi"": 1.0, ""bin_lo"": 0.9, ""confidence"": 0.9997200058594201, ""n_samples"": 804}], ""ece"": 0.09475781436166923}",0.06300000000010186,success,
elkan_noto,sar-pi0.5-scalemid,103,"{""base_estimator"": null, ""calibration_method"": ""isotonic"", ""eps"": 1e-12, ""mode"": ""weighted_retraining"", ""n_cv_folds"": 3}",linear,0.5,0.5,0.5,True,0,,,0.6560590999436124,,,,,0.3705,False,-0.1840171209582428,0.8924050632911392,1.0,0.999325,0.8705,0.8512349224583573,0.7916120576671035,0.9993525549196026,0.8705,0.12503543464485525,0.1294806978504899,"{""buckets"": [{""accuracy"": 0.1935483870967742, ""bin_hi"": 0.1, ""bin_lo"": 0.0, ""confidence"": 0.0005610338528780775, ""n_samples"": 1240}, {""accuracy"": 1.0, ""bin_hi"": 0.2, ""bin_lo"": 0.1, ""confidence"": 0.15892985000987447, ""n_samples"": 5}, {""accuracy"": 1.0, ""bin_hi"": 0.30000000000000004, ""bin_lo"": 0.2, ""confidence"": 0.2478908189814853, ""n_samples"": 5}, {""accuracy"": 1.0, ""bin_hi"": 0.4, ""bin_lo"": 0.30000000000000004, ""confidence"": 0.3724317503216793, ""n_samples"": 4}, {""accuracy"": 1.0, ""bin_hi"": 0.5, ""bin_lo"": 0.4, ""confidence"": 0.43653395929352234, ""n_samples"": 5}, {""accuracy"": 1.0, ""bin_hi"": 0.6000000000000001, ""bin_lo"": 0.5, ""confidence"": 0.5584880009704494, ""n_samples"": 5}, {""accuracy"": 1.0, ""bin_hi"": 0.7000000000000001, ""bin_lo"": 0.6000000000000001, ""confidence"": 0.6433714770169409, ""n_samples"": 3}, {""accuracy"": 1.0, ""bin_hi"": 0.8, ""bin_lo"": 0.7000000000000001, ""confidence"": 0.7731352465974332, ""n_samples"": 7}, {""accuracy"": 1.0, ""bin_hi"": 0.9, ""bin_lo"": 0.8, ""confidence"": 0.8543459831846313, ""n_samples"": 7}, {""accuracy"": 1.0, ""bin_hi"": 1.0, ""bin_lo"": 0.9, ""confidence"": 0.9993344911465406, ""n_samples"": 719}], ""ece"": 0.1294806978504899}",0.06300000000010186,success,
elkan_noto,sar-pi0.5-scalemid,104,"{""base_estimator"": null, ""calibration_method"": ""isotonic"", ""eps"": 1e-12, ""mode"": ""weighted_retraining"", ""n_cv_folds"": 3}",linear,0.5,0.5,0.5,True,0,,,0.6479067714175658,,,,,0.3845,False,-0.15264465624247092,0.8762677484787018,1.0,0.9991260000000001,0.8845,0.8694177501413228,0.7763769077637691,0.9991374410284762,0.8845000000000001,0.10568560642600702,0.11576142324361643,"{""buckets"": [{""accuracy"": 0.15754001684919966, ""bin_hi"": 0.1, ""bin_lo"": 0.0, ""confidence"": 0.001457691591733454, ""n_samples"": 1187}, {""accuracy"": 1.0, ""bin_hi"": 0.2, ""bin_lo"": 0.1, ""confidence"": 0.1392862525390561, ""n_samples"": 16}, {""accuracy"": 1.0, ""bin_hi"": 0.30000000000000004, ""bin_lo"": 0.2, ""confidence"": 0.2549764204047928, ""n_samples"": 7}, {""accuracy"": 1.0, ""bin_hi"": 0.4, ""bin_lo"": 0.30000000000000004, ""confidence"": 0.3490888303497411, ""n_samples"": 10}, {""accuracy"": 1.0, ""bin_hi"": 0.5, ""bin_lo"": 0.4, ""confidence"": 0.434770873949568, ""n_samples"": 11}, {""accuracy"": 1.0, ""bin_hi"": 0.6000000000000001, ""bin_lo"": 0.5, ""confidence"": 0.5609683895275416, ""n_samples"": 10}, {""accuracy"": 1.0, ""bin_hi"": 0.7000000000000001, ""bin_lo"": 0.6000000000000001, ""confidence"": 0.6490639064994306, ""n_samples"": 11}, {""accuracy"": 1.0, ""bin_hi"": 0.8, ""bin_lo"": 0.7000000000000001, ""confidence"": 0.7568139623283426, ""n_samples"": 8}, {""accuracy"": 1.0, ""bin_hi"": 0.9, ""bin_lo"": 0.8, ""confidence"": 0.8514639272985967, ""n_samples"": 15}, {""accuracy"": 1.0, ""bin_hi"": 1.0, ""bin_lo"": 0.9, ""confidence"": 0.9970817009904878, ""n_samples"": 725}], ""ece"": 0.11576142324361643}",0.04699999999957072,success,
elkan_noto,sar-pi0.5-scalemid,105,"{""base_estimator"": null, ""calibration_method"": ""isotonic"", ""eps"": 1e-12, ""mode"": ""weighted_retraining"", ""n_cv_folds"": 3}",linear,0.5,0.5,0.5,True,0,,,0.6525156050140007,,,,,0.3935,False,-0.17820006790595028,0.9007936507936508,1.0,0.999273,0.8935,0.8808058198097369,0.7774064171122995,0.9992664023633937,0.8935,0.10294543810283617,0.10730386284777156,"{""buckets"": [{""accuracy"": 0.16387959866220736, ""bin_hi"": 0.1, ""bin_lo"": 0.0, ""confidence"": 0.000555643714168952, ""n_samples"": 1196}, {""accuracy"": 1.0, ""bin_hi"": 0.2, ""bin_lo"": 0.1, ""confidence"": 0.12549776495027634, ""n_samples"": 6}, {""accuracy"": 1.0, ""bin_hi"": 0.30000000000000004, ""bin_lo"": 0.2, ""confidence"": 0.23986041934111568, ""n_samples"": 4}, {""accuracy"": 1.0, ""bin_hi"": 0.4, ""bin_lo"": 0.30000000000000004, ""confidence"": 0.3438290049976256, ""n_samples"": 3}, {""accuracy"": 1.0, ""bin_hi"": 0.5, ""bin_lo"": 0.4, ""confidence"": 0.45872800278493064, ""n_samples"": 4}, {""accuracy"": 1.0, ""bin_hi"": 0.6000000000000001, ""bin_lo"": 0.5, ""confidence"": 0.5492795934690302, ""n_samples"": 2}, {""accuracy"": 1.0, ""bin_hi"": 0.7000000000000001, ""bin_lo"": 0.6000000000000001, ""confidence"": 0.6613825551662126, ""n_samples"": 6}, {""accuracy"": 1.0, ""bin_hi"": 0.8, ""bin_lo"": 0.7000000000000001, ""confidence"": 0.7364023314793825, ""n_samples"": 6}, {""accuracy"": 1.0, ""bin_hi"": 0.9, ""bin_lo"": 0.8, ""confidence"": 0.8401070848744072, ""n_samples"": 9}, {""accuracy"": 1.0, ""bin_hi"": 1.0, ""bin_lo"": 0.9, ""confidence"": 0.9988254775633911, ""n_samples"": 764}], ""ece"": 0.10730386284777156}",0.07799999999951979,success,
elkan_noto,sar-pi0.5-scalemid,106,"{""base_estimator"": null, ""calibration_method"": ""isotonic"", ""eps"": 1e-12, ""mode"": ""weighted_retraining"", ""n_cv_folds"": 3}",linear,0.5,0.5,0.5,True,0,,,0.6621576805726368,,,,,0.399,False,-0.20271896307867682,0.9232283464566929,1.0,0.999248,0.899,0.8876529477196885,0.7794906166219839,0.9992619244765918,0.899,0.09936271192733048,0.10125049540571807,"{""buckets"": [{""accuracy"": 0.16387959866220736, ""bin_hi"": 0.1, ""bin_lo"": 0.0, ""confidence"": 0.0002957388926428227, ""n_samples"": 1196}, {""accuracy"": 1.0, ""bin_hi"": 0.2, ""bin_lo"": 0.1, ""confidence"": 0.16972712235174864, ""n_samples"": 1}, {""accuracy"": 0.0, ""bin_hi"": 0.30000000000000004, ""bin_lo"": 0.2, ""confidence"": 0.0, ""n_samples"": 0}, {""accuracy"": 1.0, ""bin_hi"": 0.4, ""bin_lo"": 0.30000000000000004, ""confidence"": 0.36007334752418085, ""n_samples"": 3}, {""accuracy"": 1.0, ""bin_hi"": 0.5, ""bin_lo"": 0.4, ""confidence"": 0.4539146399624167, ""n_samples"": 2}, {""accuracy"": 1.0, ""bin_hi"": 0.6000000000000001, ""bin_lo"": 0.5, ""confidence"": 0.5519015632681389, ""n_samples"": 2}, {""accuracy"": 1.0, ""bin_hi"": 0.7000000000000001, ""bin_lo"": 0.6000000000000001, ""confidence"": 0.6805981437040969, ""n_samples"": 3}, {""accuracy"": 1.0, ""bin_hi"": 0.8, ""bin_lo"": 0.7000000000000001, ""confidence"": 0.7573151009942176, ""n_samples"": 2}, {""accuracy"": 1.0, ""bin_hi"": 0.9, ""bin_lo"": 0.8, ""confidence"": 0.8648538345967851, ""n_samples"": 3}, {""accuracy"": 1.0, ""bin_hi"": 1.0, ""bin_lo"": 0.9, ""confidence"": 0.9996608372648307, ""n_samples"": 788}], ""ece"": 0.10125049540571807}",0.06300000000010186,success,
elkan_noto,sar-pi0.5-scalemid,107,"{""base_estimator"": null, ""calibration_method"": ""isotonic"", ""eps"": 1e-12, ""mode"": ""weighted_retraining"", ""n_cv_folds"": 3}",linear,0.5,0.5,0.5,True,0,,,0.6561160876018381,,,,,0.392,False,-0.2046510836650675,0.9257731958762887,1.0,0.9991260000000001,0.892,0.8789237668161435,0.7788778877887789,0.9991294066655619,0.892,0.10642734298120354,0.10807601185462828,"{""buckets"": [{""accuracy"": 0.17218543046357615, ""bin_hi"": 0.1, ""bin_lo"": 0.0, ""confidence"": 0.0001390391203365591, ""n_samples"": 1208}, {""accuracy"": 1.0, ""bin_hi"": 0.2, ""bin_lo"": 0.1, ""confidence"": 0.12916288213209576, ""n_samples"": 3}, {""accuracy"": 1.0, ""bin_hi"": 0.30000000000000004, ""bin_lo"": 0.2, ""confidence"": 0.2507886844936627, ""n_samples"": 3}, {""accuracy"": 0.0, ""bin_hi"": 0.4, ""bin_lo"": 0.30000000000000004, ""confidence"": 0.0, ""n_samples"": 0}, {""accuracy"": 1.0, ""bin_hi"": 0.5, ""bin_lo"": 0.4, ""confidence"": 0.44384766694312705, ""n_samples"": 2}, {""accuracy"": 1.0, ""bin_hi"": 0.6000000000000001, ""bin_lo"": 0.5, ""confidence"": 0.5566330961662255, ""n_samples"": 1}, {""accuracy"": 1.0, ""bin_hi"": 0.7000000000000001, ""bin_lo"": 0.6000000000000001, ""confidence"": 0.6565068512925041, ""n_samples"": 1}, {""accuracy"": 1.0, ""bin_hi"": 0.8, ""bin_lo"": 0.7000000000000001, ""confidence"": 0.7438791680626903, ""n_samples"": 3}, {""accuracy"": 1.0, ""bin_hi"": 0.9, ""bin_lo"": 0.8, ""confidence"": 0.8518488157946845, ""n_samples"": 3}, {""accuracy"": 1.0, ""bin_hi"": 1.0, ""bin_lo"": 0.9, ""confidence"": 0.9995517307997197, ""n_samples"": 776}], ""ece"": 0.10807601185462828}",0.046000000000276486,success,
elkan_noto,sar-pi0.5-scalemid,108,"{""base_estimator"": null, ""calibration_method"": ""isotonic"", ""eps"": 1e-12, ""mode"": ""weighted_retraining"", ""n_cv_folds"": 3}",linear,0.5,0.5,0.5,True,0,,,0.6643761618652758,,,,,0.395,False,-0.1838275205387453,0.9041095890410958,1.0,0.9994190000000001,0.895,0.88268156424581,0.7797179314976495,0.9994302628510074,0.895,0.1027723109291938,0.10547840605048692,"{""buckets"": [{""accuracy"": 0.16666666666666666, ""bin_hi"": 0.1, ""bin_lo"": 0.0, ""confidence"": 0.0006025545089633184, ""n_samples"": 1200}, {""accuracy"": 1.0, ""bin_hi"": 0.2, ""bin_lo"": 0.1, ""confidence"": 0.12581180702812478, ""n_samples"": 4}, {""accuracy"": 1.0, ""bin_hi"": 0.30000000000000004, ""bin_lo"": 0.2, ""confidence"": 0.23300035247214274, ""n_samples"": 2}, {""accuracy"": 1.0, ""bin_hi"": 0.4, ""bin_lo"": 0.30000000000000004, ""confidence"": 0.39499114400743823, ""n_samples"": 3}, {""accuracy"": 1.0, ""bin_hi"": 0.5, ""bin_lo"": 0.4, ""confidence"": 0.4188173762391554, ""n_samples"": 1}, {""accuracy"": 1.0, ""bin_hi"": 0.6000000000000001, ""bin_lo"": 0.5, ""confidence"": 0.5325414696535572, ""n_samples"": 3}, {""accuracy"": 1.0, ""bin_hi"": 0.7000000000000001, ""bin_lo"": 0.6000000000000001, ""confidence"": 0.6655224242268531, ""n_samples"": 2}, {""accuracy"": 1.0, ""bin_hi"": 0.8, ""bin_lo"": 0.7000000000000001, ""confidence"": 0.7397325449218517, ""n_samples"": 4}, {""accuracy"": 1.0, ""bin_hi"": 0.9, ""bin_lo"": 0.8, ""confidence"": 0.8671859276286857, ""n_samples"": 5}, {""accuracy"": 1.0, ""bin_hi"": 1.0, ""bin_lo"": 0.9, ""confidence"": 0.9993860240614777, ""n_samples"": 776}], ""ece"": 0.10547840605048692}",0.04699999999957072,success,
elkan_noto,sar-pi0.5-scalemid,109,"{""base_estimator"": null, ""calibration_method"": ""isotonic"", ""eps"": 1e-12, ""mode"": ""weighted_retraining"", ""n_cv_folds"": 3}",linear,0.5,0.5,0.5,True,0,,,0.6498759502434476,,,,,0.413,False,-0.1852743782076589,0.9235294117647059,1.0,0.999556,0.913,0.904709748083242,0.761744966442953,0.9995848557378487,0.913,0.08613760063498949,0.08702826422710616,"{""buckets"": [{""accuracy"": 0.14602903501280956, ""bin_hi"": 0.1, ""bin_lo"": 0.0, ""confidence"": 0.0002200500933051824, ""n_samples"": 1171}, {""accuracy"": 0.0, ""bin_hi"": 0.2, ""bin_lo"": 0.1, ""confidence"": 0.0, ""n_samples"": 0}, {""accuracy"": 1.0, ""bin_hi"": 0.30000000000000004, ""bin_lo"": 0.2, ""confidence"": 0.25342517415114224, ""n_samples"": 2}, {""accuracy"": 0.0, ""bin_hi"": 0.4, ""bin_lo"": 0.30000000000000004, ""confidence"": 0.0, ""n_samples"": 0}, {""accuracy"": 1.0, ""bin_hi"": 0.5, ""bin_lo"": 0.4, ""confidence"": 0.4581226374050738, ""n_samples"": 1}, {""accuracy"": 1.0, ""bin_hi"": 0.6000000000000001, ""bin_lo"": 0.5, ""confidence"": 0.568385826572695, ""n_samples"": 1}, {""accuracy"": 1.0, ""bin_hi"": 0.7000000000000001, ""bin_lo"": 0.6000000000000001, ""confidence"": 0.6685644786794546, ""n_samples"": 1}, {""accuracy"": 0.0, ""bin_hi"": 0.8, ""bin_lo"": 0.7000000000000001, ""confidence"": 0.0, ""n_samples"": 0}, {""accuracy"": 1.0, ""bin_hi"": 0.9, ""bin_lo"": 0.8, ""confidence"": 0.8200701780811299, ""n_samples"": 2}, {""accuracy"": 1.0, ""bin_hi"": 1.0, ""bin_lo"": 0.9, ""confidence"": 0.9998098895856515, ""n_samples"": 822}], ""ece"": 0.08702826422710616}",0.06300000000010186,success,
elkan_noto,sar-pi0.5-scalemid,110,"{""base_estimator"": null, ""calibration_method"": ""isotonic"", ""eps"": 1e-12, ""mode"": ""weighted_retraining"", ""n_cv_folds"": 3}",linear,0.5,0.5,0.5,True,0,,,0.6479209634955085,,,,,0.3865,False,-0.1914100299358048,0.9123173277661796,1.0,0.9993310000000001,0.8865,0.8719684151156233,0.7790927021696252,0.9993447246982874,0.8865000000000001,0.11243379985198244,0.11467298312162813,"{""buckets"": [{""accuracy"": 0.18032786885245902, ""bin_hi"": 0.1, ""bin_lo"": 0.0, ""confidence"": 0.00022683940552093414, ""n_samples"": 1220}, {""accuracy"": 1.0, ""bin_hi"": 0.2, ""bin_lo"": 0.1, ""confidence"": 0.10860781205304022, ""n_samples"": 3}, {""accuracy"": 1.0, ""bin_hi"": 0.30000000000000004, ""bin_lo"": 0.2, ""confidence"": 0.27024076298726474, ""n_samples"": 1}, {""accuracy"": 1.0, ""bin_hi"": 0.4, ""bin_lo"": 0.30000000000000004, ""confidence"": 0.3366040476768582, ""n_samples"": 3}, {""accuracy"": 0.0, ""bin_hi"": 0.5, ""bin_lo"": 0.4, ""confidence"": 0.0, ""n_samples"": 0}, {""accuracy"": 1.0, ""bin_hi"": 0.6000000000000001, ""bin_lo"": 0.5, ""confidence"": 0.5720252531627551, ""n_samples"": 1}, {""accuracy"": 1.0, ""bin_hi"": 0.7000000000000001, ""bin_lo"": 0.6000000000000001, ""confidence"": 0.6463925148578638, ""n_samples"": 5}, {""accuracy"": 1.0, ""bin_hi"": 0.8, ""bin_lo"": 0.7000000000000001, ""confidence"": 0.7527631354887604, ""n_samples"": 4}, {""accuracy"": 1.0, ""bin_hi"": 0.9, ""bin_lo"": 0.8, ""confidence"": 0.8541873510348031, ""n_samples"": 4}, {""accuracy"": 1.0, ""bin_hi"": 1.0, ""bin_lo"": 0.9, ""confidence"": 0.9993934434338405, ""n_samples"": 759}], ""ece"": 0.11467298312162813}",0.04699999999957072,success,
elkan_noto,sar-pi0.5-scalemid,111,"{""base_estimator"": null, ""calibration_method"": ""isotonic"", ""eps"": 1e-12, ""mode"": ""weighted_retraining"", ""n_cv_folds"": 3}",linear,0.5,0.5,0.5,True,0,,,0.6770465703767439,,,,,0.389,False,-0.20401233319986278,0.9110251450676983,1.0,0.999322,0.889,0.875140607424072,0.7929871881321645,0.999313762389592,0.889,0.10806265306921484,0.11035173097074062,"{""buckets"": [{""accuracy"": 0.17218543046357615, ""bin_hi"": 0.1, ""bin_lo"": 0.0, ""confidence"": 0.0004199597504633394, ""n_samples"": 1208}, {""accuracy"": 1.0, ""bin_hi"": 0.2, ""bin_lo"": 0.1, ""confidence"": 0.1214703750849645, ""n_samples"": 5}, {""accuracy"": 1.0, ""bin_hi"": 0.30000000000000004, ""bin_lo"": 0.2, ""confidence"": 0.25482932952810267, ""n_samples"": 6}, {""accuracy"": 1.0, ""bin_hi"": 0.4, ""bin_lo"": 0.30000000000000004, ""confidence"": 0.3580145147419719, ""n_samples"": 2}, {""accuracy"": 1.0, ""bin_hi"": 0.5, ""bin_lo"": 0.4, ""confidence"": 0.4060249143729545, ""n_samples"": 1}, {""accuracy"": 1.0, ""bin_hi"": 0.6000000000000001, ""bin_lo"": 0.5, ""confidence"": 0.5480933099172103, ""n_samples"": 2}, {""accuracy"": 1.0, ""bin_hi"": 0.7000000000000001, ""bin_lo"": 0.6000000000000001, ""confidence"": 0.60189968216137, ""n_samples"": 1}, {""accuracy"": 1.0, ""bin_hi"": 0.8, ""bin_lo"": 0.7000000000000001, ""confidence"": 0.7428953784841954, ""n_samples"": 2}, {""accuracy"": 1.0, ""bin_hi"": 0.9, ""bin_lo"": 0.8, ""confidence"": 0.88836266333039, ""n_samples"": 2}, {""accuracy"": 1.0, ""bin_hi"": 1.0, ""bin_lo"": 0.9, ""confidence"": 0.9994425972735198, ""n_samples"": 771}], ""ece"": 0.11035173097074062}",0.06300000000010186,success,
elkan_noto,sar-pi0.5-scalemid,112,"{""base_estimator"": null, ""calibration_method"": ""isotonic"", ""eps"": 1e-12, ""mode"": ""weighted_retraining"", ""n_cv_folds"": 3}",linear,0.5,0.5,0.5,True,0,,,0.6667273581514862,,,,,0.3865,False,-0.17909231297185996,0.8971774193548387,1.0,0.999335,0.8865,0.8719684151156233,0.7819148936170213,0.9993582205450856,0.8865000000000001,0.11068784861185327,0.11293597276542537,"{""buckets"": [{""accuracy"": 0.1755976916735367, ""bin_hi"": 0.1, ""bin_lo"": 0.0, ""confidence"": 0.00021825125604951038, ""n_samples"": 1213}, {""accuracy"": 1.0, ""bin_hi"": 0.2, ""bin_lo"": 0.1, ""confidence"": 0.16077666304923277, ""n_samples"": 8}, {""accuracy"": 1.0, ""bin_hi"": 0.30000000000000004, ""bin_lo"": 0.2, ""confidence"": 0.24503344958671047, ""n_samples"": 2}, {""accuracy"": 1.0, ""bin_hi"": 0.4, ""bin_lo"": 0.30000000000000004, ""confidence"": 0.347874945599351, ""n_samples"": 3}, {""accuracy"": 1.0, ""bin_hi"": 0.5, ""bin_lo"": 0.4, ""confidence"": 0.4688700376714803, ""n_samples"": 1}, {""accuracy"": 0.0, ""bin_hi"": 0.6000000000000001, ""bin_lo"": 0.5, ""confidence"": 0.0, ""n_samples"": 0}, {""accuracy"": 1.0, ""bin_hi"": 0.7000000000000001, ""bin_lo"": 0.6000000000000001, ""confidence"": 0.6482749422549101, ""n_samples"": 2}, {""accuracy"": 1.0, ""bin_hi"": 0.8, ""bin_lo"": 0.7000000000000001, ""confidence"": 0.752675846184606, ""n_samples"": 3}, {""accuracy"": 1.0, ""bin_hi"": 0.9, ""bin_lo"": 0.8, ""confidence"": 0.8463823449957291, ""n_samples"": 4}, {""accuracy"": 1.0, ""bin_hi"": 1.0, ""bin_lo"": 0.9, ""confidence"": 0.9995215102283741, ""n_samples"": 764}], ""ece"": 0.11293597276542537}",0.046000000000276486,success,
elkan_noto,sar-pi0.5-scalemid,113,"{""base_estimator"": null, ""calibration_method"": ""isotonic"", ""eps"": 1e-12, ""mode"": ""weighted_retraining"", ""n_cv_folds"": 3}",linear,0.5,0.5,0.5,True,0,,,0.6589170433936831,,,,,0.3805,False,-0.17666666666666664,0.888,1.0,0.9983320000000001,0.8805,0.8642816581487791,0.7886666666666666,0.9986098674071571,0.8805000000000001,0.1067030961341172,0.11836056530890018,"{""buckets"": [{""accuracy"": 0.15553677092138632, ""bin_hi"": 0.1, ""bin_lo"": 0.0, ""confidence"": 0.001850624530273208, ""n_samples"": 1183}, {""accuracy"": 1.0, ""bin_hi"": 0.2, ""bin_lo"": 0.1, ""confidence"": 0.14214877681083224, ""n_samples"": 20}, {""accuracy"": 1.0, ""bin_hi"": 0.30000000000000004, ""bin_lo"": 0.2, ""confidence"": 0.2392138755308222, ""n_samples"": 11}, {""accuracy"": 0.9166666666666666, ""bin_hi"": 0.4, ""bin_lo"": 0.30000000000000004, ""confidence"": 0.35803320435731467, ""n_samples"": 12}, {""accuracy"": 1.0, ""bin_hi"": 0.5, ""bin_lo"": 0.4, ""confidence"": 0.4647587250534215, ""n_samples"": 13}, {""accuracy"": 1.0, ""bin_hi"": 0.6000000000000001, ""bin_lo"": 0.5, ""confidence"": 0.5437644499646509, ""n_samples"": 5}, {""accuracy"": 1.0, ""bin_hi"": 0.7000000000000001, ""bin_lo"": 0.6000000000000001, ""confidence"": 0.6345568899536247, ""n_samples"": 12}, {""accuracy"": 1.0, ""bin_hi"": 0.8, ""bin_lo"": 0.7000000000000001, ""confidence"": 0.7517194612605808, ""n_samples"": 13}, {""accuracy"": 1.0, ""bin_hi"": 0.9, ""bin_lo"": 0.8, ""confidence"": 0.8579479985502094, ""n_samples"": 22}, {""accuracy"": 1.0, ""bin_hi"": 1.0, ""bin_lo"": 0.9, ""confidence"": 0.9961865678760079, ""n_samples"": 709}], ""ece"": 0.11836056530890018}",0.07800000000042928,success,
elkan_noto,sar-pi0.5-scalemid,114,"{""base_estimator"": null, ""calibration_method"": ""isotonic"", ""eps"": 1e-12, ""mode"": ""weighted_retraining"", ""n_cv_folds"": 3}",linear,0.5,0.5,0.5,True,0,,,0.6674546115615823,,,,,0.3905,False,-0.20264579792496384,0.9178356713426854,1.0,0.9983115,0.8895,0.8759124087591241,0.7848101265822784,0.9976172613697384,0.8895,0.10898298481540855,0.11006227754288056,"{""buckets"": [{""accuracy"": 0.17642209398186315, ""bin_hi"": 0.1, ""bin_lo"": 0.0, ""confidence"": 0.0002438903119820154, ""n_samples"": 1213}, {""accuracy"": 1.0, ""bin_hi"": 0.2, ""bin_lo"": 0.1, ""confidence"": 0.1721578918318411, ""n_samples"": 2}, {""accuracy"": 1.0, ""bin_hi"": 0.30000000000000004, ""bin_lo"": 0.2, ""confidence"": 0.24324301616720018, ""n_samples"": 1}, {""accuracy"": 1.0, ""bin_hi"": 0.4, ""bin_lo"": 0.30000000000000004, ""confidence"": 0.32016723984858225, ""n_samples"": 1}, {""accuracy"": 1.0, ""bin_hi"": 0.5, ""bin_lo"": 0.4, ""confidence"": 0.48116568092980183, ""n_samples"": 2}, {""accuracy"": 1.0, ""bin_hi"": 0.6000000000000001, ""bin_lo"": 0.5, ""confidence"": 0.5567882948958662, ""n_samples"": 2}, {""accuracy"": 0.0, ""bin_hi"": 0.7000000000000001, ""bin_lo"": 0.6000000000000001, ""confidence"": 0.0, ""n_samples"": 0}, {""accuracy"": 1.0, ""bin_hi"": 0.8, ""bin_lo"": 0.7000000000000001, ""confidence"": 0.77304137437814, ""n_samples"": 3}, {""accuracy"": 1.0, ""bin_hi"": 0.9, ""bin_lo"": 0.8, ""confidence"": 0.8673288205467549, ""n_samples"": 1}, {""accuracy"": 0.9987096774193548, ""bin_hi"": 1.0, ""bin_lo"": 0.9, ""confidence"": 0.9994715883473642, ""n_samples"": 775}], ""ece"": 0.11006227754288056}",0.06199999999989814,success,
elkan_noto,sar-pi0.5-scalemid,115,"{""base_estimator"": null, ""calibration_method"": ""isotonic"", ""eps"": 1e-12, ""mode"": ""weighted_retraining"", ""n_cv_folds"": 3}",linear,0.5,0.5,0.5,True,0,,,0.6636777724177898,,,,,0.393,False,-0.184,0.906,1.0,0.999038,0.893,0.8801791713325868,0.778,0.999069177538999,0.893,0.10559814221575155,0.10722401958476517,"{""buckets"": [{""accuracy"": 0.17149958574979288, ""bin_hi"": 0.1, ""bin_lo"": 0.0, ""confidence"": 0.00020314106386525407, ""n_samples"": 1207}, {""accuracy"": 1.0, ""bin_hi"": 0.2, ""bin_lo"": 0.1, ""confidence"": 0.16932853878318865, ""n_samples"": 2}, {""accuracy"": 1.0, ""bin_hi"": 0.30000000000000004, ""bin_lo"": 0.2, ""confidence"": 0.24274106760241407, ""n_samples"": 3}, {""accuracy"": 1.0, ""bin_hi"": 0.4, ""bin_lo"": 0.30000000000000004, ""confidence"": 0.31028906319735194, ""n_samples"": 1}, {""accuracy"": 1.0, ""bin_hi"": 0.5, ""bin_lo"": 0.4, ""confidence"": 0.47050770820676074, ""n_samples"": 1}, {""accuracy"": 1.0, ""bin_hi"": 0.6000000000000001, ""bin_lo"": 0.5, ""confidence"": 0.5418439936234736, ""n_samples"": 2}, {""accuracy"": 1.0, ""bin_hi"": 0.7000000000000001, ""bin_lo"": 0.6000000000000001, ""confidence"": 0.6306895412800615, ""n_samples"": 2}, {""accuracy"": 0.0, ""bin_hi"": 0.8, ""bin_lo"": 0.7000000000000001, ""confidence"": 0.0, ""n_samples"": 0}, {""accuracy"": 1.0, ""bin_hi"": 0.9, ""bin_lo"": 0.8, ""confidence"": 0.8447456019841606, ""n_samples"": 5}, {""accuracy"": 1.0, ""bin_hi"": 1.0, ""bin_lo"": 0.9, ""confidence"": 0.9998588126575015, ""n_samples"": 777}], ""ece"": 0.10722401958476517}",0.046000000000276486,success,
elkan_noto,sar-pi0.5-scalemid,116,"{""base_estimator"": null, ""calibration_method"": ""isotonic"", ""eps"": 1e-12, ""mode"": ""weighted_retraining"", ""n_cv_folds"": 3}",linear,0.5,0.5,0.5,True,0,,,0.6589636011353214,,,,,0.3885,False,-0.18466666666666665,0.902,1.0,0.999522,0.8885,0.8745075970737197,0.7826666666666666,0.9995570700584405,0.8885000000000001,0.10857155369523315,0.11191647848897385,"{""buckets"": [{""accuracy"": 0.17218543046357615, ""bin_hi"": 0.1, ""bin_lo"": 0.0, ""confidence"": 0.000445932851509438, ""n_samples"": 1208}, {""accuracy"": 1.0, ""bin_hi"": 0.2, ""bin_lo"": 0.1, ""confidence"": 0.14242845041792077, ""n_samples"": 8}, {""accuracy"": 1.0, ""bin_hi"": 0.30000000000000004, ""bin_lo"": 0.2, ""confidence"": 0.24437964797475364, ""n_samples"": 2}, {""accuracy"": 1.0, ""bin_hi"": 0.4, ""bin_lo"": 0.30000000000000004, ""confidence"": 0.37600773161369005, ""n_samples"": 2}, {""accuracy"": 1.0, ""bin_hi"": 0.5, ""bin_lo"": 0.4, ""confidence"": 0.46167403867146395, ""n_samples"": 3}, {""accuracy"": 1.0, ""bin_hi"": 0.6000000000000001, ""bin_lo"": 0.5, ""confidence"": 0.5727191476724262, ""n_samples"": 4}, {""accuracy"": 1.0, ""bin_hi"": 0.7000000000000001, ""bin_lo"": 0.6000000000000001, ""confidence"": 0.6499043297042625, ""n_samples"": 3}, {""accuracy"": 1.0, ""bin_hi"": 0.8, ""bin_lo"": 0.7000000000000001, ""confidence"": 0.7127204278205944, ""n_samples"": 3}, {""accuracy"": 1.0, ""bin_hi"": 0.9, ""bin_lo"": 0.8, ""confidence"": 0.8511631685525133, ""n_samples"": 5}, {""accuracy"": 1.0, ""bin_hi"": 1.0, ""bin_lo"": 0.9, ""confidence"": 0.9989876180483824, ""n_samples"": 762}], ""ece"": 0.11191647848897385}",0.06300000000010186,success,
elkan_noto,sar-pi0.5-scalemid,117,"{""base_estimator"": null, ""calibration_method"": ""isotonic"", ""eps"": 1e-12, ""mode"": ""weighted_retraining"", ""n_cv_folds"": 3}",linear,0.5,0.5,0.5,True,0,,,0.6612812724420357,,,,,0.4065,False,-0.19220141054513235,0.9190751445086706,1.0,0.9985499999999999,0.9055,0.8957528957528957,0.7731262660364618,0.9985716665926232,0.9055,0.09159269584394227,0.09319257402342745,"{""buckets"": [{""accuracy"": 0.14906303236797275, ""bin_hi"": 0.1, ""bin_lo"": 0.0, ""confidence"": 0.00025988125219434646, ""n_samples"": 1174}, {""accuracy"": 1.0, ""bin_hi"": 0.2, ""bin_lo"": 0.1, ""confidence"": 0.13504317517291461, ""n_samples"": 6}, {""accuracy"": 1.0, ""bin_hi"": 0.30000000000000004, ""bin_lo"": 0.2, ""confidence"": 0.2503884087192625, ""n_samples"": 2}, {""accuracy"": 1.0, ""bin_hi"": 0.4, ""bin_lo"": 0.30000000000000004, ""confidence"": 0.33936885729492605, ""n_samples"": 3}, {""accuracy"": 1.0, ""bin_hi"": 0.5, ""bin_lo"": 0.4, ""confidence"": 0.4541985841284749, ""n_samples"": 2}, {""accuracy"": 0.0, ""bin_hi"": 0.6000000000000001, ""bin_lo"": 0.5, ""confidence"": 0.0, ""n_samples"": 0}, {""accuracy"": 1.0, ""bin_hi"": 0.7000000000000001, ""bin_lo"": 0.6000000000000001, ""confidence"": 0.6962499791545823, ""n_samples"": 1}, {""accuracy"": 1.0, ""bin_hi"": 0.8, ""bin_lo"": 0.7000000000000001, ""confidence"": 0.7662942469986747, ""n_samples"": 2}, {""accuracy"": 1.0, ""bin_hi"": 0.9, ""bin_lo"": 0.8, ""confidence"": 0.843611910602298, ""n_samples"": 2}, {""accuracy"": 0.9987623762376238, ""bin_hi"": 1.0, ""bin_lo"": 0.9, ""confidence"": 0.9998067457177046, ""n_samples"": 808}], ""ece"": 0.09319257402342745}",0.06300000000010186,success,
elkan_noto,sar-pi0.5-scalemid,118,"{""base_estimator"": null, ""calibration_method"": ""isotonic"", ""eps"": 1e-12, ""mode"": ""weighted_retraining"", ""n_cv_folds"": 3}",linear,0.5,0.5,0.5,True,0,,,0.6670773793736616,,,,,0.385,False,-0.2100881683844827,0.9165009940357853,1.0,0.999441,0.885,0.8700564971751412,0.7935871743486974,0.9994334984463499,0.885,0.11066391142464505,0.11399646364371759,"{""buckets"": [{""accuracy"": 0.17627677100494235, ""bin_hi"": 0.1, ""bin_lo"": 0.0, ""confidence"": 0.000708666354771929, ""n_samples"": 1214}, {""accuracy"": 1.0, ""bin_hi"": 0.2, ""bin_lo"": 0.1, ""confidence"": 0.12710561340877607, ""n_samples"": 4}, {""accuracy"": 1.0, ""bin_hi"": 0.30000000000000004, ""bin_lo"": 0.2, ""confidence"": 0.2270520412152336, ""n_samples"": 4}, {""accuracy"": 1.0, ""bin_hi"": 0.4, ""bin_lo"": 0.30000000000000004, ""confidence"": 0.3461564205845551, ""n_samples"": 3}, {""accuracy"": 1.0, ""bin_hi"": 0.5, ""bin_lo"": 0.4, ""confidence"": 0.4589822238610594, ""n_samples"": 5}, {""accuracy"": 0.0, ""bin_hi"": 0.6000000000000001, ""bin_lo"": 0.5, ""confidence"": 0.0, ""n_samples"": 0}, {""accuracy"": 1.0, ""bin_hi"": 0.7000000000000001, ""bin_lo"": 0.6000000000000001, ""confidence"": 0.6414904886150478, ""n_samples"": 3}, {""accuracy"": 1.0, ""bin_hi"": 0.8, ""bin_lo"": 0.7000000000000001, ""confidence"": 0.7822963237396237, ""n_samples"": 2}, {""accuracy"": 1.0, ""bin_hi"": 0.9, ""bin_lo"": 0.8, ""confidence"": 0.8306596017984098, ""n_samples"": 10}, {""accuracy"": 1.0, ""bin_hi"": 1.0, ""bin_lo"": 0.9, ""confidence"": 0.9994716299695473, ""n_samples"": 755}], ""ece"": 0.11399646364371759}",0.04700000000048021,success,
elkan_noto,sar-pi0.5-scalemid,119,"{""base_estimator"": null, ""calibration_method"": ""isotonic"", ""eps"": 1e-12, ""mode"": ""weighted_retraining"", ""n_cv_folds"": 3}",linear,0.5,0.5,0.5,True,0,,,0.6390638591612203,,,,,0.4035,False,-0.18194350587917285,0.9183673469387755,1.0,0.9990950000000001,0.9035,0.8931931377974544,0.7635761589403973,0.9991187596785498,0.9035,0.09537049750694494,0.0966488877713032,"{""buckets"": [{""accuracy"": 0.15824915824915825, ""bin_hi"": 0.1, ""bin_lo"": 0.0, ""confidence"": 0.00022777428448932658, ""n_samples"": 1188}, {""accuracy"": 1.0, ""bin_hi"": 0.2, ""bin_lo"": 0.1, ""confidence"": 0.15272366840479612, ""n_samples"": 2}, {""accuracy"": 1.0, ""bin_hi"": 0.30000000000000004, ""bin_lo"": 0.2, ""confidence"": 0.26129179793869634, ""n_samples"": 1}, {""accuracy"": 1.0, ""bin_hi"": 0.4, ""bin_lo"": 0.30000000000000004, ""confidence"": 0.3019593543233858, ""n_samples"": 1}, {""accuracy"": 1.0, ""bin_hi"": 0.5, ""bin_lo"": 0.4, ""confidence"": 0.44086200056929703, ""n_samples"": 1}, {""accuracy"": 1.0, ""bin_hi"": 0.6000000000000001, ""bin_lo"": 0.5, ""confidence"": 0.5936164169156387, ""n_samples"": 1}, {""accuracy"": 1.0, ""bin_hi"": 0.7000000000000001, ""bin_lo"": 0.6000000000000001, ""confidence"": 0.6690389152079947, ""n_samples"": 2}, {""accuracy"": 1.0, ""bin_hi"": 0.8, ""bin_lo"": 0.7000000000000001, ""confidence"": 0.7704784868358253, ""n_samples"": 1}, {""accuracy"": 1.0, ""bin_hi"": 0.9, ""bin_lo"": 0.8, ""confidence"": 0.8731521824919581, ""n_samples"": 2}, {""accuracy"": 1.0, ""bin_hi"": 1.0, ""bin_lo"": 0.9, ""confidence"": 0.9995924981505967, ""n_samples"": 801}], ""ece"": 0.0966488877713032}",0.04699999999957072,success,
