algorithm,scenario,seed,params,mechanism,class_prior,label_frequency,real_h,pi_h_well_conditioned,warning_count,diag_converged,diag_n_iter,diag_c_estimate,diag_cond_number,diag_correction_fraction,diag_n_epochs,diag_n_acs_iter,pred_positive_rate,degenerate_prediction,pu_zero_one_risk,pu_recall,pu_estimated_precision,pu_auc_roc,pu_accuracy,pu_f1,pu_negative_rate,average_precision,balanced_accuracy,brier_score,brier_score_unavailable_reason,expected_calibration_error,expected_calibration_error_unavailable_reason,ece_buckets_api,elapsed_seconds,status,failure_reason
llsvm,scar-pi0.1-scalesmall,100,"{""alpha"": 2.0, ""beta"": 1.0, ""early_stopping"": true, ""fit_intercept"": true, ""gamma"": 10.0, ""intercept_scale"": 10.0, ""learning_rate"": 5e-06, ""max_epochs"": 3000, ""min_epochs"": 400, ""n_batches"": 20, ""patience"": 200, ""reg_lambda"": 1.0, ""shuffle"": true, ""squash_scale"": 10.0, ""tol"": 0.0005}",scar,0.1,0.5,0.5,True,0,,,,,,3000,,0.0625,False,0.0078049454344522595,0.631578947368421,1.0,0.991388888888889,0.9625,0.7692307692307693,0.9658792650918635,0.9775775504468773,0.8125,,requires predict_proba,,requires predict_proba,,2.172000000002299,success,
llsvm,scar-pi0.1-scalesmall,101,"{""alpha"": 2.0, ""beta"": 1.0, ""early_stopping"": true, ""fit_intercept"": true, ""gamma"": 10.0, ""intercept_scale"": 10.0, ""learning_rate"": 5e-06, ""max_epochs"": 3000, ""min_epochs"": 400, ""n_batches"": 20, ""patience"": 200, ""reg_lambda"": 1.0, ""shuffle"": true, ""squash_scale"": 10.0, ""tol"": 0.0005}",scar,0.1,0.5,0.5,True,0,,,,,,2210,,0.0625,False,-0.026759744037230956,0.7777777777777778,1.0,0.9964583333333332,0.9625,0.7692307692307693,0.9712041884816754,0.9720882945246602,0.8125,,requires predict_proba,,requires predict_proba,,1.625,success,
llsvm,scar-pi0.1-scalesmall,102,"{""alpha"": 2.0, ""beta"": 1.0, ""early_stopping"": true, ""fit_intercept"": true, ""gamma"": 10.0, ""intercept_scale"": 10.0, ""learning_rate"": 5e-06, ""max_epochs"": 3000, ""min_epochs"": 400, ""n_batches"": 20, ""patience"": 200, ""reg_lambda"": 1.0, ""shuffle"": true, ""squash_scale"": 10.0, ""tol"": 0.0005}",scar,0.1,0.5,0.5,True,0,,,,,,3000,,0.0725,False,-0.005917828872973999,0.7142857142857143,0.9852216748768475,0.9793055555555555,0.9725,0.8405797101449275,0.9630606860158312,0.913973404913915,0.8625,,requires predict_proba,,requires predict_proba,,2.202999999997701,success,
llsvm,scar-pi0.1-scalesmall,103,"{""alpha"": 2.0, ""beta"": 1.0, ""early_stopping"": true, ""fit_intercept"": true, ""gamma"": 10.0, ""intercept_scale"": 10.0, ""learning_rate"": 5e-06, ""max_epochs"": 3000, ""min_epochs"": 400, ""n_batches"": 20, ""patience"": 200, ""reg_lambda"": 1.0, ""shuffle"": true, ""squash_scale"": 10.0, ""tol"": 0.0005}",scar,0.1,0.5,0.5,True,0,,,,,,3000,,0.075,False,-0.02266666666666667,0.76,1.0,0.9965972222222222,0.975,0.8571428571428571,0.9706666666666667,0.9758919957529689,0.875,,requires predict_proba,,requires predict_proba,,2.264999999999418,success,
llsvm,scar-pi0.1-scalesmall,104,"{""alpha"": 2.0, ""beta"": 1.0, ""early_stopping"": true, ""fit_intercept"": true, ""gamma"": 10.0, ""intercept_scale"": 10.0, ""learning_rate"": 5e-06, ""max_epochs"": 3000, ""min_epochs"": 400, ""n_batches"": 20, ""patience"": 200, ""reg_lambda"": 1.0, ""shuffle"": true, ""squash_scale"": 10.0, ""tol"": 0.0005}",scar,0.1,0.5,0.5,True,0,,,,,,1728,,0.0775,False,-0.020000000000000004,0.76,0.9806451612903228,0.9998611111111111,0.9775,0.8732394366197183,0.968,0.998765243902439,0.8875,,requires predict_proba,,requires predict_proba,,1.2969999999986612,success,
llsvm,scar-pi0.1-scalesmall,105,"{""alpha"": 2.0, ""beta"": 1.0, ""early_stopping"": true, ""fit_intercept"": true, ""gamma"": 10.0, ""intercept_scale"": 10.0, ""learning_rate"": 5e-06, ""max_epochs"": 3000, ""min_epochs"": 400, ""n_batches"": 20, ""patience"": 200, ""reg_lambda"": 1.0, ""shuffle"": true, ""squash_scale"": 10.0, ""tol"": 0.0005}",scar,0.1,0.5,0.5,True,0,,,,,,1762,,0.07,False,-0.006666666666666668,0.68,0.9714285714285714,0.9994444444444444,0.97,0.8235294117647058,0.9706666666666667,0.995473104793757,0.85,,requires predict_proba,,requires predict_proba,,1.2969999999986612,success,
llsvm,scar-pi0.1-scalesmall,106,"{""alpha"": 2.0, ""beta"": 1.0, ""early_stopping"": true, ""fit_intercept"": true, ""gamma"": 10.0, ""intercept_scale"": 10.0, ""learning_rate"": 5e-06, ""max_epochs"": 3000, ""min_epochs"": 400, ""n_batches"": 20, ""patience"": 200, ""reg_lambda"": 1.0, ""shuffle"": true, ""squash_scale"": 10.0, ""tol"": 0.0005}",scar,0.1,0.5,0.5,True,0,,,,,,3000,,0.0625,False,-0.01105263157894737,0.7,1.0,0.9918055555555556,0.9625,0.7692307692307693,0.9710526315789474,0.9340671232130894,0.8125,,requires predict_proba,,requires predict_proba,,2.2040000000015425,success,
llsvm,scar-pi0.1-scalesmall,107,"{""alpha"": 2.0, ""beta"": 1.0, ""early_stopping"": true, ""fit_intercept"": true, ""gamma"": 10.0, ""intercept_scale"": 10.0, ""learning_rate"": 5e-06, ""max_epochs"": 3000, ""min_epochs"": 400, ""n_batches"": 20, ""patience"": 200, ""reg_lambda"": 1.0, ""shuffle"": true, ""squash_scale"": 10.0, ""tol"": 0.0005}",scar,0.1,0.5,0.5,True,0,,,,,,2918,,0.05,False,0.015066899360093075,0.5555555555555556,1.0,0.9854861111111112,0.95,0.6666666666666666,0.9738219895287958,0.9513305283871645,0.75,,requires predict_proba,,requires predict_proba,,2.125,success,
llsvm,scar-pi0.1-scalesmall,108,"{""alpha"": 2.0, ""beta"": 1.0, ""early_stopping"": true, ""fit_intercept"": true, ""gamma"": 10.0, ""intercept_scale"": 10.0, ""learning_rate"": 5e-06, ""max_epochs"": 3000, ""min_epochs"": 400, ""n_batches"": 20, ""patience"": 200, ""reg_lambda"": 1.0, ""shuffle"": true, ""squash_scale"": 10.0, ""tol"": 0.0005}",scar,0.1,0.5,0.5,True,0,,,,,,2980,,0.065,False,-0.018999518999519016,0.7272727272727273,1.0,0.997638888888889,0.965,0.7878787878787878,0.9735449735449735,0.9811788781664615,0.825,,requires predict_proba,,requires predict_proba,,2.2659999999996217,success,
llsvm,scar-pi0.1-scalesmall,109,"{""alpha"": 2.0, ""beta"": 1.0, ""early_stopping"": true, ""fit_intercept"": true, ""gamma"": 10.0, ""intercept_scale"": 10.0, ""learning_rate"": 5e-06, ""max_epochs"": 3000, ""min_epochs"": 400, ""n_batches"": 20, ""patience"": 200, ""reg_lambda"": 1.0, ""shuffle"": true, ""squash_scale"": 10.0, ""tol"": 0.0005}",scar,0.1,0.5,0.5,True,0,,,,,,3000,,0.05,False,-0.005913070188911074,0.6470588235294118,1.0,0.9697222222222223,0.95,0.6666666666666666,0.9765013054830287,0.8777012522954253,0.75,,requires predict_proba,,requires predict_proba,,2.2190000000009604,success,
llsvm,scar-pi0.1-scalesmall,110,"{""alpha"": 2.0, ""beta"": 1.0, ""early_stopping"": true, ""fit_intercept"": true, ""gamma"": 10.0, ""intercept_scale"": 10.0, ""learning_rate"": 5e-06, ""max_epochs"": 3000, ""min_epochs"": 400, ""n_batches"": 20, ""patience"": 200, ""reg_lambda"": 1.0, ""shuffle"": true, ""squash_scale"": 10.0, ""tol"": 0.0005}",scar,0.1,0.5,0.5,True,0,,,,,,3000,,0.08,False,-0.04992319508448541,0.8571428571428571,1.0,0.9989583333333334,0.98,0.8888888888888888,0.978494623655914,0.9911032982743508,0.9,,requires predict_proba,,requires predict_proba,,2.264999999999418,success,
llsvm,scar-pi0.1-scalesmall,111,"{""alpha"": 2.0, ""beta"": 1.0, ""early_stopping"": true, ""fit_intercept"": true, ""gamma"": 10.0, ""intercept_scale"": 10.0, ""learning_rate"": 5e-06, ""max_epochs"": 3000, ""min_epochs"": 400, ""n_batches"": 20, ""patience"": 200, ""reg_lambda"": 1.0, ""shuffle"": true, ""squash_scale"": 10.0, ""tol"": 0.0005}",scar,0.1,0.5,0.5,True,0,,,,,,2836,,0.055,False,-0.026371045724547598,0.7368421052631579,1.0,0.9968750000000001,0.955,0.7096774193548387,0.979002624671916,0.9763719420834696,0.775,,requires predict_proba,,requires predict_proba,,2.063000000001921,success,
llsvm,scar-pi0.1-scalesmall,112,"{""alpha"": 2.0, ""beta"": 1.0, ""early_stopping"": true, ""fit_intercept"": true, ""gamma"": 10.0, ""intercept_scale"": 10.0, ""learning_rate"": 5e-06, ""max_epochs"": 3000, ""min_epochs"": 400, ""n_batches"": 20, ""patience"": 200, ""reg_lambda"": 1.0, ""shuffle"": true, ""squash_scale"": 10.0, ""tol"": 0.0005}",scar,0.1,0.5,0.5,True,0,,,,,,3000,,0.0775,False,-0.020000000000000004,0.76,0.9806451612903228,0.9959027777777778,0.9775,0.8732394366197183,0.968,0.9696259938931518,0.8875,,requires predict_proba,,requires predict_proba,,2.235000000000582,success,
llsvm,scar-pi0.1-scalesmall,113,"{""alpha"": 2.0, ""beta"": 1.0, ""early_stopping"": true, ""fit_intercept"": true, ""gamma"": 10.0, ""intercept_scale"": 10.0, ""learning_rate"": 5e-06, ""max_epochs"": 3000, ""min_epochs"": 400, ""n_batches"": 20, ""patience"": 200, ""reg_lambda"": 1.0, ""shuffle"": true, ""squash_scale"": 10.0, ""tol"": 0.0005}",scar,0.1,0.5,0.5,True,0,,,,,,2448,,0.0625,False,0.001827801827801831,0.6363636363636364,1.0,0.9982638888888888,0.9625,0.7692307692307693,0.9708994708994709,0.99,0.8125,,requires predict_proba,,requires predict_proba,,1.8279999999977008,success,
llsvm,scar-pi0.1-scalesmall,114,"{""alpha"": 2.0, ""beta"": 1.0, ""early_stopping"": true, ""fit_intercept"": true, ""gamma"": 10.0, ""intercept_scale"": 10.0, ""learning_rate"": 5e-06, ""max_epochs"": 3000, ""min_epochs"": 400, ""n_batches"": 20, ""patience"": 200, ""reg_lambda"": 1.0, ""shuffle"": true, ""squash_scale"": 10.0, ""tol"": 0.0005}",scar,0.1,0.5,0.5,True,0,,,,,,1120,,0.0625,False,0.034106920845420635,0.5263157894736842,0.8421052631578947,0.9963194444444444,0.9625,0.7692307692307693,0.9606299212598425,0.9751150198757346,0.8125,,requires predict_proba,,requires predict_proba,,0.8120000000017171,success,
llsvm,scar-pi0.1-scalesmall,115,"{""alpha"": 2.0, ""beta"": 1.0, ""early_stopping"": true, ""fit_intercept"": true, ""gamma"": 10.0, ""intercept_scale"": 10.0, ""learning_rate"": 5e-06, ""max_epochs"": 3000, ""min_epochs"": 400, ""n_batches"": 20, ""patience"": 200, ""reg_lambda"": 1.0, ""shuffle"": true, ""squash_scale"": 10.0, ""tol"": 0.0005}",scar,0.1,0.5,0.5,True,0,,,,,,3000,,0.04,False,0.04114575334050069,0.4117647058823529,1.0,0.993125,0.94,0.5714285714285714,0.9765013054830287,0.9554603204218357,0.7,,requires predict_proba,,requires predict_proba,,2.187999999998283,success,
llsvm,scar-pi0.1-scalesmall,116,"{""alpha"": 2.0, ""beta"": 1.0, ""early_stopping"": true, ""fit_intercept"": true, ""gamma"": 10.0, ""intercept_scale"": 10.0, ""learning_rate"": 5e-06, ""max_epochs"": 3000, ""min_epochs"": 400, ""n_batches"": 20, ""patience"": 200, ""reg_lambda"": 1.0, ""shuffle"": true, ""squash_scale"": 10.0, ""tol"": 0.0005}",scar,0.1,0.5,0.5,True,0,,,,,,1848,,0.06,False,0.004786068504209429,0.6086956521739131,1.0,0.9992361111111111,0.96,0.75,0.9734748010610079,0.9934937965950816,0.8,,requires predict_proba,,requires predict_proba,,1.3590000000003783,success,
llsvm,scar-pi0.1-scalesmall,117,"{""alpha"": 2.0, ""beta"": 1.0, ""early_stopping"": true, ""fit_intercept"": true, ""gamma"": 10.0, ""intercept_scale"": 10.0, ""learning_rate"": 5e-06, ""max_epochs"": 3000, ""min_epochs"": 400, ""n_batches"": 20, ""patience"": 200, ""reg_lambda"": 1.0, ""shuffle"": true, ""squash_scale"": 10.0, ""tol"": 0.0005}",scar,0.1,0.5,0.5,True,0,,,,,,2928,,0.0525,False,-0.002693742229589735,0.631578947368421,1.0,0.9952083333333334,0.9525,0.6885245901639344,0.9763779527559056,0.9672443957796125,0.7625,,requires predict_proba,,requires predict_proba,,2.1560000000026776,success,
llsvm,scar-pi0.1-scalesmall,118,"{""alpha"": 2.0, ""beta"": 1.0, ""early_stopping"": true, ""fit_intercept"": true, ""gamma"": 10.0, ""intercept_scale"": 10.0, ""learning_rate"": 5e-06, ""max_epochs"": 3000, ""min_epochs"": 400, ""n_batches"": 20, ""patience"": 200, ""reg_lambda"": 1.0, ""shuffle"": true, ""squash_scale"": 10.0, ""tol"": 0.0005}",scar,0.1,0.5,0.5,True,0,,,,,,2194,,0.055,False,0.006315789473684219,0.6,1.0,0.9979861111111111,0.955,0.7096774193548387,0.9736842105263158,0.982380982544206,0.775,,requires predict_proba,,requires predict_proba,,1.6089999999967404,success,
llsvm,scar-pi0.1-scalesmall,119,"{""alpha"": 2.0, ""beta"": 1.0, ""early_stopping"": true, ""fit_intercept"": true, ""gamma"": 10.0, ""intercept_scale"": 10.0, ""learning_rate"": 5e-06, ""max_epochs"": 3000, ""min_epochs"": 400, ""n_batches"": 20, ""patience"": 200, ""reg_lambda"": 1.0, ""shuffle"": true, ""squash_scale"": 10.0, ""tol"": 0.0005}",scar,0.1,0.5,0.5,True,0,,,,,,2201,,0.035,False,0.07264069264069264,0.26666666666666666,0.7619047619047619,0.995625,0.935,0.5185185185185185,0.974025974025974,0.9814207256574056,0.675,,requires predict_proba,,requires predict_proba,,1.5790000000015425,success,
llsvm,scar-pi0.1-scalemid,100,"{""alpha"": 2.0, ""beta"": 1.0, ""early_stopping"": true, ""fit_intercept"": true, ""gamma"": 10.0, ""intercept_scale"": 10.0, ""learning_rate"": 5e-06, ""max_epochs"": 3000, ""min_epochs"": 400, ""n_batches"": 20, ""patience"": 200, ""reg_lambda"": 1.0, ""shuffle"": true, ""squash_scale"": 10.0, ""tol"": 0.0005}",scar,0.1,0.5,0.5,True,0,,,,,,2358,,0.0955,False,-0.044311911716975017,0.9615384615384616,1.0,0.9982611111111112,0.9935,0.9667519181585678,0.9520042194092827,0.9895174642485225,0.9719444444444445,,requires predict_proba,,requires predict_proba,,2.187000000001717,success,
llsvm,scar-pi0.1-scalemid,101,"{""alpha"": 2.0, ""beta"": 1.0, ""early_stopping"": true, ""fit_intercept"": true, ""gamma"": 10.0, ""intercept_scale"": 10.0, ""learning_rate"": 5e-06, ""max_epochs"": 3000, ""min_epochs"": 400, ""n_batches"": 20, ""patience"": 200, ""reg_lambda"": 1.0, ""shuffle"": true, ""squash_scale"": 10.0, ""tol"": 0.0005}",scar,0.1,0.5,0.5,True,0,,,,,,2182,,0.0975,False,-0.03374785113080753,0.9468085106382979,0.9710856519367157,0.9988888888888889,0.9905,0.9518987341772152,0.944386149003148,0.9914940815282046,0.9680555555555554,,requires predict_proba,,requires predict_proba,,2.0,success,
llsvm,scar-pi0.1-scalemid,102,"{""alpha"": 2.0, ""beta"": 1.0, ""early_stopping"": true, ""fit_intercept"": true, ""gamma"": 10.0, ""intercept_scale"": 10.0, ""learning_rate"": 5e-06, ""max_epochs"": 3000, ""min_epochs"": 400, ""n_batches"": 20, ""patience"": 200, ""reg_lambda"": 1.0, ""shuffle"": true, ""squash_scale"": 10.0, ""tol"": 0.0005}",scar,0.1,0.5,0.5,True,0,,,,,,2279,,0.102,False,-0.027653359298928926,0.9230769230769231,0.904977375565611,0.9990944444444444,0.988,0.9405940594059405,0.9430379746835443,0.9925676938879704,0.971111111111111,,requires predict_proba,,requires predict_proba,,2.0939999999973224,success,
llsvm,scar-pi0.1-scalemid,103,"{""alpha"": 2.0, ""beta"": 1.0, ""early_stopping"": true, ""fit_intercept"": true, ""gamma"": 10.0, ""intercept_scale"": 10.0, ""learning_rate"": 5e-06, ""max_epochs"": 3000, ""min_epochs"": 400, ""n_batches"": 20, ""patience"": 200, ""reg_lambda"": 1.0, ""shuffle"": true, ""squash_scale"": 10.0, ""tol"": 0.0005}",scar,0.1,0.5,0.5,True,0,,,,,,2599,,0.094,False,-0.04167738054230809,0.9357798165137615,0.9955104430997463,0.9989083333333333,0.993,0.9639175257731959,0.9545214172395557,0.9947371567682519,0.9672222222222222,,requires predict_proba,,requires predict_proba,,2.4070000000028813,success,
llsvm,scar-pi0.1-scalemid,104,"{""alpha"": 2.0, ""beta"": 1.0, ""early_stopping"": true, ""fit_intercept"": true, ""gamma"": 10.0, ""intercept_scale"": 10.0, ""learning_rate"": 5e-06, ""max_epochs"": 3000, ""min_epochs"": 400, ""n_batches"": 20, ""patience"": 200, ""reg_lambda"": 1.0, ""shuffle"": true, ""squash_scale"": 10.0, ""tol"": 0.0005}",scar,0.1,0.5,0.5,True,0,,,,,,1174,,0.091,False,-0.03613523652573558,0.912621359223301,1.0,0.9988027777777777,0.989,0.9424083769633508,0.9536109646810754,0.99195347339756,0.9494444444444445,,requires predict_proba,,requires predict_proba,,1.0929999999971187,success,
llsvm,scar-pi0.1-scalemid,105,"{""alpha"": 2.0, ""beta"": 1.0, ""early_stopping"": true, ""fit_intercept"": true, ""gamma"": 10.0, ""intercept_scale"": 10.0, ""learning_rate"": 5e-06, ""max_epochs"": 3000, ""min_epochs"": 400, ""n_batches"": 20, ""patience"": 200, ""reg_lambda"": 1.0, ""shuffle"": true, ""squash_scale"": 10.0, ""tol"": 0.0005}",scar,0.1,0.5,0.5,True,0,,,,,,1263,,0.0905,False,-0.0254682120518413,0.896551724137931,0.9906648885502002,0.9992083333333334,0.9885,0.9396325459317585,0.9461578672242551,0.9935926605862299,0.9469444444444445,,requires predict_proba,,requires predict_proba,,1.1720000000022992,success,
llsvm,scar-pi0.1-scalemid,106,"{""alpha"": 2.0, ""beta"": 1.0, ""early_stopping"": true, ""fit_intercept"": true, ""gamma"": 10.0, ""intercept_scale"": 10.0, ""learning_rate"": 5e-06, ""max_epochs"": 3000, ""min_epochs"": 400, ""n_batches"": 20, ""patience"": 200, ""reg_lambda"": 1.0, ""shuffle"": true, ""squash_scale"": 10.0, ""tol"": 0.0005}",scar,0.1,0.5,0.5,True,0,,,,,,2422,,0.0955,False,-0.04904255319148937,0.95,0.9947643979057592,0.9983833333333333,0.9885,0.9411764705882353,0.9590425531914893,0.9857894583136686,0.9580555555555555,,requires predict_proba,,requires predict_proba,,2.235000000000582,success,
llsvm,scar-pi0.1-scalemid,107,"{""alpha"": 2.0, ""beta"": 1.0, ""early_stopping"": true, ""fit_intercept"": true, ""gamma"": 10.0, ""intercept_scale"": 10.0, ""learning_rate"": 5e-06, ""max_epochs"": 3000, ""min_epochs"": 400, ""n_batches"": 20, ""patience"": 200, ""reg_lambda"": 1.0, ""shuffle"": true, ""squash_scale"": 10.0, ""tol"": 0.0005}",scar,0.1,0.5,0.5,True,0,,,,,,1288,,0.091,False,-0.03089597736646013,0.8867924528301887,0.9744972009122954,0.9987916666666667,0.989,0.9424083769633508,0.9535374868004224,0.991095163365119,0.9494444444444445,,requires predict_proba,,requires predict_proba,,1.2029999999977008,success,
llsvm,scar-pi0.1-scalemid,108,"{""alpha"": 2.0, ""beta"": 1.0, ""early_stopping"": true, ""fit_intercept"": true, ""gamma"": 10.0, ""intercept_scale"": 10.0, ""learning_rate"": 5e-06, ""max_epochs"": 3000, ""min_epochs"": 400, ""n_batches"": 20, ""patience"": 200, ""reg_lambda"": 1.0, ""shuffle"": true, ""squash_scale"": 10.0, ""tol"": 0.0005}",scar,0.1,0.5,0.5,True,0,,,,,,2127,,0.0945,False,-0.03895946456462045,0.956989247311828,1.0,0.99925,0.9925,0.961439588688946,0.9475616151022549,0.9941478354891939,0.9669444444444445,,requires predict_proba,,requires predict_proba,,1.9530000000013388,success,
llsvm,scar-pi0.1-scalemid,109,"{""alpha"": 2.0, ""beta"": 1.0, ""early_stopping"": true, ""fit_intercept"": true, ""gamma"": 10.0, ""intercept_scale"": 10.0, ""learning_rate"": 5e-06, ""max_epochs"": 3000, ""min_epochs"": 400, ""n_batches"": 20, ""patience"": 200, ""reg_lambda"": 1.0, ""shuffle"": true, ""squash_scale"": 10.0, ""tol"": 0.0005}",scar,0.1,0.5,0.5,True,0,,,,,,3000,,0.0935,False,-0.036162250494937084,0.9158878504672897,0.9795591983607377,0.9981888888888889,0.9885,0.9405684754521964,0.9529846804014791,0.9872417866234395,0.9536111111111112,,requires predict_proba,,requires predict_proba,,2.7659999999996217,success,
llsvm,scar-pi0.1-scalemid,110,"{""alpha"": 2.0, ""beta"": 1.0, ""early_stopping"": true, ""fit_intercept"": true, ""gamma"": 10.0, ""intercept_scale"": 10.0, ""learning_rate"": 5e-06, ""max_epochs"": 3000, ""min_epochs"": 400, ""n_batches"": 20, ""patience"": 200, ""reg_lambda"": 1.0, ""shuffle"": true, ""squash_scale"": 10.0, ""tol"": 0.0005}",scar,0.1,0.5,0.5,True,0,,,,,,2672,,0.0915,False,-0.030065913201266586,0.9195402298850575,1.0,0.9982666666666666,0.9905,0.9503916449086162,0.9461578672242551,0.9907043159752341,0.9547222222222222,,requires predict_proba,,requires predict_proba,,2.4530000000013388,success,
llsvm,scar-pi0.1-scalemid,111,"{""alpha"": 2.0, ""beta"": 1.0, ""early_stopping"": true, ""fit_intercept"": true, ""gamma"": 10.0, ""intercept_scale"": 10.0, ""learning_rate"": 5e-06, ""max_epochs"": 3000, ""min_epochs"": 400, ""n_batches"": 20, ""patience"": 200, ""reg_lambda"": 1.0, ""shuffle"": true, ""squash_scale"": 10.0, ""tol"": 0.0005}",scar,0.1,0.5,0.5,True,0,,,,,,2043,,0.097,False,-0.03600703605980651,0.9333333333333333,0.9621993127147767,0.9990944444444445,0.992,0.9593908629441624,0.9493403693931398,0.9928240477226581,0.971111111111111,,requires predict_proba,,requires predict_proba,,1.8590000000003783,success,
llsvm,scar-pi0.1-scalemid,112,"{""alpha"": 2.0, ""beta"": 1.0, ""early_stopping"": true, ""fit_intercept"": true, ""gamma"": 10.0, ""intercept_scale"": 10.0, ""learning_rate"": 5e-06, ""max_epochs"": 3000, ""min_epochs"": 400, ""n_batches"": 20, ""patience"": 200, ""reg_lambda"": 1.0, ""shuffle"": true, ""squash_scale"": 10.0, ""tol"": 0.0005}",scar,0.1,0.5,0.5,True,0,,,,,,2089,,0.094,False,-0.03663887715785796,0.9306930693069307,0.9900990099009902,0.9993666666666666,0.993,0.9639175257731959,0.9505002632964719,0.995194370552574,0.9672222222222222,,requires predict_proba,,requires predict_proba,,1.9219999999986612,success,
llsvm,scar-pi0.1-scalemid,113,"{""alpha"": 2.0, ""beta"": 1.0, ""early_stopping"": true, ""fit_intercept"": true, ""gamma"": 10.0, ""intercept_scale"": 10.0, ""learning_rate"": 5e-06, ""max_epochs"": 3000, ""min_epochs"": 400, ""n_batches"": 20, ""patience"": 200, ""reg_lambda"": 1.0, ""shuffle"": true, ""squash_scale"": 10.0, ""tol"": 0.0005}",scar,0.1,0.5,0.5,True,0,,,,,,1356,,0.095,False,-0.03191805149674243,0.912621359223301,0.9606540623403169,0.9989166666666667,0.992,0.958974358974359,0.9493937796520823,0.9911118744819385,0.9666666666666667,,requires predict_proba,,requires predict_proba,,1.2659999999996217,success,
llsvm,scar-pi0.1-scalemid,114,"{""alpha"": 2.0, ""beta"": 1.0, ""early_stopping"": true, ""fit_intercept"": true, ""gamma"": 10.0, ""intercept_scale"": 10.0, ""learning_rate"": 5e-06, ""max_epochs"": 3000, ""min_epochs"": 400, ""n_batches"": 20, ""patience"": 200, ""reg_lambda"": 1.0, ""shuffle"": true, ""squash_scale"": 10.0, ""tol"": 0.0005}",scar,0.1,0.5,0.5,True,0,,,,,,1932,,0.0955,False,-0.04949866325331009,0.9572649572649573,1.0,0.9990166666666667,0.9935,0.9667519181585678,0.9580456718003186,0.9895952670438298,0.9719444444444445,,requires predict_proba,,requires predict_proba,,1.7809999999990396,success,
llsvm,scar-pi0.1-scalemid,115,"{""alpha"": 2.0, ""beta"": 1.0, ""early_stopping"": true, ""fit_intercept"": true, ""gamma"": 10.0, ""intercept_scale"": 10.0, ""learning_rate"": 5e-06, ""max_epochs"": 3000, ""min_epochs"": 400, ""n_batches"": 20, ""patience"": 200, ""reg_lambda"": 1.0, ""shuffle"": true, ""squash_scale"": 10.0, ""tol"": 0.0005}",scar,0.1,0.5,0.5,True,0,,,,,,2588,,0.0945,False,-0.042297989148412006,0.9439252336448598,0.9988626811056718,0.99885,0.9915,0.9562982005141388,0.9535129424194401,0.9912175053776261,0.9641666666666666,,requires predict_proba,,requires predict_proba,,2.422000000002299,success,
llsvm,scar-pi0.1-scalemid,116,"{""alpha"": 2.0, ""beta"": 1.0, ""early_stopping"": true, ""fit_intercept"": true, ""gamma"": 10.0, ""intercept_scale"": 10.0, ""learning_rate"": 5e-06, ""max_epochs"": 3000, ""min_epochs"": 400, ""n_batches"": 20, ""patience"": 200, ""reg_lambda"": 1.0, ""shuffle"": true, ""squash_scale"": 10.0, ""tol"": 0.0005}",scar,0.1,0.5,0.5,True,0,,,,,,1322,,0.091,False,-0.03596884149225023,0.9191919191919192,1.0,0.9995805555555555,0.989,0.9424083769633508,0.9521304576538664,0.996310694666011,0.9494444444444445,,requires predict_proba,,requires predict_proba,,1.2340000000003783,success,
llsvm,scar-pi0.1-scalemid,117,"{""alpha"": 2.0, ""beta"": 1.0, ""early_stopping"": true, ""fit_intercept"": true, ""gamma"": 10.0, ""intercept_scale"": 10.0, ""learning_rate"": 5e-06, ""max_epochs"": 3000, ""min_epochs"": 400, ""n_batches"": 20, ""patience"": 200, ""reg_lambda"": 1.0, ""shuffle"": true, ""squash_scale"": 10.0, ""tol"": 0.0005}",scar,0.1,0.5,0.5,True,0,,,,,,1281,,0.0945,False,-0.030956547177273003,0.9175257731958762,0.9709267441226205,0.9986222222222223,0.9865,0.9305912596401028,0.9474513925380977,0.9884780626797626,0.9502777777777778,,requires predict_proba,,requires predict_proba,,1.1879999999982829,success,
llsvm,scar-pi0.1-scalemid,118,"{""alpha"": 2.0, ""beta"": 1.0, ""early_stopping"": true, ""fit_intercept"": true, ""gamma"": 10.0, ""intercept_scale"": 10.0, ""learning_rate"": 5e-06, ""max_epochs"": 3000, ""min_epochs"": 400, ""n_batches"": 20, ""patience"": 200, ""reg_lambda"": 1.0, ""shuffle"": true, ""squash_scale"": 10.0, ""tol"": 0.0005}",scar,0.1,0.5,0.5,True,0,,,,,,651,,0.093,False,-0.04143333111555804,0.941747572815534,1.0,0.9995416666666667,0.991,0.9533678756476683,0.9530838165524512,0.9959045029394643,0.9594444444444445,,requires predict_proba,,requires predict_proba,,0.625,success,
llsvm,scar-pi0.1-scalemid,119,"{""alpha"": 2.0, ""beta"": 1.0, ""early_stopping"": true, ""fit_intercept"": true, ""gamma"": 10.0, ""intercept_scale"": 10.0, ""learning_rate"": 5e-06, ""max_epochs"": 3000, ""min_epochs"": 400, ""n_batches"": 20, ""patience"": 200, ""reg_lambda"": 1.0, ""shuffle"": true, ""squash_scale"": 10.0, ""tol"": 0.0005}",scar,0.1,0.5,0.5,True,0,,,,,,1580,,0.0915,False,-0.03539439149053737,0.9263157894736842,1.0,0.9980444444444444,0.9895,0.9451697127937336,0.9501312335958005,0.9873279895089343,0.9519444444444445,,requires predict_proba,,requires predict_proba,,1.4530000000013388,success,
llsvm,scar-pi0.3-scalesmall,100,"{""alpha"": 2.0, ""beta"": 1.0, ""early_stopping"": true, ""fit_intercept"": true, ""gamma"": 10.0, ""intercept_scale"": 10.0, ""learning_rate"": 5e-06, ""max_epochs"": 3000, ""min_epochs"": 400, ""n_batches"": 20, ""patience"": 200, ""reg_lambda"": 1.0, ""shuffle"": true, ""squash_scale"": 10.0, ""tol"": 0.0005}",scar,0.3,0.5,0.5,True,0,,,,,,1619,,0.225,False,-0.020669489816495246,0.7586206896551724,1.0,0.9991964285714285,0.925,0.8571428571428571,0.8654970760233918,0.9981274871848953,0.875,,requires predict_proba,,requires predict_proba,,1.25,success,
llsvm,scar-pi0.3-scalesmall,101,"{""alpha"": 2.0, ""beta"": 1.0, ""early_stopping"": true, ""fit_intercept"": true, ""gamma"": 10.0, ""intercept_scale"": 10.0, ""learning_rate"": 5e-06, ""max_epochs"": 3000, ""min_epochs"": 400, ""n_batches"": 20, ""patience"": 200, ""reg_lambda"": 1.0, ""shuffle"": true, ""squash_scale"": 10.0, ""tol"": 0.0005}",scar,0.3,0.5,0.5,True,0,,,,,,2727,,0.2025,False,0.007647058823529396,0.6833333333333333,1.0,0.99625,0.8975,0.7960199004975125,0.8823529411764706,0.9909852352735108,0.831547619047619,,requires predict_proba,,requires predict_proba,,2.0940000000009604,success,
llsvm,scar-pi0.3-scalesmall,102,"{""alpha"": 2.0, ""beta"": 1.0, ""early_stopping"": true, ""fit_intercept"": true, ""gamma"": 10.0, ""intercept_scale"": 10.0, ""learning_rate"": 5e-06, ""max_epochs"": 3000, ""min_epochs"": 400, ""n_batches"": 20, ""patience"": 200, ""reg_lambda"": 1.0, ""shuffle"": true, ""squash_scale"": 10.0, ""tol"": 0.0005}",scar,0.3,0.5,0.5,True,0,,,,,,1885,,0.1775,False,0.06395256916996045,0.5818181818181818,0.9833546734955185,0.9939880952380953,0.8775,0.743455497382199,0.8869565217391304,0.9890623282047605,0.7958333333333334,,requires predict_proba,,requires predict_proba,,1.4369999999980791,success,
llsvm,scar-pi0.3-scalesmall,103,"{""alpha"": 2.0, ""beta"": 1.0, ""early_stopping"": true, ""fit_intercept"": true, ""gamma"": 10.0, ""intercept_scale"": 10.0, ""learning_rate"": 5e-06, ""max_epochs"": 3000, ""min_epochs"": 400, ""n_batches"": 20, ""patience"": 200, ""reg_lambda"": 1.0, ""shuffle"": true, ""squash_scale"": 10.0, ""tol"": 0.0005}",scar,0.3,0.5,0.5,True,0,,,,,,2106,,0.2225,False,-0.05210823591225533,0.7681159420289855,1.0,0.997172619047619,0.9225,0.8516746411483254,0.8912386706948641,0.9944265158911222,0.8708333333333333,,requires predict_proba,,requires predict_proba,,1.6409999999996217,success,
llsvm,scar-pi0.3-scalesmall,104,"{""alpha"": 2.0, ""beta"": 1.0, ""early_stopping"": true, ""fit_intercept"": true, ""gamma"": 10.0, ""intercept_scale"": 10.0, ""learning_rate"": 5e-06, ""max_epochs"": 3000, ""min_epochs"": 400, ""n_batches"": 20, ""patience"": 200, ""reg_lambda"": 1.0, ""shuffle"": true, ""squash_scale"": 10.0, ""tol"": 0.0005}",scar,0.3,0.5,0.5,True,0,,,,,,1048,,0.225,False,-0.07878300803673938,0.8153846153846154,1.0,0.9998214285714286,0.925,0.8571428571428571,0.8895522388059701,0.999584997451179,0.875,,requires predict_proba,,requires predict_proba,,0.8120000000017171,success,
llsvm,scar-pi0.3-scalesmall,105,"{""alpha"": 2.0, ""beta"": 1.0, ""early_stopping"": true, ""fit_intercept"": true, ""gamma"": 10.0, ""intercept_scale"": 10.0, ""learning_rate"": 5e-06, ""max_epochs"": 3000, ""min_epochs"": 400, ""n_batches"": 20, ""patience"": 200, ""reg_lambda"": 1.0, ""shuffle"": true, ""squash_scale"": 10.0, ""tol"": 0.0005}",scar,0.3,0.5,0.5,True,0,,,,,,1082,,0.2075,False,0.0911764705882353,0.5833333333333334,0.8433734939759038,0.9991369047619048,0.9075,0.8177339901477833,0.8588235294117647,0.9981384960600033,0.8458333333333333,,requires predict_proba,,requires predict_proba,,0.8440000000009604,success,
llsvm,scar-pi0.3-scalesmall,106,"{""alpha"": 2.0, ""beta"": 1.0, ""early_stopping"": true, ""fit_intercept"": true, ""gamma"": 10.0, ""intercept_scale"": 10.0, ""learning_rate"": 5e-06, ""max_epochs"": 3000, ""min_epochs"": 400, ""n_batches"": 20, ""patience"": 200, ""reg_lambda"": 1.0, ""shuffle"": true, ""squash_scale"": 10.0, ""tol"": 0.0005}",scar,0.3,0.5,0.5,True,0,,,,,,2230,,0.22,False,-0.02090093529299486,0.7419354838709677,1.0,0.9972916666666667,0.92,0.8461538461538461,0.8757396449704142,0.994268646982589,0.8666666666666667,,requires predict_proba,,requires predict_proba,,1.7189999999973224,success,
llsvm,scar-pi0.3-scalesmall,107,"{""alpha"": 2.0, ""beta"": 1.0, ""early_stopping"": true, ""fit_intercept"": true, ""gamma"": 10.0, ""intercept_scale"": 10.0, ""learning_rate"": 5e-06, ""max_epochs"": 3000, ""min_epochs"": 400, ""n_batches"": 20, ""patience"": 200, ""reg_lambda"": 1.0, ""shuffle"": true, ""squash_scale"": 10.0, ""tol"": 0.0005}",scar,0.3,0.5,0.5,True,0,,,,,,1223,,0.15,False,0.0715909090909091,0.5416666666666666,1.0,0.9972619047619048,0.85,0.6666666666666666,0.9034090909090909,0.9944669131713617,0.75,,requires predict_proba,,requires predict_proba,,0.9370000000017171,success,
llsvm,scar-pi0.3-scalesmall,108,"{""alpha"": 2.0, ""beta"": 1.0, ""early_stopping"": true, ""fit_intercept"": true, ""gamma"": 10.0, ""intercept_scale"": 10.0, ""learning_rate"": 5e-06, ""max_epochs"": 3000, ""min_epochs"": 400, ""n_batches"": 20, ""patience"": 200, ""reg_lambda"": 1.0, ""shuffle"": true, ""squash_scale"": 10.0, ""tol"": 0.0005}",scar,0.3,0.5,0.5,True,0,,,,,,1623,,0.195,False,-0.023519009725906315,0.7307692307692307,1.0,0.9964285714285714,0.895,0.7878787878787878,0.8850574712643678,0.9923725018579669,0.825,,requires predict_proba,,requires predict_proba,,1.2190000000009604,success,
llsvm,scar-pi0.3-scalesmall,109,"{""alpha"": 2.0, ""beta"": 1.0, ""early_stopping"": true, ""fit_intercept"": true, ""gamma"": 10.0, ""intercept_scale"": 10.0, ""learning_rate"": 5e-06, ""max_epochs"": 3000, ""min_epochs"": 400, ""n_batches"": 20, ""patience"": 200, ""reg_lambda"": 1.0, ""shuffle"": true, ""squash_scale"": 10.0, ""tol"": 0.0005}",scar,0.3,0.5,0.5,True,0,,,,,,2028,,0.2175,False,-0.07252476356953969,0.7910447761194029,1.0,0.9937202380952381,0.9175,0.8405797101449275,0.8978978978978979,0.9884712407514704,0.8625,,requires predict_proba,,requires predict_proba,,1.5779999999977008,success,
llsvm,scar-pi0.3-scalesmall,110,"{""alpha"": 2.0, ""beta"": 1.0, ""early_stopping"": true, ""fit_intercept"": true, ""gamma"": 10.0, ""intercept_scale"": 10.0, ""learning_rate"": 5e-06, ""max_epochs"": 3000, ""min_epochs"": 400, ""n_batches"": 20, ""patience"": 200, ""reg_lambda"": 1.0, ""shuffle"": true, ""squash_scale"": 10.0, ""tol"": 0.0005}",scar,0.3,0.5,0.5,True,0,,,,,,2132,,0.2275,False,-0.06701992369648158,0.8095238095238095,1.0,0.9959821428571428,0.9275,0.8625592417061612,0.8813056379821959,0.9921944583499918,0.8791666666666667,,requires predict_proba,,requires predict_proba,,1.639999999999418,success,
llsvm,scar-pi0.3-scalesmall,111,"{""alpha"": 2.0, ""beta"": 1.0, ""early_stopping"": true, ""fit_intercept"": true, ""gamma"": 10.0, ""intercept_scale"": 10.0, ""learning_rate"": 5e-06, ""max_epochs"": 3000, ""min_epochs"": 400, ""n_batches"": 20, ""patience"": 200, ""reg_lambda"": 1.0, ""shuffle"": true, ""squash_scale"": 10.0, ""tol"": 0.0005}",scar,0.3,0.5,0.5,True,0,,,,,,1455,,0.2075,False,0.013529411764705845,0.6833333333333333,0.9879518072289156,0.9975892857142857,0.9075,0.8177339901477833,0.8764705882352941,0.9949294069722417,0.8458333333333333,,requires predict_proba,,requires predict_proba,,1.125,success,
llsvm,scar-pi0.3-scalesmall,112,"{""alpha"": 2.0, ""beta"": 1.0, ""early_stopping"": true, ""fit_intercept"": true, ""gamma"": 10.0, ""intercept_scale"": 10.0, ""learning_rate"": 5e-06, ""max_epochs"": 3000, ""min_epochs"": 400, ""n_batches"": 20, ""patience"": 200, ""reg_lambda"": 1.0, ""shuffle"": true, ""squash_scale"": 10.0, ""tol"": 0.0005}",scar,0.3,0.5,0.5,True,0,,,,,,1650,,0.2075,False,0.0022141630082077035,0.6935483870967742,1.0,0.9963392857142858,0.9075,0.8177339901477833,0.8816568047337278,0.9917380191995484,0.8458333333333333,,requires predict_proba,,requires predict_proba,,1.2660000000032596,success,
llsvm,scar-pi0.3-scalesmall,113,"{""alpha"": 2.0, ""beta"": 1.0, ""early_stopping"": true, ""fit_intercept"": true, ""gamma"": 10.0, ""intercept_scale"": 10.0, ""learning_rate"": 5e-06, ""max_epochs"": 3000, ""min_epochs"": 400, ""n_batches"": 20, ""patience"": 200, ""reg_lambda"": 1.0, ""shuffle"": true, ""squash_scale"": 10.0, ""tol"": 0.0005}",scar,0.3,0.5,0.5,True,0,,,,,,1138,,0.2425,False,-0.055757575757575756,0.8,0.9896907216494846,0.9995833333333334,0.9425,0.8940092165898618,0.8757575757575757,0.9991029517867753,0.9041666666666667,,requires predict_proba,,requires predict_proba,,0.8909999999996217,success,
llsvm,scar-pi0.3-scalesmall,114,"{""alpha"": 2.0, ""beta"": 1.0, ""early_stopping"": true, ""fit_intercept"": true, ""gamma"": 10.0, ""intercept_scale"": 10.0, ""learning_rate"": 5e-06, ""max_epochs"": 3000, ""min_epochs"": 400, ""n_batches"": 20, ""patience"": 200, ""reg_lambda"": 1.0, ""shuffle"": true, ""squash_scale"": 10.0, ""tol"": 0.0005}",scar,0.3,0.5,0.5,True,0,,,,,,1294,,0.2025,False,-0.0015191038821543712,0.7017543859649122,1.0,0.9980654761904761,0.9025,0.8059701492537313,0.880466472303207,0.9956847980281903,0.8375,,requires predict_proba,,requires predict_proba,,0.9850000000005821,success,
llsvm,scar-pi0.3-scalesmall,115,"{""alpha"": 2.0, ""beta"": 1.0, ""early_stopping"": true, ""fit_intercept"": true, ""gamma"": 10.0, ""intercept_scale"": 10.0, ""learning_rate"": 5e-06, ""max_epochs"": 3000, ""min_epochs"": 400, ""n_batches"": 20, ""patience"": 200, ""reg_lambda"": 1.0, ""shuffle"": true, ""squash_scale"": 10.0, ""tol"": 0.0005}",scar,0.3,0.5,0.5,True,0,,,,,,1961,,0.185,False,-0.026442281550758506,0.7169811320754716,1.0,0.9988392857142857,0.885,0.7628865979381443,0.8962536023054755,0.9975233746720973,0.8083333333333333,,requires predict_proba,,requires predict_proba,,1.514999999999418,success,
llsvm,scar-pi0.3-scalesmall,116,"{""alpha"": 2.0, ""beta"": 1.0, ""early_stopping"": true, ""fit_intercept"": true, ""gamma"": 10.0, ""intercept_scale"": 10.0, ""learning_rate"": 5e-06, ""max_epochs"": 3000, ""min_epochs"": 400, ""n_batches"": 20, ""patience"": 200, ""reg_lambda"": 1.0, ""shuffle"": true, ""squash_scale"": 10.0, ""tol"": 0.0005}",scar,0.3,0.5,0.5,True,0,,,,,,970,,0.2225,False,-0.010498798926098674,0.7301587301587301,0.9844836811128944,0.999732142857143,0.9225,0.8516746411483254,0.8724035608308606,0.9993815671975108,0.8708333333333333,,requires predict_proba,,requires predict_proba,,0.7350000000005821,success,
llsvm,scar-pi0.3-scalesmall,117,"{""alpha"": 2.0, ""beta"": 1.0, ""early_stopping"": true, ""fit_intercept"": true, ""gamma"": 10.0, ""intercept_scale"": 10.0, ""learning_rate"": 5e-06, ""max_epochs"": 3000, ""min_epochs"": 400, ""n_batches"": 20, ""patience"": 200, ""reg_lambda"": 1.0, ""shuffle"": true, ""squash_scale"": 10.0, ""tol"": 0.0005}",scar,0.3,0.5,0.5,True,0,,,,,,1269,,0.225,False,-0.010615133369624441,0.7272727272727273,0.9696969696969696,0.9985714285714286,0.925,0.8571428571428571,0.874251497005988,0.9968834323082452,0.875,,requires predict_proba,,requires predict_proba,,0.9840000000003783,success,
llsvm,scar-pi0.3-scalesmall,118,"{""alpha"": 2.0, ""beta"": 1.0, ""early_stopping"": true, ""fit_intercept"": true, ""gamma"": 10.0, ""intercept_scale"": 10.0, ""learning_rate"": 5e-06, ""max_epochs"": 3000, ""min_epochs"": 400, ""n_batches"": 20, ""patience"": 200, ""reg_lambda"": 1.0, ""shuffle"": true, ""squash_scale"": 10.0, ""tol"": 0.0005}",scar,0.3,0.5,0.5,True,0,,,,,,637,,0.2025,False,0.0020552344251765775,0.7037037037037037,1.0,0.9978869047619048,0.9025,0.8059701492537313,0.8757225433526011,0.9951352207995298,0.8375,,requires predict_proba,,requires predict_proba,,0.48399999999674037,success,
llsvm,scar-pi0.3-scalesmall,119,"{""alpha"": 2.0, ""beta"": 1.0, ""early_stopping"": true, ""fit_intercept"": true, ""gamma"": 10.0, ""intercept_scale"": 10.0, ""learning_rate"": 5e-06, ""max_epochs"": 3000, ""min_epochs"": 400, ""n_batches"": 20, ""patience"": 200, ""reg_lambda"": 1.0, ""shuffle"": true, ""squash_scale"": 10.0, ""tol"": 0.0005}",scar,0.3,0.5,0.5,True,0,,,,,,1451,,0.21,False,0.012956810631229276,0.6964285714285714,0.9948979591836734,0.9995833333333334,0.91,0.8235294117647058,0.8691860465116279,0.9991029517867753,0.85,,requires predict_proba,,requires predict_proba,,1.1089999999967404,success,
llsvm,scar-pi0.3-scalemid,100,"{""alpha"": 2.0, ""beta"": 1.0, ""early_stopping"": true, ""fit_intercept"": true, ""gamma"": 10.0, ""intercept_scale"": 10.0, ""learning_rate"": 5e-06, ""max_epochs"": 3000, ""min_epochs"": 400, ""n_batches"": 20, ""patience"": 200, ""reg_lambda"": 1.0, ""shuffle"": true, ""squash_scale"": 10.0, ""tol"": 0.0005}",scar,0.3,0.5,0.5,True,0,,,,,,981,,0.2885,False,-0.10058341608738827,0.9506578947368421,0.9885524035391774,0.9966083333333333,0.9755,0.9583687340696686,0.8301886792452831,0.9933241298293396,0.9653571428571428,,requires predict_proba,,requires predict_proba,,0.9690000000009604,success,
llsvm,scar-pi0.3-scalemid,101,"{""alpha"": 2.0, ""beta"": 1.0, ""early_stopping"": true, ""fit_intercept"": true, ""gamma"": 10.0, ""intercept_scale"": 10.0, ""learning_rate"": 5e-06, ""max_epochs"": 3000, ""min_epochs"": 400, ""n_batches"": 20, ""patience"": 200, ""reg_lambda"": 1.0, ""shuffle"": true, ""squash_scale"": 10.0, ""tol"": 0.0005}",scar,0.3,0.5,0.5,True,0,,,,,,1372,,0.2895,False,-0.08627404556321253,0.9494584837545126,0.9838948018181478,0.9990166666666667,0.9815,0.9686174724342663,0.816598955310505,0.9977246205828142,0.9729761904761904,,requires predict_proba,,requires predict_proba,,1.25,success,
llsvm,scar-pi0.3-scalemid,102,"{""alpha"": 2.0, ""beta"": 1.0, ""early_stopping"": true, ""fit_intercept"": true, ""gamma"": 10.0, ""intercept_scale"": 10.0, ""learning_rate"": 5e-06, ""max_epochs"": 3000, ""min_epochs"": 400, ""n_batches"": 20, ""patience"": 200, ""reg_lambda"": 1.0, ""shuffle"": true, ""squash_scale"": 10.0, ""tol"": 0.0005}",scar,0.3,0.5,0.5,True,0,,,,,,1402,,0.2895,False,-0.09646561832887338,0.939873417721519,0.9739620909031286,0.9985440476190477,0.9765,0.9601357082273113,0.832541567695962,0.9967396952506633,0.9670238095238095,,requires predict_proba,,requires predict_proba,,1.3120000000017171,success,
llsvm,scar-pi0.3-scalemid,103,"{""alpha"": 2.0, ""beta"": 1.0, ""early_stopping"": true, ""fit_intercept"": true, ""gamma"": 10.0, ""intercept_scale"": 10.0, ""learning_rate"": 5e-06, ""max_epochs"": 3000, ""min_epochs"": 400, ""n_batches"": 20, ""patience"": 200, ""reg_lambda"": 1.0, ""shuffle"": true, ""squash_scale"": 10.0, ""tol"": 0.0005}",scar,0.3,0.5,0.5,True,0,,,,,,2217,,0.2915,False,-0.1063473520249221,0.9722222222222222,1.0,0.9993500000000001,0.9895,0.9822485207100592,0.8230140186915887,0.9986908067018396,0.983452380952381,,requires predict_proba,,requires predict_proba,,2.077999999997701,success,
llsvm,scar-pi0.3-scalemid,104,"{""alpha"": 2.0, ""beta"": 1.0, ""early_stopping"": true, ""fit_intercept"": true, ""gamma"": 10.0, ""intercept_scale"": 10.0, ""learning_rate"": 5e-06, ""max_epochs"": 3000, ""min_epochs"": 400, ""n_batches"": 20, ""patience"": 200, ""reg_lambda"": 1.0, ""shuffle"": true, ""squash_scale"": 10.0, ""tol"": 0.0005}",scar,0.3,0.5,0.5,True,0,,,,,,688,,0.287,False,-0.10157075214862499,0.9478827361563518,0.9908181911042004,0.9988452380952381,0.982,0.969335604770017,0.8328411104548139,0.9973883909671807,0.9723809523809523,,requires predict_proba,,requires predict_proba,,0.6410000000032596,success,
llsvm,scar-pi0.3-scalemid,105,"{""alpha"": 2.0, ""beta"": 1.0, ""early_stopping"": true, ""fit_intercept"": true, ""gamma"": 10.0, ""intercept_scale"": 10.0, ""learning_rate"": 5e-06, ""max_epochs"": 3000, ""min_epochs"": 400, ""n_batches"": 20, ""patience"": 200, ""reg_lambda"": 1.0, ""shuffle"": true, ""squash_scale"": 10.0, ""tol"": 0.0005}",scar,0.3,0.5,0.5,True,0,,,,,,597,,0.286,False,-0.10174200378556991,0.9554794520547946,1.0,0.9993333333333333,0.982,0.9692832764505119,0.8284543325526932,0.9984794489678996,0.9719047619047618,,requires predict_proba,,requires predict_proba,,0.5619999999980791,success,
llsvm,scar-pi0.3-scalemid,106,"{""alpha"": 2.0, ""beta"": 1.0, ""early_stopping"": true, ""fit_intercept"": true, ""gamma"": 10.0, ""intercept_scale"": 10.0, ""learning_rate"": 5e-06, ""max_epochs"": 3000, ""min_epochs"": 400, ""n_batches"": 20, ""patience"": 200, ""reg_lambda"": 1.0, ""shuffle"": true, ""squash_scale"": 10.0, ""tol"": 0.0005}",scar,0.3,0.5,0.5,True,0,,,,,,1466,,0.2825,False,-0.09414596814264417,0.9292604501607717,0.9868252568078992,0.9976309523809523,0.9715,0.9510729613733906,0.8365896980461812,0.9946068090480142,0.9577380952380952,,requires predict_proba,,requires predict_proba,,1.3280000000013388,success,
llsvm,scar-pi0.3-scalemid,107,"{""alpha"": 2.0, ""beta"": 1.0, ""early_stopping"": true, ""fit_intercept"": true, ""gamma"": 10.0, ""intercept_scale"": 10.0, ""learning_rate"": 5e-06, ""max_epochs"": 3000, ""min_epochs"": 400, ""n_batches"": 20, ""patience"": 200, ""reg_lambda"": 1.0, ""shuffle"": true, ""squash_scale"": 10.0, ""tol"": 0.0005}",scar,0.3,0.5,0.5,True,0,,,,,,1219,,0.286,False,-0.09350976647119486,0.9477351916376306,0.9941278233961162,0.9992178571428572,0.983,0.9709897610921502,0.8248686514886164,0.9982544971053748,0.9730952380952381,,requires predict_proba,,requires predict_proba,,1.1559999999990396,success,
llsvm,scar-pi0.3-scalemid,108,"{""alpha"": 2.0, ""beta"": 1.0, ""early_stopping"": true, ""fit_intercept"": true, ""gamma"": 10.0, ""intercept_scale"": 10.0, ""learning_rate"": 5e-06, ""max_epochs"": 3000, ""min_epochs"": 400, ""n_batches"": 20, ""patience"": 200, ""reg_lambda"": 1.0, ""shuffle"": true, ""squash_scale"": 10.0, ""tol"": 0.0005}",scar,0.3,0.5,0.5,True,0,,,,,,975,,0.2895,False,-0.10425600522218878,0.959866220735786,0.9946800214878612,0.9989511904761904,0.9855,0.9754028837998303,0.8283362727807172,0.9977516289584782,0.9777380952380952,,requires predict_proba,,requires predict_proba,,0.9059999999990396,success,
llsvm,scar-pi0.3-scalemid,109,"{""alpha"": 2.0, ""beta"": 1.0, ""early_stopping"": true, ""fit_intercept"": true, ""gamma"": 10.0, ""intercept_scale"": 10.0, ""learning_rate"": 5e-06, ""max_epochs"": 3000, ""min_epochs"": 400, ""n_batches"": 20, ""patience"": 200, ""reg_lambda"": 1.0, ""shuffle"": true, ""squash_scale"": 10.0, ""tol"": 0.0005}",scar,0.3,0.5,0.5,True,0,,,,,,1610,,0.2875,False,-0.11014045983785539,0.9554140127388535,0.9969537524231515,0.9980107142857142,0.9795,0.9651063829787234,0.8368920521945433,0.9957763251264985,0.9696428571428571,,requires predict_proba,,requires predict_proba,,1.485000000000582,success,
llsvm,scar-pi0.3-scalemid,110,"{""alpha"": 2.0, ""beta"": 1.0, ""early_stopping"": true, ""fit_intercept"": true, ""gamma"": 10.0, ""intercept_scale"": 10.0, ""learning_rate"": 5e-06, ""max_epochs"": 3000, ""min_epochs"": 400, ""n_batches"": 20, ""patience"": 200, ""reg_lambda"": 1.0, ""shuffle"": true, ""squash_scale"": 10.0, ""tol"": 0.0005}",scar,0.3,0.5,0.5,True,0,,,,,,1380,,0.2845,False,-0.10539448882506058,0.9615384615384616,1.0,0.9985785714285715,0.9805,0.9666381522668948,0.8284714119019837,0.997118830582303,0.9694047619047619,,requires predict_proba,,requires predict_proba,,1.2970000000022992,success,
llsvm,scar-pi0.3-scalemid,111,"{""alpha"": 2.0, ""beta"": 1.0, ""early_stopping"": true, ""fit_intercept"": true, ""gamma"": 10.0, ""intercept_scale"": 10.0, ""learning_rate"": 5e-06, ""max_epochs"": 3000, ""min_epochs"": 400, ""n_batches"": 20, ""patience"": 200, ""reg_lambda"": 1.0, ""shuffle"": true, ""squash_scale"": 10.0, ""tol"": 0.0005}",scar,0.3,0.5,0.5,True,0,,,,,,963,,0.2875,False,-0.10624050768586732,0.9653979238754326,1.0,0.9994547619047619,0.9845,0.9736170212765958,0.8270017533606079,0.9987305634695682,0.9755952380952382,,requires predict_proba,,requires predict_proba,,0.8899999999994179,success,
llsvm,scar-pi0.3-scalemid,112,"{""alpha"": 2.0, ""beta"": 1.0, ""early_stopping"": true, ""fit_intercept"": true, ""gamma"": 10.0, ""intercept_scale"": 10.0, ""learning_rate"": 5e-06, ""max_epochs"": 3000, ""min_epochs"": 400, ""n_batches"": 20, ""patience"": 200, ""reg_lambda"": 1.0, ""shuffle"": true, ""squash_scale"": 10.0, ""tol"": 0.0005}",scar,0.3,0.5,0.5,True,0,,,,,,961,,0.287,False,-0.09999999999999998,0.95,0.9930313588850174,0.9990809523809524,0.983,0.9710391822827938,0.83,0.9979601256532115,0.9735714285714285,,requires predict_proba,,requires predict_proba,,0.9069999999992433,success,
llsvm,scar-pi0.3-scalemid,113,"{""alpha"": 2.0, ""beta"": 1.0, ""early_stopping"": true, ""fit_intercept"": true, ""gamma"": 10.0, ""intercept_scale"": 10.0, ""learning_rate"": 5e-06, ""max_epochs"": 3000, ""min_epochs"": 400, ""n_batches"": 20, ""patience"": 200, ""reg_lambda"": 1.0, ""shuffle"": true, ""squash_scale"": 10.0, ""tol"": 0.0005}",scar,0.3,0.5,0.5,True,0,,,,,,877,,0.2865,False,-0.10588265689860082,0.9514563106796117,0.9962893305545673,0.9990654761904763,0.9825,0.9701619778346121,0.8350088704908338,0.9977508277050309,0.9727380952380953,,requires predict_proba,,requires predict_proba,,0.8120000000017171,success,
llsvm,scar-pi0.3-scalemid,114,"{""alpha"": 2.0, ""beta"": 1.0, ""early_stopping"": true, ""fit_intercept"": true, ""gamma"": 10.0, ""intercept_scale"": 10.0, ""learning_rate"": 5e-06, ""max_epochs"": 3000, ""min_epochs"": 400, ""n_batches"": 20, ""patience"": 200, ""reg_lambda"": 1.0, ""shuffle"": true, ""squash_scale"": 10.0, ""tol"": 0.0005}",scar,0.3,0.5,0.5,True,0,,,,,,900,,0.2855,False,-0.1177624425158445,0.9566563467492261,1.0,0.998429761904762,0.9825,0.9701110162254484,0.8437686344663089,0.9954022136451824,0.9722619047619048,,requires predict_proba,,requires predict_proba,,0.8279999999977008,success,
llsvm,scar-pi0.3-scalemid,115,"{""alpha"": 2.0, ""beta"": 1.0, ""early_stopping"": true, ""fit_intercept"": true, ""gamma"": 10.0, ""intercept_scale"": 10.0, ""learning_rate"": 5e-06, ""max_epochs"": 3000, ""min_epochs"": 400, ""n_batches"": 20, ""patience"": 200, ""reg_lambda"": 1.0, ""shuffle"": true, ""squash_scale"": 10.0, ""tol"": 0.0005}",scar,0.3,0.5,0.5,True,0,,,,,,1179,,0.2855,False,-0.11386255924170616,0.9583333333333334,1.0,0.9980988095238096,0.9785,0.9632792485055508,0.8388625592417062,0.9960420326061209,0.9675,,requires predict_proba,,requires predict_proba,,1.0780000000013388,success,
llsvm,scar-pi0.3-scalemid,116,"{""alpha"": 2.0, ""beta"": 1.0, ""early_stopping"": true, ""fit_intercept"": true, ""gamma"": 10.0, ""intercept_scale"": 10.0, ""learning_rate"": 5e-06, ""max_epochs"": 3000, ""min_epochs"": 400, ""n_batches"": 20, ""patience"": 200, ""reg_lambda"": 1.0, ""shuffle"": true, ""squash_scale"": 10.0, ""tol"": 0.0005}",scar,0.3,0.5,0.5,True,0,,,,,,1249,,0.291,False,-0.11503643587694068,0.9735973597359736,1.0,0.9997583333333333,0.989,0.9813874788494078,0.8308780200353565,0.9994214886132626,0.9826190476190476,,requires predict_proba,,requires predict_proba,,1.1559999999990396,success,
llsvm,scar-pi0.3-scalemid,117,"{""alpha"": 2.0, ""beta"": 1.0, ""early_stopping"": true, ""fit_intercept"": true, ""gamma"": 10.0, ""intercept_scale"": 10.0, ""learning_rate"": 5e-06, ""max_epochs"": 3000, ""min_epochs"": 400, ""n_batches"": 20, ""patience"": 200, ""reg_lambda"": 1.0, ""shuffle"": true, ""squash_scale"": 10.0, ""tol"": 0.0005}",scar,0.3,0.5,0.5,True,0,,,,,,794,,0.2895,False,-0.10138742218358546,0.9537953795379538,0.9883889943398485,0.9990107142857143,0.9835,0.9720101781170484,0.8291101944608132,0.9976902449560285,0.9753571428571428,,requires predict_proba,,requires predict_proba,,0.7350000000005821,success,
llsvm,scar-pi0.3-scalemid,118,"{""alpha"": 2.0, ""beta"": 1.0, ""early_stopping"": true, ""fit_intercept"": true, ""gamma"": 10.0, ""intercept_scale"": 10.0, ""learning_rate"": 5e-06, ""max_epochs"": 3000, ""min_epochs"": 400, ""n_batches"": 20, ""patience"": 200, ""reg_lambda"": 1.0, ""shuffle"": true, ""squash_scale"": 10.0, ""tol"": 0.0005}",scar,0.3,0.5,0.5,True,0,,,,,,917,,0.293,False,-0.11086046631797122,0.9676375404530745,0.990755160873455,0.9996333333333334,0.989,0.9814502529510961,0.8302779420461266,0.9991474295318283,0.9835714285714285,,requires predict_proba,,requires predict_proba,,0.8590000000003783,success,
llsvm,scar-pi0.3-scalemid,119,"{""alpha"": 2.0, ""beta"": 1.0, ""early_stopping"": true, ""fit_intercept"": true, ""gamma"": 10.0, ""intercept_scale"": 10.0, ""learning_rate"": 5e-06, ""max_epochs"": 3000, ""min_epochs"": 400, ""n_batches"": 20, ""patience"": 200, ""reg_lambda"": 1.0, ""shuffle"": true, ""squash_scale"": 10.0, ""tol"": 0.0005}",scar,0.3,0.5,0.5,True,0,,,,,,737,,0.2855,False,-0.0899542751057173,0.9411764705882353,0.988977026887813,0.9983428571428571,0.9765,0.9598633646456021,0.8252483927527762,0.9963538014808839,0.9651190476190477,,requires predict_proba,,requires predict_proba,,0.6869999999980791,success,
llsvm,scar-pi0.5-scalesmall,100,"{""alpha"": 2.0, ""beta"": 1.0, ""early_stopping"": true, ""fit_intercept"": true, ""gamma"": 10.0, ""intercept_scale"": 10.0, ""learning_rate"": 5e-06, ""max_epochs"": 3000, ""min_epochs"": 400, ""n_batches"": 20, ""patience"": 200, ""reg_lambda"": 1.0, ""shuffle"": true, ""squash_scale"": 10.0, ""tol"": 0.0005}",scar,0.5,0.5,0.5,True,0,,,,,,1306,,0.3925,False,0.030699450106826398,0.7526881720430108,0.9588384357235805,0.9989999999999999,0.8925,0.8795518207282913,0.7166123778501629,0.9990146255461927,0.8925000000000001,,requires predict_proba,,requires predict_proba,,1.0160000000032596,success,
llsvm,scar-pi0.5-scalesmall,101,"{""alpha"": 2.0, ""beta"": 1.0, ""early_stopping"": true, ""fit_intercept"": true, ""gamma"": 10.0, ""intercept_scale"": 10.0, ""learning_rate"": 5e-06, ""max_epochs"": 3000, ""min_epochs"": 400, ""n_batches"": 20, ""patience"": 200, ""reg_lambda"": 1.0, ""shuffle"": true, ""squash_scale"": 10.0, ""tol"": 0.0005}",scar,0.5,0.5,0.5,True,0,,,,,,433,,0.4275,False,-0.07885066857201184,0.865979381443299,1.0,0.99175,0.9225,0.9164420485175202,0.7128712871287128,0.9931455641751601,0.9225,,requires predict_proba,,requires predict_proba,,0.3429999999971187,success,
llsvm,scar-pi0.5-scalesmall,102,"{""alpha"": 2.0, ""beta"": 1.0, ""early_stopping"": true, ""fit_intercept"": true, ""gamma"": 10.0, ""intercept_scale"": 10.0, ""learning_rate"": 5e-06, ""max_epochs"": 3000, ""min_epochs"": 400, ""n_batches"": 20, ""patience"": 200, ""reg_lambda"": 1.0, ""shuffle"": true, ""squash_scale"": 10.0, ""tol"": 0.0005}",scar,0.5,0.5,0.5,True,0,,,,,,1484,,0.395,False,-0.035521326219000615,0.797979797979798,1.0,0.997325,0.895,0.88268156424581,0.7375415282392026,0.9974814449192035,0.895,,requires predict_proba,,requires predict_proba,,1.1410000000032596,success,
llsvm,scar-pi0.5-scalesmall,103,"{""alpha"": 2.0, ""beta"": 1.0, ""early_stopping"": true, ""fit_intercept"": true, ""gamma"": 10.0, ""intercept_scale"": 10.0, ""learning_rate"": 5e-06, ""max_epochs"": 3000, ""min_epochs"": 400, ""n_batches"": 20, ""patience"": 200, ""reg_lambda"": 1.0, ""shuffle"": true, ""squash_scale"": 10.0, ""tol"": 0.0005}",scar,0.5,0.5,0.5,True,0,,,,,,2031,,0.4375,False,-0.10205416095180375,0.8785046728971962,1.0,0.9987999999999999,0.9375,0.9333333333333333,0.7235494880546075,0.9988154122738219,0.9375,,requires predict_proba,,requires predict_proba,,1.6089999999967404,success,
llsvm,scar-pi0.5-scalesmall,104,"{""alpha"": 2.0, ""beta"": 1.0, ""early_stopping"": true, ""fit_intercept"": true, ""gamma"": 10.0, ""intercept_scale"": 10.0, ""learning_rate"": 5e-06, ""max_epochs"": 3000, ""min_epochs"": 400, ""n_batches"": 20, ""patience"": 200, ""reg_lambda"": 1.0, ""shuffle"": true, ""squash_scale"": 10.0, ""tol"": 0.0005}",scar,0.5,0.5,0.5,True,0,,,,,,837,,0.4225,False,-0.07250519750519752,0.8461538461538461,1.0,0.999325,0.9225,0.9159891598915989,0.7263513513513513,0.9993497221067431,0.9225,,requires predict_proba,,requires predict_proba,,0.6570000000028813,success,
llsvm,scar-pi0.5-scalesmall,105,"{""alpha"": 2.0, ""beta"": 1.0, ""early_stopping"": true, ""fit_intercept"": true, ""gamma"": 10.0, ""intercept_scale"": 10.0, ""learning_rate"": 5e-06, ""max_epochs"": 3000, ""min_epochs"": 400, ""n_batches"": 20, ""patience"": 200, ""reg_lambda"": 1.0, ""shuffle"": true, ""squash_scale"": 10.0, ""tol"": 0.0005}",scar,0.5,0.5,0.5,True,0,,,,,,910,,0.4325,False,-0.04726977714493852,0.8415841584158416,0.9729296629084874,0.999575,0.9325,0.9276139410187667,0.705685618729097,0.9995842920182515,0.9325,,requires predict_proba,,requires predict_proba,,0.7029999999977008,success,
llsvm,scar-pi0.5-scalesmall,106,"{""alpha"": 2.0, ""beta"": 1.0, ""early_stopping"": true, ""fit_intercept"": true, ""gamma"": 10.0, ""intercept_scale"": 10.0, ""learning_rate"": 5e-06, ""max_epochs"": 3000, ""min_epochs"": 400, ""n_batches"": 20, ""patience"": 200, ""reg_lambda"": 1.0, ""shuffle"": true, ""squash_scale"": 10.0, ""tol"": 0.0005}",scar,0.5,0.5,0.5,True,0,,,,,,1580,,0.41,False,-0.06669542709232096,0.8421052631578947,1.0,0.99705,0.91,0.9010989010989011,0.7245901639344262,0.997171872740222,0.9099999999999999,,requires predict_proba,,requires predict_proba,,1.2190000000009604,success,
llsvm,scar-pi0.5-scalesmall,107,"{""alpha"": 2.0, ""beta"": 1.0, ""early_stopping"": true, ""fit_intercept"": true, ""gamma"": 10.0, ""intercept_scale"": 10.0, ""learning_rate"": 5e-06, ""max_epochs"": 3000, ""min_epochs"": 400, ""n_batches"": 20, ""patience"": 200, ""reg_lambda"": 1.0, ""shuffle"": true, ""squash_scale"": 10.0, ""tol"": 0.0005}",scar,0.5,0.5,0.5,True,0,,,,,,1149,,0.375,False,0.04139092070126549,0.7407407407407407,0.9876543209876543,0.9992749999999999,0.875,0.8571428571428571,0.7178683385579937,0.9992988772249017,0.875,,requires predict_proba,,requires predict_proba,,0.9059999999990396,success,
llsvm,scar-pi0.5-scalesmall,108,"{""alpha"": 2.0, ""beta"": 1.0, ""early_stopping"": true, ""fit_intercept"": true, ""gamma"": 10.0, ""intercept_scale"": 10.0, ""learning_rate"": 5e-06, ""max_epochs"": 3000, ""min_epochs"": 400, ""n_batches"": 20, ""patience"": 200, ""reg_lambda"": 1.0, ""shuffle"": true, ""squash_scale"": 10.0, ""tol"": 0.0005}",scar,0.5,0.5,0.5,True,0,,,,,,1290,,0.41,False,-0.12862947007110082,0.8924731182795699,1.0,0.9989250000000001,0.91,0.9010989010989011,0.7361563517915309,0.9989643372826859,0.9099999999999999,,requires predict_proba,,requires predict_proba,,0.9850000000005821,success,
llsvm,scar-pi0.5-scalesmall,109,"{""alpha"": 2.0, ""beta"": 1.0, ""early_stopping"": true, ""fit_intercept"": true, ""gamma"": 10.0, ""intercept_scale"": 10.0, ""learning_rate"": 5e-06, ""max_epochs"": 3000, ""min_epochs"": 400, ""n_batches"": 20, ""patience"": 200, ""reg_lambda"": 1.0, ""shuffle"": true, ""squash_scale"": 10.0, ""tol"": 0.0005}",scar,0.5,0.5,0.5,True,0,,,,,,563,,0.3975,False,-0.010705763132947577,0.7766990291262136,0.9769799108505831,0.9726999999999999,0.8775,0.8635097493036211,0.734006734006734,0.9749282731009239,0.8775,,requires predict_proba,,requires predict_proba,,0.4540000000015425,success,
llsvm,scar-pi0.5-scalesmall,110,"{""alpha"": 2.0, ""beta"": 1.0, ""early_stopping"": true, ""fit_intercept"": true, ""gamma"": 10.0, ""intercept_scale"": 10.0, ""learning_rate"": 5e-06, ""max_epochs"": 3000, ""min_epochs"": 400, ""n_batches"": 20, ""patience"": 200, ""reg_lambda"": 1.0, ""shuffle"": true, ""squash_scale"": 10.0, ""tol"": 0.0005}",scar,0.5,0.5,0.5,True,0,,,,,,1529,,0.4325,False,-0.12047661076787292,0.8932038834951457,1.0,0.99905,0.9325,0.9276139410187667,0.7272727272727273,0.9991135073442222,0.9325,,requires predict_proba,,requires predict_proba,,1.1870000000017171,success,
llsvm,scar-pi0.5-scalesmall,111,"{""alpha"": 2.0, ""beta"": 1.0, ""early_stopping"": true, ""fit_intercept"": true, ""gamma"": 10.0, ""intercept_scale"": 10.0, ""learning_rate"": 5e-06, ""max_epochs"": 3000, ""min_epochs"": 400, ""n_batches"": 20, ""patience"": 200, ""reg_lambda"": 1.0, ""shuffle"": true, ""squash_scale"": 10.0, ""tol"": 0.0005}",scar,0.5,0.5,0.5,True,0,,,,,,1105,,0.425,False,-0.09333333333333332,0.87,1.0,0.998925,0.925,0.918918918918919,0.7233333333333334,0.9989609834293429,0.925,,requires predict_proba,,requires predict_proba,,0.875,success,
llsvm,scar-pi0.5-scalesmall,112,"{""alpha"": 2.0, ""beta"": 1.0, ""early_stopping"": true, ""fit_intercept"": true, ""gamma"": 10.0, ""intercept_scale"": 10.0, ""learning_rate"": 5e-06, ""max_epochs"": 3000, ""min_epochs"": 400, ""n_batches"": 20, ""patience"": 200, ""reg_lambda"": 1.0, ""shuffle"": true, ""squash_scale"": 10.0, ""tol"": 0.0005}",scar,0.5,0.5,0.5,True,0,,,,,,1274,,0.395,False,-0.008674787744555212,0.7777777777777778,0.9845288326300984,0.9984,0.895,0.88268156424581,0.7308970099667774,0.9983796238922951,0.895,,requires predict_proba,,requires predict_proba,,0.9839999999967404,success,
llsvm,scar-pi0.5-scalesmall,113,"{""alpha"": 2.0, ""beta"": 1.0, ""early_stopping"": true, ""fit_intercept"": true, ""gamma"": 10.0, ""intercept_scale"": 10.0, ""learning_rate"": 5e-06, ""max_epochs"": 3000, ""min_epochs"": 400, ""n_batches"": 20, ""patience"": 200, ""reg_lambda"": 1.0, ""shuffle"": true, ""squash_scale"": 10.0, ""tol"": 0.0005}",scar,0.5,0.5,0.5,True,0,,,,,,1023,,0.435,False,-0.0837138508371385,0.8611111111111112,0.9897828863346105,0.9999,0.935,0.93048128342246,0.7226027397260274,0.9999019607843137,0.935,,requires predict_proba,,requires predict_proba,,0.7970000000022992,success,
llsvm,scar-pi0.5-scalesmall,114,"{""alpha"": 2.0, ""beta"": 1.0, ""early_stopping"": true, ""fit_intercept"": true, ""gamma"": 10.0, ""intercept_scale"": 10.0, ""learning_rate"": 5e-06, ""max_epochs"": 3000, ""min_epochs"": 400, ""n_batches"": 20, ""patience"": 200, ""reg_lambda"": 1.0, ""shuffle"": true, ""squash_scale"": 10.0, ""tol"": 0.0005}",scar,0.5,0.5,0.5,True,0,,,,,,946,,0.42,False,-0.08112909593367545,0.8529411764705882,1.0,0.9986,0.915,0.907608695652174,0.7281879194630873,0.9985386656441044,0.915,,requires predict_proba,,requires predict_proba,,0.7340000000003783,success,
llsvm,scar-pi0.5-scalesmall,115,"{""alpha"": 2.0, ""beta"": 1.0, ""early_stopping"": true, ""fit_intercept"": true, ""gamma"": 10.0, ""intercept_scale"": 10.0, ""learning_rate"": 5e-06, ""max_epochs"": 3000, ""min_epochs"": 400, ""n_batches"": 20, ""patience"": 200, ""reg_lambda"": 1.0, ""shuffle"": true, ""squash_scale"": 10.0, ""tol"": 0.0005}",scar,0.5,0.5,0.5,True,0,,,,,,1422,,0.4075,False,-0.0561691113028473,0.8315789473684211,1.0,0.999775,0.9075,0.8980716253443526,0.7245901639344262,0.999771534352706,0.9075,,requires predict_proba,,requires predict_proba,,1.110000000000582,success,
llsvm,scar-pi0.5-scalesmall,116,"{""alpha"": 2.0, ""beta"": 1.0, ""early_stopping"": true, ""fit_intercept"": true, ""gamma"": 10.0, ""intercept_scale"": 10.0, ""learning_rate"": 5e-06, ""max_epochs"": 3000, ""min_epochs"": 400, ""n_batches"": 20, ""patience"": 200, ""reg_lambda"": 1.0, ""shuffle"": true, ""squash_scale"": 10.0, ""tol"": 0.0005}",scar,0.5,0.5,0.5,True,0,,,,,,880,,0.43,False,-0.0791767554479419,0.8571428571428571,0.9966777408637874,0.9988999999999999,0.93,0.9247311827956989,0.7220338983050848,0.998999900616175,0.9299999999999999,,requires predict_proba,,requires predict_proba,,0.7029999999977008,success,
llsvm,scar-pi0.5-scalesmall,117,"{""alpha"": 2.0, ""beta"": 1.0, ""early_stopping"": true, ""fit_intercept"": true, ""gamma"": 10.0, ""intercept_scale"": 10.0, ""learning_rate"": 5e-06, ""max_epochs"": 3000, ""min_epochs"": 400, ""n_batches"": 20, ""patience"": 200, ""reg_lambda"": 1.0, ""shuffle"": true, ""squash_scale"": 10.0, ""tol"": 0.0005}",scar,0.5,0.5,0.5,True,0,,,,,,952,,0.42,False,-0.04256854256854259,0.8282828282828283,0.9860509860509861,0.9986,0.92,0.9130434782608695,0.7142857142857143,0.9986689532048152,0.9199999999999999,,requires predict_proba,,requires predict_proba,,0.7340000000003783,success,
llsvm,scar-pi0.5-scalesmall,118,"{""alpha"": 2.0, ""beta"": 1.0, ""early_stopping"": true, ""fit_intercept"": true, ""gamma"": 10.0, ""intercept_scale"": 10.0, ""learning_rate"": 5e-06, ""max_epochs"": 3000, ""min_epochs"": 400, ""n_batches"": 20, ""patience"": 200, ""reg_lambda"": 1.0, ""shuffle"": true, ""squash_scale"": 10.0, ""tol"": 0.0005}",scar,0.5,0.5,0.5,True,0,,,,,,728,,0.43,False,-0.08498023715415015,0.8804347826086957,1.0,0.9994999999999999,0.93,0.9247311827956989,0.7045454545454546,0.9994957416112453,0.9299999999999999,,requires predict_proba,,requires predict_proba,,0.5620000000017171,success,
llsvm,scar-pi0.5-scalesmall,119,"{""alpha"": 2.0, ""beta"": 1.0, ""early_stopping"": true, ""fit_intercept"": true, ""gamma"": 10.0, ""intercept_scale"": 10.0, ""learning_rate"": 5e-06, ""max_epochs"": 3000, ""min_epochs"": 400, ""n_batches"": 20, ""patience"": 200, ""reg_lambda"": 1.0, ""shuffle"": true, ""squash_scale"": 10.0, ""tol"": 0.0005}",scar,0.5,0.5,0.5,True,0,,,,,,1046,,0.3975,False,-0.03051399792623316,0.813953488372093,1.0,0.9982749999999999,0.8975,0.8857938718662952,0.7165605095541401,0.9984438434806513,0.8975,,requires predict_proba,,requires predict_proba,,0.8119999999980791,success,
llsvm,scar-pi0.5-scalemid,100,"{""alpha"": 2.0, ""beta"": 1.0, ""early_stopping"": true, ""fit_intercept"": true, ""gamma"": 10.0, ""intercept_scale"": 10.0, ""learning_rate"": 5e-06, ""max_epochs"": 3000, ""min_epochs"": 400, ""n_batches"": 20, ""patience"": 200, ""reg_lambda"": 1.0, ""shuffle"": true, ""squash_scale"": 10.0, ""tol"": 0.0005}",scar,0.5,0.5,0.5,True,0,,,,,,770,,0.4785,False,-0.11279634250425385,0.9423868312757202,0.9847302312180984,0.9973730000000001,0.9675,0.966785896780787,0.6704095112285336,0.9975382561962941,0.9675,,requires predict_proba,,requires predict_proba,,0.7029999999977008,success,
llsvm,scar-pi0.5-scalemid,101,"{""alpha"": 2.0, ""beta"": 1.0, ""early_stopping"": true, ""fit_intercept"": true, ""gamma"": 10.0, ""intercept_scale"": 10.0, ""learning_rate"": 5e-06, ""max_epochs"": 3000, ""min_epochs"": 400, ""n_batches"": 20, ""patience"": 200, ""reg_lambda"": 1.0, ""shuffle"": true, ""squash_scale"": 10.0, ""tol"": 0.0005}",scar,0.5,0.5,0.5,True,0,,,,,,705,,0.475,False,-0.13516770435830483,0.9615384615384616,1.0,0.998021,0.969,0.9682051282051282,0.6736292428198434,0.998001718644532,0.969,,requires predict_proba,,requires predict_proba,,0.6560000000026776,success,
llsvm,scar-pi0.5-scalemid,102,"{""alpha"": 2.0, ""beta"": 1.0, ""early_stopping"": true, ""fit_intercept"": true, ""gamma"": 10.0, ""intercept_scale"": 10.0, ""learning_rate"": 5e-06, ""max_epochs"": 3000, ""min_epochs"": 400, ""n_batches"": 20, ""patience"": 200, ""reg_lambda"": 1.0, ""shuffle"": true, ""squash_scale"": 10.0, ""tol"": 0.0005}",scar,0.5,0.5,0.5,True,0,,,,,,1031,,0.484,False,-0.13273365511189117,0.9534883720930233,0.985008648856429,0.9973669999999999,0.971,0.9705284552845529,0.6792452830188679,0.9973581611645818,0.971,,requires predict_proba,,requires predict_proba,,0.9689999999973224,success,
llsvm,scar-pi0.5-scalemid,103,"{""alpha"": 2.0, ""beta"": 1.0, ""early_stopping"": true, ""fit_intercept"": true, ""gamma"": 10.0, ""intercept_scale"": 10.0, ""learning_rate"": 5e-06, ""max_epochs"": 3000, ""min_epochs"": 400, ""n_batches"": 20, ""patience"": 200, ""reg_lambda"": 1.0, ""shuffle"": true, ""squash_scale"": 10.0, ""tol"": 0.0005}",scar,0.5,0.5,0.5,True,0,,,,,,1683,,0.489,False,-0.13821342930568808,0.9730848861283644,0.9949743211946467,0.9994219999999999,0.985,0.9848331648129424,0.6651285431773236,0.9994455779298513,0.985,,requires predict_proba,,requires predict_proba,,1.5780000000013388,success,
llsvm,scar-pi0.5-scalemid,104,"{""alpha"": 2.0, ""beta"": 1.0, ""early_stopping"": true, ""fit_intercept"": true, ""gamma"": 10.0, ""intercept_scale"": 10.0, ""learning_rate"": 5e-06, ""max_epochs"": 3000, ""min_epochs"": 400, ""n_batches"": 20, ""patience"": 200, ""reg_lambda"": 1.0, ""shuffle"": true, ""squash_scale"": 10.0, ""tol"": 0.0005}",scar,0.5,0.5,0.5,True,0,,,,,,748,,0.4915,False,-0.14783329973290954,0.9744597249508841,0.9913120294515606,0.9991570000000001,0.9825,0.9823499747856783,0.6733735747820255,0.9991650010772648,0.9824999999999999,,requires predict_proba,,requires predict_proba,,0.6870000000017171,success,
llsvm,scar-pi0.5-scalemid,105,"{""alpha"": 2.0, ""beta"": 1.0, ""early_stopping"": true, ""fit_intercept"": true, ""gamma"": 10.0, ""intercept_scale"": 10.0, ""learning_rate"": 5e-06, ""max_epochs"": 3000, ""min_epochs"": 400, ""n_batches"": 20, ""patience"": 200, ""reg_lambda"": 1.0, ""shuffle"": true, ""squash_scale"": 10.0, ""tol"": 0.0005}",scar,0.5,0.5,0.5,True,0,,,,,,506,,0.4875,False,-0.14384240192064168,0.9700598802395209,0.9949332105020728,0.99926,0.9835,0.9832911392405064,0.6737825216811207,0.9992615901673682,0.9835,,requires predict_proba,,requires predict_proba,,0.4679999999971187,success,
llsvm,scar-pi0.5-scalemid,106,"{""alpha"": 2.0, ""beta"": 1.0, ""early_stopping"": true, ""fit_intercept"": true, ""gamma"": 10.0, ""intercept_scale"": 10.0, ""learning_rate"": 5e-06, ""max_epochs"": 3000, ""min_epochs"": 400, ""n_batches"": 20, ""patience"": 200, ""reg_lambda"": 1.0, ""shuffle"": true, ""squash_scale"": 10.0, ""tol"": 0.0005}",scar,0.5,0.5,0.5,True,0,,,,,,705,,0.481,False,-0.1419128402807805,0.958904109589041,0.9967818186996269,0.9938819999999999,0.955,0.9541284403669725,0.6830087306917394,0.9940090350267716,0.9550000000000001,,requires predict_proba,,requires predict_proba,,0.6570000000028813,success,
llsvm,scar-pi0.5-scalemid,107,"{""alpha"": 2.0, ""beta"": 1.0, ""early_stopping"": true, ""fit_intercept"": true, ""gamma"": 10.0, ""intercept_scale"": 10.0, ""learning_rate"": 5e-06, ""max_epochs"": 3000, ""min_epochs"": 400, ""n_batches"": 20, ""patience"": 200, ""reg_lambda"": 1.0, ""shuffle"": true, ""squash_scale"": 10.0, ""tol"": 0.0005}",scar,0.5,0.5,0.5,True,0,,,,,,803,,0.4905,False,-0.1354957921151526,0.971252566735113,0.9900637785271285,0.99916,0.9845,0.9843513377082281,0.6642432253800397,0.9991524964633516,0.9844999999999999,,requires predict_proba,,requires predict_proba,,0.7350000000005821,success,
llsvm,scar-pi0.5-scalemid,108,"{""alpha"": 2.0, ""beta"": 1.0, ""early_stopping"": true, ""fit_intercept"": true, ""gamma"": 10.0, ""intercept_scale"": 10.0, ""learning_rate"": 5e-06, ""max_epochs"": 3000, ""min_epochs"": 400, ""n_batches"": 20, ""patience"": 200, ""reg_lambda"": 1.0, ""shuffle"": true, ""squash_scale"": 10.0, ""tol"": 0.0005}",scar,0.5,0.5,0.5,True,0,,,,,,723,,0.4895,False,-0.1616989663337346,0.975517890772128,0.9964431979286292,0.9990680000000001,0.9835,0.9833249115715007,0.6861810755616066,0.9990778303855367,0.9835,,requires predict_proba,,requires predict_proba,,0.6719999999986612,success,
llsvm,scar-pi0.5-scalemid,109,"{""alpha"": 2.0, ""beta"": 1.0, ""early_stopping"": true, ""fit_intercept"": true, ""gamma"": 10.0, ""intercept_scale"": 10.0, ""learning_rate"": 5e-06, ""max_epochs"": 3000, ""min_epochs"": 400, ""n_batches"": 20, ""patience"": 200, ""reg_lambda"": 1.0, ""shuffle"": true, ""squash_scale"": 10.0, ""tol"": 0.0005}",scar,0.5,0.5,0.5,True,0,,,,,,872,,0.486,False,-0.13733777908535189,0.9592233009708738,0.9868552479124216,0.996528,0.97,0.9695740365111561,0.6781144781144781,0.9966872835273394,0.97,,requires predict_proba,,requires predict_proba,,0.8130000000019209,success,
llsvm,scar-pi0.5-scalemid,110,"{""alpha"": 2.0, ""beta"": 1.0, ""early_stopping"": true, ""fit_intercept"": true, ""gamma"": 10.0, ""intercept_scale"": 10.0, ""learning_rate"": 5e-06, ""max_epochs"": 3000, ""min_epochs"": 400, ""n_batches"": 20, ""patience"": 200, ""reg_lambda"": 1.0, ""shuffle"": true, ""squash_scale"": 10.0, ""tol"": 0.0005}",scar,0.5,0.5,0.5,True,0,,,,,,1011,,0.4835,False,-0.12804339762865108,0.9604989604989606,0.9932771049627307,0.997562,0.9725,0.9720386375190646,0.6675444371296906,0.9977882804983221,0.9724999999999999,,requires predict_proba,,requires predict_proba,,0.9369999999980791,success,
llsvm,scar-pi0.5-scalemid,111,"{""alpha"": 2.0, ""beta"": 1.0, ""early_stopping"": true, ""fit_intercept"": true, ""gamma"": 10.0, ""intercept_scale"": 10.0, ""learning_rate"": 5e-06, ""max_epochs"": 3000, ""min_epochs"": 400, ""n_batches"": 20, ""patience"": 200, ""reg_lambda"": 1.0, ""shuffle"": true, ""squash_scale"": 10.0, ""tol"": 0.0005}",scar,0.5,0.5,0.5,True,0,,,,,,1057,,0.488,False,-0.15116464868794766,0.9760479041916168,1.0,0.999363,0.984,0.9838056680161943,0.6751167444963309,0.9993642151946901,0.984,,requires predict_proba,,requires predict_proba,,0.9850000000005821,success,
llsvm,scar-pi0.5-scalemid,112,"{""alpha"": 2.0, ""beta"": 1.0, ""early_stopping"": true, ""fit_intercept"": true, ""gamma"": 10.0, ""intercept_scale"": 10.0, ""learning_rate"": 5e-06, ""max_epochs"": 3000, ""min_epochs"": 400, ""n_batches"": 20, ""patience"": 200, ""reg_lambda"": 1.0, ""shuffle"": true, ""squash_scale"": 10.0, ""tol"": 0.0005}",scar,0.5,0.5,0.5,True,0,,,,,,786,,0.485,False,-0.1413333333333333,0.966,0.9958762886597938,0.999421,0.984,0.983756345177665,0.6753333333333333,0.9994353644134983,0.984,,requires predict_proba,,requires predict_proba,,0.7340000000003783,success,
llsvm,scar-pi0.5-scalemid,113,"{""alpha"": 2.0, ""beta"": 1.0, ""early_stopping"": true, ""fit_intercept"": true, ""gamma"": 10.0, ""intercept_scale"": 10.0, ""learning_rate"": 5e-06, ""max_epochs"": 3000, ""min_epochs"": 400, ""n_batches"": 20, ""patience"": 200, ""reg_lambda"": 1.0, ""shuffle"": true, ""squash_scale"": 10.0, ""tol"": 0.0005}",scar,0.5,0.5,0.5,True,0,,,,,,877,,0.491,False,-0.15575992585513698,0.9785575048732943,0.9964944041479575,0.998576,0.986,0.9858728557013118,0.6772024209818427,0.9987965066254328,0.986,,requires predict_proba,,requires predict_proba,,0.8120000000017171,success,
llsvm,scar-pi0.5-scalemid,114,"{""alpha"": 2.0, ""beta"": 1.0, ""early_stopping"": true, ""fit_intercept"": true, ""gamma"": 10.0, ""intercept_scale"": 10.0, ""learning_rate"": 5e-06, ""max_epochs"": 3000, ""min_epochs"": 400, ""n_batches"": 20, ""patience"": 200, ""reg_lambda"": 1.0, ""shuffle"": true, ""squash_scale"": 10.0, ""tol"": 0.0005}",scar,0.5,0.5,0.5,True,0,,,,,,637,,0.4875,False,-0.15100846654244715,0.970873786407767,0.9957679860592482,0.9978710000000001,0.9795,0.979240506329114,0.6801346801346801,0.9970452529179996,0.9795,,requires predict_proba,,requires predict_proba,,0.5939999999973224,success,
llsvm,scar-pi0.5-scalemid,115,"{""alpha"": 2.0, ""beta"": 1.0, ""early_stopping"": true, ""fit_intercept"": true, ""gamma"": 10.0, ""intercept_scale"": 10.0, ""learning_rate"": 5e-06, ""max_epochs"": 3000, ""min_epochs"": 400, ""n_batches"": 20, ""patience"": 200, ""reg_lambda"": 1.0, ""shuffle"": true, ""squash_scale"": 10.0, ""tol"": 0.0005}",scar,0.5,0.5,0.5,True,0,,,,,,1011,,0.484,False,-0.1431403679165807,0.9628180039138943,0.9946466982581552,0.999001,0.979,0.9786585365853658,0.6803223640026864,0.9990378431870393,0.979,,requires predict_proba,,requires predict_proba,,0.9380000000019209,success,
llsvm,scar-pi0.5-scalemid,116,"{""alpha"": 2.0, ""beta"": 1.0, ""early_stopping"": true, ""fit_intercept"": true, ""gamma"": 10.0, ""intercept_scale"": 10.0, ""learning_rate"": 5e-06, ""max_epochs"": 3000, ""min_epochs"": 400, ""n_batches"": 20, ""patience"": 200, ""reg_lambda"": 1.0, ""shuffle"": true, ""squash_scale"": 10.0, ""tol"": 0.0005}",scar,0.5,0.5,0.5,True,0,,,,,,653,,0.496,False,-0.1467591913063805,0.98559670781893,0.9935450683658569,0.99952,0.991,0.9909638554216867,0.6611624834874504,0.9995536212250686,0.991,,requires predict_proba,,requires predict_proba,,0.6090000000003783,success,
llsvm,scar-pi0.5-scalemid,117,"{""alpha"": 2.0, ""beta"": 1.0, ""early_stopping"": true, ""fit_intercept"": true, ""gamma"": 10.0, ""intercept_scale"": 10.0, ""learning_rate"": 5e-06, ""max_epochs"": 3000, ""min_epochs"": 400, ""n_batches"": 20, ""patience"": 200, ""reg_lambda"": 1.0, ""shuffle"": true, ""squash_scale"": 10.0, ""tol"": 0.0005}",scar,0.5,0.5,0.5,True,0,,,,,,618,,0.4905,False,-0.13361399207488533,0.9676113360323887,0.9863520244978479,0.998616,0.9805,0.9803129732458354,0.6660026560424966,0.9986591517053598,0.9804999999999999,,requires predict_proba,,requires predict_proba,,0.5779999999977008,success,
llsvm,scar-pi0.5-scalemid,118,"{""alpha"": 2.0, ""beta"": 1.0, ""early_stopping"": true, ""fit_intercept"": true, ""gamma"": 10.0, ""intercept_scale"": 10.0, ""learning_rate"": 5e-06, ""max_epochs"": 3000, ""min_epochs"": 400, ""n_batches"": 20, ""patience"": 200, ""reg_lambda"": 1.0, ""shuffle"": true, ""squash_scale"": 10.0, ""tol"": 0.0005}",scar,0.5,0.5,0.5,True,0,,,,,,593,,0.493,False,-0.14983807458090465,0.9748549323017408,0.9886966859044024,0.999495,0.987,0.9869083585095669,0.6749831422791639,0.9994882157645412,0.987,,requires predict_proba,,requires predict_proba,,0.5470000000022992,success,
llsvm,scar-pi0.5-scalemid,119,"{""alpha"": 2.0, ""beta"": 1.0, ""early_stopping"": true, ""fit_intercept"": true, ""gamma"": 10.0, ""intercept_scale"": 10.0, ""learning_rate"": 5e-06, ""max_epochs"": 3000, ""min_epochs"": 400, ""n_batches"": 20, ""patience"": 200, ""reg_lambda"": 1.0, ""shuffle"": true, ""squash_scale"": 10.0, ""tol"": 0.0005}",scar,0.5,0.5,0.5,True,0,,,,,,587,,0.4895,False,-0.1355820187520846,0.9728601252609603,0.9937284221255979,0.998706,0.9795,0.9792824658918646,0.6627218934911243,0.998730393735516,0.9795,,requires predict_proba,,requires predict_proba,,0.5469999999986612,success,
llsvm,sar-pi0.1-scalesmall,100,"{""alpha"": 2.0, ""beta"": 1.0, ""early_stopping"": true, ""fit_intercept"": true, ""gamma"": 10.0, ""intercept_scale"": 10.0, ""learning_rate"": 5e-06, ""max_epochs"": 3000, ""min_epochs"": 400, ""n_batches"": 20, ""patience"": 200, ""reg_lambda"": 1.0, ""shuffle"": true, ""squash_scale"": 10.0, ""tol"": 0.0005}",linear,0.1,0.5,0.5,True,0,,,,,,3000,,0.0675,False,-0.028090428090428096,0.7727272727272727,1.0,0.9911111111111112,0.9675,0.8059701492537313,0.9735449735449735,0.9779408610764879,0.8375,,requires predict_proba,,requires predict_proba,,2.25,success,
llsvm,sar-pi0.1-scalesmall,101,"{""alpha"": 2.0, ""beta"": 1.0, ""early_stopping"": true, ""fit_intercept"": true, ""gamma"": 10.0, ""intercept_scale"": 10.0, ""learning_rate"": 5e-06, ""max_epochs"": 3000, ""min_epochs"": 400, ""n_batches"": 20, ""patience"": 200, ""reg_lambda"": 1.0, ""shuffle"": true, ""squash_scale"": 10.0, ""tol"": 0.0005}",linear,0.1,0.5,0.5,True,0,,,,,,1130,,0.0575,False,-0.03645833333333333,0.8125,1.0,0.994375,0.9575,0.7301587301587301,0.9739583333333334,0.9628243054093979,0.7875,,requires predict_proba,,requires predict_proba,,0.8130000000019209,success,
llsvm,sar-pi0.1-scalesmall,102,"{""alpha"": 2.0, ""beta"": 1.0, ""early_stopping"": true, ""fit_intercept"": true, ""gamma"": 10.0, ""intercept_scale"": 10.0, ""learning_rate"": 5e-06, ""max_epochs"": 3000, ""min_epochs"": 400, ""n_batches"": 20, ""patience"": 200, ""reg_lambda"": 1.0, ""shuffle"": true, ""squash_scale"": 10.0, ""tol"": 0.0005}",linear,0.1,0.5,0.5,True,0,,,,,,3000,,0.055,False,-0.03952203343003178,0.7894736842105263,1.0,0.994375,0.955,0.7096774193548387,0.9816272965879265,0.9680899684997812,0.775,,requires predict_proba,,requires predict_proba,,2.1719999999986612,success,
llsvm,sar-pi0.1-scalesmall,103,"{""alpha"": 2.0, ""beta"": 1.0, ""early_stopping"": true, ""fit_intercept"": true, ""gamma"": 10.0, ""intercept_scale"": 10.0, ""learning_rate"": 5e-06, ""max_epochs"": 3000, ""min_epochs"": 400, ""n_batches"": 20, ""patience"": 200, ""reg_lambda"": 1.0, ""shuffle"": true, ""squash_scale"": 10.0, ""tol"": 0.0005}",linear,0.1,0.5,0.5,True,0,,,,,,3000,,0.07,False,-0.08153034300791558,1.0,1.0,0.9961111111111112,0.97,0.8235294117647058,0.9815303430079155,0.9754834019233224,0.85,,requires predict_proba,,requires predict_proba,,2.188000000001921,success,
llsvm,sar-pi0.1-scalesmall,104,"{""alpha"": 2.0, ""beta"": 1.0, ""early_stopping"": true, ""fit_intercept"": true, ""gamma"": 10.0, ""intercept_scale"": 10.0, ""learning_rate"": 5e-06, ""max_epochs"": 3000, ""min_epochs"": 400, ""n_batches"": 20, ""patience"": 200, ""reg_lambda"": 1.0, ""shuffle"": true, ""squash_scale"": 10.0, ""tol"": 0.0005}",linear,0.1,0.5,0.5,True,0,,,,,,2914,,0.07,False,-0.06404105639487949,0.9130434782608695,1.0,0.9977083333333334,0.97,0.8235294117647058,0.9814323607427056,0.9831835331768854,0.85,,requires predict_proba,,requires predict_proba,,2.186999999998079,success,
llsvm,sar-pi0.1-scalesmall,105,"{""alpha"": 2.0, ""beta"": 1.0, ""early_stopping"": true, ""fit_intercept"": true, ""gamma"": 10.0, ""intercept_scale"": 10.0, ""learning_rate"": 5e-06, ""max_epochs"": 3000, ""min_epochs"": 400, ""n_batches"": 20, ""patience"": 200, ""reg_lambda"": 1.0, ""shuffle"": true, ""squash_scale"": 10.0, ""tol"": 0.0005}",linear,0.1,0.5,0.5,True,0,,,,,,2521,,0.0625,False,-0.04511784511784512,0.8181818181818182,1.0,0.997361111111111,0.9625,0.7692307692307693,0.9814814814814815,0.9848403408186017,0.8125,,requires predict_proba,,requires predict_proba,,1.9380000000019209,success,
llsvm,sar-pi0.1-scalesmall,106,"{""alpha"": 2.0, ""beta"": 1.0, ""early_stopping"": true, ""fit_intercept"": true, ""gamma"": 10.0, ""intercept_scale"": 10.0, ""learning_rate"": 5e-06, ""max_epochs"": 3000, ""min_epochs"": 400, ""n_batches"": 20, ""patience"": 200, ""reg_lambda"": 1.0, ""shuffle"": true, ""squash_scale"": 10.0, ""tol"": 0.0005}",linear,0.1,0.5,0.5,True,0,,,,,,3000,,0.0575,False,-0.04157894736842105,0.8,1.0,0.9940277777777777,0.9575,0.7301587301587301,0.9815789473684211,0.9497315964219761,0.7875,,requires predict_proba,,requires predict_proba,,2.2030000000013388,success,
llsvm,sar-pi0.1-scalesmall,107,"{""alpha"": 2.0, ""beta"": 1.0, ""early_stopping"": true, ""fit_intercept"": true, ""gamma"": 10.0, ""intercept_scale"": 10.0, ""learning_rate"": 5e-06, ""max_epochs"": 3000, ""min_epochs"": 400, ""n_batches"": 20, ""patience"": 200, ""reg_lambda"": 1.0, ""shuffle"": true, ""squash_scale"": 10.0, ""tol"": 0.0005}",linear,0.1,0.5,0.5,True,0,,,,,,2566,,0.0525,False,-0.03723094822571263,0.7777777777777778,1.0,0.9822916666666666,0.9525,0.6885245901639344,0.981675392670157,0.9445566828179609,0.7625,,requires predict_proba,,requires predict_proba,,1.8589999999967404,success,
llsvm,sar-pi0.1-scalesmall,108,"{""alpha"": 2.0, ""beta"": 1.0, ""early_stopping"": true, ""fit_intercept"": true, ""gamma"": 10.0, ""intercept_scale"": 10.0, ""learning_rate"": 5e-06, ""max_epochs"": 3000, ""min_epochs"": 400, ""n_batches"": 20, ""patience"": 200, ""reg_lambda"": 1.0, ""shuffle"": true, ""squash_scale"": 10.0, ""tol"": 0.0005}",linear,0.1,0.5,0.5,True,0,,,,,,3000,,0.06,False,-0.047763347763347765,0.8181818181818182,1.0,0.9986805555555556,0.96,0.75,0.9841269841269841,0.9890059918631348,0.8,,requires predict_proba,,requires predict_proba,,2.2040000000015425,success,
llsvm,sar-pi0.1-scalesmall,109,"{""alpha"": 2.0, ""beta"": 1.0, ""early_stopping"": true, ""fit_intercept"": true, ""gamma"": 10.0, ""intercept_scale"": 10.0, ""learning_rate"": 5e-06, ""max_epochs"": 3000, ""min_epochs"": 400, ""n_batches"": 20, ""patience"": 200, ""reg_lambda"": 1.0, ""shuffle"": true, ""squash_scale"": 10.0, ""tol"": 0.0005}",linear,0.1,0.5,0.5,True,0,,,,,,3000,,0.05,False,-0.03466441406849946,0.7647058823529411,1.0,0.9851388888888889,0.95,0.6666666666666666,0.9817232375979112,0.9289184108430719,0.75,,requires predict_proba,,requires predict_proba,,2.1559999999990396,success,
llsvm,sar-pi0.1-scalesmall,110,"{""alpha"": 2.0, ""beta"": 1.0, ""early_stopping"": true, ""fit_intercept"": true, ""gamma"": 10.0, ""intercept_scale"": 10.0, ""learning_rate"": 5e-06, ""max_epochs"": 3000, ""min_epochs"": 400, ""n_batches"": 20, ""patience"": 200, ""reg_lambda"": 1.0, ""shuffle"": true, ""squash_scale"": 10.0, ""tol"": 0.0005}",linear,0.1,0.5,0.5,True,0,,,,,,3000,,0.0725,False,-0.05733333333333333,0.88,1.0,0.9990972222222223,0.9725,0.8405797101449275,0.9813333333333333,0.9918985308038433,0.8625,,requires predict_proba,,requires predict_proba,,2.202999999997701,success,
llsvm,sar-pi0.1-scalesmall,111,"{""alpha"": 2.0, ""beta"": 1.0, ""early_stopping"": true, ""fit_intercept"": true, ""gamma"": 10.0, ""intercept_scale"": 10.0, ""learning_rate"": 5e-06, ""max_epochs"": 3000, ""min_epochs"": 400, ""n_batches"": 20, ""patience"": 200, ""reg_lambda"": 1.0, ""shuffle"": true, ""squash_scale"": 10.0, ""tol"": 0.0005}",linear,0.1,0.5,0.5,True,0,,,,,,2280,,0.06,False,-0.03894736842105263,0.8,1.0,0.9979166666666667,0.96,0.75,0.9789473684210527,0.9829879174483211,0.8,,requires predict_proba,,requires predict_proba,,1.6559999999990396,success,
llsvm,sar-pi0.1-scalesmall,112,"{""alpha"": 2.0, ""beta"": 1.0, ""early_stopping"": true, ""fit_intercept"": true, ""gamma"": 10.0, ""intercept_scale"": 10.0, ""learning_rate"": 5e-06, ""max_epochs"": 3000, ""min_epochs"": 400, ""n_batches"": 20, ""patience"": 200, ""reg_lambda"": 1.0, ""shuffle"": true, ""squash_scale"": 10.0, ""tol"": 0.0005}",linear,0.1,0.5,0.5,True,0,,,,,,3000,,0.0675,False,-0.02130088801752969,0.7391304347826086,1.0,0.992638888888889,0.9675,0.8059701492537313,0.9734748010610079,0.9492260519220925,0.8375,,requires predict_proba,,requires predict_proba,,2.202999999997701,success,
llsvm,sar-pi0.1-scalesmall,113,"{""alpha"": 2.0, ""beta"": 1.0, ""early_stopping"": true, ""fit_intercept"": true, ""gamma"": 10.0, ""intercept_scale"": 10.0, ""learning_rate"": 5e-06, ""max_epochs"": 3000, ""min_epochs"": 400, ""n_batches"": 20, ""patience"": 200, ""reg_lambda"": 1.0, ""shuffle"": true, ""squash_scale"": 10.0, ""tol"": 0.0005}",linear,0.1,0.5,0.5,True,0,,,,,,2449,,0.055,False,-0.006315789473684219,0.65,1.0,0.996875,0.955,0.7096774193548387,0.9763157894736842,0.9843058917513345,0.775,,requires predict_proba,,requires predict_proba,,1.7810000000026776,success,
llsvm,sar-pi0.1-scalesmall,114,"{""alpha"": 2.0, ""beta"": 1.0, ""early_stopping"": true, ""fit_intercept"": true, ""gamma"": 10.0, ""intercept_scale"": 10.0, ""learning_rate"": 5e-06, ""max_epochs"": 3000, ""min_epochs"": 400, ""n_batches"": 20, ""patience"": 200, ""reg_lambda"": 1.0, ""shuffle"": true, ""squash_scale"": 10.0, ""tol"": 0.0005}",linear,0.1,0.5,0.5,True,0,,,,,,2913,,0.06,False,-0.034272689598010775,0.7894736842105263,1.0,0.9995138888888889,0.96,0.75,0.9763779527559056,0.9953819176901655,0.8,,requires predict_proba,,requires predict_proba,,2.1409999999996217,success,
llsvm,sar-pi0.1-scalesmall,115,"{""alpha"": 2.0, ""beta"": 1.0, ""early_stopping"": true, ""fit_intercept"": true, ""gamma"": 10.0, ""intercept_scale"": 10.0, ""learning_rate"": 5e-06, ""max_epochs"": 3000, ""min_epochs"": 400, ""n_batches"": 20, ""patience"": 200, ""reg_lambda"": 1.0, ""shuffle"": true, ""squash_scale"": 10.0, ""tol"": 0.0005}",linear,0.1,0.5,0.5,True,0,,,,,,3000,,0.0575,False,-0.0217489634376178,0.7142857142857143,1.0,0.9902777777777778,0.9575,0.7301587301587301,0.978891820580475,0.9452217461618211,0.7875,,requires predict_proba,,requires predict_proba,,2.186999999998079,success,
llsvm,sar-pi0.1-scalesmall,116,"{""alpha"": 2.0, ""beta"": 1.0, ""early_stopping"": true, ""fit_intercept"": true, ""gamma"": 10.0, ""intercept_scale"": 10.0, ""learning_rate"": 5e-06, ""max_epochs"": 3000, ""min_epochs"": 400, ""n_batches"": 20, ""patience"": 200, ""reg_lambda"": 1.0, ""shuffle"": true, ""squash_scale"": 10.0, ""tol"": 0.0005}",linear,0.1,0.5,0.5,True,0,,,,,,2001,,0.06,False,-0.01911044101017717,0.7142857142857143,1.0,0.9986111111111111,0.96,0.75,0.9762532981530343,0.9896474358974359,0.8,,requires predict_proba,,requires predict_proba,,1.4690000000009604,success,
llsvm,sar-pi0.1-scalesmall,117,"{""alpha"": 2.0, ""beta"": 1.0, ""early_stopping"": true, ""fit_intercept"": true, ""gamma"": 10.0, ""intercept_scale"": 10.0, ""learning_rate"": 5e-06, ""max_epochs"": 3000, ""min_epochs"": 400, ""n_batches"": 20, ""patience"": 200, ""reg_lambda"": 1.0, ""shuffle"": true, ""squash_scale"": 10.0, ""tol"": 0.0005}",linear,0.1,0.5,0.5,True,0,,,,,,3000,,0.0425,False,-0.015151515151515166,0.6666666666666666,1.0,0.9961805555555556,0.9425,0.5964912280701754,0.9818181818181818,0.9726282243074152,0.7125,,requires predict_proba,,requires predict_proba,,2.1559999999990396,success,
llsvm,sar-pi0.1-scalesmall,118,"{""alpha"": 2.0, ""beta"": 1.0, ""early_stopping"": true, ""fit_intercept"": true, ""gamma"": 10.0, ""intercept_scale"": 10.0, ""learning_rate"": 5e-06, ""max_epochs"": 3000, ""min_epochs"": 400, ""n_batches"": 20, ""patience"": 200, ""reg_lambda"": 1.0, ""shuffle"": true, ""squash_scale"": 10.0, ""tol"": 0.0005}",linear,0.1,0.5,0.5,True,0,,,,,,1827,,0.0625,False,-0.016471918582736528,0.7142857142857143,1.0,0.9996527777777778,0.9625,0.7692307692307693,0.9736147757255936,0.9967906478488956,0.8125,,requires predict_proba,,requires predict_proba,,1.3280000000013388,success,
llsvm,sar-pi0.1-scalesmall,119,"{""alpha"": 2.0, ""beta"": 1.0, ""early_stopping"": true, ""fit_intercept"": true, ""gamma"": 10.0, ""intercept_scale"": 10.0, ""learning_rate"": 5e-06, ""max_epochs"": 3000, ""min_epochs"": 400, ""n_batches"": 20, ""patience"": 200, ""reg_lambda"": 1.0, ""shuffle"": true, ""squash_scale"": 10.0, ""tol"": 0.0005}",linear,0.1,0.5,0.5,True,0,,,,,,2223,,0.0625,False,0.0078049454344522595,0.631578947368421,1.0,0.9986805555555556,0.9625,0.7692307692307693,0.9658792650918635,0.9919491525423729,0.8125,,requires predict_proba,,requires predict_proba,,1.6409999999996217,success,
llsvm,sar-pi0.1-scalemid,100,"{""alpha"": 2.0, ""beta"": 1.0, ""early_stopping"": true, ""fit_intercept"": true, ""gamma"": 10.0, ""intercept_scale"": 10.0, ""learning_rate"": 5e-06, ""max_epochs"": 3000, ""min_epochs"": 400, ""n_batches"": 20, ""patience"": 200, ""reg_lambda"": 1.0, ""shuffle"": true, ""squash_scale"": 10.0, ""tol"": 0.0005}",linear,0.1,0.5,0.5,True,0,,,,,,2016,,0.0855,False,-0.04817732175458176,0.9484536082474226,1.0,0.9976944444444444,0.9855,0.921832884097035,0.9584866001050972,0.9874491700957825,0.9275,,requires predict_proba,,requires predict_proba,,1.9059999999990396,success,
llsvm,sar-pi0.1-scalemid,101,"{""alpha"": 2.0, ""beta"": 1.0, ""early_stopping"": true, ""fit_intercept"": true, ""gamma"": 10.0, ""intercept_scale"": 10.0, ""learning_rate"": 5e-06, ""max_epochs"": 3000, ""min_epochs"": 400, ""n_batches"": 20, ""patience"": 200, ""reg_lambda"": 1.0, ""shuffle"": true, ""squash_scale"": 10.0, ""tol"": 0.0005}",linear,0.1,0.5,0.5,True,0,,,,,,1504,,0.087,False,-0.04415030081589616,0.946236559139785,1.0,0.9989666666666667,0.985,0.9197860962566845,0.9549029889879391,0.991686596417024,0.9294444444444445,,requires predict_proba,,requires predict_proba,,1.4060000000026776,success,
llsvm,sar-pi0.1-scalemid,102,"{""alpha"": 2.0, ""beta"": 1.0, ""early_stopping"": true, ""fit_intercept"": true, ""gamma"": 10.0, ""intercept_scale"": 10.0, ""learning_rate"": 5e-06, ""max_epochs"": 3000, ""min_epochs"": 400, ""n_batches"": 20, ""patience"": 200, ""reg_lambda"": 1.0, ""shuffle"": true, ""squash_scale"": 10.0, ""tol"": 0.0005}",linear,0.1,0.5,0.5,True,0,,,,,,2100,,0.0905,False,-0.047732127151652225,0.9523809523809523,1.0,0.9983527777777778,0.9865,0.9291338582677166,0.9572559366754617,0.9876603586043644,0.9413888888888888,,requires predict_proba,,requires predict_proba,,1.9379999999982829,success,
llsvm,sar-pi0.1-scalemid,103,"{""alpha"": 2.0, ""beta"": 1.0, ""early_stopping"": true, ""fit_intercept"": true, ""gamma"": 10.0, ""intercept_scale"": 10.0, ""learning_rate"": 5e-06, ""max_epochs"": 3000, ""min_epochs"": 400, ""n_batches"": 20, ""patience"": 200, ""reg_lambda"": 1.0, ""shuffle"": true, ""squash_scale"": 10.0, ""tol"": 0.0005}",linear,0.1,0.5,0.5,True,0,,,,,,3000,,0.088,False,-0.0533820804526708,0.9622641509433962,1.0,0.9986555555555556,0.988,0.9361702127659575,0.9609292502639916,0.9942247541258892,0.94,,requires predict_proba,,requires predict_proba,,2.812000000001717,success,
llsvm,sar-pi0.1-scalemid,104,"{""alpha"": 2.0, ""beta"": 1.0, ""early_stopping"": true, ""fit_intercept"": true, ""gamma"": 10.0, ""intercept_scale"": 10.0, ""learning_rate"": 5e-06, ""max_epochs"": 3000, ""min_epochs"": 400, ""n_batches"": 20, ""patience"": 200, ""reg_lambda"": 1.0, ""shuffle"": true, ""squash_scale"": 10.0, ""tol"": 0.0005}",linear,0.1,0.5,0.5,True,0,,,,,,1967,,0.0855,False,-0.04747368421052632,0.94,1.0,0.998675,0.9845,0.9164420485175202,0.9594736842105264,0.9920054053625872,0.9247222222222222,,requires predict_proba,,requires predict_proba,,1.8279999999977008,success,
llsvm,sar-pi0.1-scalemid,105,"{""alpha"": 2.0, ""beta"": 1.0, ""early_stopping"": true, ""fit_intercept"": true, ""gamma"": 10.0, ""intercept_scale"": 10.0, ""learning_rate"": 5e-06, ""max_epochs"": 3000, ""min_epochs"": 400, ""n_batches"": 20, ""patience"": 200, ""reg_lambda"": 1.0, ""shuffle"": true, ""squash_scale"": 10.0, ""tol"": 0.0005}",linear,0.1,0.5,0.5,True,0,,,,,,1093,,0.0775,False,-0.04259224039558768,0.9090909090909091,1.0,0.9975611111111111,0.9775,0.8732394366197183,0.9607740585774058,0.9833429246512289,0.8875,,requires predict_proba,,requires predict_proba,,1.014999999999418,success,
llsvm,sar-pi0.1-scalemid,106,"{""alpha"": 2.0, ""beta"": 1.0, ""early_stopping"": true, ""fit_intercept"": true, ""gamma"": 10.0, ""intercept_scale"": 10.0, ""learning_rate"": 5e-06, ""max_epochs"": 3000, ""min_epochs"": 400, ""n_batches"": 20, ""patience"": 200, ""reg_lambda"": 1.0, ""shuffle"": true, ""squash_scale"": 10.0, ""tol"": 0.0005}",linear,0.1,0.5,0.5,True,0,,,,,,1952,,0.089,False,-0.056979316979316984,0.9727272727272728,1.0,0.9978694444444444,0.986,0.9259259259259259,0.9624338624338624,0.9814369777233191,0.9366666666666666,,requires predict_proba,,requires predict_proba,,1.7970000000022992,success,
llsvm,sar-pi0.1-scalemid,107,"{""alpha"": 2.0, ""beta"": 1.0, ""early_stopping"": true, ""fit_intercept"": true, ""gamma"": 10.0, ""intercept_scale"": 10.0, ""learning_rate"": 5e-06, ""max_epochs"": 3000, ""min_epochs"": 400, ""n_batches"": 20, ""patience"": 200, ""reg_lambda"": 1.0, ""shuffle"": true, ""squash_scale"": 10.0, ""tol"": 0.0005}",linear,0.1,0.5,0.5,True,0,,,,,,1789,,0.0885,False,-0.04878399991498361,0.9595959595959596,1.0,0.998736111111111,0.9865,0.9283819628647215,0.9568648079957917,0.9911861022506971,0.9369444444444445,,requires predict_proba,,requires predict_proba,,1.6569999999992433,success,
llsvm,sar-pi0.1-scalemid,108,"{""alpha"": 2.0, ""beta"": 1.0, ""early_stopping"": true, ""fit_intercept"": true, ""gamma"": 10.0, ""intercept_scale"": 10.0, ""learning_rate"": 5e-06, ""max_epochs"": 3000, ""min_epochs"": 400, ""n_batches"": 20, ""patience"": 200, ""reg_lambda"": 1.0, ""shuffle"": true, ""squash_scale"": 10.0, ""tol"": 0.0005}",linear,0.1,0.5,0.5,True,0,,,,,,2868,,0.0905,False,-0.05177232610162648,0.9797979797979798,1.0,0.9993777777777777,0.9895,0.9448818897637795,0.9558127301420305,0.9949895801775086,0.9497222222222222,,requires predict_proba,,requires predict_proba,,2.639999999999418,success,
llsvm,sar-pi0.1-scalemid,109,"{""alpha"": 2.0, ""beta"": 1.0, ""early_stopping"": true, ""fit_intercept"": true, ""gamma"": 10.0, ""intercept_scale"": 10.0, ""learning_rate"": 5e-06, ""max_epochs"": 3000, ""min_epochs"": 400, ""n_batches"": 20, ""patience"": 200, ""reg_lambda"": 1.0, ""shuffle"": true, ""squash_scale"": 10.0, ""tol"": 0.0005}",linear,0.1,0.5,0.5,True,0,,,,,,1345,,0.0935,False,-0.042133433848473435,0.9428571428571428,1.0,0.9955222222222223,0.9795,0.8940568475452196,0.9535620052770448,0.9684126573074985,0.928611111111111,,requires predict_proba,,requires predict_proba,,1.25,success,
llsvm,sar-pi0.1-scalemid,110,"{""alpha"": 2.0, ""beta"": 1.0, ""early_stopping"": true, ""fit_intercept"": true, ""gamma"": 10.0, ""intercept_scale"": 10.0, ""learning_rate"": 5e-06, ""max_epochs"": 3000, ""min_epochs"": 400, ""n_batches"": 20, ""patience"": 200, ""reg_lambda"": 1.0, ""shuffle"": true, ""squash_scale"": 10.0, ""tol"": 0.0005}",linear,0.1,0.5,0.5,True,0,,,,,,3000,,0.0765,False,-0.05075453816432165,0.9418604651162791,1.0,0.996425,0.9765,0.8668555240793201,0.9623824451410659,0.9839718124661322,0.8825000000000001,,requires predict_proba,,requires predict_proba,,2.764999999999418,success,
llsvm,sar-pi0.1-scalemid,111,"{""alpha"": 2.0, ""beta"": 1.0, ""early_stopping"": true, ""fit_intercept"": true, ""gamma"": 10.0, ""intercept_scale"": 10.0, ""learning_rate"": 5e-06, ""max_epochs"": 3000, ""min_epochs"": 400, ""n_batches"": 20, ""patience"": 200, ""reg_lambda"": 1.0, ""shuffle"": true, ""squash_scale"": 10.0, ""tol"": 0.0005}",linear,0.1,0.5,0.5,True,0,,,,,,1950,,0.0825,False,-0.048105263157894734,0.93,1.0,0.9987916666666667,0.9805,0.8931506849315068,0.9621052631578947,0.9904083656755296,0.9069444444444444,,requires predict_proba,,requires predict_proba,,1.8129999999982829,success,
llsvm,sar-pi0.1-scalemid,112,"{""alpha"": 2.0, ""beta"": 1.0, ""early_stopping"": true, ""fit_intercept"": true, ""gamma"": 10.0, ""intercept_scale"": 10.0, ""learning_rate"": 5e-06, ""max_epochs"": 3000, ""min_epochs"": 400, ""n_batches"": 20, ""patience"": 200, ""reg_lambda"": 1.0, ""shuffle"": true, ""squash_scale"": 10.0, ""tol"": 0.0005}",linear,0.1,0.5,0.5,True,0,,,,,,1038,,0.086,False,-0.04189473684210527,0.92,1.0,0.9955694444444445,0.98,0.8924731182795699,0.9578947368421052,0.9760825226524127,0.9133333333333333,,requires predict_proba,,requires predict_proba,,0.9530000000013388,success,
llsvm,sar-pi0.1-scalemid,113,"{""alpha"": 2.0, ""beta"": 1.0, ""early_stopping"": true, ""fit_intercept"": true, ""gamma"": 10.0, ""intercept_scale"": 10.0, ""learning_rate"": 5e-06, ""max_epochs"": 3000, ""min_epochs"": 400, ""n_batches"": 20, ""patience"": 200, ""reg_lambda"": 1.0, ""shuffle"": true, ""squash_scale"": 10.0, ""tol"": 0.0005}",linear,0.1,0.5,0.5,True,0,,,,,,1678,,0.0835,False,-0.04385876041192961,0.9340659340659341,1.0,0.9987,0.9825,0.9046321525885559,0.9570455735987428,0.9892068074330541,0.9147222222222222,,requires predict_proba,,requires predict_proba,,1.5319999999992433,success,
llsvm,sar-pi0.1-scalemid,114,"{""alpha"": 2.0, ""beta"": 1.0, ""early_stopping"": true, ""fit_intercept"": true, ""gamma"": 10.0, ""intercept_scale"": 10.0, ""learning_rate"": 5e-06, ""max_epochs"": 3000, ""min_epochs"": 400, ""n_batches"": 20, ""patience"": 200, ""reg_lambda"": 1.0, ""shuffle"": true, ""squash_scale"": 10.0, ""tol"": 0.0005}",linear,0.1,0.5,0.5,True,0,,,,,,1569,,0.0815,False,-0.06198894813190439,0.963302752293578,1.0,0.9983138888888888,0.9805,0.8925619834710744,0.9693283976731888,0.9802217861947745,0.9047222222222222,,requires predict_proba,,requires predict_proba,,1.4380000000019209,success,
llsvm,sar-pi0.1-scalemid,115,"{""alpha"": 2.0, ""beta"": 1.0, ""early_stopping"": true, ""fit_intercept"": true, ""gamma"": 10.0, ""intercept_scale"": 10.0, ""learning_rate"": 5e-06, ""max_epochs"": 3000, ""min_epochs"": 400, ""n_batches"": 20, ""patience"": 200, ""reg_lambda"": 1.0, ""shuffle"": true, ""squash_scale"": 10.0, ""tol"": 0.0005}",linear,0.1,0.5,0.5,True,0,,,,,,1388,,0.0915,False,-0.04424425179042594,0.9428571428571428,1.0,0.9968055555555555,0.9845,0.9190600522193212,0.9556728232189974,0.9786319941902691,0.9380555555555555,,requires predict_proba,,requires predict_proba,,1.3590000000003783,success,
llsvm,sar-pi0.1-scalemid,116,"{""alpha"": 2.0, ""beta"": 1.0, ""early_stopping"": true, ""fit_intercept"": true, ""gamma"": 10.0, ""intercept_scale"": 10.0, ""learning_rate"": 5e-06, ""max_epochs"": 3000, ""min_epochs"": 400, ""n_batches"": 20, ""patience"": 200, ""reg_lambda"": 1.0, ""shuffle"": true, ""squash_scale"": 10.0, ""tol"": 0.0005}",linear,0.1,0.5,0.5,True,0,,,,,,1914,,0.09,False,-0.04885537247713734,0.9528301886792453,1.0,0.9996333333333334,0.988,0.9368421052631579,0.9582893347412883,0.9968562575416438,0.9444444444444444,,requires predict_proba,,requires predict_proba,,1.7809999999990396,success,
llsvm,sar-pi0.1-scalemid,117,"{""alpha"": 2.0, ""beta"": 1.0, ""early_stopping"": true, ""fit_intercept"": true, ""gamma"": 10.0, ""intercept_scale"": 10.0, ""learning_rate"": 5e-06, ""max_epochs"": 3000, ""min_epochs"": 400, ""n_batches"": 20, ""patience"": 200, ""reg_lambda"": 1.0, ""shuffle"": true, ""squash_scale"": 10.0, ""tol"": 0.0005}",linear,0.1,0.5,0.5,True,0,,,,,,2066,,0.0875,False,-0.056324839114582304,0.9716981132075472,1.0,0.9992666666666667,0.9865,0.928,0.9619852164730729,0.9939308578133497,0.9347222222222222,,requires predict_proba,,requires predict_proba,,1.8909999999996217,success,
llsvm,sar-pi0.1-scalemid,118,"{""alpha"": 2.0, ""beta"": 1.0, ""early_stopping"": true, ""fit_intercept"": true, ""gamma"": 10.0, ""intercept_scale"": 10.0, ""learning_rate"": 5e-06, ""max_epochs"": 3000, ""min_epochs"": 400, ""n_batches"": 20, ""patience"": 200, ""reg_lambda"": 1.0, ""shuffle"": true, ""squash_scale"": 10.0, ""tol"": 0.0005}",linear,0.1,0.5,0.5,True,0,,,,,,1079,,0.088,False,-0.05072457487093088,0.9690721649484536,1.0,0.9995111111111111,0.987,0.9308510638297872,0.9569101418812401,0.9956361078381599,0.9372222222222222,,requires predict_proba,,requires predict_proba,,0.9840000000003783,success,
llsvm,sar-pi0.1-scalemid,119,"{""alpha"": 2.0, ""beta"": 1.0, ""early_stopping"": true, ""fit_intercept"": true, ""gamma"": 10.0, ""intercept_scale"": 10.0, ""learning_rate"": 5e-06, ""max_epochs"": 3000, ""min_epochs"": 400, ""n_batches"": 20, ""patience"": 200, ""reg_lambda"": 1.0, ""shuffle"": true, ""squash_scale"": 10.0, ""tol"": 0.0005}",linear,0.1,0.5,0.5,True,0,,,,,,1757,,0.0835,False,-0.04510458256361362,0.9278350515463918,1.0,0.9976361111111112,0.9835,0.9100817438692098,0.9595375722543352,0.9863204634489847,0.9175,,requires predict_proba,,requires predict_proba,,1.6090000000003783,success,
llsvm,sar-pi0.3-scalesmall,100,"{""alpha"": 2.0, ""beta"": 1.0, ""early_stopping"": true, ""fit_intercept"": true, ""gamma"": 10.0, ""intercept_scale"": 10.0, ""learning_rate"": 5e-06, ""max_epochs"": 3000, ""min_epochs"": 400, ""n_batches"": 20, ""patience"": 200, ""reg_lambda"": 1.0, ""shuffle"": true, ""squash_scale"": 10.0, ""tol"": 0.0005}",linear,0.3,0.5,0.5,True,0,,,,,,1844,,0.22,False,-0.10613026819923371,0.8620689655172413,1.0,0.9999107142857143,0.92,0.8461538461538461,0.8888888888888888,0.9997939435336977,0.8666666666666667,,requires predict_proba,,requires predict_proba,,1.4209999999984575,success,
llsvm,sar-pi0.3-scalesmall,101,"{""alpha"": 2.0, ""beta"": 1.0, ""early_stopping"": true, ""fit_intercept"": true, ""gamma"": 10.0, ""intercept_scale"": 10.0, ""learning_rate"": 5e-06, ""max_epochs"": 3000, ""min_epochs"": 400, ""n_batches"": 20, ""patience"": 200, ""reg_lambda"": 1.0, ""shuffle"": true, ""squash_scale"": 10.0, ""tol"": 0.0005}",linear,0.3,0.5,0.5,True,0,,,,,,3000,,0.18,False,-0.12235294117647061,0.8166666666666667,1.0,0.9986904761904762,0.88,0.75,0.9323529411764706,0.9970276352456031,0.8,,requires predict_proba,,requires predict_proba,,2.3290000000015425,success,
llsvm,sar-pi0.3-scalesmall,102,"{""alpha"": 2.0, ""beta"": 1.0, ""early_stopping"": true, ""fit_intercept"": true, ""gamma"": 10.0, ""intercept_scale"": 10.0, ""learning_rate"": 5e-06, ""max_epochs"": 3000, ""min_epochs"": 400, ""n_batches"": 20, ""patience"": 200, ""reg_lambda"": 1.0, ""shuffle"": true, ""squash_scale"": 10.0, ""tol"": 0.0005}",linear,0.3,0.5,0.5,True,0,,,,,,2953,,0.1525,False,-0.11359521252109867,0.7719298245614035,1.0,0.9983928571428572,0.8525,0.6740331491712708,0.9504373177842566,0.9966699758873498,0.7541666666666667,,requires predict_proba,,requires predict_proba,,2.2659999999996217,success,
llsvm,sar-pi0.3-scalesmall,103,"{""alpha"": 2.0, ""beta"": 1.0, ""early_stopping"": true, ""fit_intercept"": true, ""gamma"": 10.0, ""intercept_scale"": 10.0, ""learning_rate"": 5e-06, ""max_epochs"": 3000, ""min_epochs"": 400, ""n_batches"": 20, ""patience"": 200, ""reg_lambda"": 1.0, ""shuffle"": true, ""squash_scale"": 10.0, ""tol"": 0.0005}",linear,0.3,0.5,0.5,True,0,,,,,,1335,,0.215,False,0.1197402597402597,0.5428571428571428,0.7574750830564784,0.8350892857142858,0.78,0.5728155339805825,0.8545454545454545,0.6820718071309596,0.6976190476190476,,requires predict_proba,,requires predict_proba,,1.0470000000022992,success,
llsvm,sar-pi0.3-scalesmall,104,"{""alpha"": 2.0, ""beta"": 1.0, ""early_stopping"": true, ""fit_intercept"": true, ""gamma"": 10.0, ""intercept_scale"": 10.0, ""learning_rate"": 5e-06, ""max_epochs"": 3000, ""min_epochs"": 400, ""n_batches"": 20, ""patience"": 200, ""reg_lambda"": 1.0, ""shuffle"": true, ""squash_scale"": 10.0, ""tol"": 0.0005}",linear,0.3,0.5,0.5,True,0,,,,,,1374,,0.2075,False,-0.1403375068045727,0.8636363636363636,1.0,0.9993154761904761,0.9075,0.8177339901477833,0.9221556886227545,0.9984196212289517,0.8458333333333333,,requires predict_proba,,requires predict_proba,,1.0629999999982829,success,
llsvm,sar-pi0.3-scalesmall,105,"{""alpha"": 2.0, ""beta"": 1.0, ""early_stopping"": true, ""fit_intercept"": true, ""gamma"": 10.0, ""intercept_scale"": 10.0, ""learning_rate"": 5e-06, ""max_epochs"": 3000, ""min_epochs"": 400, ""n_batches"": 20, ""patience"": 200, ""reg_lambda"": 1.0, ""shuffle"": true, ""squash_scale"": 10.0, ""tol"": 0.0005}",linear,0.3,0.5,0.5,True,0,,,,,,1114,,0.215,False,-0.10290272876385503,0.847457627118644,1.0,0.9993154761904762,0.915,0.8349514563106796,0.8944281524926686,0.9984787253643794,0.8583333333333334,,requires predict_proba,,requires predict_proba,,0.8600000000005821,success,
llsvm,sar-pi0.3-scalesmall,106,"{""alpha"": 2.0, ""beta"": 1.0, ""early_stopping"": true, ""fit_intercept"": true, ""gamma"": 10.0, ""intercept_scale"": 10.0, ""learning_rate"": 5e-06, ""max_epochs"": 3000, ""min_epochs"": 400, ""n_batches"": 20, ""patience"": 200, ""reg_lambda"": 1.0, ""shuffle"": true, ""squash_scale"": 10.0, ""tol"": 0.0005}",linear,0.3,0.5,0.5,True,0,,,,,,2675,,0.23,False,-0.11401723894305496,0.873015873015873,1.0,0.998422619047619,0.93,0.8679245283018868,0.8902077151335311,0.9967502860584161,0.8833333333333333,,requires predict_proba,,requires predict_proba,,2.047000000002299,success,
llsvm,sar-pi0.3-scalesmall,107,"{""alpha"": 2.0, ""beta"": 1.0, ""early_stopping"": true, ""fit_intercept"": true, ""gamma"": 10.0, ""intercept_scale"": 10.0, ""learning_rate"": 5e-06, ""max_epochs"": 3000, ""min_epochs"": 400, ""n_batches"": 20, ""patience"": 200, ""reg_lambda"": 1.0, ""shuffle"": true, ""squash_scale"": 10.0, ""tol"": 0.0005}",linear,0.3,0.5,0.5,True,0,,,,,,1371,,0.1725,False,-0.07463070006422606,0.7592592592592593,1.0,0.9995238095238095,0.8725,0.7301587301587301,0.9190751445086706,0.9989233075851558,0.7875,,requires predict_proba,,requires predict_proba,,1.0469999999986612,success,
llsvm,sar-pi0.3-scalesmall,108,"{""alpha"": 2.0, ""beta"": 1.0, ""early_stopping"": true, ""fit_intercept"": true, ""gamma"": 10.0, ""intercept_scale"": 10.0, ""learning_rate"": 5e-06, ""max_epochs"": 3000, ""min_epochs"": 400, ""n_batches"": 20, ""patience"": 200, ""reg_lambda"": 1.0, ""shuffle"": true, ""squash_scale"": 10.0, ""tol"": 0.0005}",linear,0.3,0.5,0.5,True,0,,,,,,1987,,0.2175,False,-0.1338024082402437,0.8852459016393442,1.0,0.9986309523809523,0.9175,0.8405797101449275,0.9026548672566371,0.9969647610278974,0.8625,,requires predict_proba,,requires predict_proba,,1.5320000000028813,success,
llsvm,sar-pi0.3-scalesmall,109,"{""alpha"": 2.0, ""beta"": 1.0, ""early_stopping"": true, ""fit_intercept"": true, ""gamma"": 10.0, ""intercept_scale"": 10.0, ""learning_rate"": 5e-06, ""max_epochs"": 3000, ""min_epochs"": 400, ""n_batches"": 20, ""patience"": 200, ""reg_lambda"": 1.0, ""shuffle"": true, ""squash_scale"": 10.0, ""tol"": 0.0005}",linear,0.3,0.5,0.5,True,0,,,,,,2665,,0.2025,False,-0.13416701992369648,0.8571428571428571,1.0,0.9964285714285714,0.9025,0.8059701492537313,0.9198813056379822,0.9942894971788138,0.8375,,requires predict_proba,,requires predict_proba,,2.0469999999986612,success,
llsvm,sar-pi0.3-scalesmall,110,"{""alpha"": 2.0, ""beta"": 1.0, ""early_stopping"": true, ""fit_intercept"": true, ""gamma"": 10.0, ""intercept_scale"": 10.0, ""learning_rate"": 5e-06, ""max_epochs"": 3000, ""min_epochs"": 400, ""n_batches"": 20, ""patience"": 200, ""reg_lambda"": 1.0, ""shuffle"": true, ""squash_scale"": 10.0, ""tol"": 0.0005}",linear,0.3,0.5,0.5,True,0,,,,,,2767,,0.215,False,-0.14953817882876347,0.9016393442622951,1.0,0.998452380952381,0.915,0.8349514563106796,0.9085545722713865,0.996840259937409,0.8583333333333334,,requires predict_proba,,requires predict_proba,,2.1409999999996217,success,
llsvm,sar-pi0.3-scalesmall,111,"{""alpha"": 2.0, ""beta"": 1.0, ""early_stopping"": true, ""fit_intercept"": true, ""gamma"": 10.0, ""intercept_scale"": 10.0, ""learning_rate"": 5e-06, ""max_epochs"": 3000, ""min_epochs"": 400, ""n_batches"": 20, ""patience"": 200, ""reg_lambda"": 1.0, ""shuffle"": true, ""squash_scale"": 10.0, ""tol"": 0.0005}",linear,0.3,0.5,0.5,True,0,,,,,,1997,,0.205,False,-0.11463293404244743,0.847457627118644,1.0,0.9991071428571429,0.905,0.8118811881188119,0.906158357771261,0.9978775254914203,0.8416666666666667,,requires predict_proba,,requires predict_proba,,1.5320000000028813,success,
llsvm,sar-pi0.3-scalesmall,112,"{""alpha"": 2.0, ""beta"": 1.0, ""early_stopping"": true, ""fit_intercept"": true, ""gamma"": 10.0, ""intercept_scale"": 10.0, ""learning_rate"": 5e-06, ""max_epochs"": 3000, ""min_epochs"": 400, ""n_batches"": 20, ""patience"": 200, ""reg_lambda"": 1.0, ""shuffle"": true, ""squash_scale"": 10.0, ""tol"": 0.0005}",linear,0.3,0.5,0.5,True,0,,,,,,2335,,0.185,False,-0.12202380952380953,0.8125,1.0,0.9963988095238094,0.885,0.7628865979381443,0.9345238095238095,0.9918940617835714,0.8083333333333333,,requires predict_proba,,requires predict_proba,,1.7969999999986612,success,
llsvm,sar-pi0.3-scalesmall,113,"{""alpha"": 2.0, ""beta"": 1.0, ""early_stopping"": true, ""fit_intercept"": true, ""gamma"": 10.0, ""intercept_scale"": 10.0, ""learning_rate"": 5e-06, ""max_epochs"": 3000, ""min_epochs"": 400, ""n_batches"": 20, ""patience"": 200, ""reg_lambda"": 1.0, ""shuffle"": true, ""squash_scale"": 10.0, ""tol"": 0.0005}",linear,0.3,0.5,0.5,True,0,,,,,,1337,,0.23,False,-0.08080357142857142,0.828125,1.0,0.9997321428571428,0.93,0.8679245283018868,0.8839285714285714,0.9993930806785991,0.8833333333333333,,requires predict_proba,,requires predict_proba,,1.0159999999996217,success,
llsvm,sar-pi0.3-scalesmall,114,"{""alpha"": 2.0, ""beta"": 1.0, ""early_stopping"": true, ""fit_intercept"": true, ""gamma"": 10.0, ""intercept_scale"": 10.0, ""learning_rate"": 5e-06, ""max_epochs"": 3000, ""min_epochs"": 400, ""n_batches"": 20, ""patience"": 200, ""reg_lambda"": 1.0, ""shuffle"": true, ""squash_scale"": 10.0, ""tol"": 0.0005}",linear,0.3,0.5,0.5,True,0,,,,,,1714,,0.2175,False,-0.11636286562102588,0.8571428571428571,1.0,0.998452380952381,0.9175,0.8405797101449275,0.9020771513353115,0.9966070542798887,0.8625,,requires predict_proba,,requires predict_proba,,1.3440000000009604,success,
llsvm,sar-pi0.3-scalesmall,115,"{""alpha"": 2.0, ""beta"": 1.0, ""early_stopping"": true, ""fit_intercept"": true, ""gamma"": 10.0, ""intercept_scale"": 10.0, ""learning_rate"": 5e-06, ""max_epochs"": 3000, ""min_epochs"": 400, ""n_batches"": 20, ""patience"": 200, ""reg_lambda"": 1.0, ""shuffle"": true, ""squash_scale"": 10.0, ""tol"": 0.0005}",linear,0.3,0.5,0.5,True,0,,,,,,2480,,0.1725,False,-0.07463070006422606,0.7592592592592593,1.0,0.9995833333333334,0.8725,0.7301587301587301,0.9190751445086706,0.9990400947881057,0.7875,,requires predict_proba,,requires predict_proba,,1.9209999999984575,success,
llsvm,sar-pi0.3-scalesmall,116,"{""alpha"": 2.0, ""beta"": 1.0, ""early_stopping"": true, ""fit_intercept"": true, ""gamma"": 10.0, ""intercept_scale"": 10.0, ""learning_rate"": 5e-06, ""max_epochs"": 3000, ""min_epochs"": 400, ""n_batches"": 20, ""patience"": 200, ""reg_lambda"": 1.0, ""shuffle"": true, ""squash_scale"": 10.0, ""tol"": 0.0005}",linear,0.3,0.5,0.5,True,0,,,,,,943,,0.2125,False,-0.10559267035693834,0.8387096774193549,1.0,0.9998809523809524,0.9125,0.8292682926829268,0.9023668639053254,0.99972564693131,0.8541666666666667,,requires predict_proba,,requires predict_proba,,0.7350000000005821,success,
llsvm,sar-pi0.3-scalesmall,117,"{""alpha"": 2.0, ""beta"": 1.0, ""early_stopping"": true, ""fit_intercept"": true, ""gamma"": 10.0, ""intercept_scale"": 10.0, ""learning_rate"": 5e-06, ""max_epochs"": 3000, ""min_epochs"": 400, ""n_batches"": 20, ""patience"": 200, ""reg_lambda"": 1.0, ""shuffle"": true, ""squash_scale"": 10.0, ""tol"": 0.0005}",linear,0.3,0.5,0.5,True,0,,,,,,1425,,0.2075,False,-0.11170038272279934,0.847457627118644,1.0,0.9983630952380953,0.9075,0.8177339901477833,0.9032258064516129,0.9963662015115575,0.8458333333333333,,requires predict_proba,,requires predict_proba,,1.1090000000003783,success,
llsvm,sar-pi0.3-scalesmall,118,"{""alpha"": 2.0, ""beta"": 1.0, ""early_stopping"": true, ""fit_intercept"": true, ""gamma"": 10.0, ""intercept_scale"": 10.0, ""learning_rate"": 5e-06, ""max_epochs"": 3000, ""min_epochs"": 400, ""n_batches"": 20, ""patience"": 200, ""reg_lambda"": 1.0, ""shuffle"": true, ""squash_scale"": 10.0, ""tol"": 0.0005}",linear,0.3,0.5,0.5,True,0,,,,,,964,,0.1975,False,-0.0969269102990033,0.8214285714285714,1.0,0.999077380952381,0.8975,0.7939698492462312,0.9040697674418605,0.9978620438989803,0.8291666666666666,,requires predict_proba,,requires predict_proba,,0.75,success,
llsvm,sar-pi0.3-scalesmall,119,"{""alpha"": 2.0, ""beta"": 1.0, ""early_stopping"": true, ""fit_intercept"": true, ""gamma"": 10.0, ""intercept_scale"": 10.0, ""learning_rate"": 5e-06, ""max_epochs"": 3000, ""min_epochs"": 400, ""n_batches"": 20, ""patience"": 200, ""reg_lambda"": 1.0, ""shuffle"": true, ""squash_scale"": 10.0, ""tol"": 0.0005}",linear,0.3,0.5,0.5,True,0,,,,,,1475,,0.2225,False,-0.08973214285714287,0.828125,1.0,0.9994047619047619,0.9225,0.8516746411483254,0.8928571428571429,0.998667512561919,0.8708333333333333,,requires predict_proba,,requires predict_proba,,1.125,success,
llsvm,sar-pi0.3-scalemid,100,"{""alpha"": 2.0, ""beta"": 1.0, ""early_stopping"": true, ""fit_intercept"": true, ""gamma"": 10.0, ""intercept_scale"": 10.0, ""learning_rate"": 5e-06, ""max_epochs"": 3000, ""min_epochs"": 400, ""n_batches"": 20, ""patience"": 200, ""reg_lambda"": 1.0, ""shuffle"": true, ""squash_scale"": 10.0, ""tol"": 0.0005}",linear,0.3,0.5,0.5,True,0,,,,,,1774,,0.269,False,-0.15083049383262367,0.9837133550488599,1.0,0.9986761904761904,0.969,0.945518453427065,0.8606024808033077,0.997437632011653,0.9483333333333333,,requires predict_proba,,requires predict_proba,,1.6410000000032596,success,
llsvm,sar-pi0.3-scalemid,101,"{""alpha"": 2.0, ""beta"": 1.0, ""early_stopping"": true, ""fit_intercept"": true, ""gamma"": 10.0, ""intercept_scale"": 10.0, ""learning_rate"": 5e-06, ""max_epochs"": 3000, ""min_epochs"": 400, ""n_batches"": 20, ""patience"": 200, ""reg_lambda"": 1.0, ""shuffle"": true, ""squash_scale"": 10.0, ""tol"": 0.0005}",linear,0.3,0.5,0.5,True,0,,,,,,490,,0.2695,False,-0.12174890836862667,0.9612676056338029,1.0,0.9981904761904762,0.9655,0.9394205443371378,0.844988344988345,0.9958382983341805,0.944404761904762,,requires predict_proba,,requires predict_proba,,0.4529999999977008,success,
llsvm,sar-pi0.3-scalemid,102,"{""alpha"": 2.0, ""beta"": 1.0, ""early_stopping"": true, ""fit_intercept"": true, ""gamma"": 10.0, ""intercept_scale"": 10.0, ""learning_rate"": 5e-06, ""max_epochs"": 3000, ""min_epochs"": 400, ""n_batches"": 20, ""patience"": 200, ""reg_lambda"": 1.0, ""shuffle"": true, ""squash_scale"": 10.0, ""tol"": 0.0005}",linear,0.3,0.5,0.5,True,0,,,,,,990,,0.2685,False,-0.12827751872262255,0.9492063492063492,1.0,0.9972809523809524,0.9605,0.93051890941073,0.8587537091988131,0.9940300704125492,0.9379761904761905,,requires predict_proba,,requires predict_proba,,0.9370000000017171,success,
llsvm,sar-pi0.3-scalemid,103,"{""alpha"": 2.0, ""beta"": 1.0, ""early_stopping"": true, ""fit_intercept"": true, ""gamma"": 10.0, ""intercept_scale"": 10.0, ""learning_rate"": 5e-06, ""max_epochs"": 3000, ""min_epochs"": 400, ""n_batches"": 20, ""patience"": 200, ""reg_lambda"": 1.0, ""shuffle"": true, ""squash_scale"": 10.0, ""tol"": 0.0005}",linear,0.3,0.5,0.5,True,0,,,,,,1178,,0.996,False,0.7139484184363742,0.9757785467128027,0.29390920081710925,0.028219047619047616,0.296,0.4567901234567901,0.0005844535359438924,0.16900073591489365,0.49333333333333335,,requires predict_proba,,requires predict_proba,,1.1559999999990396,success,
llsvm,sar-pi0.3-scalemid,104,"{""alpha"": 2.0, ""beta"": 1.0, ""early_stopping"": true, ""fit_intercept"": true, ""gamma"": 10.0, ""intercept_scale"": 10.0, ""learning_rate"": 5e-06, ""max_epochs"": 3000, ""min_epochs"": 400, ""n_batches"": 20, ""patience"": 200, ""reg_lambda"": 1.0, ""shuffle"": true, ""squash_scale"": 10.0, ""tol"": 0.0005}",linear,0.3,0.5,0.5,True,0,,,,,,1049,,0.2745,False,-0.13061476969927674,0.972972972972973,1.0,0.9988583333333334,0.9725,0.9521322889469104,0.846830985915493,0.9975034079197157,0.9551190476190476,,requires predict_proba,,requires predict_proba,,1.0,success,
llsvm,sar-pi0.3-scalemid,105,"{""alpha"": 2.0, ""beta"": 1.0, ""early_stopping"": true, ""fit_intercept"": true, ""gamma"": 10.0, ""intercept_scale"": 10.0, ""learning_rate"": 5e-06, ""max_epochs"": 3000, ""min_epochs"": 400, ""n_batches"": 20, ""patience"": 200, ""reg_lambda"": 1.0, ""shuffle"": true, ""squash_scale"": 10.0, ""tol"": 0.0005}",linear,0.3,0.5,0.5,True,0,,,,,,752,,0.268,False,-0.12752438575642594,0.9621993127147767,1.0,0.9989202380952381,0.967,0.9419014084507042,0.85020479812756,0.9975717647840192,0.9454761904761906,,requires predict_proba,,requires predict_proba,,0.7190000000009604,success,
llsvm,sar-pi0.3-scalemid,106,"{""alpha"": 2.0, ""beta"": 1.0, ""early_stopping"": true, ""fit_intercept"": true, ""gamma"": 10.0, ""intercept_scale"": 10.0, ""learning_rate"": 5e-06, ""max_epochs"": 3000, ""min_epochs"": 400, ""n_batches"": 20, ""patience"": 200, ""reg_lambda"": 1.0, ""shuffle"": true, ""squash_scale"": 10.0, ""tol"": 0.0005}",linear,0.3,0.5,0.5,True,0,,,,,,1304,,0.2655,False,-0.14223984177038618,0.9674267100977199,1.0,0.9970666666666667,0.9605,0.9301503094606542,0.8617838157117543,0.9933011432151382,0.9365476190476191,,requires predict_proba,,requires predict_proba,,1.1870000000017171,success,
llsvm,sar-pi0.3-scalemid,107,"{""alpha"": 2.0, ""beta"": 1.0, ""early_stopping"": true, ""fit_intercept"": true, ""gamma"": 10.0, ""intercept_scale"": 10.0, ""learning_rate"": 5e-06, ""max_epochs"": 3000, ""min_epochs"": 400, ""n_batches"": 20, ""patience"": 200, ""reg_lambda"": 1.0, ""shuffle"": true, ""squash_scale"": 10.0, ""tol"": 0.0005}",linear,0.3,0.5,0.5,True,0,,,,,,1029,,0.2715,False,-0.14356706755999746,0.9896193771626297,1.0,0.9991761904761904,0.9695,0.9466316710411199,0.8497954412624197,0.9981690690533931,0.9501190476190475,,requires predict_proba,,requires predict_proba,,0.9679999999971187,success,
llsvm,sar-pi0.3-scalemid,108,"{""alpha"": 2.0, ""beta"": 1.0, ""early_stopping"": true, ""fit_intercept"": true, ""gamma"": 10.0, ""intercept_scale"": 10.0, ""learning_rate"": 5e-06, ""max_epochs"": 3000, ""min_epochs"": 400, ""n_batches"": 20, ""patience"": 200, ""reg_lambda"": 1.0, ""shuffle"": true, ""squash_scale"": 10.0, ""tol"": 0.0005}",linear,0.3,0.5,0.5,True,0,,,,,,1622,,0.281,False,-0.1329411764705882,0.9833333333333333,1.0,0.9992071428571428,0.98,0.9655765920826161,0.8429411764705882,0.9982825953277091,0.9671428571428572,,requires predict_proba,,requires predict_proba,,1.5,success,
llsvm,sar-pi0.3-scalemid,109,"{""alpha"": 2.0, ""beta"": 1.0, ""early_stopping"": true, ""fit_intercept"": true, ""gamma"": 10.0, ""intercept_scale"": 10.0, ""learning_rate"": 5e-06, ""max_epochs"": 3000, ""min_epochs"": 400, ""n_batches"": 20, ""patience"": 200, ""reg_lambda"": 1.0, ""shuffle"": true, ""squash_scale"": 10.0, ""tol"": 0.0005}",linear,0.3,0.5,0.5,True,0,,,,,,898,,0.2725,False,-0.13062034739454093,0.9612903225806452,1.0,0.995727380952381,0.9635,0.9362445414847161,0.8538461538461538,0.9912478630491811,0.9434523809523809,,requires predict_proba,,requires predict_proba,,0.8290000000015425,success,
llsvm,sar-pi0.3-scalemid,110,"{""alpha"": 2.0, ""beta"": 1.0, ""early_stopping"": true, ""fit_intercept"": true, ""gamma"": 10.0, ""intercept_scale"": 10.0, ""learning_rate"": 5e-06, ""max_epochs"": 3000, ""min_epochs"": 400, ""n_batches"": 20, ""patience"": 200, ""reg_lambda"": 1.0, ""shuffle"": true, ""squash_scale"": 10.0, ""tol"": 0.0005}",linear,0.3,0.5,0.5,True,0,,,,,,1710,,0.268,False,-0.13697429331232147,0.9788732394366197,1.0,0.9989107142857143,0.968,0.9436619718309859,0.8496503496503497,0.997753439587052,0.9466666666666667,,requires predict_proba,,requires predict_proba,,1.5780000000013388,success,
llsvm,sar-pi0.3-scalemid,111,"{""alpha"": 2.0, ""beta"": 1.0, ""early_stopping"": true, ""fit_intercept"": true, ""gamma"": 10.0, ""intercept_scale"": 10.0, ""learning_rate"": 5e-06, ""max_epochs"": 3000, ""min_epochs"": 400, ""n_batches"": 20, ""patience"": 200, ""reg_lambda"": 1.0, ""shuffle"": true, ""squash_scale"": 10.0, ""tol"": 0.0005}",linear,0.3,0.5,0.5,True,0,,,,,,1352,,0.2725,False,-0.13721713963259857,0.9765886287625418,1.0,0.9991928571428572,0.9695,0.9467248908296944,0.8512639623750735,0.9981059076864097,0.950595238095238,,requires predict_proba,,requires predict_proba,,1.25,success,
llsvm,sar-pi0.3-scalemid,112,"{""alpha"": 2.0, ""beta"": 1.0, ""early_stopping"": true, ""fit_intercept"": true, ""gamma"": 10.0, ""intercept_scale"": 10.0, ""learning_rate"": 5e-06, ""max_epochs"": 3000, ""min_epochs"": 400, ""n_batches"": 20, ""patience"": 200, ""reg_lambda"": 1.0, ""shuffle"": true, ""squash_scale"": 10.0, ""tol"": 0.0005}",linear,0.3,0.5,0.5,True,0,,,,,,848,,0.2635,False,-0.12604693382598453,0.9522184300341296,1.0,0.9975464285714286,0.9595,0.9281277728482697,0.8547158758055068,0.9948879942695092,0.934404761904762,,requires predict_proba,,requires predict_proba,,0.8279999999977008,success,
llsvm,sar-pi0.3-scalemid,113,"{""alpha"": 2.0, ""beta"": 1.0, ""early_stopping"": true, ""fit_intercept"": true, ""gamma"": 10.0, ""intercept_scale"": 10.0, ""learning_rate"": 5e-06, ""max_epochs"": 3000, ""min_epochs"": 400, ""n_batches"": 20, ""patience"": 200, ""reg_lambda"": 1.0, ""shuffle"": true, ""squash_scale"": 10.0, ""tol"": 0.0005}",linear,0.3,0.5,0.5,True,0,,,,,,1024,,0.266,False,-0.12610115221728876,0.9530201342281879,1.0,0.9987738095238096,0.964,0.9363957597173145,0.854289071680376,0.9970577821971278,0.940952380952381,,requires predict_proba,,requires predict_proba,,0.9690000000009604,success,
llsvm,sar-pi0.3-scalemid,114,"{""alpha"": 2.0, ""beta"": 1.0, ""early_stopping"": true, ""fit_intercept"": true, ""gamma"": 10.0, ""intercept_scale"": 10.0, ""learning_rate"": 5e-06, ""max_epochs"": 3000, ""min_epochs"": 400, ""n_batches"": 20, ""patience"": 200, ""reg_lambda"": 1.0, ""shuffle"": true, ""squash_scale"": 10.0, ""tol"": 0.0005}",linear,0.3,0.5,0.5,True,0,,,,,,826,,0.2485,False,-0.15770142180094784,0.9583333333333334,1.0,0.9970916666666667,0.9475,0.9042844120328167,0.8827014218009479,0.9916519750819023,0.9129761904761905,,requires predict_proba,,requires predict_proba,,0.7659999999996217,success,
llsvm,sar-pi0.3-scalemid,115,"{""alpha"": 2.0, ""beta"": 1.0, ""early_stopping"": true, ""fit_intercept"": true, ""gamma"": 10.0, ""intercept_scale"": 10.0, ""learning_rate"": 5e-06, ""max_epochs"": 3000, ""min_epochs"": 400, ""n_batches"": 20, ""patience"": 200, ""reg_lambda"": 1.0, ""shuffle"": true, ""squash_scale"": 10.0, ""tol"": 0.0005}",linear,0.3,0.5,0.5,True,0,,,,,,976,,0.2705,False,-0.13975297914597815,0.9736842105263158,1.0,0.9962726190476191,0.9645,0.9377738825591586,0.8555424528301887,0.9924441838778318,0.9436904761904762,,requires predict_proba,,requires predict_proba,,0.9060000000026776,success,
llsvm,sar-pi0.3-scalemid,116,"{""alpha"": 2.0, ""beta"": 1.0, ""early_stopping"": true, ""fit_intercept"": true, ""gamma"": 10.0, ""intercept_scale"": 10.0, ""learning_rate"": 5e-06, ""max_epochs"": 3000, ""min_epochs"": 400, ""n_batches"": 20, ""patience"": 200, ""reg_lambda"": 1.0, ""shuffle"": true, ""squash_scale"": 10.0, ""tol"": 0.0005}",linear,0.3,0.5,0.5,True,0,,,,,,982,,0.2785,False,-0.12913841977311105,0.9678456591639871,1.0,0.9996940476190476,0.9765,0.9593777009507347,0.8484310242747187,0.9992687831949353,0.9617857142857142,,requires predict_proba,,requires predict_proba,,0.9219999999986612,success,
llsvm,sar-pi0.3-scalemid,117,"{""alpha"": 2.0, ""beta"": 1.0, ""early_stopping"": true, ""fit_intercept"": true, ""gamma"": 10.0, ""intercept_scale"": 10.0, ""learning_rate"": 5e-06, ""max_epochs"": 3000, ""min_epochs"": 400, ""n_batches"": 20, ""patience"": 200, ""reg_lambda"": 1.0, ""shuffle"": true, ""squash_scale"": 10.0, ""tol"": 0.0005}",linear,0.3,0.5,0.5,True,0,,,,,,993,,0.2745,False,-0.1412666843454433,0.9691358024691358,1.0,0.9990809523809524,0.9715,0.9503916449086162,0.8597852028639618,0.9978620947933353,0.9539285714285715,,requires predict_proba,,requires predict_proba,,0.9530000000013388,success,
llsvm,sar-pi0.3-scalemid,118,"{""alpha"": 2.0, ""beta"": 1.0, ""early_stopping"": true, ""fit_intercept"": true, ""gamma"": 10.0, ""intercept_scale"": 10.0, ""learning_rate"": 5e-06, ""max_epochs"": 3000, ""min_epochs"": 400, ""n_batches"": 20, ""patience"": 200, ""reg_lambda"": 1.0, ""shuffle"": true, ""squash_scale"": 10.0, ""tol"": 0.0005}",linear,0.3,0.5,0.5,True,0,,,,,,401,,0.277,False,-0.1365657571413433,0.9863481228668942,1.0,0.9992380952380953,0.975,0.9566724436741768,0.8447568834212068,0.9982429096469884,0.9592857142857143,,requires predict_proba,,requires predict_proba,,0.3899999999994179,success,
llsvm,sar-pi0.3-scalemid,119,"{""alpha"": 2.0, ""beta"": 1.0, ""early_stopping"": true, ""fit_intercept"": true, ""gamma"": 10.0, ""intercept_scale"": 10.0, ""learning_rate"": 5e-06, ""max_epochs"": 3000, ""min_epochs"": 400, ""n_batches"": 20, ""patience"": 200, ""reg_lambda"": 1.0, ""shuffle"": true, ""squash_scale"": 10.0, ""tol"": 0.0005}",linear,0.3,0.5,0.5,True,0,,,,,,1086,,0.276,False,-0.12419022877038144,0.9663299663299664,1.0,0.9991666666666666,0.975,0.9565972222222222,0.8443922489724016,0.9981697497567826,0.9588095238095238,,requires predict_proba,,requires predict_proba,,1.0469999999986612,success,
llsvm,sar-pi0.5-scalesmall,100,"{""alpha"": 2.0, ""beta"": 1.0, ""early_stopping"": true, ""fit_intercept"": true, ""gamma"": 10.0, ""intercept_scale"": 10.0, ""learning_rate"": 5e-06, ""max_epochs"": 3000, ""min_epochs"": 400, ""n_batches"": 20, ""patience"": 200, ""reg_lambda"": 1.0, ""shuffle"": true, ""squash_scale"": 10.0, ""tol"": 0.0005}",linear,0.5,0.5,0.5,True,0,,,,,,1520,,0.365,False,-0.15130338916746683,0.8681318681318682,1.0,0.9989,0.865,0.8439306358381503,0.7831715210355987,0.9989450478556082,0.865,,requires predict_proba,,requires predict_proba,,1.1880000000019209,success,
llsvm,sar-pi0.5-scalesmall,101,"{""alpha"": 2.0, ""beta"": 1.0, ""early_stopping"": true, ""fit_intercept"": true, ""gamma"": 10.0, ""intercept_scale"": 10.0, ""learning_rate"": 5e-06, ""max_epochs"": 3000, ""min_epochs"": 400, ""n_batches"": 20, ""patience"": 200, ""reg_lambda"": 1.0, ""shuffle"": true, ""squash_scale"": 10.0, ""tol"": 0.0005}",linear,0.5,0.5,0.5,True,0,,,,,,2589,,0.3,False,-0.1655098499540676,0.8041237113402062,1.0,0.998475,0.8,0.75,0.8613861386138614,0.9984313610392096,0.8,,requires predict_proba,,requires predict_proba,,2.0,success,
llsvm,sar-pi0.5-scalesmall,102,"{""alpha"": 2.0, ""beta"": 1.0, ""early_stopping"": true, ""fit_intercept"": true, ""gamma"": 10.0, ""intercept_scale"": 10.0, ""learning_rate"": 5e-06, ""max_epochs"": 3000, ""min_epochs"": 400, ""n_batches"": 20, ""patience"": 200, ""reg_lambda"": 1.0, ""shuffle"": true, ""squash_scale"": 10.0, ""tol"": 0.0005}",linear,0.5,0.5,0.5,True,0,,,,,,2436,,0.32,False,-0.21787327939476725,0.8709677419354839,1.0,0.9979250000000001,0.82,0.7804878048780488,0.8469055374592834,0.9979351981456748,0.8200000000000001,,requires predict_proba,,requires predict_proba,,1.9069999999992433,success,
llsvm,sar-pi0.5-scalesmall,103,"{""alpha"": 2.0, ""beta"": 1.0, ""early_stopping"": true, ""fit_intercept"": true, ""gamma"": 10.0, ""intercept_scale"": 10.0, ""learning_rate"": 5e-06, ""max_epochs"": 3000, ""min_epochs"": 400, ""n_batches"": 20, ""patience"": 200, ""reg_lambda"": 1.0, ""shuffle"": true, ""squash_scale"": 10.0, ""tol"": 0.0005}",linear,0.5,0.5,0.5,True,0,,,,,,2233,,0.41,False,-0.22601880877742947,0.9363636363636364,1.0,0.99845,0.91,0.9010989010989011,0.7896551724137931,0.9984820870285966,0.9099999999999999,,requires predict_proba,,requires predict_proba,,1.75,success,
llsvm,sar-pi0.5-scalesmall,104,"{""alpha"": 2.0, ""beta"": 1.0, ""early_stopping"": true, ""fit_intercept"": true, ""gamma"": 10.0, ""intercept_scale"": 10.0, ""learning_rate"": 5e-06, ""max_epochs"": 3000, ""min_epochs"": 400, ""n_batches"": 20, ""patience"": 200, ""reg_lambda"": 1.0, ""shuffle"": true, ""squash_scale"": 10.0, ""tol"": 0.0005}",linear,0.5,0.5,0.5,True,0,,,,,,1066,,0.3625,False,-0.1674062055034935,0.8613861386138614,1.0,0.998775,0.8625,0.8405797101449275,0.8060200668896321,0.998836541342371,0.8625,,requires predict_proba,,requires predict_proba,,0.8600000000005821,success,
llsvm,sar-pi0.5-scalesmall,105,"{""alpha"": 2.0, ""beta"": 1.0, ""early_stopping"": true, ""fit_intercept"": true, ""gamma"": 10.0, ""intercept_scale"": 10.0, ""learning_rate"": 5e-06, ""max_epochs"": 3000, ""min_epochs"": 400, ""n_batches"": 20, ""patience"": 200, ""reg_lambda"": 1.0, ""shuffle"": true, ""squash_scale"": 10.0, ""tol"": 0.0005}",linear,0.5,0.5,0.5,True,0,,,,,,1002,,0.42,False,-0.18,0.93,1.0,0.99945,0.92,0.9130434782608695,0.75,0.9994682886724736,0.9199999999999999,,requires predict_proba,,requires predict_proba,,0.8120000000017171,success,
llsvm,sar-pi0.5-scalesmall,106,"{""alpha"": 2.0, ""beta"": 1.0, ""early_stopping"": true, ""fit_intercept"": true, ""gamma"": 10.0, ""intercept_scale"": 10.0, ""learning_rate"": 5e-06, ""max_epochs"": 3000, ""min_epochs"": 400, ""n_batches"": 20, ""patience"": 200, ""reg_lambda"": 1.0, ""shuffle"": true, ""squash_scale"": 10.0, ""tol"": 0.0005}",linear,0.5,0.5,0.5,True,0,,,,,,1784,,0.39,False,-0.17279362075956206,0.8979591836734694,1.0,0.997675,0.89,0.8764044943820225,0.7748344370860927,0.997776249231797,0.89,,requires predict_proba,,requires predict_proba,,1.4219999999986612,success,
llsvm,sar-pi0.5-scalesmall,107,"{""alpha"": 2.0, ""beta"": 1.0, ""early_stopping"": true, ""fit_intercept"": true, ""gamma"": 10.0, ""intercept_scale"": 10.0, ""learning_rate"": 5e-06, ""max_epochs"": 3000, ""min_epochs"": 400, ""n_batches"": 20, ""patience"": 200, ""reg_lambda"": 1.0, ""shuffle"": true, ""squash_scale"": 10.0, ""tol"": 0.0005}",linear,0.5,0.5,0.5,True,0,,,,,,1148,,0.335,False,-0.11901205590525976,0.8131868131868132,1.0,0.9994999999999999,0.835,0.8023952095808383,0.8058252427184466,0.999512496838705,0.835,,requires predict_proba,,requires predict_proba,,0.8899999999994179,success,
llsvm,sar-pi0.5-scalesmall,108,"{""alpha"": 2.0, ""beta"": 1.0, ""early_stopping"": true, ""fit_intercept"": true, ""gamma"": 10.0, ""intercept_scale"": 10.0, ""learning_rate"": 5e-06, ""max_epochs"": 3000, ""min_epochs"": 400, ""n_batches"": 20, ""patience"": 200, ""reg_lambda"": 1.0, ""shuffle"": true, ""squash_scale"": 10.0, ""tol"": 0.0005}",linear,0.5,0.5,0.5,True,0,,,,,,1691,,0.3875,False,-0.21665089877010407,0.9285714285714286,1.0,0.9993,0.8875,0.8732394366197183,0.7880794701986755,0.9993137493070383,0.8875,,requires predict_proba,,requires predict_proba,,1.3280000000013388,success,
llsvm,sar-pi0.5-scalesmall,109,"{""alpha"": 2.0, ""beta"": 1.0, ""early_stopping"": true, ""fit_intercept"": true, ""gamma"": 10.0, ""intercept_scale"": 10.0, ""learning_rate"": 5e-06, ""max_epochs"": 3000, ""min_epochs"": 400, ""n_batches"": 20, ""patience"": 200, ""reg_lambda"": 1.0, ""shuffle"": true, ""squash_scale"": 10.0, ""tol"": 0.0005}",linear,0.5,0.5,0.5,True,0,,,,,,1895,,0.3475,False,-0.20603040370482228,0.8787878787878788,1.0,0.9975499999999999,0.8475,0.8200589970501475,0.8272425249169435,0.9977599508662006,0.8474999999999999,,requires predict_proba,,requires predict_proba,,1.6090000000003783,success,
llsvm,sar-pi0.5-scalesmall,110,"{""alpha"": 2.0, ""beta"": 1.0, ""early_stopping"": true, ""fit_intercept"": true, ""gamma"": 10.0, ""intercept_scale"": 10.0, ""learning_rate"": 5e-06, ""max_epochs"": 3000, ""min_epochs"": 400, ""n_batches"": 20, ""patience"": 200, ""reg_lambda"": 1.0, ""shuffle"": true, ""squash_scale"": 10.0, ""tol"": 0.0005}",linear,0.5,0.5,0.5,True,0,,,,,,2081,,0.435,False,-0.18861985472154963,0.9428571428571428,1.0,0.999525,0.935,0.93048128342246,0.7457627118644068,0.9995409349344792,0.935,,requires predict_proba,,requires predict_proba,,2.1569999999992433,success,
llsvm,sar-pi0.5-scalesmall,111,"{""alpha"": 2.0, ""beta"": 1.0, ""early_stopping"": true, ""fit_intercept"": true, ""gamma"": 10.0, ""intercept_scale"": 10.0, ""learning_rate"": 5e-06, ""max_epochs"": 3000, ""min_epochs"": 400, ""n_batches"": 20, ""patience"": 200, ""reg_lambda"": 1.0, ""shuffle"": true, ""squash_scale"": 10.0, ""tol"": 0.0005}",linear,0.5,0.5,0.5,True,0,,,,,,1573,,0.395,False,-0.19364390051322544,0.9117647058823529,1.0,0.9994999999999999,0.895,0.88268156424581,0.7818791946308725,0.9995022727686145,0.895,,requires predict_proba,,requires predict_proba,,1.3280000000013388,success,
llsvm,sar-pi0.5-scalesmall,112,"{""alpha"": 2.0, ""beta"": 1.0, ""early_stopping"": true, ""fit_intercept"": true, ""gamma"": 10.0, ""intercept_scale"": 10.0, ""learning_rate"": 5e-06, ""max_epochs"": 3000, ""min_epochs"": 400, ""n_batches"": 20, ""patience"": 200, ""reg_lambda"": 1.0, ""shuffle"": true, ""squash_scale"": 10.0, ""tol"": 0.0005}",linear,0.5,0.5,0.5,True,0,,,,,,1747,,0.3725,False,-0.1780325986411917,0.8691588785046729,1.0,0.998475,0.8725,0.8538681948424068,0.8088737201365188,0.9984487382963415,0.8725,,requires predict_proba,,requires predict_proba,,1.4219999999986612,success,
llsvm,sar-pi0.5-scalesmall,113,"{""alpha"": 2.0, ""beta"": 1.0, ""early_stopping"": true, ""fit_intercept"": true, ""gamma"": 10.0, ""intercept_scale"": 10.0, ""learning_rate"": 5e-06, ""max_epochs"": 3000, ""min_epochs"": 400, ""n_batches"": 20, ""patience"": 200, ""reg_lambda"": 1.0, ""shuffle"": true, ""squash_scale"": 10.0, ""tol"": 0.0005}",linear,0.5,0.5,0.5,True,0,,,,,,1054,,0.43,False,-0.15665859564164653,0.9142857142857143,1.0,0.9997499999999999,0.93,0.9247311827956989,0.7423728813559322,0.9997549858781556,0.9299999999999999,,requires predict_proba,,requires predict_proba,,0.875,success,
llsvm,sar-pi0.5-scalesmall,114,"{""alpha"": 2.0, ""beta"": 1.0, ""early_stopping"": true, ""fit_intercept"": true, ""gamma"": 10.0, ""intercept_scale"": 10.0, ""learning_rate"": 5e-06, ""max_epochs"": 3000, ""min_epochs"": 400, ""n_batches"": 20, ""patience"": 200, ""reg_lambda"": 1.0, ""shuffle"": true, ""squash_scale"": 10.0, ""tol"": 0.0005}",linear,0.5,0.5,0.5,True,0,,,,,,1138,,0.375,False,-0.17958030669895075,0.8761904761904762,1.0,0.998575,0.875,0.8571428571428571,0.8033898305084746,0.9985001656633049,0.875,,requires predict_proba,,requires predict_proba,,0.9060000000026776,success,
llsvm,sar-pi0.5-scalesmall,115,"{""alpha"": 2.0, ""beta"": 1.0, ""early_stopping"": true, ""fit_intercept"": true, ""gamma"": 10.0, ""intercept_scale"": 10.0, ""learning_rate"": 5e-06, ""max_epochs"": 3000, ""min_epochs"": 400, ""n_batches"": 20, ""patience"": 200, ""reg_lambda"": 1.0, ""shuffle"": true, ""squash_scale"": 10.0, ""tol"": 0.0005}",linear,0.5,0.5,0.5,True,0,,,,,,1720,,0.33,False,-0.15838509316770188,0.8369565217391305,1.0,0.99945,0.83,0.7951807228915663,0.8214285714285714,0.9994498200485568,0.8300000000000001,,requires predict_proba,,requires predict_proba,,1.375,success,
llsvm,sar-pi0.5-scalesmall,116,"{""alpha"": 2.0, ""beta"": 1.0, ""early_stopping"": true, ""fit_intercept"": true, ""gamma"": 10.0, ""intercept_scale"": 10.0, ""learning_rate"": 5e-06, ""max_epochs"": 3000, ""min_epochs"": 400, ""n_batches"": 20, ""patience"": 200, ""reg_lambda"": 1.0, ""shuffle"": true, ""squash_scale"": 10.0, ""tol"": 0.0005}",linear,0.5,0.5,0.5,True,0,,,,,,1095,,0.41,False,-0.17350967232530595,0.9117647058823529,1.0,0.99855,0.91,0.9010989010989011,0.761744966442953,0.9988300201503526,0.9099999999999999,,requires predict_proba,,requires predict_proba,,0.8590000000003783,success,
llsvm,sar-pi0.5-scalesmall,117,"{""alpha"": 2.0, ""beta"": 1.0, ""early_stopping"": true, ""fit_intercept"": true, ""gamma"": 10.0, ""intercept_scale"": 10.0, ""learning_rate"": 5e-06, ""max_epochs"": 3000, ""min_epochs"": 400, ""n_batches"": 20, ""patience"": 200, ""reg_lambda"": 1.0, ""shuffle"": true, ""squash_scale"": 10.0, ""tol"": 0.0005}",linear,0.5,0.5,0.5,True,0,,,,,,1058,,0.3975,False,-0.1728930625021265,0.9072164948453608,1.0,0.9984999999999999,0.8975,0.8857938718662952,0.7656765676567657,0.9985913251265668,0.8975,,requires predict_proba,,requires predict_proba,,0.8590000000003783,success,
llsvm,sar-pi0.5-scalesmall,118,"{""alpha"": 2.0, ""beta"": 1.0, ""early_stopping"": true, ""fit_intercept"": true, ""gamma"": 10.0, ""intercept_scale"": 10.0, ""learning_rate"": 5e-06, ""max_epochs"": 3000, ""min_epochs"": 400, ""n_batches"": 20, ""patience"": 200, ""reg_lambda"": 1.0, ""shuffle"": true, ""squash_scale"": 10.0, ""tol"": 0.0005}",linear,0.5,0.5,0.5,True,0,,,,,,1022,,0.405,False,-0.12113411088928583,0.8817204301075269,1.0,0.9995499999999999,0.905,0.8950276243093923,0.739413680781759,0.999551882605151,0.905,,requires predict_proba,,requires predict_proba,,0.8590000000003783,success,
llsvm,sar-pi0.5-scalesmall,119,"{""alpha"": 2.0, ""beta"": 1.0, ""early_stopping"": true, ""fit_intercept"": true, ""gamma"": 10.0, ""intercept_scale"": 10.0, ""learning_rate"": 5e-06, ""max_epochs"": 3000, ""min_epochs"": 400, ""n_batches"": 20, ""patience"": 200, ""reg_lambda"": 1.0, ""shuffle"": true, ""squash_scale"": 10.0, ""tol"": 0.0005}",linear,0.5,0.5,0.5,True,0,,,,,,1239,,0.3675,False,-0.1460158531497705,0.8617021276595744,1.0,0.998275,0.8675,0.8472622478386167,0.7843137254901961,0.9984503771655694,0.8674999999999999,,requires predict_proba,,requires predict_proba,,0.9839999999967404,success,
llsvm,sar-pi0.5-scalemid,100,"{""alpha"": 2.0, ""beta"": 1.0, ""early_stopping"": true, ""fit_intercept"": true, ""gamma"": 10.0, ""intercept_scale"": 10.0, ""learning_rate"": 5e-06, ""max_epochs"": 3000, ""min_epochs"": 400, ""n_batches"": 20, ""patience"": 200, ""reg_lambda"": 1.0, ""shuffle"": true, ""squash_scale"": 10.0, ""tol"": 0.0005}",linear,0.5,0.5,0.5,True,0,,,,,,1159,,0.4615,False,-0.1960382513661202,0.9877049180327869,1.0,0.998858,0.9615,0.9599583983359334,0.7083333333333334,0.9989347954265069,0.9615,,requires predict_proba,,requires predict_proba,,1.125,success,
llsvm,sar-pi0.5-scalemid,101,"{""alpha"": 2.0, ""beta"": 1.0, ""early_stopping"": true, ""fit_intercept"": true, ""gamma"": 10.0, ""intercept_scale"": 10.0, ""learning_rate"": 5e-06, ""max_epochs"": 3000, ""min_epochs"": 400, ""n_batches"": 20, ""patience"": 200, ""reg_lambda"": 1.0, ""shuffle"": true, ""squash_scale"": 10.0, ""tol"": 0.0005}",linear,0.5,0.5,0.5,True,0,,,,,,512,,0.4385,False,-0.18625024531716783,0.9586776859504132,1.0,0.998135,0.9355,0.9312733084709643,0.7275725593667546,0.9981060389103278,0.9355,,requires predict_proba,,requires predict_proba,,0.5159999999996217,success,
llsvm,sar-pi0.5-scalemid,102,"{""alpha"": 2.0, ""beta"": 1.0, ""early_stopping"": true, ""fit_intercept"": true, ""gamma"": 10.0, ""intercept_scale"": 10.0, ""learning_rate"": 5e-06, ""max_epochs"": 3000, ""min_epochs"": 400, ""n_batches"": 20, ""patience"": 200, ""reg_lambda"": 1.0, ""shuffle"": true, ""squash_scale"": 10.0, ""tol"": 0.0005}",linear,0.5,0.5,0.5,True,0,,,,,,789,,0.455,False,-0.18170376908240987,0.9611650485436893,1.0,0.997167,0.946,0.9434554973821989,0.7205387205387206,0.9971629005823174,0.946,,requires predict_proba,,requires predict_proba,,0.7649999999994179,success,
llsvm,sar-pi0.5-scalemid,103,"{""alpha"": 2.0, ""beta"": 1.0, ""early_stopping"": true, ""fit_intercept"": true, ""gamma"": 10.0, ""intercept_scale"": 10.0, ""learning_rate"": 5e-06, ""max_epochs"": 3000, ""min_epochs"": 400, ""n_batches"": 20, ""patience"": 200, ""reg_lambda"": 1.0, ""shuffle"": true, ""squash_scale"": 10.0, ""tol"": 0.0005}",linear,0.5,0.5,0.5,True,0,,,,,,1415,,0.4685,False,-0.1495871836134291,0.9641350210970464,1.0,0.993793,0.9495,0.9478575116159009,0.6854521625163827,0.99396922645557,0.9495,,requires predict_proba,,requires predict_proba,,1.375,success,
llsvm,sar-pi0.5-scalemid,104,"{""alpha"": 2.0, ""beta"": 1.0, ""early_stopping"": true, ""fit_intercept"": true, ""gamma"": 10.0, ""intercept_scale"": 10.0, ""learning_rate"": 5e-06, ""max_epochs"": 3000, ""min_epochs"": 400, ""n_batches"": 20, ""patience"": 200, ""reg_lambda"": 1.0, ""shuffle"": true, ""squash_scale"": 10.0, ""tol"": 0.0005}",linear,0.5,0.5,0.5,True,0,,,,,,742,,0.472,False,-0.17650221885427164,0.9817444219066938,1.0,0.999129,0.969,0.9681069958847737,0.694757796947578,0.9991396707518264,0.969,,requires predict_proba,,requires predict_proba,,0.75,success,
llsvm,sar-pi0.5-scalemid,105,"{""alpha"": 2.0, ""beta"": 1.0, ""early_stopping"": true, ""fit_intercept"": true, ""gamma"": 10.0, ""intercept_scale"": 10.0, ""learning_rate"": 5e-06, ""max_epochs"": 3000, ""min_epochs"": 400, ""n_batches"": 20, ""patience"": 200, ""reg_lambda"": 1.0, ""shuffle"": true, ""squash_scale"": 10.0, ""tol"": 0.0005}",linear,0.5,0.5,0.5,True,0,,,,,,639,,0.4805,False,-0.16799295475766063,0.9801587301587301,1.0,0.999191,0.9765,0.9760326364099949,0.6878342245989305,0.9991938971338418,0.9764999999999999,,requires predict_proba,,requires predict_proba,,0.625,success,
llsvm,sar-pi0.5-scalemid,106,"{""alpha"": 2.0, ""beta"": 1.0, ""early_stopping"": true, ""fit_intercept"": true, ""gamma"": 10.0, ""intercept_scale"": 10.0, ""learning_rate"": 5e-06, ""max_epochs"": 3000, ""min_epochs"": 400, ""n_batches"": 20, ""patience"": 200, ""reg_lambda"": 1.0, ""shuffle"": true, ""squash_scale"": 10.0, ""tol"": 0.0005}",linear,0.5,0.5,0.5,True,0,,,,,,1052,,0.4435,False,-0.19584239302526862,0.9625984251968503,1.0,0.9978670000000001,0.9405,0.9369369369369369,0.7332439678284183,0.9979481437070541,0.9405,,requires predict_proba,,requires predict_proba,,1.0319999999992433,success,
llsvm,sar-pi0.5-scalemid,107,"{""alpha"": 2.0, ""beta"": 1.0, ""early_stopping"": true, ""fit_intercept"": true, ""gamma"": 10.0, ""intercept_scale"": 10.0, ""learning_rate"": 5e-06, ""max_epochs"": 3000, ""min_epochs"": 400, ""n_batches"": 20, ""patience"": 200, ""reg_lambda"": 1.0, ""shuffle"": true, ""squash_scale"": 10.0, ""tol"": 0.0005}",linear,0.5,0.5,0.5,True,0,,,,,,819,,0.467,False,-0.19002075465278484,0.9896907216494846,1.0,0.999182,0.965,0.9638055842812823,0.7003300330033003,0.9991742602999296,0.9650000000000001,,requires predict_proba,,requires predict_proba,,0.7659999999996217,success,
llsvm,sar-pi0.5-scalemid,108,"{""alpha"": 2.0, ""beta"": 1.0, ""early_stopping"": true, ""fit_intercept"": true, ""gamma"": 10.0, ""intercept_scale"": 10.0, ""learning_rate"": 5e-06, ""max_epochs"": 3000, ""min_epochs"": 400, ""n_batches"": 20, ""patience"": 200, ""reg_lambda"": 1.0, ""shuffle"": true, ""squash_scale"": 10.0, ""tol"": 0.0005}",linear,0.5,0.5,0.5,True,0,,,,,,1057,,0.4795,False,-0.1807271589832286,0.9863013698630136,1.0,0.999355,0.9775,0.9770290964777948,0.6944257891202149,0.9993674918638082,0.9775,,requires predict_proba,,requires predict_proba,,1.0,success,
llsvm,sar-pi0.5-scalemid,109,"{""alpha"": 2.0, ""beta"": 1.0, ""early_stopping"": true, ""fit_intercept"": true, ""gamma"": 10.0, ""intercept_scale"": 10.0, ""learning_rate"": 5e-06, ""max_epochs"": 3000, ""min_epochs"": 400, ""n_batches"": 20, ""patience"": 200, ""reg_lambda"": 1.0, ""shuffle"": true, ""squash_scale"": 10.0, ""tol"": 0.0005}",linear,0.5,0.5,0.5,True,0,,,,,,1096,,0.455,False,-0.18416896960126333,0.9647058823529412,1.0,0.9981850000000001,0.953,0.9507853403141361,0.7194630872483222,0.9982666708244475,0.9530000000000001,,requires predict_proba,,requires predict_proba,,1.0159999999996217,success,
llsvm,sar-pi0.5-scalemid,110,"{""alpha"": 2.0, ""beta"": 1.0, ""early_stopping"": true, ""fit_intercept"": true, ""gamma"": 10.0, ""intercept_scale"": 10.0, ""learning_rate"": 5e-06, ""max_epochs"": 3000, ""min_epochs"": 400, ""n_batches"": 20, ""patience"": 200, ""reg_lambda"": 1.0, ""shuffle"": true, ""squash_scale"": 10.0, ""tol"": 0.0005}",linear,0.5,0.5,0.5,True,0,,,,,,1323,,0.4585,False,-0.19281554410830148,0.9853862212943633,1.0,0.9991490000000001,0.9585,0.9567031820552947,0.7074293228139382,0.9991837285949275,0.9585,,requires predict_proba,,requires predict_proba,,1.2340000000003783,success,
llsvm,sar-pi0.5-scalemid,111,"{""alpha"": 2.0, ""beta"": 1.0, ""early_stopping"": true, ""fit_intercept"": true, ""gamma"": 10.0, ""intercept_scale"": 10.0, ""learning_rate"": 5e-06, ""max_epochs"": 3000, ""min_epochs"": 400, ""n_batches"": 20, ""patience"": 200, ""reg_lambda"": 1.0, ""shuffle"": true, ""squash_scale"": 10.0, ""tol"": 0.0005}",linear,0.5,0.5,0.5,True,0,,,,,,1371,,0.4795,False,-0.18630422675558328,0.988394584139265,1.0,0.999366,0.9755,0.9749872383869321,0.6979096426163183,0.9993602680059936,0.9755,,requires predict_proba,,requires predict_proba,,1.264999999999418,success,
llsvm,sar-pi0.5-scalemid,112,"{""alpha"": 2.0, ""beta"": 1.0, ""early_stopping"": true, ""fit_intercept"": true, ""gamma"": 10.0, ""intercept_scale"": 10.0, ""learning_rate"": 5e-06, ""max_epochs"": 3000, ""min_epochs"": 400, ""n_batches"": 20, ""patience"": 200, ""reg_lambda"": 1.0, ""shuffle"": true, ""squash_scale"": 10.0, ""tol"": 0.0005}",linear,0.5,0.5,0.5,True,0,,,,,,1054,,0.4565,False,-0.20129118050789296,0.9838709677419355,1.0,0.999475,0.9565,0.9545216936748563,0.7174202127659575,0.999487226424624,0.9565,,requires predict_proba,,requires predict_proba,,1.0,success,
llsvm,sar-pi0.5-scalemid,113,"{""alpha"": 2.0, ""beta"": 1.0, ""early_stopping"": true, ""fit_intercept"": true, ""gamma"": 10.0, ""intercept_scale"": 10.0, ""learning_rate"": 5e-06, ""max_epochs"": 3000, ""min_epochs"": 400, ""n_batches"": 20, ""patience"": 200, ""reg_lambda"": 1.0, ""shuffle"": true, ""squash_scale"": 10.0, ""tol"": 0.0005}",linear,0.5,0.5,0.5,True,0,,,,,,999,,0.4815,False,-0.17266666666666663,0.986,1.0,0.998489,0.9785,0.97809475292919,0.6866666666666666,0.9987063000429731,0.9784999999999999,,requires predict_proba,,requires predict_proba,,0.9379999999982829,success,
llsvm,sar-pi0.5-scalemid,114,"{""alpha"": 2.0, ""beta"": 1.0, ""early_stopping"": true, ""fit_intercept"": true, ""gamma"": 10.0, ""intercept_scale"": 10.0, ""learning_rate"": 5e-06, ""max_epochs"": 3000, ""min_epochs"": 400, ""n_batches"": 20, ""patience"": 200, ""reg_lambda"": 1.0, ""shuffle"": true, ""squash_scale"": 10.0, ""tol"": 0.0005}",linear,0.5,0.5,0.5,True,0,,,,,,1011,,0.461,False,-0.19415579994098786,0.9819639278557114,1.0,0.998126,0.959,0.9573361082206036,0.7121918720852765,0.9974654584895848,0.9590000000000001,,requires predict_proba,,requires predict_proba,,0.9380000000019209,success,
llsvm,sar-pi0.5-scalemid,115,"{""alpha"": 2.0, ""beta"": 1.0, ""early_stopping"": true, ""fit_intercept"": true, ""gamma"": 10.0, ""intercept_scale"": 10.0, ""learning_rate"": 5e-06, ""max_epochs"": 3000, ""min_epochs"": 400, ""n_batches"": 20, ""patience"": 200, ""reg_lambda"": 1.0, ""shuffle"": true, ""squash_scale"": 10.0, ""tol"": 0.0005}",linear,0.5,0.5,0.5,True,0,,,,,,904,,0.445,False,-0.1866666666666667,0.96,1.0,0.99689,0.944,0.9407407407407408,0.7266666666666667,0.9971604797402981,0.944,,requires predict_proba,,requires predict_proba,,0.8430000000007567,success,
llsvm,sar-pi0.5-scalemid,116,"{""alpha"": 2.0, ""beta"": 1.0, ""early_stopping"": true, ""fit_intercept"": true, ""gamma"": 10.0, ""intercept_scale"": 10.0, ""learning_rate"": 5e-06, ""max_epochs"": 3000, ""min_epochs"": 400, ""n_batches"": 20, ""patience"": 200, ""reg_lambda"": 1.0, ""shuffle"": true, ""squash_scale"": 10.0, ""tol"": 0.0005}",linear,0.5,0.5,0.5,True,0,,,,,,763,,0.4865,False,-0.17666666666666664,0.994,1.0,0.999521,0.9855,0.9853015712113533,0.6826666666666666,0.9995554504129203,0.9855,,requires predict_proba,,requires predict_proba,,0.7190000000009604,success,
llsvm,sar-pi0.5-scalemid,117,"{""alpha"": 2.0, ""beta"": 1.0, ""early_stopping"": true, ""fit_intercept"": true, ""gamma"": 10.0, ""intercept_scale"": 10.0, ""learning_rate"": 5e-06, ""max_epochs"": 3000, ""min_epochs"": 400, ""n_batches"": 20, ""patience"": 200, ""reg_lambda"": 1.0, ""shuffle"": true, ""squash_scale"": 10.0, ""tol"": 0.0005}",linear,0.5,0.5,0.5,True,0,,,,,,721,,0.4785,False,-0.1834378687524313,0.9845857418111753,1.0,0.998573,0.9725,0.971895758814512,0.6988521269412559,0.9986301826943316,0.9724999999999999,,requires predict_proba,,requires predict_proba,,0.6719999999986612,success,
llsvm,sar-pi0.5-scalemid,118,"{""alpha"": 2.0, ""beta"": 1.0, ""early_stopping"": true, ""fit_intercept"": true, ""gamma"": 10.0, ""intercept_scale"": 10.0, ""learning_rate"": 5e-06, ""max_epochs"": 3000, ""min_epochs"": 400, ""n_batches"": 20, ""patience"": 200, ""reg_lambda"": 1.0, ""shuffle"": true, ""squash_scale"": 10.0, ""tol"": 0.0005}",linear,0.5,0.5,0.5,True,0,,,,,,425,,0.4665,False,-0.19416633133729355,0.9860834990059643,1.0,0.999284,0.9635,0.9622348680807036,0.7080828323313293,0.9992650344222906,0.9635,,requires predict_proba,,requires predict_proba,,0.3899999999994179,success,
llsvm,sar-pi0.5-scalemid,119,"{""alpha"": 2.0, ""beta"": 1.0, ""early_stopping"": true, ""fit_intercept"": true, ""gamma"": 10.0, ""intercept_scale"": 10.0, ""learning_rate"": 5e-06, ""max_epochs"": 3000, ""min_epochs"": 400, ""n_batches"": 20, ""patience"": 200, ""reg_lambda"": 1.0, ""shuffle"": true, ""squash_scale"": 10.0, ""tol"": 0.0005}",linear,0.5,0.5,0.5,True,0,,,,,,760,,0.469,False,-0.17087444249222866,0.9755102040816327,1.0,0.998675,0.964,0.9628482972136223,0.695364238410596,0.9987079894635699,0.964,,requires predict_proba,,requires predict_proba,,0.7190000000009604,success,
