algorithm,scenario,seed,params,mechanism,class_prior,label_frequency,real_h,pi_h_well_conditioned,warning_count,diag_converged,diag_n_iter,diag_c_estimate,diag_cond_number,diag_correction_fraction,diag_n_epochs,diag_n_acs_iter,pred_positive_rate,degenerate_prediction,pu_zero_one_risk,pu_recall,pu_estimated_precision,pu_auc_roc,pu_accuracy,pu_f1,pu_negative_rate,average_precision,balanced_accuracy,brier_score,expected_calibration_error,ece_buckets_api,elapsed_seconds,status,failure_reason
elkan_noto,scar-pi0.1-scalesmall,100,"{""base_estimator"": null, ""calibration_method"": ""sigmoid"", ""eps"": 1e-12, ""mode"": ""weighted_retraining"", ""n_cv_folds"": 5}",scar,0.1,0.5,0.5,True,0,,,0.7016100235043254,,,,,0.0825,False,-0.03695261776488466,0.8947368421052632,1.0,0.9993055555555554,0.9825,0.9041095890410958,0.958005249343832,0.9942206978617929,0.9125,0.016763738103612966,0.024782811715802343,"{""buckets"": [{""accuracy"": 0.01098901098901099, ""bin_hi"": 0.1, ""bin_lo"": 0.0, ""confidence"": 0.0009319582196816347, ""n_samples"": 364}, {""accuracy"": 1.0, ""bin_hi"": 0.2, ""bin_lo"": 0.1, ""confidence"": 0.16910469188993385, ""n_samples"": 1}, {""accuracy"": 1.0, ""bin_hi"": 0.30000000000000004, ""bin_lo"": 0.2, ""confidence"": 0.25894756495685184, ""n_samples"": 1}, {""accuracy"": 1.0, ""bin_hi"": 0.4, ""bin_lo"": 0.30000000000000004, ""confidence"": 0.30807104717336137, ""n_samples"": 1}, {""accuracy"": 0.0, ""bin_hi"": 0.5, ""bin_lo"": 0.4, ""confidence"": 0.0, ""n_samples"": 0}, {""accuracy"": 1.0, ""bin_hi"": 0.6000000000000001, ""bin_lo"": 0.5, ""confidence"": 0.5902905255958271, ""n_samples"": 2}, {""accuracy"": 1.0, ""bin_hi"": 0.7000000000000001, ""bin_lo"": 0.6000000000000001, ""confidence"": 0.6396157190605283, ""n_samples"": 5}, {""accuracy"": 1.0, ""bin_hi"": 0.8, ""bin_lo"": 0.7000000000000001, ""confidence"": 0.7021768120502846, ""n_samples"": 1}, {""accuracy"": 1.0, ""bin_hi"": 0.9, ""bin_lo"": 0.8, ""confidence"": 0.826257238855996, ""n_samples"": 4}, {""accuracy"": 1.0, ""bin_hi"": 1.0, ""bin_lo"": 0.9, ""confidence"": 0.9821739906536303, ""n_samples"": 21}], ""ece"": 0.024782811715802343}",0.04700000000048021,success,
elkan_noto,scar-pi0.1-scalesmall,101,"{""base_estimator"": null, ""calibration_method"": ""sigmoid"", ""eps"": 1e-12, ""mode"": ""weighted_retraining"", ""n_cv_folds"": 5}",scar,0.1,0.5,0.5,True,0,,,0.7186029448043123,,,,,0.0625,False,-0.026759744037230956,0.7777777777777778,1.0,0.9988194444444445,0.9625,0.7692307692307693,0.9712041884816754,0.9886015551394434,0.8125,0.02478284575594225,0.03546126434371504,"{""buckets"": [{""accuracy"": 0.002785515320334262, ""bin_hi"": 0.1, ""bin_lo"": 0.0, ""confidence"": 0.0029224260908883356, ""n_samples"": 359}, {""accuracy"": 0.8, ""bin_hi"": 0.2, ""bin_lo"": 0.1, ""confidence"": 0.1429808498181107, ""n_samples"": 5}, {""accuracy"": 1.0, ""bin_hi"": 0.30000000000000004, ""bin_lo"": 0.2, ""confidence"": 0.25531845210825244, ""n_samples"": 5}, {""accuracy"": 0.75, ""bin_hi"": 0.4, ""bin_lo"": 0.30000000000000004, ""confidence"": 0.3354503674366298, ""n_samples"": 4}, {""accuracy"": 1.0, ""bin_hi"": 0.5, ""bin_lo"": 0.4, ""confidence"": 0.4551497500118998, ""n_samples"": 2}, {""accuracy"": 1.0, ""bin_hi"": 0.6000000000000001, ""bin_lo"": 0.5, ""confidence"": 0.5410494875998362, ""n_samples"": 2}, {""accuracy"": 1.0, ""bin_hi"": 0.7000000000000001, ""bin_lo"": 0.6000000000000001, ""confidence"": 0.6382568504243439, ""n_samples"": 2}, {""accuracy"": 1.0, ""bin_hi"": 0.8, ""bin_lo"": 0.7000000000000001, ""confidence"": 0.7475091059198934, ""n_samples"": 7}, {""accuracy"": 1.0, ""bin_hi"": 0.9, ""bin_lo"": 0.8, ""confidence"": 0.8747741957439767, ""n_samples"": 4}, {""accuracy"": 1.0, ""bin_hi"": 1.0, ""bin_lo"": 0.9, ""confidence"": 0.953077454927724, ""n_samples"": 10}], ""ece"": 0.03546126434371504}",0.06199999999989814,success,
elkan_noto,scar-pi0.1-scalesmall,102,"{""base_estimator"": null, ""calibration_method"": ""sigmoid"", ""eps"": 1e-12, ""mode"": ""weighted_retraining"", ""n_cv_folds"": 5}",scar,0.1,0.5,0.5,True,0,,,0.6629790783423082,,,,,0.075,False,-0.03976630229928384,0.8571428571428571,1.0,0.9845138888888889,0.975,0.8571428571428571,0.9683377308707124,0.9388342138212443,0.875,0.021960515541599536,0.02064655585754901,"{""buckets"": [{""accuracy"": 0.0111731843575419, ""bin_hi"": 0.1, ""bin_lo"": 0.0, ""confidence"": 0.0067158249095928555, ""n_samples"": 358}, {""accuracy"": 0.42857142857142855, ""bin_hi"": 0.2, ""bin_lo"": 0.1, ""confidence"": 0.1553602906315367, ""n_samples"": 7}, {""accuracy"": 0.6666666666666666, ""bin_hi"": 0.30000000000000004, ""bin_lo"": 0.2, ""confidence"": 0.2519313221880749, ""n_samples"": 3}, {""accuracy"": 0.5, ""bin_hi"": 0.4, ""bin_lo"": 0.30000000000000004, ""confidence"": 0.3802445732252747, ""n_samples"": 2}, {""accuracy"": 0.0, ""bin_hi"": 0.5, ""bin_lo"": 0.4, ""confidence"": 0.0, ""n_samples"": 0}, {""accuracy"": 1.0, ""bin_hi"": 0.6000000000000001, ""bin_lo"": 0.5, ""confidence"": 0.5362991481963436, ""n_samples"": 1}, {""accuracy"": 1.0, ""bin_hi"": 0.7000000000000001, ""bin_lo"": 0.6000000000000001, ""confidence"": 0.6411602795570602, ""n_samples"": 3}, {""accuracy"": 1.0, ""bin_hi"": 0.8, ""bin_lo"": 0.7000000000000001, ""confidence"": 0.7584533620164118, ""n_samples"": 4}, {""accuracy"": 1.0, ""bin_hi"": 0.9, ""bin_lo"": 0.8, ""confidence"": 0.8494324308368348, ""n_samples"": 3}, {""accuracy"": 1.0, ""bin_hi"": 1.0, ""bin_lo"": 0.9, ""confidence"": 0.9837587612877341, ""n_samples"": 19}], ""ece"": 0.02064655585754901}",0.04699999999957072,success,
elkan_noto,scar-pi0.1-scalesmall,103,"{""base_estimator"": null, ""calibration_method"": ""sigmoid"", ""eps"": 1e-12, ""mode"": ""weighted_retraining"", ""n_cv_folds"": 5}",scar,0.1,0.5,0.5,True,0,,,0.7116817672361351,,,,,0.105,False,-0.03333333333333334,0.92,0.8761904761904763,0.996875,0.98,0.9024390243902439,0.9493333333333334,0.97762123926324,0.9555555555555556,0.0165904844136037,0.019435764889730867,"{""buckets"": [{""accuracy"": 0.005633802816901409, ""bin_hi"": 0.1, ""bin_lo"": 0.0, ""confidence"": 4.0676709111398074e-05, ""n_samples"": 355}, {""accuracy"": 0.0, ""bin_hi"": 0.2, ""bin_lo"": 0.1, ""confidence"": 0.0, ""n_samples"": 0}, {""accuracy"": 1.0, ""bin_hi"": 0.30000000000000004, ""bin_lo"": 0.2, ""confidence"": 0.2656960401364195, ""n_samples"": 1}, {""accuracy"": 0.0, ""bin_hi"": 0.4, ""bin_lo"": 0.30000000000000004, ""confidence"": 0.3450063420234629, ""n_samples"": 1}, {""accuracy"": 0.0, ""bin_hi"": 0.5, ""bin_lo"": 0.4, ""confidence"": 0.42468662069488156, ""n_samples"": 1}, {""accuracy"": 0.0, ""bin_hi"": 0.6000000000000001, ""bin_lo"": 0.5, ""confidence"": 0.5009680553479045, ""n_samples"": 1}, {""accuracy"": 0.0, ""bin_hi"": 0.7000000000000001, ""bin_lo"": 0.6000000000000001, ""confidence"": 0.0, ""n_samples"": 0}, {""accuracy"": 1.0, ""bin_hi"": 0.8, ""bin_lo"": 0.7000000000000001, ""confidence"": 0.7219617056266814, ""n_samples"": 1}, {""accuracy"": 0.5, ""bin_hi"": 0.9, ""bin_lo"": 0.8, ""confidence"": 0.8107300187551447, ""n_samples"": 2}, {""accuracy"": 0.9210526315789473, ""bin_hi"": 1.0, ""bin_lo"": 0.9, ""confidence"": 0.9969548125740383, ""n_samples"": 38}], ""ece"": 0.019435764889730867}",0.04699999999957072,success,
elkan_noto,scar-pi0.1-scalesmall,104,"{""base_estimator"": null, ""calibration_method"": ""sigmoid"", ""eps"": 1e-12, ""mode"": ""weighted_retraining"", ""n_cv_folds"": 5}",scar,0.1,0.5,0.5,True,0,,,0.7412872095691249,,,,,0.1025,False,-0.04666666666666667,0.96,0.9365853658536586,0.9989583333333333,0.9925,0.9629629629629629,0.9546666666666667,0.9909773330394808,0.9847222222222223,0.008275627388277024,0.010434774706206774,"{""buckets"": [{""accuracy"": 0.0028169014084507044, ""bin_hi"": 0.1, ""bin_lo"": 0.0, ""confidence"": 0.0005568111397404358, ""n_samples"": 355}, {""accuracy"": 0.0, ""bin_hi"": 0.2, ""bin_lo"": 0.1, ""confidence"": 0.19971543250834908, ""n_samples"": 1}, {""accuracy"": 0.0, ""bin_hi"": 0.30000000000000004, ""bin_lo"": 0.2, ""confidence"": 0.0, ""n_samples"": 0}, {""accuracy"": 0.0, ""bin_hi"": 0.4, ""bin_lo"": 0.30000000000000004, ""confidence"": 0.30441494400986713, ""n_samples"": 2}, {""accuracy"": 0.0, ""bin_hi"": 0.5, ""bin_lo"": 0.4, ""confidence"": 0.413381121960659, ""n_samples"": 1}, {""accuracy"": 0.0, ""bin_hi"": 0.6000000000000001, ""bin_lo"": 0.5, ""confidence"": 0.0, ""n_samples"": 0}, {""accuracy"": 1.0, ""bin_hi"": 0.7000000000000001, ""bin_lo"": 0.6000000000000001, ""confidence"": 0.6900253325383608, ""n_samples"": 1}, {""accuracy"": 0.0, ""bin_hi"": 0.8, ""bin_lo"": 0.7000000000000001, ""confidence"": 0.0, ""n_samples"": 0}, {""accuracy"": 0.0, ""bin_hi"": 0.9, ""bin_lo"": 0.8, ""confidence"": 0.0, ""n_samples"": 0}, {""accuracy"": 0.95, ""bin_hi"": 1.0, ""bin_lo"": 0.9, ""confidence"": 0.9959919181785045, ""n_samples"": 40}], ""ece"": 0.010434774706206774}",0.04700000000048021,success,
elkan_noto,scar-pi0.1-scalesmall,105,"{""base_estimator"": null, ""calibration_method"": ""sigmoid"", ""eps"": 1e-12, ""mode"": ""weighted_retraining"", ""n_cv_folds"": 5}",scar,0.1,0.5,0.5,True,0,,,0.7356961451981482,,,,,0.1,False,-0.04933333333333334,0.96,0.96,0.9990972222222222,0.995,0.975,0.9573333333333334,0.9936057692307692,0.9861111111111112,0.004307899117815631,0.00442031326080639,"{""buckets"": [{""accuracy"": 0.002793296089385475, ""bin_hi"": 0.1, ""bin_lo"": 0.0, ""confidence"": 0.0006982331000660043, ""n_samples"": 358}, {""accuracy"": 0.0, ""bin_hi"": 0.2, ""bin_lo"": 0.1, ""confidence"": 0.0, ""n_samples"": 0}, {""accuracy"": 0.0, ""bin_hi"": 0.30000000000000004, ""bin_lo"": 0.2, ""confidence"": 0.2884868601887859, ""n_samples"": 2}, {""accuracy"": 0.0, ""bin_hi"": 0.4, ""bin_lo"": 0.30000000000000004, ""confidence"": 0.0, ""n_samples"": 0}, {""accuracy"": 0.0, ""bin_hi"": 0.5, ""bin_lo"": 0.4, ""confidence"": 0.0, ""n_samples"": 0}, {""accuracy"": 0.5, ""bin_hi"": 0.6000000000000001, ""bin_lo"": 0.5, ""confidence"": 0.5748020813767116, ""n_samples"": 2}, {""accuracy"": 0.0, ""bin_hi"": 0.7000000000000001, ""bin_lo"": 0.6000000000000001, ""confidence"": 0.0, ""n_samples"": 0}, {""accuracy"": 0.0, ""bin_hi"": 0.8, ""bin_lo"": 0.7000000000000001, ""confidence"": 0.0, ""n_samples"": 0}, {""accuracy"": 1.0, ""bin_hi"": 0.9, ""bin_lo"": 0.8, ""confidence"": 0.8395619211099318, ""n_samples"": 1}, {""accuracy"": 1.0, ""bin_hi"": 1.0, ""bin_lo"": 0.9, ""confidence"": 0.9964573839966183, ""n_samples"": 37}], ""ece"": 0.00442031326080639}",0.04699999999957072,success,
elkan_noto,scar-pi0.1-scalesmall,106,"{""base_estimator"": null, ""calibration_method"": ""sigmoid"", ""eps"": 1e-12, ""mode"": ""weighted_retraining"", ""n_cv_folds"": 5}",scar,0.1,0.5,0.5,True,0,,,0.7145590115695191,,,,,0.0675,False,0.006842105263157872,0.65,0.9629629629629629,0.9985416666666667,0.9675,0.8059701492537313,0.9631578947368421,0.9886710374402112,0.8375,0.020517110162578973,0.02990019096293761,"{""buckets"": [{""accuracy"": 0.0056022408963585435, ""bin_hi"": 0.1, ""bin_lo"": 0.0, ""confidence"": 0.006327683297576569, ""n_samples"": 357}, {""accuracy"": 0.2, ""bin_hi"": 0.2, ""bin_lo"": 0.1, ""confidence"": 0.12553931356915213, ""n_samples"": 5}, {""accuracy"": 0.6666666666666666, ""bin_hi"": 0.30000000000000004, ""bin_lo"": 0.2, ""confidence"": 0.2789690051881379, ""n_samples"": 3}, {""accuracy"": 1.0, ""bin_hi"": 0.4, ""bin_lo"": 0.30000000000000004, ""confidence"": 0.37977196534759994, ""n_samples"": 3}, {""accuracy"": 1.0, ""bin_hi"": 0.5, ""bin_lo"": 0.4, ""confidence"": 0.4363972734482376, ""n_samples"": 5}, {""accuracy"": 1.0, ""bin_hi"": 0.6000000000000001, ""bin_lo"": 0.5, ""confidence"": 0.5461048258412153, ""n_samples"": 4}, {""accuracy"": 1.0, ""bin_hi"": 0.7000000000000001, ""bin_lo"": 0.6000000000000001, ""confidence"": 0.6374475291442618, ""n_samples"": 4}, {""accuracy"": 1.0, ""bin_hi"": 0.8, ""bin_lo"": 0.7000000000000001, ""confidence"": 0.7492896841413068, ""n_samples"": 3}, {""accuracy"": 1.0, ""bin_hi"": 0.9, ""bin_lo"": 0.8, ""confidence"": 0.8546007246151008, ""n_samples"": 7}, {""accuracy"": 1.0, ""bin_hi"": 1.0, ""bin_lo"": 0.9, ""confidence"": 0.9498574622993439, ""n_samples"": 9}], ""ece"": 0.02990019096293761}",0.046000000000276486,success,
elkan_noto,scar-pi0.1-scalesmall,107,"{""base_estimator"": null, ""calibration_method"": ""sigmoid"", ""eps"": 1e-12, ""mode"": ""weighted_retraining"", ""n_cv_folds"": 5}",scar,0.1,0.5,0.5,True,0,,,0.6877631315110211,,,,,0.07,False,-0.018906340895869705,0.7777777777777778,1.0,0.9961805555555556,0.97,0.8235294117647058,0.9633507853403142,0.9774884675456756,0.85,0.02270869877182393,0.03122026224917977,"{""buckets"": [{""accuracy"": 0.011049723756906077, ""bin_hi"": 0.1, ""bin_lo"": 0.0, ""confidence"": 0.005218215885227049, ""n_samples"": 362}, {""accuracy"": 0.3333333333333333, ""bin_hi"": 0.2, ""bin_lo"": 0.1, ""confidence"": 0.17085598312450753, ""n_samples"": 3}, {""accuracy"": 1.0, ""bin_hi"": 0.30000000000000004, ""bin_lo"": 0.2, ""confidence"": 0.24690643945384105, ""n_samples"": 2}, {""accuracy"": 1.0, ""bin_hi"": 0.4, ""bin_lo"": 0.30000000000000004, ""confidence"": 0.33101096112299666, ""n_samples"": 4}, {""accuracy"": 1.0, ""bin_hi"": 0.5, ""bin_lo"": 0.4, ""confidence"": 0.49495656911800806, ""n_samples"": 1}, {""accuracy"": 0.0, ""bin_hi"": 0.6000000000000001, ""bin_lo"": 0.5, ""confidence"": 0.0, ""n_samples"": 0}, {""accuracy"": 1.0, ""bin_hi"": 0.7000000000000001, ""bin_lo"": 0.6000000000000001, ""confidence"": 0.6458436235772298, ""n_samples"": 8}, {""accuracy"": 1.0, ""bin_hi"": 0.8, ""bin_lo"": 0.7000000000000001, ""confidence"": 0.7421824778245587, ""n_samples"": 6}, {""accuracy"": 1.0, ""bin_hi"": 0.9, ""bin_lo"": 0.8, ""confidence"": 0.839829599123728, ""n_samples"": 3}, {""accuracy"": 1.0, ""bin_hi"": 1.0, ""bin_lo"": 0.9, ""confidence"": 0.9689260959134842, ""n_samples"": 11}], ""ece"": 0.03122026224917977}",0.04699999999957072,success,
elkan_noto,scar-pi0.1-scalesmall,108,"{""base_estimator"": null, ""calibration_method"": ""sigmoid"", ""eps"": 1e-12, ""mode"": ""weighted_retraining"", ""n_cv_folds"": 5}",scar,0.1,0.5,0.5,True,0,,,0.7402892396014469,,,,,0.0925,False,-0.060317460317460325,1.0,1.0,0.9986111111111111,0.9875,0.935064935064935,0.9603174603174603,0.9893731365533693,0.9486111111111111,0.009433692252334348,0.010770214081407232,"{""buckets"": [{""accuracy"": 0.005571030640668524, ""bin_hi"": 0.1, ""bin_lo"": 0.0, ""confidence"": 0.0001240691454649633, ""n_samples"": 359}, {""accuracy"": 0.0, ""bin_hi"": 0.2, ""bin_lo"": 0.1, ""confidence"": 0.1543796463168949, ""n_samples"": 1}, {""accuracy"": 1.0, ""bin_hi"": 0.30000000000000004, ""bin_lo"": 0.2, ""confidence"": 0.235585048196897, ""n_samples"": 1}, {""accuracy"": 0.5, ""bin_hi"": 0.4, ""bin_lo"": 0.30000000000000004, ""confidence"": 0.3671614528448523, ""n_samples"": 2}, {""accuracy"": 0.0, ""bin_hi"": 0.5, ""bin_lo"": 0.4, ""confidence"": 0.0, ""n_samples"": 0}, {""accuracy"": 0.0, ""bin_hi"": 0.6000000000000001, ""bin_lo"": 0.5, ""confidence"": 0.0, ""n_samples"": 0}, {""accuracy"": 0.0, ""bin_hi"": 0.7000000000000001, ""bin_lo"": 0.6000000000000001, ""confidence"": 0.0, ""n_samples"": 0}, {""accuracy"": 0.0, ""bin_hi"": 0.8, ""bin_lo"": 0.7000000000000001, ""confidence"": 0.7497793689203112, ""n_samples"": 1}, {""accuracy"": 1.0, ""bin_hi"": 0.9, ""bin_lo"": 0.8, ""confidence"": 0.8192290945326716, ""n_samples"": 1}, {""accuracy"": 1.0, ""bin_hi"": 1.0, ""bin_lo"": 0.9, ""confidence"": 0.993211300315232, ""n_samples"": 35}], ""ece"": 0.010770214081407232}",0.04699999999957072,success,
elkan_noto,scar-pi0.1-scalesmall,109,"{""base_estimator"": null, ""calibration_method"": ""sigmoid"", ""eps"": 1e-12, ""mode"": ""weighted_retraining"", ""n_cv_folds"": 5}",scar,0.1,0.5,0.5,True,0,,,0.6867343691716234,,,,,0.0625,False,-0.05036092766088159,0.8823529411764706,1.0,0.9906250000000001,0.9625,0.7692307692307693,0.9738903394255874,0.9604781675297255,0.8125,0.027382957804205285,0.036059997415446646,"{""buckets"": [{""accuracy"": 0.01652892561983471, ""bin_hi"": 0.1, ""bin_lo"": 0.0, ""confidence"": 0.0028319269424336014, ""n_samples"": 363}, {""accuracy"": 0.6, ""bin_hi"": 0.2, ""bin_lo"": 0.1, ""confidence"": 0.14193639957992382, ""n_samples"": 5}, {""accuracy"": 0.5, ""bin_hi"": 0.30000000000000004, ""bin_lo"": 0.2, ""confidence"": 0.20266874209353666, ""n_samples"": 2}, {""accuracy"": 1.0, ""bin_hi"": 0.4, ""bin_lo"": 0.30000000000000004, ""confidence"": 0.3676643349726161, ""n_samples"": 1}, {""accuracy"": 1.0, ""bin_hi"": 0.5, ""bin_lo"": 0.4, ""confidence"": 0.4599054319638144, ""n_samples"": 4}, {""accuracy"": 1.0, ""bin_hi"": 0.6000000000000001, ""bin_lo"": 0.5, ""confidence"": 0.5421918324289496, ""n_samples"": 1}, {""accuracy"": 1.0, ""bin_hi"": 0.7000000000000001, ""bin_lo"": 0.6000000000000001, ""confidence"": 0.666306000306685, ""n_samples"": 2}, {""accuracy"": 1.0, ""bin_hi"": 0.8, ""bin_lo"": 0.7000000000000001, ""confidence"": 0.7503003182148958, ""n_samples"": 7}, {""accuracy"": 1.0, ""bin_hi"": 0.9, ""bin_lo"": 0.8, ""confidence"": 0.8391343828411527, ""n_samples"": 3}, {""accuracy"": 1.0, ""bin_hi"": 1.0, ""bin_lo"": 0.9, ""confidence"": 0.9651163999777773, ""n_samples"": 12}], ""ece"": 0.036059997415446646}",0.04700000000048021,success,
elkan_noto,scar-pi0.1-scalesmall,110,"{""base_estimator"": null, ""calibration_method"": ""sigmoid"", ""eps"": 1e-12, ""mode"": ""weighted_retraining"", ""n_cv_folds"": 5}",scar,0.1,0.5,0.5,True,0,,,0.7877625029602963,,,,,0.105,False,-0.06236559139784947,1.0,0.9523809523809524,0.9998611111111111,0.995,0.975609756097561,0.9623655913978495,0.9987652439024393,0.9972222222222222,0.0032786514588843134,0.0040070856523396065,"{""buckets"": [{""accuracy"": 0.0, ""bin_hi"": 0.1, ""bin_lo"": 0.0, ""confidence"": 0.0002178521770567782, ""n_samples"": 357}, {""accuracy"": 0.0, ""bin_hi"": 0.2, ""bin_lo"": 0.1, ""confidence"": 0.0, ""n_samples"": 0}, {""accuracy"": 0.0, ""bin_hi"": 0.30000000000000004, ""bin_lo"": 0.2, ""confidence"": 0.0, ""n_samples"": 0}, {""accuracy"": 0.0, ""bin_hi"": 0.4, ""bin_lo"": 0.30000000000000004, ""confidence"": 0.0, ""n_samples"": 0}, {""accuracy"": 0.0, ""bin_hi"": 0.5, ""bin_lo"": 0.4, ""confidence"": 0.4156515182052987, ""n_samples"": 1}, {""accuracy"": 0.6666666666666666, ""bin_hi"": 0.6000000000000001, ""bin_lo"": 0.5, ""confidence"": 0.5387583966822934, ""n_samples"": 3}, {""accuracy"": 0.0, ""bin_hi"": 0.7000000000000001, ""bin_lo"": 0.6000000000000001, ""confidence"": 0.6606573438107519, ""n_samples"": 1}, {""accuracy"": 0.0, ""bin_hi"": 0.8, ""bin_lo"": 0.7000000000000001, ""confidence"": 0.0, ""n_samples"": 0}, {""accuracy"": 0.0, ""bin_hi"": 0.9, ""bin_lo"": 0.8, ""confidence"": 0.0, ""n_samples"": 0}, {""accuracy"": 1.0, ""bin_hi"": 1.0, ""bin_lo"": 0.9, ""confidence"": 0.9982887536379631, ""n_samples"": 38}], ""ece"": 0.0040070856523396065}",0.04699999999957072,success,
elkan_noto,scar-pi0.1-scalesmall,111,"{""base_estimator"": null, ""calibration_method"": ""sigmoid"", ""eps"": 1e-12, ""mode"": ""weighted_retraining"", ""n_cv_folds"": 5}",scar,0.1,0.5,0.5,True,0,,,0.6876161927820315,,,,,0.0775,False,-0.029050973891421472,0.8421052631578947,1.0,0.9978472222222222,0.9775,0.8732394366197183,0.9606299212598425,0.9835148391614954,0.8875,0.018274381927513458,0.025042199533174558,"{""buckets"": [{""accuracy"": 0.008333333333333333, ""bin_hi"": 0.1, ""bin_lo"": 0.0, ""confidence"": 0.0016980581553146781, ""n_samples"": 360}, {""accuracy"": 0.6666666666666666, ""bin_hi"": 0.2, ""bin_lo"": 0.1, ""confidence"": 0.10914099474030801, ""n_samples"": 3}, {""accuracy"": 0.3333333333333333, ""bin_hi"": 0.30000000000000004, ""bin_lo"": 0.2, ""confidence"": 0.22678507145244556, ""n_samples"": 3}, {""accuracy"": 1.0, ""bin_hi"": 0.4, ""bin_lo"": 0.30000000000000004, ""confidence"": 0.39522372223357133, ""n_samples"": 1}, {""accuracy"": 1.0, ""bin_hi"": 0.5, ""bin_lo"": 0.4, ""confidence"": 0.4271993289471282, ""n_samples"": 2}, {""accuracy"": 1.0, ""bin_hi"": 0.6000000000000001, ""bin_lo"": 0.5, ""confidence"": 0.590179502038008, ""n_samples"": 4}, {""accuracy"": 1.0, ""bin_hi"": 0.7000000000000001, ""bin_lo"": 0.6000000000000001, ""confidence"": 0.6394686747759462, ""n_samples"": 2}, {""accuracy"": 1.0, ""bin_hi"": 0.8, ""bin_lo"": 0.7000000000000001, ""confidence"": 0.7449276966730165, ""n_samples"": 2}, {""accuracy"": 1.0, ""bin_hi"": 0.9, ""bin_lo"": 0.8, ""confidence"": 0.8655905192078472, ""n_samples"": 5}, {""accuracy"": 1.0, ""bin_hi"": 1.0, ""bin_lo"": 0.9, ""confidence"": 0.9809419625012006, ""n_samples"": 18}], ""ece"": 0.025042199533174558}",0.06199999999989814,success,
elkan_noto,scar-pi0.1-scalesmall,112,"{""base_estimator"": null, ""calibration_method"": ""sigmoid"", ""eps"": 1e-12, ""mode"": ""weighted_retraining"", ""n_cv_folds"": 5}",scar,0.1,0.5,0.5,True,0,,,0.7174813283301892,,,,,0.1025,False,-0.04666666666666667,0.96,0.9365853658536586,0.9979861111111111,0.9825,0.9135802469135802,0.9546666666666667,0.9845591126841127,0.9569444444444445,0.011563056535262888,0.010097691720037874,"{""buckets"": [{""accuracy"": 0.002824858757062147, ""bin_hi"": 0.1, ""bin_lo"": 0.0, ""confidence"": 0.0008005073909021601, ""n_samples"": 354}, {""accuracy"": 0.0, ""bin_hi"": 0.2, ""bin_lo"": 0.1, ""confidence"": 0.10336779811439305, ""n_samples"": 1}, {""accuracy"": 0.3333333333333333, ""bin_hi"": 0.30000000000000004, ""bin_lo"": 0.2, ""confidence"": 0.23078803502124212, ""n_samples"": 3}, {""accuracy"": 0.0, ""bin_hi"": 0.4, ""bin_lo"": 0.30000000000000004, ""confidence"": 0.0, ""n_samples"": 0}, {""accuracy"": 1.0, ""bin_hi"": 0.5, ""bin_lo"": 0.4, ""confidence"": 0.43399434358091515, ""n_samples"": 1}, {""accuracy"": 0.0, ""bin_hi"": 0.6000000000000001, ""bin_lo"": 0.5, ""confidence"": 0.0, ""n_samples"": 0}, {""accuracy"": 0.0, ""bin_hi"": 0.7000000000000001, ""bin_lo"": 0.6000000000000001, ""confidence"": 0.6629122215945487, ""n_samples"": 1}, {""accuracy"": 0.3333333333333333, ""bin_hi"": 0.8, ""bin_lo"": 0.7000000000000001, ""confidence"": 0.751303731825379, ""n_samples"": 3}, {""accuracy"": 0.75, ""bin_hi"": 0.9, ""bin_lo"": 0.8, ""confidence"": 0.8555676823223689, ""n_samples"": 4}, {""accuracy"": 1.0, ""bin_hi"": 1.0, ""bin_lo"": 0.9, ""confidence"": 0.9998074906495575, ""n_samples"": 33}], ""ece"": 0.010097691720037874}",0.04700000000048021,success,
elkan_noto,scar-pi0.1-scalesmall,113,"{""base_estimator"": null, ""calibration_method"": ""sigmoid"", ""eps"": 1e-12, ""mode"": ""weighted_retraining"", ""n_cv_folds"": 5}",scar,0.1,0.5,0.5,True,0,,,0.7066925121725898,,,,,0.075,False,-0.04362674362674364,0.8636363636363636,1.0,0.9986805555555556,0.975,0.8571428571428571,0.9708994708994709,0.9900909397619924,0.875,0.014528821905100488,0.022788355082282132,"{""buckets"": [{""accuracy"": 0.0028089887640449437, ""bin_hi"": 0.1, ""bin_lo"": 0.0, ""confidence"": 0.004918389200066036, ""n_samples"": 356}, {""accuracy"": 0.25, ""bin_hi"": 0.2, ""bin_lo"": 0.1, ""confidence"": 0.11187942871723665, ""n_samples"": 4}, {""accuracy"": 0.5, ""bin_hi"": 0.30000000000000004, ""bin_lo"": 0.2, ""confidence"": 0.2285921809669566, ""n_samples"": 2}, {""accuracy"": 0.5, ""bin_hi"": 0.4, ""bin_lo"": 0.30000000000000004, ""confidence"": 0.3296159895359727, ""n_samples"": 2}, {""accuracy"": 1.0, ""bin_hi"": 0.5, ""bin_lo"": 0.4, ""confidence"": 0.43569941892271374, ""n_samples"": 6}, {""accuracy"": 1.0, ""bin_hi"": 0.6000000000000001, ""bin_lo"": 0.5, ""confidence"": 0.5368014658005403, ""n_samples"": 1}, {""accuracy"": 1.0, ""bin_hi"": 0.7000000000000001, ""bin_lo"": 0.6000000000000001, ""confidence"": 0.6734900630066324, ""n_samples"": 4}, {""accuracy"": 1.0, ""bin_hi"": 0.8, ""bin_lo"": 0.7000000000000001, ""confidence"": 0.7635764200468254, ""n_samples"": 2}, {""accuracy"": 1.0, ""bin_hi"": 0.9, ""bin_lo"": 0.8, ""confidence"": 0.8586743784917227, ""n_samples"": 6}, {""accuracy"": 1.0, ""bin_hi"": 1.0, ""bin_lo"": 0.9, ""confidence"": 0.9733831249428536, ""n_samples"": 17}], ""ece"": 0.022788355082282132}",0.04699999999957072,success,
elkan_noto,scar-pi0.1-scalesmall,114,"{""base_estimator"": null, ""calibration_method"": ""sigmoid"", ""eps"": 1e-12, ""mode"": ""weighted_retraining"", ""n_cv_folds"": 5}",scar,0.1,0.5,0.5,True,0,,,0.6900984192668186,,,,,0.07,False,-0.02377400193396878,0.7894736842105263,1.0,0.9960416666666667,0.965,0.7941176470588235,0.9658792650918635,0.9649526627653733,0.8361111111111111,0.023702123119919774,0.027842935272930757,"{""buckets"": [{""accuracy"": 0.008379888268156424, ""bin_hi"": 0.1, ""bin_lo"": 0.0, ""confidence"": 0.0019595550742629885, ""n_samples"": 358}, {""accuracy"": 0.5, ""bin_hi"": 0.2, ""bin_lo"": 0.1, ""confidence"": 0.14323838061202873, ""n_samples"": 6}, {""accuracy"": 1.0, ""bin_hi"": 0.30000000000000004, ""bin_lo"": 0.2, ""confidence"": 0.24779643294996723, ""n_samples"": 2}, {""accuracy"": 1.0, ""bin_hi"": 0.4, ""bin_lo"": 0.30000000000000004, ""confidence"": 0.35398443393496654, ""n_samples"": 5}, {""accuracy"": 0.0, ""bin_hi"": 0.5, ""bin_lo"": 0.4, ""confidence"": 0.401601142738807, ""n_samples"": 1}, {""accuracy"": 0.0, ""bin_hi"": 0.6000000000000001, ""bin_lo"": 0.5, ""confidence"": 0.0, ""n_samples"": 0}, {""accuracy"": 0.0, ""bin_hi"": 0.7000000000000001, ""bin_lo"": 0.6000000000000001, ""confidence"": 0.0, ""n_samples"": 0}, {""accuracy"": 1.0, ""bin_hi"": 0.8, ""bin_lo"": 0.7000000000000001, ""confidence"": 0.757108536776164, ""n_samples"": 4}, {""accuracy"": 0.8, ""bin_hi"": 0.9, ""bin_lo"": 0.8, ""confidence"": 0.8423972081859608, ""n_samples"": 5}, {""accuracy"": 1.0, ""bin_hi"": 1.0, ""bin_lo"": 0.9, ""confidence"": 0.9800796258715033, ""n_samples"": 19}], ""ece"": 0.027842935272930757}",0.04699999999957072,success,
elkan_noto,scar-pi0.1-scalesmall,115,"{""base_estimator"": null, ""calibration_method"": ""sigmoid"", ""eps"": 1e-12, ""mode"": ""weighted_retraining"", ""n_cv_folds"": 5}",scar,0.1,0.5,0.5,True,0,,,0.6193069979641408,,,,,0.065,False,0.024128398095530634,0.5882352941176471,0.904977375565611,0.9966666666666667,0.965,0.7878787878787878,0.95822454308094,0.9781128410244264,0.825,0.024867994927086575,0.03502977313531052,"{""buckets"": [{""accuracy"": 0.005698005698005698, ""bin_hi"": 0.1, ""bin_lo"": 0.0, ""confidence"": 0.009122511163037379, ""n_samples"": 351}, {""accuracy"": 0.2, ""bin_hi"": 0.2, ""bin_lo"": 0.1, ""confidence"": 0.13404689710699244, ""n_samples"": 10}, {""accuracy"": 0.5, ""bin_hi"": 0.30000000000000004, ""bin_lo"": 0.2, ""confidence"": 0.24740137592308808, ""n_samples"": 6}, {""accuracy"": 1.0, ""bin_hi"": 0.4, ""bin_lo"": 0.30000000000000004, ""confidence"": 0.34586003438518387, ""n_samples"": 5}, {""accuracy"": 1.0, ""bin_hi"": 0.5, ""bin_lo"": 0.4, ""confidence"": 0.42057186111282086, ""n_samples"": 2}, {""accuracy"": 1.0, ""bin_hi"": 0.6000000000000001, ""bin_lo"": 0.5, ""confidence"": 0.5539221648703939, ""n_samples"": 4}, {""accuracy"": 1.0, ""bin_hi"": 0.7000000000000001, ""bin_lo"": 0.6000000000000001, ""confidence"": 0.6301904941791906, ""n_samples"": 4}, {""accuracy"": 1.0, ""bin_hi"": 0.8, ""bin_lo"": 0.7000000000000001, ""confidence"": 0.761308378018384, ""n_samples"": 7}, {""accuracy"": 1.0, ""bin_hi"": 0.9, ""bin_lo"": 0.8, ""confidence"": 0.8448191994597583, ""n_samples"": 7}, {""accuracy"": 1.0, ""bin_hi"": 1.0, ""bin_lo"": 0.9, ""confidence"": 0.9538568411991407, ""n_samples"": 4}], ""ece"": 0.03502977313531052}",0.04700000000048021,success,
elkan_noto,scar-pi0.1-scalesmall,116,"{""base_estimator"": null, ""calibration_method"": ""sigmoid"", ""eps"": 1e-12, ""mode"": ""weighted_retraining"", ""n_cv_folds"": 5}",scar,0.1,0.5,0.5,True,0,,,0.7464097997194573,,,,,0.0875,False,-0.06816976127320956,1.0,1.0,0.9967361111111112,0.9875,0.9333333333333333,0.9681697612732095,0.975436776884667,0.9375,0.012757055838603138,0.014072934186989728,"{""buckets"": [{""accuracy"": 0.013850415512465374, ""bin_hi"": 0.1, ""bin_lo"": 0.0, ""confidence"": 0.0017985087355736709, ""n_samples"": 361}, {""accuracy"": 0.0, ""bin_hi"": 0.2, ""bin_lo"": 0.1, ""confidence"": 0.13894440905332864, ""n_samples"": 2}, {""accuracy"": 0.0, ""bin_hi"": 0.30000000000000004, ""bin_lo"": 0.2, ""confidence"": 0.0, ""n_samples"": 0}, {""accuracy"": 0.0, ""bin_hi"": 0.4, ""bin_lo"": 0.30000000000000004, ""confidence"": 0.0, ""n_samples"": 0}, {""accuracy"": 0.0, ""bin_hi"": 0.5, ""bin_lo"": 0.4, ""confidence"": 0.41994437720729333, ""n_samples"": 2}, {""accuracy"": 0.0, ""bin_hi"": 0.6000000000000001, ""bin_lo"": 0.5, ""confidence"": 0.0, ""n_samples"": 0}, {""accuracy"": 0.0, ""bin_hi"": 0.7000000000000001, ""bin_lo"": 0.6000000000000001, ""confidence"": 0.0, ""n_samples"": 0}, {""accuracy"": 0.0, ""bin_hi"": 0.8, ""bin_lo"": 0.7000000000000001, ""confidence"": 0.0, ""n_samples"": 0}, {""accuracy"": 0.0, ""bin_hi"": 0.9, ""bin_lo"": 0.8, ""confidence"": 0.0, ""n_samples"": 0}, {""accuracy"": 1.0, ""bin_hi"": 1.0, ""bin_lo"": 0.9, ""confidence"": 0.9954097784052359, ""n_samples"": 35}], ""ece"": 0.014072934186989728}",0.04699999999957072,success,
elkan_noto,scar-pi0.1-scalesmall,117,"{""base_estimator"": null, ""calibration_method"": ""sigmoid"", ""eps"": 1e-12, ""mode"": ""weighted_retraining"", ""n_cv_folds"": 5}",scar,0.1,0.5,0.5,True,0,,,0.6715106371475227,,,,,0.07,False,-0.010623014228484606,0.7368421052631579,1.0,0.9975694444444444,0.97,0.8235294117647058,0.963254593175853,0.9823607072022508,0.85,0.022996660140619064,0.0346059934503995,"{""buckets"": [{""accuracy"": 0.0056022408963585435, ""bin_hi"": 0.1, ""bin_lo"": 0.0, ""confidence"": 0.008490220402682701, ""n_samples"": 357}, {""accuracy"": 0.3333333333333333, ""bin_hi"": 0.2, ""bin_lo"": 0.1, ""confidence"": 0.15104681108411852, ""n_samples"": 6}, {""accuracy"": 0.75, ""bin_hi"": 0.30000000000000004, ""bin_lo"": 0.2, ""confidence"": 0.24199293542790296, ""n_samples"": 4}, {""accuracy"": 1.0, ""bin_hi"": 0.4, ""bin_lo"": 0.30000000000000004, ""confidence"": 0.36723842473117785, ""n_samples"": 4}, {""accuracy"": 1.0, ""bin_hi"": 0.5, ""bin_lo"": 0.4, ""confidence"": 0.40333967829129347, ""n_samples"": 1}, {""accuracy"": 1.0, ""bin_hi"": 0.6000000000000001, ""bin_lo"": 0.5, ""confidence"": 0.5596955870655524, ""n_samples"": 5}, {""accuracy"": 1.0, ""bin_hi"": 0.7000000000000001, ""bin_lo"": 0.6000000000000001, ""confidence"": 0.6285621132995665, ""n_samples"": 3}, {""accuracy"": 1.0, ""bin_hi"": 0.8, ""bin_lo"": 0.7000000000000001, ""confidence"": 0.7595252377856347, ""n_samples"": 7}, {""accuracy"": 1.0, ""bin_hi"": 0.9, ""bin_lo"": 0.8, ""confidence"": 0.8582806151284886, ""n_samples"": 9}, {""accuracy"": 1.0, ""bin_hi"": 1.0, ""bin_lo"": 0.9, ""confidence"": 0.9291747105708238, ""n_samples"": 4}], ""ece"": 0.0346059934503995}",0.03099999999994907,success,
elkan_noto,scar-pi0.1-scalesmall,118,"{""base_estimator"": null, ""calibration_method"": ""sigmoid"", ""eps"": 1e-12, ""mode"": ""weighted_retraining"", ""n_cv_folds"": 5}",scar,0.1,0.5,0.5,True,0,,,0.6911970565736614,,,,,0.075,False,-0.01052631578947369,0.75,1.0,0.9996527777777778,0.975,0.8571428571428571,0.9605263157894737,0.9967906478488956,0.875,0.016909595060374247,0.037756168096574456,"{""buckets"": [{""accuracy"": 0.0, ""bin_hi"": 0.1, ""bin_lo"": 0.0, ""confidence"": 0.004999803955481297, ""n_samples"": 354}, {""accuracy"": 0.0, ""bin_hi"": 0.2, ""bin_lo"": 0.1, ""confidence"": 0.14102348653565175, ""n_samples"": 5}, {""accuracy"": 0.8333333333333334, ""bin_hi"": 0.30000000000000004, ""bin_lo"": 0.2, ""confidence"": 0.23160494637132, ""n_samples"": 6}, {""accuracy"": 1.0, ""bin_hi"": 0.4, ""bin_lo"": 0.30000000000000004, ""confidence"": 0.3531487697288271, ""n_samples"": 3}, {""accuracy"": 1.0, ""bin_hi"": 0.5, ""bin_lo"": 0.4, ""confidence"": 0.4762189003178179, ""n_samples"": 2}, {""accuracy"": 1.0, ""bin_hi"": 0.6000000000000001, ""bin_lo"": 0.5, ""confidence"": 0.5385354783545268, ""n_samples"": 2}, {""accuracy"": 1.0, ""bin_hi"": 0.7000000000000001, ""bin_lo"": 0.6000000000000001, ""confidence"": 0.6456605644893181, ""n_samples"": 5}, {""accuracy"": 1.0, ""bin_hi"": 0.8, ""bin_lo"": 0.7000000000000001, ""confidence"": 0.7365146529331963, ""n_samples"": 5}, {""accuracy"": 1.0, ""bin_hi"": 0.9, ""bin_lo"": 0.8, ""confidence"": 0.8397640317780771, ""n_samples"": 10}, {""accuracy"": 1.0, ""bin_hi"": 1.0, ""bin_lo"": 0.9, ""confidence"": 0.9481849555795526, ""n_samples"": 8}], ""ece"": 0.037756168096574456}",0.046000000000276486,success,
elkan_noto,scar-pi0.1-scalesmall,119,"{""base_estimator"": null, ""calibration_method"": ""sigmoid"", ""eps"": 1e-12, ""mode"": ""weighted_retraining"", ""n_cv_folds"": 5}",scar,0.1,0.5,0.5,True,0,,,0.5620571657166349,,,,,0.0775,False,0.005281385281385276,0.7333333333333333,0.946236559139785,0.9998611111111111,0.9775,0.8732394366197183,0.948051948051948,0.9988095238095238,0.8875,0.018176049749802983,0.04461283870373462,"{""buckets"": [{""accuracy"": 0.0, ""bin_hi"": 0.1, ""bin_lo"": 0.0, ""confidence"": 0.009446574595114266, ""n_samples"": 358}, {""accuracy"": 0.3333333333333333, ""bin_hi"": 0.2, ""bin_lo"": 0.1, ""confidence"": 0.12694137292132626, ""n_samples"": 3}, {""accuracy"": 1.0, ""bin_hi"": 0.30000000000000004, ""bin_lo"": 0.2, ""confidence"": 0.23449698788013446, ""n_samples"": 2}, {""accuracy"": 1.0, ""bin_hi"": 0.4, ""bin_lo"": 0.30000000000000004, ""confidence"": 0.3315751240910375, ""n_samples"": 4}, {""accuracy"": 1.0, ""bin_hi"": 0.5, ""bin_lo"": 0.4, ""confidence"": 0.46671876917391464, ""n_samples"": 2}, {""accuracy"": 1.0, ""bin_hi"": 0.6000000000000001, ""bin_lo"": 0.5, ""confidence"": 0.558212314401383, ""n_samples"": 6}, {""accuracy"": 1.0, ""bin_hi"": 0.7000000000000001, ""bin_lo"": 0.6000000000000001, ""confidence"": 0.6554104366341975, ""n_samples"": 8}, {""accuracy"": 1.0, ""bin_hi"": 0.8, ""bin_lo"": 0.7000000000000001, ""confidence"": 0.7467944271883347, ""n_samples"": 9}, {""accuracy"": 1.0, ""bin_hi"": 0.9, ""bin_lo"": 0.8, ""confidence"": 0.8563064316440141, ""n_samples"": 5}, {""accuracy"": 1.0, ""bin_hi"": 1.0, ""bin_lo"": 0.9, ""confidence"": 0.9439809039746234, ""n_samples"": 3}], ""ece"": 0.04461283870373462}",0.04699999999957072,success,
elkan_noto,scar-pi0.1-scalemid,100,"{""base_estimator"": null, ""calibration_method"": ""sigmoid"", ""eps"": 1e-12, ""mode"": ""weighted_retraining"", ""n_cv_folds"": 5}",scar,0.1,0.5,0.5,True,0,,,0.7410521707235497,,,,,0.0815,False,-0.03212431028886725,0.8557692307692307,1.0,0.9984805555555556,0.9795,0.8870523415977961,0.9609704641350211,0.9891626337771676,0.9019444444444444,0.014067048921383938,0.02012287015251654,"{""buckets"": [{""accuracy"": 0.00554016620498615, ""bin_hi"": 0.1, ""bin_lo"": 0.0, ""confidence"": 0.0019822564990618673, ""n_samples"": 1805}, {""accuracy"": 0.6666666666666666, ""bin_hi"": 0.2, ""bin_lo"": 0.1, ""confidence"": 0.14837626329461598, ""n_samples"": 9}, {""accuracy"": 1.0, ""bin_hi"": 0.30000000000000004, ""bin_lo"": 0.2, ""confidence"": 0.2594955104002924, ""n_samples"": 8}, {""accuracy"": 1.0, ""bin_hi"": 0.4, ""bin_lo"": 0.30000000000000004, ""confidence"": 0.3536951590671114, ""n_samples"": 4}, {""accuracy"": 1.0, ""bin_hi"": 0.5, ""bin_lo"": 0.4, ""confidence"": 0.431593222724628, ""n_samples"": 11}, {""accuracy"": 0.8181818181818182, ""bin_hi"": 0.6000000000000001, ""bin_lo"": 0.5, ""confidence"": 0.5511674806987578, ""n_samples"": 11}, {""accuracy"": 1.0, ""bin_hi"": 0.7000000000000001, ""bin_lo"": 0.6000000000000001, ""confidence"": 0.6469291163699878, ""n_samples"": 9}, {""accuracy"": 1.0, ""bin_hi"": 0.8, ""bin_lo"": 0.7000000000000001, ""confidence"": 0.7426667935573369, ""n_samples"": 11}, {""accuracy"": 1.0, ""bin_hi"": 0.9, ""bin_lo"": 0.8, ""confidence"": 0.8424610568151563, ""n_samples"": 20}, {""accuracy"": 1.0, ""bin_hi"": 1.0, ""bin_lo"": 0.9, ""confidence"": 0.9794541962019372, ""n_samples"": 112}], ""ece"": 0.02012287015251654}",0.06300000000010186,success,
elkan_noto,scar-pi0.1-scalemid,101,"{""base_estimator"": null, ""calibration_method"": ""sigmoid"", ""eps"": 1e-12, ""mode"": ""weighted_retraining"", ""n_cv_folds"": 5}",scar,0.1,0.5,0.5,True,0,,,0.7238059322740347,,,,,0.072,False,-0.010111406309303211,0.7446808510638298,1.0,0.9993388888888889,0.972,0.8372093023255814,0.9611752360965372,0.9951399993282436,0.86,0.018332639336918727,0.02878931245205551,"{""buckets"": [{""accuracy"": 0.0038888888888888888, ""bin_hi"": 0.1, ""bin_lo"": 0.0, ""confidence"": 0.003086650681730663, ""n_samples"": 1800}, {""accuracy"": 0.6470588235294118, ""bin_hi"": 0.2, ""bin_lo"": 0.1, ""confidence"": 0.152858848989044, ""n_samples"": 17}, {""accuracy"": 0.9090909090909091, ""bin_hi"": 0.30000000000000004, ""bin_lo"": 0.2, ""confidence"": 0.24193601377642332, ""n_samples"": 11}, {""accuracy"": 1.0, ""bin_hi"": 0.4, ""bin_lo"": 0.30000000000000004, ""confidence"": 0.35557756281101405, ""n_samples"": 14}, {""accuracy"": 1.0, ""bin_hi"": 0.5, ""bin_lo"": 0.4, ""confidence"": 0.4397828305490781, ""n_samples"": 14}, {""accuracy"": 1.0, ""bin_hi"": 0.6000000000000001, ""bin_lo"": 0.5, ""confidence"": 0.5647204347425352, ""n_samples"": 15}, {""accuracy"": 1.0, ""bin_hi"": 0.7000000000000001, ""bin_lo"": 0.6000000000000001, ""confidence"": 0.650680984291427, ""n_samples"": 11}, {""accuracy"": 1.0, ""bin_hi"": 0.8, ""bin_lo"": 0.7000000000000001, ""confidence"": 0.7522438859139678, ""n_samples"": 16}, {""accuracy"": 1.0, ""bin_hi"": 0.9, ""bin_lo"": 0.8, ""confidence"": 0.8464367127494425, ""n_samples"": 45}, {""accuracy"": 1.0, ""bin_hi"": 1.0, ""bin_lo"": 0.9, ""confidence"": 0.9599405294857187, ""n_samples"": 57}], ""ece"": 0.02878931245205551}",0.06199999999989814,success,
elkan_noto,scar-pi0.1-scalemid,102,"{""base_estimator"": null, ""calibration_method"": ""sigmoid"", ""eps"": 1e-12, ""mode"": ""weighted_retraining"", ""n_cv_folds"": 5}",scar,0.1,0.5,0.5,True,0,,,0.7220622953322428,,,,,0.0875,False,-0.028245699448231104,0.8653846153846154,0.9890109890109892,0.9986722222222222,0.9835,0.912,0.955168776371308,0.9890836106705193,0.9263888888888889,0.015536773110975349,0.0159435621523225,"{""buckets"": [{""accuracy"": 0.014277869302580999, ""bin_hi"": 0.1, ""bin_lo"": 0.0, ""confidence"": 0.0001358732322025643, ""n_samples"": 1821}, {""accuracy"": 1.0, ""bin_hi"": 0.2, ""bin_lo"": 0.1, ""confidence"": 0.14632228488863835, ""n_samples"": 2}, {""accuracy"": 0.0, ""bin_hi"": 0.30000000000000004, ""bin_lo"": 0.2, ""confidence"": 0.253845827515523, ""n_samples"": 1}, {""accuracy"": 0.0, ""bin_hi"": 0.4, ""bin_lo"": 0.30000000000000004, ""confidence"": 0.0, ""n_samples"": 0}, {""accuracy"": 1.0, ""bin_hi"": 0.5, ""bin_lo"": 0.4, ""confidence"": 0.4401446320227991, ""n_samples"": 1}, {""accuracy"": 0.5, ""bin_hi"": 0.6000000000000001, ""bin_lo"": 0.5, ""confidence"": 0.542225839259894, ""n_samples"": 2}, {""accuracy"": 1.0, ""bin_hi"": 0.7000000000000001, ""bin_lo"": 0.6000000000000001, ""confidence"": 0.60884001038385, ""n_samples"": 2}, {""accuracy"": 1.0, ""bin_hi"": 0.8, ""bin_lo"": 0.7000000000000001, ""confidence"": 0.7805179675731734, ""n_samples"": 1}, {""accuracy"": 0.5, ""bin_hi"": 0.9, ""bin_lo"": 0.8, ""confidence"": 0.866620948801972, ""n_samples"": 2}, {""accuracy"": 0.9880952380952381, ""bin_hi"": 1.0, ""bin_lo"": 0.9, ""confidence"": 0.9987737931368308, ""n_samples"": 168}], ""ece"": 0.0159435621523225}",0.04700000000048021,success,
elkan_noto,scar-pi0.1-scalemid,103,"{""base_estimator"": null, ""calibration_method"": ""sigmoid"", ""eps"": 1e-12, ""mode"": ""weighted_retraining"", ""n_cv_folds"": 5}",scar,0.1,0.5,0.5,True,0,,,0.761587372357765,,,,,0.0835,False,-0.03860051717697059,0.8807339449541285,1.0,0.9988388888888888,0.9835,0.9100817438692098,0.9624537281861449,0.9933607530648416,0.9175,0.012622205009473187,0.019998053315082438,"{""buckets"": [{""accuracy"": 0.0038888888888888888, ""bin_hi"": 0.1, ""bin_lo"": 0.0, ""confidence"": 0.0016996401015471564, ""n_samples"": 1800}, {""accuracy"": 0.6666666666666666, ""bin_hi"": 0.2, ""bin_lo"": 0.1, ""confidence"": 0.1495239634144026, ""n_samples"": 15}, {""accuracy"": 0.6, ""bin_hi"": 0.30000000000000004, ""bin_lo"": 0.2, ""confidence"": 0.23562382531839296, ""n_samples"": 5}, {""accuracy"": 1.0, ""bin_hi"": 0.4, ""bin_lo"": 0.30000000000000004, ""confidence"": 0.3503012858366913, ""n_samples"": 8}, {""accuracy"": 1.0, ""bin_hi"": 0.5, ""bin_lo"": 0.4, ""confidence"": 0.44068972658784145, ""n_samples"": 5}, {""accuracy"": 1.0, ""bin_hi"": 0.6000000000000001, ""bin_lo"": 0.5, ""confidence"": 0.5555983355159533, ""n_samples"": 11}, {""accuracy"": 1.0, ""bin_hi"": 0.7000000000000001, ""bin_lo"": 0.6000000000000001, ""confidence"": 0.6679559555396255, ""n_samples"": 9}, {""accuracy"": 1.0, ""bin_hi"": 0.8, ""bin_lo"": 0.7000000000000001, ""confidence"": 0.7634981795837436, ""n_samples"": 14}, {""accuracy"": 1.0, ""bin_hi"": 0.9, ""bin_lo"": 0.8, ""confidence"": 0.8441379309668937, ""n_samples"": 29}, {""accuracy"": 1.0, ""bin_hi"": 1.0, ""bin_lo"": 0.9, ""confidence"": 0.9733225373737024, ""n_samples"": 104}], ""ece"": 0.019998053315082438}",0.04700000000048021,success,
elkan_noto,scar-pi0.1-scalemid,104,"{""base_estimator"": null, ""calibration_method"": ""sigmoid"", ""eps"": 1e-12, ""mode"": ""weighted_retraining"", ""n_cv_folds"": 5}",scar,0.1,0.5,0.5,True,0,,,0.7183400857046199,,,,,0.0815,False,-0.016524302552318182,0.7961165048543689,0.9768300673059741,0.9975416666666667,0.9805,0.8925619834710744,0.9573010015814444,0.9850063607988175,0.9047222222222222,0.015040900368928583,0.020226364757854852,"{""buckets"": [{""accuracy"": 0.006155567991046447, ""bin_hi"": 0.1, ""bin_lo"": 0.0, ""confidence"": 0.0037867553267468533, ""n_samples"": 1787}, {""accuracy"": 0.20833333333333334, ""bin_hi"": 0.2, ""bin_lo"": 0.1, ""confidence"": 0.12667801136513926, ""n_samples"": 24}, {""accuracy"": 0.75, ""bin_hi"": 0.30000000000000004, ""bin_lo"": 0.2, ""confidence"": 0.2390220199759982, ""n_samples"": 8}, {""accuracy"": 0.9, ""bin_hi"": 0.4, ""bin_lo"": 0.30000000000000004, ""confidence"": 0.3502987096575737, ""n_samples"": 10}, {""accuracy"": 0.875, ""bin_hi"": 0.5, ""bin_lo"": 0.4, ""confidence"": 0.4676304744505866, ""n_samples"": 8}, {""accuracy"": 1.0, ""bin_hi"": 0.6000000000000001, ""bin_lo"": 0.5, ""confidence"": 0.5532166252253267, ""n_samples"": 15}, {""accuracy"": 0.9166666666666666, ""bin_hi"": 0.7000000000000001, ""bin_lo"": 0.6000000000000001, ""confidence"": 0.6365347866063212, ""n_samples"": 12}, {""accuracy"": 1.0, ""bin_hi"": 0.8, ""bin_lo"": 0.7000000000000001, ""confidence"": 0.76943905618858, ""n_samples"": 17}, {""accuracy"": 1.0, ""bin_hi"": 0.9, ""bin_lo"": 0.8, ""confidence"": 0.8657242454035037, ""n_samples"": 35}, {""accuracy"": 1.0, ""bin_hi"": 1.0, ""bin_lo"": 0.9, ""confidence"": 0.9674569051030675, ""n_samples"": 84}], ""ece"": 0.020226364757854852}",0.04700000000048021,success,
elkan_noto,scar-pi0.1-scalemid,105,"{""base_estimator"": null, ""calibration_method"": ""sigmoid"", ""eps"": 1e-12, ""mode"": ""weighted_retraining"", ""n_cv_folds"": 5}",scar,0.1,0.5,0.5,True,0,,,0.6934676758186262,,,,,0.072,False,-0.01659366344010431,0.7816091954022989,1.0,0.9989305555555555,0.972,0.8372093023255814,0.9602718243596445,0.9914106097426434,0.86,0.01989232977886756,0.02925856032603832,"{""buckets"": [{""accuracy"": 0.007202216066481994, ""bin_hi"": 0.1, ""bin_lo"": 0.0, ""confidence"": 0.0034564666635328823, ""n_samples"": 1805}, {""accuracy"": 0.5384615384615384, ""bin_hi"": 0.2, ""bin_lo"": 0.1, ""confidence"": 0.138394048760681, ""n_samples"": 13}, {""accuracy"": 0.9285714285714286, ""bin_hi"": 0.30000000000000004, ""bin_lo"": 0.2, ""confidence"": 0.2439948348437479, ""n_samples"": 14}, {""accuracy"": 0.9166666666666666, ""bin_hi"": 0.4, ""bin_lo"": 0.30000000000000004, ""confidence"": 0.34281715110022476, ""n_samples"": 12}, {""accuracy"": 1.0, ""bin_hi"": 0.5, ""bin_lo"": 0.4, ""confidence"": 0.4383195262347823, ""n_samples"": 12}, {""accuracy"": 1.0, ""bin_hi"": 0.6000000000000001, ""bin_lo"": 0.5, ""confidence"": 0.552615307992429, ""n_samples"": 13}, {""accuracy"": 1.0, ""bin_hi"": 0.7000000000000001, ""bin_lo"": 0.6000000000000001, ""confidence"": 0.6571557279092373, ""n_samples"": 19}, {""accuracy"": 1.0, ""bin_hi"": 0.8, ""bin_lo"": 0.7000000000000001, ""confidence"": 0.7531574909554268, ""n_samples"": 12}, {""accuracy"": 1.0, ""bin_hi"": 0.9, ""bin_lo"": 0.8, ""confidence"": 0.8511060123466334, ""n_samples"": 40}, {""accuracy"": 1.0, ""bin_hi"": 1.0, ""bin_lo"": 0.9, ""confidence"": 0.9650529725169593, ""n_samples"": 60}], ""ece"": 0.02925856032603832}",0.06300000000010186,success,
elkan_noto,scar-pi0.1-scalemid,106,"{""base_estimator"": null, ""calibration_method"": ""sigmoid"", ""eps"": 1e-12, ""mode"": ""weighted_retraining"", ""n_cv_folds"": 5}",scar,0.1,0.5,0.5,True,0,,,0.7856074881863825,,,,,0.0875,False,-0.03996453900709221,0.8833333333333333,1.0,0.9988277777777778,0.9855,0.9226666666666666,0.9632978723404255,0.9901628697699382,0.9319444444444445,0.01312773123269368,0.014094777568632009,"{""buckets"": [{""accuracy"": 0.01155115511551155, ""bin_hi"": 0.1, ""bin_lo"": 0.0, ""confidence"": 0.00014939710294247551, ""n_samples"": 1818}, {""accuracy"": 0.5, ""bin_hi"": 0.2, ""bin_lo"": 0.1, ""confidence"": 0.12458377605953588, ""n_samples"": 2}, {""accuracy"": 1.0, ""bin_hi"": 0.30000000000000004, ""bin_lo"": 0.2, ""confidence"": 0.245157543556161, ""n_samples"": 2}, {""accuracy"": 1.0, ""bin_hi"": 0.4, ""bin_lo"": 0.30000000000000004, ""confidence"": 0.3338177941837408, ""n_samples"": 1}, {""accuracy"": 1.0, ""bin_hi"": 0.5, ""bin_lo"": 0.4, ""confidence"": 0.43774888809822465, ""n_samples"": 2}, {""accuracy"": 1.0, ""bin_hi"": 0.6000000000000001, ""bin_lo"": 0.5, ""confidence"": 0.5431751381530292, ""n_samples"": 1}, {""accuracy"": 0.8333333333333334, ""bin_hi"": 0.7000000000000001, ""bin_lo"": 0.6000000000000001, ""confidence"": 0.6476803007526387, ""n_samples"": 6}, {""accuracy"": 1.0, ""bin_hi"": 0.8, ""bin_lo"": 0.7000000000000001, ""confidence"": 0.7535743368777897, ""n_samples"": 3}, {""accuracy"": 1.0, ""bin_hi"": 0.9, ""bin_lo"": 0.8, ""confidence"": 0.8625175095031787, ""n_samples"": 3}, {""accuracy"": 0.9938271604938271, ""bin_hi"": 1.0, ""bin_lo"": 0.9, ""confidence"": 0.9980709244557826, ""n_samples"": 162}], ""ece"": 0.014094777568632009}",0.06199999999989814,success,
elkan_noto,scar-pi0.1-scalemid,107,"{""base_estimator"": null, ""calibration_method"": ""sigmoid"", ""eps"": 1e-12, ""mode"": ""weighted_retraining"", ""n_cv_folds"": 5}",scar,0.1,0.5,0.5,True,0,,,0.7332286383708071,,,,,0.086,False,-0.026516706182383304,0.8490566037735849,0.9872751206669593,0.9977861111111112,0.983,0.9086021505376344,0.9567053854276664,0.9847550988580338,0.9216666666666666,0.015205743354677403,0.016099286722470622,"{""buckets"": [{""accuracy"": 0.013186813186813187, ""bin_hi"": 0.1, ""bin_lo"": 0.0, ""confidence"": 0.0001115463860275289, ""n_samples"": 1820}, {""accuracy"": 0.6666666666666666, ""bin_hi"": 0.2, ""bin_lo"": 0.1, ""confidence"": 0.12788145473643353, ""n_samples"": 3}, {""accuracy"": 1.0, ""bin_hi"": 0.30000000000000004, ""bin_lo"": 0.2, ""confidence"": 0.22957502625275958, ""n_samples"": 1}, {""accuracy"": 1.0, ""bin_hi"": 0.4, ""bin_lo"": 0.30000000000000004, ""confidence"": 0.35846455938877814, ""n_samples"": 3}, {""accuracy"": 1.0, ""bin_hi"": 0.5, ""bin_lo"": 0.4, ""confidence"": 0.42274654355319796, ""n_samples"": 1}, {""accuracy"": 1.0, ""bin_hi"": 0.6000000000000001, ""bin_lo"": 0.5, ""confidence"": 0.5624608224021086, ""n_samples"": 4}, {""accuracy"": 1.0, ""bin_hi"": 0.7000000000000001, ""bin_lo"": 0.6000000000000001, ""confidence"": 0.68981312568153, ""n_samples"": 1}, {""accuracy"": 0.0, ""bin_hi"": 0.8, ""bin_lo"": 0.7000000000000001, ""confidence"": 0.7092204378640875, ""n_samples"": 1}, {""accuracy"": 0.8, ""bin_hi"": 0.9, ""bin_lo"": 0.8, ""confidence"": 0.8318643544401795, ""n_samples"": 5}, {""accuracy"": 0.9937888198757764, ""bin_hi"": 1.0, ""bin_lo"": 0.9, ""confidence"": 0.9974165322044591, ""n_samples"": 161}], ""ece"": 0.016099286722470622}",0.06300000000010186,success,
elkan_noto,scar-pi0.1-scalemid,108,"{""base_estimator"": null, ""calibration_method"": ""sigmoid"", ""eps"": 1e-12, ""mode"": ""weighted_retraining"", ""n_cv_folds"": 5}",scar,0.1,0.5,0.5,True,0,,,0.7180267254592383,,,,,0.078,False,-0.021490152296857648,0.8172043010752689,1.0,0.9994388888888889,0.978,0.8764044943820225,0.9580492920818039,0.9955589713308715,0.89,0.020003510159602982,0.022163409431170566,"{""buckets"": [{""accuracy"": 0.01907356948228883, ""bin_hi"": 0.1, ""bin_lo"": 0.0, ""confidence"": 0.00012022003714633363, ""n_samples"": 1835}, {""accuracy"": 1.0, ""bin_hi"": 0.2, ""bin_lo"": 0.1, ""confidence"": 0.1470778850291805, ""n_samples"": 1}, {""accuracy"": 1.0, ""bin_hi"": 0.30000000000000004, ""bin_lo"": 0.2, ""confidence"": 0.26374678611196944, ""n_samples"": 4}, {""accuracy"": 1.0, ""bin_hi"": 0.4, ""bin_lo"": 0.30000000000000004, ""confidence"": 0.38443812073217776, ""n_samples"": 4}, {""accuracy"": 0.0, ""bin_hi"": 0.5, ""bin_lo"": 0.4, ""confidence"": 0.0, ""n_samples"": 0}, {""accuracy"": 1.0, ""bin_hi"": 0.6000000000000001, ""bin_lo"": 0.5, ""confidence"": 0.5741849556591301, ""n_samples"": 3}, {""accuracy"": 1.0, ""bin_hi"": 0.7000000000000001, ""bin_lo"": 0.6000000000000001, ""confidence"": 0.627649158321884, ""n_samples"": 2}, {""accuracy"": 1.0, ""bin_hi"": 0.8, ""bin_lo"": 0.7000000000000001, ""confidence"": 0.7613529035003146, ""n_samples"": 2}, {""accuracy"": 1.0, ""bin_hi"": 0.9, ""bin_lo"": 0.8, ""confidence"": 0.8325338908000055, ""n_samples"": 2}, {""accuracy"": 1.0, ""bin_hi"": 1.0, ""bin_lo"": 0.9, ""confidence"": 0.9969192726861753, ""n_samples"": 147}], ""ece"": 0.022163409431170566}",0.06199999999989814,success,
elkan_noto,scar-pi0.1-scalemid,109,"{""base_estimator"": null, ""calibration_method"": ""sigmoid"", ""eps"": 1e-12, ""mode"": ""weighted_retraining"", ""n_cv_folds"": 5}",scar,0.1,0.5,0.5,True,0,,,0.7214006497044425,,,,,0.0855,False,-0.02783249650705255,0.8504672897196262,0.994698584467399,0.9979277777777777,0.9855,0.921832884097035,0.9577390385631274,0.9873046088555845,0.9275,0.011239614491096027,0.014810365769177547,"{""buckets"": [{""accuracy"": 0.00667779632721202, ""bin_hi"": 0.1, ""bin_lo"": 0.0, ""confidence"": 0.0018050375130504786, ""n_samples"": 1797}, {""accuracy"": 0.2727272727272727, ""bin_hi"": 0.2, ""bin_lo"": 0.1, ""confidence"": 0.1352328855609505, ""n_samples"": 11}, {""accuracy"": 0.2, ""bin_hi"": 0.30000000000000004, ""bin_lo"": 0.2, ""confidence"": 0.24460943951576394, ""n_samples"": 5}, {""accuracy"": 0.8333333333333334, ""bin_hi"": 0.4, ""bin_lo"": 0.30000000000000004, ""confidence"": 0.34928509112970785, ""n_samples"": 6}, {""accuracy"": 0.8, ""bin_hi"": 0.5, ""bin_lo"": 0.4, ""confidence"": 0.4453861391933887, ""n_samples"": 10}, {""accuracy"": 1.0, ""bin_hi"": 0.6000000000000001, ""bin_lo"": 0.5, ""confidence"": 0.5524613398650672, ""n_samples"": 6}, {""accuracy"": 1.0, ""bin_hi"": 0.7000000000000001, ""bin_lo"": 0.6000000000000001, ""confidence"": 0.6310528797470307, ""n_samples"": 6}, {""accuracy"": 1.0, ""bin_hi"": 0.8, ""bin_lo"": 0.7000000000000001, ""confidence"": 0.7511101383437545, ""n_samples"": 11}, {""accuracy"": 1.0, ""bin_hi"": 0.9, ""bin_lo"": 0.8, ""confidence"": 0.8606058488599239, ""n_samples"": 19}, {""accuracy"": 1.0, ""bin_hi"": 1.0, ""bin_lo"": 0.9, ""confidence"": 0.9814474542681937, ""n_samples"": 129}], ""ece"": 0.014810365769177547}",0.06300000000010186,success,
elkan_noto,scar-pi0.1-scalemid,110,"{""base_estimator"": null, ""calibration_method"": ""sigmoid"", ""eps"": 1e-12, ""mode"": ""weighted_retraining"", ""n_cv_folds"": 5}",scar,0.1,0.5,0.5,True,0,,,0.6884984144325578,,,,,0.073,False,-0.007083415950153521,0.7471264367816092,1.0,0.996213888888889,0.973,0.8439306358381503,0.9576581285938317,0.981677041984344,0.865,0.019997761138439187,0.028254500771984974,"{""buckets"": [{""accuracy"": 0.00776483638380477, ""bin_hi"": 0.1, ""bin_lo"": 0.0, ""confidence"": 0.003382931648684447, ""n_samples"": 1803}, {""accuracy"": 0.47058823529411764, ""bin_hi"": 0.2, ""bin_lo"": 0.1, ""confidence"": 0.14645223747733116, ""n_samples"": 17}, {""accuracy"": 1.0, ""bin_hi"": 0.30000000000000004, ""bin_lo"": 0.2, ""confidence"": 0.2429071455987963, ""n_samples"": 12}, {""accuracy"": 0.8333333333333334, ""bin_hi"": 0.4, ""bin_lo"": 0.30000000000000004, ""confidence"": 0.3488441919350284, ""n_samples"": 12}, {""accuracy"": 1.0, ""bin_hi"": 0.5, ""bin_lo"": 0.4, ""confidence"": 0.4374356917083578, ""n_samples"": 10}, {""accuracy"": 1.0, ""bin_hi"": 0.6000000000000001, ""bin_lo"": 0.5, ""confidence"": 0.5603596846461719, ""n_samples"": 13}, {""accuracy"": 1.0, ""bin_hi"": 0.7000000000000001, ""bin_lo"": 0.6000000000000001, ""confidence"": 0.640674893993452, ""n_samples"": 15}, {""accuracy"": 1.0, ""bin_hi"": 0.8, ""bin_lo"": 0.7000000000000001, ""confidence"": 0.7641324040142324, ""n_samples"": 23}, {""accuracy"": 1.0, ""bin_hi"": 0.9, ""bin_lo"": 0.8, ""confidence"": 0.8674412953801695, ""n_samples"": 25}, {""accuracy"": 1.0, ""bin_hi"": 1.0, ""bin_lo"": 0.9, ""confidence"": 0.9610090671673471, ""n_samples"": 70}], ""ece"": 0.028254500771984974}",0.07799999999951979,success,
elkan_noto,scar-pi0.1-scalemid,111,"{""base_estimator"": null, ""calibration_method"": ""sigmoid"", ""eps"": 1e-12, ""mode"": ""weighted_retraining"", ""n_cv_folds"": 5}",scar,0.1,0.5,0.5,True,0,,,0.7317925191350789,,,,,0.083,False,-0.01916069858022365,0.8095238095238095,0.9753298909925416,0.9994055555555555,0.983,0.907103825136612,0.9572559366754617,0.9948271126736092,0.915,0.013058476405820344,0.019863707019340007,"{""buckets"": [{""accuracy"": 0.0038910505836575876, ""bin_hi"": 0.1, ""bin_lo"": 0.0, ""confidence"": 0.002517660200724019, ""n_samples"": 1799}, {""accuracy"": 0.6363636363636364, ""bin_hi"": 0.2, ""bin_lo"": 0.1, ""confidence"": 0.13774291264727975, ""n_samples"": 11}, {""accuracy"": 1.0, ""bin_hi"": 0.30000000000000004, ""bin_lo"": 0.2, ""confidence"": 0.23126372795156347, ""n_samples"": 7}, {""accuracy"": 0.6666666666666666, ""bin_hi"": 0.4, ""bin_lo"": 0.30000000000000004, ""confidence"": 0.3503568097799414, ""n_samples"": 9}, {""accuracy"": 0.875, ""bin_hi"": 0.5, ""bin_lo"": 0.4, ""confidence"": 0.46288991496870546, ""n_samples"": 8}, {""accuracy"": 1.0, ""bin_hi"": 0.6000000000000001, ""bin_lo"": 0.5, ""confidence"": 0.5533679311608208, ""n_samples"": 12}, {""accuracy"": 1.0, ""bin_hi"": 0.7000000000000001, ""bin_lo"": 0.6000000000000001, ""confidence"": 0.6487562963431021, ""n_samples"": 7}, {""accuracy"": 1.0, ""bin_hi"": 0.8, ""bin_lo"": 0.7000000000000001, ""confidence"": 0.7552566560055137, ""n_samples"": 19}, {""accuracy"": 1.0, ""bin_hi"": 0.9, ""bin_lo"": 0.8, ""confidence"": 0.8653409594993079, ""n_samples"": 36}, {""accuracy"": 1.0, ""bin_hi"": 1.0, ""bin_lo"": 0.9, ""confidence"": 0.9681424593832165, ""n_samples"": 92}], ""ece"": 0.019863707019340007}",0.06199999999989814,success,
elkan_noto,scar-pi0.1-scalemid,112,"{""base_estimator"": null, ""calibration_method"": ""sigmoid"", ""eps"": 1e-12, ""mode"": ""weighted_retraining"", ""n_cv_folds"": 5}",scar,0.1,0.5,0.5,True,0,,,0.7021201618591795,,,,,0.0825,False,-0.01866902330043431,0.8118811881188119,0.9840984098409843,0.9991305555555556,0.9815,0.8986301369863013,0.956292785676672,0.9932326265018291,0.9097222222222222,0.012174135375285236,0.016869368802542573,"{""buckets"": [{""accuracy"": 0.0033444816053511705, ""bin_hi"": 0.1, ""bin_lo"": 0.0, ""confidence"": 0.001756524168470543, ""n_samples"": 1794}, {""accuracy"": 0.5, ""bin_hi"": 0.2, ""bin_lo"": 0.1, ""confidence"": 0.1435587325606324, ""n_samples"": 16}, {""accuracy"": 0.7142857142857143, ""bin_hi"": 0.30000000000000004, ""bin_lo"": 0.2, ""confidence"": 0.24359700117065677, ""n_samples"": 7}, {""accuracy"": 0.9090909090909091, ""bin_hi"": 0.4, ""bin_lo"": 0.30000000000000004, ""confidence"": 0.3360856305486371, ""n_samples"": 11}, {""accuracy"": 1.0, ""bin_hi"": 0.5, ""bin_lo"": 0.4, ""confidence"": 0.4455246501717739, ""n_samples"": 7}, {""accuracy"": 1.0, ""bin_hi"": 0.6000000000000001, ""bin_lo"": 0.5, ""confidence"": 0.528108693237025, ""n_samples"": 5}, {""accuracy"": 0.875, ""bin_hi"": 0.7000000000000001, ""bin_lo"": 0.6000000000000001, ""confidence"": 0.6494300125459769, ""n_samples"": 8}, {""accuracy"": 1.0, ""bin_hi"": 0.8, ""bin_lo"": 0.7000000000000001, ""confidence"": 0.737386513040325, ""n_samples"": 4}, {""accuracy"": 1.0, ""bin_hi"": 0.9, ""bin_lo"": 0.8, ""confidence"": 0.8483011660697067, ""n_samples"": 27}, {""accuracy"": 1.0, ""bin_hi"": 1.0, ""bin_lo"": 0.9, ""confidence"": 0.9801873034519027, ""n_samples"": 121}], ""ece"": 0.016869368802542573}",0.04699999999957072,success,
elkan_noto,scar-pi0.1-scalemid,113,"{""base_estimator"": null, ""calibration_method"": ""sigmoid"", ""eps"": 1e-12, ""mode"": ""weighted_retraining"", ""n_cv_folds"": 5}",scar,0.1,0.5,0.5,True,0,,,0.7097520978716768,,,,,0.088,False,-0.02695364679028206,0.8640776699029126,0.9819064430714917,0.9967416666666667,0.982,0.9042553191489362,0.9541381128096995,0.9767347788428087,0.9233333333333333,0.0168895844844715,0.01724327005501169,"{""buckets"": [{""accuracy"": 0.014835164835164835, ""bin_hi"": 0.1, ""bin_lo"": 0.0, ""confidence"": 0.00014768497933485887, ""n_samples"": 1820}, {""accuracy"": 1.0, ""bin_hi"": 0.2, ""bin_lo"": 0.1, ""confidence"": 0.11428965892753078, ""n_samples"": 1}, {""accuracy"": 0.0, ""bin_hi"": 0.30000000000000004, ""bin_lo"": 0.2, ""confidence"": 0.0, ""n_samples"": 0}, {""accuracy"": 0.6666666666666666, ""bin_hi"": 0.4, ""bin_lo"": 0.30000000000000004, ""confidence"": 0.3382702318453114, ""n_samples"": 3}, {""accuracy"": 0.0, ""bin_hi"": 0.5, ""bin_lo"": 0.4, ""confidence"": 0.0, ""n_samples"": 0}, {""accuracy"": 0.0, ""bin_hi"": 0.6000000000000001, ""bin_lo"": 0.5, ""confidence"": 0.5062708462844342, ""n_samples"": 1}, {""accuracy"": 0.0, ""bin_hi"": 0.7000000000000001, ""bin_lo"": 0.6000000000000001, ""confidence"": 0.0, ""n_samples"": 0}, {""accuracy"": 1.0, ""bin_hi"": 0.8, ""bin_lo"": 0.7000000000000001, ""confidence"": 0.7763807132795872, ""n_samples"": 2}, {""accuracy"": 0.0, ""bin_hi"": 0.9, ""bin_lo"": 0.8, ""confidence"": 0.0, ""n_samples"": 0}, {""accuracy"": 0.9710982658959537, ""bin_hi"": 1.0, ""bin_lo"": 0.9, ""confidence"": 0.9996006803881562, ""n_samples"": 173}], ""ece"": 0.01724327005501169}",0.06199999999989814,success,
elkan_noto,scar-pi0.1-scalemid,114,"{""base_estimator"": null, ""calibration_method"": ""sigmoid"", ""eps"": 1e-12, ""mode"": ""weighted_retraining"", ""n_cv_folds"": 5}",scar,0.1,0.5,0.5,True,0,,,0.7730735152140876,,,,,0.0885,False,-0.03900985425148995,0.8888888888888888,1.0,0.9984444444444445,0.9865,0.9283819628647215,0.9612320764737121,0.9823358337449027,0.9369444444444445,0.0121527390034254,0.012515224759951005,"{""buckets"": [{""accuracy"": 0.01155115511551155, ""bin_hi"": 0.1, ""bin_lo"": 0.0, ""confidence"": 0.00012705265796038992, ""n_samples"": 1818}, {""accuracy"": 1.0, ""bin_hi"": 0.2, ""bin_lo"": 0.1, ""confidence"": 0.15545077888249076, ""n_samples"": 1}, {""accuracy"": 0.5, ""bin_hi"": 0.30000000000000004, ""bin_lo"": 0.2, ""confidence"": 0.26680983260013774, ""n_samples"": 2}, {""accuracy"": 1.0, ""bin_hi"": 0.4, ""bin_lo"": 0.30000000000000004, ""confidence"": 0.392494209023987, ""n_samples"": 2}, {""accuracy"": 0.0, ""bin_hi"": 0.5, ""bin_lo"": 0.4, ""confidence"": 0.0, ""n_samples"": 0}, {""accuracy"": 0.5, ""bin_hi"": 0.6000000000000001, ""bin_lo"": 0.5, ""confidence"": 0.5759733239110655, ""n_samples"": 2}, {""accuracy"": 1.0, ""bin_hi"": 0.7000000000000001, ""bin_lo"": 0.6000000000000001, ""confidence"": 0.6282955266071372, ""n_samples"": 1}, {""accuracy"": 0.0, ""bin_hi"": 0.8, ""bin_lo"": 0.7000000000000001, ""confidence"": 0.0, ""n_samples"": 0}, {""accuracy"": 1.0, ""bin_hi"": 0.9, ""bin_lo"": 0.8, ""confidence"": 0.8618570136893751, ""n_samples"": 2}, {""accuracy"": 0.9941860465116279, ""bin_hi"": 1.0, ""bin_lo"": 0.9, ""confidence"": 0.9996253082579564, ""n_samples"": 172}], ""ece"": 0.012515224759951005}",0.04699999999957072,success,
elkan_noto,scar-pi0.1-scalemid,115,"{""base_estimator"": null, ""calibration_method"": ""sigmoid"", ""eps"": 1e-12, ""mode"": ""weighted_retraining"", ""n_cv_folds"": 5}",scar,0.1,0.5,0.5,True,0,,,0.7334414701808871,,,,,0.087,False,-0.03583739403903215,0.8878504672897196,1.0,0.9984027777777779,0.985,0.9197860962566845,0.9582673005810882,0.9877771987746664,0.9294444444444445,0.013866424933644754,0.014951016324111794,"{""buckets"": [{""accuracy"": 0.012087912087912088, ""bin_hi"": 0.1, ""bin_lo"": 0.0, ""confidence"": 4.856849930931359e-05, ""n_samples"": 1820}, {""accuracy"": 1.0, ""bin_hi"": 0.2, ""bin_lo"": 0.1, ""confidence"": 0.1410769577115456, ""n_samples"": 2}, {""accuracy"": 1.0, ""bin_hi"": 0.30000000000000004, ""bin_lo"": 0.2, ""confidence"": 0.2171502054222103, ""n_samples"": 1}, {""accuracy"": 1.0, ""bin_hi"": 0.4, ""bin_lo"": 0.30000000000000004, ""confidence"": 0.35339056842915006, ""n_samples"": 3}, {""accuracy"": 0.0, ""bin_hi"": 0.5, ""bin_lo"": 0.4, ""confidence"": 0.0, ""n_samples"": 0}, {""accuracy"": 1.0, ""bin_hi"": 0.6000000000000001, ""bin_lo"": 0.5, ""confidence"": 0.5609254945994686, ""n_samples"": 2}, {""accuracy"": 0.0, ""bin_hi"": 0.7000000000000001, ""bin_lo"": 0.6000000000000001, ""confidence"": 0.0, ""n_samples"": 0}, {""accuracy"": 1.0, ""bin_hi"": 0.8, ""bin_lo"": 0.7000000000000001, ""confidence"": 0.7588462433558105, ""n_samples"": 2}, {""accuracy"": 1.0, ""bin_hi"": 0.9, ""bin_lo"": 0.8, ""confidence"": 0.8631867221635469, ""n_samples"": 3}, {""accuracy"": 0.9880239520958084, ""bin_hi"": 1.0, ""bin_lo"": 0.9, ""confidence"": 0.9986766873383263, ""n_samples"": 167}], ""ece"": 0.014951016324111794}",0.04699999999957072,success,
elkan_noto,scar-pi0.1-scalemid,116,"{""base_estimator"": null, ""calibration_method"": ""sigmoid"", ""eps"": 1e-12, ""mode"": ""weighted_retraining"", ""n_cv_folds"": 5}",scar,0.1,0.5,0.5,True,0,,,0.7314429503600617,,,,,0.077,False,-0.012504317238667587,0.7676767676767676,0.9969828151646333,0.9987777777777778,0.977,0.8700564971751412,0.9589689637033141,0.9903132721532651,0.885,0.016759183961886377,0.02458506206132002,"{""buckets"": [{""accuracy"": 0.006107717934480844, ""bin_hi"": 0.1, ""bin_lo"": 0.0, ""confidence"": 0.0022499325712388527, ""n_samples"": 1801}, {""accuracy"": 0.6, ""bin_hi"": 0.2, ""bin_lo"": 0.1, ""confidence"": 0.1537432669850028, ""n_samples"": 15}, {""accuracy"": 0.7272727272727273, ""bin_hi"": 0.30000000000000004, ""bin_lo"": 0.2, ""confidence"": 0.23356422035655153, ""n_samples"": 11}, {""accuracy"": 1.0, ""bin_hi"": 0.4, ""bin_lo"": 0.30000000000000004, ""confidence"": 0.3405751889114477, ""n_samples"": 9}, {""accuracy"": 0.9, ""bin_hi"": 0.5, ""bin_lo"": 0.4, ""confidence"": 0.4546235984979877, ""n_samples"": 10}, {""accuracy"": 1.0, ""bin_hi"": 0.6000000000000001, ""bin_lo"": 0.5, ""confidence"": 0.5441676482838605, ""n_samples"": 11}, {""accuracy"": 1.0, ""bin_hi"": 0.7000000000000001, ""bin_lo"": 0.6000000000000001, ""confidence"": 0.6678644486592146, ""n_samples"": 12}, {""accuracy"": 1.0, ""bin_hi"": 0.8, ""bin_lo"": 0.7000000000000001, ""confidence"": 0.7395267728480198, ""n_samples"": 15}, {""accuracy"": 1.0, ""bin_hi"": 0.9, ""bin_lo"": 0.8, ""confidence"": 0.857157287202268, ""n_samples"": 32}, {""accuracy"": 1.0, ""bin_hi"": 1.0, ""bin_lo"": 0.9, ""confidence"": 0.9734384155292006, ""n_samples"": 84}], ""ece"": 0.02458506206132002}",0.04699999999957072,success,
elkan_noto,scar-pi0.1-scalemid,117,"{""base_estimator"": null, ""calibration_method"": ""sigmoid"", ""eps"": 1e-12, ""mode"": ""weighted_retraining"", ""n_cv_folds"": 5}",scar,0.1,0.5,0.5,True,0,,,0.7187785724772198,,,,,0.0725,False,-0.015267808289678275,0.7628865979381443,1.0,0.9977166666666666,0.9715,0.8347826086956521,0.9626904887020494,0.9835221641199119,0.8597222222222223,0.019141213479970713,0.026725007936385,"{""buckets"": [{""accuracy"": 0.005022321428571429, ""bin_hi"": 0.1, ""bin_lo"": 0.0, ""confidence"": 0.003336216072297934, ""n_samples"": 1792}, {""accuracy"": 0.35294117647058826, ""bin_hi"": 0.2, ""bin_lo"": 0.1, ""confidence"": 0.1433427667236573, ""n_samples"": 17}, {""accuracy"": 0.9285714285714286, ""bin_hi"": 0.30000000000000004, ""bin_lo"": 0.2, ""confidence"": 0.25257452373432615, ""n_samples"": 14}, {""accuracy"": 0.9047619047619048, ""bin_hi"": 0.4, ""bin_lo"": 0.30000000000000004, ""confidence"": 0.3449273912987773, ""n_samples"": 21}, {""accuracy"": 0.8181818181818182, ""bin_hi"": 0.5, ""bin_lo"": 0.4, ""confidence"": 0.4363756458155844, ""n_samples"": 11}, {""accuracy"": 0.9166666666666666, ""bin_hi"": 0.6000000000000001, ""bin_lo"": 0.5, ""confidence"": 0.5585260644596278, ""n_samples"": 12}, {""accuracy"": 1.0, ""bin_hi"": 0.7000000000000001, ""bin_lo"": 0.6000000000000001, ""confidence"": 0.6473306377738717, ""n_samples"": 18}, {""accuracy"": 1.0, ""bin_hi"": 0.8, ""bin_lo"": 0.7000000000000001, ""confidence"": 0.7485077445939253, ""n_samples"": 16}, {""accuracy"": 1.0, ""bin_hi"": 0.9, ""bin_lo"": 0.8, ""confidence"": 0.8539741856283833, ""n_samples"": 29}, {""accuracy"": 1.0, ""bin_hi"": 1.0, ""bin_lo"": 0.9, ""confidence"": 0.9637052526810352, ""n_samples"": 70}], ""ece"": 0.026725007936385}",0.06300000000010186,success,
elkan_noto,scar-pi0.1-scalemid,118,"{""base_estimator"": null, ""calibration_method"": ""sigmoid"", ""eps"": 1e-12, ""mode"": ""weighted_retraining"", ""n_cv_folds"": 5}",scar,0.1,0.5,0.5,True,0,,,0.7524284109156286,,,,,0.077,False,-0.031144218515694183,0.8349514563106796,1.0,0.9992277777777778,0.977,0.8700564971751412,0.9641539272535582,0.9935445230261111,0.885,0.016506720417603205,0.02508145722317694,"{""buckets"": [{""accuracy"": 0.0038975501113585748, ""bin_hi"": 0.1, ""bin_lo"": 0.0, ""confidence"": 0.002524087293078112, ""n_samples"": 1796}, {""accuracy"": 0.55, ""bin_hi"": 0.2, ""bin_lo"": 0.1, ""confidence"": 0.151833170687181, ""n_samples"": 20}, {""accuracy"": 0.8888888888888888, ""bin_hi"": 0.30000000000000004, ""bin_lo"": 0.2, ""confidence"": 0.25499399941736495, ""n_samples"": 9}, {""accuracy"": 0.9090909090909091, ""bin_hi"": 0.4, ""bin_lo"": 0.30000000000000004, ""confidence"": 0.345791380200061, ""n_samples"": 11}, {""accuracy"": 1.0, ""bin_hi"": 0.5, ""bin_lo"": 0.4, ""confidence"": 0.45681915141433455, ""n_samples"": 10}, {""accuracy"": 1.0, ""bin_hi"": 0.6000000000000001, ""bin_lo"": 0.5, ""confidence"": 0.5405077868869885, ""n_samples"": 15}, {""accuracy"": 1.0, ""bin_hi"": 0.7000000000000001, ""bin_lo"": 0.6000000000000001, ""confidence"": 0.6475148307315334, ""n_samples"": 12}, {""accuracy"": 1.0, ""bin_hi"": 0.8, ""bin_lo"": 0.7000000000000001, ""confidence"": 0.7481669066923746, ""n_samples"": 17}, {""accuracy"": 1.0, ""bin_hi"": 0.9, ""bin_lo"": 0.8, ""confidence"": 0.8562005777834804, ""n_samples"": 31}, {""accuracy"": 1.0, ""bin_hi"": 1.0, ""bin_lo"": 0.9, ""confidence"": 0.9678666908011699, ""n_samples"": 79}], ""ece"": 0.02508145722317694}",0.04699999999957072,success,
elkan_noto,scar-pi0.1-scalemid,119,"{""base_estimator"": null, ""calibration_method"": ""sigmoid"", ""eps"": 1e-12, ""mode"": ""weighted_retraining"", ""n_cv_folds"": 5}",scar,0.1,0.5,0.5,True,0,,,0.7116910929486091,,,,,0.078,False,-0.020635446884928854,0.8105263157894737,1.0,0.9983333333333333,0.978,0.8764044943820225,0.9585301837270341,0.9878442015391175,0.89,0.016616156841726158,0.02210072880223525,"{""buckets"": [{""accuracy"": 0.008291873963515755, ""bin_hi"": 0.1, ""bin_lo"": 0.0, ""confidence"": 0.0008869857533161047, ""n_samples"": 1809}, {""accuracy"": 0.6666666666666666, ""bin_hi"": 0.2, ""bin_lo"": 0.1, ""confidence"": 0.14330501587665742, ""n_samples"": 12}, {""accuracy"": 1.0, ""bin_hi"": 0.30000000000000004, ""bin_lo"": 0.2, ""confidence"": 0.24352610533995336, ""n_samples"": 11}, {""accuracy"": 0.8333333333333334, ""bin_hi"": 0.4, ""bin_lo"": 0.30000000000000004, ""confidence"": 0.3532636656800885, ""n_samples"": 6}, {""accuracy"": 0.8333333333333334, ""bin_hi"": 0.5, ""bin_lo"": 0.4, ""confidence"": 0.4480397855342002, ""n_samples"": 6}, {""accuracy"": 1.0, ""bin_hi"": 0.6000000000000001, ""bin_lo"": 0.5, ""confidence"": 0.5412204058093975, ""n_samples"": 5}, {""accuracy"": 1.0, ""bin_hi"": 0.7000000000000001, ""bin_lo"": 0.6000000000000001, ""confidence"": 0.6685549349380433, ""n_samples"": 8}, {""accuracy"": 1.0, ""bin_hi"": 0.8, ""bin_lo"": 0.7000000000000001, ""confidence"": 0.7412582451963123, ""n_samples"": 8}, {""accuracy"": 1.0, ""bin_hi"": 0.9, ""bin_lo"": 0.8, ""confidence"": 0.8370779648158908, ""n_samples"": 14}, {""accuracy"": 1.0, ""bin_hi"": 1.0, ""bin_lo"": 0.9, ""confidence"": 0.9858183316833987, ""n_samples"": 121}], ""ece"": 0.02210072880223525}",0.04699999999957072,success,
elkan_noto,scar-pi0.3-scalesmall,100,"{""base_estimator"": null, ""calibration_method"": ""sigmoid"", ""eps"": 1e-12, ""mode"": ""weighted_retraining"", ""n_cv_folds"": 5}",scar,0.3,0.5,0.5,True,0,,,0.589699925624212,,,,,0.2825,False,-0.07283726557773745,0.9137931034482759,0.9703997558742753,0.9991071428571429,0.9775,0.9613733905579399,0.8245614035087719,0.9979459250859382,0.9648809523809524,0.019411167429662684,0.022700786130410988,"{""buckets"": [{""accuracy"": 0.02112676056338028, ""bin_hi"": 0.1, ""bin_lo"": 0.0, ""confidence"": 0.00021546767545475244, ""n_samples"": 284}, {""accuracy"": 0.0, ""bin_hi"": 0.2, ""bin_lo"": 0.1, ""confidence"": 0.14052923907622847, ""n_samples"": 1}, {""accuracy"": 1.0, ""bin_hi"": 0.30000000000000004, ""bin_lo"": 0.2, ""confidence"": 0.27580099811514514, ""n_samples"": 1}, {""accuracy"": 1.0, ""bin_hi"": 0.4, ""bin_lo"": 0.30000000000000004, ""confidence"": 0.3276577118249422, ""n_samples"": 1}, {""accuracy"": 0.0, ""bin_hi"": 0.5, ""bin_lo"": 0.4, ""confidence"": 0.0, ""n_samples"": 0}, {""accuracy"": 1.0, ""bin_hi"": 0.6000000000000001, ""bin_lo"": 0.5, ""confidence"": 0.5342760409324008, ""n_samples"": 2}, {""accuracy"": 0.0, ""bin_hi"": 0.7000000000000001, ""bin_lo"": 0.6000000000000001, ""confidence"": 0.6342553116219102, ""n_samples"": 1}, {""accuracy"": 0.0, ""bin_hi"": 0.8, ""bin_lo"": 0.7000000000000001, ""confidence"": 0.0, ""n_samples"": 0}, {""accuracy"": 0.0, ""bin_hi"": 0.9, ""bin_lo"": 0.8, ""confidence"": 0.0, ""n_samples"": 0}, {""accuracy"": 1.0, ""bin_hi"": 1.0, ""bin_lo"": 0.9, ""confidence"": 0.9996478771536337, ""n_samples"": 110}], ""ece"": 0.022700786130410988}",0.04699999999957072,success,
elkan_noto,scar-pi0.3-scalesmall,101,"{""base_estimator"": null, ""calibration_method"": ""sigmoid"", ""eps"": 1e-12, ""mode"": ""weighted_retraining"", ""n_cv_folds"": 5}",scar,0.3,0.5,0.5,True,0,,,0.612299295465384,,,,,0.275,False,-0.11411764705882352,0.95,1.0,0.9940178571428572,0.96,0.9304347826086956,0.8441176470588235,0.9881601396202158,0.9404761904761905,0.03355284712221995,0.03439616524664897,"{""buckets"": [{""accuracy"": 0.031578947368421054, ""bin_hi"": 0.1, ""bin_lo"": 0.0, ""confidence"": 0.0006261650161594241, ""n_samples"": 285}, {""accuracy"": 1.0, ""bin_hi"": 0.2, ""bin_lo"": 0.1, ""confidence"": 0.13822731756841816, ""n_samples"": 2}, {""accuracy"": 0.0, ""bin_hi"": 0.30000000000000004, ""bin_lo"": 0.2, ""confidence"": 0.0, ""n_samples"": 0}, {""accuracy"": 0.0, ""bin_hi"": 0.4, ""bin_lo"": 0.30000000000000004, ""confidence"": 0.3143204777899861, ""n_samples"": 1}, {""accuracy"": 1.0, ""bin_hi"": 0.5, ""bin_lo"": 0.4, ""confidence"": 0.45139776787901903, ""n_samples"": 2}, {""accuracy"": 0.5, ""bin_hi"": 0.6000000000000001, ""bin_lo"": 0.5, ""confidence"": 0.5115197244085212, ""n_samples"": 2}, {""accuracy"": 0.0, ""bin_hi"": 0.7000000000000001, ""bin_lo"": 0.6000000000000001, ""confidence"": 0.0, ""n_samples"": 0}, {""accuracy"": 0.0, ""bin_hi"": 0.8, ""bin_lo"": 0.7000000000000001, ""confidence"": 0.0, ""n_samples"": 0}, {""accuracy"": 0.0, ""bin_hi"": 0.9, ""bin_lo"": 0.8, ""confidence"": 0.0, ""n_samples"": 0}, {""accuracy"": 0.9814814814814815, ""bin_hi"": 1.0, ""bin_lo"": 0.9, ""confidence"": 0.9979519756717858, ""n_samples"": 108}], ""ece"": 0.03439616524664897}",0.032000000000152795,success,
elkan_noto,scar-pi0.3-scalesmall,102,"{""base_estimator"": null, ""calibration_method"": ""sigmoid"", ""eps"": 1e-12, ""mode"": ""weighted_retraining"", ""n_cv_folds"": 5}",scar,0.3,0.5,0.5,True,0,,,0.5910402152680299,,,,,0.245,False,-0.03728590250329378,0.8181818181818182,1.0,0.9907738095238094,0.935,0.8807339449541285,0.8463768115942029,0.9831962083807405,0.8964285714285715,0.04458566315704792,0.05447961749265454,"{""buckets"": [{""accuracy"": 0.011152416356877323, ""bin_hi"": 0.1, ""bin_lo"": 0.0, ""confidence"": 0.009064634825285293, ""n_samples"": 269}, {""accuracy"": 0.4375, ""bin_hi"": 0.2, ""bin_lo"": 0.1, ""confidence"": 0.14446422380645013, ""n_samples"": 16}, {""accuracy"": 0.6, ""bin_hi"": 0.30000000000000004, ""bin_lo"": 0.2, ""confidence"": 0.2562879166482829, ""n_samples"": 5}, {""accuracy"": 0.8571428571428571, ""bin_hi"": 0.4, ""bin_lo"": 0.30000000000000004, ""confidence"": 0.3528686449688016, ""n_samples"": 7}, {""accuracy"": 1.0, ""bin_hi"": 0.5, ""bin_lo"": 0.4, ""confidence"": 0.4387851646758974, ""n_samples"": 5}, {""accuracy"": 0.8, ""bin_hi"": 0.6000000000000001, ""bin_lo"": 0.5, ""confidence"": 0.5487656586384093, ""n_samples"": 5}, {""accuracy"": 1.0, ""bin_hi"": 0.7000000000000001, ""bin_lo"": 0.6000000000000001, ""confidence"": 0.6482667955219048, ""n_samples"": 7}, {""accuracy"": 0.8888888888888888, ""bin_hi"": 0.8, ""bin_lo"": 0.7000000000000001, ""confidence"": 0.7558392561369227, ""n_samples"": 9}, {""accuracy"": 1.0, ""bin_hi"": 0.9, ""bin_lo"": 0.8, ""confidence"": 0.8541480593106351, ""n_samples"": 16}, {""accuracy"": 1.0, ""bin_hi"": 1.0, ""bin_lo"": 0.9, ""confidence"": 0.9797094199439816, ""n_samples"": 61}], ""ece"": 0.05447961749265454}",0.04700000000048021,success,
elkan_noto,scar-pi0.3-scalesmall,103,"{""base_estimator"": null, ""calibration_method"": ""sigmoid"", ""eps"": 1e-12, ""mode"": ""weighted_retraining"", ""n_cv_folds"": 5}",scar,0.3,0.5,0.5,True,0,,,0.6588314176915617,,,,,0.3075,False,-0.12514120583212923,0.9855072463768116,0.9614704842700601,0.9988392857142857,0.9775,0.9629629629629629,0.8338368580060423,0.9974056550106823,0.9767857142857143,0.019210767545348437,0.02085948062288405,"{""buckets"": [{""accuracy"": 0.007246376811594203, ""bin_hi"": 0.1, ""bin_lo"": 0.0, ""confidence"": 0.0002516344242542823, ""n_samples"": 276}, {""accuracy"": 0.0, ""bin_hi"": 0.2, ""bin_lo"": 0.1, ""confidence"": 0.0, ""n_samples"": 0}, {""accuracy"": 0.0, ""bin_hi"": 0.30000000000000004, ""bin_lo"": 0.2, ""confidence"": 0.0, ""n_samples"": 0}, {""accuracy"": 1.0, ""bin_hi"": 0.4, ""bin_lo"": 0.30000000000000004, ""confidence"": 0.3830800722353855, ""n_samples"": 1}, {""accuracy"": 0.0, ""bin_hi"": 0.5, ""bin_lo"": 0.4, ""confidence"": 0.0, ""n_samples"": 0}, {""accuracy"": 0.0, ""bin_hi"": 0.6000000000000001, ""bin_lo"": 0.5, ""confidence"": 0.5308607452970666, ""n_samples"": 1}, {""accuracy"": 1.0, ""bin_hi"": 0.7000000000000001, ""bin_lo"": 0.6000000000000001, ""confidence"": 0.6809394637558475, ""n_samples"": 1}, {""accuracy"": 0.0, ""bin_hi"": 0.8, ""bin_lo"": 0.7000000000000001, ""confidence"": 0.0, ""n_samples"": 0}, {""accuracy"": 0.0, ""bin_hi"": 0.9, ""bin_lo"": 0.8, ""confidence"": 0.0, ""n_samples"": 0}, {""accuracy"": 0.9586776859504132, ""bin_hi"": 1.0, ""bin_lo"": 0.9, ""confidence"": 0.9995570424871237, ""n_samples"": 121}], ""ece"": 0.02085948062288405}",0.04700000000048021,success,
elkan_noto,scar-pi0.3-scalesmall,104,"{""base_estimator"": null, ""calibration_method"": ""sigmoid"", ""eps"": 1e-12, ""mode"": ""weighted_retraining"", ""n_cv_folds"": 5}",scar,0.3,0.5,0.5,True,0,,,0.6594657094640025,,,,,0.2775,False,-0.12603903559127438,0.9538461538461539,1.0,0.9965773809523809,0.9625,0.935064935064935,0.8537313432835821,0.99244843063464,0.9446428571428571,0.03225021597873272,0.03603859751527504,"{""buckets"": [{""accuracy"": 0.03169014084507042, ""bin_hi"": 0.1, ""bin_lo"": 0.0, ""confidence"": 9.75949986456103e-05, ""n_samples"": 284}, {""accuracy"": 1.0, ""bin_hi"": 0.2, ""bin_lo"": 0.1, ""confidence"": 0.1576415183886039, ""n_samples"": 1}, {""accuracy"": 1.0, ""bin_hi"": 0.30000000000000004, ""bin_lo"": 0.2, ""confidence"": 0.2807627042929776, ""n_samples"": 2}, {""accuracy"": 0.0, ""bin_hi"": 0.4, ""bin_lo"": 0.30000000000000004, ""confidence"": 0.0, ""n_samples"": 0}, {""accuracy"": 0.0, ""bin_hi"": 0.5, ""bin_lo"": 0.4, ""confidence"": 0.4512675546933438, ""n_samples"": 2}, {""accuracy"": 0.0, ""bin_hi"": 0.6000000000000001, ""bin_lo"": 0.5, ""confidence"": 0.0, ""n_samples"": 0}, {""accuracy"": 0.0, ""bin_hi"": 0.7000000000000001, ""bin_lo"": 0.6000000000000001, ""confidence"": 0.6545255080069031, ""n_samples"": 2}, {""accuracy"": 0.0, ""bin_hi"": 0.8, ""bin_lo"": 0.7000000000000001, ""confidence"": 0.0, ""n_samples"": 0}, {""accuracy"": 0.0, ""bin_hi"": 0.9, ""bin_lo"": 0.8, ""confidence"": 0.0, ""n_samples"": 0}, {""accuracy"": 0.9908256880733946, ""bin_hi"": 1.0, ""bin_lo"": 0.9, ""confidence"": 0.9995480439201784, ""n_samples"": 109}], ""ece"": 0.03603859751527504}",0.04699999999957072,success,
elkan_noto,scar-pi0.3-scalesmall,105,"{""base_estimator"": null, ""calibration_method"": ""sigmoid"", ""eps"": 1e-12, ""mode"": ""weighted_retraining"", ""n_cv_folds"": 5}",scar,0.3,0.5,0.5,True,0,,,0.5658780776167376,,,,,0.2925,False,-0.09352941176470586,0.95,0.9743589743589743,0.9954166666666666,0.9725,0.9535864978902954,0.8235294117647058,0.9903595642747544,0.9636904761904762,0.021244540268777534,0.013419622585731133,"{""buckets"": [{""accuracy"": 0.007518796992481203, ""bin_hi"": 0.1, ""bin_lo"": 0.0, ""confidence"": 0.006073531187370758, ""n_samples"": 266}, {""accuracy"": 0.2, ""bin_hi"": 0.2, ""bin_lo"": 0.1, ""confidence"": 0.13217005389432313, ""n_samples"": 10}, {""accuracy"": 0.5, ""bin_hi"": 0.30000000000000004, ""bin_lo"": 0.2, ""confidence"": 0.26114777904418596, ""n_samples"": 4}, {""accuracy"": 0.0, ""bin_hi"": 0.4, ""bin_lo"": 0.30000000000000004, ""confidence"": 0.3622906281496627, ""n_samples"": 2}, {""accuracy"": 1.0, ""bin_hi"": 0.5, ""bin_lo"": 0.4, ""confidence"": 0.4141212845867991, ""n_samples"": 1}, {""accuracy"": 0.6666666666666666, ""bin_hi"": 0.6000000000000001, ""bin_lo"": 0.5, ""confidence"": 0.5483425013320754, ""n_samples"": 3}, {""accuracy"": 0.5, ""bin_hi"": 0.7000000000000001, ""bin_lo"": 0.6000000000000001, ""confidence"": 0.6179134422695428, ""n_samples"": 2}, {""accuracy"": 0.75, ""bin_hi"": 0.8, ""bin_lo"": 0.7000000000000001, ""confidence"": 0.7570226645162557, ""n_samples"": 4}, {""accuracy"": 1.0, ""bin_hi"": 0.9, ""bin_lo"": 0.8, ""confidence"": 0.866681548323319, ""n_samples"": 7}, {""accuracy"": 0.9900990099009901, ""bin_hi"": 1.0, ""bin_lo"": 0.9, ""confidence"": 0.9852760315525161, ""n_samples"": 101}], ""ece"": 0.013419622585731133}",0.04699999999957072,success,
elkan_noto,scar-pi0.3-scalesmall,106,"{""base_estimator"": null, ""calibration_method"": ""sigmoid"", ""eps"": 1e-12, ""mode"": ""weighted_retraining"", ""n_cv_folds"": 5}",scar,0.3,0.5,0.5,True,0,,,0.6459140324383992,,,,,0.2725,False,-0.08513075014315707,0.9032258064516129,0.9943770346256287,0.9981249999999999,0.9725,0.9519650655021834,0.8431952662721893,0.9961225302297786,0.9541666666666666,0.029530084570640623,0.05416182711698504,"{""buckets"": [{""accuracy"": 0.007407407407407408, ""bin_hi"": 0.1, ""bin_lo"": 0.0, ""confidence"": 0.007648377816709813, ""n_samples"": 270}, {""accuracy"": 0.25, ""bin_hi"": 0.2, ""bin_lo"": 0.1, ""confidence"": 0.15923352486792883, ""n_samples"": 12}, {""accuracy"": 0.25, ""bin_hi"": 0.30000000000000004, ""bin_lo"": 0.2, ""confidence"": 0.2532661168391878, ""n_samples"": 4}, {""accuracy"": 1.0, ""bin_hi"": 0.4, ""bin_lo"": 0.30000000000000004, ""confidence"": 0.34268505460644677, ""n_samples"": 3}, {""accuracy"": 1.0, ""bin_hi"": 0.5, ""bin_lo"": 0.4, ""confidence"": 0.4518478991925599, ""n_samples"": 2}, {""accuracy"": 1.0, ""bin_hi"": 0.6000000000000001, ""bin_lo"": 0.5, ""confidence"": 0.5365444423664714, ""n_samples"": 10}, {""accuracy"": 1.0, ""bin_hi"": 0.7000000000000001, ""bin_lo"": 0.6000000000000001, ""confidence"": 0.6370112871977249, ""n_samples"": 8}, {""accuracy"": 1.0, ""bin_hi"": 0.8, ""bin_lo"": 0.7000000000000001, ""confidence"": 0.7542333564489875, ""n_samples"": 20}, {""accuracy"": 1.0, ""bin_hi"": 0.9, ""bin_lo"": 0.8, ""confidence"": 0.8570289311627979, ""n_samples"": 20}, {""accuracy"": 1.0, ""bin_hi"": 1.0, ""bin_lo"": 0.9, ""confidence"": 0.9585110175876972, ""n_samples"": 51}], ""ece"": 0.05416182711698504}",0.04700000000048021,success,
elkan_noto,scar-pi0.3-scalesmall,107,"{""base_estimator"": null, ""calibration_method"": ""sigmoid"", ""eps"": 1e-12, ""mode"": ""weighted_retraining"", ""n_cv_folds"": 5}",scar,0.3,0.5,0.5,True,0,,,0.579746179257293,,,,,0.2225,False,-0.07613636363636361,0.8541666666666666,1.0,0.9981547619047619,0.9225,0.8516746411483254,0.8636363636363636,0.9960966325301144,0.8708333333333333,0.048059064119771885,0.08117722452161254,"{""buckets"": [{""accuracy"": 0.014285714285714285, ""bin_hi"": 0.1, ""bin_lo"": 0.0, ""confidence"": 0.0075822174252716205, ""n_samples"": 280}, {""accuracy"": 0.42857142857142855, ""bin_hi"": 0.2, ""bin_lo"": 0.1, ""confidence"": 0.131536949712497, ""n_samples"": 7}, {""accuracy"": 1.0, ""bin_hi"": 0.30000000000000004, ""bin_lo"": 0.2, ""confidence"": 0.2766947962367652, ""n_samples"": 1}, {""accuracy"": 1.0, ""bin_hi"": 0.4, ""bin_lo"": 0.30000000000000004, ""confidence"": 0.334204958415116, ""n_samples"": 10}, {""accuracy"": 1.0, ""bin_hi"": 0.5, ""bin_lo"": 0.4, ""confidence"": 0.44746682289965123, ""n_samples"": 13}, {""accuracy"": 1.0, ""bin_hi"": 0.6000000000000001, ""bin_lo"": 0.5, ""confidence"": 0.5431985964960165, ""n_samples"": 11}, {""accuracy"": 1.0, ""bin_hi"": 0.7000000000000001, ""bin_lo"": 0.6000000000000001, ""confidence"": 0.6429527372805602, ""n_samples"": 8}, {""accuracy"": 1.0, ""bin_hi"": 0.8, ""bin_lo"": 0.7000000000000001, ""confidence"": 0.7518584135271105, ""n_samples"": 8}, {""accuracy"": 1.0, ""bin_hi"": 0.9, ""bin_lo"": 0.8, ""confidence"": 0.8626096606609738, ""n_samples"": 17}, {""accuracy"": 1.0, ""bin_hi"": 1.0, ""bin_lo"": 0.9, ""confidence"": 0.9611439908234213, ""n_samples"": 45}], ""ece"": 0.08117722452161254}",0.046000000000276486,success,
elkan_noto,scar-pi0.3-scalesmall,108,"{""base_estimator"": null, ""calibration_method"": ""sigmoid"", ""eps"": 1e-12, ""mode"": ""weighted_retraining"", ""n_cv_folds"": 5}",scar,0.3,0.5,0.5,True,0,,,0.6060090509670018,,,,,0.2375,False,-0.10437665782493366,0.9038461538461539,1.0,0.9991369047619048,0.9375,0.8837209302325582,0.8620689655172413,0.9982750896057347,0.8958333333333333,0.049374349712670525,0.060600018479417025,"{""buckets"": [{""accuracy"": 0.047619047619047616, ""bin_hi"": 0.1, ""bin_lo"": 0.0, ""confidence"": 0.00034702566355199703, ""n_samples"": 294}, {""accuracy"": 1.0, ""bin_hi"": 0.2, ""bin_lo"": 0.1, ""confidence"": 0.14493164203490885, ""n_samples"": 2}, {""accuracy"": 1.0, ""bin_hi"": 0.30000000000000004, ""bin_lo"": 0.2, ""confidence"": 0.2781809689529097, ""n_samples"": 3}, {""accuracy"": 1.0, ""bin_hi"": 0.4, ""bin_lo"": 0.30000000000000004, ""confidence"": 0.34482144548589494, ""n_samples"": 3}, {""accuracy"": 1.0, ""bin_hi"": 0.5, ""bin_lo"": 0.4, ""confidence"": 0.46788294287943616, ""n_samples"": 3}, {""accuracy"": 1.0, ""bin_hi"": 0.6000000000000001, ""bin_lo"": 0.5, ""confidence"": 0.5723514146355839, ""n_samples"": 2}, {""accuracy"": 1.0, ""bin_hi"": 0.7000000000000001, ""bin_lo"": 0.6000000000000001, ""confidence"": 0.6981731250292893, ""n_samples"": 1}, {""accuracy"": 1.0, ""bin_hi"": 0.8, ""bin_lo"": 0.7000000000000001, ""confidence"": 0.7578632665565207, ""n_samples"": 4}, {""accuracy"": 1.0, ""bin_hi"": 0.9, ""bin_lo"": 0.8, ""confidence"": 0.8336078425262443, ""n_samples"": 2}, {""accuracy"": 1.0, ""bin_hi"": 1.0, ""bin_lo"": 0.9, ""confidence"": 0.9948128255993643, ""n_samples"": 86}], ""ece"": 0.060600018479417025}",0.06300000000010186,success,
elkan_noto,scar-pi0.3-scalesmall,109,"{""base_estimator"": null, ""calibration_method"": ""sigmoid"", ""eps"": 1e-12, ""mode"": ""weighted_retraining"", ""n_cv_folds"": 5}",scar,0.3,0.5,0.5,True,0,,,0.6898768863511676,,,,,0.26,False,-0.11713952758728877,0.9104477611940298,1.0,0.9933630952380952,0.955,0.9196428571428571,0.8708708708708709,0.988233786549473,0.9273809523809524,0.038735919635250936,0.04493743876152735,"{""buckets"": [{""accuracy"": 0.038461538461538464, ""bin_hi"": 0.1, ""bin_lo"": 0.0, ""confidence"": 0.0010200991439284746, ""n_samples"": 286}, {""accuracy"": 0.6666666666666666, ""bin_hi"": 0.2, ""bin_lo"": 0.1, ""confidence"": 0.16419059748722817, ""n_samples"": 3}, {""accuracy"": 1.0, ""bin_hi"": 0.30000000000000004, ""bin_lo"": 0.2, ""confidence"": 0.24626606535457957, ""n_samples"": 1}, {""accuracy"": 0.6666666666666666, ""bin_hi"": 0.4, ""bin_lo"": 0.30000000000000004, ""confidence"": 0.3617000850561174, ""n_samples"": 3}, {""accuracy"": 0.3333333333333333, ""bin_hi"": 0.5, ""bin_lo"": 0.4, ""confidence"": 0.4361277577074157, ""n_samples"": 3}, {""accuracy"": 0.6666666666666666, ""bin_hi"": 0.6000000000000001, ""bin_lo"": 0.5, ""confidence"": 0.553951521076027, ""n_samples"": 3}, {""accuracy"": 1.0, ""bin_hi"": 0.7000000000000001, ""bin_lo"": 0.6000000000000001, ""confidence"": 0.6722361409221148, ""n_samples"": 1}, {""accuracy"": 1.0, ""bin_hi"": 0.8, ""bin_lo"": 0.7000000000000001, ""confidence"": 0.7445416878409408, ""n_samples"": 8}, {""accuracy"": 1.0, ""bin_hi"": 0.9, ""bin_lo"": 0.8, ""confidence"": 0.8375536631383765, ""n_samples"": 4}, {""accuracy"": 1.0, ""bin_hi"": 1.0, ""bin_lo"": 0.9, ""confidence"": 0.9951941186469536, ""n_samples"": 88}], ""ece"": 0.04493743876152735}",0.04699999999957072,success,
elkan_noto,scar-pi0.3-scalesmall,110,"{""base_estimator"": null, ""calibration_method"": ""sigmoid"", ""eps"": 1e-12, ""mode"": ""weighted_retraining"", ""n_cv_folds"": 5}",scar,0.3,0.5,0.5,True,0,,,0.6538905850966623,,,,,0.2625,False,-0.10042390843577786,0.9047619047619048,1.0,0.994345238095238,0.9575,0.9244444444444444,0.857566765578635,0.9891803451236969,0.9315476190476191,0.03370702680150459,0.04563023990155777,"{""buckets"": [{""accuracy"": 0.018050541516245487, ""bin_hi"": 0.1, ""bin_lo"": 0.0, ""confidence"": 0.003458577436751653, ""n_samples"": 277}, {""accuracy"": 0.5, ""bin_hi"": 0.2, ""bin_lo"": 0.1, ""confidence"": 0.14882276204950406, ""n_samples"": 8}, {""accuracy"": 0.75, ""bin_hi"": 0.30000000000000004, ""bin_lo"": 0.2, ""confidence"": 0.2383926129376495, ""n_samples"": 4}, {""accuracy"": 0.5, ""bin_hi"": 0.4, ""bin_lo"": 0.30000000000000004, ""confidence"": 0.3342269704267333, ""n_samples"": 4}, {""accuracy"": 1.0, ""bin_hi"": 0.5, ""bin_lo"": 0.4, ""confidence"": 0.4199801242637688, ""n_samples"": 2}, {""accuracy"": 0.5, ""bin_hi"": 0.6000000000000001, ""bin_lo"": 0.5, ""confidence"": 0.5399420585187269, ""n_samples"": 2}, {""accuracy"": 1.0, ""bin_hi"": 0.7000000000000001, ""bin_lo"": 0.6000000000000001, ""confidence"": 0.651326471341881, ""n_samples"": 6}, {""accuracy"": 1.0, ""bin_hi"": 0.8, ""bin_lo"": 0.7000000000000001, ""confidence"": 0.7715758405110773, ""n_samples"": 8}, {""accuracy"": 1.0, ""bin_hi"": 0.9, ""bin_lo"": 0.8, ""confidence"": 0.8475593104820017, ""n_samples"": 12}, {""accuracy"": 1.0, ""bin_hi"": 1.0, ""bin_lo"": 0.9, ""confidence"": 0.9778891461055729, ""n_samples"": 77}], ""ece"": 0.04563023990155777}",0.04699999999957072,success,
elkan_noto,scar-pi0.3-scalesmall,111,"{""base_estimator"": null, ""calibration_method"": ""sigmoid"", ""eps"": 1e-12, ""mode"": ""weighted_retraining"", ""n_cv_folds"": 5}",scar,0.3,0.5,0.5,True,0,,,0.6181396919300265,,,,,0.255,False,-0.047058823529411764,0.8333333333333334,0.9803921568627451,0.9976190476190476,0.955,0.918918918918919,0.8470588235294118,0.9949638278295172,0.925,0.028932925175589447,0.0431717347433498,"{""buckets"": [{""accuracy"": 0.011029411764705883, ""bin_hi"": 0.1, ""bin_lo"": 0.0, ""confidence"": 0.00485960185029608, ""n_samples"": 272}, {""accuracy"": 0.3, ""bin_hi"": 0.2, ""bin_lo"": 0.1, ""confidence"": 0.13569153062751466, ""n_samples"": 10}, {""accuracy"": 0.42857142857142855, ""bin_hi"": 0.30000000000000004, ""bin_lo"": 0.2, ""confidence"": 0.24607889815369863, ""n_samples"": 7}, {""accuracy"": 1.0, ""bin_hi"": 0.4, ""bin_lo"": 0.30000000000000004, ""confidence"": 0.3287126796793198, ""n_samples"": 2}, {""accuracy"": 1.0, ""bin_hi"": 0.5, ""bin_lo"": 0.4, ""confidence"": 0.4600247090566, ""n_samples"": 7}, {""accuracy"": 1.0, ""bin_hi"": 0.6000000000000001, ""bin_lo"": 0.5, ""confidence"": 0.5549302656157851, ""n_samples"": 1}, {""accuracy"": 1.0, ""bin_hi"": 0.7000000000000001, ""bin_lo"": 0.6000000000000001, ""confidence"": 0.6357976129467678, ""n_samples"": 3}, {""accuracy"": 1.0, ""bin_hi"": 0.8, ""bin_lo"": 0.7000000000000001, ""confidence"": 0.7633951409555263, ""n_samples"": 10}, {""accuracy"": 1.0, ""bin_hi"": 0.9, ""bin_lo"": 0.8, ""confidence"": 0.8485903489857952, ""n_samples"": 13}, {""accuracy"": 1.0, ""bin_hi"": 1.0, ""bin_lo"": 0.9, ""confidence"": 0.9776597257659597, ""n_samples"": 75}], ""ece"": 0.0431717347433498}",0.04700000000048021,success,
elkan_noto,scar-pi0.3-scalesmall,112,"{""base_estimator"": null, ""calibration_method"": ""sigmoid"", ""eps"": 1e-12, ""mode"": ""weighted_retraining"", ""n_cv_folds"": 5}",scar,0.3,0.5,0.5,True,0,,,0.5850186471817308,,,,,0.2925,False,-0.07409811032639818,0.9193548387096774,0.9429280397022332,0.9958928571428571,0.9625,0.9367088607594937,0.8224852071005917,0.9907051444369162,0.9517857142857142,0.03249218809358636,0.03479710082624584,"{""buckets"": [{""accuracy"": 0.025089605734767026, ""bin_hi"": 0.1, ""bin_lo"": 0.0, ""confidence"": 0.0012540379459269307, ""n_samples"": 279}, {""accuracy"": 0.0, ""bin_hi"": 0.2, ""bin_lo"": 0.1, ""confidence"": 0.0, ""n_samples"": 0}, {""accuracy"": 0.6666666666666666, ""bin_hi"": 0.30000000000000004, ""bin_lo"": 0.2, ""confidence"": 0.24691235721757213, ""n_samples"": 3}, {""accuracy"": 0.0, ""bin_hi"": 0.4, ""bin_lo"": 0.30000000000000004, ""confidence"": 0.0, ""n_samples"": 0}, {""accuracy"": 0.0, ""bin_hi"": 0.5, ""bin_lo"": 0.4, ""confidence"": 0.46913472103189735, ""n_samples"": 1}, {""accuracy"": 0.0, ""bin_hi"": 0.6000000000000001, ""bin_lo"": 0.5, ""confidence"": 0.0, ""n_samples"": 0}, {""accuracy"": 0.0, ""bin_hi"": 0.7000000000000001, ""bin_lo"": 0.6000000000000001, ""confidence"": 0.6688876553249896, ""n_samples"": 2}, {""accuracy"": 1.0, ""bin_hi"": 0.8, ""bin_lo"": 0.7000000000000001, ""confidence"": 0.7851868406407856, ""n_samples"": 1}, {""accuracy"": 1.0, ""bin_hi"": 0.9, ""bin_lo"": 0.8, ""confidence"": 0.8565341656356629, ""n_samples"": 1}, {""accuracy"": 0.9646017699115044, ""bin_hi"": 1.0, ""bin_lo"": 0.9, ""confidence"": 0.9986218138376923, ""n_samples"": 113}], ""ece"": 0.03479710082624584}",0.04700000000048021,success,
elkan_noto,scar-pi0.3-scalesmall,113,"{""base_estimator"": null, ""calibration_method"": ""sigmoid"", ""eps"": 1e-12, ""mode"": ""weighted_retraining"", ""n_cv_folds"": 5}",scar,0.3,0.5,0.5,True,0,,,0.6478189707139523,,,,,0.2925,False,-0.09956709956709958,0.9285714285714286,0.9523809523809524,0.998452380952381,0.9725,0.9535864978902954,0.8424242424242424,0.9964456240560056,0.9636904761904762,0.020527302324547185,0.01992408217468754,"{""buckets"": [{""accuracy"": 0.01444043321299639, ""bin_hi"": 0.1, ""bin_lo"": 0.0, ""confidence"": 0.0010848058378167837, ""n_samples"": 277}, {""accuracy"": 0.3333333333333333, ""bin_hi"": 0.2, ""bin_lo"": 0.1, ""confidence"": 0.15438672887805913, ""n_samples"": 3}, {""accuracy"": 0.0, ""bin_hi"": 0.30000000000000004, ""bin_lo"": 0.2, ""confidence"": 0.240792649709095, ""n_samples"": 1}, {""accuracy"": 1.0, ""bin_hi"": 0.4, ""bin_lo"": 0.30000000000000004, ""confidence"": 0.34889760024066724, ""n_samples"": 2}, {""accuracy"": 0.0, ""bin_hi"": 0.5, ""bin_lo"": 0.4, ""confidence"": 0.0, ""n_samples"": 0}, {""accuracy"": 0.0, ""bin_hi"": 0.6000000000000001, ""bin_lo"": 0.5, ""confidence"": 0.0, ""n_samples"": 0}, {""accuracy"": 0.6666666666666666, ""bin_hi"": 0.7000000000000001, ""bin_lo"": 0.6000000000000001, ""confidence"": 0.6688717917540966, ""n_samples"": 3}, {""accuracy"": 0.0, ""bin_hi"": 0.8, ""bin_lo"": 0.7000000000000001, ""confidence"": 0.7859703211094246, ""n_samples"": 1}, {""accuracy"": 0.0, ""bin_hi"": 0.9, ""bin_lo"": 0.8, ""confidence"": 0.8967712659922294, ""n_samples"": 1}, {""accuracy"": 0.9910714285714286, ""bin_hi"": 1.0, ""bin_lo"": 0.9, ""confidence"": 0.9955440166249352, ""n_samples"": 112}], ""ece"": 0.01992408217468754}",0.06199999999989814,success,
elkan_noto,scar-pi0.3-scalesmall,114,"{""base_estimator"": null, ""calibration_method"": ""sigmoid"", ""eps"": 1e-12, ""mode"": ""weighted_retraining"", ""n_cv_folds"": 5}",scar,0.3,0.5,0.5,True,0,,,0.6032357499591329,,,,,0.2525,False,-0.06418597514193647,0.8596491228070176,1.0,0.994702380952381,0.9475,0.9049773755656109,0.8483965014577259,0.9876201522905381,0.9148809523809525,0.03551351471513256,0.04814556998531674,"{""buckets"": [{""accuracy"": 0.017921146953405017, ""bin_hi"": 0.1, ""bin_lo"": 0.0, ""confidence"": 0.00463446085675878, ""n_samples"": 279}, {""accuracy"": 0.2857142857142857, ""bin_hi"": 0.2, ""bin_lo"": 0.1, ""confidence"": 0.1437961089156976, ""n_samples"": 7}, {""accuracy"": 1.0, ""bin_hi"": 0.30000000000000004, ""bin_lo"": 0.2, ""confidence"": 0.20940023681765288, ""n_samples"": 1}, {""accuracy"": 1.0, ""bin_hi"": 0.4, ""bin_lo"": 0.30000000000000004, ""confidence"": 0.34335325020291807, ""n_samples"": 5}, {""accuracy"": 1.0, ""bin_hi"": 0.5, ""bin_lo"": 0.4, ""confidence"": 0.43551004897457724, ""n_samples"": 7}, {""accuracy"": 1.0, ""bin_hi"": 0.6000000000000001, ""bin_lo"": 0.5, ""confidence"": 0.5533566789965659, ""n_samples"": 3}, {""accuracy"": 1.0, ""bin_hi"": 0.7000000000000001, ""bin_lo"": 0.6000000000000001, ""confidence"": 0.6639487523989285, ""n_samples"": 4}, {""accuracy"": 1.0, ""bin_hi"": 0.8, ""bin_lo"": 0.7000000000000001, ""confidence"": 0.7403257696621554, ""n_samples"": 8}, {""accuracy"": 1.0, ""bin_hi"": 0.9, ""bin_lo"": 0.8, ""confidence"": 0.8431522635234401, ""n_samples"": 8}, {""accuracy"": 0.9871794871794872, ""bin_hi"": 1.0, ""bin_lo"": 0.9, ""confidence"": 0.9805610066885034, ""n_samples"": 78}], ""ece"": 0.04814556998531674}",0.04699999999957072,success,
elkan_noto,scar-pi0.3-scalesmall,115,"{""base_estimator"": null, ""calibration_method"": ""sigmoid"", ""eps"": 1e-12, ""mode"": ""weighted_retraining"", ""n_cv_folds"": 5}",scar,0.3,0.5,0.5,True,0,,,0.634651243703051,,,,,0.2325,False,-0.09951063019955414,0.8867924528301887,1.0,0.9944345238095238,0.9325,0.8732394366197183,0.8674351585014409,0.9881930872356764,0.8875,0.055702085358445806,0.07677777663109946,"{""buckets"": [{""accuracy"": 0.041811846689895474, ""bin_hi"": 0.1, ""bin_lo"": 0.0, ""confidence"": 0.0034452711049938883, ""n_samples"": 287}, {""accuracy"": 0.5, ""bin_hi"": 0.2, ""bin_lo"": 0.1, ""confidence"": 0.1422551474726216, ""n_samples"": 8}, {""accuracy"": 1.0, ""bin_hi"": 0.30000000000000004, ""bin_lo"": 0.2, ""confidence"": 0.2505166851743215, ""n_samples"": 5}, {""accuracy"": 1.0, ""bin_hi"": 0.4, ""bin_lo"": 0.30000000000000004, ""confidence"": 0.3574555392310026, ""n_samples"": 4}, {""accuracy"": 0.6666666666666666, ""bin_hi"": 0.5, ""bin_lo"": 0.4, ""confidence"": 0.43684524673781394, ""n_samples"": 3}, {""accuracy"": 1.0, ""bin_hi"": 0.6000000000000001, ""bin_lo"": 0.5, ""confidence"": 0.5261652074599276, ""n_samples"": 3}, {""accuracy"": 1.0, ""bin_hi"": 0.7000000000000001, ""bin_lo"": 0.6000000000000001, ""confidence"": 0.6445232627889279, ""n_samples"": 10}, {""accuracy"": 1.0, ""bin_hi"": 0.8, ""bin_lo"": 0.7000000000000001, ""confidence"": 0.7434180952432059, ""n_samples"": 11}, {""accuracy"": 1.0, ""bin_hi"": 0.9, ""bin_lo"": 0.8, ""confidence"": 0.8555893778605516, ""n_samples"": 8}, {""accuracy"": 1.0, ""bin_hi"": 1.0, ""bin_lo"": 0.9, ""confidence"": 0.9856241265050525, ""n_samples"": 61}], ""ece"": 0.07677777663109946}",0.04699999999957072,success,
elkan_noto,scar-pi0.3-scalesmall,116,"{""base_estimator"": null, ""calibration_method"": ""sigmoid"", ""eps"": 1e-12, ""mode"": ""weighted_retraining"", ""n_cv_folds"": 5}",scar,0.3,0.5,0.5,True,0,,,0.6334959324739011,,,,,0.2825,False,-0.11415854175498091,0.9523809523809523,1.0,0.9956845238095238,0.9725,0.9527896995708155,0.8427299703264095,0.9913871557646087,0.9589285714285715,0.02634933928418069,0.02755105909897024,"{""buckets"": [{""accuracy"": 0.028070175438596492, ""bin_hi"": 0.1, ""bin_lo"": 0.0, ""confidence"": 0.00047388895231046145, ""n_samples"": 285}, {""accuracy"": 0.0, ""bin_hi"": 0.2, ""bin_lo"": 0.1, ""confidence"": 0.12197129921164258, ""n_samples"": 1}, {""accuracy"": 0.0, ""bin_hi"": 0.30000000000000004, ""bin_lo"": 0.2, ""confidence"": 0.0, ""n_samples"": 0}, {""accuracy"": 0.0, ""bin_hi"": 0.4, ""bin_lo"": 0.30000000000000004, ""confidence"": 0.0, ""n_samples"": 0}, {""accuracy"": 1.0, ""bin_hi"": 0.5, ""bin_lo"": 0.4, ""confidence"": 0.414848982958373, ""n_samples"": 1}, {""accuracy"": 1.0, ""bin_hi"": 0.6000000000000001, ""bin_lo"": 0.5, ""confidence"": 0.5032966209905183, ""n_samples"": 1}, {""accuracy"": 0.0, ""bin_hi"": 0.7000000000000001, ""bin_lo"": 0.6000000000000001, ""confidence"": 0.0, ""n_samples"": 0}, {""accuracy"": 0.0, ""bin_hi"": 0.8, ""bin_lo"": 0.7000000000000001, ""confidence"": 0.0, ""n_samples"": 0}, {""accuracy"": 0.0, ""bin_hi"": 0.9, ""bin_lo"": 0.8, ""confidence"": 0.0, ""n_samples"": 0}, {""accuracy"": 0.9821428571428571, ""bin_hi"": 1.0, ""bin_lo"": 0.9, ""confidence"": 0.9995683597833377, ""n_samples"": 112}], ""ece"": 0.02755105909897024}",0.04699999999957072,success,
elkan_noto,scar-pi0.3-scalesmall,117,"{""base_estimator"": null, ""calibration_method"": ""sigmoid"", ""eps"": 1e-12, ""mode"": ""weighted_retraining"", ""n_cv_folds"": 5}",scar,0.3,0.5,0.5,True,0,,,0.6269696795649028,,,,,0.3075,False,-0.08100163309744146,0.9393939393939394,0.9164818920916481,0.9980357142857144,0.9725,0.9547325102880658,0.8173652694610778,0.9958039950362007,0.9708333333333333,0.026118425319305718,0.026427702513552954,"{""buckets"": [{""accuracy"": 0.010869565217391304, ""bin_hi"": 0.1, ""bin_lo"": 0.0, ""confidence"": 0.0003320019921375001, ""n_samples"": 276}, {""accuracy"": 0.0, ""bin_hi"": 0.2, ""bin_lo"": 0.1, ""confidence"": 0.0, ""n_samples"": 0}, {""accuracy"": 0.0, ""bin_hi"": 0.30000000000000004, ""bin_lo"": 0.2, ""confidence"": 0.0, ""n_samples"": 0}, {""accuracy"": 1.0, ""bin_hi"": 0.4, ""bin_lo"": 0.30000000000000004, ""confidence"": 0.3370639215920965, ""n_samples"": 1}, {""accuracy"": 0.0, ""bin_hi"": 0.5, ""bin_lo"": 0.4, ""confidence"": 0.0, ""n_samples"": 0}, {""accuracy"": 0.0, ""bin_hi"": 0.6000000000000001, ""bin_lo"": 0.5, ""confidence"": 0.0, ""n_samples"": 0}, {""accuracy"": 0.0, ""bin_hi"": 0.7000000000000001, ""bin_lo"": 0.6000000000000001, ""confidence"": 0.0, ""n_samples"": 0}, {""accuracy"": 0.0, ""bin_hi"": 0.8, ""bin_lo"": 0.7000000000000001, ""confidence"": 0.0, ""n_samples"": 0}, {""accuracy"": 0.0, ""bin_hi"": 0.9, ""bin_lo"": 0.8, ""confidence"": 0.0, ""n_samples"": 0}, {""accuracy"": 0.943089430894309, ""bin_hi"": 1.0, ""bin_lo"": 0.9, ""confidence"": 0.9999981908686442, ""n_samples"": 123}], ""ece"": 0.026427702513552954}",0.04700000000048021,success,
elkan_noto,scar-pi0.3-scalesmall,118,"{""base_estimator"": null, ""calibration_method"": ""sigmoid"", ""eps"": 1e-12, ""mode"": ""weighted_retraining"", ""n_cv_folds"": 5}",scar,0.3,0.5,0.5,True,0,,,0.5853822696717211,,,,,0.2575,False,-0.060372511239563276,0.8703703703703703,1.0,0.9969345238095237,0.9475,0.905829596412556,0.838150289017341,0.9926640956306945,0.9172619047619048,0.040478514026825084,0.04640948046024487,"{""buckets"": [{""accuracy"": 0.03832752613240418, ""bin_hi"": 0.1, ""bin_lo"": 0.0, ""confidence"": 0.0015822979579614871, ""n_samples"": 287}, {""accuracy"": 0.0, ""bin_hi"": 0.2, ""bin_lo"": 0.1, ""confidence"": 0.16994142291218, ""n_samples"": 1}, {""accuracy"": 1.0, ""bin_hi"": 0.30000000000000004, ""bin_lo"": 0.2, ""confidence"": 0.26123028345872307, ""n_samples"": 3}, {""accuracy"": 1.0, ""bin_hi"": 0.4, ""bin_lo"": 0.30000000000000004, ""confidence"": 0.32853064029728724, ""n_samples"": 3}, {""accuracy"": 0.6666666666666666, ""bin_hi"": 0.5, ""bin_lo"": 0.4, ""confidence"": 0.42765215064868434, ""n_samples"": 3}, {""accuracy"": 1.0, ""bin_hi"": 0.6000000000000001, ""bin_lo"": 0.5, ""confidence"": 0.5589734495991019, ""n_samples"": 2}, {""accuracy"": 0.5, ""bin_hi"": 0.7000000000000001, ""bin_lo"": 0.6000000000000001, ""confidence"": 0.6804105944978662, ""n_samples"": 2}, {""accuracy"": 0.75, ""bin_hi"": 0.8, ""bin_lo"": 0.7000000000000001, ""confidence"": 0.7367423944464642, ""n_samples"": 4}, {""accuracy"": 1.0, ""bin_hi"": 0.9, ""bin_lo"": 0.8, ""confidence"": 0.8545127767356459, ""n_samples"": 6}, {""accuracy"": 1.0, ""bin_hi"": 1.0, ""bin_lo"": 0.9, ""confidence"": 0.9917822309355393, ""n_samples"": 89}], ""ece"": 0.04640948046024487}",0.046000000000276486,success,
elkan_noto,scar-pi0.3-scalesmall,119,"{""base_estimator"": null, ""calibration_method"": ""sigmoid"", ""eps"": 1e-12, ""mode"": ""weighted_retraining"", ""n_cv_folds"": 5}",scar,0.3,0.5,0.5,True,0,,,0.5816893402808926,,,,,0.2775,False,-0.09925249169435216,0.9464285714285714,1.0,0.9991666666666666,0.9775,0.961038961038961,0.8313953488372093,0.9982205403778226,0.9625,0.023303836666101568,0.04749438678678597,"{""buckets"": [{""accuracy"": 0.003676470588235294, ""bin_hi"": 0.1, ""bin_lo"": 0.0, ""confidence"": 0.007200474208520819, ""n_samples"": 272}, {""accuracy"": 0.2, ""bin_hi"": 0.2, ""bin_lo"": 0.1, ""confidence"": 0.1469418389841904, ""n_samples"": 5}, {""accuracy"": 0.375, ""bin_hi"": 0.30000000000000004, ""bin_lo"": 0.2, ""confidence"": 0.2642470397400501, ""n_samples"": 8}, {""accuracy"": 1.0, ""bin_hi"": 0.4, ""bin_lo"": 0.30000000000000004, ""confidence"": 0.3146284066205014, ""n_samples"": 2}, {""accuracy"": 1.0, ""bin_hi"": 0.5, ""bin_lo"": 0.4, ""confidence"": 0.4684168709903417, ""n_samples"": 2}, {""accuracy"": 1.0, ""bin_hi"": 0.6000000000000001, ""bin_lo"": 0.5, ""confidence"": 0.5381564823009883, ""n_samples"": 8}, {""accuracy"": 1.0, ""bin_hi"": 0.7000000000000001, ""bin_lo"": 0.6000000000000001, ""confidence"": 0.6605107555275763, ""n_samples"": 9}, {""accuracy"": 1.0, ""bin_hi"": 0.8, ""bin_lo"": 0.7000000000000001, ""confidence"": 0.7432362656189898, ""n_samples"": 14}, {""accuracy"": 1.0, ""bin_hi"": 0.9, ""bin_lo"": 0.8, ""confidence"": 0.8688751774532896, ""n_samples"": 19}, {""accuracy"": 1.0, ""bin_hi"": 1.0, ""bin_lo"": 0.9, ""confidence"": 0.9734789090738653, ""n_samples"": 61}], ""ece"": 0.04749438678678597}",0.04699999999957072,success,
elkan_noto,scar-pi0.3-scalemid,100,"{""base_estimator"": null, ""calibration_method"": ""sigmoid"", ""eps"": 1e-12, ""mode"": ""weighted_retraining"", ""n_cv_folds"": 5}",scar,0.3,0.5,0.5,True,0,,,0.6419044519129539,,,,,0.2625,False,-0.08766757696127109,0.8947368421052632,1.0,0.9980714285714286,0.9625,0.9333333333333333,0.8508254716981132,0.9963309900160732,0.9375,0.036214476841212276,0.038471388124520334,"{""buckets"": [{""accuracy"": 0.04567143830947512, ""bin_hi"": 0.1, ""bin_lo"": 0.0, ""confidence"": 0.0002265966861524802, ""n_samples"": 1467}, {""accuracy"": 1.0, ""bin_hi"": 0.2, ""bin_lo"": 0.1, ""confidence"": 0.17583531911710576, ""n_samples"": 2}, {""accuracy"": 1.0, ""bin_hi"": 0.30000000000000004, ""bin_lo"": 0.2, ""confidence"": 0.23639855164787268, ""n_samples"": 6}, {""accuracy"": 0.0, ""bin_hi"": 0.4, ""bin_lo"": 0.30000000000000004, ""confidence"": 0.0, ""n_samples"": 0}, {""accuracy"": 0.0, ""bin_hi"": 0.5, ""bin_lo"": 0.4, ""confidence"": 0.0, ""n_samples"": 0}, {""accuracy"": 1.0, ""bin_hi"": 0.6000000000000001, ""bin_lo"": 0.5, ""confidence"": 0.5357787520503995, ""n_samples"": 3}, {""accuracy"": 1.0, ""bin_hi"": 0.7000000000000001, ""bin_lo"": 0.6000000000000001, ""confidence"": 0.6223965936907717, ""n_samples"": 2}, {""accuracy"": 1.0, ""bin_hi"": 0.8, ""bin_lo"": 0.7000000000000001, ""confidence"": 0.7790186383261114, ""n_samples"": 3}, {""accuracy"": 1.0, ""bin_hi"": 0.9, ""bin_lo"": 0.8, ""confidence"": 0.8603547832890893, ""n_samples"": 5}, {""accuracy"": 1.0, ""bin_hi"": 1.0, ""bin_lo"": 0.9, ""confidence"": 0.9989527054478431, ""n_samples"": 512}], ""ece"": 0.038471388124520334}",0.04699999999957072,success,
elkan_noto,scar-pi0.3-scalemid,101,"{""base_estimator"": null, ""calibration_method"": ""sigmoid"", ""eps"": 1e-12, ""mode"": ""weighted_retraining"", ""n_cv_folds"": 5}",scar,0.3,0.5,0.5,True,0,,,0.6159748610314121,,,,,0.2565,False,-0.0696503663537068,0.8772563176895307,1.0,0.9992416666666666,0.9555,0.9200359389038635,0.8432965757399884,0.9982184031850752,0.9263095238095238,0.03199976414849495,0.056227976640683075,"{""buckets"": [{""accuracy"": 0.008577555396711936, ""bin_hi"": 0.1, ""bin_lo"": 0.0, ""confidence"": 0.0031873701420713015, ""n_samples"": 1399}, {""accuracy"": 0.7407407407407407, ""bin_hi"": 0.2, ""bin_lo"": 0.1, ""confidence"": 0.14538408253363508, ""n_samples"": 27}, {""accuracy"": 0.8181818181818182, ""bin_hi"": 0.30000000000000004, ""bin_lo"": 0.2, ""confidence"": 0.24101195699851316, ""n_samples"": 22}, {""accuracy"": 0.9411764705882353, ""bin_hi"": 0.4, ""bin_lo"": 0.30000000000000004, ""confidence"": 0.3565641229611952, ""n_samples"": 17}, {""accuracy"": 1.0, ""bin_hi"": 0.5, ""bin_lo"": 0.4, ""confidence"": 0.457046021219443, ""n_samples"": 22}, {""accuracy"": 1.0, ""bin_hi"": 0.6000000000000001, ""bin_lo"": 0.5, ""confidence"": 0.5481986016906647, ""n_samples"": 25}, {""accuracy"": 0.9714285714285714, ""bin_hi"": 0.7000000000000001, ""bin_lo"": 0.6000000000000001, ""confidence"": 0.6525534177780501, ""n_samples"": 35}, {""accuracy"": 1.0, ""bin_hi"": 0.8, ""bin_lo"": 0.7000000000000001, ""confidence"": 0.7514436930018746, ""n_samples"": 47}, {""accuracy"": 1.0, ""bin_hi"": 0.9, ""bin_lo"": 0.8, ""confidence"": 0.8533336393625119, ""n_samples"": 72}, {""accuracy"": 1.0, ""bin_hi"": 1.0, ""bin_lo"": 0.9, ""confidence"": 0.971372664013908, ""n_samples"": 334}], ""ece"": 0.056227976640683075}",0.06300000000010186,success,
elkan_noto,scar-pi0.3-scalemid,102,"{""base_estimator"": null, ""calibration_method"": ""sigmoid"", ""eps"": 1e-12, ""mode"": ""weighted_retraining"", ""n_cv_folds"": 5}",scar,0.3,0.5,0.5,True,0,,,0.6515975159528826,,,,,0.2765,False,-0.10691993144712708,0.9335443037974683,1.0,0.9980660714285714,0.9725,0.9522983521248916,0.8467933491686461,0.9949937788251134,0.9560714285714286,0.026919327743895872,0.02736909988085,"{""buckets"": [{""accuracy"": 0.0332409972299169, ""bin_hi"": 0.1, ""bin_lo"": 0.0, ""confidence"": 0.00010271701600772897, ""n_samples"": 1444}, {""accuracy"": 1.0, ""bin_hi"": 0.2, ""bin_lo"": 0.1, ""confidence"": 0.14279733144699744, ""n_samples"": 1}, {""accuracy"": 1.0, ""bin_hi"": 0.30000000000000004, ""bin_lo"": 0.2, ""confidence"": 0.24889950038427827, ""n_samples"": 2}, {""accuracy"": 0.0, ""bin_hi"": 0.4, ""bin_lo"": 0.30000000000000004, ""confidence"": 0.0, ""n_samples"": 0}, {""accuracy"": 0.0, ""bin_hi"": 0.5, ""bin_lo"": 0.4, ""confidence"": 0.0, ""n_samples"": 0}, {""accuracy"": 1.0, ""bin_hi"": 0.6000000000000001, ""bin_lo"": 0.5, ""confidence"": 0.5532901116744237, ""n_samples"": 1}, {""accuracy"": 1.0, ""bin_hi"": 0.7000000000000001, ""bin_lo"": 0.6000000000000001, ""confidence"": 0.6532040506535136, ""n_samples"": 1}, {""accuracy"": 0.0, ""bin_hi"": 0.8, ""bin_lo"": 0.7000000000000001, ""confidence"": 0.0, ""n_samples"": 0}, {""accuracy"": 0.0, ""bin_hi"": 0.9, ""bin_lo"": 0.8, ""confidence"": 0.0, ""n_samples"": 0}, {""accuracy"": 0.9927404718693285, ""bin_hi"": 1.0, ""bin_lo"": 0.9, ""confidence"": 0.9995165401585456, ""n_samples"": 551}], ""ece"": 0.02736909988085}",0.06199999999989814,success,
elkan_noto,scar-pi0.3-scalemid,103,"{""base_estimator"": null, ""calibration_method"": ""sigmoid"", ""eps"": 1e-12, ""mode"": ""weighted_retraining"", ""n_cv_folds"": 5}",scar,0.3,0.5,0.5,True,0,,,0.6261384422522629,,,,,0.265,False,-0.07328660436137069,0.8888888888888888,1.0,0.99935,0.965,0.9380530973451328,0.8399532710280374,0.9986535425212983,0.9416666666666667,0.02645598973630131,0.051526062775435394,"{""buckets"": [{""accuracy"": 0.007142857142857143, ""bin_hi"": 0.1, ""bin_lo"": 0.0, ""confidence"": 0.004183848732460614, ""n_samples"": 1400}, {""accuracy"": 0.5, ""bin_hi"": 0.2, ""bin_lo"": 0.1, ""confidence"": 0.13132052193438778, ""n_samples"": 12}, {""accuracy"": 0.85, ""bin_hi"": 0.30000000000000004, ""bin_lo"": 0.2, ""confidence"": 0.25774298987422395, ""n_samples"": 20}, {""accuracy"": 0.95, ""bin_hi"": 0.4, ""bin_lo"": 0.30000000000000004, ""confidence"": 0.3588201108833699, ""n_samples"": 20}, {""accuracy"": 1.0, ""bin_hi"": 0.5, ""bin_lo"": 0.4, ""confidence"": 0.4621756706607396, ""n_samples"": 18}, {""accuracy"": 1.0, ""bin_hi"": 0.6000000000000001, ""bin_lo"": 0.5, ""confidence"": 0.5438773410839288, ""n_samples"": 34}, {""accuracy"": 1.0, ""bin_hi"": 0.7000000000000001, ""bin_lo"": 0.6000000000000001, ""confidence"": 0.6537295907324474, ""n_samples"": 36}, {""accuracy"": 1.0, ""bin_hi"": 0.8, ""bin_lo"": 0.7000000000000001, ""confidence"": 0.753868076372836, ""n_samples"": 43}, {""accuracy"": 1.0, ""bin_hi"": 0.9, ""bin_lo"": 0.8, ""confidence"": 0.8565617667242362, ""n_samples"": 87}, {""accuracy"": 1.0, ""bin_hi"": 1.0, ""bin_lo"": 0.9, ""confidence"": 0.9693967273368616, ""n_samples"": 330}], ""ece"": 0.051526062775435394}",0.06300000000010186,success,
elkan_noto,scar-pi0.3-scalemid,104,"{""base_estimator"": null, ""calibration_method"": ""sigmoid"", ""eps"": 1e-12, ""mode"": ""weighted_retraining"", ""n_cv_folds"": 5}",scar,0.3,0.5,0.5,True,0,,,0.6292064246441219,,,,,0.273,False,-0.07738840329311536,0.8957654723127035,0.9843576618820916,0.9978964285714287,0.968,0.944153577661431,0.8399291199054932,0.9953422610093711,0.949047619047619,0.025283664439576112,0.0352379179674372,"{""buckets"": [{""accuracy"": 0.009345794392523364, ""bin_hi"": 0.1, ""bin_lo"": 0.0, ""confidence"": 0.0026666190325718795, ""n_samples"": 1391}, {""accuracy"": 0.6666666666666666, ""bin_hi"": 0.2, ""bin_lo"": 0.1, ""confidence"": 0.14019511851224167, ""n_samples"": 27}, {""accuracy"": 0.7647058823529411, ""bin_hi"": 0.30000000000000004, ""bin_lo"": 0.2, ""confidence"": 0.24684101235598685, ""n_samples"": 17}, {""accuracy"": 0.5714285714285714, ""bin_hi"": 0.4, ""bin_lo"": 0.30000000000000004, ""confidence"": 0.34217249742841455, ""n_samples"": 7}, {""accuracy"": 0.9166666666666666, ""bin_hi"": 0.5, ""bin_lo"": 0.4, ""confidence"": 0.44088854439555775, ""n_samples"": 12}, {""accuracy"": 1.0, ""bin_hi"": 0.6000000000000001, ""bin_lo"": 0.5, ""confidence"": 0.5474017524013705, ""n_samples"": 13}, {""accuracy"": 0.9090909090909091, ""bin_hi"": 0.7000000000000001, ""bin_lo"": 0.6000000000000001, ""confidence"": 0.6507022335631096, ""n_samples"": 22}, {""accuracy"": 0.9411764705882353, ""bin_hi"": 0.8, ""bin_lo"": 0.7000000000000001, ""confidence"": 0.7459544954520814, ""n_samples"": 34}, {""accuracy"": 0.9782608695652174, ""bin_hi"": 0.9, ""bin_lo"": 0.8, ""confidence"": 0.8534326450373423, ""n_samples"": 46}, {""accuracy"": 1.0, ""bin_hi"": 1.0, ""bin_lo"": 0.9, ""confidence"": 0.9839801279106624, ""n_samples"": 431}], ""ece"": 0.0352379179674372}",0.04699999999957072,success,
elkan_noto,scar-pi0.3-scalemid,105,"{""base_estimator"": null, ""calibration_method"": ""sigmoid"", ""eps"": 1e-12, ""mode"": ""weighted_retraining"", ""n_cv_folds"": 5}",scar,0.3,0.5,0.5,True,0,,,0.6241932295988393,,,,,0.265,False,-0.08144749927817521,0.8972602739726028,1.0,0.9994023809523809,0.964,0.9362831858407079,0.8430913348946136,0.9986584287554036,0.9404761904761905,0.02645713991227779,0.04414828999936751,"{""buckets"": [{""accuracy"": 0.01065340909090909, ""bin_hi"": 0.1, ""bin_lo"": 0.0, ""confidence"": 0.0017368898602263443, ""n_samples"": 1408}, {""accuracy"": 0.8095238095238095, ""bin_hi"": 0.2, ""bin_lo"": 0.1, ""confidence"": 0.14071660685210421, ""n_samples"": 21}, {""accuracy"": 0.9230769230769231, ""bin_hi"": 0.30000000000000004, ""bin_lo"": 0.2, ""confidence"": 0.24128265090126472, ""n_samples"": 13}, {""accuracy"": 0.9285714285714286, ""bin_hi"": 0.4, ""bin_lo"": 0.30000000000000004, ""confidence"": 0.350852393445573, ""n_samples"": 14}, {""accuracy"": 1.0, ""bin_hi"": 0.5, ""bin_lo"": 0.4, ""confidence"": 0.4545787494599649, ""n_samples"": 14}, {""accuracy"": 0.9444444444444444, ""bin_hi"": 0.6000000000000001, ""bin_lo"": 0.5, ""confidence"": 0.5538809745888585, ""n_samples"": 18}, {""accuracy"": 1.0, ""bin_hi"": 0.7000000000000001, ""bin_lo"": 0.6000000000000001, ""confidence"": 0.6455501272868686, ""n_samples"": 22}, {""accuracy"": 1.0, ""bin_hi"": 0.8, ""bin_lo"": 0.7000000000000001, ""confidence"": 0.7545421201719362, ""n_samples"": 32}, {""accuracy"": 1.0, ""bin_hi"": 0.9, ""bin_lo"": 0.8, ""confidence"": 0.8502306624730425, ""n_samples"": 50}, {""accuracy"": 1.0, ""bin_hi"": 1.0, ""bin_lo"": 0.9, ""confidence"": 0.9829933298032193, ""n_samples"": 408}], ""ece"": 0.04414828999936751}",0.06199999999989814,success,
elkan_noto,scar-pi0.3-scalemid,106,"{""base_estimator"": null, ""calibration_method"": ""sigmoid"", ""eps"": 1e-12, ""mode"": ""weighted_retraining"", ""n_cv_folds"": 5}",scar,0.3,0.5,0.5,True,0,,,0.6366385488278333,,,,,0.2705,False,-0.0881849455241881,0.9035369774919614,1.0,0.9986416666666666,0.9675,0.9430324276950044,0.8460627590290113,0.9969132915825928,0.9472619047619047,0.023794059991124213,0.036700144812471,"{""buckets"": [{""accuracy"": 0.006507592190889371, ""bin_hi"": 0.1, ""bin_lo"": 0.0, ""confidence"": 0.004189483401387212, ""n_samples"": 1383}, {""accuracy"": 0.5, ""bin_hi"": 0.2, ""bin_lo"": 0.1, ""confidence"": 0.14486057519661386, ""n_samples"": 30}, {""accuracy"": 0.8125, ""bin_hi"": 0.30000000000000004, ""bin_lo"": 0.2, ""confidence"": 0.25243016001240626, ""n_samples"": 16}, {""accuracy"": 0.8235294117647058, ""bin_hi"": 0.4, ""bin_lo"": 0.30000000000000004, ""confidence"": 0.35613087741918137, ""n_samples"": 17}, {""accuracy"": 0.8461538461538461, ""bin_hi"": 0.5, ""bin_lo"": 0.4, ""confidence"": 0.44885344768646335, ""n_samples"": 13}, {""accuracy"": 1.0, ""bin_hi"": 0.6000000000000001, ""bin_lo"": 0.5, ""confidence"": 0.5491916384536273, ""n_samples"": 17}, {""accuracy"": 0.8947368421052632, ""bin_hi"": 0.7000000000000001, ""bin_lo"": 0.6000000000000001, ""confidence"": 0.6569397478098012, ""n_samples"": 19}, {""accuracy"": 0.9705882352941176, ""bin_hi"": 0.8, ""bin_lo"": 0.7000000000000001, ""confidence"": 0.756273758141038, ""n_samples"": 34}, {""accuracy"": 1.0, ""bin_hi"": 0.9, ""bin_lo"": 0.8, ""confidence"": 0.856103977613274, ""n_samples"": 67}, {""accuracy"": 1.0, ""bin_hi"": 1.0, ""bin_lo"": 0.9, ""confidence"": 0.9793100196529949, ""n_samples"": 404}], ""ece"": 0.036700144812471}",0.06300000000010186,success,
elkan_noto,scar-pi0.3-scalemid,107,"{""base_estimator"": null, ""calibration_method"": ""sigmoid"", ""eps"": 1e-12, ""mode"": ""weighted_retraining"", ""n_cv_folds"": 5}",scar,0.3,0.5,0.5,True,0,,,0.6129619144611216,,,,,0.263,False,-0.07222469697801806,0.8850174216027874,1.0,0.9987642857142857,0.962,0.9325044404973357,0.8412142440163456,0.9973324989520013,0.9371428571428572,0.027337736873059893,0.04335864522373086,"{""buckets"": [{""accuracy"": 0.012108262108262107, ""bin_hi"": 0.1, ""bin_lo"": 0.0, ""confidence"": 0.0022675427916820424, ""n_samples"": 1404}, {""accuracy"": 0.6842105263157895, ""bin_hi"": 0.2, ""bin_lo"": 0.1, ""confidence"": 0.14693438147264296, ""n_samples"": 19}, {""accuracy"": 0.8421052631578947, ""bin_hi"": 0.30000000000000004, ""bin_lo"": 0.2, ""confidence"": 0.24860509528407798, ""n_samples"": 19}, {""accuracy"": 0.9375, ""bin_hi"": 0.4, ""bin_lo"": 0.30000000000000004, ""confidence"": 0.3533195612819442, ""n_samples"": 16}, {""accuracy"": 0.875, ""bin_hi"": 0.5, ""bin_lo"": 0.4, ""confidence"": 0.44610217620059844, ""n_samples"": 16}, {""accuracy"": 0.9444444444444444, ""bin_hi"": 0.6000000000000001, ""bin_lo"": 0.5, ""confidence"": 0.5501838389438107, ""n_samples"": 18}, {""accuracy"": 1.0, ""bin_hi"": 0.7000000000000001, ""bin_lo"": 0.6000000000000001, ""confidence"": 0.6578828373566482, ""n_samples"": 20}, {""accuracy"": 1.0, ""bin_hi"": 0.8, ""bin_lo"": 0.7000000000000001, ""confidence"": 0.7588164283207152, ""n_samples"": 34}, {""accuracy"": 1.0, ""bin_hi"": 0.9, ""bin_lo"": 0.8, ""confidence"": 0.8504739128962446, ""n_samples"": 40}, {""accuracy"": 1.0, ""bin_hi"": 1.0, ""bin_lo"": 0.9, ""confidence"": 0.982882610357591, ""n_samples"": 414}], ""ece"": 0.04335864522373086}",0.06199999999989814,success,
elkan_noto,scar-pi0.3-scalemid,108,"{""base_estimator"": null, ""calibration_method"": ""sigmoid"", ""eps"": 1e-12, ""mode"": ""weighted_retraining"", ""n_cv_folds"": 5}",scar,0.3,0.5,0.5,True,0,,,0.6224507953101585,,,,,0.2705,False,-0.07989339341996343,0.8996655518394648,0.9977806489901642,0.9991559523809523,0.9705,0.9482909728308502,0.8400940623162846,0.9981744511267063,0.9508333333333333,0.028001345048583183,0.03019278267836436,"{""buckets"": [{""accuracy"": 0.03514817367332874, ""bin_hi"": 0.1, ""bin_lo"": 0.0, ""confidence"": 6.356998154793436e-05, ""n_samples"": 1451}, {""accuracy"": 1.0, ""bin_hi"": 0.2, ""bin_lo"": 0.1, ""confidence"": 0.149899948705033, ""n_samples"": 2}, {""accuracy"": 1.0, ""bin_hi"": 0.30000000000000004, ""bin_lo"": 0.2, ""confidence"": 0.2216686502111787, ""n_samples"": 2}, {""accuracy"": 1.0, ""bin_hi"": 0.4, ""bin_lo"": 0.30000000000000004, ""confidence"": 0.34979170327508063, ""n_samples"": 3}, {""accuracy"": 1.0, ""bin_hi"": 0.5, ""bin_lo"": 0.4, ""confidence"": 0.48806048126009177, ""n_samples"": 1}, {""accuracy"": 1.0, ""bin_hi"": 0.6000000000000001, ""bin_lo"": 0.5, ""confidence"": 0.5758365874343564, ""n_samples"": 1}, {""accuracy"": 1.0, ""bin_hi"": 0.7000000000000001, ""bin_lo"": 0.6000000000000001, ""confidence"": 0.6687974665501719, ""n_samples"": 4}, {""accuracy"": 1.0, ""bin_hi"": 0.8, ""bin_lo"": 0.7000000000000001, ""confidence"": 0.7697995098762732, ""n_samples"": 5}, {""accuracy"": 1.0, ""bin_hi"": 0.9, ""bin_lo"": 0.8, ""confidence"": 0.8318646286929642, ""n_samples"": 3}, {""accuracy"": 1.0, ""bin_hi"": 1.0, ""bin_lo"": 0.9, ""confidence"": 0.9993295528826367, ""n_samples"": 528}], ""ece"": 0.03019278267836436}",0.06199999999989814,success,
elkan_noto,scar-pi0.3-scalemid,109,"{""base_estimator"": null, ""calibration_method"": ""sigmoid"", ""eps"": 1e-12, ""mode"": ""weighted_retraining"", ""n_cv_folds"": 5}",scar,0.3,0.5,0.5,True,0,,,0.6450047037630702,,,,,0.267,False,-0.07686757183549803,0.8821656050955414,0.9911973090961139,0.999145238095238,0.966,0.9400352733686067,0.8475682087781732,0.9981735746455803,0.9438095238095239,0.02732918083937153,0.03275294285268733,"{""buckets"": [{""accuracy"": 0.02779708130646282, ""bin_hi"": 0.1, ""bin_lo"": 0.0, ""confidence"": 0.0007450007060166693, ""n_samples"": 1439}, {""accuracy"": 1.0, ""bin_hi"": 0.2, ""bin_lo"": 0.1, ""confidence"": 0.1384669429811319, ""n_samples"": 7}, {""accuracy"": 1.0, ""bin_hi"": 0.30000000000000004, ""bin_lo"": 0.2, ""confidence"": 0.2356137864062707, ""n_samples"": 4}, {""accuracy"": 1.0, ""bin_hi"": 0.4, ""bin_lo"": 0.30000000000000004, ""confidence"": 0.35972507553680655, ""n_samples"": 10}, {""accuracy"": 1.0, ""bin_hi"": 0.5, ""bin_lo"": 0.4, ""confidence"": 0.46175728745056893, ""n_samples"": 6}, {""accuracy"": 1.0, ""bin_hi"": 0.6000000000000001, ""bin_lo"": 0.5, ""confidence"": 0.5507323437472128, ""n_samples"": 3}, {""accuracy"": 1.0, ""bin_hi"": 0.7000000000000001, ""bin_lo"": 0.6000000000000001, ""confidence"": 0.6532888125884242, ""n_samples"": 7}, {""accuracy"": 1.0, ""bin_hi"": 0.8, ""bin_lo"": 0.7000000000000001, ""confidence"": 0.7568640755135714, ""n_samples"": 7}, {""accuracy"": 0.9166666666666666, ""bin_hi"": 0.9, ""bin_lo"": 0.8, ""confidence"": 0.8644170603218403, ""n_samples"": 12}, {""accuracy"": 1.0, ""bin_hi"": 1.0, ""bin_lo"": 0.9, ""confidence"": 0.9965272635253172, ""n_samples"": 505}], ""ece"": 0.03275294285268733}",0.06300000000010186,success,
elkan_noto,scar-pi0.3-scalemid,110,"{""base_estimator"": null, ""calibration_method"": ""sigmoid"", ""eps"": 1e-12, ""mode"": ""weighted_retraining"", ""n_cv_folds"": 5}",scar,0.3,0.5,0.5,True,0,,,0.6072402680084078,,,,,0.2655,False,-0.0739381971587339,0.8916083916083916,1.0,0.9985702380952381,0.9655,0.9389920424403183,0.838973162193699,0.9970880329873839,0.9425,0.026082684670749316,0.039970715421348016,"{""buckets"": [{""accuracy"": 0.01763046544428773, ""bin_hi"": 0.1, ""bin_lo"": 0.0, ""confidence"": 0.0017582121633232595, ""n_samples"": 1418}, {""accuracy"": 0.8, ""bin_hi"": 0.2, ""bin_lo"": 0.1, ""confidence"": 0.1499227977673219, ""n_samples"": 15}, {""accuracy"": 0.8181818181818182, ""bin_hi"": 0.30000000000000004, ""bin_lo"": 0.2, ""confidence"": 0.24502256623237348, ""n_samples"": 11}, {""accuracy"": 0.8181818181818182, ""bin_hi"": 0.4, ""bin_lo"": 0.30000000000000004, ""confidence"": 0.34718489551818804, ""n_samples"": 11}, {""accuracy"": 1.0, ""bin_hi"": 0.5, ""bin_lo"": 0.4, ""confidence"": 0.4554008677629448, ""n_samples"": 14}, {""accuracy"": 1.0, ""bin_hi"": 0.6000000000000001, ""bin_lo"": 0.5, ""confidence"": 0.5589630464206219, ""n_samples"": 12}, {""accuracy"": 1.0, ""bin_hi"": 0.7000000000000001, ""bin_lo"": 0.6000000000000001, ""confidence"": 0.6581312540266608, ""n_samples"": 14}, {""accuracy"": 1.0, ""bin_hi"": 0.8, ""bin_lo"": 0.7000000000000001, ""confidence"": 0.7559524360033422, ""n_samples"": 24}, {""accuracy"": 1.0, ""bin_hi"": 0.9, ""bin_lo"": 0.8, ""confidence"": 0.8464304829267043, ""n_samples"": 37}, {""accuracy"": 1.0, ""bin_hi"": 1.0, ""bin_lo"": 0.9, ""confidence"": 0.9843344767330526, ""n_samples"": 444}], ""ece"": 0.039970715421348016}",0.06300000000010186,success,
elkan_noto,scar-pi0.3-scalemid,111,"{""base_estimator"": null, ""calibration_method"": ""sigmoid"", ""eps"": 1e-12, ""mode"": ""weighted_retraining"", ""n_cv_folds"": 5}",scar,0.3,0.5,0.5,True,0,,,0.6283659324456276,,,,,0.2605,False,-0.08458943655847873,0.8961937716262975,1.0,0.9994095238095237,0.9605,0.9295272078501338,0.8468731735827002,0.998629382131003,0.9341666666666666,0.030111291328152465,0.04904505500378809,"{""buckets"": [{""accuracy"": 0.01556970983722576, ""bin_hi"": 0.1, ""bin_lo"": 0.0, ""confidence"": 0.0014503084209344411, ""n_samples"": 1413}, {""accuracy"": 0.7391304347826086, ""bin_hi"": 0.2, ""bin_lo"": 0.1, ""confidence"": 0.13241655908886094, ""n_samples"": 23}, {""accuracy"": 0.9230769230769231, ""bin_hi"": 0.30000000000000004, ""bin_lo"": 0.2, ""confidence"": 0.2555746333556451, ""n_samples"": 13}, {""accuracy"": 0.8823529411764706, ""bin_hi"": 0.4, ""bin_lo"": 0.30000000000000004, ""confidence"": 0.3492762410634396, ""n_samples"": 17}, {""accuracy"": 1.0, ""bin_hi"": 0.5, ""bin_lo"": 0.4, ""confidence"": 0.45123169464778223, ""n_samples"": 13}, {""accuracy"": 1.0, ""bin_hi"": 0.6000000000000001, ""bin_lo"": 0.5, ""confidence"": 0.551099023007696, ""n_samples"": 23}, {""accuracy"": 1.0, ""bin_hi"": 0.7000000000000001, ""bin_lo"": 0.6000000000000001, ""confidence"": 0.6562172694913609, ""n_samples"": 16}, {""accuracy"": 1.0, ""bin_hi"": 0.8, ""bin_lo"": 0.7000000000000001, ""confidence"": 0.7504078044640962, ""n_samples"": 31}, {""accuracy"": 1.0, ""bin_hi"": 0.9, ""bin_lo"": 0.8, ""confidence"": 0.8614221022285022, ""n_samples"": 56}, {""accuracy"": 1.0, ""bin_hi"": 1.0, ""bin_lo"": 0.9, ""confidence"": 0.9797767378943157, ""n_samples"": 395}], ""ece"": 0.04904505500378809}",0.046000000000276486,success,
elkan_noto,scar-pi0.3-scalemid,112,"{""base_estimator"": null, ""calibration_method"": ""sigmoid"", ""eps"": 1e-12, ""mode"": ""weighted_retraining"", ""n_cv_folds"": 5}",scar,0.3,0.5,0.5,True,0,,,0.631211805037142,,,,,0.2645,False,-0.061764705882352944,0.8666666666666667,0.9829867674858223,0.9983369047619048,0.9635,0.9353410097431355,0.841764705882353,0.9963161331042405,0.9396428571428572,0.02824996486661563,0.04185518759941692,"{""buckets"": [{""accuracy"": 0.019732205778717406, ""bin_hi"": 0.1, ""bin_lo"": 0.0, ""confidence"": 0.0019215238288678165, ""n_samples"": 1419}, {""accuracy"": 0.6428571428571429, ""bin_hi"": 0.2, ""bin_lo"": 0.1, ""confidence"": 0.13882751194994586, ""n_samples"": 14}, {""accuracy"": 0.9285714285714286, ""bin_hi"": 0.30000000000000004, ""bin_lo"": 0.2, ""confidence"": 0.250368070064111, ""n_samples"": 14}, {""accuracy"": 0.8, ""bin_hi"": 0.4, ""bin_lo"": 0.30000000000000004, ""confidence"": 0.34035593997540314, ""n_samples"": 10}, {""accuracy"": 1.0, ""bin_hi"": 0.5, ""bin_lo"": 0.4, ""confidence"": 0.4486738089171685, ""n_samples"": 14}, {""accuracy"": 1.0, ""bin_hi"": 0.6000000000000001, ""bin_lo"": 0.5, ""confidence"": 0.550000179637734, ""n_samples"": 13}, {""accuracy"": 1.0, ""bin_hi"": 0.7000000000000001, ""bin_lo"": 0.6000000000000001, ""confidence"": 0.6555022922649693, ""n_samples"": 21}, {""accuracy"": 1.0, ""bin_hi"": 0.8, ""bin_lo"": 0.7000000000000001, ""confidence"": 0.7625246346345724, ""n_samples"": 29}, {""accuracy"": 1.0, ""bin_hi"": 0.9, ""bin_lo"": 0.8, ""confidence"": 0.8577218831884781, ""n_samples"": 41}, {""accuracy"": 0.9976470588235294, ""bin_hi"": 1.0, ""bin_lo"": 0.9, ""confidence"": 0.9887856224170034, ""n_samples"": 425}], ""ece"": 0.04185518759941692}",0.04700000000048021,success,
elkan_noto,scar-pi0.3-scalemid,113,"{""base_estimator"": null, ""calibration_method"": ""sigmoid"", ""eps"": 1e-12, ""mode"": ""weighted_retraining"", ""n_cv_folds"": 5}",scar,0.3,0.5,0.5,True,0,,,0.6262080148097106,,,,,0.2755,False,-0.08596223295229455,0.9093851132686084,0.9902560217081033,0.99885,0.9725,0.952215464813206,0.8403311649911295,0.9973330705325776,0.9555952380952382,0.026641871377307436,0.027590591836817342,"{""buckets"": [{""accuracy"": 0.03254847645429363, ""bin_hi"": 0.1, ""bin_lo"": 0.0, ""confidence"": 0.0001320561842456974, ""n_samples"": 1444}, {""accuracy"": 1.0, ""bin_hi"": 0.2, ""bin_lo"": 0.1, ""confidence"": 0.12001662985324696, ""n_samples"": 1}, {""accuracy"": 1.0, ""bin_hi"": 0.30000000000000004, ""bin_lo"": 0.2, ""confidence"": 0.2425613355135532, ""n_samples"": 3}, {""accuracy"": 1.0, ""bin_hi"": 0.4, ""bin_lo"": 0.30000000000000004, ""confidence"": 0.3107745528091594, ""n_samples"": 1}, {""accuracy"": 0.0, ""bin_hi"": 0.5, ""bin_lo"": 0.4, ""confidence"": 0.0, ""n_samples"": 0}, {""accuracy"": 1.0, ""bin_hi"": 0.6000000000000001, ""bin_lo"": 0.5, ""confidence"": 0.5458636216958203, ""n_samples"": 3}, {""accuracy"": 0.0, ""bin_hi"": 0.7000000000000001, ""bin_lo"": 0.6000000000000001, ""confidence"": 0.0, ""n_samples"": 0}, {""accuracy"": 0.0, ""bin_hi"": 0.8, ""bin_lo"": 0.7000000000000001, ""confidence"": 0.0, ""n_samples"": 0}, {""accuracy"": 1.0, ""bin_hi"": 0.9, ""bin_lo"": 0.8, ""confidence"": 0.8742308734110501, ""n_samples"": 3}, {""accuracy"": 0.9944954128440368, ""bin_hi"": 1.0, ""bin_lo"": 0.9, ""confidence"": 0.9996158375746957, ""n_samples"": 545}], ""ece"": 0.027590591836817342}",0.046000000000276486,success,
elkan_noto,scar-pi0.3-scalemid,114,"{""base_estimator"": null, ""calibration_method"": ""sigmoid"", ""eps"": 1e-12, ""mode"": ""weighted_retraining"", ""n_cv_folds"": 5}",scar,0.3,0.5,0.5,True,0,,,0.6597338876835707,,,,,0.2685,False,-0.086505092574644,0.891640866873065,0.9962467786291229,0.9984029761904761,0.9665,0.9410729991204925,0.851520572450805,0.9942544086052625,0.9451190476190476,0.030684383486025108,0.03300526134037647,"{""buckets"": [{""accuracy"": 0.0371900826446281, ""bin_hi"": 0.1, ""bin_lo"": 0.0, ""confidence"": 0.0005805363951725343, ""n_samples"": 1452}, {""accuracy"": 1.0, ""bin_hi"": 0.2, ""bin_lo"": 0.1, ""confidence"": 0.1727579709763683, ""n_samples"": 1}, {""accuracy"": 1.0, ""bin_hi"": 0.30000000000000004, ""bin_lo"": 0.2, ""confidence"": 0.2381301747177275, ""n_samples"": 6}, {""accuracy"": 1.0, ""bin_hi"": 0.4, ""bin_lo"": 0.30000000000000004, ""confidence"": 0.3286170370447772, ""n_samples"": 2}, {""accuracy"": 1.0, ""bin_hi"": 0.5, ""bin_lo"": 0.4, ""confidence"": 0.4287248189337448, ""n_samples"": 2}, {""accuracy"": 1.0, ""bin_hi"": 0.6000000000000001, ""bin_lo"": 0.5, ""confidence"": 0.5536191124570331, ""n_samples"": 4}, {""accuracy"": 1.0, ""bin_hi"": 0.7000000000000001, ""bin_lo"": 0.6000000000000001, ""confidence"": 0.6558208966247785, ""n_samples"": 2}, {""accuracy"": 1.0, ""bin_hi"": 0.8, ""bin_lo"": 0.7000000000000001, ""confidence"": 0.7693067934632986, ""n_samples"": 5}, {""accuracy"": 1.0, ""bin_hi"": 0.9, ""bin_lo"": 0.8, ""confidence"": 0.893490972114191, ""n_samples"": 1}, {""accuracy"": 0.9961904761904762, ""bin_hi"": 1.0, ""bin_lo"": 0.9, ""confidence"": 0.9985444332196031, ""n_samples"": 525}], ""ece"": 0.03300526134037647}",0.04700000000048021,success,
elkan_noto,scar-pi0.3-scalemid,115,"{""base_estimator"": null, ""calibration_method"": ""sigmoid"", ""eps"": 1e-12, ""mode"": ""weighted_retraining"", ""n_cv_folds"": 5}",scar,0.3,0.5,0.5,True,0,,,0.6367835201593188,,,,,0.2705,False,-0.08887167335034635,0.9038461538461539,1.0,0.9986238095238096,0.9695,0.9465381244522348,0.8465639810426541,0.9971029064262118,0.9496428571428572,0.02895738166851286,0.030209293922722234,"{""buckets"": [{""accuracy"": 0.03652653342522398, ""bin_hi"": 0.1, ""bin_lo"": 0.0, ""confidence"": 0.00027193229267406533, ""n_samples"": 1451}, {""accuracy"": 0.6666666666666666, ""bin_hi"": 0.2, ""bin_lo"": 0.1, ""confidence"": 0.16966478124575438, ""n_samples"": 3}, {""accuracy"": 1.0, ""bin_hi"": 0.30000000000000004, ""bin_lo"": 0.2, ""confidence"": 0.21562996713926394, ""n_samples"": 4}, {""accuracy"": 0.0, ""bin_hi"": 0.4, ""bin_lo"": 0.30000000000000004, ""confidence"": 0.0, ""n_samples"": 0}, {""accuracy"": 1.0, ""bin_hi"": 0.5, ""bin_lo"": 0.4, ""confidence"": 0.44812869140713285, ""n_samples"": 1}, {""accuracy"": 1.0, ""bin_hi"": 0.6000000000000001, ""bin_lo"": 0.5, ""confidence"": 0.5795278636213324, ""n_samples"": 1}, {""accuracy"": 0.0, ""bin_hi"": 0.7000000000000001, ""bin_lo"": 0.6000000000000001, ""confidence"": 0.0, ""n_samples"": 0}, {""accuracy"": 1.0, ""bin_hi"": 0.8, ""bin_lo"": 0.7000000000000001, ""confidence"": 0.7584310154994229, ""n_samples"": 2}, {""accuracy"": 1.0, ""bin_hi"": 0.9, ""bin_lo"": 0.8, ""confidence"": 0.8491709920157017, ""n_samples"": 8}, {""accuracy"": 0.9981132075471698, ""bin_hi"": 1.0, ""bin_lo"": 0.9, ""confidence"": 0.9990991742199279, ""n_samples"": 530}], ""ece"": 0.030209293922722234}",0.046000000000276486,success,
elkan_noto,scar-pi0.3-scalemid,116,"{""base_estimator"": null, ""calibration_method"": ""sigmoid"", ""eps"": 1e-12, ""mode"": ""weighted_retraining"", ""n_cv_folds"": 5}",scar,0.3,0.5,0.5,True,0,,,0.6396722235093152,,,,,0.2615,False,-0.07785842225943279,0.8811881188118812,1.0,0.9997321428571428,0.9605,0.9296527159394479,0.849145550972304,0.9993560942452165,0.9346428571428571,0.026172343015429332,0.04222152223004976,"{""buckets"": [{""accuracy"": 0.013418079096045197, ""bin_hi"": 0.1, ""bin_lo"": 0.0, ""confidence"": 0.0017263886215330667, ""n_samples"": 1416}, {""accuracy"": 0.9333333333333333, ""bin_hi"": 0.2, ""bin_lo"": 0.1, ""confidence"": 0.1525050799280691, ""n_samples"": 15}, {""accuracy"": 0.9411764705882353, ""bin_hi"": 0.30000000000000004, ""bin_lo"": 0.2, ""confidence"": 0.26003189647386404, ""n_samples"": 17}, {""accuracy"": 1.0, ""bin_hi"": 0.4, ""bin_lo"": 0.30000000000000004, ""confidence"": 0.35399007120421316, ""n_samples"": 11}, {""accuracy"": 1.0, ""bin_hi"": 0.5, ""bin_lo"": 0.4, ""confidence"": 0.45319849081664226, ""n_samples"": 18}, {""accuracy"": 1.0, ""bin_hi"": 0.6000000000000001, ""bin_lo"": 0.5, ""confidence"": 0.5516965956220511, ""n_samples"": 13}, {""accuracy"": 0.9090909090909091, ""bin_hi"": 0.7000000000000001, ""bin_lo"": 0.6000000000000001, ""confidence"": 0.6410711725746043, ""n_samples"": 11}, {""accuracy"": 1.0, ""bin_hi"": 0.8, ""bin_lo"": 0.7000000000000001, ""confidence"": 0.7595680235650563, ""n_samples"": 18}, {""accuracy"": 1.0, ""bin_hi"": 0.9, ""bin_lo"": 0.8, ""confidence"": 0.8540049634290826, ""n_samples"": 53}, {""accuracy"": 1.0, ""bin_hi"": 1.0, ""bin_lo"": 0.9, ""confidence"": 0.9840992548307648, ""n_samples"": 428}], ""ece"": 0.04222152223004976}",0.04700000000048021,success,
elkan_noto,scar-pi0.3-scalemid,117,"{""base_estimator"": null, ""calibration_method"": ""sigmoid"", ""eps"": 1e-12, ""mode"": ""weighted_retraining"", ""n_cv_folds"": 5}",scar,0.3,0.5,0.5,True,0,,,0.6118781567999019,,,,,0.276,False,-0.0890336470299947,0.9174917491749175,0.9972736404075188,0.9978357142857144,0.969,0.9461805555555556,0.8385385975250442,0.9951028513415988,0.9516666666666667,0.02547197094321146,0.02752274222138194,"{""buckets"": [{""accuracy"": 0.02255109231853418, ""bin_hi"": 0.1, ""bin_lo"": 0.0, ""confidence"": 0.0011446934436889168, ""n_samples"": 1419}, {""accuracy"": 0.7142857142857143, ""bin_hi"": 0.2, ""bin_lo"": 0.1, ""confidence"": 0.15908335323971226, ""n_samples"": 14}, {""accuracy"": 0.5, ""bin_hi"": 0.30000000000000004, ""bin_lo"": 0.2, ""confidence"": 0.24616112951463093, ""n_samples"": 4}, {""accuracy"": 1.0, ""bin_hi"": 0.4, ""bin_lo"": 0.30000000000000004, ""confidence"": 0.330906197559188, ""n_samples"": 6}, {""accuracy"": 1.0, ""bin_hi"": 0.5, ""bin_lo"": 0.4, ""confidence"": 0.46176550604849015, ""n_samples"": 5}, {""accuracy"": 0.7777777777777778, ""bin_hi"": 0.6000000000000001, ""bin_lo"": 0.5, ""confidence"": 0.552426030106973, ""n_samples"": 9}, {""accuracy"": 0.8571428571428571, ""bin_hi"": 0.7000000000000001, ""bin_lo"": 0.6000000000000001, ""confidence"": 0.6520243983816352, ""n_samples"": 7}, {""accuracy"": 1.0, ""bin_hi"": 0.8, ""bin_lo"": 0.7000000000000001, ""confidence"": 0.7573267883236359, ""n_samples"": 9}, {""accuracy"": 0.9583333333333334, ""bin_hi"": 0.9, ""bin_lo"": 0.8, ""confidence"": 0.8482825654271395, ""n_samples"": 24}, {""accuracy"": 0.9940357852882704, ""bin_hi"": 1.0, ""bin_lo"": 0.9, ""confidence"": 0.9957984261295603, ""n_samples"": 503}], ""ece"": 0.02752274222138194}",0.046000000000276486,success,
elkan_noto,scar-pi0.3-scalemid,118,"{""base_estimator"": null, ""calibration_method"": ""sigmoid"", ""eps"": 1e-12, ""mode"": ""weighted_retraining"", ""n_cv_folds"": 5}",scar,0.3,0.5,0.5,True,0,,,0.6450562151993704,,,,,0.2655,False,-0.10538889494927456,0.919093851132686,1.0,0.9991857142857142,0.9645,0.9372236958443855,0.8539325842696629,0.9981732343785475,0.9413095238095238,0.024983833637412,0.039119075300114214,"{""buckets"": [{""accuracy"": 0.010668563300142247, ""bin_hi"": 0.1, ""bin_lo"": 0.0, ""confidence"": 0.0011810476043225828, ""n_samples"": 1406}, {""accuracy"": 0.782608695652174, ""bin_hi"": 0.2, ""bin_lo"": 0.1, ""confidence"": 0.14446761227595206, ""n_samples"": 23}, {""accuracy"": 0.7857142857142857, ""bin_hi"": 0.30000000000000004, ""bin_lo"": 0.2, ""confidence"": 0.260038017049179, ""n_samples"": 14}, {""accuracy"": 1.0, ""bin_hi"": 0.4, ""bin_lo"": 0.30000000000000004, ""confidence"": 0.3442939920119621, ""n_samples"": 9}, {""accuracy"": 1.0, ""bin_hi"": 0.5, ""bin_lo"": 0.4, ""confidence"": 0.4422449583773567, ""n_samples"": 17}, {""accuracy"": 0.9090909090909091, ""bin_hi"": 0.6000000000000001, ""bin_lo"": 0.5, ""confidence"": 0.5423680129071144, ""n_samples"": 11}, {""accuracy"": 1.0, ""bin_hi"": 0.7000000000000001, ""bin_lo"": 0.6000000000000001, ""confidence"": 0.6560928491843625, ""n_samples"": 16}, {""accuracy"": 1.0, ""bin_hi"": 0.8, ""bin_lo"": 0.7000000000000001, ""confidence"": 0.7551924329033441, ""n_samples"": 23}, {""accuracy"": 1.0, ""bin_hi"": 0.9, ""bin_lo"": 0.8, ""confidence"": 0.8467598097788325, ""n_samples"": 35}, {""accuracy"": 1.0, ""bin_hi"": 1.0, ""bin_lo"": 0.9, ""confidence"": 0.9844207307142865, ""n_samples"": 446}], ""ece"": 0.039119075300114214}",0.04700000000048021,success,
elkan_noto,scar-pi0.3-scalemid,119,"{""base_estimator"": null, ""calibration_method"": ""sigmoid"", ""eps"": 1e-12, ""mode"": ""weighted_retraining"", ""n_cv_folds"": 5}",scar,0.3,0.5,0.5,True,0,,,0.6209606803445279,,,,,0.2565,False,-0.05201697139817868,0.8477508650519031,0.9915214795928692,0.9980738095238095,0.9535,0.9164420485175202,0.8433664523670368,0.9958111262396395,0.9239285714285714,0.04130342726395169,0.04303149548470206,"{""buckets"": [{""accuracy"": 0.048431105047748974, ""bin_hi"": 0.1, ""bin_lo"": 0.0, ""confidence"": 0.0006768557024041341, ""n_samples"": 1466}, {""accuracy"": 0.7777777777777778, ""bin_hi"": 0.2, ""bin_lo"": 0.1, ""confidence"": 0.14832262239976393, ""n_samples"": 9}, {""accuracy"": 1.0, ""bin_hi"": 0.30000000000000004, ""bin_lo"": 0.2, ""confidence"": 0.2418689059823713, ""n_samples"": 6}, {""accuracy"": 1.0, ""bin_hi"": 0.4, ""bin_lo"": 0.30000000000000004, ""confidence"": 0.38914341732705093, ""n_samples"": 1}, {""accuracy"": 1.0, ""bin_hi"": 0.5, ""bin_lo"": 0.4, ""confidence"": 0.4592683798519014, ""n_samples"": 5}, {""accuracy"": 0.0, ""bin_hi"": 0.6000000000000001, ""bin_lo"": 0.5, ""confidence"": 0.5376963641352289, ""n_samples"": 1}, {""accuracy"": 1.0, ""bin_hi"": 0.7000000000000001, ""bin_lo"": 0.6000000000000001, ""confidence"": 0.6730445302443593, ""n_samples"": 4}, {""accuracy"": 1.0, ""bin_hi"": 0.8, ""bin_lo"": 0.7000000000000001, ""confidence"": 0.7378309313211248, ""n_samples"": 2}, {""accuracy"": 0.8571428571428571, ""bin_hi"": 0.9, ""bin_lo"": 0.8, ""confidence"": 0.8537285296685138, ""n_samples"": 7}, {""accuracy"": 0.9979959919839679, ""bin_hi"": 1.0, ""bin_lo"": 0.9, ""confidence"": 0.9982627397001429, ""n_samples"": 499}], ""ece"": 0.04303149548470206}",0.06199999999989814,success,
elkan_noto,scar-pi0.5-scalesmall,100,"{""base_estimator"": null, ""calibration_method"": ""sigmoid"", ""eps"": 1e-12, ""mode"": ""weighted_retraining"", ""n_cv_folds"": 5}",scar,0.5,0.5,0.5,True,0,,,0.5177329091298805,,,,,0.49,False,-0.13647507968197264,0.978494623655914,0.9984639016897082,0.996275,0.975,0.9747474747474747,0.6579804560260586,0.996523239074847,0.975,0.02541463954677904,0.02786723063657831,"{""buckets"": [{""accuracy"": 0.0297029702970297, ""bin_hi"": 0.1, ""bin_lo"": 0.0, ""confidence"": 0.00026553487836067987, ""n_samples"": 202}, {""accuracy"": 0.0, ""bin_hi"": 0.2, ""bin_lo"": 0.1, ""confidence"": 0.0, ""n_samples"": 0}, {""accuracy"": 0.0, ""bin_hi"": 0.30000000000000004, ""bin_lo"": 0.2, ""confidence"": 0.0, ""n_samples"": 0}, {""accuracy"": 1.0, ""bin_hi"": 0.4, ""bin_lo"": 0.30000000000000004, ""confidence"": 0.30684846709184205, ""n_samples"": 1}, {""accuracy"": 0.0, ""bin_hi"": 0.5, ""bin_lo"": 0.4, ""confidence"": 0.40439016264317673, ""n_samples"": 1}, {""accuracy"": 1.0, ""bin_hi"": 0.6000000000000001, ""bin_lo"": 0.5, ""confidence"": 0.5529161101264991, ""n_samples"": 3}, {""accuracy"": 1.0, ""bin_hi"": 0.7000000000000001, ""bin_lo"": 0.6000000000000001, ""confidence"": 0.6819258830483655, ""n_samples"": 1}, {""accuracy"": 1.0, ""bin_hi"": 0.8, ""bin_lo"": 0.7000000000000001, ""confidence"": 0.7920825551713402, ""n_samples"": 1}, {""accuracy"": 0.75, ""bin_hi"": 0.9, ""bin_lo"": 0.8, ""confidence"": 0.8471490751682891, ""n_samples"": 4}, {""accuracy"": 0.9893048128342246, ""bin_hi"": 1.0, ""bin_lo"": 0.9, ""confidence"": 0.9991826153606144, ""n_samples"": 187}], ""ece"": 0.02786723063657831}",0.04700000000048021,success,
elkan_noto,scar-pi0.5-scalesmall,101,"{""base_estimator"": null, ""calibration_method"": ""sigmoid"", ""eps"": 1e-12, ""mode"": ""weighted_retraining"", ""n_cv_folds"": 5}",scar,0.5,0.5,0.5,True,0,,,0.544779021195406,,,,,0.485,False,-0.13903916164812358,0.9690721649484536,0.9990434690190244,0.9964500000000001,0.965,0.9644670050761421,0.66996699669967,0.996432738404714,0.965,0.032452451061155144,0.03534571982899649,"{""buckets"": [{""accuracy"": 0.03940886699507389, ""bin_hi"": 0.1, ""bin_lo"": 0.0, ""confidence"": 0.00018859718009311125, ""n_samples"": 203}, {""accuracy"": 0.5, ""bin_hi"": 0.2, ""bin_lo"": 0.1, ""confidence"": 0.15138990246867107, ""n_samples"": 2}, {""accuracy"": 1.0, ""bin_hi"": 0.30000000000000004, ""bin_lo"": 0.2, ""confidence"": 0.29176805085412244, ""n_samples"": 1}, {""accuracy"": 0.0, ""bin_hi"": 0.4, ""bin_lo"": 0.30000000000000004, ""confidence"": 0.0, ""n_samples"": 0}, {""accuracy"": 0.0, ""bin_hi"": 0.5, ""bin_lo"": 0.4, ""confidence"": 0.0, ""n_samples"": 0}, {""accuracy"": 1.0, ""bin_hi"": 0.6000000000000001, ""bin_lo"": 0.5, ""confidence"": 0.5652326968552388, ""n_samples"": 1}, {""accuracy"": 1.0, ""bin_hi"": 0.7000000000000001, ""bin_lo"": 0.6000000000000001, ""confidence"": 0.6759683645593063, ""n_samples"": 2}, {""accuracy"": 0.0, ""bin_hi"": 0.8, ""bin_lo"": 0.7000000000000001, ""confidence"": 0.7189106620215403, ""n_samples"": 1}, {""accuracy"": 0.0, ""bin_hi"": 0.9, ""bin_lo"": 0.8, ""confidence"": 0.0, ""n_samples"": 0}, {""accuracy"": 0.9842105263157894, ""bin_hi"": 1.0, ""bin_lo"": 0.9, ""confidence"": 0.9998388409415856, ""n_samples"": 190}], ""ece"": 0.03534571982899649}",0.046000000000276486,success,
elkan_noto,scar-pi0.5-scalesmall,102,"{""base_estimator"": null, ""calibration_method"": ""sigmoid"", ""eps"": 1e-12, ""mode"": ""weighted_retraining"", ""n_cv_folds"": 5}",scar,0.5,0.5,0.5,True,0,,,0.5570925782270636,,,,,0.4675,False,-0.10025504211550723,0.9191919191919192,0.9830929617025873,0.99095,0.9475,0.9457364341085271,0.6810631229235881,0.9921358619687535,0.9475,0.043136193002100726,0.04463575313791699,"{""buckets"": [{""accuracy"": 0.05339805825242718, ""bin_hi"": 0.1, ""bin_lo"": 0.0, ""confidence"": 0.0013106773612900871, ""n_samples"": 206}, {""accuracy"": 1.0, ""bin_hi"": 0.2, ""bin_lo"": 0.1, ""confidence"": 0.10945623459315605, ""n_samples"": 1}, {""accuracy"": 0.6666666666666666, ""bin_hi"": 0.30000000000000004, ""bin_lo"": 0.2, ""confidence"": 0.23335957278788289, ""n_samples"": 3}, {""accuracy"": 0.0, ""bin_hi"": 0.4, ""bin_lo"": 0.30000000000000004, ""confidence"": 0.0, ""n_samples"": 0}, {""accuracy"": 1.0, ""bin_hi"": 0.5, ""bin_lo"": 0.4, ""confidence"": 0.4557384877589972, ""n_samples"": 3}, {""accuracy"": 1.0, ""bin_hi"": 0.6000000000000001, ""bin_lo"": 0.5, ""confidence"": 0.5448727549754743, ""n_samples"": 1}, {""accuracy"": 0.0, ""bin_hi"": 0.7000000000000001, ""bin_lo"": 0.6000000000000001, ""confidence"": 0.0, ""n_samples"": 0}, {""accuracy"": 0.0, ""bin_hi"": 0.8, ""bin_lo"": 0.7000000000000001, ""confidence"": 0.0, ""n_samples"": 0}, {""accuracy"": 0.6, ""bin_hi"": 0.9, ""bin_lo"": 0.8, ""confidence"": 0.8479326419445155, ""n_samples"": 5}, {""accuracy"": 0.988950276243094, ""bin_hi"": 1.0, ""bin_lo"": 0.9, ""confidence"": 0.9978246450446367, ""n_samples"": 181}], ""ece"": 0.04463575313791699}",0.06300000000010186,success,
elkan_noto,scar-pi0.5-scalesmall,103,"{""base_estimator"": null, ""calibration_method"": ""sigmoid"", ""eps"": 1e-12, ""mode"": ""weighted_retraining"", ""n_cv_folds"": 5}",scar,0.5,0.5,0.5,True,0,,,0.5704764264743226,,,,,0.5125,False,-0.15277024656310806,0.9906542056074766,0.9664919079097334,0.9917874999999999,0.9775,0.9777777777777777,0.6621160409556314,0.9841945237930755,0.9775,0.018419012318837108,0.021911541213877554,"{""buckets"": [{""accuracy"": 0.0, ""bin_hi"": 0.1, ""bin_lo"": 0.0, ""confidence"": 0.00020459758818160666, ""n_samples"": 192}, {""accuracy"": 1.0, ""bin_hi"": 0.2, ""bin_lo"": 0.1, ""confidence"": 0.13399305362987235, ""n_samples"": 1}, {""accuracy"": 0.0, ""bin_hi"": 0.30000000000000004, ""bin_lo"": 0.2, ""confidence"": 0.29653254354448905, ""n_samples"": 1}, {""accuracy"": 0.0, ""bin_hi"": 0.4, ""bin_lo"": 0.30000000000000004, ""confidence"": 0.0, ""n_samples"": 0}, {""accuracy"": 1.0, ""bin_hi"": 0.5, ""bin_lo"": 0.4, ""confidence"": 0.41092776188351543, ""n_samples"": 1}, {""accuracy"": 1.0, ""bin_hi"": 0.6000000000000001, ""bin_lo"": 0.5, ""confidence"": 0.5568757303882854, ""n_samples"": 1}, {""accuracy"": 0.0, ""bin_hi"": 0.7000000000000001, ""bin_lo"": 0.6000000000000001, ""confidence"": 0.6553858110729236, ""n_samples"": 1}, {""accuracy"": 0.0, ""bin_hi"": 0.8, ""bin_lo"": 0.7000000000000001, ""confidence"": 0.7867648142906043, ""n_samples"": 1}, {""accuracy"": 1.0, ""bin_hi"": 0.9, ""bin_lo"": 0.8, ""confidence"": 0.8710153605922221, ""n_samples"": 1}, {""accuracy"": 0.9751243781094527, ""bin_hi"": 1.0, ""bin_lo"": 0.9, ""confidence"": 0.9997983208268957, ""n_samples"": 201}], ""ece"": 0.021911541213877554}",0.04699999999957072,success,
elkan_noto,scar-pi0.5-scalesmall,104,"{""base_estimator"": null, ""calibration_method"": ""sigmoid"", ""eps"": 1e-12, ""mode"": ""weighted_retraining"", ""n_cv_folds"": 5}",scar,0.5,0.5,0.5,True,0,,,0.5693532714456713,,,,,0.48,False,-0.12474012474012475,0.9423076923076923,0.9815705128205129,0.9958250000000001,0.955,0.9540816326530612,0.6824324324324325,0.9959799590623345,0.9550000000000001,0.03897708722750702,0.03945970394168388,"{""buckets"": [{""accuracy"": 0.04433497536945813, ""bin_hi"": 0.1, ""bin_lo"": 0.0, ""confidence"": 0.0014284203344893207, ""n_samples"": 203}, {""accuracy"": 0.5, ""bin_hi"": 0.2, ""bin_lo"": 0.1, ""confidence"": 0.14128374431861596, ""n_samples"": 2}, {""accuracy"": 1.0, ""bin_hi"": 0.30000000000000004, ""bin_lo"": 0.2, ""confidence"": 0.24172919883441651, ""n_samples"": 2}, {""accuracy"": 1.0, ""bin_hi"": 0.4, ""bin_lo"": 0.30000000000000004, ""confidence"": 0.37587391865273434, ""n_samples"": 1}, {""accuracy"": 0.0, ""bin_hi"": 0.5, ""bin_lo"": 0.4, ""confidence"": 0.0, ""n_samples"": 0}, {""accuracy"": 0.0, ""bin_hi"": 0.6000000000000001, ""bin_lo"": 0.5, ""confidence"": 0.0, ""n_samples"": 0}, {""accuracy"": 0.0, ""bin_hi"": 0.7000000000000001, ""bin_lo"": 0.6000000000000001, ""confidence"": 0.0, ""n_samples"": 0}, {""accuracy"": 0.5, ""bin_hi"": 0.8, ""bin_lo"": 0.7000000000000001, ""confidence"": 0.7134160586150579, ""n_samples"": 2}, {""accuracy"": 0.0, ""bin_hi"": 0.9, ""bin_lo"": 0.8, ""confidence"": 0.8631221504195729, ""n_samples"": 1}, {""accuracy"": 0.9841269841269841, ""bin_hi"": 1.0, ""bin_lo"": 0.9, ""confidence"": 0.9996073885813967, ""n_samples"": 189}], ""ece"": 0.03945970394168388}",0.04699999999957072,success,
elkan_noto,scar-pi0.5-scalesmall,105,"{""base_estimator"": null, ""calibration_method"": ""sigmoid"", ""eps"": 1e-12, ""mode"": ""weighted_retraining"", ""n_cv_folds"": 5}",scar,0.5,0.5,0.5,True,0,,,0.5320980212151699,,,,,0.5025,False,-0.1258154243517997,0.9702970297029703,0.9654696812964879,0.998025,0.9775,0.9775561097256857,0.6555183946488294,0.9981112093660053,0.9775,0.02110069510260502,0.024538187636991077,"{""buckets"": [{""accuracy"": 0.015706806282722512, ""bin_hi"": 0.1, ""bin_lo"": 0.0, ""confidence"": 0.0005919826518733978, ""n_samples"": 191}, {""accuracy"": 0.0, ""bin_hi"": 0.2, ""bin_lo"": 0.1, ""confidence"": 0.14837973478914512, ""n_samples"": 2}, {""accuracy"": 0.0, ""bin_hi"": 0.30000000000000004, ""bin_lo"": 0.2, ""confidence"": 0.25186998053694093, ""n_samples"": 3}, {""accuracy"": 0.0, ""bin_hi"": 0.4, ""bin_lo"": 0.30000000000000004, ""confidence"": 0.37632464820199835, ""n_samples"": 2}, {""accuracy"": 1.0, ""bin_hi"": 0.5, ""bin_lo"": 0.4, ""confidence"": 0.46961731216979063, ""n_samples"": 1}, {""accuracy"": 1.0, ""bin_hi"": 0.6000000000000001, ""bin_lo"": 0.5, ""confidence"": 0.5219883914775914, ""n_samples"": 1}, {""accuracy"": 0.5, ""bin_hi"": 0.7000000000000001, ""bin_lo"": 0.6000000000000001, ""confidence"": 0.6695746118022881, ""n_samples"": 2}, {""accuracy"": 0.0, ""bin_hi"": 0.8, ""bin_lo"": 0.7000000000000001, ""confidence"": 0.0, ""n_samples"": 0}, {""accuracy"": 0.0, ""bin_hi"": 0.9, ""bin_lo"": 0.8, ""confidence"": 0.0, ""n_samples"": 0}, {""accuracy"": 0.9797979797979798, ""bin_hi"": 1.0, ""bin_lo"": 0.9, ""confidence"": 0.9988675834027977, ""n_samples"": 198}], ""ece"": 0.024538187636991077}",0.04699999999957072,success,
elkan_noto,scar-pi0.5-scalesmall,106,"{""base_estimator"": null, ""calibration_method"": ""sigmoid"", ""eps"": 1e-12, ""mode"": ""weighted_retraining"", ""n_cv_folds"": 5}",scar,0.5,0.5,0.5,True,0,,,0.5452016071444996,,,,,0.46,False,-0.09775668679896465,0.9157894736842105,0.9954233409610983,0.997175,0.96,0.9583333333333334,0.6819672131147541,0.9973555579798834,0.96,0.031435748426111035,0.04055919329815371,"{""buckets"": [{""accuracy"": 0.043478260869565216, ""bin_hi"": 0.1, ""bin_lo"": 0.0, ""confidence"": 0.002250598789019931, ""n_samples"": 207}, {""accuracy"": 0.3333333333333333, ""bin_hi"": 0.2, ""bin_lo"": 0.1, ""confidence"": 0.12197012253805807, ""n_samples"": 3}, {""accuracy"": 1.0, ""bin_hi"": 0.30000000000000004, ""bin_lo"": 0.2, ""confidence"": 0.2821093278134422, ""n_samples"": 2}, {""accuracy"": 1.0, ""bin_hi"": 0.4, ""bin_lo"": 0.30000000000000004, ""confidence"": 0.36715785699137204, ""n_samples"": 3}, {""accuracy"": 1.0, ""bin_hi"": 0.5, ""bin_lo"": 0.4, ""confidence"": 0.47261515443307706, ""n_samples"": 1}, {""accuracy"": 0.0, ""bin_hi"": 0.6000000000000001, ""bin_lo"": 0.5, ""confidence"": 0.0, ""n_samples"": 0}, {""accuracy"": 1.0, ""bin_hi"": 0.7000000000000001, ""bin_lo"": 0.6000000000000001, ""confidence"": 0.6386189253816315, ""n_samples"": 1}, {""accuracy"": 1.0, ""bin_hi"": 0.8, ""bin_lo"": 0.7000000000000001, ""confidence"": 0.7665573522422556, ""n_samples"": 6}, {""accuracy"": 1.0, ""bin_hi"": 0.9, ""bin_lo"": 0.8, ""confidence"": 0.8613375798119396, ""n_samples"": 4}, {""accuracy"": 1.0, ""bin_hi"": 1.0, ""bin_lo"": 0.9, ""confidence"": 0.9949301596802325, ""n_samples"": 173}], ""ece"": 0.04055919329815371}",0.04699999999957072,success,
elkan_noto,scar-pi0.5-scalesmall,107,"{""base_estimator"": null, ""calibration_method"": ""sigmoid"", ""eps"": 1e-12, ""mode"": ""weighted_retraining"", ""n_cv_folds"": 5}",scar,0.5,0.5,0.5,True,0,,,0.5152376520852135,,,,,0.4475,False,-0.11538759239908664,0.9382716049382716,1.0,0.9987250000000001,0.9475,0.9445910290237467,0.677115987460815,0.9987804127328198,0.9475,0.04542642236711052,0.0993585474602633,"{""buckets"": [{""accuracy"": 0.005235602094240838, ""bin_hi"": 0.1, ""bin_lo"": 0.0, ""confidence"": 0.013492177766480208, ""n_samples"": 191}, {""accuracy"": 0.4, ""bin_hi"": 0.2, ""bin_lo"": 0.1, ""confidence"": 0.14703317775670258, ""n_samples"": 15}, {""accuracy"": 0.8, ""bin_hi"": 0.30000000000000004, ""bin_lo"": 0.2, ""confidence"": 0.24917064278445394, ""n_samples"": 5}, {""accuracy"": 1.0, ""bin_hi"": 0.4, ""bin_lo"": 0.30000000000000004, ""confidence"": 0.330972142954389, ""n_samples"": 4}, {""accuracy"": 1.0, ""bin_hi"": 0.5, ""bin_lo"": 0.4, ""confidence"": 0.47143809087302047, ""n_samples"": 6}, {""accuracy"": 1.0, ""bin_hi"": 0.6000000000000001, ""bin_lo"": 0.5, ""confidence"": 0.5575088753975456, ""n_samples"": 12}, {""accuracy"": 1.0, ""bin_hi"": 0.7000000000000001, ""bin_lo"": 0.6000000000000001, ""confidence"": 0.6582850094639178, ""n_samples"": 18}, {""accuracy"": 1.0, ""bin_hi"": 0.8, ""bin_lo"": 0.7000000000000001, ""confidence"": 0.7604782179440536, ""n_samples"": 28}, {""accuracy"": 1.0, ""bin_hi"": 0.9, ""bin_lo"": 0.8, ""confidence"": 0.8582784457482507, ""n_samples"": 30}, {""accuracy"": 1.0, ""bin_hi"": 1.0, ""bin_lo"": 0.9, ""confidence"": 0.9631729540874926, ""n_samples"": 91}], ""ece"": 0.0993585474602633}",0.04700000000048021,success,
elkan_noto,scar-pi0.5-scalesmall,108,"{""base_estimator"": null, ""calibration_method"": ""sigmoid"", ""eps"": 1e-12, ""mode"": ""weighted_retraining"", ""n_cv_folds"": 5}",scar,0.5,0.5,0.5,True,0,,,0.5653991968741044,,,,,0.45,False,-0.18859234352562082,0.978494623655914,1.0,0.9991749999999999,0.95,0.9473684210526315,0.7100977198697068,0.9991848098851162,0.95,0.046019245594155454,0.0488948172984704,"{""buckets"": [{""accuracy"": 0.07407407407407407, ""bin_hi"": 0.1, ""bin_lo"": 0.0, ""confidence"": 2.7534264137050117e-05, ""n_samples"": 216}, {""accuracy"": 1.0, ""bin_hi"": 0.2, ""bin_lo"": 0.1, ""confidence"": 0.17491540478394507, ""n_samples"": 2}, {""accuracy"": 1.0, ""bin_hi"": 0.30000000000000004, ""bin_lo"": 0.2, ""confidence"": 0.276558341957855, ""n_samples"": 1}, {""accuracy"": 1.0, ""bin_hi"": 0.4, ""bin_lo"": 0.30000000000000004, ""confidence"": 0.3096150253643948, ""n_samples"": 1}, {""accuracy"": 0.0, ""bin_hi"": 0.5, ""bin_lo"": 0.4, ""confidence"": 0.0, ""n_samples"": 0}, {""accuracy"": 0.0, ""bin_hi"": 0.6000000000000001, ""bin_lo"": 0.5, ""confidence"": 0.0, ""n_samples"": 0}, {""accuracy"": 0.0, ""bin_hi"": 0.7000000000000001, ""bin_lo"": 0.6000000000000001, ""confidence"": 0.0, ""n_samples"": 0}, {""accuracy"": 0.0, ""bin_hi"": 0.8, ""bin_lo"": 0.7000000000000001, ""confidence"": 0.0, ""n_samples"": 0}, {""accuracy"": 1.0, ""bin_hi"": 0.9, ""bin_lo"": 0.8, ""confidence"": 0.8680467618550062, ""n_samples"": 3}, {""accuracy"": 1.0, ""bin_hi"": 1.0, ""bin_lo"": 0.9, ""confidence"": 0.9994123232604694, ""n_samples"": 177}], ""ece"": 0.0488948172984704}",0.03099999999994907,success,
elkan_noto,scar-pi0.5-scalesmall,109,"{""base_estimator"": null, ""calibration_method"": ""sigmoid"", ""eps"": 1e-12, ""mode"": ""weighted_retraining"", ""n_cv_folds"": 5}",scar,0.5,0.5,0.5,True,0,,,0.6103226986667629,,,,,0.44,False,-0.13652708312902484,0.912621359223301,1.0,0.991675,0.93,0.925531914893617,0.7239057239057239,0.9918385472354009,0.9299999999999999,0.06061819963714348,0.07173758519603576,"{""buckets"": [{""accuracy"": 0.06698564593301436, ""bin_hi"": 0.1, ""bin_lo"": 0.0, ""confidence"": 0.0011195596202674767, ""n_samples"": 209}, {""accuracy"": 0.8571428571428571, ""bin_hi"": 0.2, ""bin_lo"": 0.1, ""confidence"": 0.1449050609291614, ""n_samples"": 7}, {""accuracy"": 0.6, ""bin_hi"": 0.30000000000000004, ""bin_lo"": 0.2, ""confidence"": 0.2461330181952835, ""n_samples"": 5}, {""accuracy"": 0.0, ""bin_hi"": 0.4, ""bin_lo"": 0.30000000000000004, ""confidence"": 0.0, ""n_samples"": 0}, {""accuracy"": 1.0, ""bin_hi"": 0.5, ""bin_lo"": 0.4, ""confidence"": 0.4504913932779127, ""n_samples"": 3}, {""accuracy"": 1.0, ""bin_hi"": 0.6000000000000001, ""bin_lo"": 0.5, ""confidence"": 0.5548453762476829, ""n_samples"": 3}, {""accuracy"": 1.0, ""bin_hi"": 0.7000000000000001, ""bin_lo"": 0.6000000000000001, ""confidence"": 0.6526569374107881, ""n_samples"": 3}, {""accuracy"": 1.0, ""bin_hi"": 0.8, ""bin_lo"": 0.7000000000000001, ""confidence"": 0.7698280542920424, ""n_samples"": 9}, {""accuracy"": 1.0, ""bin_hi"": 0.9, ""bin_lo"": 0.8, ""confidence"": 0.8789397046899975, ""n_samples"": 8}, {""accuracy"": 0.9869281045751634, ""bin_hi"": 1.0, ""bin_lo"": 0.9, ""confidence"": 0.994169763421492, ""n_samples"": 153}], ""ece"": 0.07173758519603576}",0.03099999999994907,success,
elkan_noto,scar-pi0.5-scalesmall,110,"{""base_estimator"": null, ""calibration_method"": ""sigmoid"", ""eps"": 1e-12, ""mode"": ""weighted_retraining"", ""n_cv_folds"": 5}",scar,0.5,0.5,0.5,True,0,,,0.6071264380459145,,,,,0.45,False,-0.14921055212317347,0.9320388349514563,1.0,0.9978,0.95,0.9473684210526315,0.7171717171717171,0.9979794729214496,0.95,0.03796836818644576,0.06789789053600834,"{""buckets"": [{""accuracy"": 0.029411764705882353, ""bin_hi"": 0.1, ""bin_lo"": 0.0, ""confidence"": 0.0061009807107253585, ""n_samples"": 204}, {""accuracy"": 0.6, ""bin_hi"": 0.2, ""bin_lo"": 0.1, ""confidence"": 0.15452347858322374, ""n_samples"": 5}, {""accuracy"": 1.0, ""bin_hi"": 0.30000000000000004, ""bin_lo"": 0.2, ""confidence"": 0.27662202944171754, ""n_samples"": 5}, {""accuracy"": 1.0, ""bin_hi"": 0.4, ""bin_lo"": 0.30000000000000004, ""confidence"": 0.3096898504064849, ""n_samples"": 1}, {""accuracy"": 1.0, ""bin_hi"": 0.5, ""bin_lo"": 0.4, ""confidence"": 0.477321319461264, ""n_samples"": 5}, {""accuracy"": 1.0, ""bin_hi"": 0.6000000000000001, ""bin_lo"": 0.5, ""confidence"": 0.5441185519571097, ""n_samples"": 4}, {""accuracy"": 1.0, ""bin_hi"": 0.7000000000000001, ""bin_lo"": 0.6000000000000001, ""confidence"": 0.653439845744019, ""n_samples"": 8}, {""accuracy"": 1.0, ""bin_hi"": 0.8, ""bin_lo"": 0.7000000000000001, ""confidence"": 0.7663426496206956, ""n_samples"": 12}, {""accuracy"": 1.0, ""bin_hi"": 0.9, ""bin_lo"": 0.8, ""confidence"": 0.8449694530810656, ""n_samples"": 19}, {""accuracy"": 1.0, ""bin_hi"": 1.0, ""bin_lo"": 0.9, ""confidence"": 0.9787569004014745, ""n_samples"": 137}], ""ece"": 0.06789789053600834}",0.04700000000048021,success,
elkan_noto,scar-pi0.5-scalesmall,111,"{""base_estimator"": null, ""calibration_method"": ""sigmoid"", ""eps"": 1e-12, ""mode"": ""weighted_retraining"", ""n_cv_folds"": 5}",scar,0.5,0.5,0.5,True,0,,,0.5802941131396948,,,,,0.4675,False,-0.15666666666666668,0.96,1.0,0.997525,0.9625,0.9612403100775194,0.6966666666666667,0.9976114059406618,0.9625,0.0352912943094468,0.038358073230189964,"{""buckets"": [{""accuracy"": 0.05687203791469194, ""bin_hi"": 0.1, ""bin_lo"": 0.0, ""confidence"": 4.095142075449683e-05, ""n_samples"": 211}, {""accuracy"": 0.0, ""bin_hi"": 0.2, ""bin_lo"": 0.1, ""confidence"": 0.0, ""n_samples"": 0}, {""accuracy"": 1.0, ""bin_hi"": 0.30000000000000004, ""bin_lo"": 0.2, ""confidence"": 0.21748572316266743, ""n_samples"": 1}, {""accuracy"": 0.0, ""bin_hi"": 0.4, ""bin_lo"": 0.30000000000000004, ""confidence"": 0.0, ""n_samples"": 0}, {""accuracy"": 1.0, ""bin_hi"": 0.5, ""bin_lo"": 0.4, ""confidence"": 0.4823005885859342, ""n_samples"": 1}, {""accuracy"": 0.0, ""bin_hi"": 0.6000000000000001, ""bin_lo"": 0.5, ""confidence"": 0.0, ""n_samples"": 0}, {""accuracy"": 1.0, ""bin_hi"": 0.7000000000000001, ""bin_lo"": 0.6000000000000001, ""confidence"": 0.6490178226416976, ""n_samples"": 2}, {""accuracy"": 0.0, ""bin_hi"": 0.8, ""bin_lo"": 0.7000000000000001, ""confidence"": 0.0, ""n_samples"": 0}, {""accuracy"": 1.0, ""bin_hi"": 0.9, ""bin_lo"": 0.8, ""confidence"": 0.8039460675441288, ""n_samples"": 2}, {""accuracy"": 0.994535519125683, ""bin_hi"": 1.0, ""bin_lo"": 0.9, ""confidence"": 0.9997682193113412, ""n_samples"": 183}], ""ece"": 0.038358073230189964}",0.04699999999957072,success,
elkan_noto,scar-pi0.5-scalesmall,112,"{""base_estimator"": null, ""calibration_method"": ""sigmoid"", ""eps"": 1e-12, ""mode"": ""weighted_retraining"", ""n_cv_folds"": 5}",scar,0.5,0.5,0.5,True,0,,,0.526513285011709,,,,,0.505,False,-0.1309607704956542,0.9797979797979798,0.97009700970097,0.998425,0.975,0.9751243781094527,0.6511627906976745,0.9984292849536961,0.975,0.022804563303788983,0.0239483295405081,"{""buckets"": [{""accuracy"": 0.02030456852791878, ""bin_hi"": 0.1, ""bin_lo"": 0.0, ""confidence"": 0.0005752410093501664, ""n_samples"": 197}, {""accuracy"": 0.0, ""bin_hi"": 0.2, ""bin_lo"": 0.1, ""confidence"": 0.0, ""n_samples"": 0}, {""accuracy"": 0.0, ""bin_hi"": 0.30000000000000004, ""bin_lo"": 0.2, ""confidence"": 0.2025641273418762, ""n_samples"": 1}, {""accuracy"": 0.0, ""bin_hi"": 0.4, ""bin_lo"": 0.30000000000000004, ""confidence"": 0.0, ""n_samples"": 0}, {""accuracy"": 0.0, ""bin_hi"": 0.5, ""bin_lo"": 0.4, ""confidence"": 0.0, ""n_samples"": 0}, {""accuracy"": 0.0, ""bin_hi"": 0.6000000000000001, ""bin_lo"": 0.5, ""confidence"": 0.0, ""n_samples"": 0}, {""accuracy"": 0.0, ""bin_hi"": 0.7000000000000001, ""bin_lo"": 0.6000000000000001, ""confidence"": 0.0, ""n_samples"": 0}, {""accuracy"": 0.0, ""bin_hi"": 0.8, ""bin_lo"": 0.7000000000000001, ""confidence"": 0.7025016304161271, ""n_samples"": 1}, {""accuracy"": 0.0, ""bin_hi"": 0.9, ""bin_lo"": 0.8, ""confidence"": 0.8745126412066101, ""n_samples"": 1}, {""accuracy"": 0.98, ""bin_hi"": 1.0, ""bin_lo"": 0.9, ""confidence"": 0.999565379480403, ""n_samples"": 200}], ""ece"": 0.0239483295405081}",0.03099999999994907,success,
elkan_noto,scar-pi0.5-scalesmall,113,"{""base_estimator"": null, ""calibration_method"": ""sigmoid"", ""eps"": 1e-12, ""mode"": ""weighted_retraining"", ""n_cv_folds"": 5}",scar,0.5,0.5,0.5,True,0,,,0.5574595102857338,,,,,0.5175,False,-0.16095890410958902,1.0,0.9661835748792271,0.999925,0.9825,0.9828009828009828,0.660958904109589,0.9999261083743842,0.9824999999999999,0.01612060911063874,0.01776593903592251,"{""buckets"": [{""accuracy"": 0.0, ""bin_hi"": 0.1, ""bin_lo"": 0.0, ""confidence"": 0.0007722794549118749, ""n_samples"": 191}, {""accuracy"": 0.0, ""bin_hi"": 0.2, ""bin_lo"": 0.1, ""confidence"": 0.16967332152346118, ""n_samples"": 2}, {""accuracy"": 0.0, ""bin_hi"": 0.30000000000000004, ""bin_lo"": 0.2, ""confidence"": 0.0, ""n_samples"": 0}, {""accuracy"": 0.0, ""bin_hi"": 0.4, ""bin_lo"": 0.30000000000000004, ""confidence"": 0.0, ""n_samples"": 0}, {""accuracy"": 0.0, ""bin_hi"": 0.5, ""bin_lo"": 0.4, ""confidence"": 0.0, ""n_samples"": 0}, {""accuracy"": 0.0, ""bin_hi"": 0.6000000000000001, ""bin_lo"": 0.5, ""confidence"": 0.0, ""n_samples"": 0}, {""accuracy"": 0.0, ""bin_hi"": 0.7000000000000001, ""bin_lo"": 0.6000000000000001, ""confidence"": 0.6202489766398729, ""n_samples"": 1}, {""accuracy"": 0.0, ""bin_hi"": 0.8, ""bin_lo"": 0.7000000000000001, ""confidence"": 0.0, ""n_samples"": 0}, {""accuracy"": 0.0, ""bin_hi"": 0.9, ""bin_lo"": 0.8, ""confidence"": 0.0, ""n_samples"": 0}, {""accuracy"": 0.970873786407767, ""bin_hi"": 1.0, ""bin_lo"": 0.9, ""confidence"": 0.9999964787320099, ""n_samples"": 206}], ""ece"": 0.01776593903592251}",0.03099999999994907,success,
elkan_noto,scar-pi0.5-scalesmall,114,"{""base_estimator"": null, ""calibration_method"": ""sigmoid"", ""eps"": 1e-12, ""mode"": ""weighted_retraining"", ""n_cv_folds"": 5}",scar,0.5,0.5,0.5,True,0,,,0.571541618020771,,,,,0.47,False,-0.11929201210685614,0.9313725490196079,0.9908218606591573,0.99255,0.95,0.9484536082474226,0.6879194630872483,0.9923892804945094,0.95,0.0409657813849937,0.042546627229814525,"{""buckets"": [{""accuracy"": 0.04878048780487805, ""bin_hi"": 0.1, ""bin_lo"": 0.0, ""confidence"": 0.0016693058949996027, ""n_samples"": 205}, {""accuracy"": 1.0, ""bin_hi"": 0.2, ""bin_lo"": 0.1, ""confidence"": 0.16457561377306806, ""n_samples"": 3}, {""accuracy"": 0.5, ""bin_hi"": 0.30000000000000004, ""bin_lo"": 0.2, ""confidence"": 0.21595546349574601, ""n_samples"": 2}, {""accuracy"": 1.0, ""bin_hi"": 0.4, ""bin_lo"": 0.30000000000000004, ""confidence"": 0.35497792983973964, ""n_samples"": 1}, {""accuracy"": 1.0, ""bin_hi"": 0.5, ""bin_lo"": 0.4, ""confidence"": 0.4829213239877424, ""n_samples"": 1}, {""accuracy"": 1.0, ""bin_hi"": 0.6000000000000001, ""bin_lo"": 0.5, ""confidence"": 0.50381820502673, ""n_samples"": 1}, {""accuracy"": 0.5, ""bin_hi"": 0.7000000000000001, ""bin_lo"": 0.6000000000000001, ""confidence"": 0.6651891861785679, ""n_samples"": 2}, {""accuracy"": 0.0, ""bin_hi"": 0.8, ""bin_lo"": 0.7000000000000001, ""confidence"": 0.0, ""n_samples"": 0}, {""accuracy"": 0.5, ""bin_hi"": 0.9, ""bin_lo"": 0.8, ""confidence"": 0.8529404474318456, ""n_samples"": 4}, {""accuracy"": 0.994475138121547, ""bin_hi"": 1.0, ""bin_lo"": 0.9, ""confidence"": 0.9993705727374648, ""n_samples"": 181}], ""ece"": 0.042546627229814525}",0.04699999999957072,success,
elkan_noto,scar-pi0.5-scalesmall,115,"{""base_estimator"": null, ""calibration_method"": ""sigmoid"", ""eps"": 1e-12, ""mode"": ""weighted_retraining"", ""n_cv_folds"": 5}",scar,0.5,0.5,0.5,True,0,,,0.5637679900394078,,,,,0.455,False,-0.14572907679033648,0.9473684210526315,1.0,0.9991749999999999,0.955,0.9528795811518325,0.6983606557377049,0.9991784341675083,0.9550000000000001,0.04114669893194558,0.04920346920635898,"{""buckets"": [{""accuracy"": 0.04784688995215311, ""bin_hi"": 0.1, ""bin_lo"": 0.0, ""confidence"": 0.0002769757503715603, ""n_samples"": 209}, {""accuracy"": 0.8333333333333334, ""bin_hi"": 0.2, ""bin_lo"": 0.1, ""confidence"": 0.1329836585375563, ""n_samples"": 6}, {""accuracy"": 1.0, ""bin_hi"": 0.30000000000000004, ""bin_lo"": 0.2, ""confidence"": 0.20578934014376013, ""n_samples"": 1}, {""accuracy"": 1.0, ""bin_hi"": 0.4, ""bin_lo"": 0.30000000000000004, ""confidence"": 0.3707125164517319, ""n_samples"": 1}, {""accuracy"": 1.0, ""bin_hi"": 0.5, ""bin_lo"": 0.4, ""confidence"": 0.48371742095994336, ""n_samples"": 1}, {""accuracy"": 1.0, ""bin_hi"": 0.6000000000000001, ""bin_lo"": 0.5, ""confidence"": 0.539824005331914, ""n_samples"": 6}, {""accuracy"": 0.0, ""bin_hi"": 0.7000000000000001, ""bin_lo"": 0.6000000000000001, ""confidence"": 0.0, ""n_samples"": 0}, {""accuracy"": 1.0, ""bin_hi"": 0.8, ""bin_lo"": 0.7000000000000001, ""confidence"": 0.7164836257615428, ""n_samples"": 1}, {""accuracy"": 1.0, ""bin_hi"": 0.9, ""bin_lo"": 0.8, ""confidence"": 0.8480007367476409, ""n_samples"": 3}, {""accuracy"": 1.0, ""bin_hi"": 1.0, ""bin_lo"": 0.9, ""confidence"": 0.9994370540049536, ""n_samples"": 172}], ""ece"": 0.04920346920635898}",0.03099999999994907,success,
elkan_noto,scar-pi0.5-scalesmall,116,"{""base_estimator"": null, ""calibration_method"": ""sigmoid"", ""eps"": 1e-12, ""mode"": ""weighted_retraining"", ""n_cv_folds"": 5}",scar,0.5,0.5,0.5,True,0,,,0.562870916949201,,,,,0.5025,False,-0.1487489911218725,0.9809523809523809,0.9760720208481403,0.9971,0.9775,0.9775561097256857,0.6677966101694915,0.9975092151728067,0.9775,0.022181108953801116,0.02317102753624105,"{""buckets"": [{""accuracy"": 0.02030456852791878, ""bin_hi"": 0.1, ""bin_lo"": 0.0, ""confidence"": 0.0004894777199370468, ""n_samples"": 197}, {""accuracy"": 0.0, ""bin_hi"": 0.2, ""bin_lo"": 0.1, ""confidence"": 0.14657617722608862, ""n_samples"": 1}, {""accuracy"": 0.0, ""bin_hi"": 0.30000000000000004, ""bin_lo"": 0.2, ""confidence"": 0.0, ""n_samples"": 0}, {""accuracy"": 0.0, ""bin_hi"": 0.4, ""bin_lo"": 0.30000000000000004, ""confidence"": 0.0, ""n_samples"": 0}, {""accuracy"": 0.0, ""bin_hi"": 0.5, ""bin_lo"": 0.4, ""confidence"": 0.43972492441846317, ""n_samples"": 1}, {""accuracy"": 0.0, ""bin_hi"": 0.6000000000000001, ""bin_lo"": 0.5, ""confidence"": 0.0, ""n_samples"": 0}, {""accuracy"": 0.0, ""bin_hi"": 0.7000000000000001, ""bin_lo"": 0.6000000000000001, ""confidence"": 0.0, ""n_samples"": 0}, {""accuracy"": 0.0, ""bin_hi"": 0.8, ""bin_lo"": 0.7000000000000001, ""confidence"": 0.0, ""n_samples"": 0}, {""accuracy"": 0.0, ""bin_hi"": 0.9, ""bin_lo"": 0.8, ""confidence"": 0.8135888751007828, ""n_samples"": 1}, {""accuracy"": 0.98, ""bin_hi"": 1.0, ""bin_lo"": 0.9, ""confidence"": 0.9998247407428934, ""n_samples"": 200}], ""ece"": 0.02317102753624105}",0.04700000000048021,success,
elkan_noto,scar-pi0.5-scalesmall,117,"{""base_estimator"": null, ""calibration_method"": ""sigmoid"", ""eps"": 1e-12, ""mode"": ""weighted_retraining"", ""n_cv_folds"": 5}",scar,0.5,0.5,0.5,True,0,,,0.5462283477061003,,,,,0.4875,False,-0.11394677673747444,0.9494949494949495,0.9738409738409739,0.996425,0.9675,0.9670886075949368,0.6644518272425249,0.996766201704476,0.9675,0.027738826604956524,0.027283356122072378,"{""buckets"": [{""accuracy"": 0.03482587064676617, ""bin_hi"": 0.1, ""bin_lo"": 0.0, ""confidence"": 0.00022542537738707552, ""n_samples"": 201}, {""accuracy"": 0.0, ""bin_hi"": 0.2, ""bin_lo"": 0.1, ""confidence"": 0.0, ""n_samples"": 0}, {""accuracy"": 0.0, ""bin_hi"": 0.30000000000000004, ""bin_lo"": 0.2, ""confidence"": 0.0, ""n_samples"": 0}, {""accuracy"": 0.5, ""bin_hi"": 0.4, ""bin_lo"": 0.30000000000000004, ""confidence"": 0.3562166373267258, ""n_samples"": 2}, {""accuracy"": 0.5, ""bin_hi"": 0.5, ""bin_lo"": 0.4, ""confidence"": 0.4658825614539819, ""n_samples"": 2}, {""accuracy"": 0.0, ""bin_hi"": 0.6000000000000001, ""bin_lo"": 0.5, ""confidence"": 0.0, ""n_samples"": 0}, {""accuracy"": 0.0, ""bin_hi"": 0.7000000000000001, ""bin_lo"": 0.6000000000000001, ""confidence"": 0.6417825278767649, ""n_samples"": 2}, {""accuracy"": 1.0, ""bin_hi"": 0.8, ""bin_lo"": 0.7000000000000001, ""confidence"": 0.7065806323625564, ""n_samples"": 1}, {""accuracy"": 1.0, ""bin_hi"": 0.9, ""bin_lo"": 0.8, ""confidence"": 0.8768483828336767, ""n_samples"": 1}, {""accuracy"": 0.9895287958115183, ""bin_hi"": 1.0, ""bin_lo"": 0.9, ""confidence"": 0.9994906560559574, ""n_samples"": 191}], ""ece"": 0.027283356122072378}",0.04699999999957072,success,
elkan_noto,scar-pi0.5-scalesmall,118,"{""base_estimator"": null, ""calibration_method"": ""sigmoid"", ""eps"": 1e-12, ""mode"": ""weighted_retraining"", ""n_cv_folds"": 5}",scar,0.5,0.5,0.5,True,0,,,0.5336122676562465,,,,,0.4625,False,-0.12747035573122528,0.9456521739130435,1.0,0.99695,0.9475,0.9454545454545454,0.6818181818181818,0.9969187376042503,0.9475,0.04394844851981777,0.04719097688928891,"{""buckets"": [{""accuracy"": 0.057692307692307696, ""bin_hi"": 0.1, ""bin_lo"": 0.0, ""confidence"": 0.0008125868857674182, ""n_samples"": 208}, {""accuracy"": 0.5, ""bin_hi"": 0.2, ""bin_lo"": 0.1, ""confidence"": 0.16007613087553998, ""n_samples"": 2}, {""accuracy"": 1.0, ""bin_hi"": 0.30000000000000004, ""bin_lo"": 0.2, ""confidence"": 0.23473279868870936, ""n_samples"": 2}, {""accuracy"": 1.0, ""bin_hi"": 0.4, ""bin_lo"": 0.30000000000000004, ""confidence"": 0.338148502443992, ""n_samples"": 1}, {""accuracy"": 1.0, ""bin_hi"": 0.5, ""bin_lo"": 0.4, ""confidence"": 0.4525293106062438, ""n_samples"": 2}, {""accuracy"": 1.0, ""bin_hi"": 0.6000000000000001, ""bin_lo"": 0.5, ""confidence"": 0.5289958581162372, ""n_samples"": 1}, {""accuracy"": 1.0, ""bin_hi"": 0.7000000000000001, ""bin_lo"": 0.6000000000000001, ""confidence"": 0.6743157876369743, ""n_samples"": 3}, {""accuracy"": 0.5, ""bin_hi"": 0.8, ""bin_lo"": 0.7000000000000001, ""confidence"": 0.7800301131466764, ""n_samples"": 2}, {""accuracy"": 0.6666666666666666, ""bin_hi"": 0.9, ""bin_lo"": 0.8, ""confidence"": 0.8419254073233433, ""n_samples"": 3}, {""accuracy"": 0.9943181818181818, ""bin_hi"": 1.0, ""bin_lo"": 0.9, ""confidence"": 0.997411026042636, ""n_samples"": 176}], ""ece"": 0.04719097688928891}",0.04700000000048021,success,
elkan_noto,scar-pi0.5-scalesmall,119,"{""base_estimator"": null, ""calibration_method"": ""sigmoid"", ""eps"": 1e-12, ""mode"": ""weighted_retraining"", ""n_cv_folds"": 5}",scar,0.5,0.5,0.5,True,0,,,0.5186370352268694,,,,,0.445,False,-0.1329432676640498,0.9418604651162791,1.0,0.9945249999999999,0.945,0.9417989417989417,0.6910828025477707,0.9950021047124303,0.9450000000000001,0.04371332010215584,0.06420777663392474,"{""buckets"": [{""accuracy"": 0.03571428571428571, ""bin_hi"": 0.1, ""bin_lo"": 0.0, ""confidence"": 0.008508799472110857, ""n_samples"": 196}, {""accuracy"": 0.3333333333333333, ""bin_hi"": 0.2, ""bin_lo"": 0.1, ""confidence"": 0.13365047779302713, ""n_samples"": 9}, {""accuracy"": 0.6666666666666666, ""bin_hi"": 0.30000000000000004, ""bin_lo"": 0.2, ""confidence"": 0.2563691481698008, ""n_samples"": 6}, {""accuracy"": 0.8333333333333334, ""bin_hi"": 0.4, ""bin_lo"": 0.30000000000000004, ""confidence"": 0.36602507463969775, ""n_samples"": 6}, {""accuracy"": 0.6, ""bin_hi"": 0.5, ""bin_lo"": 0.4, ""confidence"": 0.43829937769429206, ""n_samples"": 5}, {""accuracy"": 1.0, ""bin_hi"": 0.6000000000000001, ""bin_lo"": 0.5, ""confidence"": 0.560995871643499, ""n_samples"": 5}, {""accuracy"": 1.0, ""bin_hi"": 0.7000000000000001, ""bin_lo"": 0.6000000000000001, ""confidence"": 0.6431185220140663, ""n_samples"": 8}, {""accuracy"": 1.0, ""bin_hi"": 0.8, ""bin_lo"": 0.7000000000000001, ""confidence"": 0.7665629255885889, ""n_samples"": 8}, {""accuracy"": 1.0, ""bin_hi"": 0.9, ""bin_lo"": 0.8, ""confidence"": 0.8542207285297518, ""n_samples"": 20}, {""accuracy"": 1.0, ""bin_hi"": 1.0, ""bin_lo"": 0.9, ""confidence"": 0.9806832307649409, ""n_samples"": 137}], ""ece"": 0.06420777663392474}",0.03099999999994907,success,
elkan_noto,scar-pi0.5-scalemid,100,"{""base_estimator"": null, ""calibration_method"": ""sigmoid"", ""eps"": 1e-12, ""mode"": ""weighted_retraining"", ""n_cv_folds"": 5}",scar,0.5,0.5,0.5,True,0,,,0.5574671370055871,,,,,0.4685,False,-0.12328826698414252,0.9403292181069959,1.0,0.9982519999999999,0.9675,0.9664429530201343,0.6829590488771466,0.9983771500809244,0.9675,0.03156635725640756,0.033042181298360326,"{""buckets"": [{""accuracy"": 0.054924242424242424, ""bin_hi"": 0.1, ""bin_lo"": 0.0, ""confidence"": 0.00012187227784112199, ""n_samples"": 1056}, {""accuracy"": 1.0, ""bin_hi"": 0.2, ""bin_lo"": 0.1, ""confidence"": 0.19169426119057248, ""n_samples"": 2}, {""accuracy"": 0.6666666666666666, ""bin_hi"": 0.30000000000000004, ""bin_lo"": 0.2, ""confidence"": 0.2342549585801419, ""n_samples"": 3}, {""accuracy"": 0.0, ""bin_hi"": 0.4, ""bin_lo"": 0.30000000000000004, ""confidence"": 0.0, ""n_samples"": 0}, {""accuracy"": 1.0, ""bin_hi"": 0.5, ""bin_lo"": 0.4, ""confidence"": 0.43367991585833965, ""n_samples"": 2}, {""accuracy"": 1.0, ""bin_hi"": 0.6000000000000001, ""bin_lo"": 0.5, ""confidence"": 0.5217167329416214, ""n_samples"": 4}, {""accuracy"": 1.0, ""bin_hi"": 0.7000000000000001, ""bin_lo"": 0.6000000000000001, ""confidence"": 0.6481974604238203, ""n_samples"": 3}, {""accuracy"": 1.0, ""bin_hi"": 0.8, ""bin_lo"": 0.7000000000000001, ""confidence"": 0.7849223596143275, ""n_samples"": 1}, {""accuracy"": 0.5, ""bin_hi"": 0.9, ""bin_lo"": 0.8, ""confidence"": 0.8489398016299443, ""n_samples"": 2}, {""accuracy"": 1.0, ""bin_hi"": 1.0, ""bin_lo"": 0.9, ""confidence"": 0.9996924757051224, ""n_samples"": 927}], ""ece"": 0.033042181298360326}",0.03099999999994907,success,
elkan_noto,scar-pi0.5-scalemid,101,"{""base_estimator"": null, ""calibration_method"": ""sigmoid"", ""eps"": 1e-12, ""mode"": ""weighted_retraining"", ""n_cv_folds"": 5}",scar,0.5,0.5,0.5,True,0,,,0.5665737963641949,,,,,0.439,False,-0.11800673941666107,0.9123931623931624,1.0,0.9990439999999999,0.938,0.933972310969116,0.7056135770234987,0.9990235149737908,0.938,0.05338578585533353,0.06322989446209584,"{""buckets"": [{""accuracy"": 0.075139146567718, ""bin_hi"": 0.1, ""bin_lo"": 0.0, ""confidence"": 0.0016427481569024462, ""n_samples"": 1078}, {""accuracy"": 0.9375, ""bin_hi"": 0.2, ""bin_lo"": 0.1, ""confidence"": 0.13319325936766235, ""n_samples"": 16}, {""accuracy"": 0.9333333333333333, ""bin_hi"": 0.30000000000000004, ""bin_lo"": 0.2, ""confidence"": 0.24346834823974844, ""n_samples"": 15}, {""accuracy"": 1.0, ""bin_hi"": 0.4, ""bin_lo"": 0.30000000000000004, ""confidence"": 0.3319214981996065, ""n_samples"": 5}, {""accuracy"": 1.0, ""bin_hi"": 0.5, ""bin_lo"": 0.4, ""confidence"": 0.45608453483406297, ""n_samples"": 8}, {""accuracy"": 1.0, ""bin_hi"": 0.6000000000000001, ""bin_lo"": 0.5, ""confidence"": 0.5569543388189421, ""n_samples"": 9}, {""accuracy"": 1.0, ""bin_hi"": 0.7000000000000001, ""bin_lo"": 0.6000000000000001, ""confidence"": 0.6539918567864529, ""n_samples"": 9}, {""accuracy"": 1.0, ""bin_hi"": 0.8, ""bin_lo"": 0.7000000000000001, ""confidence"": 0.7566050105721747, ""n_samples"": 14}, {""accuracy"": 0.9615384615384616, ""bin_hi"": 0.9, ""bin_lo"": 0.8, ""confidence"": 0.863198806429194, ""n_samples"": 26}, {""accuracy"": 1.0, ""bin_hi"": 1.0, ""bin_lo"": 0.9, ""confidence"": 0.9960289909071952, ""n_samples"": 820}], ""ece"": 0.06322989446209584}",0.04699999999957072,success,
elkan_noto,scar-pi0.5-scalemid,102,"{""base_estimator"": null, ""calibration_method"": ""sigmoid"", ""eps"": 1e-12, ""mode"": ""weighted_retraining"", ""n_cv_folds"": 5}",scar,0.5,0.5,0.5,True,0,,,0.5775478585825573,,,,,0.4835,False,-0.14124302639002068,0.9593023255813954,0.9920396334864482,0.997037,0.9765,0.9761057447890188,0.6819407008086253,0.99495731927101,0.9764999999999999,0.022945318271405113,0.022984676208695976,"{""buckets"": [{""accuracy"": 0.0377906976744186, ""bin_hi"": 0.1, ""bin_lo"": 0.0, ""confidence"": 0.00012322242388082183, ""n_samples"": 1032}, {""accuracy"": 1.0, ""bin_hi"": 0.2, ""bin_lo"": 0.1, ""confidence"": 0.1618556400665494, ""n_samples"": 1}, {""accuracy"": 0.0, ""bin_hi"": 0.30000000000000004, ""bin_lo"": 0.2, ""confidence"": 0.0, ""n_samples"": 0}, {""accuracy"": 0.0, ""bin_hi"": 0.4, ""bin_lo"": 0.30000000000000004, ""confidence"": 0.0, ""n_samples"": 0}, {""accuracy"": 0.0, ""bin_hi"": 0.5, ""bin_lo"": 0.4, ""confidence"": 0.0, ""n_samples"": 0}, {""accuracy"": 0.5, ""bin_hi"": 0.6000000000000001, ""bin_lo"": 0.5, ""confidence"": 0.5244320365756021, ""n_samples"": 2}, {""accuracy"": 0.0, ""bin_hi"": 0.7000000000000001, ""bin_lo"": 0.6000000000000001, ""confidence"": 0.0, ""n_samples"": 0}, {""accuracy"": 1.0, ""bin_hi"": 0.8, ""bin_lo"": 0.7000000000000001, ""confidence"": 0.7852491029450162, ""n_samples"": 1}, {""accuracy"": 1.0, ""bin_hi"": 0.9, ""bin_lo"": 0.8, ""confidence"": 0.8823258227917613, ""n_samples"": 1}, {""accuracy"": 0.9937694704049844, ""bin_hi"": 1.0, ""bin_lo"": 0.9, ""confidence"": 0.9998723618395525, ""n_samples"": 963}], ""ece"": 0.022984676208695976}",0.046000000000276486,success,
elkan_noto,scar-pi0.5-scalemid,103,"{""base_estimator"": null, ""calibration_method"": ""sigmoid"", ""eps"": 1e-12, ""mode"": ""weighted_retraining"", ""n_cv_folds"": 5}",scar,0.5,0.5,0.5,True,0,,,0.565593352577412,,,,,0.4615,False,-0.10895905752745622,0.9233954451345756,1.0,0.9992920000000001,0.9605,0.9589183567342694,0.6855636123928807,0.9993223834069996,0.9605,0.030669127987714845,0.04968636485159428,"{""buckets"": [{""accuracy"": 0.02644466209598433, ""bin_hi"": 0.1, ""bin_lo"": 0.0, ""confidence"": 0.00204594623950726, ""n_samples"": 1021}, {""accuracy"": 0.8235294117647058, ""bin_hi"": 0.2, ""bin_lo"": 0.1, ""confidence"": 0.14252771699632744, ""n_samples"": 17}, {""accuracy"": 0.9285714285714286, ""bin_hi"": 0.30000000000000004, ""bin_lo"": 0.2, ""confidence"": 0.25498260137491024, ""n_samples"": 14}, {""accuracy"": 0.9285714285714286, ""bin_hi"": 0.4, ""bin_lo"": 0.30000000000000004, ""confidence"": 0.3490713419091737, ""n_samples"": 14}, {""accuracy"": 1.0, ""bin_hi"": 0.5, ""bin_lo"": 0.4, ""confidence"": 0.449810780379973, ""n_samples"": 11}, {""accuracy"": 1.0, ""bin_hi"": 0.6000000000000001, ""bin_lo"": 0.5, ""confidence"": 0.5593910357854855, ""n_samples"": 22}, {""accuracy"": 1.0, ""bin_hi"": 0.7000000000000001, ""bin_lo"": 0.6000000000000001, ""confidence"": 0.6424389013018682, ""n_samples"": 17}, {""accuracy"": 0.9696969696969697, ""bin_hi"": 0.8, ""bin_lo"": 0.7000000000000001, ""confidence"": 0.7582255604909952, ""n_samples"": 33}, {""accuracy"": 1.0, ""bin_hi"": 0.9, ""bin_lo"": 0.8, ""confidence"": 0.8515708771009101, ""n_samples"": 47}, {""accuracy"": 1.0, ""bin_hi"": 1.0, ""bin_lo"": 0.9, ""confidence"": 0.9881061882808732, ""n_samples"": 804}], ""ece"": 0.04968636485159428}",0.04699999999957072,success,
elkan_noto,scar-pi0.5-scalemid,104,"{""base_estimator"": null, ""calibration_method"": ""sigmoid"", ""eps"": 1e-12, ""mode"": ""weighted_retraining"", ""n_cv_folds"": 5}",scar,0.5,0.5,0.5,True,0,,,0.5658814496934275,,,,,0.4805,False,-0.13359989669516775,0.9528487229862476,0.9915179219419851,0.9969144999999999,0.9725,0.9719530851606323,0.6807511737089202,0.995298174121062,0.9724999999999999,0.026967627212212946,0.02706682049823145,"{""buckets"": [{""accuracy"": 0.043478260869565216, ""bin_hi"": 0.1, ""bin_lo"": 0.0, ""confidence"": 0.00018799635503937136, ""n_samples"": 1035}, {""accuracy"": 0.0, ""bin_hi"": 0.2, ""bin_lo"": 0.1, ""confidence"": 0.0, ""n_samples"": 0}, {""accuracy"": 1.0, ""bin_hi"": 0.30000000000000004, ""bin_lo"": 0.2, ""confidence"": 0.285117436882816, ""n_samples"": 1}, {""accuracy"": 0.0, ""bin_hi"": 0.4, ""bin_lo"": 0.30000000000000004, ""confidence"": 0.3261616295225966, ""n_samples"": 1}, {""accuracy"": 0.5, ""bin_hi"": 0.5, ""bin_lo"": 0.4, ""confidence"": 0.45415782469700183, ""n_samples"": 2}, {""accuracy"": 0.0, ""bin_hi"": 0.6000000000000001, ""bin_lo"": 0.5, ""confidence"": 0.0, ""n_samples"": 0}, {""accuracy"": 0.0, ""bin_hi"": 0.7000000000000001, ""bin_lo"": 0.6000000000000001, ""confidence"": 0.0, ""n_samples"": 0}, {""accuracy"": 1.0, ""bin_hi"": 0.8, ""bin_lo"": 0.7000000000000001, ""confidence"": 0.7349403376920771, ""n_samples"": 1}, {""accuracy"": 0.0, ""bin_hi"": 0.9, ""bin_lo"": 0.8, ""confidence"": 0.0, ""n_samples"": 0}, {""accuracy"": 0.9916666666666667, ""bin_hi"": 1.0, ""bin_lo"": 0.9, ""confidence"": 0.9999275302274739, ""n_samples"": 960}], ""ece"": 0.02706682049823145}",0.04700000000048021,success,
elkan_noto,scar-pi0.5-scalemid,105,"{""base_estimator"": null, ""calibration_method"": ""sigmoid"", ""eps"": 1e-12, ""mode"": ""weighted_retraining"", ""n_cv_folds"": 5}",scar,0.5,0.5,0.5,True,0,,,0.5677933409903291,,,,,0.471,False,-0.12058404871377992,0.936127744510978,0.9937661831326731,0.9983685,0.967,0.9660144181256437,0.6844563042028019,0.9977986498675987,0.967,0.03140810676421458,0.031168687709206055,"{""buckets"": [{""accuracy"": 0.05418250950570342, ""bin_hi"": 0.1, ""bin_lo"": 0.0, ""confidence"": 0.00024410699596535382, ""n_samples"": 1052}, {""accuracy"": 1.0, ""bin_hi"": 0.2, ""bin_lo"": 0.1, ""confidence"": 0.11637936763861867, ""n_samples"": 2}, {""accuracy"": 1.0, ""bin_hi"": 0.30000000000000004, ""bin_lo"": 0.2, ""confidence"": 0.2023701775410074, ""n_samples"": 1}, {""accuracy"": 0.0, ""bin_hi"": 0.4, ""bin_lo"": 0.30000000000000004, ""confidence"": 0.0, ""n_samples"": 0}, {""accuracy"": 0.6666666666666666, ""bin_hi"": 0.5, ""bin_lo"": 0.4, ""confidence"": 0.45692504329063527, ""n_samples"": 3}, {""accuracy"": 0.5, ""bin_hi"": 0.6000000000000001, ""bin_lo"": 0.5, ""confidence"": 0.524647404268263, ""n_samples"": 2}, {""accuracy"": 0.6666666666666666, ""bin_hi"": 0.7000000000000001, ""bin_lo"": 0.6000000000000001, ""confidence"": 0.6168181636514647, ""n_samples"": 3}, {""accuracy"": 1.0, ""bin_hi"": 0.8, ""bin_lo"": 0.7000000000000001, ""confidence"": 0.7342061639744928, ""n_samples"": 2}, {""accuracy"": 0.0, ""bin_hi"": 0.9, ""bin_lo"": 0.8, ""confidence"": 0.0, ""n_samples"": 0}, {""accuracy"": 0.9978609625668449, ""bin_hi"": 1.0, ""bin_lo"": 0.9, ""confidence"": 0.9996466866644114, ""n_samples"": 935}], ""ece"": 0.031168687709206055}",0.04699999999957072,success,
elkan_noto,scar-pi0.5-scalemid,106,"{""base_estimator"": null, ""calibration_method"": ""sigmoid"", ""eps"": 1e-12, ""mode"": ""weighted_retraining"", ""n_cv_folds"": 5}",scar,0.5,0.5,0.5,True,0,,,0.577009541851211,,,,,0.474,False,-0.1408009683537067,0.9510763209393346,1.0,0.998449,0.971,0.9702258726899384,0.6897246474143721,0.9979323493163123,0.971,0.028716227176772753,0.029019071938623686,"{""buckets"": [{""accuracy"": 0.05047619047619047, ""bin_hi"": 0.1, ""bin_lo"": 0.0, ""confidence"": 0.00014877739230430458, ""n_samples"": 1050}, {""accuracy"": 1.0, ""bin_hi"": 0.2, ""bin_lo"": 0.1, ""confidence"": 0.1887641744286306, ""n_samples"": 1}, {""accuracy"": 1.0, ""bin_hi"": 0.30000000000000004, ""bin_lo"": 0.2, ""confidence"": 0.2041210171896299, ""n_samples"": 1}, {""accuracy"": 0.0, ""bin_hi"": 0.4, ""bin_lo"": 0.30000000000000004, ""confidence"": 0.0, ""n_samples"": 0}, {""accuracy"": 0.0, ""bin_hi"": 0.5, ""bin_lo"": 0.4, ""confidence"": 0.0, ""n_samples"": 0}, {""accuracy"": 1.0, ""bin_hi"": 0.6000000000000001, ""bin_lo"": 0.5, ""confidence"": 0.5949571027305393, ""n_samples"": 1}, {""accuracy"": 1.0, ""bin_hi"": 0.7000000000000001, ""bin_lo"": 0.6000000000000001, ""confidence"": 0.6710208767664495, ""n_samples"": 1}, {""accuracy"": 1.0, ""bin_hi"": 0.8, ""bin_lo"": 0.7000000000000001, ""confidence"": 0.7013667426563511, ""n_samples"": 1}, {""accuracy"": 0.0, ""bin_hi"": 0.9, ""bin_lo"": 0.8, ""confidence"": 0.0, ""n_samples"": 0}, {""accuracy"": 0.9968253968253968, ""bin_hi"": 1.0, ""bin_lo"": 0.9, ""confidence"": 0.9995286667226863, ""n_samples"": 945}], ""ece"": 0.029019071938623686}",0.03099999999994907,success,
elkan_noto,scar-pi0.5-scalemid,107,"{""base_estimator"": null, ""calibration_method"": ""sigmoid"", ""eps"": 1e-12, ""mode"": ""weighted_retraining"", ""n_cv_folds"": 5}",scar,0.5,0.5,0.5,True,0,,,0.5522269017827931,,,,,0.4695,False,-0.1225403111432608,0.9404517453798767,1.0,0.999026,0.9665,0.9654461062403301,0.6820885657633841,0.9990322866105494,0.9665,0.030969171715062475,0.03168196095415339,"{""buckets"": [{""accuracy"": 0.05238095238095238, ""bin_hi"": 0.1, ""bin_lo"": 0.0, ""confidence"": 0.0005798603378774677, ""n_samples"": 1050}, {""accuracy"": 1.0, ""bin_hi"": 0.2, ""bin_lo"": 0.1, ""confidence"": 0.14070610235013564, ""n_samples"": 1}, {""accuracy"": 0.8333333333333334, ""bin_hi"": 0.30000000000000004, ""bin_lo"": 0.2, ""confidence"": 0.24733720765532133, ""n_samples"": 6}, {""accuracy"": 0.0, ""bin_hi"": 0.4, ""bin_lo"": 0.30000000000000004, ""confidence"": 0.0, ""n_samples"": 0}, {""accuracy"": 0.75, ""bin_hi"": 0.5, ""bin_lo"": 0.4, ""confidence"": 0.4332334353997743, ""n_samples"": 4}, {""accuracy"": 1.0, ""bin_hi"": 0.6000000000000001, ""bin_lo"": 0.5, ""confidence"": 0.5735812233119322, ""n_samples"": 1}, {""accuracy"": 1.0, ""bin_hi"": 0.7000000000000001, ""bin_lo"": 0.6000000000000001, ""confidence"": 0.6223801902308418, ""n_samples"": 1}, {""accuracy"": 1.0, ""bin_hi"": 0.8, ""bin_lo"": 0.7000000000000001, ""confidence"": 0.7509577644253609, ""n_samples"": 2}, {""accuracy"": 0.75, ""bin_hi"": 0.9, ""bin_lo"": 0.8, ""confidence"": 0.8490155951214661, ""n_samples"": 4}, {""accuracy"": 0.9978517722878625, ""bin_hi"": 1.0, ""bin_lo"": 0.9, ""confidence"": 0.9996049977603296, ""n_samples"": 931}], ""ece"": 0.03168196095415339}",0.04699999999957072,success,
elkan_noto,scar-pi0.5-scalemid,108,"{""base_estimator"": null, ""calibration_method"": ""sigmoid"", ""eps"": 1e-12, ""mode"": ""weighted_retraining"", ""n_cv_folds"": 5}",scar,0.5,0.5,0.5,True,0,,,0.5786411279011924,,,,,0.4985,False,-0.17252150213002165,0.992467043314501,0.9954534035250762,0.997178,0.9905,0.9904857285928893,0.6800544588155207,0.994654668295611,0.9904999999999999,0.009449386131344157,0.009884869657446834,"{""buckets"": [{""accuracy"": 0.00998003992015968, ""bin_hi"": 0.1, ""bin_lo"": 0.0, ""confidence"": 4.382218044265729e-05, ""n_samples"": 1002}, {""accuracy"": 0.0, ""bin_hi"": 0.2, ""bin_lo"": 0.1, ""confidence"": 0.0, ""n_samples"": 0}, {""accuracy"": 1.0, ""bin_hi"": 0.30000000000000004, ""bin_lo"": 0.2, ""confidence"": 0.28393537435253763, ""n_samples"": 1}, {""accuracy"": 0.0, ""bin_hi"": 0.4, ""bin_lo"": 0.30000000000000004, ""confidence"": 0.0, ""n_samples"": 0}, {""accuracy"": 0.0, ""bin_hi"": 0.5, ""bin_lo"": 0.4, ""confidence"": 0.0, ""n_samples"": 0}, {""accuracy"": 1.0, ""bin_hi"": 0.6000000000000001, ""bin_lo"": 0.5, ""confidence"": 0.5862320763817481, ""n_samples"": 1}, {""accuracy"": 1.0, ""bin_hi"": 0.7000000000000001, ""bin_lo"": 0.6000000000000001, ""confidence"": 0.6504933877677975, ""n_samples"": 2}, {""accuracy"": 0.0, ""bin_hi"": 0.8, ""bin_lo"": 0.7000000000000001, ""confidence"": 0.0, ""n_samples"": 0}, {""accuracy"": 0.0, ""bin_hi"": 0.9, ""bin_lo"": 0.8, ""confidence"": 0.0, ""n_samples"": 0}, {""accuracy"": 0.9919517102615694, ""bin_hi"": 1.0, ""bin_lo"": 0.9, ""confidence"": 0.9999847116357817, ""n_samples"": 994}], ""ece"": 0.009884869657446834}",0.04700000000048021,success,
elkan_noto,scar-pi0.5-scalemid,109,"{""base_estimator"": null, ""calibration_method"": ""sigmoid"", ""eps"": 1e-12, ""mode"": ""weighted_retraining"", ""n_cv_folds"": 5}",scar,0.5,0.5,0.5,True,0,,,0.5702961991169379,,,,,0.4835,False,-0.15116537543722008,0.9669902912621359,0.9999899599401613,0.999204,0.9805,0.9801728520589731,0.6841750841750842,0.9992733454604059,0.9804999999999999,0.017982908046422295,0.018657574630171835,"{""buckets"": [{""accuracy"": 0.030155642023346304, ""bin_hi"": 0.1, ""bin_lo"": 0.0, ""confidence"": 4.859386898761904e-05, ""n_samples"": 1028}, {""accuracy"": 1.0, ""bin_hi"": 0.2, ""bin_lo"": 0.1, ""confidence"": 0.1578057799266131, ""n_samples"": 2}, {""accuracy"": 1.0, ""bin_hi"": 0.30000000000000004, ""bin_lo"": 0.2, ""confidence"": 0.22248563153271736, ""n_samples"": 1}, {""accuracy"": 1.0, ""bin_hi"": 0.4, ""bin_lo"": 0.30000000000000004, ""confidence"": 0.38715078034019035, ""n_samples"": 1}, {""accuracy"": 1.0, ""bin_hi"": 0.5, ""bin_lo"": 0.4, ""confidence"": 0.4759360165592429, ""n_samples"": 1}, {""accuracy"": 0.0, ""bin_hi"": 0.6000000000000001, ""bin_lo"": 0.5, ""confidence"": 0.5034902718788961, ""n_samples"": 1}, {""accuracy"": 0.0, ""bin_hi"": 0.7000000000000001, ""bin_lo"": 0.6000000000000001, ""confidence"": 0.0, ""n_samples"": 0}, {""accuracy"": 1.0, ""bin_hi"": 0.8, ""bin_lo"": 0.7000000000000001, ""confidence"": 0.7713303569212918, ""n_samples"": 1}, {""accuracy"": 1.0, ""bin_hi"": 0.9, ""bin_lo"": 0.8, ""confidence"": 0.852003057924212, ""n_samples"": 2}, {""accuracy"": 0.9979231568016614, ""bin_hi"": 1.0, ""bin_lo"": 0.9, ""confidence"": 0.9997280726343085, ""n_samples"": 963}], ""ece"": 0.018657574630171835}",0.04700000000048021,success,
elkan_noto,scar-pi0.5-scalemid,110,"{""base_estimator"": null, ""calibration_method"": ""sigmoid"", ""eps"": 1e-12, ""mode"": ""weighted_retraining"", ""n_cv_folds"": 5}",scar,0.5,0.5,0.5,True,0,,,0.5558003330062711,,,,,0.4615,False,-0.1214245338669302,0.9334719334719335,1.0,0.9990060000000001,0.9615,0.9599583983359334,0.6879526003949967,0.9990468911909831,0.9615,0.035510287484411346,0.039188002081334446,"{""buckets"": [{""accuracy"": 0.06103286384976526, ""bin_hi"": 0.1, ""bin_lo"": 0.0, ""confidence"": 0.0006694468258204985, ""n_samples"": 1065}, {""accuracy"": 1.0, ""bin_hi"": 0.2, ""bin_lo"": 0.1, ""confidence"": 0.17192207853772096, ""n_samples"": 2}, {""accuracy"": 1.0, ""bin_hi"": 0.30000000000000004, ""bin_lo"": 0.2, ""confidence"": 0.26382644147377954, ""n_samples"": 4}, {""accuracy"": 1.0, ""bin_hi"": 0.4, ""bin_lo"": 0.30000000000000004, ""confidence"": 0.37111418553472775, ""n_samples"": 2}, {""accuracy"": 1.0, ""bin_hi"": 0.5, ""bin_lo"": 0.4, ""confidence"": 0.4361982797742025, ""n_samples"": 4}, {""accuracy"": 1.0, ""bin_hi"": 0.6000000000000001, ""bin_lo"": 0.5, ""confidence"": 0.5493765003034825, ""n_samples"": 2}, {""accuracy"": 1.0, ""bin_hi"": 0.7000000000000001, ""bin_lo"": 0.6000000000000001, ""confidence"": 0.640410754805348, ""n_samples"": 6}, {""accuracy"": 1.0, ""bin_hi"": 0.8, ""bin_lo"": 0.7000000000000001, ""confidence"": 0.756925173649651, ""n_samples"": 3}, {""accuracy"": 1.0, ""bin_hi"": 0.9, ""bin_lo"": 0.8, ""confidence"": 0.850014973966524, ""n_samples"": 7}, {""accuracy"": 1.0, ""bin_hi"": 1.0, ""bin_lo"": 0.9, ""confidence"": 0.9987433874989412, ""n_samples"": 905}], ""ece"": 0.039188002081334446}",0.04700000000048021,success,
elkan_noto,scar-pi0.5-scalemid,111,"{""base_estimator"": null, ""calibration_method"": ""sigmoid"", ""eps"": 1e-12, ""mode"": ""weighted_retraining"", ""n_cv_folds"": 5}",scar,0.5,0.5,0.5,True,0,,,0.5716093603479795,,,,,0.471,False,-0.136562765063602,0.9481037924151696,1.0,0.999285,0.967,0.9660144181256437,0.6884589726484323,0.999280142869592,0.967,0.03254817299565057,0.033117183774746775,"{""buckets"": [{""accuracy"": 0.056818181818181816, ""bin_hi"": 0.1, ""bin_lo"": 0.0, ""confidence"": 0.00011397280872661257, ""n_samples"": 1056}, {""accuracy"": 0.0, ""bin_hi"": 0.2, ""bin_lo"": 0.1, ""confidence"": 0.0, ""n_samples"": 0}, {""accuracy"": 1.0, ""bin_hi"": 0.30000000000000004, ""bin_lo"": 0.2, ""confidence"": 0.26208916380972574, ""n_samples"": 1}, {""accuracy"": 0.0, ""bin_hi"": 0.4, ""bin_lo"": 0.30000000000000004, ""confidence"": 0.0, ""n_samples"": 0}, {""accuracy"": 1.0, ""bin_hi"": 0.5, ""bin_lo"": 0.4, ""confidence"": 0.49028568531895106, ""n_samples"": 1}, {""accuracy"": 1.0, ""bin_hi"": 0.6000000000000001, ""bin_lo"": 0.5, ""confidence"": 0.5693477266777247, ""n_samples"": 2}, {""accuracy"": 1.0, ""bin_hi"": 0.7000000000000001, ""bin_lo"": 0.6000000000000001, ""confidence"": 0.6612930752955385, ""n_samples"": 1}, {""accuracy"": 0.0, ""bin_hi"": 0.8, ""bin_lo"": 0.7000000000000001, ""confidence"": 0.0, ""n_samples"": 0}, {""accuracy"": 1.0, ""bin_hi"": 0.9, ""bin_lo"": 0.8, ""confidence"": 0.8326722679512869, ""n_samples"": 1}, {""accuracy"": 0.9957356076759062, ""bin_hi"": 1.0, ""bin_lo"": 0.9, ""confidence"": 0.9997225570162471, ""n_samples"": 938}], ""ece"": 0.033117183774746775}",0.06300000000010186,success,
elkan_noto,scar-pi0.5-scalemid,112,"{""base_estimator"": null, ""calibration_method"": ""sigmoid"", ""eps"": 1e-12, ""mode"": ""weighted_retraining"", ""n_cv_folds"": 5}",scar,0.5,0.5,0.5,True,0,,,0.567649607646606,,,,,0.467,False,-0.11466666666666664,0.928,0.9935760171306209,0.9976509999999998,0.965,0.9638055842812823,0.6866666666666666,0.997066609590291,0.9650000000000001,0.03317693359286649,0.03410919546037755,"{""buckets"": [{""accuracy"": 0.05676442762535478, ""bin_hi"": 0.1, ""bin_lo"": 0.0, ""confidence"": 0.0002943080032978609, ""n_samples"": 1057}, {""accuracy"": 1.0, ""bin_hi"": 0.2, ""bin_lo"": 0.1, ""confidence"": 0.1606575270808296, ""n_samples"": 1}, {""accuracy"": 0.8, ""bin_hi"": 0.30000000000000004, ""bin_lo"": 0.2, ""confidence"": 0.26316649668805797, ""n_samples"": 5}, {""accuracy"": 1.0, ""bin_hi"": 0.4, ""bin_lo"": 0.30000000000000004, ""confidence"": 0.3341740439129059, ""n_samples"": 3}, {""accuracy"": 0.0, ""bin_hi"": 0.5, ""bin_lo"": 0.4, ""confidence"": 0.0, ""n_samples"": 0}, {""accuracy"": 1.0, ""bin_hi"": 0.6000000000000001, ""bin_lo"": 0.5, ""confidence"": 0.5483008853969934, ""n_samples"": 3}, {""accuracy"": 1.0, ""bin_hi"": 0.7000000000000001, ""bin_lo"": 0.6000000000000001, ""confidence"": 0.6797807475002327, ""n_samples"": 2}, {""accuracy"": 1.0, ""bin_hi"": 0.8, ""bin_lo"": 0.7000000000000001, ""confidence"": 0.7914252715737822, ""n_samples"": 1}, {""accuracy"": 0.6666666666666666, ""bin_hi"": 0.9, ""bin_lo"": 0.8, ""confidence"": 0.8667518090648688, ""n_samples"": 3}, {""accuracy"": 0.9989189189189189, ""bin_hi"": 1.0, ""bin_lo"": 0.9, ""confidence"": 0.9991395898573745, ""n_samples"": 925}], ""ece"": 0.03410919546037755}",0.06199999999989814,success,
elkan_noto,scar-pi0.5-scalemid,113,"{""base_estimator"": null, ""calibration_method"": ""sigmoid"", ""eps"": 1e-12, ""mode"": ""weighted_retraining"", ""n_cv_folds"": 5}",scar,0.5,0.5,0.5,True,0,,,0.5713595776600934,,,,,0.4815,False,-0.14756282846397173,0.9629629629629629,0.9999615399407715,0.9971165000000001,0.9765,0.9760570555272542,0.6845998655010087,0.9957943076778432,0.9764999999999999,0.022259709841777487,0.0229291474453359,"{""buckets"": [{""accuracy"": 0.036786060019361085, ""bin_hi"": 0.1, ""bin_lo"": 0.0, ""confidence"": 9.502731072120819e-05, ""n_samples"": 1033}, {""accuracy"": 0.0, ""bin_hi"": 0.2, ""bin_lo"": 0.1, ""confidence"": 0.0, ""n_samples"": 0}, {""accuracy"": 1.0, ""bin_hi"": 0.30000000000000004, ""bin_lo"": 0.2, ""confidence"": 0.22390584540904737, ""n_samples"": 3}, {""accuracy"": 0.0, ""bin_hi"": 0.4, ""bin_lo"": 0.30000000000000004, ""confidence"": 0.0, ""n_samples"": 0}, {""accuracy"": 1.0, ""bin_hi"": 0.5, ""bin_lo"": 0.4, ""confidence"": 0.4282512601377034, ""n_samples"": 1}, {""accuracy"": 1.0, ""bin_hi"": 0.6000000000000001, ""bin_lo"": 0.5, ""confidence"": 0.5423997254648608, ""n_samples"": 1}, {""accuracy"": 0.0, ""bin_hi"": 0.7000000000000001, ""bin_lo"": 0.6000000000000001, ""confidence"": 0.6025777114790247, ""n_samples"": 1}, {""accuracy"": 0.0, ""bin_hi"": 0.8, ""bin_lo"": 0.7000000000000001, ""confidence"": 0.0, ""n_samples"": 0}, {""accuracy"": 0.0, ""bin_hi"": 0.9, ""bin_lo"": 0.8, ""confidence"": 0.0, ""n_samples"": 0}, {""accuracy"": 0.9958376690946931, ""bin_hi"": 1.0, ""bin_lo"": 0.9, ""confidence"": 0.9999960966836603, ""n_samples"": 961}], ""ece"": 0.0229291474453359}",0.06300000000010186,success,
elkan_noto,scar-pi0.5-scalemid,114,"{""base_estimator"": null, ""calibration_method"": ""sigmoid"", ""eps"": 1e-12, ""mode"": ""weighted_retraining"", ""n_cv_folds"": 5}",scar,0.5,0.5,0.5,True,0,,,0.5817052191968102,,,,,0.4715,False,-0.1254846196593769,0.9359223300970874,0.9924945176003048,0.997595,0.9685,0.9675759135357694,0.6895622895622896,0.9965005057369324,0.9684999999999999,0.030356507378083576,0.03121949214515735,"{""buckets"": [{""accuracy"": 0.05142857142857143, ""bin_hi"": 0.1, ""bin_lo"": 0.0, ""confidence"": 0.00017604683043436785, ""n_samples"": 1050}, {""accuracy"": 0.6666666666666666, ""bin_hi"": 0.2, ""bin_lo"": 0.1, ""confidence"": 0.12923884897299262, ""n_samples"": 3}, {""accuracy"": 1.0, ""bin_hi"": 0.30000000000000004, ""bin_lo"": 0.2, ""confidence"": 0.2432424137228137, ""n_samples"": 2}, {""accuracy"": 1.0, ""bin_hi"": 0.4, ""bin_lo"": 0.30000000000000004, ""confidence"": 0.3353524864601197, ""n_samples"": 1}, {""accuracy"": 1.0, ""bin_hi"": 0.5, ""bin_lo"": 0.4, ""confidence"": 0.410267527947296, ""n_samples"": 1}, {""accuracy"": 1.0, ""bin_hi"": 0.6000000000000001, ""bin_lo"": 0.5, ""confidence"": 0.529907573621828, ""n_samples"": 1}, {""accuracy"": 1.0, ""bin_hi"": 0.7000000000000001, ""bin_lo"": 0.6000000000000001, ""confidence"": 0.6487072659450546, ""n_samples"": 2}, {""accuracy"": 1.0, ""bin_hi"": 0.8, ""bin_lo"": 0.7000000000000001, ""confidence"": 0.7666663816051307, ""n_samples"": 2}, {""accuracy"": 0.0, ""bin_hi"": 0.9, ""bin_lo"": 0.8, ""confidence"": 0.0, ""n_samples"": 0}, {""accuracy"": 0.9968017057569296, ""bin_hi"": 1.0, ""bin_lo"": 0.9, ""confidence"": 0.9995781553515618, ""n_samples"": 938}], ""ece"": 0.03121949214515735}",0.06300000000010186,success,
elkan_noto,scar-pi0.5-scalemid,115,"{""base_estimator"": null, ""calibration_method"": ""sigmoid"", ""eps"": 1e-12, ""mode"": ""weighted_retraining"", ""n_cv_folds"": 5}",scar,0.5,0.5,0.5,True,0,,,0.5622421031161698,,,,,0.483,False,-0.13922647359172746,0.958904109589041,0.9926543577526306,0.998566,0.98,0.9796541200406917,0.6803223640026864,0.9980388607442916,0.98,0.018647188468129173,0.018991300048841198,"{""buckets"": [{""accuracy"": 0.0311284046692607, ""bin_hi"": 0.1, ""bin_lo"": 0.0, ""confidence"": 0.00035149327219363886, ""n_samples"": 1028}, {""accuracy"": 1.0, ""bin_hi"": 0.2, ""bin_lo"": 0.1, ""confidence"": 0.13999719322690132, ""n_samples"": 1}, {""accuracy"": 1.0, ""bin_hi"": 0.30000000000000004, ""bin_lo"": 0.2, ""confidence"": 0.2381256969165284, ""n_samples"": 2}, {""accuracy"": 0.0, ""bin_hi"": 0.4, ""bin_lo"": 0.30000000000000004, ""confidence"": 0.0, ""n_samples"": 0}, {""accuracy"": 0.6666666666666666, ""bin_hi"": 0.5, ""bin_lo"": 0.4, ""confidence"": 0.45463663614895444, ""n_samples"": 3}, {""accuracy"": 1.0, ""bin_hi"": 0.6000000000000001, ""bin_lo"": 0.5, ""confidence"": 0.5442916932979631, ""n_samples"": 1}, {""accuracy"": 1.0, ""bin_hi"": 0.7000000000000001, ""bin_lo"": 0.6000000000000001, ""confidence"": 0.6851246611806036, ""n_samples"": 1}, {""accuracy"": 0.0, ""bin_hi"": 0.8, ""bin_lo"": 0.7000000000000001, ""confidence"": 0.0, ""n_samples"": 0}, {""accuracy"": 0.5, ""bin_hi"": 0.9, ""bin_lo"": 0.8, ""confidence"": 0.8511912414158869, ""n_samples"": 2}, {""accuracy"": 0.997920997920998, ""bin_hi"": 1.0, ""bin_lo"": 0.9, ""confidence"": 0.9998452469320698, ""n_samples"": 962}], ""ece"": 0.018991300048841198}",0.06199999999989814,success,
elkan_noto,scar-pi0.5-scalemid,116,"{""base_estimator"": null, ""calibration_method"": ""sigmoid"", ""eps"": 1e-12, ""mode"": ""weighted_retraining"", ""n_cv_folds"": 5}",scar,0.5,0.5,0.5,True,0,,,0.5616410919723523,,,,,0.4625,False,-0.11490559986083249,0.9279835390946503,1.0,0.999468,0.9615,0.96,0.6869220607661823,0.9995015407010538,0.9615,0.036959537897825655,0.038671091990614644,"{""buckets"": [{""accuracy"": 0.06373008434864105, ""bin_hi"": 0.1, ""bin_lo"": 0.0, ""confidence"": 0.0002105171767437579, ""n_samples"": 1067}, {""accuracy"": 1.0, ""bin_hi"": 0.2, ""bin_lo"": 0.1, ""confidence"": 0.11919608043226076, ""n_samples"": 1}, {""accuracy"": 1.0, ""bin_hi"": 0.30000000000000004, ""bin_lo"": 0.2, ""confidence"": 0.241261399549147, ""n_samples"": 5}, {""accuracy"": 1.0, ""bin_hi"": 0.4, ""bin_lo"": 0.30000000000000004, ""confidence"": 0.37041877734800055, ""n_samples"": 2}, {""accuracy"": 0.0, ""bin_hi"": 0.5, ""bin_lo"": 0.4, ""confidence"": 0.0, ""n_samples"": 0}, {""accuracy"": 1.0, ""bin_hi"": 0.6000000000000001, ""bin_lo"": 0.5, ""confidence"": 0.5831120173602892, ""n_samples"": 3}, {""accuracy"": 1.0, ""bin_hi"": 0.7000000000000001, ""bin_lo"": 0.6000000000000001, ""confidence"": 0.6579112039100772, ""n_samples"": 2}, {""accuracy"": 1.0, ""bin_hi"": 0.8, ""bin_lo"": 0.7000000000000001, ""confidence"": 0.760552327728341, ""n_samples"": 1}, {""accuracy"": 1.0, ""bin_hi"": 0.9, ""bin_lo"": 0.8, ""confidence"": 0.8445267905195788, ""n_samples"": 4}, {""accuracy"": 0.9989071038251366, ""bin_hi"": 1.0, ""bin_lo"": 0.9, ""confidence"": 0.9998218190069907, ""n_samples"": 915}], ""ece"": 0.038671091990614644}",0.04699999999957072,success,
elkan_noto,scar-pi0.5-scalemid,117,"{""base_estimator"": null, ""calibration_method"": ""sigmoid"", ""eps"": 1e-12, ""mode"": ""weighted_retraining"", ""n_cv_folds"": 5}",scar,0.5,0.5,0.5,True,0,,,0.5364792114696205,,,,,0.4925,False,-0.12826964745605973,0.9655870445344129,0.9802914157709776,0.99492,0.9755,0.9753148614609571,0.6626826029216467,0.9917075166200741,0.9755,0.023700048480433132,0.02404592731642459,"{""buckets"": [{""accuracy"": 0.02865612648221344, ""bin_hi"": 0.1, ""bin_lo"": 0.0, ""confidence"": 0.00011424317010968931, ""n_samples"": 1012}, {""accuracy"": 1.0, ""bin_hi"": 0.2, ""bin_lo"": 0.1, ""confidence"": 0.12221355722805362, ""n_samples"": 1}, {""accuracy"": 1.0, ""bin_hi"": 0.30000000000000004, ""bin_lo"": 0.2, ""confidence"": 0.25066678930928415, ""n_samples"": 1}, {""accuracy"": 0.0, ""bin_hi"": 0.4, ""bin_lo"": 0.30000000000000004, ""confidence"": 0.0, ""n_samples"": 0}, {""accuracy"": 1.0, ""bin_hi"": 0.5, ""bin_lo"": 0.4, ""confidence"": 0.47513558810123485, ""n_samples"": 1}, {""accuracy"": 0.0, ""bin_hi"": 0.6000000000000001, ""bin_lo"": 0.5, ""confidence"": 0.0, ""n_samples"": 0}, {""accuracy"": 1.0, ""bin_hi"": 0.7000000000000001, ""bin_lo"": 0.6000000000000001, ""confidence"": 0.6966097353779258, ""n_samples"": 1}, {""accuracy"": 0.0, ""bin_hi"": 0.8, ""bin_lo"": 0.7000000000000001, ""confidence"": 0.0, ""n_samples"": 0}, {""accuracy"": 1.0, ""bin_hi"": 0.9, ""bin_lo"": 0.8, ""confidence"": 0.8629443559371416, ""n_samples"": 1}, {""accuracy"": 0.982706002034588, ""bin_hi"": 1.0, ""bin_lo"": 0.9, ""confidence"": 0.9996083812278269, ""n_samples"": 983}], ""ece"": 0.02404592731642459}",0.06300000000010186,success,
elkan_noto,scar-pi0.5-scalemid,118,"{""base_estimator"": null, ""calibration_method"": ""sigmoid"", ""eps"": 1e-12, ""mode"": ""weighted_retraining"", ""n_cv_folds"": 5}",scar,0.5,0.5,0.5,True,0,,,0.5732099803372095,,,,,0.4825,False,-0.13791311198091588,0.9555125725338491,0.990168468946994,0.9986999999999999,0.9765,0.9760814249363867,0.6824005394470668,0.9981498597465116,0.9764999999999999,0.022721998267104734,0.023637156170505245,"{""buckets"": [{""accuracy"": 0.03588748787584869, ""bin_hi"": 0.1, ""bin_lo"": 0.0, ""confidence"": 7.628987606505636e-05, ""n_samples"": 1031}, {""accuracy"": 1.0, ""bin_hi"": 0.2, ""bin_lo"": 0.1, ""confidence"": 0.1688732264626424, ""n_samples"": 2}, {""accuracy"": 0.0, ""bin_hi"": 0.30000000000000004, ""bin_lo"": 0.2, ""confidence"": 0.0, ""n_samples"": 0}, {""accuracy"": 1.0, ""bin_hi"": 0.4, ""bin_lo"": 0.30000000000000004, ""confidence"": 0.35934446775696016, ""n_samples"": 1}, {""accuracy"": 1.0, ""bin_hi"": 0.5, ""bin_lo"": 0.4, ""confidence"": 0.4200896997603195, ""n_samples"": 1}, {""accuracy"": 0.0, ""bin_hi"": 0.6000000000000001, ""bin_lo"": 0.5, ""confidence"": 0.0, ""n_samples"": 0}, {""accuracy"": 1.0, ""bin_hi"": 0.7000000000000001, ""bin_lo"": 0.6000000000000001, ""confidence"": 0.6584841778277701, ""n_samples"": 2}, {""accuracy"": 1.0, ""bin_hi"": 0.8, ""bin_lo"": 0.7000000000000001, ""confidence"": 0.7305316562792705, ""n_samples"": 2}, {""accuracy"": 1.0, ""bin_hi"": 0.9, ""bin_lo"": 0.8, ""confidence"": 0.8474854940675663, ""n_samples"": 2}, {""accuracy"": 0.9937434827945777, ""bin_hi"": 1.0, ""bin_lo"": 0.9, ""confidence"": 0.9999407200000264, ""n_samples"": 959}], ""ece"": 0.023637156170505245}",0.06199999999989814,success,
elkan_noto,scar-pi0.5-scalemid,119,"{""base_estimator"": null, ""calibration_method"": ""sigmoid"", ""eps"": 1e-12, ""mode"": ""weighted_retraining"", ""n_cv_folds"": 5}",scar,0.5,0.5,0.5,True,0,,,0.5465877675342583,,,,,0.467,False,-0.09928434073287135,0.9227557411273486,0.987961178937204,0.9972409999999999,0.96,0.9586349534643226,0.6765285996055227,0.9972795240647598,0.96,0.03703378708383939,0.03890749422279348,"{""buckets"": [{""accuracy"": 0.05971563981042654, ""bin_hi"": 0.1, ""bin_lo"": 0.0, ""confidence"": 0.0008368629107648311, ""n_samples"": 1055}, {""accuracy"": 0.75, ""bin_hi"": 0.2, ""bin_lo"": 0.1, ""confidence"": 0.1321644515579044, ""n_samples"": 4}, {""accuracy"": 1.0, ""bin_hi"": 0.30000000000000004, ""bin_lo"": 0.2, ""confidence"": 0.2312387711250174, ""n_samples"": 2}, {""accuracy"": 1.0, ""bin_hi"": 0.4, ""bin_lo"": 0.30000000000000004, ""confidence"": 0.3597363800267384, ""n_samples"": 1}, {""accuracy"": 1.0, ""bin_hi"": 0.5, ""bin_lo"": 0.4, ""confidence"": 0.47153412291273217, ""n_samples"": 4}, {""accuracy"": 0.875, ""bin_hi"": 0.6000000000000001, ""bin_lo"": 0.5, ""confidence"": 0.5543586810146467, ""n_samples"": 8}, {""accuracy"": 0.5, ""bin_hi"": 0.7000000000000001, ""bin_lo"": 0.6000000000000001, ""confidence"": 0.6292025843394157, ""n_samples"": 2}, {""accuracy"": 1.0, ""bin_hi"": 0.8, ""bin_lo"": 0.7000000000000001, ""confidence"": 0.7578938910604521, ""n_samples"": 5}, {""accuracy"": 1.0, ""bin_hi"": 0.9, ""bin_lo"": 0.8, ""confidence"": 0.8403619083571151, ""n_samples"": 5}, {""accuracy"": 0.9945295404814004, ""bin_hi"": 1.0, ""bin_lo"": 0.9, ""confidence"": 0.9990181950909511, ""n_samples"": 914}], ""ece"": 0.03890749422279348}",0.04700000000048021,success,
elkan_noto,sar-pi0.1-scalesmall,100,"{""base_estimator"": null, ""calibration_method"": ""sigmoid"", ""eps"": 1e-12, ""mode"": ""weighted_retraining"", ""n_cv_folds"": 5}",linear,0.1,0.5,0.5,True,0,,,0.7970789432185775,,,,,0.07,False,-0.037181337181337176,0.8181818181818182,1.0,1.0,0.97,0.8235294117647058,0.9735449735449735,1.0,0.85,0.02070905623035757,0.03458751176970721,"{""buckets"": [{""accuracy"": 0.002770083102493075, ""bin_hi"": 0.1, ""bin_lo"": 0.0, ""confidence"": 0.004076025723359191, ""n_samples"": 361}, {""accuracy"": 1.0, ""bin_hi"": 0.2, ""bin_lo"": 0.1, ""confidence"": 0.14286111056702638, ""n_samples"": 4}, {""accuracy"": 1.0, ""bin_hi"": 0.30000000000000004, ""bin_lo"": 0.2, ""confidence"": 0.2713480745821117, ""n_samples"": 1}, {""accuracy"": 1.0, ""bin_hi"": 0.4, ""bin_lo"": 0.30000000000000004, ""confidence"": 0.34117703682356887, ""n_samples"": 3}, {""accuracy"": 1.0, ""bin_hi"": 0.5, ""bin_lo"": 0.4, ""confidence"": 0.43245434872296085, ""n_samples"": 3}, {""accuracy"": 1.0, ""bin_hi"": 0.6000000000000001, ""bin_lo"": 0.5, ""confidence"": 0.5458638521523503, ""n_samples"": 3}, {""accuracy"": 1.0, ""bin_hi"": 0.7000000000000001, ""bin_lo"": 0.6000000000000001, ""confidence"": 0.641451706458102, ""n_samples"": 5}, {""accuracy"": 1.0, ""bin_hi"": 0.8, ""bin_lo"": 0.7000000000000001, ""confidence"": 0.7493785974428785, ""n_samples"": 4}, {""accuracy"": 1.0, ""bin_hi"": 0.9, ""bin_lo"": 0.8, ""confidence"": 0.8549570075199892, ""n_samples"": 6}, {""accuracy"": 1.0, ""bin_hi"": 1.0, ""bin_lo"": 0.9, ""confidence"": 0.9500647381120968, ""n_samples"": 10}], ""ece"": 0.03458751176970721}",0.04700000000048021,success,
elkan_noto,sar-pi0.1-scalesmall,101,"{""base_estimator"": null, ""calibration_method"": ""sigmoid"", ""eps"": 1e-12, ""mode"": ""weighted_retraining"", ""n_cv_folds"": 5}",linear,0.1,0.5,0.5,True,0,,,0.7588657119450324,,,,,0.055,False,-0.05416666666666667,0.875,1.0,0.9988888888888889,0.955,0.7096774193548387,0.9791666666666666,0.9892999911884892,0.775,0.03548092715550004,0.045816438521358,"{""buckets"": [{""accuracy"": 0.024456521739130436, ""bin_hi"": 0.1, ""bin_lo"": 0.0, ""confidence"": 0.0013978765780836024, ""n_samples"": 368}, {""accuracy"": 0.75, ""bin_hi"": 0.2, ""bin_lo"": 0.1, ""confidence"": 0.13583642620353822, ""n_samples"": 4}, {""accuracy"": 1.0, ""bin_hi"": 0.30000000000000004, ""bin_lo"": 0.2, ""confidence"": 0.22845478394979582, ""n_samples"": 2}, {""accuracy"": 1.0, ""bin_hi"": 0.4, ""bin_lo"": 0.30000000000000004, ""confidence"": 0.36885903175422324, ""n_samples"": 4}, {""accuracy"": 0.0, ""bin_hi"": 0.5, ""bin_lo"": 0.4, ""confidence"": 0.0, ""n_samples"": 0}, {""accuracy"": 1.0, ""bin_hi"": 0.6000000000000001, ""bin_lo"": 0.5, ""confidence"": 0.5598225384175871, ""n_samples"": 2}, {""accuracy"": 1.0, ""bin_hi"": 0.7000000000000001, ""bin_lo"": 0.6000000000000001, ""confidence"": 0.6767672728914922, ""n_samples"": 1}, {""accuracy"": 1.0, ""bin_hi"": 0.8, ""bin_lo"": 0.7000000000000001, ""confidence"": 0.7644302065667206, ""n_samples"": 5}, {""accuracy"": 1.0, ""bin_hi"": 0.9, ""bin_lo"": 0.8, ""confidence"": 0.8594796636713901, ""n_samples"": 3}, {""accuracy"": 1.0, ""bin_hi"": 1.0, ""bin_lo"": 0.9, ""confidence"": 0.9533011124924508, ""n_samples"": 11}], ""ece"": 0.045816438521358}",0.04700000000048021,success,
elkan_noto,sar-pi0.1-scalesmall,102,"{""base_estimator"": null, ""calibration_method"": ""sigmoid"", ""eps"": 1e-12, ""mode"": ""weighted_retraining"", ""n_cv_folds"": 5}",linear,0.1,0.5,0.5,True,0,,,0.839129543364785,,,,,0.0475,False,-0.047396049178063275,0.7894736842105263,1.0,0.9882638888888888,0.9475,0.6440677966101694,0.989501312335958,0.954203919335864,0.7375,0.03818228256239776,0.0477469214994761,"{""buckets"": [{""accuracy"": 0.021739130434782608, ""bin_hi"": 0.1, ""bin_lo"": 0.0, ""confidence"": 0.00236744701829382, ""n_samples"": 368}, {""accuracy"": 1.0, ""bin_hi"": 0.2, ""bin_lo"": 0.1, ""confidence"": 0.14336613911474652, ""n_samples"": 5}, {""accuracy"": 1.0, ""bin_hi"": 0.30000000000000004, ""bin_lo"": 0.2, ""confidence"": 0.2558440503352805, ""n_samples"": 2}, {""accuracy"": 1.0, ""bin_hi"": 0.4, ""bin_lo"": 0.30000000000000004, ""confidence"": 0.3674095606237448, ""n_samples"": 4}, {""accuracy"": 1.0, ""bin_hi"": 0.5, ""bin_lo"": 0.4, ""confidence"": 0.4838126079522649, ""n_samples"": 2}, {""accuracy"": 1.0, ""bin_hi"": 0.6000000000000001, ""bin_lo"": 0.5, ""confidence"": 0.571856190739918, ""n_samples"": 1}, {""accuracy"": 1.0, ""bin_hi"": 0.7000000000000001, ""bin_lo"": 0.6000000000000001, ""confidence"": 0.622979135089648, ""n_samples"": 3}, {""accuracy"": 0.0, ""bin_hi"": 0.8, ""bin_lo"": 0.7000000000000001, ""confidence"": 0.0, ""n_samples"": 0}, {""accuracy"": 1.0, ""bin_hi"": 0.9, ""bin_lo"": 0.8, ""confidence"": 0.8526085806867704, ""n_samples"": 4}, {""accuracy"": 1.0, ""bin_hi"": 1.0, ""bin_lo"": 0.9, ""confidence"": 0.955727338552517, ""n_samples"": 11}], ""ece"": 0.0477469214994761}",0.04700000000048021,success,
elkan_noto,sar-pi0.1-scalesmall,103,"{""base_estimator"": null, ""calibration_method"": ""sigmoid"", ""eps"": 1e-12, ""mode"": ""weighted_retraining"", ""n_cv_folds"": 5}",linear,0.1,0.5,0.5,True,0,,,0.8584481131986763,,,,,0.0575,False,-0.05823595929136827,0.8571428571428571,1.0,0.9975694444444445,0.9575,0.7301587301587301,0.9868073878627969,0.9827361713916336,0.7875,0.028370187456868097,0.04179623000638967,"{""buckets"": [{""accuracy"": 0.01639344262295082, ""bin_hi"": 0.1, ""bin_lo"": 0.0, ""confidence"": 0.0021630575946646477, ""n_samples"": 366}, {""accuracy"": 1.0, ""bin_hi"": 0.2, ""bin_lo"": 0.1, ""confidence"": 0.1598002381265006, ""n_samples"": 2}, {""accuracy"": 0.0, ""bin_hi"": 0.30000000000000004, ""bin_lo"": 0.2, ""confidence"": 0.0, ""n_samples"": 0}, {""accuracy"": 1.0, ""bin_hi"": 0.4, ""bin_lo"": 0.30000000000000004, ""confidence"": 0.35014667527356524, ""n_samples"": 5}, {""accuracy"": 1.0, ""bin_hi"": 0.5, ""bin_lo"": 0.4, ""confidence"": 0.446225995248046, ""n_samples"": 4}, {""accuracy"": 0.0, ""bin_hi"": 0.6000000000000001, ""bin_lo"": 0.5, ""confidence"": 0.0, ""n_samples"": 0}, {""accuracy"": 1.0, ""bin_hi"": 0.7000000000000001, ""bin_lo"": 0.6000000000000001, ""confidence"": 0.6499236717680109, ""n_samples"": 5}, {""accuracy"": 1.0, ""bin_hi"": 0.8, ""bin_lo"": 0.7000000000000001, ""confidence"": 0.7535358451830273, ""n_samples"": 5}, {""accuracy"": 1.0, ""bin_hi"": 0.9, ""bin_lo"": 0.8, ""confidence"": 0.8338352266800269, ""n_samples"": 6}, {""accuracy"": 1.0, ""bin_hi"": 1.0, ""bin_lo"": 0.9, ""confidence"": 0.9448974484783582, ""n_samples"": 7}], ""ece"": 0.04179623000638967}",0.06199999999989814,success,
elkan_noto,sar-pi0.1-scalesmall,104,"{""base_estimator"": null, ""calibration_method"": ""sigmoid"", ""eps"": 1e-12, ""mode"": ""weighted_retraining"", ""n_cv_folds"": 5}",linear,0.1,0.5,0.5,True,0,,,0.8485987959003729,,,,,0.0725,False,-0.061388536500980286,0.9130434782608695,1.0,0.9996527777777778,0.9725,0.8405797101449275,0.9787798408488063,0.9969489859733762,0.8625,0.021503185831598978,0.032493854877336026,"{""buckets"": [{""accuracy"": 0.00554016620498615, ""bin_hi"": 0.1, ""bin_lo"": 0.0, ""confidence"": 0.0015648252868987785, ""n_samples"": 361}, {""accuracy"": 0.8571428571428571, ""bin_hi"": 0.2, ""bin_lo"": 0.1, ""confidence"": 0.1512937244210264, ""n_samples"": 7}, {""accuracy"": 0.0, ""bin_hi"": 0.30000000000000004, ""bin_lo"": 0.2, ""confidence"": 0.0, ""n_samples"": 0}, {""accuracy"": 1.0, ""bin_hi"": 0.4, ""bin_lo"": 0.30000000000000004, ""confidence"": 0.36602398838149836, ""n_samples"": 2}, {""accuracy"": 1.0, ""bin_hi"": 0.5, ""bin_lo"": 0.4, ""confidence"": 0.49525628319941656, ""n_samples"": 1}, {""accuracy"": 1.0, ""bin_hi"": 0.6000000000000001, ""bin_lo"": 0.5, ""confidence"": 0.5739538212463515, ""n_samples"": 5}, {""accuracy"": 0.0, ""bin_hi"": 0.7000000000000001, ""bin_lo"": 0.6000000000000001, ""confidence"": 0.0, ""n_samples"": 0}, {""accuracy"": 1.0, ""bin_hi"": 0.8, ""bin_lo"": 0.7000000000000001, ""confidence"": 0.7228068066990447, ""n_samples"": 2}, {""accuracy"": 1.0, ""bin_hi"": 0.9, ""bin_lo"": 0.8, ""confidence"": 0.8522139708773221, ""n_samples"": 10}, {""accuracy"": 1.0, ""bin_hi"": 1.0, ""bin_lo"": 0.9, ""confidence"": 0.942806113431872, ""n_samples"": 12}], ""ece"": 0.032493854877336026}",0.06300000000010186,success,
elkan_noto,sar-pi0.1-scalesmall,105,"{""base_estimator"": null, ""calibration_method"": ""sigmoid"", ""eps"": 1e-12, ""mode"": ""weighted_retraining"", ""n_cv_folds"": 5}",linear,0.1,0.5,0.5,True,0,,,0.8213129908517796,,,,,0.0725,False,-0.06974506974506975,0.9545454545454546,1.0,0.9968055555555556,0.9725,0.8405797101449275,0.9788359788359788,0.9795127551020407,0.8625,0.022012305194117055,0.03307545805607217,"{""buckets"": [{""accuracy"": 0.008264462809917356, ""bin_hi"": 0.1, ""bin_lo"": 0.0, ""confidence"": 0.0011173078824989367, ""n_samples"": 363}, {""accuracy"": 1.0, ""bin_hi"": 0.2, ""bin_lo"": 0.1, ""confidence"": 0.16233028008089603, ""n_samples"": 4}, {""accuracy"": 1.0, ""bin_hi"": 0.30000000000000004, ""bin_lo"": 0.2, ""confidence"": 0.21350295284239396, ""n_samples"": 1}, {""accuracy"": 1.0, ""bin_hi"": 0.4, ""bin_lo"": 0.30000000000000004, ""confidence"": 0.3108494259074472, ""n_samples"": 1}, {""accuracy"": 1.0, ""bin_hi"": 0.5, ""bin_lo"": 0.4, ""confidence"": 0.46859447066088306, ""n_samples"": 2}, {""accuracy"": 1.0, ""bin_hi"": 0.6000000000000001, ""bin_lo"": 0.5, ""confidence"": 0.5468410628631659, ""n_samples"": 4}, {""accuracy"": 1.0, ""bin_hi"": 0.7000000000000001, ""bin_lo"": 0.6000000000000001, ""confidence"": 0.6324853656925337, ""n_samples"": 1}, {""accuracy"": 1.0, ""bin_hi"": 0.8, ""bin_lo"": 0.7000000000000001, ""confidence"": 0.7636315229124242, ""n_samples"": 4}, {""accuracy"": 1.0, ""bin_hi"": 0.9, ""bin_lo"": 0.8, ""confidence"": 0.8717507061575354, ""n_samples"": 10}, {""accuracy"": 1.0, ""bin_hi"": 1.0, ""bin_lo"": 0.9, ""confidence"": 0.9661488805458578, ""n_samples"": 10}], ""ece"": 0.03307545805607217}",0.06199999999989814,success,
elkan_noto,sar-pi0.1-scalesmall,106,"{""base_estimator"": null, ""calibration_method"": ""sigmoid"", ""eps"": 1e-12, ""mode"": ""weighted_retraining"", ""n_cv_folds"": 5}",linear,0.1,0.5,0.5,True,0,,,0.7936031689342015,,,,,0.0625,False,-0.036315789473684204,0.8,1.0,0.9982638888888888,0.9625,0.7692307692307693,0.9763157894736842,0.9868304502515028,0.8125,0.026133016066175588,0.03691398013292483,"{""buckets"": [{""accuracy"": 0.008287292817679558, ""bin_hi"": 0.1, ""bin_lo"": 0.0, ""confidence"": 0.0025559840775094688, ""n_samples"": 362}, {""accuracy"": 0.75, ""bin_hi"": 0.2, ""bin_lo"": 0.1, ""confidence"": 0.15676741152129073, ""n_samples"": 4}, {""accuracy"": 1.0, ""bin_hi"": 0.30000000000000004, ""bin_lo"": 0.2, ""confidence"": 0.23694235108976128, ""n_samples"": 4}, {""accuracy"": 1.0, ""bin_hi"": 0.4, ""bin_lo"": 0.30000000000000004, ""confidence"": 0.3531618888088259, ""n_samples"": 3}, {""accuracy"": 1.0, ""bin_hi"": 0.5, ""bin_lo"": 0.4, ""confidence"": 0.4445770295643401, ""n_samples"": 2}, {""accuracy"": 1.0, ""bin_hi"": 0.6000000000000001, ""bin_lo"": 0.5, ""confidence"": 0.5591997743366963, ""n_samples"": 3}, {""accuracy"": 1.0, ""bin_hi"": 0.7000000000000001, ""bin_lo"": 0.6000000000000001, ""confidence"": 0.6437546294547623, ""n_samples"": 4}, {""accuracy"": 1.0, ""bin_hi"": 0.8, ""bin_lo"": 0.7000000000000001, ""confidence"": 0.7051058134144168, ""n_samples"": 1}, {""accuracy"": 1.0, ""bin_hi"": 0.9, ""bin_lo"": 0.8, ""confidence"": 0.8599606384689555, ""n_samples"": 4}, {""accuracy"": 1.0, ""bin_hi"": 1.0, ""bin_lo"": 0.9, ""confidence"": 0.9529305174348383, ""n_samples"": 13}], ""ece"": 0.03691398013292483}",0.06300000000010186,success,
elkan_noto,sar-pi0.1-scalesmall,107,"{""base_estimator"": null, ""calibration_method"": ""sigmoid"", ""eps"": 1e-12, ""mode"": ""weighted_retraining"", ""n_cv_folds"": 5}",linear,0.1,0.5,0.5,True,0,,,0.7926079174472694,,,,,0.065,False,-0.06532867946480513,0.9444444444444444,1.0,0.9946527777777778,0.965,0.7878787878787878,0.9764397905759162,0.9708908116489499,0.825,0.03128943303872383,0.03799923612732443,"{""buckets"": [{""accuracy"": 0.024390243902439025, ""bin_hi"": 0.1, ""bin_lo"": 0.0, ""confidence"": 0.0003129360638911357, ""n_samples"": 369}, {""accuracy"": 1.0, ""bin_hi"": 0.2, ""bin_lo"": 0.1, ""confidence"": 0.15758209889300517, ""n_samples"": 2}, {""accuracy"": 1.0, ""bin_hi"": 0.30000000000000004, ""bin_lo"": 0.2, ""confidence"": 0.24379403049969622, ""n_samples"": 2}, {""accuracy"": 1.0, ""bin_hi"": 0.4, ""bin_lo"": 0.30000000000000004, ""confidence"": 0.3013241850250684, ""n_samples"": 1}, {""accuracy"": 0.0, ""bin_hi"": 0.5, ""bin_lo"": 0.4, ""confidence"": 0.0, ""n_samples"": 0}, {""accuracy"": 1.0, ""bin_hi"": 0.6000000000000001, ""bin_lo"": 0.5, ""confidence"": 0.5441510636043853, ""n_samples"": 1}, {""accuracy"": 1.0, ""bin_hi"": 0.7000000000000001, ""bin_lo"": 0.6000000000000001, ""confidence"": 0.6590252409692553, ""n_samples"": 1}, {""accuracy"": 1.0, ""bin_hi"": 0.8, ""bin_lo"": 0.7000000000000001, ""confidence"": 0.7179496197425281, ""n_samples"": 1}, {""accuracy"": 1.0, ""bin_hi"": 0.9, ""bin_lo"": 0.8, ""confidence"": 0.8449633368546314, ""n_samples"": 8}, {""accuracy"": 1.0, ""bin_hi"": 1.0, ""bin_lo"": 0.9, ""confidence"": 0.9933282052353807, ""n_samples"": 15}], ""ece"": 0.03799923612732443}",0.06199999999989814,success,
elkan_noto,sar-pi0.1-scalesmall,108,"{""base_estimator"": null, ""calibration_method"": ""sigmoid"", ""eps"": 1e-12, ""mode"": ""weighted_retraining"", ""n_cv_folds"": 5}",linear,0.1,0.5,0.5,True,0,,,0.8171051166637994,,,,,0.065,False,-0.06594516594516595,0.9090909090909091,1.0,0.9994444444444444,0.965,0.7878787878787878,0.9841269841269841,0.995473104793757,0.825,0.021006051305429776,0.03195610133467296,"{""buckets"": [{""accuracy"": 0.002777777777777778, ""bin_hi"": 0.1, ""bin_lo"": 0.0, ""confidence"": 0.0013828547505299713, ""n_samples"": 360}, {""accuracy"": 0.75, ""bin_hi"": 0.2, ""bin_lo"": 0.1, ""confidence"": 0.13105321585647275, ""n_samples"": 4}, {""accuracy"": 1.0, ""bin_hi"": 0.30000000000000004, ""bin_lo"": 0.2, ""confidence"": 0.20331677189122754, ""n_samples"": 2}, {""accuracy"": 1.0, ""bin_hi"": 0.4, ""bin_lo"": 0.30000000000000004, ""confidence"": 0.35602984397968884, ""n_samples"": 5}, {""accuracy"": 1.0, ""bin_hi"": 0.5, ""bin_lo"": 0.4, ""confidence"": 0.41846424270132115, ""n_samples"": 3}, {""accuracy"": 1.0, ""bin_hi"": 0.6000000000000001, ""bin_lo"": 0.5, ""confidence"": 0.5027677135932688, ""n_samples"": 1}, {""accuracy"": 1.0, ""bin_hi"": 0.7000000000000001, ""bin_lo"": 0.6000000000000001, ""confidence"": 0.6734369795890872, ""n_samples"": 1}, {""accuracy"": 1.0, ""bin_hi"": 0.8, ""bin_lo"": 0.7000000000000001, ""confidence"": 0.7656206382973548, ""n_samples"": 6}, {""accuracy"": 1.0, ""bin_hi"": 0.9, ""bin_lo"": 0.8, ""confidence"": 0.861266868843147, ""n_samples"": 3}, {""accuracy"": 1.0, ""bin_hi"": 1.0, ""bin_lo"": 0.9, ""confidence"": 0.95997428474889, ""n_samples"": 15}], ""ece"": 0.03195610133467296}",0.04700000000048021,success,
elkan_noto,sar-pi0.1-scalesmall,109,"{""base_estimator"": null, ""calibration_method"": ""sigmoid"", ""eps"": 1e-12, ""mode"": ""weighted_retraining"", ""n_cv_folds"": 5}",linear,0.1,0.5,0.5,True,0,,,0.7702143220046915,,,,,0.05,False,-0.049040086008293654,0.8235294117647058,1.0,0.9915972222222222,0.95,0.6666666666666666,0.9843342036553525,0.9709506945915803,0.75,0.036983534983296214,0.0497925745625598,"{""buckets"": [{""accuracy"": 0.021739130434782608, ""bin_hi"": 0.1, ""bin_lo"": 0.0, ""confidence"": 0.0033230199113371997, ""n_samples"": 368}, {""accuracy"": 1.0, ""bin_hi"": 0.2, ""bin_lo"": 0.1, ""confidence"": 0.1533100913589717, ""n_samples"": 2}, {""accuracy"": 1.0, ""bin_hi"": 0.30000000000000004, ""bin_lo"": 0.2, ""confidence"": 0.26852820886357914, ""n_samples"": 3}, {""accuracy"": 1.0, ""bin_hi"": 0.4, ""bin_lo"": 0.30000000000000004, ""confidence"": 0.3543088533486197, ""n_samples"": 5}, {""accuracy"": 1.0, ""bin_hi"": 0.5, ""bin_lo"": 0.4, ""confidence"": 0.475763247758796, ""n_samples"": 2}, {""accuracy"": 1.0, ""bin_hi"": 0.6000000000000001, ""bin_lo"": 0.5, ""confidence"": 0.5331985156670379, ""n_samples"": 5}, {""accuracy"": 1.0, ""bin_hi"": 0.7000000000000001, ""bin_lo"": 0.6000000000000001, ""confidence"": 0.6386270735293857, ""n_samples"": 4}, {""accuracy"": 1.0, ""bin_hi"": 0.8, ""bin_lo"": 0.7000000000000001, ""confidence"": 0.7483156513099671, ""n_samples"": 2}, {""accuracy"": 1.0, ""bin_hi"": 0.9, ""bin_lo"": 0.8, ""confidence"": 0.8462448795500491, ""n_samples"": 3}, {""accuracy"": 1.0, ""bin_hi"": 1.0, ""bin_lo"": 0.9, ""confidence"": 0.961492743718634, ""n_samples"": 6}], ""ece"": 0.0497925745625598}",0.04700000000048021,success,
elkan_noto,sar-pi0.1-scalesmall,110,"{""base_estimator"": null, ""calibration_method"": ""sigmoid"", ""eps"": 1e-12, ""mode"": ""weighted_retraining"", ""n_cv_folds"": 5}",linear,0.1,0.5,0.5,True,0,,,0.8181543575326009,,,,,0.075,False,-0.05466666666666667,0.88,1.0,0.9991666666666668,0.975,0.8571428571428571,0.9786666666666667,0.9925154599609028,0.875,0.017159864196604268,0.02228802876714876,"{""buckets"": [{""accuracy"": 0.008287292817679558, ""bin_hi"": 0.1, ""bin_lo"": 0.0, ""confidence"": 0.0006149651746723536, ""n_samples"": 362}, {""accuracy"": 1.0, ""bin_hi"": 0.2, ""bin_lo"": 0.1, ""confidence"": 0.13326159416652933, ""n_samples"": 2}, {""accuracy"": 1.0, ""bin_hi"": 0.30000000000000004, ""bin_lo"": 0.2, ""confidence"": 0.27670628955069676, ""n_samples"": 2}, {""accuracy"": 0.5, ""bin_hi"": 0.4, ""bin_lo"": 0.30000000000000004, ""confidence"": 0.35375581923089705, ""n_samples"": 2}, {""accuracy"": 1.0, ""bin_hi"": 0.5, ""bin_lo"": 0.4, ""confidence"": 0.4184597215787209, ""n_samples"": 2}, {""accuracy"": 0.0, ""bin_hi"": 0.6000000000000001, ""bin_lo"": 0.5, ""confidence"": 0.0, ""n_samples"": 0}, {""accuracy"": 1.0, ""bin_hi"": 0.7000000000000001, ""bin_lo"": 0.6000000000000001, ""confidence"": 0.6394133687253197, ""n_samples"": 1}, {""accuracy"": 0.0, ""bin_hi"": 0.8, ""bin_lo"": 0.7000000000000001, ""confidence"": 0.0, ""n_samples"": 0}, {""accuracy"": 1.0, ""bin_hi"": 0.9, ""bin_lo"": 0.8, ""confidence"": 0.8599694623634001, ""n_samples"": 6}, {""accuracy"": 1.0, ""bin_hi"": 1.0, ""bin_lo"": 0.9, ""confidence"": 0.9868945264325955, ""n_samples"": 23}], ""ece"": 0.02228802876714876}",0.04700000000048021,success,
elkan_noto,sar-pi0.1-scalesmall,111,"{""base_estimator"": null, ""calibration_method"": ""sigmoid"", ""eps"": 1e-12, ""mode"": ""weighted_retraining"", ""n_cv_folds"": 5}",linear,0.1,0.5,0.5,True,0,,,0.7794627683154933,,,,,0.07,False,-0.041052631578947375,0.85,1.0,0.9975694444444445,0.97,0.8235294117647058,0.9710526315789474,0.9803207946109939,0.85,0.02425289561595643,0.03216888423566676,"{""buckets"": [{""accuracy"": 0.019178082191780823, ""bin_hi"": 0.1, ""bin_lo"": 0.0, ""confidence"": 0.0013206898851394666, ""n_samples"": 365}, {""accuracy"": 0.3333333333333333, ""bin_hi"": 0.2, ""bin_lo"": 0.1, ""confidence"": 0.15193377200255553, ""n_samples"": 3}, {""accuracy"": 1.0, ""bin_hi"": 0.30000000000000004, ""bin_lo"": 0.2, ""confidence"": 0.28366588852879865, ""n_samples"": 1}, {""accuracy"": 1.0, ""bin_hi"": 0.4, ""bin_lo"": 0.30000000000000004, ""confidence"": 0.38480125774714574, ""n_samples"": 2}, {""accuracy"": 1.0, ""bin_hi"": 0.5, ""bin_lo"": 0.4, ""confidence"": 0.49994855650819153, ""n_samples"": 1}, {""accuracy"": 1.0, ""bin_hi"": 0.6000000000000001, ""bin_lo"": 0.5, ""confidence"": 0.5546460922037161, ""n_samples"": 3}, {""accuracy"": 1.0, ""bin_hi"": 0.7000000000000001, ""bin_lo"": 0.6000000000000001, ""confidence"": 0.6817350767804103, ""n_samples"": 1}, {""accuracy"": 1.0, ""bin_hi"": 0.8, ""bin_lo"": 0.7000000000000001, ""confidence"": 0.7553996050854899, ""n_samples"": 2}, {""accuracy"": 1.0, ""bin_hi"": 0.9, ""bin_lo"": 0.8, ""confidence"": 0.8541783679735229, ""n_samples"": 4}, {""accuracy"": 1.0, ""bin_hi"": 1.0, ""bin_lo"": 0.9, ""confidence"": 0.9648994547589899, ""n_samples"": 18}], ""ece"": 0.03216888423566676}",0.04700000000048021,success,
elkan_noto,sar-pi0.1-scalesmall,112,"{""base_estimator"": null, ""calibration_method"": ""sigmoid"", ""eps"": 1e-12, ""mode"": ""weighted_retraining"", ""n_cv_folds"": 5}",linear,0.1,0.5,0.5,True,0,,,0.762382637567766,,,,,0.0775,False,-0.044735324645369626,0.8695652173913043,1.0,0.9977083333333334,0.9775,0.8732394366197183,0.9708222811671088,0.982739408394572,0.8875,0.016960197082307848,0.024535329983959492,"{""buckets"": [{""accuracy"": 0.008403361344537815, ""bin_hi"": 0.1, ""bin_lo"": 0.0, ""confidence"": 0.0031607817510992467, ""n_samples"": 357}, {""accuracy"": 0.2, ""bin_hi"": 0.2, ""bin_lo"": 0.1, ""confidence"": 0.1284849695351157, ""n_samples"": 5}, {""accuracy"": 0.5, ""bin_hi"": 0.30000000000000004, ""bin_lo"": 0.2, ""confidence"": 0.2440799979153896, ""n_samples"": 2}, {""accuracy"": 0.0, ""bin_hi"": 0.4, ""bin_lo"": 0.30000000000000004, ""confidence"": 0.33131537475832795, ""n_samples"": 1}, {""accuracy"": 1.0, ""bin_hi"": 0.5, ""bin_lo"": 0.4, ""confidence"": 0.44243568679687884, ""n_samples"": 4}, {""accuracy"": 1.0, ""bin_hi"": 0.6000000000000001, ""bin_lo"": 0.5, ""confidence"": 0.5769868657136722, ""n_samples"": 3}, {""accuracy"": 1.0, ""bin_hi"": 0.7000000000000001, ""bin_lo"": 0.6000000000000001, ""confidence"": 0.6366895848307668, ""n_samples"": 4}, {""accuracy"": 1.0, ""bin_hi"": 0.8, ""bin_lo"": 0.7000000000000001, ""confidence"": 0.7012021636198058, ""n_samples"": 1}, {""accuracy"": 1.0, ""bin_hi"": 0.9, ""bin_lo"": 0.8, ""confidence"": 0.857848965391932, ""n_samples"": 8}, {""accuracy"": 1.0, ""bin_hi"": 1.0, ""bin_lo"": 0.9, ""confidence"": 0.9764495921412589, ""n_samples"": 15}], ""ece"": 0.024535329983959492}",0.04700000000048021,success,
elkan_noto,sar-pi0.1-scalesmall,113,"{""base_estimator"": null, ""calibration_method"": ""sigmoid"", ""eps"": 1e-12, ""mode"": ""weighted_retraining"", ""n_cv_folds"": 5}",linear,0.1,0.5,0.5,True,0,,,0.7552136764833388,,,,,0.07,False,-0.028421052631578944,0.8,1.0,0.9992361111111111,0.97,0.8235294117647058,0.968421052631579,0.994375,0.85,0.0214164284365651,0.032497592279606136,"{""buckets"": [{""accuracy"": 0.00554016620498615, ""bin_hi"": 0.1, ""bin_lo"": 0.0, ""confidence"": 0.0038183602030375827, ""n_samples"": 361}, {""accuracy"": 0.6666666666666666, ""bin_hi"": 0.2, ""bin_lo"": 0.1, ""confidence"": 0.15004325968650215, ""n_samples"": 3}, {""accuracy"": 1.0, ""bin_hi"": 0.30000000000000004, ""bin_lo"": 0.2, ""confidence"": 0.23519658166816307, ""n_samples"": 3}, {""accuracy"": 1.0, ""bin_hi"": 0.4, ""bin_lo"": 0.30000000000000004, ""confidence"": 0.3824703446975448, ""n_samples"": 2}, {""accuracy"": 1.0, ""bin_hi"": 0.5, ""bin_lo"": 0.4, ""confidence"": 0.4395523802337027, ""n_samples"": 3}, {""accuracy"": 1.0, ""bin_hi"": 0.6000000000000001, ""bin_lo"": 0.5, ""confidence"": 0.5490552589465515, ""n_samples"": 6}, {""accuracy"": 1.0, ""bin_hi"": 0.7000000000000001, ""bin_lo"": 0.6000000000000001, ""confidence"": 0.667446877395711, ""n_samples"": 2}, {""accuracy"": 1.0, ""bin_hi"": 0.8, ""bin_lo"": 0.7000000000000001, ""confidence"": 0.740946268019216, ""n_samples"": 5}, {""accuracy"": 1.0, ""bin_hi"": 0.9, ""bin_lo"": 0.8, ""confidence"": 0.8622871529861977, ""n_samples"": 4}, {""accuracy"": 1.0, ""bin_hi"": 1.0, ""bin_lo"": 0.9, ""confidence"": 0.963646585471744, ""n_samples"": 11}], ""ece"": 0.032497592279606136}",0.04700000000048021,success,
elkan_noto,sar-pi0.1-scalesmall,114,"{""base_estimator"": null, ""calibration_method"": ""sigmoid"", ""eps"": 1e-12, ""mode"": ""weighted_retraining"", ""n_cv_folds"": 5}",linear,0.1,0.5,0.5,True,0,,,0.7606134856645068,,,,,0.06,False,-0.04742367730349496,0.8421052631578947,1.0,0.9991666666666666,0.96,0.75,0.979002624671916,0.9919325655269055,0.8,0.027477476902531616,0.038771367102879886,"{""buckets"": [{""accuracy"": 0.008287292817679558, ""bin_hi"": 0.1, ""bin_lo"": 0.0, ""confidence"": 0.0018259670569114807, ""n_samples"": 362}, {""accuracy"": 1.0, ""bin_hi"": 0.2, ""bin_lo"": 0.1, ""confidence"": 0.1441438000775735, ""n_samples"": 5}, {""accuracy"": 0.75, ""bin_hi"": 0.30000000000000004, ""bin_lo"": 0.2, ""confidence"": 0.25989452480027825, ""n_samples"": 4}, {""accuracy"": 1.0, ""bin_hi"": 0.4, ""bin_lo"": 0.30000000000000004, ""confidence"": 0.34161786948686523, ""n_samples"": 3}, {""accuracy"": 1.0, ""bin_hi"": 0.5, ""bin_lo"": 0.4, ""confidence"": 0.43662926880555897, ""n_samples"": 2}, {""accuracy"": 1.0, ""bin_hi"": 0.6000000000000001, ""bin_lo"": 0.5, ""confidence"": 0.5725198604185376, ""n_samples"": 3}, {""accuracy"": 1.0, ""bin_hi"": 0.7000000000000001, ""bin_lo"": 0.6000000000000001, ""confidence"": 0.640525183475952, ""n_samples"": 1}, {""accuracy"": 1.0, ""bin_hi"": 0.8, ""bin_lo"": 0.7000000000000001, ""confidence"": 0.7582884174140423, ""n_samples"": 4}, {""accuracy"": 1.0, ""bin_hi"": 0.9, ""bin_lo"": 0.8, ""confidence"": 0.823275483736038, ""n_samples"": 3}, {""accuracy"": 1.0, ""bin_hi"": 1.0, ""bin_lo"": 0.9, ""confidence"": 0.946998380999196, ""n_samples"": 13}], ""ece"": 0.038771367102879886}",0.04700000000048021,success,
elkan_noto,sar-pi0.1-scalesmall,115,"{""base_estimator"": null, ""calibration_method"": ""sigmoid"", ""eps"": 1e-12, ""mode"": ""weighted_retraining"", ""n_cv_folds"": 5}",linear,0.1,0.5,0.5,True,0,,,0.7501938284412235,,,,,0.0725,False,-0.030242492775474306,0.8095238095238095,1.0,0.9996527777777778,0.9725,0.8405797101449275,0.9683377308707124,0.9972222222222222,0.8625,0.02002807524802269,0.031833504212840424,"{""buckets"": [{""accuracy"": 0.0028011204481792717, ""bin_hi"": 0.1, ""bin_lo"": 0.0, ""confidence"": 0.004489587255867091, ""n_samples"": 357}, {""accuracy"": 0.42857142857142855, ""bin_hi"": 0.2, ""bin_lo"": 0.1, ""confidence"": 0.1435709747730225, ""n_samples"": 7}, {""accuracy"": 1.0, ""bin_hi"": 0.30000000000000004, ""bin_lo"": 0.2, ""confidence"": 0.22824716912038326, ""n_samples"": 4}, {""accuracy"": 1.0, ""bin_hi"": 0.4, ""bin_lo"": 0.30000000000000004, ""confidence"": 0.3642684615522085, ""n_samples"": 2}, {""accuracy"": 1.0, ""bin_hi"": 0.5, ""bin_lo"": 0.4, ""confidence"": 0.4072339990367282, ""n_samples"": 1}, {""accuracy"": 1.0, ""bin_hi"": 0.6000000000000001, ""bin_lo"": 0.5, ""confidence"": 0.55776492477577, ""n_samples"": 3}, {""accuracy"": 1.0, ""bin_hi"": 0.7000000000000001, ""bin_lo"": 0.6000000000000001, ""confidence"": 0.671215878713987, ""n_samples"": 3}, {""accuracy"": 1.0, ""bin_hi"": 0.8, ""bin_lo"": 0.7000000000000001, ""confidence"": 0.7742017321188445, ""n_samples"": 6}, {""accuracy"": 1.0, ""bin_hi"": 0.9, ""bin_lo"": 0.8, ""confidence"": 0.8428652414208994, ""n_samples"": 6}, {""accuracy"": 1.0, ""bin_hi"": 1.0, ""bin_lo"": 0.9, ""confidence"": 0.947843662860619, ""n_samples"": 11}], ""ece"": 0.031833504212840424}",0.04700000000048021,success,
elkan_noto,sar-pi0.1-scalesmall,116,"{""base_estimator"": null, ""calibration_method"": ""sigmoid"", ""eps"": 1e-12, ""mode"": ""weighted_retraining"", ""n_cv_folds"": 5}",linear,0.1,0.5,0.5,True,0,,,0.7540579262797868,,,,,0.0825,False,-0.0683377308707124,1.0,1.0,0.9959722222222221,0.9825,0.9041095890410958,0.9683377308707124,0.9713904204236716,0.9125,0.016809436977367174,0.018550343261298778,"{""buckets"": [{""accuracy"": 0.01643835616438356, ""bin_hi"": 0.1, ""bin_lo"": 0.0, ""confidence"": 0.00046420379905663396, ""n_samples"": 365}, {""accuracy"": 1.0, ""bin_hi"": 0.2, ""bin_lo"": 0.1, ""confidence"": 0.19006561608377004, ""n_samples"": 1}, {""accuracy"": 0.0, ""bin_hi"": 0.30000000000000004, ""bin_lo"": 0.2, ""confidence"": 0.0, ""n_samples"": 0}, {""accuracy"": 0.0, ""bin_hi"": 0.4, ""bin_lo"": 0.30000000000000004, ""confidence"": 0.33417358046790085, ""n_samples"": 1}, {""accuracy"": 0.0, ""bin_hi"": 0.5, ""bin_lo"": 0.4, ""confidence"": 0.0, ""n_samples"": 0}, {""accuracy"": 0.0, ""bin_hi"": 0.6000000000000001, ""bin_lo"": 0.5, ""confidence"": 0.0, ""n_samples"": 0}, {""accuracy"": 0.0, ""bin_hi"": 0.7000000000000001, ""bin_lo"": 0.6000000000000001, ""confidence"": 0.0, ""n_samples"": 0}, {""accuracy"": 1.0, ""bin_hi"": 0.8, ""bin_lo"": 0.7000000000000001, ""confidence"": 0.7393733234314342, ""n_samples"": 1}, {""accuracy"": 1.0, ""bin_hi"": 0.9, ""bin_lo"": 0.8, ""confidence"": 0.893680228298475, ""n_samples"": 1}, {""accuracy"": 1.0, ""bin_hi"": 1.0, ""bin_lo"": 0.9, ""confidence"": 0.99746718456384, ""n_samples"": 31}], ""ece"": 0.018550343261298778}",0.04700000000048021,success,
elkan_noto,sar-pi0.1-scalesmall,117,"{""base_estimator"": null, ""calibration_method"": ""sigmoid"", ""eps"": 1e-12, ""mode"": ""weighted_retraining"", ""n_cv_folds"": 5}",linear,0.1,0.5,0.5,True,0,,,0.752523426380645,,,,,0.0475,False,-0.02588744588744589,0.7333333333333333,1.0,0.9985416666666667,0.9475,0.6440677966101694,0.9792207792207792,0.9886556144716117,0.7375,0.038328611879733486,0.053639021679416365,"{""buckets"": [{""accuracy"": 0.021739130434782608, ""bin_hi"": 0.1, ""bin_lo"": 0.0, ""confidence"": 0.002163886983631193, ""n_samples"": 368}, {""accuracy"": 1.0, ""bin_hi"": 0.2, ""bin_lo"": 0.1, ""confidence"": 0.15486561339541893, ""n_samples"": 3}, {""accuracy"": 1.0, ""bin_hi"": 0.30000000000000004, ""bin_lo"": 0.2, ""confidence"": 0.2529211757182745, ""n_samples"": 3}, {""accuracy"": 1.0, ""bin_hi"": 0.4, ""bin_lo"": 0.30000000000000004, ""confidence"": 0.3579688300729577, ""n_samples"": 3}, {""accuracy"": 1.0, ""bin_hi"": 0.5, ""bin_lo"": 0.4, ""confidence"": 0.4519749037775827, ""n_samples"": 4}, {""accuracy"": 1.0, ""bin_hi"": 0.6000000000000001, ""bin_lo"": 0.5, ""confidence"": 0.554750010970633, ""n_samples"": 5}, {""accuracy"": 1.0, ""bin_hi"": 0.7000000000000001, ""bin_lo"": 0.6000000000000001, ""confidence"": 0.6627360550043678, ""n_samples"": 4}, {""accuracy"": 1.0, ""bin_hi"": 0.8, ""bin_lo"": 0.7000000000000001, ""confidence"": 0.7542730929420467, ""n_samples"": 5}, {""accuracy"": 1.0, ""bin_hi"": 0.9, ""bin_lo"": 0.8, ""confidence"": 0.8735606773532374, ""n_samples"": 4}, {""accuracy"": 1.0, ""bin_hi"": 1.0, ""bin_lo"": 0.9, ""confidence"": 0.952611996593069, ""n_samples"": 1}], ""ece"": 0.053639021679416365}",0.07800000000042928,success,
elkan_noto,sar-pi0.1-scalesmall,118,"{""base_estimator"": null, ""calibration_method"": ""sigmoid"", ""eps"": 1e-12, ""mode"": ""weighted_retraining"", ""n_cv_folds"": 5}",linear,0.1,0.5,0.5,True,0,,,0.7510997745413321,,,,,0.0775,False,-0.024965447920593048,0.8095238095238095,1.0,1.0,0.9775,0.8732394366197183,0.9630606860158312,1.0,0.8875,0.017918100893591863,0.03674275085525815,"{""buckets"": [{""accuracy"": 0.0, ""bin_hi"": 0.1, ""bin_lo"": 0.0, ""confidence"": 0.003616195822669808, ""n_samples"": 358}, {""accuracy"": 0.6, ""bin_hi"": 0.2, ""bin_lo"": 0.1, ""confidence"": 0.16147481886527645, ""n_samples"": 5}, {""accuracy"": 1.0, ""bin_hi"": 0.30000000000000004, ""bin_lo"": 0.2, ""confidence"": 0.23859089695702487, ""n_samples"": 3}, {""accuracy"": 1.0, ""bin_hi"": 0.4, ""bin_lo"": 0.30000000000000004, ""confidence"": 0.357965430893216, ""n_samples"": 2}, {""accuracy"": 1.0, ""bin_hi"": 0.5, ""bin_lo"": 0.4, ""confidence"": 0.4262388479503958, ""n_samples"": 1}, {""accuracy"": 1.0, ""bin_hi"": 0.6000000000000001, ""bin_lo"": 0.5, ""confidence"": 0.5455218786842941, ""n_samples"": 5}, {""accuracy"": 1.0, ""bin_hi"": 0.7000000000000001, ""bin_lo"": 0.6000000000000001, ""confidence"": 0.6488544321417955, ""n_samples"": 4}, {""accuracy"": 1.0, ""bin_hi"": 0.8, ""bin_lo"": 0.7000000000000001, ""confidence"": 0.7412509976909846, ""n_samples"": 6}, {""accuracy"": 1.0, ""bin_hi"": 0.9, ""bin_lo"": 0.8, ""confidence"": 0.851532979572202, ""n_samples"": 10}, {""accuracy"": 1.0, ""bin_hi"": 1.0, ""bin_lo"": 0.9, ""confidence"": 0.9410530606036113, ""n_samples"": 6}], ""ece"": 0.03674275085525815}",0.046000000000276486,success,
elkan_noto,sar-pi0.1-scalesmall,119,"{""base_estimator"": null, ""calibration_method"": ""sigmoid"", ""eps"": 1e-12, ""mode"": ""weighted_retraining"", ""n_cv_folds"": 5}",linear,0.1,0.5,0.5,True,0,,,0.7216603754031962,,,,,0.0675,False,-0.013247686144495105,0.7368421052631579,1.0,0.9998611111111111,0.9675,0.8059701492537313,0.9658792650918635,0.9988095238095238,0.8375,0.019826443981016854,0.04062978212092782,"{""buckets"": [{""accuracy"": 0.0, ""bin_hi"": 0.1, ""bin_lo"": 0.0, ""confidence"": 0.003812852562700015, ""n_samples"": 358}, {""accuracy"": 0.3333333333333333, ""bin_hi"": 0.2, ""bin_lo"": 0.1, ""confidence"": 0.12630920920033267, ""n_samples"": 3}, {""accuracy"": 1.0, ""bin_hi"": 0.30000000000000004, ""bin_lo"": 0.2, ""confidence"": 0.2580703784376398, ""n_samples"": 4}, {""accuracy"": 1.0, ""bin_hi"": 0.4, ""bin_lo"": 0.30000000000000004, ""confidence"": 0.36492286342595603, ""n_samples"": 3}, {""accuracy"": 1.0, ""bin_hi"": 0.5, ""bin_lo"": 0.4, ""confidence"": 0.4360713822956753, ""n_samples"": 5}, {""accuracy"": 1.0, ""bin_hi"": 0.6000000000000001, ""bin_lo"": 0.5, ""confidence"": 0.5510484006589784, ""n_samples"": 4}, {""accuracy"": 1.0, ""bin_hi"": 0.7000000000000001, ""bin_lo"": 0.6000000000000001, ""confidence"": 0.6601789292998632, ""n_samples"": 5}, {""accuracy"": 1.0, ""bin_hi"": 0.8, ""bin_lo"": 0.7000000000000001, ""confidence"": 0.743728753232781, ""n_samples"": 8}, {""accuracy"": 1.0, ""bin_hi"": 0.9, ""bin_lo"": 0.8, ""confidence"": 0.8450701909169757, ""n_samples"": 5}, {""accuracy"": 1.0, ""bin_hi"": 1.0, ""bin_lo"": 0.9, ""confidence"": 0.9492968992770642, ""n_samples"": 5}], ""ece"": 0.04062978212092782}",0.06300000000010186,success,
elkan_noto,sar-pi0.1-scalemid,100,"{""base_estimator"": null, ""calibration_method"": ""sigmoid"", ""eps"": 1e-12, ""mode"": ""weighted_retraining"", ""n_cv_folds"": 5}",linear,0.1,0.5,0.5,True,0,,,0.8316699347108769,,,,,0.0595,False,-0.047041838442827666,0.8350515463917526,1.0,0.9987999999999999,0.9595,0.7460815047021944,0.9800315291644771,0.990938248826417,0.7975,0.029367892755547333,0.04000240473974422,"{""buckets"": [{""accuracy"": 0.014246575342465753, ""bin_hi"": 0.1, ""bin_lo"": 0.0, ""confidence"": 0.0009921625340678188, ""n_samples"": 1825}, {""accuracy"": 0.9523809523809523, ""bin_hi"": 0.2, ""bin_lo"": 0.1, ""confidence"": 0.14599341095737167, ""n_samples"": 21}, {""accuracy"": 1.0, ""bin_hi"": 0.30000000000000004, ""bin_lo"": 0.2, ""confidence"": 0.23908588910545678, ""n_samples"": 11}, {""accuracy"": 1.0, ""bin_hi"": 0.4, ""bin_lo"": 0.30000000000000004, ""confidence"": 0.34930600844063353, ""n_samples"": 13}, {""accuracy"": 1.0, ""bin_hi"": 0.5, ""bin_lo"": 0.4, ""confidence"": 0.4431324176849243, ""n_samples"": 11}, {""accuracy"": 1.0, ""bin_hi"": 0.6000000000000001, ""bin_lo"": 0.5, ""confidence"": 0.5445205130394869, ""n_samples"": 12}, {""accuracy"": 1.0, ""bin_hi"": 0.7000000000000001, ""bin_lo"": 0.6000000000000001, ""confidence"": 0.6611410962909824, ""n_samples"": 6}, {""accuracy"": 1.0, ""bin_hi"": 0.8, ""bin_lo"": 0.7000000000000001, ""confidence"": 0.7568877514797234, ""n_samples"": 16}, {""accuracy"": 1.0, ""bin_hi"": 0.9, ""bin_lo"": 0.8, ""confidence"": 0.8490107671557725, ""n_samples"": 17}, {""accuracy"": 1.0, ""bin_hi"": 1.0, ""bin_lo"": 0.9, ""confidence"": 0.971011367378928, ""n_samples"": 68}], ""ece"": 0.04000240473974422}",0.07799999999951979,success,
elkan_noto,sar-pi0.1-scalemid,101,"{""base_estimator"": null, ""calibration_method"": ""sigmoid"", ""eps"": 1e-12, ""mode"": ""weighted_retraining"", ""n_cv_folds"": 5}",linear,0.1,0.5,0.5,True,0,,,0.8021879044155203,,,,,0.06,False,-0.0350181278932738,0.7956989247311828,1.0,0.9990027777777778,0.96,0.75,0.9758783429470372,0.9922260180843401,0.8,0.027980530942880125,0.04091268697948548,"{""buckets"": [{""accuracy"": 0.01154480483782298, ""bin_hi"": 0.1, ""bin_lo"": 0.0, ""confidence"": 0.0014909843756542173, ""n_samples"": 1819}, {""accuracy"": 0.9375, ""bin_hi"": 0.2, ""bin_lo"": 0.1, ""confidence"": 0.13103783927989085, ""n_samples"": 16}, {""accuracy"": 0.9285714285714286, ""bin_hi"": 0.30000000000000004, ""bin_lo"": 0.2, ""confidence"": 0.24234850557420312, ""n_samples"": 14}, {""accuracy"": 1.0, ""bin_hi"": 0.4, ""bin_lo"": 0.30000000000000004, ""confidence"": 0.35971903480941364, ""n_samples"": 17}, {""accuracy"": 1.0, ""bin_hi"": 0.5, ""bin_lo"": 0.4, ""confidence"": 0.43692381452429635, ""n_samples"": 14}, {""accuracy"": 1.0, ""bin_hi"": 0.6000000000000001, ""bin_lo"": 0.5, ""confidence"": 0.5556596410648351, ""n_samples"": 10}, {""accuracy"": 1.0, ""bin_hi"": 0.7000000000000001, ""bin_lo"": 0.6000000000000001, ""confidence"": 0.6514065736980239, ""n_samples"": 20}, {""accuracy"": 1.0, ""bin_hi"": 0.8, ""bin_lo"": 0.7000000000000001, ""confidence"": 0.7521745313872216, ""n_samples"": 26}, {""accuracy"": 1.0, ""bin_hi"": 0.9, ""bin_lo"": 0.8, ""confidence"": 0.8522923120692942, ""n_samples"": 18}, {""accuracy"": 1.0, ""bin_hi"": 1.0, ""bin_lo"": 0.9, ""confidence"": 0.962138187873323, ""n_samples"": 46}], ""ece"": 0.04091268697948548}",0.06199999999989814,success,
elkan_noto,sar-pi0.1-scalemid,102,"{""base_estimator"": null, ""calibration_method"": ""sigmoid"", ""eps"": 1e-12, ""mode"": ""weighted_retraining"", ""n_cv_folds"": 5}",linear,0.1,0.5,0.5,True,0,,,0.8203830960474101,,,,,0.068,False,-0.04228923231561754,0.8380952380952381,1.0,0.9996361111111111,0.968,0.8095238095238095,0.97467018469657,0.9967975744901425,0.8400000000000001,0.023933958585585037,0.034778249997640724,"{""buckets"": [{""accuracy"": 0.013165112452002194, ""bin_hi"": 0.1, ""bin_lo"": 0.0, ""confidence"": 0.0013288295638314836, ""n_samples"": 1823}, {""accuracy"": 0.9, ""bin_hi"": 0.2, ""bin_lo"": 0.1, ""confidence"": 0.1491797817314004, ""n_samples"": 10}, {""accuracy"": 1.0, ""bin_hi"": 0.30000000000000004, ""bin_lo"": 0.2, ""confidence"": 0.24589593542411695, ""n_samples"": 14}, {""accuracy"": 1.0, ""bin_hi"": 0.4, ""bin_lo"": 0.30000000000000004, ""confidence"": 0.34094304355019633, ""n_samples"": 9}, {""accuracy"": 1.0, ""bin_hi"": 0.5, ""bin_lo"": 0.4, ""confidence"": 0.4590410150641595, ""n_samples"": 8}, {""accuracy"": 1.0, ""bin_hi"": 0.6000000000000001, ""bin_lo"": 0.5, ""confidence"": 0.5442056182302009, ""n_samples"": 13}, {""accuracy"": 1.0, ""bin_hi"": 0.7000000000000001, ""bin_lo"": 0.6000000000000001, ""confidence"": 0.6627933656472513, ""n_samples"": 10}, {""accuracy"": 1.0, ""bin_hi"": 0.8, ""bin_lo"": 0.7000000000000001, ""confidence"": 0.7646422459256581, ""n_samples"": 17}, {""accuracy"": 1.0, ""bin_hi"": 0.9, ""bin_lo"": 0.8, ""confidence"": 0.8470770630228568, ""n_samples"": 26}, {""accuracy"": 1.0, ""bin_hi"": 1.0, ""bin_lo"": 0.9, ""confidence"": 0.9660051253048781, ""n_samples"": 70}], ""ece"": 0.034778249997640724}",0.06300000000010186,success,
elkan_noto,sar-pi0.1-scalemid,103,"{""base_estimator"": null, ""calibration_method"": ""sigmoid"", ""eps"": 1e-12, ""mode"": ""weighted_retraining"", ""n_cv_folds"": 5}",linear,0.1,0.5,0.5,True,0,,,0.8253931103891428,,,,,0.069,False,-0.04205335617939472,0.839622641509434,1.0,0.9986694444444445,0.969,0.8165680473372781,0.9741288278775079,0.993864759325908,0.845,0.021880597530873225,0.03384689951589045,"{""buckets"": [{""accuracy"": 0.006626173384870237, ""bin_hi"": 0.1, ""bin_lo"": 0.0, ""confidence"": 0.001308228470015232, ""n_samples"": 1811}, {""accuracy"": 0.95, ""bin_hi"": 0.2, ""bin_lo"": 0.1, ""confidence"": 0.14938680947428537, ""n_samples"": 20}, {""accuracy"": 1.0, ""bin_hi"": 0.30000000000000004, ""bin_lo"": 0.2, ""confidence"": 0.2599616297959356, ""n_samples"": 8}, {""accuracy"": 1.0, ""bin_hi"": 0.4, ""bin_lo"": 0.30000000000000004, ""confidence"": 0.35144948931456904, ""n_samples"": 12}, {""accuracy"": 1.0, ""bin_hi"": 0.5, ""bin_lo"": 0.4, ""confidence"": 0.4583227449445387, ""n_samples"": 11}, {""accuracy"": 1.0, ""bin_hi"": 0.6000000000000001, ""bin_lo"": 0.5, ""confidence"": 0.5514988364542261, ""n_samples"": 14}, {""accuracy"": 1.0, ""bin_hi"": 0.7000000000000001, ""bin_lo"": 0.6000000000000001, ""confidence"": 0.6499298177197702, ""n_samples"": 13}, {""accuracy"": 1.0, ""bin_hi"": 0.8, ""bin_lo"": 0.7000000000000001, ""confidence"": 0.7603900966784114, ""n_samples"": 15}, {""accuracy"": 1.0, ""bin_hi"": 0.9, ""bin_lo"": 0.8, ""confidence"": 0.8457609055266484, ""n_samples"": 36}, {""accuracy"": 1.0, ""bin_hi"": 1.0, ""bin_lo"": 0.9, ""confidence"": 0.9597885087525314, ""n_samples"": 60}], ""ece"": 0.03384689951589045}",0.04699999999957072,success,
elkan_noto,sar-pi0.1-scalemid,104,"{""base_estimator"": null, ""calibration_method"": ""sigmoid"", ""eps"": 1e-12, ""mode"": ""weighted_retraining"", ""n_cv_folds"": 5}",linear,0.1,0.5,0.5,True,0,,,0.8057549440244622,,,,,0.067,False,-0.034105263157894736,0.81,1.0,0.9982916666666667,0.967,0.8023952095808383,0.9721052631578947,0.9899560590876177,0.835,0.02525806149146003,0.03724302256769273,"{""buckets"": [{""accuracy"": 0.011001100110011002, ""bin_hi"": 0.1, ""bin_lo"": 0.0, ""confidence"": 0.0019097289008337495, ""n_samples"": 1818}, {""accuracy"": 0.875, ""bin_hi"": 0.2, ""bin_lo"": 0.1, ""confidence"": 0.14839971520396933, ""n_samples"": 16}, {""accuracy"": 1.0, ""bin_hi"": 0.30000000000000004, ""bin_lo"": 0.2, ""confidence"": 0.23770294686641172, ""n_samples"": 14}, {""accuracy"": 1.0, ""bin_hi"": 0.4, ""bin_lo"": 0.30000000000000004, ""confidence"": 0.3396041892997414, ""n_samples"": 8}, {""accuracy"": 1.0, ""bin_hi"": 0.5, ""bin_lo"": 0.4, ""confidence"": 0.4387129561323473, ""n_samples"": 10}, {""accuracy"": 1.0, ""bin_hi"": 0.6000000000000001, ""bin_lo"": 0.5, ""confidence"": 0.5555060226231201, ""n_samples"": 15}, {""accuracy"": 1.0, ""bin_hi"": 0.7000000000000001, ""bin_lo"": 0.6000000000000001, ""confidence"": 0.6581251217274463, ""n_samples"": 18}, {""accuracy"": 1.0, ""bin_hi"": 0.8, ""bin_lo"": 0.7000000000000001, ""confidence"": 0.7393335548076153, ""n_samples"": 21}, {""accuracy"": 1.0, ""bin_hi"": 0.9, ""bin_lo"": 0.8, ""confidence"": 0.8527842667430097, ""n_samples"": 32}, {""accuracy"": 1.0, ""bin_hi"": 1.0, ""bin_lo"": 0.9, ""confidence"": 0.9633734214709806, ""n_samples"": 48}], ""ece"": 0.03724302256769273}",0.06199999999989814,success,
elkan_noto,sar-pi0.1-scalemid,105,"{""base_estimator"": null, ""calibration_method"": ""sigmoid"", ""eps"": 1e-12, ""mode"": ""weighted_retraining"", ""n_cv_folds"": 5}",linear,0.1,0.5,0.5,True,0,,,0.7846197141375242,,,,,0.063,False,-0.04098516546215291,0.8409090909090909,1.0,0.9989916666666667,0.963,0.7730061349693251,0.9728033472803347,0.9915114216167961,0.815,0.02899831573922132,0.0393288779691422,"{""buckets"": [{""accuracy"": 0.019629225736095966, ""bin_hi"": 0.1, ""bin_lo"": 0.0, ""confidence"": 0.0011704309502456837, ""n_samples"": 1834}, {""accuracy"": 0.8666666666666667, ""bin_hi"": 0.2, ""bin_lo"": 0.1, ""confidence"": 0.14834793896767487, ""n_samples"": 15}, {""accuracy"": 1.0, ""bin_hi"": 0.30000000000000004, ""bin_lo"": 0.2, ""confidence"": 0.2505166481996084, ""n_samples"": 8}, {""accuracy"": 1.0, ""bin_hi"": 0.4, ""bin_lo"": 0.30000000000000004, ""confidence"": 0.35505152334957024, ""n_samples"": 11}, {""accuracy"": 1.0, ""bin_hi"": 0.5, ""bin_lo"": 0.4, ""confidence"": 0.47170425676644534, ""n_samples"": 6}, {""accuracy"": 1.0, ""bin_hi"": 0.6000000000000001, ""bin_lo"": 0.5, ""confidence"": 0.5591422210729341, ""n_samples"": 9}, {""accuracy"": 1.0, ""bin_hi"": 0.7000000000000001, ""bin_lo"": 0.6000000000000001, ""confidence"": 0.6379756907672048, ""n_samples"": 9}, {""accuracy"": 1.0, ""bin_hi"": 0.8, ""bin_lo"": 0.7000000000000001, ""confidence"": 0.7554560714769484, ""n_samples"": 24}, {""accuracy"": 1.0, ""bin_hi"": 0.9, ""bin_lo"": 0.8, ""confidence"": 0.8598435646503949, ""n_samples"": 20}, {""accuracy"": 1.0, ""bin_hi"": 1.0, ""bin_lo"": 0.9, ""confidence"": 0.970760170568643, ""n_samples"": 64}], ""ece"": 0.0393288779691422}",0.06199999999989814,success,
elkan_noto,sar-pi0.1-scalemid,106,"{""base_estimator"": null, ""calibration_method"": ""sigmoid"", ""eps"": 1e-12, ""mode"": ""weighted_retraining"", ""n_cv_folds"": 5}",linear,0.1,0.5,0.5,True,0,,,0.8400100607164062,,,,,0.078,False,-0.04984126984126984,0.9,1.0,0.998686111111111,0.977,0.8707865168539326,0.9698412698412698,0.9894093556776845,0.8872222222222222,0.022375438544054226,0.02293177412864166,"{""buckets"": [{""accuracy"": 0.022813688212927757, ""bin_hi"": 0.1, ""bin_lo"": 0.0, ""confidence"": 5.800649170856975e-05, ""n_samples"": 1841}, {""accuracy"": 1.0, ""bin_hi"": 0.2, ""bin_lo"": 0.1, ""confidence"": 0.1457857175518745, ""n_samples"": 1}, {""accuracy"": 0.0, ""bin_hi"": 0.30000000000000004, ""bin_lo"": 0.2, ""confidence"": 0.0, ""n_samples"": 0}, {""accuracy"": 1.0, ""bin_hi"": 0.4, ""bin_lo"": 0.30000000000000004, ""confidence"": 0.34688840699028745, ""n_samples"": 2}, {""accuracy"": 0.0, ""bin_hi"": 0.5, ""bin_lo"": 0.4, ""confidence"": 0.0, ""n_samples"": 0}, {""accuracy"": 1.0, ""bin_hi"": 0.6000000000000001, ""bin_lo"": 0.5, ""confidence"": 0.5591391271460735, ""n_samples"": 2}, {""accuracy"": 0.0, ""bin_hi"": 0.7000000000000001, ""bin_lo"": 0.6000000000000001, ""confidence"": 0.0, ""n_samples"": 0}, {""accuracy"": 0.0, ""bin_hi"": 0.8, ""bin_lo"": 0.7000000000000001, ""confidence"": 0.0, ""n_samples"": 0}, {""accuracy"": 0.0, ""bin_hi"": 0.9, ""bin_lo"": 0.8, ""confidence"": 0.0, ""n_samples"": 0}, {""accuracy"": 0.9935064935064936, ""bin_hi"": 1.0, ""bin_lo"": 0.9, ""confidence"": 0.9995336298333987, ""n_samples"": 154}], ""ece"": 0.02293177412864166}",0.07799999999951979,success,
elkan_noto,sar-pi0.1-scalemid,107,"{""base_estimator"": null, ""calibration_method"": ""sigmoid"", ""eps"": 1e-12, ""mode"": ""weighted_retraining"", ""n_cv_folds"": 5}",linear,0.1,0.5,0.5,True,0,,,0.8061671843715131,,,,,0.072,False,-0.045773356925382175,0.8787878787878788,1.0,0.9989527777777777,0.972,0.8372093023255814,0.9700157811678064,0.9924918328038143,0.86,0.027212958989930803,0.028184135985910883,"{""buckets"": [{""accuracy"": 0.028077753779697623, ""bin_hi"": 0.1, ""bin_lo"": 0.0, ""confidence"": 0.00010592539858064032, ""n_samples"": 1852}, {""accuracy"": 1.0, ""bin_hi"": 0.2, ""bin_lo"": 0.1, ""confidence"": 0.14500244737046633, ""n_samples"": 2}, {""accuracy"": 1.0, ""bin_hi"": 0.30000000000000004, ""bin_lo"": 0.2, ""confidence"": 0.20378839044746705, ""n_samples"": 1}, {""accuracy"": 0.0, ""bin_hi"": 0.4, ""bin_lo"": 0.30000000000000004, ""confidence"": 0.0, ""n_samples"": 0}, {""accuracy"": 1.0, ""bin_hi"": 0.5, ""bin_lo"": 0.4, ""confidence"": 0.42657723101504075, ""n_samples"": 1}, {""accuracy"": 0.0, ""bin_hi"": 0.6000000000000001, ""bin_lo"": 0.5, ""confidence"": 0.0, ""n_samples"": 0}, {""accuracy"": 1.0, ""bin_hi"": 0.7000000000000001, ""bin_lo"": 0.6000000000000001, ""confidence"": 0.6433634210738269, ""n_samples"": 2}, {""accuracy"": 1.0, ""bin_hi"": 0.8, ""bin_lo"": 0.7000000000000001, ""confidence"": 0.7113799777742006, ""n_samples"": 1}, {""accuracy"": 1.0, ""bin_hi"": 0.9, ""bin_lo"": 0.8, ""confidence"": 0.834626866276901, ""n_samples"": 1}, {""accuracy"": 1.0, ""bin_hi"": 1.0, ""bin_lo"": 0.9, ""confidence"": 0.9977317856257477, ""n_samples"": 140}], ""ece"": 0.028184135985910883}",0.06300000000010186,success,
elkan_noto,sar-pi0.1-scalemid,108,"{""base_estimator"": null, ""calibration_method"": ""sigmoid"", ""eps"": 1e-12, ""mode"": ""weighted_retraining"", ""n_cv_folds"": 5}",linear,0.1,0.5,0.5,True,0,,,0.8111694424323364,,,,,0.0645,False,-0.04093273609317798,0.8282828282828283,1.0,0.9994277777777778,0.9645,0.78419452887538,0.9752761704366123,0.9954793459894926,0.8225,0.026210788708384867,0.03508806618779859,"{""buckets"": [{""accuracy"": 0.014778325123152709, ""bin_hi"": 0.1, ""bin_lo"": 0.0, ""confidence"": 0.0006544738748044839, ""n_samples"": 1827}, {""accuracy"": 1.0, ""bin_hi"": 0.2, ""bin_lo"": 0.1, ""confidence"": 0.1471698207349343, ""n_samples"": 14}, {""accuracy"": 1.0, ""bin_hi"": 0.30000000000000004, ""bin_lo"": 0.2, ""confidence"": 0.25089378990846095, ""n_samples"": 12}, {""accuracy"": 1.0, ""bin_hi"": 0.4, ""bin_lo"": 0.30000000000000004, ""confidence"": 0.3270576933689372, ""n_samples"": 7}, {""accuracy"": 1.0, ""bin_hi"": 0.5, ""bin_lo"": 0.4, ""confidence"": 0.4476841938466212, ""n_samples"": 11}, {""accuracy"": 1.0, ""bin_hi"": 0.6000000000000001, ""bin_lo"": 0.5, ""confidence"": 0.5378217991798737, ""n_samples"": 10}, {""accuracy"": 1.0, ""bin_hi"": 0.7000000000000001, ""bin_lo"": 0.6000000000000001, ""confidence"": 0.6451436839284505, ""n_samples"": 5}, {""accuracy"": 1.0, ""bin_hi"": 0.8, ""bin_lo"": 0.7000000000000001, ""confidence"": 0.7533112779623667, ""n_samples"": 11}, {""accuracy"": 1.0, ""bin_hi"": 0.9, ""bin_lo"": 0.8, ""confidence"": 0.863272866583233, ""n_samples"": 14}, {""accuracy"": 1.0, ""bin_hi"": 1.0, ""bin_lo"": 0.9, ""confidence"": 0.9816509022343453, ""n_samples"": 89}], ""ece"": 0.03508806618779859}",0.06300000000010186,success,
elkan_noto,sar-pi0.1-scalemid,109,"{""base_estimator"": null, ""calibration_method"": ""sigmoid"", ""eps"": 1e-12, ""mode"": ""weighted_retraining"", ""n_cv_folds"": 5}",linear,0.1,0.5,0.5,True,0,,,0.8249885588700726,,,,,0.0695,False,-0.04557105163965323,0.8571428571428571,1.0,0.9981222222222222,0.9695,0.8200589970501475,0.9741424802110817,0.9890860696196639,0.8474999999999999,0.023352100602255982,0.033132449404526886,"{""buckets"": [{""accuracy"": 0.013157894736842105, ""bin_hi"": 0.1, ""bin_lo"": 0.0, ""confidence"": 0.0009029788717104415, ""n_samples"": 1824}, {""accuracy"": 1.0, ""bin_hi"": 0.2, ""bin_lo"": 0.1, ""confidence"": 0.15137718800570857, ""n_samples"": 10}, {""accuracy"": 1.0, ""bin_hi"": 0.30000000000000004, ""bin_lo"": 0.2, ""confidence"": 0.24902312875981786, ""n_samples"": 10}, {""accuracy"": 1.0, ""bin_hi"": 0.4, ""bin_lo"": 0.30000000000000004, ""confidence"": 0.36389418076326413, ""n_samples"": 11}, {""accuracy"": 1.0, ""bin_hi"": 0.5, ""bin_lo"": 0.4, ""confidence"": 0.4540446910025395, ""n_samples"": 6}, {""accuracy"": 1.0, ""bin_hi"": 0.6000000000000001, ""bin_lo"": 0.5, ""confidence"": 0.5374299047771064, ""n_samples"": 12}, {""accuracy"": 1.0, ""bin_hi"": 0.7000000000000001, ""bin_lo"": 0.6000000000000001, ""confidence"": 0.6557285886563461, ""n_samples"": 14}, {""accuracy"": 1.0, ""bin_hi"": 0.8, ""bin_lo"": 0.7000000000000001, ""confidence"": 0.7464811583630417, ""n_samples"": 10}, {""accuracy"": 1.0, ""bin_hi"": 0.9, ""bin_lo"": 0.8, ""confidence"": 0.8603590850775417, ""n_samples"": 12}, {""accuracy"": 1.0, ""bin_hi"": 1.0, ""bin_lo"": 0.9, ""confidence"": 0.9663569310308234, ""n_samples"": 91}], ""ece"": 0.033132449404526886}",0.06199999999989814,success,
elkan_noto,sar-pi0.1-scalemid,110,"{""base_estimator"": null, ""calibration_method"": ""sigmoid"", ""eps"": 1e-12, ""mode"": ""weighted_retraining"", ""n_cv_folds"": 5}",linear,0.1,0.5,0.5,True,0,,,0.7945140338606791,,,,,0.0595,False,-0.037189861728755075,0.813953488372093,1.0,0.9971777777777777,0.9595,0.7460815047021944,0.9743991640543365,0.9866009509995735,0.7975,0.034053045796207104,0.03910752214805306,"{""buckets"": [{""accuracy"": 0.030694668820678513, ""bin_hi"": 0.1, ""bin_lo"": 0.0, ""confidence"": 0.00042597583967660227, ""n_samples"": 1857}, {""accuracy"": 1.0, ""bin_hi"": 0.2, ""bin_lo"": 0.1, ""confidence"": 0.14539450846468785, ""n_samples"": 5}, {""accuracy"": 1.0, ""bin_hi"": 0.30000000000000004, ""bin_lo"": 0.2, ""confidence"": 0.2670701858975781, ""n_samples"": 7}, {""accuracy"": 1.0, ""bin_hi"": 0.4, ""bin_lo"": 0.30000000000000004, ""confidence"": 0.31813767999370113, ""n_samples"": 2}, {""accuracy"": 1.0, ""bin_hi"": 0.5, ""bin_lo"": 0.4, ""confidence"": 0.443449050090858, ""n_samples"": 10}, {""accuracy"": 1.0, ""bin_hi"": 0.6000000000000001, ""bin_lo"": 0.5, ""confidence"": 0.5604270236589692, ""n_samples"": 2}, {""accuracy"": 1.0, ""bin_hi"": 0.7000000000000001, ""bin_lo"": 0.6000000000000001, ""confidence"": 0.6369963318166842, ""n_samples"": 1}, {""accuracy"": 1.0, ""bin_hi"": 0.8, ""bin_lo"": 0.7000000000000001, ""confidence"": 0.755099503204954, ""n_samples"": 5}, {""accuracy"": 1.0, ""bin_hi"": 0.9, ""bin_lo"": 0.8, ""confidence"": 0.8489173242284557, ""n_samples"": 13}, {""accuracy"": 1.0, ""bin_hi"": 1.0, ""bin_lo"": 0.9, ""confidence"": 0.9873205689283941, ""n_samples"": 98}], ""ece"": 0.03910752214805306}",0.06199999999989814,success,
elkan_noto,sar-pi0.1-scalemid,111,"{""base_estimator"": null, ""calibration_method"": ""sigmoid"", ""eps"": 1e-12, ""mode"": ""weighted_retraining"", ""n_cv_folds"": 5}",linear,0.1,0.5,0.5,True,0,,,0.8173394972828872,,,,,0.0665,False,-0.04726315789473684,0.86,1.0,0.9994638888888889,0.9665,0.7987987987987988,0.9752631578947368,0.9952218356354605,0.8325,0.0255708439993276,0.03828237924977965,"{""buckets"": [{""accuracy"": 0.01100715465052284, ""bin_hi"": 0.1, ""bin_lo"": 0.0, ""confidence"": 0.0012203359543391482, ""n_samples"": 1817}, {""accuracy"": 0.8666666666666667, ""bin_hi"": 0.2, ""bin_lo"": 0.1, ""confidence"": 0.1341221766111379, ""n_samples"": 15}, {""accuracy"": 0.9285714285714286, ""bin_hi"": 0.30000000000000004, ""bin_lo"": 0.2, ""confidence"": 0.24114336364930344, ""n_samples"": 14}, {""accuracy"": 1.0, ""bin_hi"": 0.4, ""bin_lo"": 0.30000000000000004, ""confidence"": 0.34430033568990576, ""n_samples"": 12}, {""accuracy"": 1.0, ""bin_hi"": 0.5, ""bin_lo"": 0.4, ""confidence"": 0.43760007584731925, ""n_samples"": 9}, {""accuracy"": 1.0, ""bin_hi"": 0.6000000000000001, ""bin_lo"": 0.5, ""confidence"": 0.5589330058372479, ""n_samples"": 13}, {""accuracy"": 1.0, ""bin_hi"": 0.7000000000000001, ""bin_lo"": 0.6000000000000001, ""confidence"": 0.640168368719896, ""n_samples"": 22}, {""accuracy"": 1.0, ""bin_hi"": 0.8, ""bin_lo"": 0.7000000000000001, ""confidence"": 0.7483767117245237, ""n_samples"": 24}, {""accuracy"": 1.0, ""bin_hi"": 0.9, ""bin_lo"": 0.8, ""confidence"": 0.8491009648556115, ""n_samples"": 23}, {""accuracy"": 1.0, ""bin_hi"": 1.0, ""bin_lo"": 0.9, ""confidence"": 0.959212748224605, ""n_samples"": 51}], ""ece"": 0.03828237924977965}",0.06199999999989814,success,
elkan_noto,sar-pi0.1-scalemid,112,"{""base_estimator"": null, ""calibration_method"": ""sigmoid"", ""eps"": 1e-12, ""mode"": ""weighted_retraining"", ""n_cv_folds"": 5}",linear,0.1,0.5,0.5,True,0,,,0.8132031176425434,,,,,0.0685,False,-0.03757894736842106,0.83,1.0,0.9995111111111111,0.9685,0.8130563798219584,0.9715789473684211,0.9958561315727819,0.8425,0.028946060256365536,0.032242618857761654,"{""buckets"": [{""accuracy"": 0.027552674230145867, ""bin_hi"": 0.1, ""bin_lo"": 0.0, ""confidence"": 0.0004505256188151935, ""n_samples"": 1851}, {""accuracy"": 1.0, ""bin_hi"": 0.2, ""bin_lo"": 0.1, ""confidence"": 0.11183780488706302, ""n_samples"": 4}, {""accuracy"": 1.0, ""bin_hi"": 0.30000000000000004, ""bin_lo"": 0.2, ""confidence"": 0.2380555375478722, ""n_samples"": 4}, {""accuracy"": 1.0, ""bin_hi"": 0.4, ""bin_lo"": 0.30000000000000004, ""confidence"": 0.35443719848824284, ""n_samples"": 3}, {""accuracy"": 1.0, ""bin_hi"": 0.5, ""bin_lo"": 0.4, ""confidence"": 0.49333006315578654, ""n_samples"": 1}, {""accuracy"": 1.0, ""bin_hi"": 0.6000000000000001, ""bin_lo"": 0.5, ""confidence"": 0.5236357149830009, ""n_samples"": 2}, {""accuracy"": 1.0, ""bin_hi"": 0.7000000000000001, ""bin_lo"": 0.6000000000000001, ""confidence"": 0.6647726480282072, ""n_samples"": 5}, {""accuracy"": 1.0, ""bin_hi"": 0.8, ""bin_lo"": 0.7000000000000001, ""confidence"": 0.7364026103158414, ""n_samples"": 4}, {""accuracy"": 1.0, ""bin_hi"": 0.9, ""bin_lo"": 0.8, ""confidence"": 0.8391922034308396, ""n_samples"": 7}, {""accuracy"": 1.0, ""bin_hi"": 1.0, ""bin_lo"": 0.9, ""confidence"": 0.9960801159689346, ""n_samples"": 119}], ""ece"": 0.032242618857761654}",0.07800000000042928,success,
elkan_noto,sar-pi0.1-scalemid,113,"{""base_estimator"": null, ""calibration_method"": ""sigmoid"", ""eps"": 1e-12, ""mode"": ""weighted_retraining"", ""n_cv_folds"": 5}",linear,0.1,0.5,0.5,True,0,,,0.7756882066264543,,,,,0.064,False,-0.03435030134872985,0.8131868131868132,1.0,0.9987111111111111,0.964,0.7804878048780488,0.9717129387113672,0.9898174820196582,0.8200000000000001,0.027401426690119992,0.03701515289125603,"{""buckets"": [{""accuracy"": 0.01533406352683461, ""bin_hi"": 0.1, ""bin_lo"": 0.0, ""confidence"": 0.0011430241470544939, ""n_samples"": 1826}, {""accuracy"": 0.9333333333333333, ""bin_hi"": 0.2, ""bin_lo"": 0.1, ""confidence"": 0.14792141506114234, ""n_samples"": 15}, {""accuracy"": 0.9375, ""bin_hi"": 0.30000000000000004, ""bin_lo"": 0.2, ""confidence"": 0.24476354665126857, ""n_samples"": 16}, {""accuracy"": 1.0, ""bin_hi"": 0.4, ""bin_lo"": 0.30000000000000004, ""confidence"": 0.3402388388252598, ""n_samples"": 7}, {""accuracy"": 1.0, ""bin_hi"": 0.5, ""bin_lo"": 0.4, ""confidence"": 0.460710696601457, ""n_samples"": 8}, {""accuracy"": 1.0, ""bin_hi"": 0.6000000000000001, ""bin_lo"": 0.5, ""confidence"": 0.5508142861418034, ""n_samples"": 12}, {""accuracy"": 1.0, ""bin_hi"": 0.7000000000000001, ""bin_lo"": 0.6000000000000001, ""confidence"": 0.6602544818590509, ""n_samples"": 9}, {""accuracy"": 1.0, ""bin_hi"": 0.8, ""bin_lo"": 0.7000000000000001, ""confidence"": 0.7535877016988692, ""n_samples"": 15}, {""accuracy"": 1.0, ""bin_hi"": 0.9, ""bin_lo"": 0.8, ""confidence"": 0.8673576794859408, ""n_samples"": 13}, {""accuracy"": 1.0, ""bin_hi"": 1.0, ""bin_lo"": 0.9, ""confidence"": 0.9689697415038881, ""n_samples"": 79}], ""ece"": 0.03701515289125603}",0.06300000000010186,success,
elkan_noto,sar-pi0.1-scalemid,114,"{""base_estimator"": null, ""calibration_method"": ""sigmoid"", ""eps"": 1e-12, ""mode"": ""weighted_retraining"", ""n_cv_folds"": 5}",linear,0.1,0.5,0.5,True,0,,,0.8456455756500739,,,,,0.071,False,-0.054184718536379475,0.8899082568807339,1.0,0.9990361111111111,0.97,0.8245614035087719,0.9762030671602326,0.9904903820961231,0.8522222222222222,0.027009358208922144,0.030930249639076104,"{""buckets"": [{""accuracy"": 0.023344191096634093, ""bin_hi"": 0.1, ""bin_lo"": 0.0, ""confidence"": 0.0002291316843626282, ""n_samples"": 1842}, {""accuracy"": 1.0, ""bin_hi"": 0.2, ""bin_lo"": 0.1, ""confidence"": 0.15816853067092687, ""n_samples"": 6}, {""accuracy"": 1.0, ""bin_hi"": 0.30000000000000004, ""bin_lo"": 0.2, ""confidence"": 0.23089149412632884, ""n_samples"": 3}, {""accuracy"": 1.0, ""bin_hi"": 0.4, ""bin_lo"": 0.30000000000000004, ""confidence"": 0.36793236555858, ""n_samples"": 3}, {""accuracy"": 1.0, ""bin_hi"": 0.5, ""bin_lo"": 0.4, ""confidence"": 0.4568550629968877, ""n_samples"": 4}, {""accuracy"": 1.0, ""bin_hi"": 0.6000000000000001, ""bin_lo"": 0.5, ""confidence"": 0.5341890679557038, ""n_samples"": 4}, {""accuracy"": 1.0, ""bin_hi"": 0.7000000000000001, ""bin_lo"": 0.6000000000000001, ""confidence"": 0.6517574630185593, ""n_samples"": 4}, {""accuracy"": 1.0, ""bin_hi"": 0.8, ""bin_lo"": 0.7000000000000001, ""confidence"": 0.7460495249032244, ""n_samples"": 13}, {""accuracy"": 1.0, ""bin_hi"": 0.9, ""bin_lo"": 0.8, ""confidence"": 0.8600204356434783, ""n_samples"": 9}, {""accuracy"": 0.9910714285714286, ""bin_hi"": 1.0, ""bin_lo"": 0.9, ""confidence"": 0.9914113993236275, ""n_samples"": 112}], ""ece"": 0.030930249639076104}",0.06300000000010186,success,
elkan_noto,sar-pi0.1-scalemid,115,"{""base_estimator"": null, ""calibration_method"": ""sigmoid"", ""eps"": 1e-12, ""mode"": ""weighted_retraining"", ""n_cv_folds"": 5}",linear,0.1,0.5,0.5,True,0,,,0.8090297372819649,,,,,0.0665,False,-0.039007412991581863,0.819047619047619,1.0,0.9992638888888888,0.9665,0.7987987987987988,0.9751978891820581,0.9941019880765656,0.8325,0.021994141083922544,0.03252996948123144,"{""buckets"": [{""accuracy"": 0.009917355371900827, ""bin_hi"": 0.1, ""bin_lo"": 0.0, ""confidence"": 0.0014035923520227458, ""n_samples"": 1815}, {""accuracy"": 0.7272727272727273, ""bin_hi"": 0.2, ""bin_lo"": 0.1, ""confidence"": 0.14656794142514318, ""n_samples"": 11}, {""accuracy"": 1.0, ""bin_hi"": 0.30000000000000004, ""bin_lo"": 0.2, ""confidence"": 0.23174237461266486, ""n_samples"": 10}, {""accuracy"": 1.0, ""bin_hi"": 0.4, ""bin_lo"": 0.30000000000000004, ""confidence"": 0.3586934439633059, ""n_samples"": 15}, {""accuracy"": 1.0, ""bin_hi"": 0.5, ""bin_lo"": 0.4, ""confidence"": 0.45612418892697437, ""n_samples"": 16}, {""accuracy"": 1.0, ""bin_hi"": 0.6000000000000001, ""bin_lo"": 0.5, ""confidence"": 0.550323307109485, ""n_samples"": 9}, {""accuracy"": 1.0, ""bin_hi"": 0.7000000000000001, ""bin_lo"": 0.6000000000000001, ""confidence"": 0.6627246414803452, ""n_samples"": 14}, {""accuracy"": 1.0, ""bin_hi"": 0.8, ""bin_lo"": 0.7000000000000001, ""confidence"": 0.750482335436906, ""n_samples"": 14}, {""accuracy"": 1.0, ""bin_hi"": 0.9, ""bin_lo"": 0.8, ""confidence"": 0.852569310383939, ""n_samples"": 14}, {""accuracy"": 1.0, ""bin_hi"": 1.0, ""bin_lo"": 0.9, ""confidence"": 0.9647646749796269, ""n_samples"": 82}], ""ece"": 0.03252996948123144}",0.06300000000010186,success,
elkan_noto,sar-pi0.1-scalemid,116,"{""base_estimator"": null, ""calibration_method"": ""sigmoid"", ""eps"": 1e-12, ""mode"": ""weighted_retraining"", ""n_cv_folds"": 5}",linear,0.1,0.5,0.5,True,0,,,0.8251857159086511,,,,,0.0695,False,-0.041525373074854065,0.839622641509434,1.0,0.9984638888888889,0.9695,0.8200589970501475,0.9736008447729673,0.9879518490439599,0.8474999999999999,0.028628317970226125,0.03023180445169025,"{""buckets"": [{""accuracy"": 0.028602266594711278, ""bin_hi"": 0.1, ""bin_lo"": 0.0, ""confidence"": 0.00023893035320678982, ""n_samples"": 1853}, {""accuracy"": 1.0, ""bin_hi"": 0.2, ""bin_lo"": 0.1, ""confidence"": 0.11679968666597078, ""n_samples"": 3}, {""accuracy"": 1.0, ""bin_hi"": 0.30000000000000004, ""bin_lo"": 0.2, ""confidence"": 0.23388435133667446, ""n_samples"": 2}, {""accuracy"": 1.0, ""bin_hi"": 0.4, ""bin_lo"": 0.30000000000000004, ""confidence"": 0.3546293221828617, ""n_samples"": 2}, {""accuracy"": 1.0, ""bin_hi"": 0.5, ""bin_lo"": 0.4, ""confidence"": 0.4064748160390786, ""n_samples"": 1}, {""accuracy"": 1.0, ""bin_hi"": 0.6000000000000001, ""bin_lo"": 0.5, ""confidence"": 0.5011251262883105, ""n_samples"": 1}, {""accuracy"": 0.0, ""bin_hi"": 0.7000000000000001, ""bin_lo"": 0.6000000000000001, ""confidence"": 0.0, ""n_samples"": 0}, {""accuracy"": 0.0, ""bin_hi"": 0.8, ""bin_lo"": 0.7000000000000001, ""confidence"": 0.0, ""n_samples"": 0}, {""accuracy"": 1.0, ""bin_hi"": 0.9, ""bin_lo"": 0.8, ""confidence"": 0.8363921144406005, ""n_samples"": 5}, {""accuracy"": 1.0, ""bin_hi"": 1.0, ""bin_lo"": 0.9, ""confidence"": 0.9960651596282702, ""n_samples"": 133}], ""ece"": 0.03023180445169025}",0.06199999999989814,success,
elkan_noto,sar-pi0.1-scalemid,117,"{""base_estimator"": null, ""calibration_method"": ""sigmoid"", ""eps"": 1e-12, ""mode"": ""weighted_retraining"", ""n_cv_folds"": 5}",linear,0.1,0.5,0.5,True,0,,,0.8300726365861023,,,,,0.0655,False,-0.05057878902592099,0.8584905660377359,1.0,0.9990694444444443,0.9655,0.7915407854984894,0.9788806758183738,0.9926335879500937,0.8275,0.024860177782196874,0.0360574652808872,"{""buckets"": [{""accuracy"": 0.010462555066079295, ""bin_hi"": 0.1, ""bin_lo"": 0.0, ""confidence"": 0.001159833244859255, ""n_samples"": 1816}, {""accuracy"": 0.8125, ""bin_hi"": 0.2, ""bin_lo"": 0.1, ""confidence"": 0.14216753231291243, ""n_samples"": 16}, {""accuracy"": 1.0, ""bin_hi"": 0.30000000000000004, ""bin_lo"": 0.2, ""confidence"": 0.2334532619359227, ""n_samples"": 16}, {""accuracy"": 1.0, ""bin_hi"": 0.4, ""bin_lo"": 0.30000000000000004, ""confidence"": 0.35153713028254335, ""n_samples"": 9}, {""accuracy"": 1.0, ""bin_hi"": 0.5, ""bin_lo"": 0.4, ""confidence"": 0.45922925584089175, ""n_samples"": 12}, {""accuracy"": 1.0, ""bin_hi"": 0.6000000000000001, ""bin_lo"": 0.5, ""confidence"": 0.5407489491684314, ""n_samples"": 13}, {""accuracy"": 1.0, ""bin_hi"": 0.7000000000000001, ""bin_lo"": 0.6000000000000001, ""confidence"": 0.6405176652640059, ""n_samples"": 13}, {""accuracy"": 1.0, ""bin_hi"": 0.8, ""bin_lo"": 0.7000000000000001, ""confidence"": 0.7590950865866366, ""n_samples"": 17}, {""accuracy"": 1.0, ""bin_hi"": 0.9, ""bin_lo"": 0.8, ""confidence"": 0.8497430511836007, ""n_samples"": 19}, {""accuracy"": 1.0, ""bin_hi"": 1.0, ""bin_lo"": 0.9, ""confidence"": 0.9664941142443958, ""n_samples"": 69}], ""ece"": 0.0360574652808872}",0.06300000000010186,success,
elkan_noto,sar-pi0.1-scalemid,118,"{""base_estimator"": null, ""calibration_method"": ""sigmoid"", ""eps"": 1e-12, ""mode"": ""weighted_retraining"", ""n_cv_folds"": 5}",linear,0.1,0.5,0.5,True,0,,,0.7967564279317494,,,,,0.063,False,-0.03818875243105027,0.8144329896907216,1.0,0.9993805555555555,0.963,0.7730061349693251,0.9753021544929059,0.994626112169421,0.815,0.024669340911948546,0.03650690368817284,"{""buckets"": [{""accuracy"": 0.009911894273127754, ""bin_hi"": 0.1, ""bin_lo"": 0.0, ""confidence"": 0.0013357231999404425, ""n_samples"": 1816}, {""accuracy"": 0.9333333333333333, ""bin_hi"": 0.2, ""bin_lo"": 0.1, ""confidence"": 0.14878508490541892, ""n_samples"": 15}, {""accuracy"": 0.9090909090909091, ""bin_hi"": 0.30000000000000004, ""bin_lo"": 0.2, ""confidence"": 0.2511666233994718, ""n_samples"": 11}, {""accuracy"": 1.0, ""bin_hi"": 0.4, ""bin_lo"": 0.30000000000000004, ""confidence"": 0.35589665465059955, ""n_samples"": 14}, {""accuracy"": 1.0, ""bin_hi"": 0.5, ""bin_lo"": 0.4, ""confidence"": 0.4401716843059981, ""n_samples"": 18}, {""accuracy"": 1.0, ""bin_hi"": 0.6000000000000001, ""bin_lo"": 0.5, ""confidence"": 0.5483604056306389, ""n_samples"": 11}, {""accuracy"": 1.0, ""bin_hi"": 0.7000000000000001, ""bin_lo"": 0.6000000000000001, ""confidence"": 0.6495146932075249, ""n_samples"": 14}, {""accuracy"": 1.0, ""bin_hi"": 0.8, ""bin_lo"": 0.7000000000000001, ""confidence"": 0.76135067935406, ""n_samples"": 21}, {""accuracy"": 1.0, ""bin_hi"": 0.9, ""bin_lo"": 0.8, ""confidence"": 0.8514400098795916, ""n_samples"": 16}, {""accuracy"": 1.0, ""bin_hi"": 1.0, ""bin_lo"": 0.9, ""confidence"": 0.9675576888690556, ""n_samples"": 64}], ""ece"": 0.03650690368817284}",0.07799999999951979,success,
elkan_noto,sar-pi0.1-scalemid,119,"{""base_estimator"": null, ""calibration_method"": ""sigmoid"", ""eps"": 1e-12, ""mode"": ""weighted_retraining"", ""n_cv_folds"": 5}",linear,0.1,0.5,0.5,True,0,,,0.7978316222089813,,,,,0.071,False,-0.03754300047131226,0.845360824742268,1.0,0.9979638888888889,0.971,0.8304093567251462,0.9684708355228586,0.9881533867280696,0.855,0.027835668555637447,0.02933149615275203,"{""buckets"": [{""accuracy"": 0.028077753779697623, ""bin_hi"": 0.1, ""bin_lo"": 0.0, ""confidence"": 0.00017905448489974256, ""n_samples"": 1852}, {""accuracy"": 1.0, ""bin_hi"": 0.2, ""bin_lo"": 0.1, ""confidence"": 0.14118337792095945, ""n_samples"": 3}, {""accuracy"": 1.0, ""bin_hi"": 0.30000000000000004, ""bin_lo"": 0.2, ""confidence"": 0.21667699970148555, ""n_samples"": 1}, {""accuracy"": 0.0, ""bin_hi"": 0.4, ""bin_lo"": 0.30000000000000004, ""confidence"": 0.0, ""n_samples"": 0}, {""accuracy"": 1.0, ""bin_hi"": 0.5, ""bin_lo"": 0.4, ""confidence"": 0.44008882730669363, ""n_samples"": 2}, {""accuracy"": 1.0, ""bin_hi"": 0.6000000000000001, ""bin_lo"": 0.5, ""confidence"": 0.5266132377981497, ""n_samples"": 2}, {""accuracy"": 1.0, ""bin_hi"": 0.7000000000000001, ""bin_lo"": 0.6000000000000001, ""confidence"": 0.6654942125424386, ""n_samples"": 3}, {""accuracy"": 1.0, ""bin_hi"": 0.8, ""bin_lo"": 0.7000000000000001, ""confidence"": 0.7753102060782628, ""n_samples"": 1}, {""accuracy"": 1.0, ""bin_hi"": 0.9, ""bin_lo"": 0.8, ""confidence"": 0.8920880737976188, ""n_samples"": 1}, {""accuracy"": 1.0, ""bin_hi"": 1.0, ""bin_lo"": 0.9, ""confidence"": 0.9982806415354397, ""n_samples"": 135}], ""ece"": 0.02933149615275203}",0.07799999999951979,success,
elkan_noto,sar-pi0.3-scalesmall,100,"{""base_estimator"": null, ""calibration_method"": ""sigmoid"", ""eps"": 1e-12, ""mode"": ""weighted_retraining"", ""n_cv_folds"": 5}",linear,0.3,0.5,0.5,True,0,,,0.6877689885949385,,,,,0.245,False,-0.1299657188949385,0.9310344827586207,1.0,0.9999107142857143,0.945,0.8990825688073395,0.8713450292397661,0.9997916570209351,0.9083333333333333,0.05294541317068011,0.055042053892314625,"{""buckets"": [{""accuracy"": 0.06976744186046512, ""bin_hi"": 0.1, ""bin_lo"": 0.0, ""confidence"": 0.0006461813733713288, ""n_samples"": 301}, {""accuracy"": 0.0, ""bin_hi"": 0.2, ""bin_lo"": 0.1, ""confidence"": 0.0, ""n_samples"": 0}, {""accuracy"": 0.0, ""bin_hi"": 0.30000000000000004, ""bin_lo"": 0.2, ""confidence"": 0.0, ""n_samples"": 0}, {""accuracy"": 1.0, ""bin_hi"": 0.4, ""bin_lo"": 0.30000000000000004, ""confidence"": 0.3751631070641748, ""n_samples"": 1}, {""accuracy"": 0.0, ""bin_hi"": 0.5, ""bin_lo"": 0.4, ""confidence"": 0.0, ""n_samples"": 0}, {""accuracy"": 0.0, ""bin_hi"": 0.6000000000000001, ""bin_lo"": 0.5, ""confidence"": 0.0, ""n_samples"": 0}, {""accuracy"": 1.0, ""bin_hi"": 0.7000000000000001, ""bin_lo"": 0.6000000000000001, ""confidence"": 0.6064886606353619, ""n_samples"": 1}, {""accuracy"": 0.0, ""bin_hi"": 0.8, ""bin_lo"": 0.7000000000000001, ""confidence"": 0.0, ""n_samples"": 0}, {""accuracy"": 0.0, ""bin_hi"": 0.9, ""bin_lo"": 0.8, ""confidence"": 0.0, ""n_samples"": 0}, {""accuracy"": 1.0, ""bin_hi"": 1.0, ""bin_lo"": 0.9, ""confidence"": 0.9980105781648437, ""n_samples"": 97}], ""ece"": 0.055042053892314625}",0.04699999999957072,success,
elkan_noto,sar-pi0.3-scalesmall,101,"{""base_estimator"": null, ""calibration_method"": ""sigmoid"", ""eps"": 1e-12, ""mode"": ""weighted_retraining"", ""n_cv_folds"": 5}",linear,0.3,0.5,0.5,True,0,,,0.7519738634620908,,,,,0.2125,False,-0.16176470588235292,0.9166666666666666,1.0,0.9989285714285715,0.9125,0.8292682926829268,0.9117647058823529,0.9977297163028445,0.8541666666666667,0.08103859564219384,0.08795236592152451,"{""buckets"": [{""accuracy"": 0.09385113268608414, ""bin_hi"": 0.1, ""bin_lo"": 0.0, ""confidence"": 0.001119053464768896, ""n_samples"": 309}, {""accuracy"": 1.0, ""bin_hi"": 0.2, ""bin_lo"": 0.1, ""confidence"": 0.14088161402040517, ""n_samples"": 4}, {""accuracy"": 0.0, ""bin_hi"": 0.30000000000000004, ""bin_lo"": 0.2, ""confidence"": 0.0, ""n_samples"": 0}, {""accuracy"": 1.0, ""bin_hi"": 0.4, ""bin_lo"": 0.30000000000000004, ""confidence"": 0.3862470444729904, ""n_samples"": 1}, {""accuracy"": 1.0, ""bin_hi"": 0.5, ""bin_lo"": 0.4, ""confidence"": 0.4840762795608681, ""n_samples"": 1}, {""accuracy"": 0.0, ""bin_hi"": 0.6000000000000001, ""bin_lo"": 0.5, ""confidence"": 0.0, ""n_samples"": 0}, {""accuracy"": 1.0, ""bin_hi"": 0.7000000000000001, ""bin_lo"": 0.6000000000000001, ""confidence"": 0.6586415307323887, ""n_samples"": 2}, {""accuracy"": 1.0, ""bin_hi"": 0.8, ""bin_lo"": 0.7000000000000001, ""confidence"": 0.7455026130450834, ""n_samples"": 3}, {""accuracy"": 1.0, ""bin_hi"": 0.9, ""bin_lo"": 0.8, ""confidence"": 0.831677809969583, ""n_samples"": 2}, {""accuracy"": 1.0, ""bin_hi"": 1.0, ""bin_lo"": 0.9, ""confidence"": 0.997721407822076, ""n_samples"": 78}], ""ece"": 0.08795236592152451}",0.06199999999989814,success,
elkan_noto,sar-pi0.3-scalesmall,102,"{""base_estimator"": null, ""calibration_method"": ""sigmoid"", ""eps"": 1e-12, ""mode"": ""weighted_retraining"", ""n_cv_folds"": 5}",linear,0.3,0.5,0.5,True,0,,,0.7602342392269974,,,,,0.19,False,-0.15051404020254716,0.8771929824561403,1.0,0.9982142857142857,0.89,0.7755102040816326,0.924198250728863,0.9964357091052236,0.8166666666666667,0.08345802224028726,0.11515915365530424,"{""buckets"": [{""accuracy"": 0.047619047619047616, ""bin_hi"": 0.1, ""bin_lo"": 0.0, ""confidence"": 0.002619110335252135, ""n_samples"": 294}, {""accuracy"": 1.0, ""bin_hi"": 0.2, ""bin_lo"": 0.1, ""confidence"": 0.13890002721991737, ""n_samples"": 13}, {""accuracy"": 1.0, ""bin_hi"": 0.30000000000000004, ""bin_lo"": 0.2, ""confidence"": 0.25106428824832905, ""n_samples"": 8}, {""accuracy"": 1.0, ""bin_hi"": 0.4, ""bin_lo"": 0.30000000000000004, ""confidence"": 0.3524699965170496, ""n_samples"": 4}, {""accuracy"": 1.0, ""bin_hi"": 0.5, ""bin_lo"": 0.4, ""confidence"": 0.42386549614285685, ""n_samples"": 5}, {""accuracy"": 1.0, ""bin_hi"": 0.6000000000000001, ""bin_lo"": 0.5, ""confidence"": 0.5574399184148437, ""n_samples"": 8}, {""accuracy"": 1.0, ""bin_hi"": 0.7000000000000001, ""bin_lo"": 0.6000000000000001, ""confidence"": 0.6444784093285751, ""n_samples"": 6}, {""accuracy"": 1.0, ""bin_hi"": 0.8, ""bin_lo"": 0.7000000000000001, ""confidence"": 0.7435960955793572, ""n_samples"": 7}, {""accuracy"": 1.0, ""bin_hi"": 0.9, ""bin_lo"": 0.8, ""confidence"": 0.8479205266472997, ""n_samples"": 10}, {""accuracy"": 1.0, ""bin_hi"": 1.0, ""bin_lo"": 0.9, ""confidence"": 0.973602894085943, ""n_samples"": 45}], ""ece"": 0.11515915365530424}",0.04699999999957072,success,
elkan_noto,sar-pi0.3-scalesmall,103,"{""base_estimator"": null, ""calibration_method"": ""sigmoid"", ""eps"": 1e-12, ""mode"": ""weighted_retraining"", ""n_cv_folds"": 5}",linear,0.3,0.5,0.5,True,0,,,0.7506916830914051,,,,,0.25,False,-0.17428571428571427,0.9571428571428572,1.0,0.9973809523809524,0.95,0.9090909090909091,0.9,0.9945123347267669,0.9166666666666667,0.04300919686718921,0.04886507498402663,"{""buckets"": [{""accuracy"": 0.047619047619047616, ""bin_hi"": 0.1, ""bin_lo"": 0.0, ""confidence"": 0.00020164186514276712, ""n_samples"": 294}, {""accuracy"": 1.0, ""bin_hi"": 0.2, ""bin_lo"": 0.1, ""confidence"": 0.11494297661121772, ""n_samples"": 2}, {""accuracy"": 0.0, ""bin_hi"": 0.30000000000000004, ""bin_lo"": 0.2, ""confidence"": 0.0, ""n_samples"": 0}, {""accuracy"": 0.0, ""bin_hi"": 0.4, ""bin_lo"": 0.30000000000000004, ""confidence"": 0.0, ""n_samples"": 0}, {""accuracy"": 1.0, ""bin_hi"": 0.5, ""bin_lo"": 0.4, ""confidence"": 0.45190486057687934, ""n_samples"": 4}, {""accuracy"": 1.0, ""bin_hi"": 0.6000000000000001, ""bin_lo"": 0.5, ""confidence"": 0.5356701515457157, ""n_samples"": 1}, {""accuracy"": 1.0, ""bin_hi"": 0.7000000000000001, ""bin_lo"": 0.6000000000000001, ""confidence"": 0.633006752357988, ""n_samples"": 2}, {""accuracy"": 1.0, ""bin_hi"": 0.8, ""bin_lo"": 0.7000000000000001, ""confidence"": 0.7974310560085871, ""n_samples"": 1}, {""accuracy"": 0.0, ""bin_hi"": 0.9, ""bin_lo"": 0.8, ""confidence"": 0.0, ""n_samples"": 0}, {""accuracy"": 1.0, ""bin_hi"": 1.0, ""bin_lo"": 0.9, ""confidence"": 0.9974798665649702, ""n_samples"": 96}], ""ece"": 0.04886507498402663}",0.04700000000048021,success,
elkan_noto,sar-pi0.3-scalesmall,104,"{""base_estimator"": null, ""calibration_method"": ""sigmoid"", ""eps"": 1e-12, ""mode"": ""weighted_retraining"", ""n_cv_folds"": 5}",linear,0.3,0.5,0.5,True,0,,,0.767218222287123,,,,,0.2325,False,-0.1587370713119216,0.9242424242424242,1.0,0.9988392857142857,0.9325,0.8732394366197183,0.9041916167664671,0.9974671235183974,0.8875,0.062341225649145876,0.07434593414753625,"{""buckets"": [{""accuracy"": 0.06976744186046512, ""bin_hi"": 0.1, ""bin_lo"": 0.0, ""confidence"": 0.0011573818676329502, ""n_samples"": 301}, {""accuracy"": 1.0, ""bin_hi"": 0.2, ""bin_lo"": 0.1, ""confidence"": 0.15163964417394818, ""n_samples"": 1}, {""accuracy"": 1.0, ""bin_hi"": 0.30000000000000004, ""bin_lo"": 0.2, ""confidence"": 0.2261421849133216, ""n_samples"": 2}, {""accuracy"": 1.0, ""bin_hi"": 0.4, ""bin_lo"": 0.30000000000000004, ""confidence"": 0.3387759946338208, ""n_samples"": 2}, {""accuracy"": 1.0, ""bin_hi"": 0.5, ""bin_lo"": 0.4, ""confidence"": 0.41132511683185025, ""n_samples"": 1}, {""accuracy"": 1.0, ""bin_hi"": 0.6000000000000001, ""bin_lo"": 0.5, ""confidence"": 0.5462881499058312, ""n_samples"": 4}, {""accuracy"": 1.0, ""bin_hi"": 0.7000000000000001, ""bin_lo"": 0.6000000000000001, ""confidence"": 0.6536078183394843, ""n_samples"": 3}, {""accuracy"": 1.0, ""bin_hi"": 0.8, ""bin_lo"": 0.7000000000000001, ""confidence"": 0.7749772734447478, ""n_samples"": 2}, {""accuracy"": 1.0, ""bin_hi"": 0.9, ""bin_lo"": 0.8, ""confidence"": 0.8478615817759841, ""n_samples"": 7}, {""accuracy"": 1.0, ""bin_hi"": 1.0, ""bin_lo"": 0.9, ""confidence"": 0.9946687221398017, ""n_samples"": 77}], ""ece"": 0.07434593414753625}",0.046000000000276486,success,
elkan_noto,sar-pi0.3-scalesmall,105,"{""base_estimator"": null, ""calibration_method"": ""sigmoid"", ""eps"": 1e-12, ""mode"": ""weighted_retraining"", ""n_cv_folds"": 5}",linear,0.3,0.5,0.5,True,0,,,0.6904880190141611,,,,,0.235,False,-0.13185048958695758,0.9152542372881356,1.0,0.9981845238095238,0.935,0.8785046728971962,0.8826979472140762,0.9962334604189778,0.8916666666666666,0.055863963447469855,0.06520978839022214,"{""buckets"": [{""accuracy"": 0.05723905723905724, ""bin_hi"": 0.1, ""bin_lo"": 0.0, ""confidence"": 8.663843410072412e-05, ""n_samples"": 297}, {""accuracy"": 1.0, ""bin_hi"": 0.2, ""bin_lo"": 0.1, ""confidence"": 0.1614124338596965, ""n_samples"": 3}, {""accuracy"": 1.0, ""bin_hi"": 0.30000000000000004, ""bin_lo"": 0.2, ""confidence"": 0.26756306828887977, ""n_samples"": 2}, {""accuracy"": 1.0, ""bin_hi"": 0.4, ""bin_lo"": 0.30000000000000004, ""confidence"": 0.3483311774337897, ""n_samples"": 1}, {""accuracy"": 1.0, ""bin_hi"": 0.5, ""bin_lo"": 0.4, ""confidence"": 0.42963895548227016, ""n_samples"": 3}, {""accuracy"": 1.0, ""bin_hi"": 0.6000000000000001, ""bin_lo"": 0.5, ""confidence"": 0.545174543631709, ""n_samples"": 1}, {""accuracy"": 1.0, ""bin_hi"": 0.7000000000000001, ""bin_lo"": 0.6000000000000001, ""confidence"": 0.6421891019551272, ""n_samples"": 4}, {""accuracy"": 0.0, ""bin_hi"": 0.8, ""bin_lo"": 0.7000000000000001, ""confidence"": 0.0, ""n_samples"": 0}, {""accuracy"": 1.0, ""bin_hi"": 0.9, ""bin_lo"": 0.8, ""confidence"": 0.8443338284699795, ""n_samples"": 2}, {""accuracy"": 1.0, ""bin_hi"": 1.0, ""bin_lo"": 0.9, ""confidence"": 0.993461413086823, ""n_samples"": 87}], ""ece"": 0.06520978839022214}",0.06300000000010186,success,
elkan_noto,sar-pi0.3-scalesmall,106,"{""base_estimator"": null, ""calibration_method"": ""sigmoid"", ""eps"": 1e-12, ""mode"": ""weighted_retraining"", ""n_cv_folds"": 5}",linear,0.3,0.5,0.5,True,0,,,0.7299879191764768,,,,,0.215,False,-0.0943478875229617,0.8253968253968254,1.0,0.9979166666666667,0.915,0.8349514563106796,0.8991097922848664,0.9958368757267682,0.8583333333333334,0.05433292381489368,0.08336429526895209,"{""buckets"": [{""accuracy"": 0.027874564459930314, ""bin_hi"": 0.1, ""bin_lo"": 0.0, ""confidence"": 0.002329092585651105, ""n_samples"": 287}, {""accuracy"": 0.8, ""bin_hi"": 0.2, ""bin_lo"": 0.1, ""confidence"": 0.13400208530389396, ""n_samples"": 5}, {""accuracy"": 1.0, ""bin_hi"": 0.30000000000000004, ""bin_lo"": 0.2, ""confidence"": 0.24982624454922683, ""n_samples"": 8}, {""accuracy"": 1.0, ""bin_hi"": 0.4, ""bin_lo"": 0.30000000000000004, ""confidence"": 0.3373867722050653, ""n_samples"": 4}, {""accuracy"": 1.0, ""bin_hi"": 0.5, ""bin_lo"": 0.4, ""confidence"": 0.44285012750340796, ""n_samples"": 10}, {""accuracy"": 1.0, ""bin_hi"": 0.6000000000000001, ""bin_lo"": 0.5, ""confidence"": 0.550905604329584, ""n_samples"": 3}, {""accuracy"": 1.0, ""bin_hi"": 0.7000000000000001, ""bin_lo"": 0.6000000000000001, ""confidence"": 0.648953940329851, ""n_samples"": 4}, {""accuracy"": 1.0, ""bin_hi"": 0.8, ""bin_lo"": 0.7000000000000001, ""confidence"": 0.7635567763463662, ""n_samples"": 9}, {""accuracy"": 1.0, ""bin_hi"": 0.9, ""bin_lo"": 0.8, ""confidence"": 0.8546920936500351, ""n_samples"": 13}, {""accuracy"": 1.0, ""bin_hi"": 1.0, ""bin_lo"": 0.9, ""confidence"": 0.9703091718367326, ""n_samples"": 57}], ""ece"": 0.08336429526895209}",0.04699999999957072,success,
elkan_noto,sar-pi0.3-scalesmall,107,"{""base_estimator"": null, ""calibration_method"": ""sigmoid"", ""eps"": 1e-12, ""mode"": ""weighted_retraining"", ""n_cv_folds"": 5}",linear,0.3,0.5,0.5,True,0,,,0.7182921139883838,,,,,0.185,False,-0.13018625561978164,0.8518518518518519,1.0,0.9991369047619048,0.885,0.7628865979381443,0.9190751445086706,0.998078424589475,0.8083333333333333,0.0811357263714532,0.10975772661560818,"{""buckets"": [{""accuracy"": 0.06040268456375839, ""bin_hi"": 0.1, ""bin_lo"": 0.0, ""confidence"": 0.002539179850729373, ""n_samples"": 298}, {""accuracy"": 1.0, ""bin_hi"": 0.2, ""bin_lo"": 0.1, ""confidence"": 0.14333892435268888, ""n_samples"": 6}, {""accuracy"": 1.0, ""bin_hi"": 0.30000000000000004, ""bin_lo"": 0.2, ""confidence"": 0.24795851534361182, ""n_samples"": 8}, {""accuracy"": 1.0, ""bin_hi"": 0.4, ""bin_lo"": 0.30000000000000004, ""confidence"": 0.3545715564757467, ""n_samples"": 8}, {""accuracy"": 1.0, ""bin_hi"": 0.5, ""bin_lo"": 0.4, ""confidence"": 0.4503004595972387, ""n_samples"": 6}, {""accuracy"": 1.0, ""bin_hi"": 0.6000000000000001, ""bin_lo"": 0.5, ""confidence"": 0.5643345769281456, ""n_samples"": 3}, {""accuracy"": 1.0, ""bin_hi"": 0.7000000000000001, ""bin_lo"": 0.6000000000000001, ""confidence"": 0.6576366430588003, ""n_samples"": 5}, {""accuracy"": 1.0, ""bin_hi"": 0.8, ""bin_lo"": 0.7000000000000001, ""confidence"": 0.7778437521015614, ""n_samples"": 4}, {""accuracy"": 1.0, ""bin_hi"": 0.9, ""bin_lo"": 0.8, ""confidence"": 0.844688784063221, ""n_samples"": 14}, {""accuracy"": 1.0, ""bin_hi"": 1.0, ""bin_lo"": 0.9, ""confidence"": 0.979998998929483, ""n_samples"": 48}], ""ece"": 0.10975772661560818}",0.04699999999957072,success,
elkan_noto,sar-pi0.3-scalesmall,108,"{""base_estimator"": null, ""calibration_method"": ""sigmoid"", ""eps"": 1e-12, ""mode"": ""weighted_retraining"", ""n_cv_folds"": 5}",linear,0.3,0.5,0.5,True,0,,,0.7394851912150194,,,,,0.2175,False,-0.14658832632138885,0.9016393442622951,1.0,0.9989583333333334,0.9175,0.8405797101449275,0.9056047197640118,0.997797686002486,0.8625,0.06037518351732149,0.10035355311036695,"{""buckets"": [{""accuracy"": 0.027777777777777776, ""bin_hi"": 0.1, ""bin_lo"": 0.0, ""confidence"": 0.002749384694749696, ""n_samples"": 288}, {""accuracy"": 1.0, ""bin_hi"": 0.2, ""bin_lo"": 0.1, ""confidence"": 0.13522819986156256, ""n_samples"": 6}, {""accuracy"": 1.0, ""bin_hi"": 0.30000000000000004, ""bin_lo"": 0.2, ""confidence"": 0.27315399668864454, ""n_samples"": 6}, {""accuracy"": 1.0, ""bin_hi"": 0.4, ""bin_lo"": 0.30000000000000004, ""confidence"": 0.36841897337687357, ""n_samples"": 7}, {""accuracy"": 1.0, ""bin_hi"": 0.5, ""bin_lo"": 0.4, ""confidence"": 0.4440919582989163, ""n_samples"": 6}, {""accuracy"": 1.0, ""bin_hi"": 0.6000000000000001, ""bin_lo"": 0.5, ""confidence"": 0.5472324476034083, ""n_samples"": 8}, {""accuracy"": 1.0, ""bin_hi"": 0.7000000000000001, ""bin_lo"": 0.6000000000000001, ""confidence"": 0.6565305948405267, ""n_samples"": 9}, {""accuracy"": 1.0, ""bin_hi"": 0.8, ""bin_lo"": 0.7000000000000001, ""confidence"": 0.7425175579295384, ""n_samples"": 22}, {""accuracy"": 1.0, ""bin_hi"": 0.9, ""bin_lo"": 0.8, ""confidence"": 0.8500446582105917, ""n_samples"": 14}, {""accuracy"": 1.0, ""bin_hi"": 1.0, ""bin_lo"": 0.9, ""confidence"": 0.9661862293306562, ""n_samples"": 34}], ""ece"": 0.10035355311036695}",0.04699999999957072,success,
elkan_noto,sar-pi0.3-scalesmall,109,"{""base_estimator"": null, ""calibration_method"": ""sigmoid"", ""eps"": 1e-12, ""mode"": ""weighted_retraining"", ""n_cv_folds"": 5}",linear,0.3,0.5,0.5,True,0,,,0.753739671113599,,,,,0.2175,False,-0.12885403419528046,0.873015873015873,1.0,0.996547619047619,0.9175,0.8405797101449275,0.9050445103857567,0.9944404187130702,0.8625,0.06321632526259365,0.09843905805679487,"{""buckets"": [{""accuracy"": 0.027777777777777776, ""bin_hi"": 0.1, ""bin_lo"": 0.0, ""confidence"": 0.004550571466476587, ""n_samples"": 288}, {""accuracy"": 1.0, ""bin_hi"": 0.2, ""bin_lo"": 0.1, ""confidence"": 0.13840855821613143, ""n_samples"": 8}, {""accuracy"": 1.0, ""bin_hi"": 0.30000000000000004, ""bin_lo"": 0.2, ""confidence"": 0.2544891259013294, ""n_samples"": 6}, {""accuracy"": 1.0, ""bin_hi"": 0.4, ""bin_lo"": 0.30000000000000004, ""confidence"": 0.3617829846661282, ""n_samples"": 9}, {""accuracy"": 1.0, ""bin_hi"": 0.5, ""bin_lo"": 0.4, ""confidence"": 0.44576232526829357, ""n_samples"": 2}, {""accuracy"": 1.0, ""bin_hi"": 0.6000000000000001, ""bin_lo"": 0.5, ""confidence"": 0.5272018835196565, ""n_samples"": 8}, {""accuracy"": 1.0, ""bin_hi"": 0.7000000000000001, ""bin_lo"": 0.6000000000000001, ""confidence"": 0.650792474455873, ""n_samples"": 13}, {""accuracy"": 1.0, ""bin_hi"": 0.8, ""bin_lo"": 0.7000000000000001, ""confidence"": 0.7460961456241385, ""n_samples"": 10}, {""accuracy"": 1.0, ""bin_hi"": 0.9, ""bin_lo"": 0.8, ""confidence"": 0.8424866701714487, ""n_samples"": 12}, {""accuracy"": 1.0, ""bin_hi"": 1.0, ""bin_lo"": 0.9, ""confidence"": 0.9609845165201285, ""n_samples"": 44}], ""ece"": 0.09843905805679487}",0.04699999999957072,success,
elkan_noto,sar-pi0.3-scalesmall,110,"{""base_estimator"": null, ""calibration_method"": ""sigmoid"", ""eps"": 1e-12, ""mode"": ""weighted_retraining"", ""n_cv_folds"": 5}",linear,0.3,0.5,0.5,True,0,,,0.7304610687421271,,,,,0.215,False,-0.14953817882876347,0.9016393442622951,1.0,0.9985416666666667,0.915,0.8349514563106796,0.9085545722713865,0.997017118461432,0.8583333333333334,0.056920079087259004,0.09237076737171479,"{""buckets"": [{""accuracy"": 0.027777777777777776, ""bin_hi"": 0.1, ""bin_lo"": 0.0, ""confidence"": 0.002585637902062033, ""n_samples"": 288}, {""accuracy"": 1.0, ""bin_hi"": 0.2, ""bin_lo"": 0.1, ""confidence"": 0.14135770178434662, ""n_samples"": 3}, {""accuracy"": 1.0, ""bin_hi"": 0.30000000000000004, ""bin_lo"": 0.2, ""confidence"": 0.25022794073501126, ""n_samples"": 5}, {""accuracy"": 1.0, ""bin_hi"": 0.4, ""bin_lo"": 0.30000000000000004, ""confidence"": 0.350874257433464, ""n_samples"": 12}, {""accuracy"": 1.0, ""bin_hi"": 0.5, ""bin_lo"": 0.4, ""confidence"": 0.4492338068246268, ""n_samples"": 6}, {""accuracy"": 1.0, ""bin_hi"": 0.6000000000000001, ""bin_lo"": 0.5, ""confidence"": 0.5551010986260548, ""n_samples"": 8}, {""accuracy"": 1.0, ""bin_hi"": 0.7000000000000001, ""bin_lo"": 0.6000000000000001, ""confidence"": 0.6447588359892159, ""n_samples"": 7}, {""accuracy"": 1.0, ""bin_hi"": 0.8, ""bin_lo"": 0.7000000000000001, ""confidence"": 0.7411168775393944, ""n_samples"": 10}, {""accuracy"": 1.0, ""bin_hi"": 0.9, ""bin_lo"": 0.8, ""confidence"": 0.8636759292216731, ""n_samples"": 16}, {""accuracy"": 1.0, ""bin_hi"": 1.0, ""bin_lo"": 0.9, ""confidence"": 0.967595962499314, ""n_samples"": 45}], ""ece"": 0.09237076737171479}",0.06300000000010186,success,
elkan_noto,sar-pi0.3-scalesmall,111,"{""base_estimator"": null, ""calibration_method"": ""sigmoid"", ""eps"": 1e-12, ""mode"": ""weighted_retraining"", ""n_cv_folds"": 5}",linear,0.3,0.5,0.5,True,0,,,0.7095413067148792,,,,,0.2175,False,-0.13927630597942242,0.8983050847457628,1.0,0.9983035714285715,0.9175,0.8405797101449275,0.9002932551319648,0.9958863960377786,0.8625,0.06146282352575196,0.0901657764345758,"{""buckets"": [{""accuracy"": 0.03460207612456748, ""bin_hi"": 0.1, ""bin_lo"": 0.0, ""confidence"": 0.0016655803545358862, ""n_samples"": 289}, {""accuracy"": 1.0, ""bin_hi"": 0.2, ""bin_lo"": 0.1, ""confidence"": 0.1633550898755182, ""n_samples"": 6}, {""accuracy"": 1.0, ""bin_hi"": 0.30000000000000004, ""bin_lo"": 0.2, ""confidence"": 0.2519704426504864, ""n_samples"": 9}, {""accuracy"": 1.0, ""bin_hi"": 0.4, ""bin_lo"": 0.30000000000000004, ""confidence"": 0.34329939962910727, ""n_samples"": 5}, {""accuracy"": 0.75, ""bin_hi"": 0.5, ""bin_lo"": 0.4, ""confidence"": 0.45022152324045145, ""n_samples"": 4}, {""accuracy"": 1.0, ""bin_hi"": 0.6000000000000001, ""bin_lo"": 0.5, ""confidence"": 0.5577791602057973, ""n_samples"": 5}, {""accuracy"": 1.0, ""bin_hi"": 0.7000000000000001, ""bin_lo"": 0.6000000000000001, ""confidence"": 0.6634664168389607, ""n_samples"": 8}, {""accuracy"": 1.0, ""bin_hi"": 0.8, ""bin_lo"": 0.7000000000000001, ""confidence"": 0.7590321936240407, ""n_samples"": 12}, {""accuracy"": 1.0, ""bin_hi"": 0.9, ""bin_lo"": 0.8, ""confidence"": 0.8601351702646662, ""n_samples"": 7}, {""accuracy"": 1.0, ""bin_hi"": 1.0, ""bin_lo"": 0.9, ""confidence"": 0.9720205352438576, ""n_samples"": 55}], ""ece"": 0.0901657764345758}",0.04700000000048021,success,
elkan_noto,sar-pi0.3-scalesmall,112,"{""base_estimator"": null, ""calibration_method"": ""sigmoid"", ""eps"": 1e-12, ""mode"": ""weighted_retraining"", ""n_cv_folds"": 5}",linear,0.3,0.5,0.5,True,0,,,0.7549695663487983,,,,,0.2125,False,-0.15104166666666666,0.890625,1.0,0.9960119047619047,0.9125,0.8292682926829268,0.9166666666666666,0.9912117494374544,0.8541666666666667,0.06592319156514968,0.0922415136676976,"{""buckets"": [{""accuracy"": 0.03819444444444445, ""bin_hi"": 0.1, ""bin_lo"": 0.0, ""confidence"": 0.0039286531431974815, ""n_samples"": 288}, {""accuracy"": 0.7272727272727273, ""bin_hi"": 0.2, ""bin_lo"": 0.1, ""confidence"": 0.1503195270134866, ""n_samples"": 11}, {""accuracy"": 1.0, ""bin_hi"": 0.30000000000000004, ""bin_lo"": 0.2, ""confidence"": 0.2693867813771143, ""n_samples"": 6}, {""accuracy"": 1.0, ""bin_hi"": 0.4, ""bin_lo"": 0.30000000000000004, ""confidence"": 0.33441509906933453, ""n_samples"": 8}, {""accuracy"": 1.0, ""bin_hi"": 0.5, ""bin_lo"": 0.4, ""confidence"": 0.4316253082997207, ""n_samples"": 2}, {""accuracy"": 1.0, ""bin_hi"": 0.6000000000000001, ""bin_lo"": 0.5, ""confidence"": 0.5622991719361085, ""n_samples"": 8}, {""accuracy"": 1.0, ""bin_hi"": 0.7000000000000001, ""bin_lo"": 0.6000000000000001, ""confidence"": 0.6361692121008267, ""n_samples"": 5}, {""accuracy"": 1.0, ""bin_hi"": 0.8, ""bin_lo"": 0.7000000000000001, ""confidence"": 0.7639179793448412, ""n_samples"": 5}, {""accuracy"": 1.0, ""bin_hi"": 0.9, ""bin_lo"": 0.8, ""confidence"": 0.8501607328023113, ""n_samples"": 13}, {""accuracy"": 1.0, ""bin_hi"": 1.0, ""bin_lo"": 0.9, ""confidence"": 0.9743077161845866, ""n_samples"": 54}], ""ece"": 0.0922415136676976}",0.04700000000048021,success,
elkan_noto,sar-pi0.3-scalesmall,113,"{""base_estimator"": null, ""calibration_method"": ""sigmoid"", ""eps"": 1e-12, ""mode"": ""weighted_retraining"", ""n_cv_folds"": 5}",linear,0.3,0.5,0.5,True,0,,,0.6785531810733085,,,,,0.2475,False,-0.109375,0.890625,1.0,0.9992261904761904,0.9475,0.9041095890410958,0.875,0.9982506323921495,0.9125,0.0344133476661756,0.060693405875819034,"{""buckets"": [{""accuracy"": 0.007272727272727273, ""bin_hi"": 0.1, ""bin_lo"": 0.0, ""confidence"": 0.0063288810908442, ""n_samples"": 275}, {""accuracy"": 0.3333333333333333, ""bin_hi"": 0.2, ""bin_lo"": 0.1, ""confidence"": 0.13321891409811612, ""n_samples"": 9}, {""accuracy"": 1.0, ""bin_hi"": 0.30000000000000004, ""bin_lo"": 0.2, ""confidence"": 0.23396712539161932, ""n_samples"": 2}, {""accuracy"": 0.8571428571428571, ""bin_hi"": 0.4, ""bin_lo"": 0.30000000000000004, ""confidence"": 0.341772694349009, ""n_samples"": 7}, {""accuracy"": 1.0, ""bin_hi"": 0.5, ""bin_lo"": 0.4, ""confidence"": 0.4475512012852964, ""n_samples"": 8}, {""accuracy"": 1.0, ""bin_hi"": 0.6000000000000001, ""bin_lo"": 0.5, ""confidence"": 0.5564621769243092, ""n_samples"": 9}, {""accuracy"": 1.0, ""bin_hi"": 0.7000000000000001, ""bin_lo"": 0.6000000000000001, ""confidence"": 0.6598876714756339, ""n_samples"": 5}, {""accuracy"": 1.0, ""bin_hi"": 0.8, ""bin_lo"": 0.7000000000000001, ""confidence"": 0.7553293898808896, ""n_samples"": 9}, {""accuracy"": 1.0, ""bin_hi"": 0.9, ""bin_lo"": 0.8, ""confidence"": 0.8664313455916884, ""n_samples"": 21}, {""accuracy"": 1.0, ""bin_hi"": 1.0, ""bin_lo"": 0.9, ""confidence"": 0.9643973033681472, ""n_samples"": 55}], ""ece"": 0.060693405875819034}",0.06300000000010186,success,
elkan_noto,sar-pi0.3-scalesmall,114,"{""base_estimator"": null, ""calibration_method"": ""sigmoid"", ""eps"": 1e-12, ""mode"": ""weighted_retraining"", ""n_cv_folds"": 5}",linear,0.3,0.5,0.5,True,0,,,0.7052220269475253,,,,,0.23,False,-0.13899957609156421,0.9047619047619048,1.0,0.9980357142857142,0.925,0.8584905660377359,0.8961424332344213,0.9952755634860866,0.8773809523809524,0.04756722605751737,0.07654236383600686,"{""buckets"": [{""accuracy"": 0.017605633802816902, ""bin_hi"": 0.1, ""bin_lo"": 0.0, ""confidence"": 0.0035701154981636093, ""n_samples"": 284}, {""accuracy"": 1.0, ""bin_hi"": 0.2, ""bin_lo"": 0.1, ""confidence"": 0.15815012480901758, ""n_samples"": 3}, {""accuracy"": 1.0, ""bin_hi"": 0.30000000000000004, ""bin_lo"": 0.2, ""confidence"": 0.24712418291260643, ""n_samples"": 6}, {""accuracy"": 1.0, ""bin_hi"": 0.4, ""bin_lo"": 0.30000000000000004, ""confidence"": 0.33787059238421135, ""n_samples"": 8}, {""accuracy"": 1.0, ""bin_hi"": 0.5, ""bin_lo"": 0.4, ""confidence"": 0.44781485100445817, ""n_samples"": 7}, {""accuracy"": 1.0, ""bin_hi"": 0.6000000000000001, ""bin_lo"": 0.5, ""confidence"": 0.5639315898383804, ""n_samples"": 9}, {""accuracy"": 0.8, ""bin_hi"": 0.7000000000000001, ""bin_lo"": 0.6000000000000001, ""confidence"": 0.6616384204822852, ""n_samples"": 5}, {""accuracy"": 1.0, ""bin_hi"": 0.8, ""bin_lo"": 0.7000000000000001, ""confidence"": 0.7459745985832109, ""n_samples"": 6}, {""accuracy"": 1.0, ""bin_hi"": 0.9, ""bin_lo"": 0.8, ""confidence"": 0.8682963800584516, ""n_samples"": 20}, {""accuracy"": 1.0, ""bin_hi"": 1.0, ""bin_lo"": 0.9, ""confidence"": 0.968248574855501, ""n_samples"": 52}], ""ece"": 0.07654236383600686}",0.04699999999957072,success,
elkan_noto,sar-pi0.3-scalesmall,115,"{""base_estimator"": null, ""calibration_method"": ""sigmoid"", ""eps"": 1e-12, ""mode"": ""weighted_retraining"", ""n_cv_folds"": 5}",linear,0.3,0.5,0.5,True,0,,,0.7160512150013311,,,,,0.185,False,-0.10218368657675014,0.8148148148148148,1.0,0.9989880952380952,0.885,0.7628865979381443,0.9132947976878613,0.9978221112033523,0.8083333333333333,0.07956110234446744,0.1208154917747903,"{""buckets"": [{""accuracy"": 0.024390243902439025, ""bin_hi"": 0.1, ""bin_lo"": 0.0, ""confidence"": 0.003806011740014448, ""n_samples"": 287}, {""accuracy"": 1.0, ""bin_hi"": 0.2, ""bin_lo"": 0.1, ""confidence"": 0.14640485266839293, ""n_samples"": 13}, {""accuracy"": 1.0, ""bin_hi"": 0.30000000000000004, ""bin_lo"": 0.2, ""confidence"": 0.25821746615940777, ""n_samples"": 12}, {""accuracy"": 1.0, ""bin_hi"": 0.4, ""bin_lo"": 0.30000000000000004, ""confidence"": 0.34802779948480916, ""n_samples"": 8}, {""accuracy"": 1.0, ""bin_hi"": 0.5, ""bin_lo"": 0.4, ""confidence"": 0.45640870293026564, ""n_samples"": 6}, {""accuracy"": 1.0, ""bin_hi"": 0.6000000000000001, ""bin_lo"": 0.5, ""confidence"": 0.5408628738794534, ""n_samples"": 10}, {""accuracy"": 1.0, ""bin_hi"": 0.7000000000000001, ""bin_lo"": 0.6000000000000001, ""confidence"": 0.6532228925577587, ""n_samples"": 6}, {""accuracy"": 1.0, ""bin_hi"": 0.8, ""bin_lo"": 0.7000000000000001, ""confidence"": 0.7485746872308527, ""n_samples"": 15}, {""accuracy"": 1.0, ""bin_hi"": 0.9, ""bin_lo"": 0.8, ""confidence"": 0.8541867891467798, ""n_samples"": 15}, {""accuracy"": 1.0, ""bin_hi"": 1.0, ""bin_lo"": 0.9, ""confidence"": 0.9531265138868605, ""n_samples"": 28}], ""ece"": 0.1208154917747903}",0.07800000000042928,success,
elkan_noto,sar-pi0.3-scalesmall,116,"{""base_estimator"": null, ""calibration_method"": ""sigmoid"", ""eps"": 1e-12, ""mode"": ""weighted_retraining"", ""n_cv_folds"": 5}",linear,0.3,0.5,0.5,True,0,,,0.7078125115139193,,,,,0.2225,False,-0.1443023477762932,0.9032258064516129,1.0,0.9999107142857143,0.9225,0.8516746411483254,0.9023668639053254,0.9997967479674796,0.8708333333333333,0.059290611610668356,0.07324728908455438,"{""buckets"": [{""accuracy"": 0.05084745762711865, ""bin_hi"": 0.1, ""bin_lo"": 0.0, ""confidence"": 0.001312505529810471, ""n_samples"": 295}, {""accuracy"": 1.0, ""bin_hi"": 0.2, ""bin_lo"": 0.1, ""confidence"": 0.1555037169475473, ""n_samples"": 8}, {""accuracy"": 0.0, ""bin_hi"": 0.30000000000000004, ""bin_lo"": 0.2, ""confidence"": 0.0, ""n_samples"": 0}, {""accuracy"": 1.0, ""bin_hi"": 0.4, ""bin_lo"": 0.30000000000000004, ""confidence"": 0.356106234244718, ""n_samples"": 5}, {""accuracy"": 1.0, ""bin_hi"": 0.5, ""bin_lo"": 0.4, ""confidence"": 0.4520318477075513, ""n_samples"": 3}, {""accuracy"": 0.0, ""bin_hi"": 0.6000000000000001, ""bin_lo"": 0.5, ""confidence"": 0.0, ""n_samples"": 0}, {""accuracy"": 1.0, ""bin_hi"": 0.7000000000000001, ""bin_lo"": 0.6000000000000001, ""confidence"": 0.6385396369416736, ""n_samples"": 5}, {""accuracy"": 0.0, ""bin_hi"": 0.8, ""bin_lo"": 0.7000000000000001, ""confidence"": 0.0, ""n_samples"": 0}, {""accuracy"": 1.0, ""bin_hi"": 0.9, ""bin_lo"": 0.8, ""confidence"": 0.8771411208504937, ""n_samples"": 5}, {""accuracy"": 1.0, ""bin_hi"": 1.0, ""bin_lo"": 0.9, ""confidence"": 0.9918333543797052, ""n_samples"": 79}], ""ece"": 0.07324728908455438}",0.06300000000010186,success,
elkan_noto,sar-pi0.3-scalesmall,117,"{""base_estimator"": null, ""calibration_method"": ""sigmoid"", ""eps"": 1e-12, ""mode"": ""weighted_retraining"", ""n_cv_folds"": 5}",linear,0.3,0.5,0.5,True,0,,,0.6972824528082902,,,,,0.235,False,-0.10564640389681396,0.8813559322033898,1.0,0.998720238095238,0.935,0.8785046728971962,0.8768328445747801,0.9972295700893417,0.8916666666666666,0.05972519963918128,0.06558308466415473,"{""buckets"": [{""accuracy"": 0.06976744186046512, ""bin_hi"": 0.1, ""bin_lo"": 0.0, ""confidence"": 0.00020359312571742333, ""n_samples"": 301}, {""accuracy"": 0.0, ""bin_hi"": 0.2, ""bin_lo"": 0.1, ""confidence"": 0.0, ""n_samples"": 0}, {""accuracy"": 1.0, ""bin_hi"": 0.30000000000000004, ""bin_lo"": 0.2, ""confidence"": 0.2508739376398225, ""n_samples"": 4}, {""accuracy"": 0.0, ""bin_hi"": 0.4, ""bin_lo"": 0.30000000000000004, ""confidence"": 0.0, ""n_samples"": 0}, {""accuracy"": 1.0, ""bin_hi"": 0.5, ""bin_lo"": 0.4, ""confidence"": 0.4883679591544029, ""n_samples"": 1}, {""accuracy"": 1.0, ""bin_hi"": 0.6000000000000001, ""bin_lo"": 0.5, ""confidence"": 0.5893994246121046, ""n_samples"": 1}, {""accuracy"": 1.0, ""bin_hi"": 0.7000000000000001, ""bin_lo"": 0.6000000000000001, ""confidence"": 0.6328204603957797, ""n_samples"": 2}, {""accuracy"": 0.0, ""bin_hi"": 0.8, ""bin_lo"": 0.7000000000000001, ""confidence"": 0.0, ""n_samples"": 0}, {""accuracy"": 1.0, ""bin_hi"": 0.9, ""bin_lo"": 0.8, ""confidence"": 0.8512337109193375, ""n_samples"": 2}, {""accuracy"": 1.0, ""bin_hi"": 1.0, ""bin_lo"": 0.9, ""confidence"": 0.996136102545406, ""n_samples"": 89}], ""ece"": 0.06558308466415473}",0.07800000000042928,success,
elkan_noto,sar-pi0.3-scalesmall,118,"{""base_estimator"": null, ""calibration_method"": ""sigmoid"", ""eps"": 1e-12, ""mode"": ""weighted_retraining"", ""n_cv_folds"": 5}",linear,0.3,0.5,0.5,True,0,,,0.6795090360987581,,,,,0.2125,False,-0.12034883720930231,0.875,1.0,0.9995833333333334,0.9125,0.8292682926829268,0.8953488372093024,0.9990654465749025,0.8541666666666667,0.05697467650370041,0.09646721810524553,"{""buckets"": [{""accuracy"": 0.0071174377224199285, ""bin_hi"": 0.1, ""bin_lo"": 0.0, ""confidence"": 0.003817717222347619, ""n_samples"": 281}, {""accuracy"": 0.9285714285714286, ""bin_hi"": 0.2, ""bin_lo"": 0.1, ""confidence"": 0.16062706425465698, ""n_samples"": 14}, {""accuracy"": 1.0, ""bin_hi"": 0.30000000000000004, ""bin_lo"": 0.2, ""confidence"": 0.2397041290676937, ""n_samples"": 5}, {""accuracy"": 1.0, ""bin_hi"": 0.4, ""bin_lo"": 0.30000000000000004, ""confidence"": 0.34544530642836596, ""n_samples"": 4}, {""accuracy"": 1.0, ""bin_hi"": 0.5, ""bin_lo"": 0.4, ""confidence"": 0.4613159112354764, ""n_samples"": 11}, {""accuracy"": 1.0, ""bin_hi"": 0.6000000000000001, ""bin_lo"": 0.5, ""confidence"": 0.5436889943146905, ""n_samples"": 7}, {""accuracy"": 1.0, ""bin_hi"": 0.7000000000000001, ""bin_lo"": 0.6000000000000001, ""confidence"": 0.6513638078617325, ""n_samples"": 8}, {""accuracy"": 1.0, ""bin_hi"": 0.8, ""bin_lo"": 0.7000000000000001, ""confidence"": 0.7611817110199882, ""n_samples"": 18}, {""accuracy"": 1.0, ""bin_hi"": 0.9, ""bin_lo"": 0.8, ""confidence"": 0.8511771630767475, ""n_samples"": 20}, {""accuracy"": 1.0, ""bin_hi"": 1.0, ""bin_lo"": 0.9, ""confidence"": 0.9592259669132284, ""n_samples"": 32}], ""ece"": 0.09646721810524553}",0.06199999999989814,success,
elkan_noto,sar-pi0.3-scalesmall,119,"{""base_estimator"": null, ""calibration_method"": ""sigmoid"", ""eps"": 1e-12, ""mode"": ""weighted_retraining"", ""n_cv_folds"": 5}",linear,0.3,0.5,0.5,True,0,,,0.7192828913917727,,,,,0.2375,False,-0.09657738095238094,0.859375,1.0,0.9995833333333334,0.9375,0.8837209302325582,0.8809523809523809,0.9990823444232535,0.8958333333333333,0.04388842918466533,0.07498147975785269,"{""buckets"": [{""accuracy"": 0.014084507042253521, ""bin_hi"": 0.1, ""bin_lo"": 0.0, ""confidence"": 0.0018861959075849558, ""n_samples"": 284}, {""accuracy"": 1.0, ""bin_hi"": 0.2, ""bin_lo"": 0.1, ""confidence"": 0.15172034081497254, ""n_samples"": 5}, {""accuracy"": 1.0, ""bin_hi"": 0.30000000000000004, ""bin_lo"": 0.2, ""confidence"": 0.27078146449041746, ""n_samples"": 4}, {""accuracy"": 1.0, ""bin_hi"": 0.4, ""bin_lo"": 0.30000000000000004, ""confidence"": 0.33727968792712787, ""n_samples"": 7}, {""accuracy"": 1.0, ""bin_hi"": 0.5, ""bin_lo"": 0.4, ""confidence"": 0.4348195567642376, ""n_samples"": 5}, {""accuracy"": 1.0, ""bin_hi"": 0.6000000000000001, ""bin_lo"": 0.5, ""confidence"": 0.5591263336259809, ""n_samples"": 8}, {""accuracy"": 1.0, ""bin_hi"": 0.7000000000000001, ""bin_lo"": 0.6000000000000001, ""confidence"": 0.6290308125736294, ""n_samples"": 7}, {""accuracy"": 1.0, ""bin_hi"": 0.8, ""bin_lo"": 0.7000000000000001, ""confidence"": 0.7490281010837838, ""n_samples"": 9}, {""accuracy"": 1.0, ""bin_hi"": 0.9, ""bin_lo"": 0.8, ""confidence"": 0.84996820078311, ""n_samples"": 13}, {""accuracy"": 1.0, ""bin_hi"": 1.0, ""bin_lo"": 0.9, ""confidence"": 0.9728944727724043, ""n_samples"": 58}], ""ece"": 0.07498147975785269}",0.06199999999989814,success,
elkan_noto,sar-pi0.3-scalemid,100,"{""base_estimator"": null, ""calibration_method"": ""sigmoid"", ""eps"": 1e-12, ""mode"": ""weighted_retraining"", ""n_cv_folds"": 5}",linear,0.3,0.5,0.5,True,0,,,0.7548545099623553,,,,,0.2085,False,-0.13322398610103683,0.8697068403908795,1.0,0.9987702380952381,0.9085,0.8200589970501475,0.9113998818665091,0.9975982869561912,0.8474999999999999,0.07192904203885263,0.09177814514444319,"{""buckets"": [{""accuracy"": 0.06354515050167224, ""bin_hi"": 0.1, ""bin_lo"": 0.0, ""confidence"": 0.001703119617620742, ""n_samples"": 1495}, {""accuracy"": 1.0, ""bin_hi"": 0.2, ""bin_lo"": 0.1, ""confidence"": 0.1428467754753474, ""n_samples"": 29}, {""accuracy"": 1.0, ""bin_hi"": 0.30000000000000004, ""bin_lo"": 0.2, ""confidence"": 0.2443903609625693, ""n_samples"": 15}, {""accuracy"": 1.0, ""bin_hi"": 0.4, ""bin_lo"": 0.30000000000000004, ""confidence"": 0.35065113354029426, ""n_samples"": 19}, {""accuracy"": 1.0, ""bin_hi"": 0.5, ""bin_lo"": 0.4, ""confidence"": 0.44372706954904517, ""n_samples"": 25}, {""accuracy"": 1.0, ""bin_hi"": 0.6000000000000001, ""bin_lo"": 0.5, ""confidence"": 0.5399995903581415, ""n_samples"": 19}, {""accuracy"": 1.0, ""bin_hi"": 0.7000000000000001, ""bin_lo"": 0.6000000000000001, ""confidence"": 0.6539174613367974, ""n_samples"": 13}, {""accuracy"": 1.0, ""bin_hi"": 0.8, ""bin_lo"": 0.7000000000000001, ""confidence"": 0.7574365591016536, ""n_samples"": 26}, {""accuracy"": 1.0, ""bin_hi"": 0.9, ""bin_lo"": 0.8, ""confidence"": 0.8569777682747157, ""n_samples"": 30}, {""accuracy"": 1.0, ""bin_hi"": 1.0, ""bin_lo"": 0.9, ""confidence"": 0.985319096974127, ""n_samples"": 329}], ""ece"": 0.09177814514444319}",0.09400000000005093,success,
elkan_noto,sar-pi0.3-scalemid,101,"{""base_estimator"": null, ""calibration_method"": ""sigmoid"", ""eps"": 1e-12, ""mode"": ""weighted_retraining"", ""n_cv_folds"": 5}",linear,0.3,0.5,0.5,True,0,,,0.711420722325976,,,,,0.207,False,-0.08677566564890507,0.8204225352112676,1.0,0.9994392857142856,0.907,0.8165680473372781,0.8945221445221445,0.9987027958805431,0.845,0.07241195244586043,0.0933969780118193,"{""buckets"": [{""accuracy"": 0.06166219839142091, ""bin_hi"": 0.1, ""bin_lo"": 0.0, ""confidence"": 0.0016187357460641886, ""n_samples"": 1492}, {""accuracy"": 1.0, ""bin_hi"": 0.2, ""bin_lo"": 0.1, ""confidence"": 0.14831030608884974, ""n_samples"": 29}, {""accuracy"": 1.0, ""bin_hi"": 0.30000000000000004, ""bin_lo"": 0.2, ""confidence"": 0.2510741188811662, ""n_samples"": 22}, {""accuracy"": 1.0, ""bin_hi"": 0.4, ""bin_lo"": 0.30000000000000004, ""confidence"": 0.34644927651852614, ""n_samples"": 22}, {""accuracy"": 1.0, ""bin_hi"": 0.5, ""bin_lo"": 0.4, ""confidence"": 0.43790129514528636, ""n_samples"": 21}, {""accuracy"": 1.0, ""bin_hi"": 0.6000000000000001, ""bin_lo"": 0.5, ""confidence"": 0.5361360826336127, ""n_samples"": 13}, {""accuracy"": 1.0, ""bin_hi"": 0.7000000000000001, ""bin_lo"": 0.6000000000000001, ""confidence"": 0.6550345099345424, ""n_samples"": 21}, {""accuracy"": 1.0, ""bin_hi"": 0.8, ""bin_lo"": 0.7000000000000001, ""confidence"": 0.7610680789952897, ""n_samples"": 24}, {""accuracy"": 1.0, ""bin_hi"": 0.9, ""bin_lo"": 0.8, ""confidence"": 0.8546910493916249, ""n_samples"": 38}, {""accuracy"": 1.0, ""bin_hi"": 1.0, ""bin_lo"": 0.9, ""confidence"": 0.9832674902961689, ""n_samples"": 318}], ""ece"": 0.0933969780118193}",0.06300000000010186,success,
elkan_noto,sar-pi0.3-scalemid,102,"{""base_estimator"": null, ""calibration_method"": ""sigmoid"", ""eps"": 1e-12, ""mode"": ""weighted_retraining"", ""n_cv_folds"": 5}",linear,0.3,0.5,0.5,True,0,,,0.7518421648978773,,,,,0.2175,False,-0.13634873533983327,0.8825396825396825,1.0,0.9990988095238096,0.9175,0.8405797101449275,0.9068249258160237,0.9981057844150693,0.8625,0.07354402242030769,0.08173974720624227,"{""buckets"": [{""accuracy"": 0.07834101382488479, ""bin_hi"": 0.1, ""bin_lo"": 0.0, ""confidence"": 0.0006552157409650033, ""n_samples"": 1519}, {""accuracy"": 1.0, ""bin_hi"": 0.2, ""bin_lo"": 0.1, ""confidence"": 0.14756473002651965, ""n_samples"": 21}, {""accuracy"": 1.0, ""bin_hi"": 0.30000000000000004, ""bin_lo"": 0.2, ""confidence"": 0.24189906001863917, ""n_samples"": 12}, {""accuracy"": 1.0, ""bin_hi"": 0.4, ""bin_lo"": 0.30000000000000004, ""confidence"": 0.3481753765237659, ""n_samples"": 7}, {""accuracy"": 1.0, ""bin_hi"": 0.5, ""bin_lo"": 0.4, ""confidence"": 0.46305464964003423, ""n_samples"": 6}, {""accuracy"": 1.0, ""bin_hi"": 0.6000000000000001, ""bin_lo"": 0.5, ""confidence"": 0.5435730009933485, ""n_samples"": 7}, {""accuracy"": 1.0, ""bin_hi"": 0.7000000000000001, ""bin_lo"": 0.6000000000000001, ""confidence"": 0.6507726931493616, ""n_samples"": 7}, {""accuracy"": 1.0, ""bin_hi"": 0.8, ""bin_lo"": 0.7000000000000001, ""confidence"": 0.7764943216416124, ""n_samples"": 10}, {""accuracy"": 1.0, ""bin_hi"": 0.9, ""bin_lo"": 0.8, ""confidence"": 0.8497743108478591, ""n_samples"": 10}, {""accuracy"": 1.0, ""bin_hi"": 1.0, ""bin_lo"": 0.9, ""confidence"": 0.9967205065057576, ""n_samples"": 401}], ""ece"": 0.08173974720624227}",0.07800000000042928,success,
elkan_noto,sar-pi0.3-scalemid,103,"{""base_estimator"": null, ""calibration_method"": ""sigmoid"", ""eps"": 1e-12, ""mode"": ""weighted_retraining"", ""n_cv_folds"": 5}",linear,0.3,0.5,0.5,True,0,,,0.7232030012833673,,,,,0.21,False,-0.12233461886146835,0.8685121107266436,1.0,0.9992071428571428,0.91,0.8235294117647058,0.9012273524254821,0.9984410206672857,0.85,0.06616388304937203,0.09573934398048646,"{""buckets"": [{""accuracy"": 0.04505119453924915, ""bin_hi"": 0.1, ""bin_lo"": 0.0, ""confidence"": 0.0023218583623188867, ""n_samples"": 1465}, {""accuracy"": 0.972972972972973, ""bin_hi"": 0.2, ""bin_lo"": 0.1, ""confidence"": 0.1438809134529415, ""n_samples"": 37}, {""accuracy"": 1.0, ""bin_hi"": 0.30000000000000004, ""bin_lo"": 0.2, ""confidence"": 0.2534597247070859, ""n_samples"": 24}, {""accuracy"": 1.0, ""bin_hi"": 0.4, ""bin_lo"": 0.30000000000000004, ""confidence"": 0.3494528324771627, ""n_samples"": 27}, {""accuracy"": 1.0, ""bin_hi"": 0.5, ""bin_lo"": 0.4, ""confidence"": 0.45371618945923187, ""n_samples"": 27}, {""accuracy"": 1.0, ""bin_hi"": 0.6000000000000001, ""bin_lo"": 0.5, ""confidence"": 0.5545352743696259, ""n_samples"": 23}, {""accuracy"": 1.0, ""bin_hi"": 0.7000000000000001, ""bin_lo"": 0.6000000000000001, ""confidence"": 0.6498918151736309, ""n_samples"": 37}, {""accuracy"": 1.0, ""bin_hi"": 0.8, ""bin_lo"": 0.7000000000000001, ""confidence"": 0.7513305072340297, ""n_samples"": 36}, {""accuracy"": 1.0, ""bin_hi"": 0.9, ""bin_lo"": 0.8, ""confidence"": 0.8544870224891216, ""n_samples"": 56}, {""accuracy"": 1.0, ""bin_hi"": 1.0, ""bin_lo"": 0.9, ""confidence"": 0.9713735774756593, ""n_samples"": 268}], ""ece"": 0.09573934398048646}",0.09400000000005093,success,
elkan_noto,sar-pi0.3-scalemid,104,"{""base_estimator"": null, ""calibration_method"": ""sigmoid"", ""eps"": 1e-12, ""mode"": ""weighted_retraining"", ""n_cv_folds"": 5}",linear,0.3,0.5,0.5,True,0,,,0.7218559895473539,,,,,0.216,False,-0.10779088948103033,0.8547297297297297,1.0,0.9986440476190476,0.916,0.8372093023255814,0.8949530516431925,0.9970370901910128,0.86,0.06373106488287154,0.09072402903832205,"{""buckets"": [{""accuracy"": 0.045081967213114756, ""bin_hi"": 0.1, ""bin_lo"": 0.0, ""confidence"": 0.0019994745832096995, ""n_samples"": 1464}, {""accuracy"": 0.9629629629629629, ""bin_hi"": 0.2, ""bin_lo"": 0.1, ""confidence"": 0.14092714934971756, ""n_samples"": 27}, {""accuracy"": 0.967741935483871, ""bin_hi"": 0.30000000000000004, ""bin_lo"": 0.2, ""confidence"": 0.2505497259355128, ""n_samples"": 31}, {""accuracy"": 1.0, ""bin_hi"": 0.4, ""bin_lo"": 0.30000000000000004, ""confidence"": 0.3488491637120021, ""n_samples"": 26}, {""accuracy"": 1.0, ""bin_hi"": 0.5, ""bin_lo"": 0.4, ""confidence"": 0.4487447495268665, ""n_samples"": 20}, {""accuracy"": 1.0, ""bin_hi"": 0.6000000000000001, ""bin_lo"": 0.5, ""confidence"": 0.5426797828042971, ""n_samples"": 21}, {""accuracy"": 1.0, ""bin_hi"": 0.7000000000000001, ""bin_lo"": 0.6000000000000001, ""confidence"": 0.6534949485158598, ""n_samples"": 36}, {""accuracy"": 1.0, ""bin_hi"": 0.8, ""bin_lo"": 0.7000000000000001, ""confidence"": 0.7554845581496024, ""n_samples"": 32}, {""accuracy"": 1.0, ""bin_hi"": 0.9, ""bin_lo"": 0.8, ""confidence"": 0.8466191992255484, ""n_samples"": 60}, {""accuracy"": 1.0, ""bin_hi"": 1.0, ""bin_lo"": 0.9, ""confidence"": 0.9756639998242503, ""n_samples"": 283}], ""ece"": 0.09072402903832205}",0.0929999999998472,success,
elkan_noto,sar-pi0.3-scalemid,105,"{""base_estimator"": null, ""calibration_method"": ""sigmoid"", ""eps"": 1e-12, ""mode"": ""weighted_retraining"", ""n_cv_folds"": 5}",linear,0.3,0.5,0.5,True,0,,,0.7108468347144311,,,,,0.2185,False,-0.11927816954510082,0.8762886597938144,1.0,0.9994297619047618,0.9185,0.8428158148505304,0.8935049736688122,0.9986602171839746,0.8641666666666667,0.058352622156049805,0.08960191694723559,"{""buckets"": [{""accuracy"": 0.032525951557093424, ""bin_hi"": 0.1, ""bin_lo"": 0.0, ""confidence"": 0.002350608021524063, ""n_samples"": 1445}, {""accuracy"": 1.0, ""bin_hi"": 0.2, ""bin_lo"": 0.1, ""confidence"": 0.14128869678546443, ""n_samples"": 34}, {""accuracy"": 0.9333333333333333, ""bin_hi"": 0.30000000000000004, ""bin_lo"": 0.2, ""confidence"": 0.2530425285080036, ""n_samples"": 30}, {""accuracy"": 1.0, ""bin_hi"": 0.4, ""bin_lo"": 0.30000000000000004, ""confidence"": 0.3546884825708984, ""n_samples"": 23}, {""accuracy"": 1.0, ""bin_hi"": 0.5, ""bin_lo"": 0.4, ""confidence"": 0.4555371323092651, ""n_samples"": 31}, {""accuracy"": 1.0, ""bin_hi"": 0.6000000000000001, ""bin_lo"": 0.5, ""confidence"": 0.5443622285746602, ""n_samples"": 26}, {""accuracy"": 1.0, ""bin_hi"": 0.7000000000000001, ""bin_lo"": 0.6000000000000001, ""confidence"": 0.6544835348064397, ""n_samples"": 32}, {""accuracy"": 1.0, ""bin_hi"": 0.8, ""bin_lo"": 0.7000000000000001, ""confidence"": 0.7490618347951092, ""n_samples"": 47}, {""accuracy"": 1.0, ""bin_hi"": 0.9, ""bin_lo"": 0.8, ""confidence"": 0.8519334485371791, ""n_samples"": 75}, {""accuracy"": 1.0, ""bin_hi"": 1.0, ""bin_lo"": 0.9, ""confidence"": 0.9670317269858248, ""n_samples"": 257}], ""ece"": 0.08960191694723559}",0.07800000000042928,success,
elkan_noto,sar-pi0.3-scalemid,106,"{""base_estimator"": null, ""calibration_method"": ""sigmoid"", ""eps"": 1e-12, ""mode"": ""weighted_retraining"", ""n_cv_folds"": 5}",linear,0.3,0.5,0.5,True,0,,,0.7390752415273062,,,,,0.2195,False,-0.13040956150156516,0.8827361563517915,1.0,0.9987630952380953,0.9195,0.8450433108758422,0.9007678676904902,0.9971807211144684,0.8658333333333333,0.07755387019871866,0.08150796378375863,"{""buckets"": [{""accuracy"": 0.0967741935483871, ""bin_hi"": 0.1, ""bin_lo"": 0.0, ""confidence"": 0.0006720830915731651, ""n_samples"": 1550}, {""accuracy"": 1.0, ""bin_hi"": 0.2, ""bin_lo"": 0.1, ""confidence"": 0.15260350065598244, ""n_samples"": 4}, {""accuracy"": 0.0, ""bin_hi"": 0.30000000000000004, ""bin_lo"": 0.2, ""confidence"": 0.0, ""n_samples"": 0}, {""accuracy"": 1.0, ""bin_hi"": 0.4, ""bin_lo"": 0.30000000000000004, ""confidence"": 0.3534130718076847, ""n_samples"": 5}, {""accuracy"": 1.0, ""bin_hi"": 0.5, ""bin_lo"": 0.4, ""confidence"": 0.4482661024235284, ""n_samples"": 2}, {""accuracy"": 1.0, ""bin_hi"": 0.6000000000000001, ""bin_lo"": 0.5, ""confidence"": 0.5544040388021867, ""n_samples"": 1}, {""accuracy"": 1.0, ""bin_hi"": 0.7000000000000001, ""bin_lo"": 0.6000000000000001, ""confidence"": 0.647838818928547, ""n_samples"": 5}, {""accuracy"": 1.0, ""bin_hi"": 0.8, ""bin_lo"": 0.7000000000000001, ""confidence"": 0.7236709765826114, ""n_samples"": 4}, {""accuracy"": 1.0, ""bin_hi"": 0.9, ""bin_lo"": 0.8, ""confidence"": 0.8407048738629995, ""n_samples"": 11}, {""accuracy"": 1.0, ""bin_hi"": 1.0, ""bin_lo"": 0.9, ""confidence"": 0.9969672163200157, ""n_samples"": 418}], ""ece"": 0.08150796378375863}",0.07800000000042928,success,
elkan_noto,sar-pi0.3-scalemid,107,"{""base_estimator"": null, ""calibration_method"": ""sigmoid"", ""eps"": 1e-12, ""mode"": ""weighted_retraining"", ""n_cv_folds"": 5}",linear,0.3,0.5,0.5,True,0,,,0.7269770901392643,,,,,0.2165,False,-0.11739730099761567,0.8719723183391004,1.0,0.999195238095238,0.9165,0.8383349467570184,0.8942139099941555,0.9982139746123693,0.8608333333333333,0.08176046343887972,0.08418854091177631,"{""buckets"": [{""accuracy"": 0.10198845413726748, ""bin_hi"": 0.1, ""bin_lo"": 0.0, ""confidence"": 0.00017543065396019098, ""n_samples"": 1559}, {""accuracy"": 1.0, ""bin_hi"": 0.2, ""bin_lo"": 0.1, ""confidence"": 0.16348411875413926, ""n_samples"": 2}, {""accuracy"": 1.0, ""bin_hi"": 0.30000000000000004, ""bin_lo"": 0.2, ""confidence"": 0.278742883690832, ""n_samples"": 1}, {""accuracy"": 1.0, ""bin_hi"": 0.4, ""bin_lo"": 0.30000000000000004, ""confidence"": 0.3466859325011782, ""n_samples"": 2}, {""accuracy"": 1.0, ""bin_hi"": 0.5, ""bin_lo"": 0.4, ""confidence"": 0.4477834750395256, ""n_samples"": 3}, {""accuracy"": 1.0, ""bin_hi"": 0.6000000000000001, ""bin_lo"": 0.5, ""confidence"": 0.5294330222416781, ""n_samples"": 3}, {""accuracy"": 1.0, ""bin_hi"": 0.7000000000000001, ""bin_lo"": 0.6000000000000001, ""confidence"": 0.6331463558289753, ""n_samples"": 3}, {""accuracy"": 1.0, ""bin_hi"": 0.8, ""bin_lo"": 0.7000000000000001, ""confidence"": 0.750136668289815, ""n_samples"": 3}, {""accuracy"": 1.0, ""bin_hi"": 0.9, ""bin_lo"": 0.8, ""confidence"": 0.8739868664471941, ""n_samples"": 5}, {""accuracy"": 1.0, ""bin_hi"": 1.0, ""bin_lo"": 0.9, ""confidence"": 0.9990427348550979, ""n_samples"": 419}], ""ece"": 0.08418854091177631}",0.06199999999989814,success,
elkan_noto,sar-pi0.3-scalemid,108,"{""base_estimator"": null, ""calibration_method"": ""sigmoid"", ""eps"": 1e-12, ""mode"": ""weighted_retraining"", ""n_cv_folds"": 5}",linear,0.3,0.5,0.5,True,0,,,0.7288842906190481,,,,,0.2155,False,-0.11164705882352938,0.8566666666666667,1.0,0.9992285714285715,0.9155,0.8360814742967992,0.8976470588235295,0.9983239577815909,0.8591666666666666,0.07245245717472025,0.08491210662309591,"{""buckets"": [{""accuracy"": 0.07712590639419907, ""bin_hi"": 0.1, ""bin_lo"": 0.0, ""confidence"": 0.0017640527003267772, ""n_samples"": 1517}, {""accuracy"": 1.0, ""bin_hi"": 0.2, ""bin_lo"": 0.1, ""confidence"": 0.13798576188691405, ""n_samples"": 13}, {""accuracy"": 1.0, ""bin_hi"": 0.30000000000000004, ""bin_lo"": 0.2, ""confidence"": 0.24097177444001142, ""n_samples"": 15}, {""accuracy"": 1.0, ""bin_hi"": 0.4, ""bin_lo"": 0.30000000000000004, ""confidence"": 0.3521202843404055, ""n_samples"": 17}, {""accuracy"": 1.0, ""bin_hi"": 0.5, ""bin_lo"": 0.4, ""confidence"": 0.4528691187530386, ""n_samples"": 7}, {""accuracy"": 1.0, ""bin_hi"": 0.6000000000000001, ""bin_lo"": 0.5, ""confidence"": 0.5452271242169042, ""n_samples"": 13}, {""accuracy"": 1.0, ""bin_hi"": 0.7000000000000001, ""bin_lo"": 0.6000000000000001, ""confidence"": 0.639648125810039, ""n_samples"": 12}, {""accuracy"": 1.0, ""bin_hi"": 0.8, ""bin_lo"": 0.7000000000000001, ""confidence"": 0.7527317137685319, ""n_samples"": 14}, {""accuracy"": 1.0, ""bin_hi"": 0.9, ""bin_lo"": 0.8, ""confidence"": 0.8650204312591555, ""n_samples"": 12}, {""accuracy"": 1.0, ""bin_hi"": 1.0, ""bin_lo"": 0.9, ""confidence"": 0.992770998233723, ""n_samples"": 380}], ""ece"": 0.08491210662309591}",0.09400000000005093,success,
elkan_noto,sar-pi0.3-scalemid,109,"{""base_estimator"": null, ""calibration_method"": ""sigmoid"", ""eps"": 1e-12, ""mode"": ""weighted_retraining"", ""n_cv_folds"": 5}",linear,0.3,0.5,0.5,True,0,,,0.7353570479412573,,,,,0.223,False,-0.1336018324107654,0.8903225806451613,1.0,0.9992464285714286,0.923,0.8527724665391969,0.8994082840236687,0.9984208860245761,0.8716666666666666,0.06728052360668663,0.07978570060210102,"{""buckets"": [{""accuracy"": 0.07223326706428099, ""bin_hi"": 0.1, ""bin_lo"": 0.0, ""confidence"": 0.001291088881668083, ""n_samples"": 1509}, {""accuracy"": 1.0, ""bin_hi"": 0.2, ""bin_lo"": 0.1, ""confidence"": 0.1412218239528848, ""n_samples"": 16}, {""accuracy"": 1.0, ""bin_hi"": 0.30000000000000004, ""bin_lo"": 0.2, ""confidence"": 0.23833904113625637, ""n_samples"": 9}, {""accuracy"": 1.0, ""bin_hi"": 0.4, ""bin_lo"": 0.30000000000000004, ""confidence"": 0.341491534452694, ""n_samples"": 10}, {""accuracy"": 1.0, ""bin_hi"": 0.5, ""bin_lo"": 0.4, ""confidence"": 0.4515192760288665, ""n_samples"": 10}, {""accuracy"": 1.0, ""bin_hi"": 0.6000000000000001, ""bin_lo"": 0.5, ""confidence"": 0.535047971256359, ""n_samples"": 5}, {""accuracy"": 1.0, ""bin_hi"": 0.7000000000000001, ""bin_lo"": 0.6000000000000001, ""confidence"": 0.6546522394871205, ""n_samples"": 16}, {""accuracy"": 1.0, ""bin_hi"": 0.8, ""bin_lo"": 0.7000000000000001, ""confidence"": 0.7584342584578713, ""n_samples"": 19}, {""accuracy"": 1.0, ""bin_hi"": 0.9, ""bin_lo"": 0.8, ""confidence"": 0.851369366796208, ""n_samples"": 28}, {""accuracy"": 1.0, ""bin_hi"": 1.0, ""bin_lo"": 0.9, ""confidence"": 0.9913951538254065, ""n_samples"": 378}], ""ece"": 0.07978570060210102}",0.0929999999998472,success,
elkan_noto,sar-pi0.3-scalemid,110,"{""base_estimator"": null, ""calibration_method"": ""sigmoid"", ""eps"": 1e-12, ""mode"": ""weighted_retraining"", ""n_cv_folds"": 5}",linear,0.3,0.5,0.5,True,0,,,0.7193452278792173,,,,,0.2095,False,-0.12159788568239271,0.8697183098591549,1.0,0.9991607142857143,0.9095,0.8223748773307163,0.8997668997668997,0.9982167565839034,0.8491666666666666,0.08482767086811915,0.09060744921978733,"{""buckets"": [{""accuracy"": 0.10141206675224647, ""bin_hi"": 0.1, ""bin_lo"": 0.0, ""confidence"": 0.0007280162190761518, ""n_samples"": 1558}, {""accuracy"": 1.0, ""bin_hi"": 0.2, ""bin_lo"": 0.1, ""confidence"": 0.14932743851377772, ""n_samples"": 6}, {""accuracy"": 1.0, ""bin_hi"": 0.30000000000000004, ""bin_lo"": 0.2, ""confidence"": 0.24319967787227928, ""n_samples"": 5}, {""accuracy"": 1.0, ""bin_hi"": 0.4, ""bin_lo"": 0.30000000000000004, ""confidence"": 0.33989055384271327, ""n_samples"": 5}, {""accuracy"": 1.0, ""bin_hi"": 0.5, ""bin_lo"": 0.4, ""confidence"": 0.44614009926168385, ""n_samples"": 7}, {""accuracy"": 1.0, ""bin_hi"": 0.6000000000000001, ""bin_lo"": 0.5, ""confidence"": 0.5630566273786587, ""n_samples"": 5}, {""accuracy"": 1.0, ""bin_hi"": 0.7000000000000001, ""bin_lo"": 0.6000000000000001, ""confidence"": 0.636916887692722, ""n_samples"": 5}, {""accuracy"": 1.0, ""bin_hi"": 0.8, ""bin_lo"": 0.7000000000000001, ""confidence"": 0.7340614514101964, ""n_samples"": 5}, {""accuracy"": 1.0, ""bin_hi"": 0.9, ""bin_lo"": 0.8, ""confidence"": 0.8604435375595225, ""n_samples"": 15}, {""accuracy"": 1.0, ""bin_hi"": 1.0, ""bin_lo"": 0.9, ""confidence"": 0.9977882465573638, ""n_samples"": 389}], ""ece"": 0.09060744921978733}",0.0929999999998472,success,
elkan_noto,sar-pi0.3-scalemid,111,"{""base_estimator"": null, ""calibration_method"": ""sigmoid"", ""eps"": 1e-12, ""mode"": ""weighted_retraining"", ""n_cv_folds"": 5}",linear,0.3,0.5,0.5,True,0,,,0.7435059669480147,,,,,0.2075,False,-0.12283252621416874,0.8595317725752508,1.0,0.9994869047619047,0.9075,0.8177339901477833,0.9071134626690183,0.9987997322805207,0.8458333333333333,0.07258513511399019,0.09481231979644243,"{""buckets"": [{""accuracy"": 0.05977165883143049, ""bin_hi"": 0.1, ""bin_lo"": 0.0, ""confidence"": 0.0018139947597904788, ""n_samples"": 1489}, {""accuracy"": 1.0, ""bin_hi"": 0.2, ""bin_lo"": 0.1, ""confidence"": 0.14573890777635343, ""n_samples"": 37}, {""accuracy"": 1.0, ""bin_hi"": 0.30000000000000004, ""bin_lo"": 0.2, ""confidence"": 0.2551775970181357, ""n_samples"": 19}, {""accuracy"": 1.0, ""bin_hi"": 0.4, ""bin_lo"": 0.30000000000000004, ""confidence"": 0.3370852772017092, ""n_samples"": 21}, {""accuracy"": 1.0, ""bin_hi"": 0.5, ""bin_lo"": 0.4, ""confidence"": 0.4596506076193283, ""n_samples"": 19}, {""accuracy"": 1.0, ""bin_hi"": 0.6000000000000001, ""bin_lo"": 0.5, ""confidence"": 0.5558496451929172, ""n_samples"": 15}, {""accuracy"": 1.0, ""bin_hi"": 0.7000000000000001, ""bin_lo"": 0.6000000000000001, ""confidence"": 0.6540035579127734, ""n_samples"": 21}, {""accuracy"": 1.0, ""bin_hi"": 0.8, ""bin_lo"": 0.7000000000000001, ""confidence"": 0.7576900334184987, ""n_samples"": 36}, {""accuracy"": 1.0, ""bin_hi"": 0.9, ""bin_lo"": 0.8, ""confidence"": 0.8496249820695485, ""n_samples"": 34}, {""accuracy"": 1.0, ""bin_hi"": 1.0, ""bin_lo"": 0.9, ""confidence"": 0.9818302457126916, ""n_samples"": 309}], ""ece"": 0.09481231979644243}",0.07799999999951979,success,
elkan_noto,sar-pi0.3-scalemid,112,"{""base_estimator"": null, ""calibration_method"": ""sigmoid"", ""eps"": 1e-12, ""mode"": ""weighted_retraining"", ""n_cv_folds"": 5}",linear,0.3,0.5,0.5,True,0,,,0.7275037520165745,,,,,0.214,False,-0.10503527934563761,0.8498293515358362,1.0,0.9994107142857143,0.914,0.8326848249027238,0.8951376684241359,0.998668298867705,0.8566666666666667,0.08321414800372841,0.08690358388775143,"{""buckets"": [{""accuracy"": 0.10141206675224647, ""bin_hi"": 0.1, ""bin_lo"": 0.0, ""confidence"": 0.0004993149137111793, ""n_samples"": 1558}, {""accuracy"": 1.0, ""bin_hi"": 0.2, ""bin_lo"": 0.1, ""confidence"": 0.14957810941899122, ""n_samples"": 7}, {""accuracy"": 1.0, ""bin_hi"": 0.30000000000000004, ""bin_lo"": 0.2, ""confidence"": 0.2018678786295678, ""n_samples"": 1}, {""accuracy"": 1.0, ""bin_hi"": 0.4, ""bin_lo"": 0.30000000000000004, ""confidence"": 0.361384022753169, ""n_samples"": 3}, {""accuracy"": 1.0, ""bin_hi"": 0.5, ""bin_lo"": 0.4, ""confidence"": 0.4413420452047203, ""n_samples"": 3}, {""accuracy"": 1.0, ""bin_hi"": 0.6000000000000001, ""bin_lo"": 0.5, ""confidence"": 0.5375782374928788, ""n_samples"": 7}, {""accuracy"": 1.0, ""bin_hi"": 0.7000000000000001, ""bin_lo"": 0.6000000000000001, ""confidence"": 0.6509758570407751, ""n_samples"": 1}, {""accuracy"": 1.0, ""bin_hi"": 0.8, ""bin_lo"": 0.7000000000000001, ""confidence"": 0.7486127986504428, ""n_samples"": 5}, {""accuracy"": 1.0, ""bin_hi"": 0.9, ""bin_lo"": 0.8, ""confidence"": 0.8702363226520393, ""n_samples"": 5}, {""accuracy"": 1.0, ""bin_hi"": 1.0, ""bin_lo"": 0.9, ""confidence"": 0.9981696039377941, ""n_samples"": 410}], ""ece"": 0.08690358388775143}",0.07800000000042928,success,
elkan_noto,sar-pi0.3-scalemid,113,"{""base_estimator"": null, ""calibration_method"": ""sigmoid"", ""eps"": 1e-12, ""mode"": ""weighted_retraining"", ""n_cv_folds"": 5}",linear,0.3,0.5,0.5,True,0,,,0.7205078192243297,,,,,0.221,False,-0.12175884667860154,0.8791946308724832,1.0,0.9987154761904762,0.921,0.8483685220729367,0.8942420681551116,0.9970093516453216,0.8683333333333334,0.06329244300852922,0.0859557382152194,"{""buckets"": [{""accuracy"": 0.04897959183673469, ""bin_hi"": 0.1, ""bin_lo"": 0.0, ""confidence"": 0.001862160428966395, ""n_samples"": 1470}, {""accuracy"": 1.0, ""bin_hi"": 0.2, ""bin_lo"": 0.1, ""confidence"": 0.14985498449378212, ""n_samples"": 32}, {""accuracy"": 0.9523809523809523, ""bin_hi"": 0.30000000000000004, ""bin_lo"": 0.2, ""confidence"": 0.24854458331546822, ""n_samples"": 21}, {""accuracy"": 1.0, ""bin_hi"": 0.4, ""bin_lo"": 0.30000000000000004, ""confidence"": 0.34913698869282594, ""n_samples"": 20}, {""accuracy"": 0.9333333333333333, ""bin_hi"": 0.5, ""bin_lo"": 0.4, ""confidence"": 0.4607287609413555, ""n_samples"": 15}, {""accuracy"": 1.0, ""bin_hi"": 0.6000000000000001, ""bin_lo"": 0.5, ""confidence"": 0.5430953661486748, ""n_samples"": 29}, {""accuracy"": 1.0, ""bin_hi"": 0.7000000000000001, ""bin_lo"": 0.6000000000000001, ""confidence"": 0.6563316185583682, ""n_samples"": 23}, {""accuracy"": 1.0, ""bin_hi"": 0.8, ""bin_lo"": 0.7000000000000001, ""confidence"": 0.7637847660833637, ""n_samples"": 26}, {""accuracy"": 1.0, ""bin_hi"": 0.9, ""bin_lo"": 0.8, ""confidence"": 0.8535129425067015, ""n_samples"": 47}, {""accuracy"": 1.0, ""bin_hi"": 1.0, ""bin_lo"": 0.9, ""confidence"": 0.9798857278752096, ""n_samples"": 317}], ""ece"": 0.0859557382152194}",0.09400000000005093,success,
elkan_noto,sar-pi0.3-scalemid,114,"{""base_estimator"": null, ""calibration_method"": ""sigmoid"", ""eps"": 1e-12, ""mode"": ""weighted_retraining"", ""n_cv_folds"": 5}",linear,0.3,0.5,0.5,True,0,,,0.7629911739350268,,,,,0.2225,False,-0.15329019321910317,0.9134615384615384,1.0,0.9981565476190476,0.9215,0.8497607655502393,0.9052132701421801,0.9945676267467058,0.8696428571428572,0.0778179661902855,0.0784895181608334,"{""buckets"": [{""accuracy"": 0.09858247422680412, ""bin_hi"": 0.1, ""bin_lo"": 0.0, ""confidence"": 9.524170930021574e-05, ""n_samples"": 1552}, {""accuracy"": 0.0, ""bin_hi"": 0.2, ""bin_lo"": 0.1, ""confidence"": 0.0, ""n_samples"": 0}, {""accuracy"": 1.0, ""bin_hi"": 0.30000000000000004, ""bin_lo"": 0.2, ""confidence"": 0.2694575550178315, ""n_samples"": 1}, {""accuracy"": 1.0, ""bin_hi"": 0.4, ""bin_lo"": 0.30000000000000004, ""confidence"": 0.30926592686372867, ""n_samples"": 1}, {""accuracy"": 1.0, ""bin_hi"": 0.5, ""bin_lo"": 0.4, ""confidence"": 0.4262651476647924, ""n_samples"": 1}, {""accuracy"": 1.0, ""bin_hi"": 0.6000000000000001, ""bin_lo"": 0.5, ""confidence"": 0.5753376425050093, ""n_samples"": 1}, {""accuracy"": 1.0, ""bin_hi"": 0.7000000000000001, ""bin_lo"": 0.6000000000000001, ""confidence"": 0.609639086198148, ""n_samples"": 2}, {""accuracy"": 1.0, ""bin_hi"": 0.8, ""bin_lo"": 0.7000000000000001, ""confidence"": 0.7654028770443496, ""n_samples"": 1}, {""accuracy"": 1.0, ""bin_hi"": 0.9, ""bin_lo"": 0.8, ""confidence"": 0.8418598332876538, ""n_samples"": 1}, {""accuracy"": 0.9977272727272727, ""bin_hi"": 1.0, ""bin_lo"": 0.9, ""confidence"": 0.9989402695665464, ""n_samples"": 440}], ""ece"": 0.0784895181608334}",0.06300000000010186,success,
elkan_noto,sar-pi0.3-scalemid,115,"{""base_estimator"": null, ""calibration_method"": ""sigmoid"", ""eps"": 1e-12, ""mode"": ""weighted_retraining"", ""n_cv_folds"": 5}",linear,0.3,0.5,0.5,True,0,,,0.7356734624716362,,,,,0.2145,False,-0.12120158887785498,0.8651315789473685,1.0,0.9990000000000001,0.9145,0.8338192419825073,0.902122641509434,0.9978645938359911,0.8574999999999999,0.06417112899751586,0.088962170467646,"{""buckets"": [{""accuracy"": 0.04439890710382514, ""bin_hi"": 0.1, ""bin_lo"": 0.0, ""confidence"": 0.0012814783172863098, ""n_samples"": 1464}, {""accuracy"": 0.9722222222222222, ""bin_hi"": 0.2, ""bin_lo"": 0.1, ""confidence"": 0.14571058835319142, ""n_samples"": 36}, {""accuracy"": 1.0, ""bin_hi"": 0.30000000000000004, ""bin_lo"": 0.2, ""confidence"": 0.2550048032884506, ""n_samples"": 28}, {""accuracy"": 1.0, ""bin_hi"": 0.4, ""bin_lo"": 0.30000000000000004, ""confidence"": 0.35411041510637503, ""n_samples"": 17}, {""accuracy"": 1.0, ""bin_hi"": 0.5, ""bin_lo"": 0.4, ""confidence"": 0.4536511326059683, ""n_samples"": 26}, {""accuracy"": 1.0, ""bin_hi"": 0.6000000000000001, ""bin_lo"": 0.5, ""confidence"": 0.5488837462430263, ""n_samples"": 23}, {""accuracy"": 1.0, ""bin_hi"": 0.7000000000000001, ""bin_lo"": 0.6000000000000001, ""confidence"": 0.656495574546792, ""n_samples"": 22}, {""accuracy"": 1.0, ""bin_hi"": 0.8, ""bin_lo"": 0.7000000000000001, ""confidence"": 0.7478184132607617, ""n_samples"": 26}, {""accuracy"": 1.0, ""bin_hi"": 0.9, ""bin_lo"": 0.8, ""confidence"": 0.853750785800901, ""n_samples"": 62}, {""accuracy"": 1.0, ""bin_hi"": 1.0, ""bin_lo"": 0.9, ""confidence"": 0.9816080958202401, ""n_samples"": 296}], ""ece"": 0.088962170467646}",0.06300000000010186,success,
elkan_noto,sar-pi0.3-scalemid,116,"{""base_estimator"": null, ""calibration_method"": ""sigmoid"", ""eps"": 1e-12, ""mode"": ""weighted_retraining"", ""n_cv_folds"": 5}",linear,0.3,0.5,0.5,True,0,,,0.7337630358720303,,,,,0.2195,False,-0.11075580786591505,0.8553054662379421,1.0,0.999697619047619,0.9195,0.8450433108758422,0.8975725281231498,0.9992877634518064,0.8658333333333333,0.06778359733854797,0.08003028250838887,"{""buckets"": [{""accuracy"": 0.06976744186046512, ""bin_hi"": 0.1, ""bin_lo"": 0.0, ""confidence"": 0.0008845500992317217, ""n_samples"": 1505}, {""accuracy"": 1.0, ""bin_hi"": 0.2, ""bin_lo"": 0.1, ""confidence"": 0.1372197675620418, ""n_samples"": 16}, {""accuracy"": 1.0, ""bin_hi"": 0.30000000000000004, ""bin_lo"": 0.2, ""confidence"": 0.24357432824956451, ""n_samples"": 12}, {""accuracy"": 1.0, ""bin_hi"": 0.4, ""bin_lo"": 0.30000000000000004, ""confidence"": 0.367540957641436, ""n_samples"": 13}, {""accuracy"": 1.0, ""bin_hi"": 0.5, ""bin_lo"": 0.4, ""confidence"": 0.4549408062359865, ""n_samples"": 15}, {""accuracy"": 1.0, ""bin_hi"": 0.6000000000000001, ""bin_lo"": 0.5, ""confidence"": 0.5401588563673972, ""n_samples"": 10}, {""accuracy"": 1.0, ""bin_hi"": 0.7000000000000001, ""bin_lo"": 0.6000000000000001, ""confidence"": 0.6383199918776469, ""n_samples"": 7}, {""accuracy"": 1.0, ""bin_hi"": 0.8, ""bin_lo"": 0.7000000000000001, ""confidence"": 0.7456866152463327, ""n_samples"": 15}, {""accuracy"": 1.0, ""bin_hi"": 0.9, ""bin_lo"": 0.8, ""confidence"": 0.8478552281017756, ""n_samples"": 22}, {""accuracy"": 1.0, ""bin_hi"": 1.0, ""bin_lo"": 0.9, ""confidence"": 0.9926745235513272, ""n_samples"": 385}], ""ece"": 0.08003028250838887}",0.06300000000010186,success,
elkan_noto,sar-pi0.3-scalemid,117,"{""base_estimator"": null, ""calibration_method"": ""sigmoid"", ""eps"": 1e-12, ""mode"": ""weighted_retraining"", ""n_cv_folds"": 5}",linear,0.3,0.5,0.5,True,0,,,0.7541965226560585,,,,,0.224,False,-0.14031645010165295,0.8919753086419753,1.0,0.9992369047619047,0.924,0.8549618320610687,0.9051312649164678,0.998237171239566,0.8733333333333333,0.05667479483384215,0.081882288000457,"{""buckets"": [{""accuracy"": 0.03848797250859107, ""bin_hi"": 0.1, ""bin_lo"": 0.0, ""confidence"": 0.0020382546648271428, ""n_samples"": 1455}, {""accuracy"": 1.0, ""bin_hi"": 0.2, ""bin_lo"": 0.1, ""confidence"": 0.1507333623388343, ""n_samples"": 23}, {""accuracy"": 0.9714285714285714, ""bin_hi"": 0.30000000000000004, ""bin_lo"": 0.2, ""confidence"": 0.25012293336687225, ""n_samples"": 35}, {""accuracy"": 1.0, ""bin_hi"": 0.4, ""bin_lo"": 0.30000000000000004, ""confidence"": 0.3458402446723682, ""n_samples"": 23}, {""accuracy"": 1.0, ""bin_hi"": 0.5, ""bin_lo"": 0.4, ""confidence"": 0.4687067687847972, ""n_samples"": 16}, {""accuracy"": 1.0, ""bin_hi"": 0.6000000000000001, ""bin_lo"": 0.5, ""confidence"": 0.5397749554152271, ""n_samples"": 20}, {""accuracy"": 1.0, ""bin_hi"": 0.7000000000000001, ""bin_lo"": 0.6000000000000001, ""confidence"": 0.6554848785407179, ""n_samples"": 33}, {""accuracy"": 1.0, ""bin_hi"": 0.8, ""bin_lo"": 0.7000000000000001, ""confidence"": 0.760070069687566, ""n_samples"": 28}, {""accuracy"": 1.0, ""bin_hi"": 0.9, ""bin_lo"": 0.8, ""confidence"": 0.8497462608177989, ""n_samples"": 54}, {""accuracy"": 1.0, ""bin_hi"": 1.0, ""bin_lo"": 0.9, ""confidence"": 0.9776364197972727, ""n_samples"": 313}], ""ece"": 0.081882288000457}",0.06300000000010186,success,
elkan_noto,sar-pi0.3-scalemid,118,"{""base_estimator"": null, ""calibration_method"": ""sigmoid"", ""eps"": 1e-12, ""mode"": ""weighted_retraining"", ""n_cv_folds"": 5}",linear,0.3,0.5,0.5,True,0,,,0.7276727743133393,,,,,0.2105,False,-0.12230406417261985,0.8668941979522184,1.0,0.9996059523809524,0.9105,0.8246816846229187,0.9021675454012889,0.9990841123728522,0.8508333333333333,0.06280813307881017,0.09614982424026342,"{""buckets"": [{""accuracy"": 0.031163434903047092, ""bin_hi"": 0.1, ""bin_lo"": 0.0, ""confidence"": 0.0020699589480245623, ""n_samples"": 1444}, {""accuracy"": 0.9767441860465116, ""bin_hi"": 0.2, ""bin_lo"": 0.1, ""confidence"": 0.1387926145036682, ""n_samples"": 43}, {""accuracy"": 1.0, ""bin_hi"": 0.30000000000000004, ""bin_lo"": 0.2, ""confidence"": 0.2555388342429558, ""n_samples"": 28}, {""accuracy"": 1.0, ""bin_hi"": 0.4, ""bin_lo"": 0.30000000000000004, ""confidence"": 0.34824858463266334, ""n_samples"": 24}, {""accuracy"": 1.0, ""bin_hi"": 0.5, ""bin_lo"": 0.4, ""confidence"": 0.45158834381582197, ""n_samples"": 40}, {""accuracy"": 1.0, ""bin_hi"": 0.6000000000000001, ""bin_lo"": 0.5, ""confidence"": 0.5476090231188749, ""n_samples"": 32}, {""accuracy"": 1.0, ""bin_hi"": 0.7000000000000001, ""bin_lo"": 0.6000000000000001, ""confidence"": 0.6498901513524492, ""n_samples"": 34}, {""accuracy"": 1.0, ""bin_hi"": 0.8, ""bin_lo"": 0.7000000000000001, ""confidence"": 0.755420097394878, ""n_samples"": 51}, {""accuracy"": 1.0, ""bin_hi"": 0.9, ""bin_lo"": 0.8, ""confidence"": 0.8492057734981051, ""n_samples"": 64}, {""accuracy"": 1.0, ""bin_hi"": 1.0, ""bin_lo"": 0.9, ""confidence"": 0.9694638036476818, ""n_samples"": 240}], ""ece"": 0.09614982424026342}",0.06300000000010186,success,
elkan_noto,sar-pi0.3-scalemid,119,"{""base_estimator"": null, ""calibration_method"": ""sigmoid"", ""eps"": 1e-12, ""mode"": ""weighted_retraining"", ""n_cv_folds"": 5}",linear,0.3,0.5,0.5,True,0,,,0.7200825811327475,,,,,0.226,False,-0.12033250888212721,0.8855218855218855,1.0,0.9993892857142858,0.926,0.8593155893536122,0.8890193775689958,0.9986446311408865,0.8766666666666667,0.07195453018936354,0.07440317812083834,"{""buckets"": [{""accuracy"": 0.08913467794404685, ""bin_hi"": 0.1, ""bin_lo"": 0.0, ""confidence"": 9.232552652607036e-05, ""n_samples"": 1537}, {""accuracy"": 1.0, ""bin_hi"": 0.2, ""bin_lo"": 0.1, ""confidence"": 0.1638516434193431, ""n_samples"": 5}, {""accuracy"": 1.0, ""bin_hi"": 0.30000000000000004, ""bin_lo"": 0.2, ""confidence"": 0.23929541499342322, ""n_samples"": 1}, {""accuracy"": 1.0, ""bin_hi"": 0.4, ""bin_lo"": 0.30000000000000004, ""confidence"": 0.3635226202097588, ""n_samples"": 3}, {""accuracy"": 1.0, ""bin_hi"": 0.5, ""bin_lo"": 0.4, ""confidence"": 0.45665840831199467, ""n_samples"": 2}, {""accuracy"": 1.0, ""bin_hi"": 0.6000000000000001, ""bin_lo"": 0.5, ""confidence"": 0.546645497763701, ""n_samples"": 4}, {""accuracy"": 1.0, ""bin_hi"": 0.7000000000000001, ""bin_lo"": 0.6000000000000001, ""confidence"": 0.6788111805984716, ""n_samples"": 2}, {""accuracy"": 1.0, ""bin_hi"": 0.8, ""bin_lo"": 0.7000000000000001, ""confidence"": 0.7572953750046834, ""n_samples"": 3}, {""accuracy"": 1.0, ""bin_hi"": 0.9, ""bin_lo"": 0.8, ""confidence"": 0.8570411485628524, ""n_samples"": 3}, {""accuracy"": 1.0, ""bin_hi"": 1.0, ""bin_lo"": 0.9, ""confidence"": 0.9990956527085341, ""n_samples"": 440}], ""ece"": 0.07440317812083834}",0.07899999999972351,success,
elkan_noto,sar-pi0.5-scalesmall,100,"{""base_estimator"": null, ""calibration_method"": ""sigmoid"", ""eps"": 1e-12, ""mode"": ""weighted_retraining"", ""n_cv_folds"": 5}",linear,0.5,0.5,0.5,True,0,,,0.6296800569257264,,,,,0.3875,False,-0.17907820335004798,0.9120879120879121,1.0,0.99915,0.8875,0.8732394366197183,0.7669902912621359,0.9992442632074664,0.8875,0.10953389892959761,0.1173335345173739,"{""buckets"": [{""accuracy"": 0.17355371900826447, ""bin_hi"": 0.1, ""bin_lo"": 0.0, ""confidence"": 0.0007410025933816038, ""n_samples"": 242}, {""accuracy"": 0.0, ""bin_hi"": 0.2, ""bin_lo"": 0.1, ""confidence"": 0.0, ""n_samples"": 0}, {""accuracy"": 1.0, ""bin_hi"": 0.30000000000000004, ""bin_lo"": 0.2, ""confidence"": 0.2787027806958209, ""n_samples"": 2}, {""accuracy"": 1.0, ""bin_hi"": 0.4, ""bin_lo"": 0.30000000000000004, ""confidence"": 0.3890101988684668, ""n_samples"": 1}, {""accuracy"": 0.0, ""bin_hi"": 0.5, ""bin_lo"": 0.4, ""confidence"": 0.0, ""n_samples"": 0}, {""accuracy"": 1.0, ""bin_hi"": 0.6000000000000001, ""bin_lo"": 0.5, ""confidence"": 0.5605309213622532, ""n_samples"": 1}, {""accuracy"": 1.0, ""bin_hi"": 0.7000000000000001, ""bin_lo"": 0.6000000000000001, ""confidence"": 0.6561482147545777, ""n_samples"": 1}, {""accuracy"": 1.0, ""bin_hi"": 0.8, ""bin_lo"": 0.7000000000000001, ""confidence"": 0.7613104504493445, ""n_samples"": 6}, {""accuracy"": 1.0, ""bin_hi"": 0.9, ""bin_lo"": 0.8, ""confidence"": 0.8588906237511802, ""n_samples"": 4}, {""accuracy"": 1.0, ""bin_hi"": 1.0, ""bin_lo"": 0.9, ""confidence"": 0.998047157142478, ""n_samples"": 143}], ""ece"": 0.1173335345173739}",0.04699999999957072,success,
elkan_noto,sar-pi0.5-scalesmall,101,"{""base_estimator"": null, ""calibration_method"": ""sigmoid"", ""eps"": 1e-12, ""mode"": ""weighted_retraining"", ""n_cv_folds"": 5}",linear,0.5,0.5,0.5,True,0,,,0.708873547760181,,,,,0.3475,False,-0.23889966316219247,0.9072164948453608,1.0,0.9988750000000001,0.8475,0.8200589970501475,0.8316831683168316,0.9989116853829477,0.8474999999999999,0.13582759067222622,0.1545245917136981,"{""buckets"": [{""accuracy"": 0.18699186991869918, ""bin_hi"": 0.1, ""bin_lo"": 0.0, ""confidence"": 0.0030555603054664604, ""n_samples"": 246}, {""accuracy"": 1.0, ""bin_hi"": 0.2, ""bin_lo"": 0.1, ""confidence"": 0.12071293744204362, ""n_samples"": 4}, {""accuracy"": 1.0, ""bin_hi"": 0.30000000000000004, ""bin_lo"": 0.2, ""confidence"": 0.2569097908559755, ""n_samples"": 5}, {""accuracy"": 1.0, ""bin_hi"": 0.4, ""bin_lo"": 0.30000000000000004, ""confidence"": 0.3439575590499776, ""n_samples"": 5}, {""accuracy"": 1.0, ""bin_hi"": 0.5, ""bin_lo"": 0.4, ""confidence"": 0.43244339776395635, ""n_samples"": 1}, {""accuracy"": 1.0, ""bin_hi"": 0.6000000000000001, ""bin_lo"": 0.5, ""confidence"": 0.5572880273664889, ""n_samples"": 3}, {""accuracy"": 1.0, ""bin_hi"": 0.7000000000000001, ""bin_lo"": 0.6000000000000001, ""confidence"": 0.673860503979911, ""n_samples"": 2}, {""accuracy"": 1.0, ""bin_hi"": 0.8, ""bin_lo"": 0.7000000000000001, ""confidence"": 0.7296670637678989, ""n_samples"": 6}, {""accuracy"": 1.0, ""bin_hi"": 0.9, ""bin_lo"": 0.8, ""confidence"": 0.829879301180107, ""n_samples"": 5}, {""accuracy"": 1.0, ""bin_hi"": 1.0, ""bin_lo"": 0.9, ""confidence"": 0.9916412975914382, ""n_samples"": 123}], ""ece"": 0.1545245917136981}",0.06199999999989814,success,
elkan_noto,sar-pi0.5-scalesmall,102,"{""base_estimator"": null, ""calibration_method"": ""sigmoid"", ""eps"": 1e-12, ""mode"": ""weighted_retraining"", ""n_cv_folds"": 5}",linear,0.5,0.5,0.5,True,0,,,0.6846811730222756,,,,,0.35,False,-0.20680536583657316,0.8924731182795699,1.0,0.9972,0.85,0.8235294117647058,0.8143322475570033,0.9973396533164274,0.85,0.12784272634691987,0.15885539756178566,"{""buckets"": [{""accuracy"": 0.14893617021276595, ""bin_hi"": 0.1, ""bin_lo"": 0.0, ""confidence"": 0.004620711566526201, ""n_samples"": 235}, {""accuracy"": 1.0, ""bin_hi"": 0.2, ""bin_lo"": 0.1, ""confidence"": 0.13882304496537512, ""n_samples"": 12}, {""accuracy"": 1.0, ""bin_hi"": 0.30000000000000004, ""bin_lo"": 0.2, ""confidence"": 0.25171009471374095, ""n_samples"": 5}, {""accuracy"": 1.0, ""bin_hi"": 0.4, ""bin_lo"": 0.30000000000000004, ""confidence"": 0.36316186529601907, ""n_samples"": 6}, {""accuracy"": 1.0, ""bin_hi"": 0.5, ""bin_lo"": 0.4, ""confidence"": 0.4555015030264741, ""n_samples"": 2}, {""accuracy"": 1.0, ""bin_hi"": 0.6000000000000001, ""bin_lo"": 0.5, ""confidence"": 0.5396372235710479, ""n_samples"": 10}, {""accuracy"": 1.0, ""bin_hi"": 0.7000000000000001, ""bin_lo"": 0.6000000000000001, ""confidence"": 0.6323570562395023, ""n_samples"": 5}, {""accuracy"": 1.0, ""bin_hi"": 0.8, ""bin_lo"": 0.7000000000000001, ""confidence"": 0.7834354931663596, ""n_samples"": 6}, {""accuracy"": 1.0, ""bin_hi"": 0.9, ""bin_lo"": 0.8, ""confidence"": 0.8484447854932793, ""n_samples"": 9}, {""accuracy"": 1.0, ""bin_hi"": 1.0, ""bin_lo"": 0.9, ""confidence"": 0.9860254454620376, ""n_samples"": 110}], ""ece"": 0.15885539756178566}",0.06199999999989814,success,
elkan_noto,sar-pi0.5-scalesmall,103,"{""base_estimator"": null, ""calibration_method"": ""sigmoid"", ""eps"": 1e-12, ""mode"": ""weighted_retraining"", ""n_cv_folds"": 5}",linear,0.5,0.5,0.5,True,0,,,0.7093058185930153,,,,,0.3975,False,-0.21818181818181814,0.9181818181818182,1.0,0.9981500000000001,0.8975,0.8857938718662952,0.8,0.9981879823305289,0.8975,0.09481349932920825,0.10764013894925722,"{""buckets"": [{""accuracy"": 0.14893617021276595, ""bin_hi"": 0.1, ""bin_lo"": 0.0, ""confidence"": 0.0024055083039685853, ""n_samples"": 235}, {""accuracy"": 1.0, ""bin_hi"": 0.2, ""bin_lo"": 0.1, ""confidence"": 0.14651855705172082, ""n_samples"": 1}, {""accuracy"": 1.0, ""bin_hi"": 0.30000000000000004, ""bin_lo"": 0.2, ""confidence"": 0.27018741706297406, ""n_samples"": 2}, {""accuracy"": 1.0, ""bin_hi"": 0.4, ""bin_lo"": 0.30000000000000004, ""confidence"": 0.3985338894201392, ""n_samples"": 1}, {""accuracy"": 1.0, ""bin_hi"": 0.5, ""bin_lo"": 0.4, ""confidence"": 0.4514120819643195, ""n_samples"": 2}, {""accuracy"": 1.0, ""bin_hi"": 0.6000000000000001, ""bin_lo"": 0.5, ""confidence"": 0.5602799680319368, ""n_samples"": 3}, {""accuracy"": 1.0, ""bin_hi"": 0.7000000000000001, ""bin_lo"": 0.6000000000000001, ""confidence"": 0.6431922452349335, ""n_samples"": 2}, {""accuracy"": 1.0, ""bin_hi"": 0.8, ""bin_lo"": 0.7000000000000001, ""confidence"": 0.7533333408033464, ""n_samples"": 4}, {""accuracy"": 1.0, ""bin_hi"": 0.9, ""bin_lo"": 0.8, ""confidence"": 0.8371190235002857, ""n_samples"": 5}, {""accuracy"": 1.0, ""bin_hi"": 1.0, ""bin_lo"": 0.9, ""confidence"": 0.9946499699935004, ""n_samples"": 145}], ""ece"": 0.10764013894925722}",0.06199999999989814,success,
elkan_noto,sar-pi0.5-scalesmall,104,"{""base_estimator"": null, ""calibration_method"": ""sigmoid"", ""eps"": 1e-12, ""mode"": ""weighted_retraining"", ""n_cv_folds"": 5}",linear,0.5,0.5,0.5,True,0,,,0.6816870303283697,,,,,0.37,False,-0.18386370409616215,0.8811881188118812,1.0,0.9974000000000001,0.87,0.8505747126436781,0.802675585284281,0.9974399206832772,0.87,0.10561082967619052,0.12762618977308407,"{""buckets"": [{""accuracy"": 0.13043478260869565, ""bin_hi"": 0.1, ""bin_lo"": 0.0, ""confidence"": 0.00176958995213333, ""n_samples"": 230}, {""accuracy"": 1.0, ""bin_hi"": 0.2, ""bin_lo"": 0.1, ""confidence"": 0.14872780056047985, ""n_samples"": 6}, {""accuracy"": 1.0, ""bin_hi"": 0.30000000000000004, ""bin_lo"": 0.2, ""confidence"": 0.2405518441385364, ""n_samples"": 8}, {""accuracy"": 1.0, ""bin_hi"": 0.4, ""bin_lo"": 0.30000000000000004, ""confidence"": 0.3707823912666403, ""n_samples"": 2}, {""accuracy"": 1.0, ""bin_hi"": 0.5, ""bin_lo"": 0.4, ""confidence"": 0.45683105961675197, ""n_samples"": 6}, {""accuracy"": 1.0, ""bin_hi"": 0.6000000000000001, ""bin_lo"": 0.5, ""confidence"": 0.5686084919669661, ""n_samples"": 4}, {""accuracy"": 1.0, ""bin_hi"": 0.7000000000000001, ""bin_lo"": 0.6000000000000001, ""confidence"": 0.6602119007212807, ""n_samples"": 3}, {""accuracy"": 1.0, ""bin_hi"": 0.8, ""bin_lo"": 0.7000000000000001, ""confidence"": 0.7779397863390672, ""n_samples"": 4}, {""accuracy"": 1.0, ""bin_hi"": 0.9, ""bin_lo"": 0.8, ""confidence"": 0.8328653743853532, ""n_samples"": 3}, {""accuracy"": 1.0, ""bin_hi"": 1.0, ""bin_lo"": 0.9, ""confidence"": 0.9878937370636321, ""n_samples"": 134}], ""ece"": 0.12762618977308407}",0.04699999999957072,success,
elkan_noto,sar-pi0.5-scalesmall,105,"{""base_estimator"": null, ""calibration_method"": ""sigmoid"", ""eps"": 1e-12, ""mode"": ""weighted_retraining"", ""n_cv_folds"": 5}",linear,0.5,0.5,0.5,True,0,,,0.6386592382845823,,,,,0.425,False,-0.2,0.95,1.0,0.998525,0.925,0.918918918918919,0.75,0.9986133614574927,0.925,0.07482924225200568,0.08021689436632881,"{""buckets"": [{""accuracy"": 0.12280701754385964, ""bin_hi"": 0.1, ""bin_lo"": 0.0, ""confidence"": 0.0005381832987846108, ""n_samples"": 228}, {""accuracy"": 1.0, ""bin_hi"": 0.2, ""bin_lo"": 0.1, ""confidence"": 0.1643687269776222, ""n_samples"": 2}, {""accuracy"": 0.0, ""bin_hi"": 0.30000000000000004, ""bin_lo"": 0.2, ""confidence"": 0.0, ""n_samples"": 0}, {""accuracy"": 0.0, ""bin_hi"": 0.4, ""bin_lo"": 0.30000000000000004, ""confidence"": 0.0, ""n_samples"": 0}, {""accuracy"": 0.0, ""bin_hi"": 0.5, ""bin_lo"": 0.4, ""confidence"": 0.0, ""n_samples"": 0}, {""accuracy"": 1.0, ""bin_hi"": 0.6000000000000001, ""bin_lo"": 0.5, ""confidence"": 0.5807065518825736, ""n_samples"": 2}, {""accuracy"": 1.0, ""bin_hi"": 0.7000000000000001, ""bin_lo"": 0.6000000000000001, ""confidence"": 0.674649222168613, ""n_samples"": 3}, {""accuracy"": 1.0, ""bin_hi"": 0.8, ""bin_lo"": 0.7000000000000001, ""confidence"": 0.7499850568371573, ""n_samples"": 1}, {""accuracy"": 1.0, ""bin_hi"": 0.9, ""bin_lo"": 0.8, ""confidence"": 0.8219474126729882, ""n_samples"": 1}, {""accuracy"": 1.0, ""bin_hi"": 1.0, ""bin_lo"": 0.9, ""confidence"": 0.9981871519485227, ""n_samples"": 163}], ""ece"": 0.08021689436632881}",0.06300000000010186,success,
elkan_noto,sar-pi0.5-scalesmall,106,"{""base_estimator"": null, ""calibration_method"": ""sigmoid"", ""eps"": 1e-12, ""mode"": ""weighted_retraining"", ""n_cv_folds"": 5}",linear,0.5,0.5,0.5,True,0,,,0.6636153907878001,,,,,0.395,False,-0.17968644411406948,0.9081632653061225,1.0,0.9972000000000001,0.895,0.88268156424581,0.7715231788079471,0.9973851708172996,0.895,0.09985426012939644,0.10592448140309006,"{""buckets"": [{""accuracy"": 0.15254237288135594, ""bin_hi"": 0.1, ""bin_lo"": 0.0, ""confidence"": 0.0009900469876578883, ""n_samples"": 236}, {""accuracy"": 1.0, ""bin_hi"": 0.2, ""bin_lo"": 0.1, ""confidence"": 0.1570136950909531, ""n_samples"": 4}, {""accuracy"": 0.0, ""bin_hi"": 0.30000000000000004, ""bin_lo"": 0.2, ""confidence"": 0.0, ""n_samples"": 0}, {""accuracy"": 1.0, ""bin_hi"": 0.4, ""bin_lo"": 0.30000000000000004, ""confidence"": 0.32346351373050775, ""n_samples"": 1}, {""accuracy"": 1.0, ""bin_hi"": 0.5, ""bin_lo"": 0.4, ""confidence"": 0.4725075289711269, ""n_samples"": 1}, {""accuracy"": 1.0, ""bin_hi"": 0.6000000000000001, ""bin_lo"": 0.5, ""confidence"": 0.5328721459238045, ""n_samples"": 3}, {""accuracy"": 1.0, ""bin_hi"": 0.7000000000000001, ""bin_lo"": 0.6000000000000001, ""confidence"": 0.6576004195187065, ""n_samples"": 1}, {""accuracy"": 0.0, ""bin_hi"": 0.8, ""bin_lo"": 0.7000000000000001, ""confidence"": 0.0, ""n_samples"": 0}, {""accuracy"": 1.0, ""bin_hi"": 0.9, ""bin_lo"": 0.8, ""confidence"": 0.803593545992882, ""n_samples"": 1}, {""accuracy"": 1.0, ""bin_hi"": 1.0, ""bin_lo"": 0.9, ""confidence"": 0.9994295432897272, ""n_samples"": 153}], ""ece"": 0.10592448140309006}",0.06300000000010186,success,
elkan_noto,sar-pi0.5-scalesmall,107,"{""base_estimator"": null, ""calibration_method"": ""sigmoid"", ""eps"": 1e-12, ""mode"": ""weighted_retraining"", ""n_cv_folds"": 5}",linear,0.5,0.5,0.5,True,0,,,0.6625746722876549,,,,,0.3375,False,-0.2011273516127885,0.8791208791208791,1.0,0.9994,0.8375,0.8059701492537313,0.8220064724919094,0.999406030680058,0.8375,0.11508944270453844,0.1609442717556861,"{""buckets"": [{""accuracy"": 0.0990990990990991, ""bin_hi"": 0.1, ""bin_lo"": 0.0, ""confidence"": 0.0031840667219184752, ""n_samples"": 222}, {""accuracy"": 1.0, ""bin_hi"": 0.2, ""bin_lo"": 0.1, ""confidence"": 0.14641826000185415, ""n_samples"": 12}, {""accuracy"": 1.0, ""bin_hi"": 0.30000000000000004, ""bin_lo"": 0.2, ""confidence"": 0.24601861292751284, ""n_samples"": 11}, {""accuracy"": 1.0, ""bin_hi"": 0.4, ""bin_lo"": 0.30000000000000004, ""confidence"": 0.3632829683615086, ""n_samples"": 7}, {""accuracy"": 1.0, ""bin_hi"": 0.5, ""bin_lo"": 0.4, ""confidence"": 0.45257295228018557, ""n_samples"": 13}, {""accuracy"": 1.0, ""bin_hi"": 0.6000000000000001, ""bin_lo"": 0.5, ""confidence"": 0.5600556320807025, ""n_samples"": 7}, {""accuracy"": 1.0, ""bin_hi"": 0.7000000000000001, ""bin_lo"": 0.6000000000000001, ""confidence"": 0.6303512099815389, ""n_samples"": 9}, {""accuracy"": 1.0, ""bin_hi"": 0.8, ""bin_lo"": 0.7000000000000001, ""confidence"": 0.7485312886814992, ""n_samples"": 9}, {""accuracy"": 1.0, ""bin_hi"": 0.9, ""bin_lo"": 0.8, ""confidence"": 0.860415408895306, ""n_samples"": 14}, {""accuracy"": 1.0, ""bin_hi"": 1.0, ""bin_lo"": 0.9, ""confidence"": 0.9755169565416173, ""n_samples"": 96}], ""ece"": 0.1609442717556861}",0.04699999999957072,success,
elkan_noto,sar-pi0.5-scalesmall,108,"{""base_estimator"": null, ""calibration_method"": ""sigmoid"", ""eps"": 1e-12, ""mode"": ""weighted_retraining"", ""n_cv_folds"": 5}",linear,0.5,0.5,0.5,True,0,,,0.6996026238384131,,,,,0.355,False,-0.20563589674280308,0.8877551020408163,1.0,0.99915,0.855,0.8304093567251462,0.8178807947019867,0.999163472101729,0.855,0.10647440730147446,0.16066216562916993,"{""buckets"": [{""accuracy"": 0.0867579908675799, ""bin_hi"": 0.1, ""bin_lo"": 0.0, ""confidence"": 0.002960336125990437, ""n_samples"": 219}, {""accuracy"": 1.0, ""bin_hi"": 0.2, ""bin_lo"": 0.1, ""confidence"": 0.15600522702573816, ""n_samples"": 13}, {""accuracy"": 1.0, ""bin_hi"": 0.30000000000000004, ""bin_lo"": 0.2, ""confidence"": 0.2621494105045209, ""n_samples"": 4}, {""accuracy"": 1.0, ""bin_hi"": 0.4, ""bin_lo"": 0.30000000000000004, ""confidence"": 0.33996444932383935, ""n_samples"": 10}, {""accuracy"": 1.0, ""bin_hi"": 0.5, ""bin_lo"": 0.4, ""confidence"": 0.45029777733475806, ""n_samples"": 12}, {""accuracy"": 1.0, ""bin_hi"": 0.6000000000000001, ""bin_lo"": 0.5, ""confidence"": 0.5567926631414833, ""n_samples"": 9}, {""accuracy"": 1.0, ""bin_hi"": 0.7000000000000001, ""bin_lo"": 0.6000000000000001, ""confidence"": 0.659712330932529, ""n_samples"": 17}, {""accuracy"": 1.0, ""bin_hi"": 0.8, ""bin_lo"": 0.7000000000000001, ""confidence"": 0.7646373584779749, ""n_samples"": 17}, {""accuracy"": 1.0, ""bin_hi"": 0.9, ""bin_lo"": 0.8, ""confidence"": 0.8588715887900643, ""n_samples"": 23}, {""accuracy"": 1.0, ""bin_hi"": 1.0, ""bin_lo"": 0.9, ""confidence"": 0.97668173015406, ""n_samples"": 76}], ""ece"": 0.16066216562916993}",0.04699999999957072,success,
elkan_noto,sar-pi0.5-scalesmall,109,"{""base_estimator"": null, ""calibration_method"": ""sigmoid"", ""eps"": 1e-12, ""mode"": ""weighted_retraining"", ""n_cv_folds"": 5}",linear,0.5,0.5,0.5,True,0,,,0.6921884486141903,,,,,0.355,False,-0.19606362629618446,0.8787878787878788,1.0,0.9969250000000001,0.855,0.8304093567251462,0.8172757475083057,0.9971369851291219,0.855,0.11152847366261075,0.14673333000264824,"{""buckets"": [{""accuracy"": 0.1341991341991342, ""bin_hi"": 0.1, ""bin_lo"": 0.0, ""confidence"": 0.005184960726206108, ""n_samples"": 231}, {""accuracy"": 1.0, ""bin_hi"": 0.2, ""bin_lo"": 0.1, ""confidence"": 0.13938254504323097, ""n_samples"": 5}, {""accuracy"": 1.0, ""bin_hi"": 0.30000000000000004, ""bin_lo"": 0.2, ""confidence"": 0.2550578159553893, ""n_samples"": 6}, {""accuracy"": 1.0, ""bin_hi"": 0.4, ""bin_lo"": 0.30000000000000004, ""confidence"": 0.33122203398747635, ""n_samples"": 6}, {""accuracy"": 1.0, ""bin_hi"": 0.5, ""bin_lo"": 0.4, ""confidence"": 0.45156149972738036, ""n_samples"": 10}, {""accuracy"": 1.0, ""bin_hi"": 0.6000000000000001, ""bin_lo"": 0.5, ""confidence"": 0.5146799010940681, ""n_samples"": 4}, {""accuracy"": 1.0, ""bin_hi"": 0.7000000000000001, ""bin_lo"": 0.6000000000000001, ""confidence"": 0.6530509839878067, ""n_samples"": 8}, {""accuracy"": 1.0, ""bin_hi"": 0.8, ""bin_lo"": 0.7000000000000001, ""confidence"": 0.7471132840704691, ""n_samples"": 9}, {""accuracy"": 1.0, ""bin_hi"": 0.9, ""bin_lo"": 0.8, ""confidence"": 0.8641622067008929, ""n_samples"": 15}, {""accuracy"": 1.0, ""bin_hi"": 1.0, ""bin_lo"": 0.9, ""confidence"": 0.9849920293925811, ""n_samples"": 106}], ""ece"": 0.14673333000264824}",0.04700000000048021,success,
elkan_noto,sar-pi0.5-scalesmall,110,"{""base_estimator"": null, ""calibration_method"": ""sigmoid"", ""eps"": 1e-12, ""mode"": ""weighted_retraining"", ""n_cv_folds"": 5}",linear,0.5,0.5,0.5,True,0,,,0.6937003617983355,,,,,0.375,False,-0.20540758676351895,0.8952380952380953,1.0,0.999225,0.875,0.8571428571428571,0.8101694915254237,0.9992606195700645,0.875,0.08552415068346346,0.130205150789508,"{""buckets"": [{""accuracy"": 0.06976744186046512, ""bin_hi"": 0.1, ""bin_lo"": 0.0, ""confidence"": 0.00194494882499881, ""n_samples"": 215}, {""accuracy"": 1.0, ""bin_hi"": 0.2, ""bin_lo"": 0.1, ""confidence"": 0.14106947800421304, ""n_samples"": 4}, {""accuracy"": 1.0, ""bin_hi"": 0.30000000000000004, ""bin_lo"": 0.2, ""confidence"": 0.25685801466660063, ""n_samples"": 9}, {""accuracy"": 1.0, ""bin_hi"": 0.4, ""bin_lo"": 0.30000000000000004, ""confidence"": 0.34186421397328004, ""n_samples"": 10}, {""accuracy"": 1.0, ""bin_hi"": 0.5, ""bin_lo"": 0.4, ""confidence"": 0.43899833206620054, ""n_samples"": 12}, {""accuracy"": 1.0, ""bin_hi"": 0.6000000000000001, ""bin_lo"": 0.5, ""confidence"": 0.5665171403829871, ""n_samples"": 7}, {""accuracy"": 1.0, ""bin_hi"": 0.7000000000000001, ""bin_lo"": 0.6000000000000001, ""confidence"": 0.6445428491788447, ""n_samples"": 10}, {""accuracy"": 1.0, ""bin_hi"": 0.8, ""bin_lo"": 0.7000000000000001, ""confidence"": 0.7562446048439896, ""n_samples"": 17}, {""accuracy"": 1.0, ""bin_hi"": 0.9, ""bin_lo"": 0.8, ""confidence"": 0.8617800895936577, ""n_samples"": 13}, {""accuracy"": 1.0, ""bin_hi"": 1.0, ""bin_lo"": 0.9, ""confidence"": 0.9851146174441151, ""n_samples"": 103}], ""ece"": 0.130205150789508}",0.04699999999957072,success,
elkan_noto,sar-pi0.5-scalesmall,111,"{""base_estimator"": null, ""calibration_method"": ""sigmoid"", ""eps"": 1e-12, ""mode"": ""weighted_retraining"", ""n_cv_folds"": 5}",linear,0.5,0.5,0.5,True,0,,,0.6831727048555574,,,,,0.385,False,-0.18074746677194364,0.8921568627450981,1.0,0.999625,0.885,0.8700564971751412,0.7885906040268457,0.9996416029786823,0.885,0.10430748394798858,0.11538019159795103,"{""buckets"": [{""accuracy"": 0.15254237288135594, ""bin_hi"": 0.1, ""bin_lo"": 0.0, ""confidence"": 0.000984791337197815, ""n_samples"": 236}, {""accuracy"": 1.0, ""bin_hi"": 0.2, ""bin_lo"": 0.1, ""confidence"": 0.12373175201670183, ""n_samples"": 2}, {""accuracy"": 1.0, ""bin_hi"": 0.30000000000000004, ""bin_lo"": 0.2, ""confidence"": 0.22728201509344578, ""n_samples"": 4}, {""accuracy"": 1.0, ""bin_hi"": 0.4, ""bin_lo"": 0.30000000000000004, ""confidence"": 0.31062699551494277, ""n_samples"": 1}, {""accuracy"": 1.0, ""bin_hi"": 0.5, ""bin_lo"": 0.4, ""confidence"": 0.4843093109301821, ""n_samples"": 3}, {""accuracy"": 1.0, ""bin_hi"": 0.6000000000000001, ""bin_lo"": 0.5, ""confidence"": 0.5492149693653537, ""n_samples"": 3}, {""accuracy"": 1.0, ""bin_hi"": 0.7000000000000001, ""bin_lo"": 0.6000000000000001, ""confidence"": 0.6248466528411665, ""n_samples"": 1}, {""accuracy"": 1.0, ""bin_hi"": 0.8, ""bin_lo"": 0.7000000000000001, ""confidence"": 0.7615583114908535, ""n_samples"": 3}, {""accuracy"": 1.0, ""bin_hi"": 0.9, ""bin_lo"": 0.8, ""confidence"": 0.8840496767674366, ""n_samples"": 1}, {""accuracy"": 1.0, ""bin_hi"": 1.0, ""bin_lo"": 0.9, ""confidence"": 0.9948914379476096, ""n_samples"": 146}], ""ece"": 0.11538019159795103}",0.04699999999957072,success,
elkan_noto,sar-pi0.5-scalesmall,112,"{""base_estimator"": null, ""calibration_method"": ""sigmoid"", ""eps"": 1e-12, ""mode"": ""weighted_retraining"", ""n_cv_folds"": 5}",linear,0.5,0.5,0.5,True,0,,,0.6840108328698816,,,,,0.39,False,-0.17965934100985614,0.8878504672897196,1.0,0.9985999999999999,0.89,0.8764044943820225,0.7918088737201365,0.9985810660524548,0.89,0.07938280696508228,0.11041191283930116,"{""buckets"": [{""accuracy"": 0.08294930875576037, ""bin_hi"": 0.1, ""bin_lo"": 0.0, ""confidence"": 0.004314114587551642, ""n_samples"": 217}, {""accuracy"": 0.8571428571428571, ""bin_hi"": 0.2, ""bin_lo"": 0.1, ""confidence"": 0.1541524981559546, ""n_samples"": 7}, {""accuracy"": 1.0, ""bin_hi"": 0.30000000000000004, ""bin_lo"": 0.2, ""confidence"": 0.2717324109725688, ""n_samples"": 7}, {""accuracy"": 1.0, ""bin_hi"": 0.4, ""bin_lo"": 0.30000000000000004, ""confidence"": 0.34216748856718354, ""n_samples"": 6}, {""accuracy"": 1.0, ""bin_hi"": 0.5, ""bin_lo"": 0.4, ""confidence"": 0.4533819397010079, ""n_samples"": 7}, {""accuracy"": 1.0, ""bin_hi"": 0.6000000000000001, ""bin_lo"": 0.5, ""confidence"": 0.5206286493181579, ""n_samples"": 3}, {""accuracy"": 1.0, ""bin_hi"": 0.7000000000000001, ""bin_lo"": 0.6000000000000001, ""confidence"": 0.6512480848742616, ""n_samples"": 10}, {""accuracy"": 1.0, ""bin_hi"": 0.8, ""bin_lo"": 0.7000000000000001, ""confidence"": 0.7570162868566588, ""n_samples"": 4}, {""accuracy"": 1.0, ""bin_hi"": 0.9, ""bin_lo"": 0.8, ""confidence"": 0.8641174086993797, ""n_samples"": 14}, {""accuracy"": 1.0, ""bin_hi"": 1.0, ""bin_lo"": 0.9, ""confidence"": 0.9879289876772478, ""n_samples"": 125}], ""ece"": 0.11041191283930116}",0.04700000000048021,success,
elkan_noto,sar-pi0.5-scalesmall,113,"{""base_estimator"": null, ""calibration_method"": ""sigmoid"", ""eps"": 1e-12, ""mode"": ""weighted_retraining"", ""n_cv_folds"": 5}",linear,0.5,0.5,0.5,True,0,,,0.652109917278343,,,,,0.4075,False,-0.2000807102502018,0.9238095238095239,1.0,0.9990249999999999,0.9075,0.8980716253443526,0.7762711864406779,0.9990277186260611,0.9075,0.05963005232846575,0.09670937886187325,"{""buckets"": [{""accuracy"": 0.04326923076923077, ""bin_hi"": 0.1, ""bin_lo"": 0.0, ""confidence"": 0.0027998475372863437, ""n_samples"": 208}, {""accuracy"": 0.8333333333333334, ""bin_hi"": 0.2, ""bin_lo"": 0.1, ""confidence"": 0.14900863376431858, ""n_samples"": 6}, {""accuracy"": 1.0, ""bin_hi"": 0.30000000000000004, ""bin_lo"": 0.2, ""confidence"": 0.26729783158709053, ""n_samples"": 4}, {""accuracy"": 1.0, ""bin_hi"": 0.4, ""bin_lo"": 0.30000000000000004, ""confidence"": 0.36299285653495933, ""n_samples"": 6}, {""accuracy"": 1.0, ""bin_hi"": 0.5, ""bin_lo"": 0.4, ""confidence"": 0.45985673752910106, ""n_samples"": 13}, {""accuracy"": 1.0, ""bin_hi"": 0.6000000000000001, ""bin_lo"": 0.5, ""confidence"": 0.5441382505965459, ""n_samples"": 7}, {""accuracy"": 1.0, ""bin_hi"": 0.7000000000000001, ""bin_lo"": 0.6000000000000001, ""confidence"": 0.6493989092044543, ""n_samples"": 6}, {""accuracy"": 1.0, ""bin_hi"": 0.8, ""bin_lo"": 0.7000000000000001, ""confidence"": 0.7490922936422197, ""n_samples"": 10}, {""accuracy"": 1.0, ""bin_hi"": 0.9, ""bin_lo"": 0.8, ""confidence"": 0.8503743445820505, ""n_samples"": 17}, {""accuracy"": 1.0, ""bin_hi"": 1.0, ""bin_lo"": 0.9, ""confidence"": 0.9834300350223837, ""n_samples"": 123}], ""ece"": 0.09670937886187325}",0.06300000000010186,success,
elkan_noto,sar-pi0.5-scalesmall,114,"{""base_estimator"": null, ""calibration_method"": ""sigmoid"", ""eps"": 1e-12, ""mode"": ""weighted_retraining"", ""n_cv_folds"": 5}",linear,0.5,0.5,0.5,True,0,,,0.6940880116960217,,,,,0.38,False,-0.2115415657788539,0.9047619047619048,1.0,0.9957,0.875,0.8579545454545454,0.8067796610169492,0.9954497103794677,0.875,0.1081438698524114,0.11724039406130563,"{""buckets"": [{""accuracy"": 0.14957264957264957, ""bin_hi"": 0.1, ""bin_lo"": 0.0, ""confidence"": 0.0019189007748726993, ""n_samples"": 234}, {""accuracy"": 1.0, ""bin_hi"": 0.2, ""bin_lo"": 0.1, ""confidence"": 0.1559942595035349, ""n_samples"": 5}, {""accuracy"": 1.0, ""bin_hi"": 0.30000000000000004, ""bin_lo"": 0.2, ""confidence"": 0.26730628774335186, ""n_samples"": 5}, {""accuracy"": 1.0, ""bin_hi"": 0.4, ""bin_lo"": 0.30000000000000004, ""confidence"": 0.34880542561533456, ""n_samples"": 2}, {""accuracy"": 1.0, ""bin_hi"": 0.5, ""bin_lo"": 0.4, ""confidence"": 0.4677545831451161, ""n_samples"": 2}, {""accuracy"": 1.0, ""bin_hi"": 0.6000000000000001, ""bin_lo"": 0.5, ""confidence"": 0.5394333926967769, ""n_samples"": 1}, {""accuracy"": 0.0, ""bin_hi"": 0.7000000000000001, ""bin_lo"": 0.6000000000000001, ""confidence"": 0.0, ""n_samples"": 0}, {""accuracy"": 1.0, ""bin_hi"": 0.8, ""bin_lo"": 0.7000000000000001, ""confidence"": 0.7646153797591302, ""n_samples"": 2}, {""accuracy"": 1.0, ""bin_hi"": 0.9, ""bin_lo"": 0.8, ""confidence"": 0.8701038182496394, ""n_samples"": 6}, {""accuracy"": 0.993006993006993, ""bin_hi"": 1.0, ""bin_lo"": 0.9, ""confidence"": 0.9956929386105642, ""n_samples"": 143}], ""ece"": 0.11724039406130563}",0.04699999999957072,success,
elkan_noto,sar-pi0.5-scalesmall,115,"{""base_estimator"": null, ""calibration_method"": ""sigmoid"", ""eps"": 1e-12, ""mode"": ""weighted_retraining"", ""n_cv_folds"": 5}",linear,0.5,0.5,0.5,True,0,,,0.6696496811625964,,,,,0.335,False,-0.1660079051383399,0.8478260869565217,1.0,0.9994999999999999,0.835,0.8023952095808383,0.8181818181818182,0.9994954132036068,0.835,0.11073319282600876,0.16702697979861417,"{""buckets"": [{""accuracy"": 0.06542056074766354, ""bin_hi"": 0.1, ""bin_lo"": 0.0, ""confidence"": 0.004266405559471538, ""n_samples"": 214}, {""accuracy"": 1.0, ""bin_hi"": 0.2, ""bin_lo"": 0.1, ""confidence"": 0.1538717120472296, ""n_samples"": 16}, {""accuracy"": 1.0, ""bin_hi"": 0.30000000000000004, ""bin_lo"": 0.2, ""confidence"": 0.24533261331494738, ""n_samples"": 12}, {""accuracy"": 1.0, ""bin_hi"": 0.4, ""bin_lo"": 0.30000000000000004, ""confidence"": 0.35485047201253844, ""n_samples"": 12}, {""accuracy"": 1.0, ""bin_hi"": 0.5, ""bin_lo"": 0.4, ""confidence"": 0.44749582534983173, ""n_samples"": 12}, {""accuracy"": 1.0, ""bin_hi"": 0.6000000000000001, ""bin_lo"": 0.5, ""confidence"": 0.5524081361097353, ""n_samples"": 10}, {""accuracy"": 1.0, ""bin_hi"": 0.7000000000000001, ""bin_lo"": 0.6000000000000001, ""confidence"": 0.6492890333227764, ""n_samples"": 9}, {""accuracy"": 1.0, ""bin_hi"": 0.8, ""bin_lo"": 0.7000000000000001, ""confidence"": 0.7612062786787861, ""n_samples"": 14}, {""accuracy"": 1.0, ""bin_hi"": 0.9, ""bin_lo"": 0.8, ""confidence"": 0.8562718876243806, ""n_samples"": 22}, {""accuracy"": 1.0, ""bin_hi"": 1.0, ""bin_lo"": 0.9, ""confidence"": 0.966829757970914, ""n_samples"": 79}], ""ece"": 0.16702697979861417}",0.04699999999957072,success,
elkan_noto,sar-pi0.5-scalesmall,116,"{""base_estimator"": null, ""calibration_method"": ""sigmoid"", ""eps"": 1e-12, ""mode"": ""weighted_retraining"", ""n_cv_folds"": 5}",linear,0.5,0.5,0.5,True,0,,,0.6758620483046804,,,,,0.385,False,-0.1939070930385577,0.9019607843137255,1.0,0.998375,0.885,0.8700564971751412,0.7919463087248322,0.9986878876568834,0.885,0.09900530185417523,0.11810749652111907,"{""buckets"": [{""accuracy"": 0.13043478260869565, ""bin_hi"": 0.1, ""bin_lo"": 0.0, ""confidence"": 0.0021110288550192373, ""n_samples"": 230}, {""accuracy"": 1.0, ""bin_hi"": 0.2, ""bin_lo"": 0.1, ""confidence"": 0.12438910177448723, ""n_samples"": 5}, {""accuracy"": 1.0, ""bin_hi"": 0.30000000000000004, ""bin_lo"": 0.2, ""confidence"": 0.2715641339732738, ""n_samples"": 5}, {""accuracy"": 1.0, ""bin_hi"": 0.4, ""bin_lo"": 0.30000000000000004, ""confidence"": 0.3587726977034079, ""n_samples"": 4}, {""accuracy"": 1.0, ""bin_hi"": 0.5, ""bin_lo"": 0.4, ""confidence"": 0.44699738492496144, ""n_samples"": 2}, {""accuracy"": 1.0, ""bin_hi"": 0.6000000000000001, ""bin_lo"": 0.5, ""confidence"": 0.5518527398750293, ""n_samples"": 4}, {""accuracy"": 1.0, ""bin_hi"": 0.7000000000000001, ""bin_lo"": 0.6000000000000001, ""confidence"": 0.6532637534441907, ""n_samples"": 5}, {""accuracy"": 1.0, ""bin_hi"": 0.8, ""bin_lo"": 0.7000000000000001, ""confidence"": 0.7503090242475858, ""n_samples"": 4}, {""accuracy"": 1.0, ""bin_hi"": 0.9, ""bin_lo"": 0.8, ""confidence"": 0.8439979091631065, ""n_samples"": 4}, {""accuracy"": 1.0, ""bin_hi"": 1.0, ""bin_lo"": 0.9, ""confidence"": 0.9935157339790638, ""n_samples"": 137}], ""ece"": 0.11810749652111907}",0.06300000000010186,success,
elkan_noto,sar-pi0.5-scalesmall,117,"{""base_estimator"": null, ""calibration_method"": ""sigmoid"", ""eps"": 1e-12, ""mode"": ""weighted_retraining"", ""n_cv_folds"": 5}",linear,0.5,0.5,0.5,True,0,,,0.6594975863766096,,,,,0.4025,False,-0.1799020108196387,0.9175257731958762,1.0,0.9980749999999999,0.9025,0.8919667590027701,0.7623762376237624,0.9982012560257985,0.9025000000000001,0.09339768052683596,0.09850045075820851,"{""buckets"": [{""accuracy"": 0.1452991452991453, ""bin_hi"": 0.1, ""bin_lo"": 0.0, ""confidence"": 2.9385666500909002e-05, ""n_samples"": 234}, {""accuracy"": 1.0, ""bin_hi"": 0.2, ""bin_lo"": 0.1, ""confidence"": 0.12182411113093222, ""n_samples"": 2}, {""accuracy"": 1.0, ""bin_hi"": 0.30000000000000004, ""bin_lo"": 0.2, ""confidence"": 0.2618150341607535, ""n_samples"": 1}, {""accuracy"": 0.0, ""bin_hi"": 0.4, ""bin_lo"": 0.30000000000000004, ""confidence"": 0.0, ""n_samples"": 0}, {""accuracy"": 1.0, ""bin_hi"": 0.5, ""bin_lo"": 0.4, ""confidence"": 0.44213574674014067, ""n_samples"": 2}, {""accuracy"": 1.0, ""bin_hi"": 0.6000000000000001, ""bin_lo"": 0.5, ""confidence"": 0.5294749644160401, ""n_samples"": 2}, {""accuracy"": 0.0, ""bin_hi"": 0.7000000000000001, ""bin_lo"": 0.6000000000000001, ""confidence"": 0.0, ""n_samples"": 0}, {""accuracy"": 1.0, ""bin_hi"": 0.8, ""bin_lo"": 0.7000000000000001, ""confidence"": 0.7312746590825242, ""n_samples"": 3}, {""accuracy"": 0.0, ""bin_hi"": 0.9, ""bin_lo"": 0.8, ""confidence"": 0.0, ""n_samples"": 0}, {""accuracy"": 1.0, ""bin_hi"": 1.0, ""bin_lo"": 0.9, ""confidence"": 0.9996822743254669, ""n_samples"": 156}], ""ece"": 0.09850045075820851}",0.04699999999957072,success,
elkan_noto,sar-pi0.5-scalesmall,118,"{""base_estimator"": null, ""calibration_method"": ""sigmoid"", ""eps"": 1e-12, ""mode"": ""weighted_retraining"", ""n_cv_folds"": 5}",linear,0.5,0.5,0.5,True,0,,,0.6181302533206366,,,,,0.4,False,-0.12764876886974186,0.8817204301075269,1.0,0.9996499999999999,0.9,0.8888888888888888,0.745928338762215,0.9996557822139165,0.9,0.06955985782605398,0.12785512417082262,"{""buckets"": [{""accuracy"": 0.024509803921568627, ""bin_hi"": 0.1, ""bin_lo"": 0.0, ""confidence"": 0.003441683256852668, ""n_samples"": 204}, {""accuracy"": 0.8888888888888888, ""bin_hi"": 0.2, ""bin_lo"": 0.1, ""confidence"": 0.1585692531190176, ""n_samples"": 9}, {""accuracy"": 1.0, ""bin_hi"": 0.30000000000000004, ""bin_lo"": 0.2, ""confidence"": 0.25625816487071157, ""n_samples"": 8}, {""accuracy"": 1.0, ""bin_hi"": 0.4, ""bin_lo"": 0.30000000000000004, ""confidence"": 0.3475184669842397, ""n_samples"": 13}, {""accuracy"": 1.0, ""bin_hi"": 0.5, ""bin_lo"": 0.4, ""confidence"": 0.4716905280538834, ""n_samples"": 6}, {""accuracy"": 1.0, ""bin_hi"": 0.6000000000000001, ""bin_lo"": 0.5, ""confidence"": 0.5540985305721295, ""n_samples"": 11}, {""accuracy"": 1.0, ""bin_hi"": 0.7000000000000001, ""bin_lo"": 0.6000000000000001, ""confidence"": 0.6506655463599974, ""n_samples"": 16}, {""accuracy"": 1.0, ""bin_hi"": 0.8, ""bin_lo"": 0.7000000000000001, ""confidence"": 0.7506564147350857, ""n_samples"": 19}, {""accuracy"": 1.0, ""bin_hi"": 0.9, ""bin_lo"": 0.8, ""confidence"": 0.8591718831509895, ""n_samples"": 29}, {""accuracy"": 1.0, ""bin_hi"": 1.0, ""bin_lo"": 0.9, ""confidence"": 0.9605480710790475, ""n_samples"": 85}], ""ece"": 0.12785512417082262}",0.06199999999989814,success,
elkan_noto,sar-pi0.5-scalesmall,119,"{""base_estimator"": null, ""calibration_method"": ""sigmoid"", ""eps"": 1e-12, ""mode"": ""weighted_retraining"", ""n_cv_folds"": 5}",linear,0.5,0.5,0.5,True,0,,,0.6499700467761391,,,,,0.3725,False,-0.19510499235155054,0.9042553191489362,1.0,0.9977749999999999,0.8725,0.8538681948424068,0.7908496732026143,0.9981332326578947,0.8725,0.09632369065462418,0.13815423921161119,"{""buckets"": [{""accuracy"": 0.0867579908675799, ""bin_hi"": 0.1, ""bin_lo"": 0.0, ""confidence"": 0.004424019408691058, ""n_samples"": 219}, {""accuracy"": 1.0, ""bin_hi"": 0.2, ""bin_lo"": 0.1, ""confidence"": 0.1486956042262881, ""n_samples"": 11}, {""accuracy"": 1.0, ""bin_hi"": 0.30000000000000004, ""bin_lo"": 0.2, ""confidence"": 0.24194390449457576, ""n_samples"": 9}, {""accuracy"": 1.0, ""bin_hi"": 0.4, ""bin_lo"": 0.30000000000000004, ""confidence"": 0.35869104643171207, ""n_samples"": 6}, {""accuracy"": 1.0, ""bin_hi"": 0.5, ""bin_lo"": 0.4, ""confidence"": 0.43656557654988654, ""n_samples"": 6}, {""accuracy"": 1.0, ""bin_hi"": 0.6000000000000001, ""bin_lo"": 0.5, ""confidence"": 0.5503357419532586, ""n_samples"": 7}, {""accuracy"": 1.0, ""bin_hi"": 0.7000000000000001, ""bin_lo"": 0.6000000000000001, ""confidence"": 0.6638407353974715, ""n_samples"": 8}, {""accuracy"": 1.0, ""bin_hi"": 0.8, ""bin_lo"": 0.7000000000000001, ""confidence"": 0.7555315426606148, ""n_samples"": 14}, {""accuracy"": 1.0, ""bin_hi"": 0.9, ""bin_lo"": 0.8, ""confidence"": 0.8661089942004923, ""n_samples"": 17}, {""accuracy"": 1.0, ""bin_hi"": 1.0, ""bin_lo"": 0.9, ""confidence"": 0.9778678346069193, ""n_samples"": 103}], ""ece"": 0.13815423921161119}",0.06199999999989814,success,
elkan_noto,sar-pi0.5-scalemid,100,"{""base_estimator"": null, ""calibration_method"": ""sigmoid"", ""eps"": 1e-12, ""mode"": ""weighted_retraining"", ""n_cv_folds"": 5}",linear,0.5,0.5,0.5,True,0,,,0.674689962800054,,,,,0.3675,False,-0.19027018822100789,0.889344262295082,1.0,0.998874,0.8675,0.8472622478386167,0.8009259259259259,0.9989555708873306,0.8674999999999999,0.12355143100087254,0.13088524123877307,"{""buckets"": [{""accuracy"": 0.18699186991869918, ""bin_hi"": 0.1, ""bin_lo"": 0.0, ""confidence"": 0.0008035066807540365, ""n_samples"": 1230}, {""accuracy"": 1.0, ""bin_hi"": 0.2, ""bin_lo"": 0.1, ""confidence"": 0.1276934726809702, ""n_samples"": 7}, {""accuracy"": 1.0, ""bin_hi"": 0.30000000000000004, ""bin_lo"": 0.2, ""confidence"": 0.2593258649190656, ""n_samples"": 7}, {""accuracy"": 1.0, ""bin_hi"": 0.4, ""bin_lo"": 0.30000000000000004, ""confidence"": 0.3510319831904035, ""n_samples"": 9}, {""accuracy"": 1.0, ""bin_hi"": 0.5, ""bin_lo"": 0.4, ""confidence"": 0.44330972797238516, ""n_samples"": 12}, {""accuracy"": 1.0, ""bin_hi"": 0.6000000000000001, ""bin_lo"": 0.5, ""confidence"": 0.5345830298232377, ""n_samples"": 5}, {""accuracy"": 1.0, ""bin_hi"": 0.7000000000000001, ""bin_lo"": 0.6000000000000001, ""confidence"": 0.6578064915448523, ""n_samples"": 5}, {""accuracy"": 1.0, ""bin_hi"": 0.8, ""bin_lo"": 0.7000000000000001, ""confidence"": 0.7732498463039623, ""n_samples"": 6}, {""accuracy"": 1.0, ""bin_hi"": 0.9, ""bin_lo"": 0.8, ""confidence"": 0.8570257098174192, ""n_samples"": 14}, {""accuracy"": 1.0, ""bin_hi"": 1.0, ""bin_lo"": 0.9, ""confidence"": 0.9978060393410436, ""n_samples"": 705}], ""ece"": 0.13088524123877307}",0.07799999999951979,success,
elkan_noto,sar-pi0.5-scalemid,101,"{""base_estimator"": null, ""calibration_method"": ""sigmoid"", ""eps"": 1e-12, ""mode"": ""weighted_retraining"", ""n_cv_folds"": 5}",linear,0.5,0.5,0.5,True,0,,,0.675542233418713,,,,,0.369,False,-0.18253777884384748,0.8863636363636364,1.0,0.999213,0.869,0.8492520138089759,0.7961741424802111,0.9992039811398548,0.869,0.12748236994465784,0.13345466667351222,"{""buckets"": [{""accuracy"": 0.19678714859437751, ""bin_hi"": 0.1, ""bin_lo"": 0.0, ""confidence"": 0.0011080647155509574, ""n_samples"": 1245}, {""accuracy"": 1.0, ""bin_hi"": 0.2, ""bin_lo"": 0.1, ""confidence"": 0.1496007132786903, ""n_samples"": 6}, {""accuracy"": 1.0, ""bin_hi"": 0.30000000000000004, ""bin_lo"": 0.2, ""confidence"": 0.25752432038526973, ""n_samples"": 3}, {""accuracy"": 1.0, ""bin_hi"": 0.4, ""bin_lo"": 0.30000000000000004, ""confidence"": 0.35459255969777065, ""n_samples"": 5}, {""accuracy"": 1.0, ""bin_hi"": 0.5, ""bin_lo"": 0.4, ""confidence"": 0.4805741114778092, ""n_samples"": 3}, {""accuracy"": 1.0, ""bin_hi"": 0.6000000000000001, ""bin_lo"": 0.5, ""confidence"": 0.5433791982295983, ""n_samples"": 10}, {""accuracy"": 1.0, ""bin_hi"": 0.7000000000000001, ""bin_lo"": 0.6000000000000001, ""confidence"": 0.6534598246364567, ""n_samples"": 9}, {""accuracy"": 1.0, ""bin_hi"": 0.8, ""bin_lo"": 0.7000000000000001, ""confidence"": 0.75323650338458, ""n_samples"": 6}, {""accuracy"": 1.0, ""bin_hi"": 0.9, ""bin_lo"": 0.8, ""confidence"": 0.8436625712145475, ""n_samples"": 6}, {""accuracy"": 1.0, ""bin_hi"": 1.0, ""bin_lo"": 0.9, ""confidence"": 0.998486476459329, ""n_samples"": 707}], ""ece"": 0.13345466667351222}",0.07799999999951979,success,
elkan_noto,sar-pi0.5-scalemid,102,"{""base_estimator"": null, ""calibration_method"": ""sigmoid"", ""eps"": 1e-12, ""mode"": ""weighted_retraining"", ""n_cv_folds"": 5}",linear,0.5,0.5,0.5,True,0,,,0.6818943929155385,,,,,0.394,False,-0.20894053806675167,0.920388349514563,1.0,0.999174,0.894,0.8814317673378076,0.7885521885521886,0.9991742656347725,0.894,0.10350504057824784,0.10605296698868989,"{""buckets"": [{""accuracy"": 0.16666666666666666, ""bin_hi"": 0.1, ""bin_lo"": 0.0, ""confidence"": 0.0003235555088390833, ""n_samples"": 1200}, {""accuracy"": 1.0, ""bin_hi"": 0.2, ""bin_lo"": 0.1, ""confidence"": 0.1529345806440469, ""n_samples"": 5}, {""accuracy"": 1.0, ""bin_hi"": 0.30000000000000004, ""bin_lo"": 0.2, ""confidence"": 0.24929274403388224, ""n_samples"": 3}, {""accuracy"": 1.0, ""bin_hi"": 0.4, ""bin_lo"": 0.30000000000000004, ""confidence"": 0.38410471779438526, ""n_samples"": 2}, {""accuracy"": 1.0, ""bin_hi"": 0.5, ""bin_lo"": 0.4, ""confidence"": 0.42290632659595995, ""n_samples"": 2}, {""accuracy"": 1.0, ""bin_hi"": 0.6000000000000001, ""bin_lo"": 0.5, ""confidence"": 0.5542025633758502, ""n_samples"": 3}, {""accuracy"": 1.0, ""bin_hi"": 0.7000000000000001, ""bin_lo"": 0.6000000000000001, ""confidence"": 0.6405730106849019, ""n_samples"": 2}, {""accuracy"": 1.0, ""bin_hi"": 0.8, ""bin_lo"": 0.7000000000000001, ""confidence"": 0.7789592437595592, ""n_samples"": 1}, {""accuracy"": 1.0, ""bin_hi"": 0.9, ""bin_lo"": 0.8, ""confidence"": 0.8454081462796591, ""n_samples"": 5}, {""accuracy"": 1.0, ""bin_hi"": 1.0, ""bin_lo"": 0.9, ""confidence"": 0.9992657303748462, ""n_samples"": 777}], ""ece"": 0.10605296698868989}",0.07899999999972351,success,
elkan_noto,sar-pi0.5-scalemid,103,"{""base_estimator"": null, ""calibration_method"": ""sigmoid"", ""eps"": 1e-12, ""mode"": ""weighted_retraining"", ""n_cv_folds"": 5}",linear,0.5,0.5,0.5,True,0,,,0.6719289460773692,,,,,0.36,False,-0.18948355093982783,0.8860759493670886,1.0,0.9993289999999999,0.86,0.8372093023255814,0.8034076015727392,0.9993570381673372,0.86,0.13157236209070017,0.1386349411360248,"{""buckets"": [{""accuracy"": 0.19419822723609992, ""bin_hi"": 0.1, ""bin_lo"": 0.0, ""confidence"": 0.0007766408471062571, ""n_samples"": 1241}, {""accuracy"": 1.0, ""bin_hi"": 0.2, ""bin_lo"": 0.1, ""confidence"": 0.1636121905500988, ""n_samples"": 16}, {""accuracy"": 1.0, ""bin_hi"": 0.30000000000000004, ""bin_lo"": 0.2, ""confidence"": 0.2505705644388157, ""n_samples"": 9}, {""accuracy"": 1.0, ""bin_hi"": 0.4, ""bin_lo"": 0.30000000000000004, ""confidence"": 0.3315395699796695, ""n_samples"": 11}, {""accuracy"": 1.0, ""bin_hi"": 0.5, ""bin_lo"": 0.4, ""confidence"": 0.4467169431792161, ""n_samples"": 3}, {""accuracy"": 1.0, ""bin_hi"": 0.6000000000000001, ""bin_lo"": 0.5, ""confidence"": 0.5691558100421656, ""n_samples"": 3}, {""accuracy"": 1.0, ""bin_hi"": 0.7000000000000001, ""bin_lo"": 0.6000000000000001, ""confidence"": 0.6778282885364657, ""n_samples"": 6}, {""accuracy"": 1.0, ""bin_hi"": 0.8, ""bin_lo"": 0.7000000000000001, ""confidence"": 0.7445615047150337, ""n_samples"": 7}, {""accuracy"": 1.0, ""bin_hi"": 0.9, ""bin_lo"": 0.8, ""confidence"": 0.8609489476183076, ""n_samples"": 9}, {""accuracy"": 1.0, ""bin_hi"": 1.0, ""bin_lo"": 0.9, ""confidence"": 0.9973688949434696, ""n_samples"": 695}], ""ece"": 0.1386349411360248}",0.07799999999951979,success,
elkan_noto,sar-pi0.5-scalemid,104,"{""base_estimator"": null, ""calibration_method"": ""sigmoid"", ""eps"": 1e-12, ""mode"": ""weighted_retraining"", ""n_cv_folds"": 5}",linear,0.5,0.5,0.5,True,0,,,0.6641297780647116,,,,,0.3755,False,-0.15112907849912038,0.8661257606490872,1.0,0.999126,0.8755,0.857795545402627,0.7850033178500332,0.9991376762392783,0.8755,0.09949930247344736,0.12534169775322604,"{""buckets"": [{""accuracy"": 0.11894273127753303, ""bin_hi"": 0.1, ""bin_lo"": 0.0, ""confidence"": 0.0022994113179302406, ""n_samples"": 1135}, {""accuracy"": 1.0, ""bin_hi"": 0.2, ""bin_lo"": 0.1, ""confidence"": 0.1482864186021663, ""n_samples"": 36}, {""accuracy"": 1.0, ""bin_hi"": 0.30000000000000004, ""bin_lo"": 0.2, ""confidence"": 0.24691166178767776, ""n_samples"": 26}, {""accuracy"": 1.0, ""bin_hi"": 0.4, ""bin_lo"": 0.30000000000000004, ""confidence"": 0.3616427185070066, ""n_samples"": 25}, {""accuracy"": 1.0, ""bin_hi"": 0.5, ""bin_lo"": 0.4, ""confidence"": 0.4565449154784496, ""n_samples"": 27}, {""accuracy"": 1.0, ""bin_hi"": 0.6000000000000001, ""bin_lo"": 0.5, ""confidence"": 0.550120494679502, ""n_samples"": 17}, {""accuracy"": 1.0, ""bin_hi"": 0.7000000000000001, ""bin_lo"": 0.6000000000000001, ""confidence"": 0.6558124905981528, ""n_samples"": 21}, {""accuracy"": 1.0, ""bin_hi"": 0.8, ""bin_lo"": 0.7000000000000001, ""confidence"": 0.7452962286133179, ""n_samples"": 37}, {""accuracy"": 1.0, ""bin_hi"": 0.9, ""bin_lo"": 0.8, ""confidence"": 0.8525790079807464, ""n_samples"": 52}, {""accuracy"": 1.0, ""bin_hi"": 1.0, ""bin_lo"": 0.9, ""confidence"": 0.9912608943992658, ""n_samples"": 624}], ""ece"": 0.12534169775322604}",0.06199999999989814,success,
elkan_noto,sar-pi0.5-scalemid,105,"{""base_estimator"": null, ""calibration_method"": ""sigmoid"", ""eps"": 1e-12, ""mode"": ""weighted_retraining"", ""n_cv_folds"": 5}",linear,0.5,0.5,0.5,True,0,,,0.6710650072029698,,,,,0.3825,False,-0.1743379169849758,0.8869047619047619,1.0,0.999272,0.8825,0.8668555240793201,0.7874331550802139,0.9992651106758299,0.8825000000000001,0.10547790236082977,0.11847070747470244,"{""buckets"": [{""accuracy"": 0.1554054054054054, ""bin_hi"": 0.1, ""bin_lo"": 0.0, ""confidence"": 0.0020566165279848926, ""n_samples"": 1184}, {""accuracy"": 1.0, ""bin_hi"": 0.2, ""bin_lo"": 0.1, ""confidence"": 0.1507104804415037, ""n_samples"": 16}, {""accuracy"": 1.0, ""bin_hi"": 0.30000000000000004, ""bin_lo"": 0.2, ""confidence"": 0.26527685799428447, ""n_samples"": 11}, {""accuracy"": 1.0, ""bin_hi"": 0.4, ""bin_lo"": 0.30000000000000004, ""confidence"": 0.35887012227035126, ""n_samples"": 12}, {""accuracy"": 1.0, ""bin_hi"": 0.5, ""bin_lo"": 0.4, ""confidence"": 0.44370590577647406, ""n_samples"": 12}, {""accuracy"": 1.0, ""bin_hi"": 0.6000000000000001, ""bin_lo"": 0.5, ""confidence"": 0.5420190584092155, ""n_samples"": 8}, {""accuracy"": 1.0, ""bin_hi"": 0.7000000000000001, ""bin_lo"": 0.6000000000000001, ""confidence"": 0.6458297782940209, ""n_samples"": 16}, {""accuracy"": 1.0, ""bin_hi"": 0.8, ""bin_lo"": 0.7000000000000001, ""confidence"": 0.7433195596689537, ""n_samples"": 20}, {""accuracy"": 1.0, ""bin_hi"": 0.9, ""bin_lo"": 0.8, ""confidence"": 0.8706710218490565, ""n_samples"": 17}, {""accuracy"": 1.0, ""bin_hi"": 1.0, ""bin_lo"": 0.9, ""confidence"": 0.9962017018964585, ""n_samples"": 704}], ""ece"": 0.11847070747470244}",0.07800000000042928,success,
elkan_noto,sar-pi0.5-scalemid,106,"{""base_estimator"": null, ""calibration_method"": ""sigmoid"", ""eps"": 1e-12, ""mode"": ""weighted_retraining"", ""n_cv_folds"": 5}",linear,0.5,0.5,0.5,True,0,,,0.6796272051456349,,,,,0.3885,False,-0.19568406831183638,0.90748031496063,1.0,0.999239,0.8885,0.8745075970737197,0.7882037533512064,0.9992506052814637,0.8885000000000001,0.10978002415830011,0.11223992714094802,"{""buckets"": [{""accuracy"": 0.17627677100494235, ""bin_hi"": 0.1, ""bin_lo"": 0.0, ""confidence"": 0.0004915946484808628, ""n_samples"": 1214}, {""accuracy"": 1.0, ""bin_hi"": 0.2, ""bin_lo"": 0.1, ""confidence"": 0.1621742988026207, ""n_samples"": 5}, {""accuracy"": 1.0, ""bin_hi"": 0.30000000000000004, ""bin_lo"": 0.2, ""confidence"": 0.2519576401443779, ""n_samples"": 1}, {""accuracy"": 1.0, ""bin_hi"": 0.4, ""bin_lo"": 0.30000000000000004, ""confidence"": 0.34585891857548245, ""n_samples"": 1}, {""accuracy"": 1.0, ""bin_hi"": 0.5, ""bin_lo"": 0.4, ""confidence"": 0.4292543168849342, ""n_samples"": 2}, {""accuracy"": 1.0, ""bin_hi"": 0.6000000000000001, ""bin_lo"": 0.5, ""confidence"": 0.5383407312320699, ""n_samples"": 5}, {""accuracy"": 1.0, ""bin_hi"": 0.7000000000000001, ""bin_lo"": 0.6000000000000001, ""confidence"": 0.6485574984555662, ""n_samples"": 2}, {""accuracy"": 1.0, ""bin_hi"": 0.8, ""bin_lo"": 0.7000000000000001, ""confidence"": 0.7565552988132013, ""n_samples"": 3}, {""accuracy"": 1.0, ""bin_hi"": 0.9, ""bin_lo"": 0.8, ""confidence"": 0.8280180181577117, ""n_samples"": 2}, {""accuracy"": 1.0, ""bin_hi"": 1.0, ""bin_lo"": 0.9, ""confidence"": 0.9996622647614626, ""n_samples"": 765}], ""ece"": 0.11223992714094802}",0.07800000000042928,success,
elkan_noto,sar-pi0.5-scalemid,107,"{""base_estimator"": null, ""calibration_method"": ""sigmoid"", ""eps"": 1e-12, ""mode"": ""weighted_retraining"", ""n_cv_folds"": 5}",linear,0.5,0.5,0.5,True,0,,,0.6737680392223719,,,,,0.3795,False,-0.19937736041645404,0.9092783505154639,1.0,0.999139,0.8795,0.8629903354178511,0.7900990099009901,0.9991409917780301,0.8795,0.1172823614411543,0.11946145101483857,"{""buckets"": [{""accuracy"": 0.18633034987794955, ""bin_hi"": 0.1, ""bin_lo"": 0.0, ""confidence"": 0.0002402479119600781, ""n_samples"": 1229}, {""accuracy"": 1.0, ""bin_hi"": 0.2, ""bin_lo"": 0.1, ""confidence"": 0.17680643158041465, ""n_samples"": 2}, {""accuracy"": 1.0, ""bin_hi"": 0.30000000000000004, ""bin_lo"": 0.2, ""confidence"": 0.22030390098819722, ""n_samples"": 3}, {""accuracy"": 1.0, ""bin_hi"": 0.4, ""bin_lo"": 0.30000000000000004, ""confidence"": 0.3398510461401878, ""n_samples"": 3}, {""accuracy"": 1.0, ""bin_hi"": 0.5, ""bin_lo"": 0.4, ""confidence"": 0.4582609493284531, ""n_samples"": 4}, {""accuracy"": 0.0, ""bin_hi"": 0.6000000000000001, ""bin_lo"": 0.5, ""confidence"": 0.0, ""n_samples"": 0}, {""accuracy"": 1.0, ""bin_hi"": 0.7000000000000001, ""bin_lo"": 0.6000000000000001, ""confidence"": 0.660095032640669, ""n_samples"": 3}, {""accuracy"": 1.0, ""bin_hi"": 0.8, ""bin_lo"": 0.7000000000000001, ""confidence"": 0.7972050840161219, ""n_samples"": 1}, {""accuracy"": 1.0, ""bin_hi"": 0.9, ""bin_lo"": 0.8, ""confidence"": 0.8515473950941991, ""n_samples"": 3}, {""accuracy"": 1.0, ""bin_hi"": 1.0, ""bin_lo"": 0.9, ""confidence"": 0.9994449194380897, ""n_samples"": 752}], ""ece"": 0.11946145101483857}",0.07800000000042928,success,
elkan_noto,sar-pi0.5-scalemid,108,"{""base_estimator"": null, ""calibration_method"": ""sigmoid"", ""eps"": 1e-12, ""mode"": ""weighted_retraining"", ""n_cv_folds"": 5}",linear,0.5,0.5,0.5,True,0,,,0.6805777460027859,,,,,0.385,False,-0.18937373747994096,0.898238747553816,1.0,0.999417,0.885,0.8700564971751412,0.791134989926125,0.9994286506337453,0.885,0.11084868377341305,0.11536206318204892,"{""buckets"": [{""accuracy"": 0.17355371900826447, ""bin_hi"": 0.1, ""bin_lo"": 0.0, ""confidence"": 0.0006032287736588184, ""n_samples"": 1210}, {""accuracy"": 1.0, ""bin_hi"": 0.2, ""bin_lo"": 0.1, ""confidence"": 0.15045451360637016, ""n_samples"": 6}, {""accuracy"": 1.0, ""bin_hi"": 0.30000000000000004, ""bin_lo"": 0.2, ""confidence"": 0.2425942252606534, ""n_samples"": 9}, {""accuracy"": 1.0, ""bin_hi"": 0.4, ""bin_lo"": 0.30000000000000004, ""confidence"": 0.33337082883780184, ""n_samples"": 1}, {""accuracy"": 1.0, ""bin_hi"": 0.5, ""bin_lo"": 0.4, ""confidence"": 0.4572741400810563, ""n_samples"": 4}, {""accuracy"": 1.0, ""bin_hi"": 0.6000000000000001, ""bin_lo"": 0.5, ""confidence"": 0.5625007140356932, ""n_samples"": 4}, {""accuracy"": 1.0, ""bin_hi"": 0.7000000000000001, ""bin_lo"": 0.6000000000000001, ""confidence"": 0.6349999674324106, ""n_samples"": 6}, {""accuracy"": 1.0, ""bin_hi"": 0.8, ""bin_lo"": 0.7000000000000001, ""confidence"": 0.7365292743115373, ""n_samples"": 4}, {""accuracy"": 1.0, ""bin_hi"": 0.9, ""bin_lo"": 0.8, ""confidence"": 0.8619821216752271, ""n_samples"": 5}, {""accuracy"": 1.0, ""bin_hi"": 1.0, ""bin_lo"": 0.9, ""confidence"": 0.9986436670509579, ""n_samples"": 751}], ""ece"": 0.11536206318204892}",0.07800000000042928,success,
elkan_noto,sar-pi0.5-scalemid,109,"{""base_estimator"": null, ""calibration_method"": ""sigmoid"", ""eps"": 1e-12, ""mode"": ""weighted_retraining"", ""n_cv_folds"": 5}",linear,0.5,0.5,0.5,True,0,,,0.6667002760397823,,,,,0.401,False,-0.18822213449138048,0.9137254901960784,1.0,0.999548,0.901,0.8901220865704772,0.774496644295302,0.9995763440747403,0.901,0.09747635397205161,0.09838422309859784,"{""buckets"": [{""accuracy"": 0.1624790619765494, ""bin_hi"": 0.1, ""bin_lo"": 0.0, ""confidence"": 0.00035422284964451545, ""n_samples"": 1194}, {""accuracy"": 0.0, ""bin_hi"": 0.2, ""bin_lo"": 0.1, ""confidence"": 0.0, ""n_samples"": 0}, {""accuracy"": 0.0, ""bin_hi"": 0.30000000000000004, ""bin_lo"": 0.2, ""confidence"": 0.0, ""n_samples"": 0}, {""accuracy"": 1.0, ""bin_hi"": 0.4, ""bin_lo"": 0.30000000000000004, ""confidence"": 0.32658739678789106, ""n_samples"": 3}, {""accuracy"": 1.0, ""bin_hi"": 0.5, ""bin_lo"": 0.4, ""confidence"": 0.40462923190498357, ""n_samples"": 1}, {""accuracy"": 0.0, ""bin_hi"": 0.6000000000000001, ""bin_lo"": 0.5, ""confidence"": 0.0, ""n_samples"": 0}, {""accuracy"": 0.0, ""bin_hi"": 0.7000000000000001, ""bin_lo"": 0.6000000000000001, ""confidence"": 0.0, ""n_samples"": 0}, {""accuracy"": 1.0, ""bin_hi"": 0.8, ""bin_lo"": 0.7000000000000001, ""confidence"": 0.7974621033833462, ""n_samples"": 1}, {""accuracy"": 0.0, ""bin_hi"": 0.9, ""bin_lo"": 0.8, ""confidence"": 0.0, ""n_samples"": 0}, {""accuracy"": 1.0, ""bin_hi"": 1.0, ""bin_lo"": 0.9, ""confidence"": 0.999534030205589, ""n_samples"": 801}], ""ece"": 0.09838422309859784}",0.06300000000010186,success,
elkan_noto,sar-pi0.5-scalemid,110,"{""base_estimator"": null, ""calibration_method"": ""sigmoid"", ""eps"": 1e-12, ""mode"": ""weighted_retraining"", ""n_cv_folds"": 5}",linear,0.5,0.5,0.5,True,0,,,0.6663993516509022,,,,,0.3735,False,-0.189288032952719,0.8977035490605428,1.0,0.999339,0.8735,0.8551803091013166,0.7915844838921762,0.9993533017788493,0.8734999999999999,0.12264911181692247,0.1261383322704138,"{""buckets"": [{""accuracy"": 0.19224555735056542, ""bin_hi"": 0.1, ""bin_lo"": 0.0, ""confidence"": 0.000452566287964619, ""n_samples"": 1238}, {""accuracy"": 1.0, ""bin_hi"": 0.2, ""bin_lo"": 0.1, ""confidence"": 0.16098421695697912, ""n_samples"": 2}, {""accuracy"": 1.0, ""bin_hi"": 0.30000000000000004, ""bin_lo"": 0.2, ""confidence"": 0.251802398187371, ""n_samples"": 3}, {""accuracy"": 1.0, ""bin_hi"": 0.4, ""bin_lo"": 0.30000000000000004, ""confidence"": 0.3523107703246567, ""n_samples"": 4}, {""accuracy"": 1.0, ""bin_hi"": 0.5, ""bin_lo"": 0.4, ""confidence"": 0.42198516471385744, ""n_samples"": 6}, {""accuracy"": 1.0, ""bin_hi"": 0.6000000000000001, ""bin_lo"": 0.5, ""confidence"": 0.5660063342928464, ""n_samples"": 7}, {""accuracy"": 1.0, ""bin_hi"": 0.7000000000000001, ""bin_lo"": 0.6000000000000001, ""confidence"": 0.6922530197092651, ""n_samples"": 1}, {""accuracy"": 1.0, ""bin_hi"": 0.8, ""bin_lo"": 0.7000000000000001, ""confidence"": 0.744417912590651, ""n_samples"": 1}, {""accuracy"": 1.0, ""bin_hi"": 0.9, ""bin_lo"": 0.8, ""confidence"": 0.8415506392275389, ""n_samples"": 4}, {""accuracy"": 1.0, ""bin_hi"": 1.0, ""bin_lo"": 0.9, ""confidence"": 0.9991547831980304, ""n_samples"": 734}], ""ece"": 0.1261383322704138}",0.06199999999989814,success,
elkan_noto,sar-pi0.5-scalemid,111,"{""base_estimator"": null, ""calibration_method"": ""sigmoid"", ""eps"": 1e-12, ""mode"": ""weighted_retraining"", ""n_cv_folds"": 5}",linear,0.5,0.5,0.5,True,0,,,0.6930305878229983,,,,,0.382,False,-0.20040993281692843,0.9013539651837524,1.0,0.999336,0.882,0.8662131519274376,0.799055967633176,0.9993286188738699,0.882,0.11557922856857103,0.11973469545576623,"{""buckets"": [{""accuracy"": 0.1836734693877551, ""bin_hi"": 0.1, ""bin_lo"": 0.0, ""confidence"": 0.000725318572591347, ""n_samples"": 1225}, {""accuracy"": 1.0, ""bin_hi"": 0.2, ""bin_lo"": 0.1, ""confidence"": 0.12282800530831589, ""n_samples"": 1}, {""accuracy"": 1.0, ""bin_hi"": 0.30000000000000004, ""bin_lo"": 0.2, ""confidence"": 0.2398263884375362, ""n_samples"": 6}, {""accuracy"": 1.0, ""bin_hi"": 0.4, ""bin_lo"": 0.30000000000000004, ""confidence"": 0.3626557114654094, ""n_samples"": 2}, {""accuracy"": 1.0, ""bin_hi"": 0.5, ""bin_lo"": 0.4, ""confidence"": 0.431027615726563, ""n_samples"": 2}, {""accuracy"": 1.0, ""bin_hi"": 0.6000000000000001, ""bin_lo"": 0.5, ""confidence"": 0.5593925980444149, ""n_samples"": 7}, {""accuracy"": 1.0, ""bin_hi"": 0.7000000000000001, ""bin_lo"": 0.6000000000000001, ""confidence"": 0.6169190222164653, ""n_samples"": 2}, {""accuracy"": 1.0, ""bin_hi"": 0.8, ""bin_lo"": 0.7000000000000001, ""confidence"": 0.7627570877979328, ""n_samples"": 4}, {""accuracy"": 1.0, ""bin_hi"": 0.9, ""bin_lo"": 0.8, ""confidence"": 0.8601498605288012, ""n_samples"": 13}, {""accuracy"": 1.0, ""bin_hi"": 1.0, ""bin_lo"": 0.9, ""confidence"": 0.9987945502410782, ""n_samples"": 738}], ""ece"": 0.11973469545576623}",0.06199999999989814,success,
elkan_noto,sar-pi0.5-scalemid,112,"{""base_estimator"": null, ""calibration_method"": ""sigmoid"", ""eps"": 1e-12, ""mode"": ""weighted_retraining"", ""n_cv_folds"": 5}",linear,0.5,0.5,0.5,True,0,,,0.683718218628269,,,,,0.3765,False,-0.17898507206588882,0.8870967741935484,1.0,0.9993529999999999,0.8765,0.8590986879634912,0.7918882978723404,0.9993761136090124,0.8765000000000001,0.12075218454593935,0.1232985310538717,"{""buckets"": [{""accuracy"": 0.1902834008097166, ""bin_hi"": 0.1, ""bin_lo"": 0.0, ""confidence"": 0.0003404463973534451, ""n_samples"": 1235}, {""accuracy"": 1.0, ""bin_hi"": 0.2, ""bin_lo"": 0.1, ""confidence"": 0.1304016131631345, ""n_samples"": 4}, {""accuracy"": 1.0, ""bin_hi"": 0.30000000000000004, ""bin_lo"": 0.2, ""confidence"": 0.24600607963676518, ""n_samples"": 2}, {""accuracy"": 1.0, ""bin_hi"": 0.4, ""bin_lo"": 0.30000000000000004, ""confidence"": 0.35207277754332833, ""n_samples"": 3}, {""accuracy"": 1.0, ""bin_hi"": 0.5, ""bin_lo"": 0.4, ""confidence"": 0.4295422107714079, ""n_samples"": 3}, {""accuracy"": 1.0, ""bin_hi"": 0.6000000000000001, ""bin_lo"": 0.5, ""confidence"": 0.580033242204078, ""n_samples"": 2}, {""accuracy"": 1.0, ""bin_hi"": 0.7000000000000001, ""bin_lo"": 0.6000000000000001, ""confidence"": 0.6572724886578414, ""n_samples"": 2}, {""accuracy"": 1.0, ""bin_hi"": 0.8, ""bin_lo"": 0.7000000000000001, ""confidence"": 0.7412363784221548, ""n_samples"": 3}, {""accuracy"": 1.0, ""bin_hi"": 0.9, ""bin_lo"": 0.8, ""confidence"": 0.8362184452554006, ""n_samples"": 4}, {""accuracy"": 1.0, ""bin_hi"": 1.0, ""bin_lo"": 0.9, ""confidence"": 0.9994350790251253, ""n_samples"": 742}], ""ece"": 0.1232985310538717}",0.07799999999951979,success,
elkan_noto,sar-pi0.5-scalemid,113,"{""base_estimator"": null, ""calibration_method"": ""sigmoid"", ""eps"": 1e-12, ""mode"": ""weighted_retraining"", ""n_cv_folds"": 5}",linear,0.5,0.5,0.5,True,0,,,0.6743472585581325,,,,,0.3775,False,-0.178,0.886,1.0,0.998329,0.8775,0.8603988603988604,0.792,0.9986064606356923,0.8775,0.1001099951826555,0.1271306998618316,"{""buckets"": [{""accuracy"": 0.12059859154929578, ""bin_hi"": 0.1, ""bin_lo"": 0.0, ""confidence"": 0.0028839016613086818, ""n_samples"": 1136}, {""accuracy"": 1.0, ""bin_hi"": 0.2, ""bin_lo"": 0.1, ""confidence"": 0.14120285906363958, ""n_samples"": 33}, {""accuracy"": 1.0, ""bin_hi"": 0.30000000000000004, ""bin_lo"": 0.2, ""confidence"": 0.24846175685215985, ""n_samples"": 31}, {""accuracy"": 1.0, ""bin_hi"": 0.4, ""bin_lo"": 0.30000000000000004, ""confidence"": 0.3480822629043001, ""n_samples"": 21}, {""accuracy"": 0.9583333333333334, ""bin_hi"": 0.5, ""bin_lo"": 0.4, ""confidence"": 0.443964264035911, ""n_samples"": 24}, {""accuracy"": 1.0, ""bin_hi"": 0.6000000000000001, ""bin_lo"": 0.5, ""confidence"": 0.5493535643891808, ""n_samples"": 23}, {""accuracy"": 1.0, ""bin_hi"": 0.7000000000000001, ""bin_lo"": 0.6000000000000001, ""confidence"": 0.6560671557646083, ""n_samples"": 26}, {""accuracy"": 1.0, ""bin_hi"": 0.8, ""bin_lo"": 0.7000000000000001, ""confidence"": 0.7591449210721519, ""n_samples"": 32}, {""accuracy"": 1.0, ""bin_hi"": 0.9, ""bin_lo"": 0.8, ""confidence"": 0.8569911868476282, ""n_samples"": 60}, {""accuracy"": 1.0, ""bin_hi"": 1.0, ""bin_lo"": 0.9, ""confidence"": 0.9881606231331, ""n_samples"": 614}], ""ece"": 0.1271306998618316}",0.07899999999972351,success,
elkan_noto,sar-pi0.5-scalemid,114,"{""base_estimator"": null, ""calibration_method"": ""sigmoid"", ""eps"": 1e-12, ""mode"": ""weighted_retraining"", ""n_cv_folds"": 5}",linear,0.5,0.5,0.5,True,0,,,0.6838556406959769,,,,,0.38,False,-0.20061508760358826,0.905811623246493,1.0,0.998273,0.879,0.8625,0.7948034643570953,0.9975120254250729,0.879,0.11871601083997856,0.12021072667875296,"{""buckets"": [{""accuracy"": 0.18846466287571081, ""bin_hi"": 0.1, ""bin_lo"": 0.0, ""confidence"": 0.00023985892702000166, ""n_samples"": 1231}, {""accuracy"": 1.0, ""bin_hi"": 0.2, ""bin_lo"": 0.1, ""confidence"": 0.1040061854303409, ""n_samples"": 1}, {""accuracy"": 1.0, ""bin_hi"": 0.30000000000000004, ""bin_lo"": 0.2, ""confidence"": 0.2449832756371359, ""n_samples"": 4}, {""accuracy"": 1.0, ""bin_hi"": 0.4, ""bin_lo"": 0.30000000000000004, ""confidence"": 0.39566131507232444, ""n_samples"": 1}, {""accuracy"": 1.0, ""bin_hi"": 0.5, ""bin_lo"": 0.4, ""confidence"": 0.4248205116885146, ""n_samples"": 3}, {""accuracy"": 1.0, ""bin_hi"": 0.6000000000000001, ""bin_lo"": 0.5, ""confidence"": 0.5469244261526682, ""n_samples"": 1}, {""accuracy"": 1.0, ""bin_hi"": 0.7000000000000001, ""bin_lo"": 0.6000000000000001, ""confidence"": 0.6717040162662625, ""n_samples"": 1}, {""accuracy"": 1.0, ""bin_hi"": 0.8, ""bin_lo"": 0.7000000000000001, ""confidence"": 0.7464905346498814, ""n_samples"": 2}, {""accuracy"": 1.0, ""bin_hi"": 0.9, ""bin_lo"": 0.8, ""confidence"": 0.8447642724277101, ""n_samples"": 4}, {""accuracy"": 0.9986702127659575, ""bin_hi"": 1.0, ""bin_lo"": 0.9, ""confidence"": 0.9994168197290078, ""n_samples"": 752}], ""ece"": 0.12021072667875296}",0.07799999999951979,success,
elkan_noto,sar-pi0.5-scalemid,115,"{""base_estimator"": null, ""calibration_method"": ""sigmoid"", ""eps"": 1e-12, ""mode"": ""weighted_retraining"", ""n_cv_folds"": 5}",linear,0.5,0.5,0.5,True,0,,,0.6785094413859608,,,,,0.385,False,-0.18133333333333335,0.896,1.0,0.9990410000000001,0.885,0.8700564971751412,0.7853333333333333,0.9990721541667746,0.885,0.11496283192271387,0.11653725217633275,"{""buckets"": [{""accuracy"": 0.18633034987794955, ""bin_hi"": 0.1, ""bin_lo"": 0.0, ""confidence"": 0.0002533689276072639, ""n_samples"": 1229}, {""accuracy"": 0.0, ""bin_hi"": 0.2, ""bin_lo"": 0.1, ""confidence"": 0.0, ""n_samples"": 0}, {""accuracy"": 1.0, ""bin_hi"": 0.30000000000000004, ""bin_lo"": 0.2, ""confidence"": 0.2717864720558362, ""n_samples"": 1}, {""accuracy"": 0.0, ""bin_hi"": 0.4, ""bin_lo"": 0.30000000000000004, ""confidence"": 0.0, ""n_samples"": 0}, {""accuracy"": 0.0, ""bin_hi"": 0.5, ""bin_lo"": 0.4, ""confidence"": 0.0, ""n_samples"": 0}, {""accuracy"": 1.0, ""bin_hi"": 0.6000000000000001, ""bin_lo"": 0.5, ""confidence"": 0.5260642429638445, ""n_samples"": 1}, {""accuracy"": 1.0, ""bin_hi"": 0.7000000000000001, ""bin_lo"": 0.6000000000000001, ""confidence"": 0.6492043958495781, ""n_samples"": 4}, {""accuracy"": 1.0, ""bin_hi"": 0.8, ""bin_lo"": 0.7000000000000001, ""confidence"": 0.7950022849243065, ""n_samples"": 4}, {""accuracy"": 1.0, ""bin_hi"": 0.9, ""bin_lo"": 0.8, ""confidence"": 0.8522515286920435, ""n_samples"": 4}, {""accuracy"": 1.0, ""bin_hi"": 1.0, ""bin_lo"": 0.9, ""confidence"": 0.9995117855778359, ""n_samples"": 757}], ""ece"": 0.11653725217633275}",0.06199999999989814,success,
elkan_noto,sar-pi0.5-scalemid,116,"{""base_estimator"": null, ""calibration_method"": ""sigmoid"", ""eps"": 1e-12, ""mode"": ""weighted_retraining"", ""n_cv_folds"": 5}",linear,0.5,0.5,0.5,True,0,,,0.6747020131952282,,,,,0.377,False,-0.18933333333333335,0.894,1.0,0.999529,0.877,0.8597491448118586,0.7953333333333333,0.9995639451320858,0.877,0.11576629212138438,0.12134123655692586,"{""buckets"": [{""accuracy"": 0.17830731306491374, ""bin_hi"": 0.1, ""bin_lo"": 0.0, ""confidence"": 0.0008477694666669361, ""n_samples"": 1217}, {""accuracy"": 1.0, ""bin_hi"": 0.2, ""bin_lo"": 0.1, ""confidence"": 0.14467507122700718, ""n_samples"": 8}, {""accuracy"": 1.0, ""bin_hi"": 0.30000000000000004, ""bin_lo"": 0.2, ""confidence"": 0.23941738338956245, ""n_samples"": 9}, {""accuracy"": 1.0, ""bin_hi"": 0.4, ""bin_lo"": 0.30000000000000004, ""confidence"": 0.3356923198104906, ""n_samples"": 3}, {""accuracy"": 1.0, ""bin_hi"": 0.5, ""bin_lo"": 0.4, ""confidence"": 0.45227630298006993, ""n_samples"": 9}, {""accuracy"": 1.0, ""bin_hi"": 0.6000000000000001, ""bin_lo"": 0.5, ""confidence"": 0.5404356228996738, ""n_samples"": 1}, {""accuracy"": 1.0, ""bin_hi"": 0.7000000000000001, ""bin_lo"": 0.6000000000000001, ""confidence"": 0.6267314155593016, ""n_samples"": 4}, {""accuracy"": 1.0, ""bin_hi"": 0.8, ""bin_lo"": 0.7000000000000001, ""confidence"": 0.7525774453908377, ""n_samples"": 6}, {""accuracy"": 1.0, ""bin_hi"": 0.9, ""bin_lo"": 0.8, ""confidence"": 0.8431028677962189, ""n_samples"": 8}, {""accuracy"": 1.0, ""bin_hi"": 1.0, ""bin_lo"": 0.9, ""confidence"": 0.9980794854949507, ""n_samples"": 735}], ""ece"": 0.12134123655692586}",0.0929999999998472,success,
elkan_noto,sar-pi0.5-scalemid,117,"{""base_estimator"": null, ""calibration_method"": ""sigmoid"", ""eps"": 1e-12, ""mode"": ""weighted_retraining"", ""n_cv_folds"": 5}",linear,0.5,0.5,0.5,True,0,,,0.6788620053694228,,,,,0.396,False,-0.18816700687839155,0.905587668593449,1.0,0.998573,0.895,0.8828125,0.7825793382849426,0.9985982140900651,0.895,0.10188709106748749,0.10403295471268047,"{""buckets"": [{""accuracy"": 0.16471571906354515, ""bin_hi"": 0.1, ""bin_lo"": 0.0, ""confidence"": 0.00035968675277332253, ""n_samples"": 1196}, {""accuracy"": 1.0, ""bin_hi"": 0.2, ""bin_lo"": 0.1, ""confidence"": 0.17353336748030124, ""n_samples"": 2}, {""accuracy"": 1.0, ""bin_hi"": 0.30000000000000004, ""bin_lo"": 0.2, ""confidence"": 0.24254675882423976, ""n_samples"": 4}, {""accuracy"": 1.0, ""bin_hi"": 0.4, ""bin_lo"": 0.30000000000000004, ""confidence"": 0.35252492757902143, ""n_samples"": 3}, {""accuracy"": 1.0, ""bin_hi"": 0.5, ""bin_lo"": 0.4, ""confidence"": 0.44972227501337575, ""n_samples"": 3}, {""accuracy"": 1.0, ""bin_hi"": 0.6000000000000001, ""bin_lo"": 0.5, ""confidence"": 0.5541576188842131, ""n_samples"": 2}, {""accuracy"": 1.0, ""bin_hi"": 0.7000000000000001, ""bin_lo"": 0.6000000000000001, ""confidence"": 0.6429858572060814, ""n_samples"": 2}, {""accuracy"": 1.0, ""bin_hi"": 0.8, ""bin_lo"": 0.7000000000000001, ""confidence"": 0.7258455837841263, ""n_samples"": 3}, {""accuracy"": 0.75, ""bin_hi"": 0.9, ""bin_lo"": 0.8, ""confidence"": 0.8407478348553955, ""n_samples"": 4}, {""accuracy"": 1.0, ""bin_hi"": 1.0, ""bin_lo"": 0.9, ""confidence"": 0.9994508034266019, ""n_samples"": 781}], ""ece"": 0.10403295471268047}",0.06300000000010186,success,
elkan_noto,sar-pi0.5-scalemid,118,"{""base_estimator"": null, ""calibration_method"": ""sigmoid"", ""eps"": 1e-12, ""mode"": ""weighted_retraining"", ""n_cv_folds"": 5}",linear,0.5,0.5,0.5,True,0,,,0.682644830929197,,,,,0.3765,False,-0.20816384259572823,0.9065606361829026,1.0,0.999439,0.8765,0.8590986879634912,0.8016032064128257,0.9994307438524673,0.8765000000000001,0.11815530465679405,0.12318422574262113,"{""buckets"": [{""accuracy"": 0.18433931484502447, ""bin_hi"": 0.1, ""bin_lo"": 0.0, ""confidence"": 0.0011471901512864224, ""n_samples"": 1226}, {""accuracy"": 1.0, ""bin_hi"": 0.2, ""bin_lo"": 0.1, ""confidence"": 0.1636440169073904, ""n_samples"": 8}, {""accuracy"": 1.0, ""bin_hi"": 0.30000000000000004, ""bin_lo"": 0.2, ""confidence"": 0.2440131307326396, ""n_samples"": 3}, {""accuracy"": 1.0, ""bin_hi"": 0.4, ""bin_lo"": 0.30000000000000004, ""confidence"": 0.35096479516330287, ""n_samples"": 8}, {""accuracy"": 1.0, ""bin_hi"": 0.5, ""bin_lo"": 0.4, ""confidence"": 0.47127082229520373, ""n_samples"": 2}, {""accuracy"": 1.0, ""bin_hi"": 0.6000000000000001, ""bin_lo"": 0.5, ""confidence"": 0.5463197023110059, ""n_samples"": 3}, {""accuracy"": 1.0, ""bin_hi"": 0.7000000000000001, ""bin_lo"": 0.6000000000000001, ""confidence"": 0.6697458947624799, ""n_samples"": 4}, {""accuracy"": 1.0, ""bin_hi"": 0.8, ""bin_lo"": 0.7000000000000001, ""confidence"": 0.7463649594965435, ""n_samples"": 9}, {""accuracy"": 1.0, ""bin_hi"": 0.9, ""bin_lo"": 0.8, ""confidence"": 0.8544600485201757, ""n_samples"": 5}, {""accuracy"": 1.0, ""bin_hi"": 1.0, ""bin_lo"": 0.9, ""confidence"": 0.9988061670654017, ""n_samples"": 732}], ""ece"": 0.12318422574262113}",0.06199999999989814,success,
elkan_noto,sar-pi0.5-scalemid,119,"{""base_estimator"": null, ""calibration_method"": ""sigmoid"", ""eps"": 1e-12, ""mode"": ""weighted_retraining"", ""n_cv_folds"": 5}",linear,0.5,0.5,0.5,True,0,,,0.658147034175453,,,,,0.391,False,-0.16606298148398435,0.8938775510204081,1.0,0.9991070000000001,0.891,0.877665544332211,0.7721854304635761,0.9991289954431406,0.891,0.10787764880175052,0.1094559347404335,"{""buckets"": [{""accuracy"": 0.17627677100494235, ""bin_hi"": 0.1, ""bin_lo"": 0.0, ""confidence"": 0.0002572952377558393, ""n_samples"": 1214}, {""accuracy"": 0.0, ""bin_hi"": 0.2, ""bin_lo"": 0.1, ""confidence"": 0.0, ""n_samples"": 0}, {""accuracy"": 1.0, ""bin_hi"": 0.30000000000000004, ""bin_lo"": 0.2, ""confidence"": 0.26007695883927995, ""n_samples"": 1}, {""accuracy"": 1.0, ""bin_hi"": 0.4, ""bin_lo"": 0.30000000000000004, ""confidence"": 0.36722015416052367, ""n_samples"": 2}, {""accuracy"": 1.0, ""bin_hi"": 0.5, ""bin_lo"": 0.4, ""confidence"": 0.41073415922709994, ""n_samples"": 1}, {""accuracy"": 1.0, ""bin_hi"": 0.6000000000000001, ""bin_lo"": 0.5, ""confidence"": 0.5393894061083455, ""n_samples"": 1}, {""accuracy"": 1.0, ""bin_hi"": 0.7000000000000001, ""bin_lo"": 0.6000000000000001, ""confidence"": 0.619668329311155, ""n_samples"": 1}, {""accuracy"": 1.0, ""bin_hi"": 0.8, ""bin_lo"": 0.7000000000000001, ""confidence"": 0.7405159430047942, ""n_samples"": 3}, {""accuracy"": 1.0, ""bin_hi"": 0.9, ""bin_lo"": 0.8, ""confidence"": 0.85081638981066, ""n_samples"": 4}, {""accuracy"": 1.0, ""bin_hi"": 1.0, ""bin_lo"": 0.9, ""confidence"": 0.999465267206253, ""n_samples"": 773}], ""ece"": 0.1094559347404335}",0.06199999999989814,success,
