dataset,seed,repetition,unlabeled_size,class_prior,strictly_feasible,actual_unlabeled_size,actual_test_size,failure_reasons,cell_all_repetitions_feasible,selected_for_execution,sampling_policy,fidelity_level
mushrooms,2018,0,800,0.2,True,800,1000,,True,True,strict_complete_cells,paper_protocol_strict_feasible_subset
mushrooms,2019,1,800,0.2,True,800,1000,,True,True,strict_complete_cells,paper_protocol_strict_feasible_subset
mushrooms,2020,2,800,0.2,True,800,1000,,True,True,strict_complete_cells,paper_protocol_strict_feasible_subset
mushrooms,2021,3,800,0.2,True,800,1000,,True,True,strict_complete_cells,paper_protocol_strict_feasible_subset
mushrooms,2022,4,800,0.2,True,800,1000,,True,True,strict_complete_cells,paper_protocol_strict_feasible_subset
mushrooms,2023,5,800,0.2,True,800,1000,,True,True,strict_complete_cells,paper_protocol_strict_feasible_subset
mushrooms,2024,6,800,0.2,True,800,1000,,True,True,strict_complete_cells,paper_protocol_strict_feasible_subset
mushrooms,2025,7,800,0.2,True,800,1000,,True,True,strict_complete_cells,paper_protocol_strict_feasible_subset
mushrooms,2026,8,800,0.2,True,800,1000,,True,True,strict_complete_cells,paper_protocol_strict_feasible_subset
mushrooms,2027,9,800,0.2,True,800,1000,,True,True,strict_complete_cells,paper_protocol_strict_feasible_subset
mushrooms,2028,10,800,0.2,True,800,1000,,True,True,strict_complete_cells,paper_protocol_strict_feasible_subset
mushrooms,2029,11,800,0.2,True,800,1000,,True,True,strict_complete_cells,paper_protocol_strict_feasible_subset
mushrooms,2030,12,800,0.2,True,800,1000,,True,True,strict_complete_cells,paper_protocol_strict_feasible_subset
mushrooms,2031,13,800,0.2,True,800,1000,,True,True,strict_complete_cells,paper_protocol_strict_feasible_subset
mushrooms,2032,14,800,0.2,True,800,1000,,True,True,strict_complete_cells,paper_protocol_strict_feasible_subset
mushrooms,2033,15,800,0.2,True,800,1000,,True,True,strict_complete_cells,paper_protocol_strict_feasible_subset
mushrooms,2034,16,800,0.2,True,800,1000,,True,True,strict_complete_cells,paper_protocol_strict_feasible_subset
mushrooms,2035,17,800,0.2,True,800,1000,,True,True,strict_complete_cells,paper_protocol_strict_feasible_subset
mushrooms,2036,18,800,0.2,True,800,1000,,True,True,strict_complete_cells,paper_protocol_strict_feasible_subset
mushrooms,2037,19,800,0.2,True,800,1000,,True,True,strict_complete_cells,paper_protocol_strict_feasible_subset
mushrooms,2038,20,800,0.2,True,800,1000,,True,True,strict_complete_cells,paper_protocol_strict_feasible_subset
mushrooms,2039,21,800,0.2,True,800,1000,,True,True,strict_complete_cells,paper_protocol_strict_feasible_subset
mushrooms,2040,22,800,0.2,True,800,1000,,True,True,strict_complete_cells,paper_protocol_strict_feasible_subset
mushrooms,2041,23,800,0.2,True,800,1000,,True,True,strict_complete_cells,paper_protocol_strict_feasible_subset
mushrooms,2042,24,800,0.2,True,800,1000,,True,True,strict_complete_cells,paper_protocol_strict_feasible_subset
mushrooms,2043,25,800,0.2,True,800,1000,,True,True,strict_complete_cells,paper_protocol_strict_feasible_subset
mushrooms,2044,26,800,0.2,True,800,1000,,True,True,strict_complete_cells,paper_protocol_strict_feasible_subset
mushrooms,2045,27,800,0.2,True,800,1000,,True,True,strict_complete_cells,paper_protocol_strict_feasible_subset
mushrooms,2046,28,800,0.2,True,800,1000,,True,True,strict_complete_cells,paper_protocol_strict_feasible_subset
mushrooms,2047,29,800,0.2,True,800,1000,,True,True,strict_complete_cells,paper_protocol_strict_feasible_subset
mushrooms,2048,30,800,0.2,True,800,1000,,True,True,strict_complete_cells,paper_protocol_strict_feasible_subset
mushrooms,2049,31,800,0.2,True,800,1000,,True,True,strict_complete_cells,paper_protocol_strict_feasible_subset
mushrooms,2050,32,800,0.2,True,800,1000,,True,True,strict_complete_cells,paper_protocol_strict_feasible_subset
mushrooms,2051,33,800,0.2,True,800,1000,,True,True,strict_complete_cells,paper_protocol_strict_feasible_subset
mushrooms,2052,34,800,0.2,True,800,1000,,True,True,strict_complete_cells,paper_protocol_strict_feasible_subset
mushrooms,2053,35,800,0.2,True,800,1000,,True,True,strict_complete_cells,paper_protocol_strict_feasible_subset
mushrooms,2054,36,800,0.2,True,800,1000,,True,True,strict_complete_cells,paper_protocol_strict_feasible_subset
mushrooms,2055,37,800,0.2,True,800,1000,,True,True,strict_complete_cells,paper_protocol_strict_feasible_subset
mushrooms,2056,38,800,0.2,True,800,1000,,True,True,strict_complete_cells,paper_protocol_strict_feasible_subset
mushrooms,2057,39,800,0.2,True,800,1000,,True,True,strict_complete_cells,paper_protocol_strict_feasible_subset
mushrooms,2058,40,800,0.2,True,800,1000,,True,True,strict_complete_cells,paper_protocol_strict_feasible_subset
mushrooms,2059,41,800,0.2,True,800,1000,,True,True,strict_complete_cells,paper_protocol_strict_feasible_subset
mushrooms,2060,42,800,0.2,True,800,1000,,True,True,strict_complete_cells,paper_protocol_strict_feasible_subset
mushrooms,2061,43,800,0.2,True,800,1000,,True,True,strict_complete_cells,paper_protocol_strict_feasible_subset
mushrooms,2062,44,800,0.2,True,800,1000,,True,True,strict_complete_cells,paper_protocol_strict_feasible_subset
mushrooms,2063,45,800,0.2,True,800,1000,,True,True,strict_complete_cells,paper_protocol_strict_feasible_subset
mushrooms,2064,46,800,0.2,True,800,1000,,True,True,strict_complete_cells,paper_protocol_strict_feasible_subset
mushrooms,2065,47,800,0.2,True,800,1000,,True,True,strict_complete_cells,paper_protocol_strict_feasible_subset
mushrooms,2066,48,800,0.2,True,800,1000,,True,True,strict_complete_cells,paper_protocol_strict_feasible_subset
mushrooms,2067,49,800,0.2,True,800,1000,,True,True,strict_complete_cells,paper_protocol_strict_feasible_subset
mushrooms,2068,50,800,0.2,True,800,1000,,True,True,strict_complete_cells,paper_protocol_strict_feasible_subset
mushrooms,2069,51,800,0.2,True,800,1000,,True,True,strict_complete_cells,paper_protocol_strict_feasible_subset
mushrooms,2070,52,800,0.2,True,800,1000,,True,True,strict_complete_cells,paper_protocol_strict_feasible_subset
mushrooms,2071,53,800,0.2,True,800,1000,,True,True,strict_complete_cells,paper_protocol_strict_feasible_subset
mushrooms,2072,54,800,0.2,True,800,1000,,True,True,strict_complete_cells,paper_protocol_strict_feasible_subset
mushrooms,2073,55,800,0.2,True,800,1000,,True,True,strict_complete_cells,paper_protocol_strict_feasible_subset
mushrooms,2074,56,800,0.2,True,800,1000,,True,True,strict_complete_cells,paper_protocol_strict_feasible_subset
mushrooms,2075,57,800,0.2,True,800,1000,,True,True,strict_complete_cells,paper_protocol_strict_feasible_subset
mushrooms,2076,58,800,0.2,True,800,1000,,True,True,strict_complete_cells,paper_protocol_strict_feasible_subset
mushrooms,2077,59,800,0.2,True,800,1000,,True,True,strict_complete_cells,paper_protocol_strict_feasible_subset
mushrooms,2078,60,800,0.2,True,800,1000,,True,True,strict_complete_cells,paper_protocol_strict_feasible_subset
mushrooms,2079,61,800,0.2,True,800,1000,,True,True,strict_complete_cells,paper_protocol_strict_feasible_subset
mushrooms,2080,62,800,0.2,True,800,1000,,True,True,strict_complete_cells,paper_protocol_strict_feasible_subset
mushrooms,2081,63,800,0.2,True,800,1000,,True,True,strict_complete_cells,paper_protocol_strict_feasible_subset
mushrooms,2082,64,800,0.2,True,800,1000,,True,True,strict_complete_cells,paper_protocol_strict_feasible_subset
mushrooms,2083,65,800,0.2,True,800,1000,,True,True,strict_complete_cells,paper_protocol_strict_feasible_subset
mushrooms,2084,66,800,0.2,True,800,1000,,True,True,strict_complete_cells,paper_protocol_strict_feasible_subset
mushrooms,2085,67,800,0.2,True,800,1000,,True,True,strict_complete_cells,paper_protocol_strict_feasible_subset
mushrooms,2086,68,800,0.2,True,800,1000,,True,True,strict_complete_cells,paper_protocol_strict_feasible_subset
mushrooms,2087,69,800,0.2,True,800,1000,,True,True,strict_complete_cells,paper_protocol_strict_feasible_subset
mushrooms,2088,70,800,0.2,True,800,1000,,True,True,strict_complete_cells,paper_protocol_strict_feasible_subset
mushrooms,2089,71,800,0.2,True,800,1000,,True,True,strict_complete_cells,paper_protocol_strict_feasible_subset
mushrooms,2090,72,800,0.2,True,800,1000,,True,True,strict_complete_cells,paper_protocol_strict_feasible_subset
mushrooms,2091,73,800,0.2,True,800,1000,,True,True,strict_complete_cells,paper_protocol_strict_feasible_subset
mushrooms,2092,74,800,0.2,True,800,1000,,True,True,strict_complete_cells,paper_protocol_strict_feasible_subset
mushrooms,2093,75,800,0.2,True,800,1000,,True,True,strict_complete_cells,paper_protocol_strict_feasible_subset
mushrooms,2094,76,800,0.2,True,800,1000,,True,True,strict_complete_cells,paper_protocol_strict_feasible_subset
mushrooms,2095,77,800,0.2,True,800,1000,,True,True,strict_complete_cells,paper_protocol_strict_feasible_subset
mushrooms,2096,78,800,0.2,True,800,1000,,True,True,strict_complete_cells,paper_protocol_strict_feasible_subset
mushrooms,2097,79,800,0.2,True,800,1000,,True,True,strict_complete_cells,paper_protocol_strict_feasible_subset
mushrooms,2098,80,800,0.2,True,800,1000,,True,True,strict_complete_cells,paper_protocol_strict_feasible_subset
mushrooms,2099,81,800,0.2,True,800,1000,,True,True,strict_complete_cells,paper_protocol_strict_feasible_subset
mushrooms,2100,82,800,0.2,True,800,1000,,True,True,strict_complete_cells,paper_protocol_strict_feasible_subset
mushrooms,2101,83,800,0.2,True,800,1000,,True,True,strict_complete_cells,paper_protocol_strict_feasible_subset
mushrooms,2102,84,800,0.2,True,800,1000,,True,True,strict_complete_cells,paper_protocol_strict_feasible_subset
mushrooms,2103,85,800,0.2,True,800,1000,,True,True,strict_complete_cells,paper_protocol_strict_feasible_subset
mushrooms,2104,86,800,0.2,True,800,1000,,True,True,strict_complete_cells,paper_protocol_strict_feasible_subset
mushrooms,2105,87,800,0.2,True,800,1000,,True,True,strict_complete_cells,paper_protocol_strict_feasible_subset
mushrooms,2106,88,800,0.2,True,800,1000,,True,True,strict_complete_cells,paper_protocol_strict_feasible_subset
mushrooms,2107,89,800,0.2,True,800,1000,,True,True,strict_complete_cells,paper_protocol_strict_feasible_subset
mushrooms,2108,90,800,0.2,True,800,1000,,True,True,strict_complete_cells,paper_protocol_strict_feasible_subset
mushrooms,2109,91,800,0.2,True,800,1000,,True,True,strict_complete_cells,paper_protocol_strict_feasible_subset
mushrooms,2110,92,800,0.2,True,800,1000,,True,True,strict_complete_cells,paper_protocol_strict_feasible_subset
mushrooms,2111,93,800,0.2,True,800,1000,,True,True,strict_complete_cells,paper_protocol_strict_feasible_subset
mushrooms,2112,94,800,0.2,True,800,1000,,True,True,strict_complete_cells,paper_protocol_strict_feasible_subset
mushrooms,2113,95,800,0.2,True,800,1000,,True,True,strict_complete_cells,paper_protocol_strict_feasible_subset
mushrooms,2114,96,800,0.2,True,800,1000,,True,True,strict_complete_cells,paper_protocol_strict_feasible_subset
mushrooms,2115,97,800,0.2,True,800,1000,,True,True,strict_complete_cells,paper_protocol_strict_feasible_subset
mushrooms,2116,98,800,0.2,True,800,1000,,True,True,strict_complete_cells,paper_protocol_strict_feasible_subset
mushrooms,2117,99,800,0.2,True,800,1000,,True,True,strict_complete_cells,paper_protocol_strict_feasible_subset
mushrooms,2118,0,800,0.4,True,800,1000,,True,True,strict_complete_cells,paper_protocol_strict_feasible_subset
mushrooms,2119,1,800,0.4,True,800,1000,,True,True,strict_complete_cells,paper_protocol_strict_feasible_subset
mushrooms,2120,2,800,0.4,True,800,1000,,True,True,strict_complete_cells,paper_protocol_strict_feasible_subset
mushrooms,2121,3,800,0.4,True,800,1000,,True,True,strict_complete_cells,paper_protocol_strict_feasible_subset
mushrooms,2122,4,800,0.4,True,800,1000,,True,True,strict_complete_cells,paper_protocol_strict_feasible_subset
mushrooms,2123,5,800,0.4,True,800,1000,,True,True,strict_complete_cells,paper_protocol_strict_feasible_subset
mushrooms,2124,6,800,0.4,True,800,1000,,True,True,strict_complete_cells,paper_protocol_strict_feasible_subset
mushrooms,2125,7,800,0.4,True,800,1000,,True,True,strict_complete_cells,paper_protocol_strict_feasible_subset
mushrooms,2126,8,800,0.4,True,800,1000,,True,True,strict_complete_cells,paper_protocol_strict_feasible_subset
mushrooms,2127,9,800,0.4,True,800,1000,,True,True,strict_complete_cells,paper_protocol_strict_feasible_subset
mushrooms,2128,10,800,0.4,True,800,1000,,True,True,strict_complete_cells,paper_protocol_strict_feasible_subset
mushrooms,2129,11,800,0.4,True,800,1000,,True,True,strict_complete_cells,paper_protocol_strict_feasible_subset
mushrooms,2130,12,800,0.4,True,800,1000,,True,True,strict_complete_cells,paper_protocol_strict_feasible_subset
mushrooms,2131,13,800,0.4,True,800,1000,,True,True,strict_complete_cells,paper_protocol_strict_feasible_subset
mushrooms,2132,14,800,0.4,True,800,1000,,True,True,strict_complete_cells,paper_protocol_strict_feasible_subset
mushrooms,2133,15,800,0.4,True,800,1000,,True,True,strict_complete_cells,paper_protocol_strict_feasible_subset
mushrooms,2134,16,800,0.4,True,800,1000,,True,True,strict_complete_cells,paper_protocol_strict_feasible_subset
mushrooms,2135,17,800,0.4,True,800,1000,,True,True,strict_complete_cells,paper_protocol_strict_feasible_subset
mushrooms,2136,18,800,0.4,True,800,1000,,True,True,strict_complete_cells,paper_protocol_strict_feasible_subset
mushrooms,2137,19,800,0.4,True,800,1000,,True,True,strict_complete_cells,paper_protocol_strict_feasible_subset
mushrooms,2138,20,800,0.4,True,800,1000,,True,True,strict_complete_cells,paper_protocol_strict_feasible_subset
mushrooms,2139,21,800,0.4,True,800,1000,,True,True,strict_complete_cells,paper_protocol_strict_feasible_subset
mushrooms,2140,22,800,0.4,True,800,1000,,True,True,strict_complete_cells,paper_protocol_strict_feasible_subset
mushrooms,2141,23,800,0.4,True,800,1000,,True,True,strict_complete_cells,paper_protocol_strict_feasible_subset
mushrooms,2142,24,800,0.4,True,800,1000,,True,True,strict_complete_cells,paper_protocol_strict_feasible_subset
mushrooms,2143,25,800,0.4,True,800,1000,,True,True,strict_complete_cells,paper_protocol_strict_feasible_subset
mushrooms,2144,26,800,0.4,True,800,1000,,True,True,strict_complete_cells,paper_protocol_strict_feasible_subset
mushrooms,2145,27,800,0.4,True,800,1000,,True,True,strict_complete_cells,paper_protocol_strict_feasible_subset
mushrooms,2146,28,800,0.4,True,800,1000,,True,True,strict_complete_cells,paper_protocol_strict_feasible_subset
mushrooms,2147,29,800,0.4,True,800,1000,,True,True,strict_complete_cells,paper_protocol_strict_feasible_subset
mushrooms,2148,30,800,0.4,True,800,1000,,True,True,strict_complete_cells,paper_protocol_strict_feasible_subset
mushrooms,2149,31,800,0.4,True,800,1000,,True,True,strict_complete_cells,paper_protocol_strict_feasible_subset
mushrooms,2150,32,800,0.4,True,800,1000,,True,True,strict_complete_cells,paper_protocol_strict_feasible_subset
mushrooms,2151,33,800,0.4,True,800,1000,,True,True,strict_complete_cells,paper_protocol_strict_feasible_subset
mushrooms,2152,34,800,0.4,True,800,1000,,True,True,strict_complete_cells,paper_protocol_strict_feasible_subset
mushrooms,2153,35,800,0.4,True,800,1000,,True,True,strict_complete_cells,paper_protocol_strict_feasible_subset
mushrooms,2154,36,800,0.4,True,800,1000,,True,True,strict_complete_cells,paper_protocol_strict_feasible_subset
mushrooms,2155,37,800,0.4,True,800,1000,,True,True,strict_complete_cells,paper_protocol_strict_feasible_subset
mushrooms,2156,38,800,0.4,True,800,1000,,True,True,strict_complete_cells,paper_protocol_strict_feasible_subset
mushrooms,2157,39,800,0.4,True,800,1000,,True,True,strict_complete_cells,paper_protocol_strict_feasible_subset
mushrooms,2158,40,800,0.4,True,800,1000,,True,True,strict_complete_cells,paper_protocol_strict_feasible_subset
mushrooms,2159,41,800,0.4,True,800,1000,,True,True,strict_complete_cells,paper_protocol_strict_feasible_subset
mushrooms,2160,42,800,0.4,True,800,1000,,True,True,strict_complete_cells,paper_protocol_strict_feasible_subset
mushrooms,2161,43,800,0.4,True,800,1000,,True,True,strict_complete_cells,paper_protocol_strict_feasible_subset
mushrooms,2162,44,800,0.4,True,800,1000,,True,True,strict_complete_cells,paper_protocol_strict_feasible_subset
mushrooms,2163,45,800,0.4,True,800,1000,,True,True,strict_complete_cells,paper_protocol_strict_feasible_subset
mushrooms,2164,46,800,0.4,True,800,1000,,True,True,strict_complete_cells,paper_protocol_strict_feasible_subset
mushrooms,2165,47,800,0.4,True,800,1000,,True,True,strict_complete_cells,paper_protocol_strict_feasible_subset
mushrooms,2166,48,800,0.4,True,800,1000,,True,True,strict_complete_cells,paper_protocol_strict_feasible_subset
mushrooms,2167,49,800,0.4,True,800,1000,,True,True,strict_complete_cells,paper_protocol_strict_feasible_subset
mushrooms,2168,50,800,0.4,True,800,1000,,True,True,strict_complete_cells,paper_protocol_strict_feasible_subset
mushrooms,2169,51,800,0.4,True,800,1000,,True,True,strict_complete_cells,paper_protocol_strict_feasible_subset
mushrooms,2170,52,800,0.4,True,800,1000,,True,True,strict_complete_cells,paper_protocol_strict_feasible_subset
mushrooms,2171,53,800,0.4,True,800,1000,,True,True,strict_complete_cells,paper_protocol_strict_feasible_subset
mushrooms,2172,54,800,0.4,True,800,1000,,True,True,strict_complete_cells,paper_protocol_strict_feasible_subset
mushrooms,2173,55,800,0.4,True,800,1000,,True,True,strict_complete_cells,paper_protocol_strict_feasible_subset
mushrooms,2174,56,800,0.4,True,800,1000,,True,True,strict_complete_cells,paper_protocol_strict_feasible_subset
mushrooms,2175,57,800,0.4,True,800,1000,,True,True,strict_complete_cells,paper_protocol_strict_feasible_subset
mushrooms,2176,58,800,0.4,True,800,1000,,True,True,strict_complete_cells,paper_protocol_strict_feasible_subset
mushrooms,2177,59,800,0.4,True,800,1000,,True,True,strict_complete_cells,paper_protocol_strict_feasible_subset
mushrooms,2178,60,800,0.4,True,800,1000,,True,True,strict_complete_cells,paper_protocol_strict_feasible_subset
mushrooms,2179,61,800,0.4,True,800,1000,,True,True,strict_complete_cells,paper_protocol_strict_feasible_subset
mushrooms,2180,62,800,0.4,True,800,1000,,True,True,strict_complete_cells,paper_protocol_strict_feasible_subset
mushrooms,2181,63,800,0.4,True,800,1000,,True,True,strict_complete_cells,paper_protocol_strict_feasible_subset
mushrooms,2182,64,800,0.4,True,800,1000,,True,True,strict_complete_cells,paper_protocol_strict_feasible_subset
mushrooms,2183,65,800,0.4,True,800,1000,,True,True,strict_complete_cells,paper_protocol_strict_feasible_subset
mushrooms,2184,66,800,0.4,True,800,1000,,True,True,strict_complete_cells,paper_protocol_strict_feasible_subset
mushrooms,2185,67,800,0.4,True,800,1000,,True,True,strict_complete_cells,paper_protocol_strict_feasible_subset
mushrooms,2186,68,800,0.4,True,800,1000,,True,True,strict_complete_cells,paper_protocol_strict_feasible_subset
mushrooms,2187,69,800,0.4,True,800,1000,,True,True,strict_complete_cells,paper_protocol_strict_feasible_subset
mushrooms,2188,70,800,0.4,True,800,1000,,True,True,strict_complete_cells,paper_protocol_strict_feasible_subset
mushrooms,2189,71,800,0.4,True,800,1000,,True,True,strict_complete_cells,paper_protocol_strict_feasible_subset
mushrooms,2190,72,800,0.4,True,800,1000,,True,True,strict_complete_cells,paper_protocol_strict_feasible_subset
mushrooms,2191,73,800,0.4,True,800,1000,,True,True,strict_complete_cells,paper_protocol_strict_feasible_subset
mushrooms,2192,74,800,0.4,True,800,1000,,True,True,strict_complete_cells,paper_protocol_strict_feasible_subset
mushrooms,2193,75,800,0.4,True,800,1000,,True,True,strict_complete_cells,paper_protocol_strict_feasible_subset
mushrooms,2194,76,800,0.4,True,800,1000,,True,True,strict_complete_cells,paper_protocol_strict_feasible_subset
mushrooms,2195,77,800,0.4,True,800,1000,,True,True,strict_complete_cells,paper_protocol_strict_feasible_subset
mushrooms,2196,78,800,0.4,True,800,1000,,True,True,strict_complete_cells,paper_protocol_strict_feasible_subset
mushrooms,2197,79,800,0.4,True,800,1000,,True,True,strict_complete_cells,paper_protocol_strict_feasible_subset
mushrooms,2198,80,800,0.4,True,800,1000,,True,True,strict_complete_cells,paper_protocol_strict_feasible_subset
mushrooms,2199,81,800,0.4,True,800,1000,,True,True,strict_complete_cells,paper_protocol_strict_feasible_subset
mushrooms,2200,82,800,0.4,True,800,1000,,True,True,strict_complete_cells,paper_protocol_strict_feasible_subset
mushrooms,2201,83,800,0.4,True,800,1000,,True,True,strict_complete_cells,paper_protocol_strict_feasible_subset
mushrooms,2202,84,800,0.4,True,800,1000,,True,True,strict_complete_cells,paper_protocol_strict_feasible_subset
mushrooms,2203,85,800,0.4,True,800,1000,,True,True,strict_complete_cells,paper_protocol_strict_feasible_subset
mushrooms,2204,86,800,0.4,True,800,1000,,True,True,strict_complete_cells,paper_protocol_strict_feasible_subset
mushrooms,2205,87,800,0.4,True,800,1000,,True,True,strict_complete_cells,paper_protocol_strict_feasible_subset
mushrooms,2206,88,800,0.4,True,800,1000,,True,True,strict_complete_cells,paper_protocol_strict_feasible_subset
mushrooms,2207,89,800,0.4,True,800,1000,,True,True,strict_complete_cells,paper_protocol_strict_feasible_subset
mushrooms,2208,90,800,0.4,True,800,1000,,True,True,strict_complete_cells,paper_protocol_strict_feasible_subset
mushrooms,2209,91,800,0.4,True,800,1000,,True,True,strict_complete_cells,paper_protocol_strict_feasible_subset
mushrooms,2210,92,800,0.4,True,800,1000,,True,True,strict_complete_cells,paper_protocol_strict_feasible_subset
mushrooms,2211,93,800,0.4,True,800,1000,,True,True,strict_complete_cells,paper_protocol_strict_feasible_subset
mushrooms,2212,94,800,0.4,True,800,1000,,True,True,strict_complete_cells,paper_protocol_strict_feasible_subset
mushrooms,2213,95,800,0.4,True,800,1000,,True,True,strict_complete_cells,paper_protocol_strict_feasible_subset
mushrooms,2214,96,800,0.4,True,800,1000,,True,True,strict_complete_cells,paper_protocol_strict_feasible_subset
mushrooms,2215,97,800,0.4,True,800,1000,,True,True,strict_complete_cells,paper_protocol_strict_feasible_subset
mushrooms,2216,98,800,0.4,True,800,1000,,True,True,strict_complete_cells,paper_protocol_strict_feasible_subset
mushrooms,2217,99,800,0.4,True,800,1000,,True,True,strict_complete_cells,paper_protocol_strict_feasible_subset
mushrooms,2218,0,800,0.6,True,800,1000,,True,True,strict_complete_cells,paper_protocol_strict_feasible_subset
mushrooms,2219,1,800,0.6,True,800,1000,,True,True,strict_complete_cells,paper_protocol_strict_feasible_subset
mushrooms,2220,2,800,0.6,True,800,1000,,True,True,strict_complete_cells,paper_protocol_strict_feasible_subset
mushrooms,2221,3,800,0.6,True,800,1000,,True,True,strict_complete_cells,paper_protocol_strict_feasible_subset
mushrooms,2222,4,800,0.6,True,800,1000,,True,True,strict_complete_cells,paper_protocol_strict_feasible_subset
mushrooms,2223,5,800,0.6,True,800,1000,,True,True,strict_complete_cells,paper_protocol_strict_feasible_subset
mushrooms,2224,6,800,0.6,True,800,1000,,True,True,strict_complete_cells,paper_protocol_strict_feasible_subset
mushrooms,2225,7,800,0.6,True,800,1000,,True,True,strict_complete_cells,paper_protocol_strict_feasible_subset
mushrooms,2226,8,800,0.6,True,800,1000,,True,True,strict_complete_cells,paper_protocol_strict_feasible_subset
mushrooms,2227,9,800,0.6,True,800,1000,,True,True,strict_complete_cells,paper_protocol_strict_feasible_subset
mushrooms,2228,10,800,0.6,True,800,1000,,True,True,strict_complete_cells,paper_protocol_strict_feasible_subset
mushrooms,2229,11,800,0.6,True,800,1000,,True,True,strict_complete_cells,paper_protocol_strict_feasible_subset
mushrooms,2230,12,800,0.6,True,800,1000,,True,True,strict_complete_cells,paper_protocol_strict_feasible_subset
mushrooms,2231,13,800,0.6,True,800,1000,,True,True,strict_complete_cells,paper_protocol_strict_feasible_subset
mushrooms,2232,14,800,0.6,True,800,1000,,True,True,strict_complete_cells,paper_protocol_strict_feasible_subset
mushrooms,2233,15,800,0.6,True,800,1000,,True,True,strict_complete_cells,paper_protocol_strict_feasible_subset
mushrooms,2234,16,800,0.6,True,800,1000,,True,True,strict_complete_cells,paper_protocol_strict_feasible_subset
mushrooms,2235,17,800,0.6,True,800,1000,,True,True,strict_complete_cells,paper_protocol_strict_feasible_subset
mushrooms,2236,18,800,0.6,True,800,1000,,True,True,strict_complete_cells,paper_protocol_strict_feasible_subset
mushrooms,2237,19,800,0.6,True,800,1000,,True,True,strict_complete_cells,paper_protocol_strict_feasible_subset
mushrooms,2238,20,800,0.6,True,800,1000,,True,True,strict_complete_cells,paper_protocol_strict_feasible_subset
mushrooms,2239,21,800,0.6,True,800,1000,,True,True,strict_complete_cells,paper_protocol_strict_feasible_subset
mushrooms,2240,22,800,0.6,True,800,1000,,True,True,strict_complete_cells,paper_protocol_strict_feasible_subset
mushrooms,2241,23,800,0.6,True,800,1000,,True,True,strict_complete_cells,paper_protocol_strict_feasible_subset
mushrooms,2242,24,800,0.6,True,800,1000,,True,True,strict_complete_cells,paper_protocol_strict_feasible_subset
mushrooms,2243,25,800,0.6,True,800,1000,,True,True,strict_complete_cells,paper_protocol_strict_feasible_subset
mushrooms,2244,26,800,0.6,True,800,1000,,True,True,strict_complete_cells,paper_protocol_strict_feasible_subset
mushrooms,2245,27,800,0.6,True,800,1000,,True,True,strict_complete_cells,paper_protocol_strict_feasible_subset
mushrooms,2246,28,800,0.6,True,800,1000,,True,True,strict_complete_cells,paper_protocol_strict_feasible_subset
mushrooms,2247,29,800,0.6,True,800,1000,,True,True,strict_complete_cells,paper_protocol_strict_feasible_subset
mushrooms,2248,30,800,0.6,True,800,1000,,True,True,strict_complete_cells,paper_protocol_strict_feasible_subset
mushrooms,2249,31,800,0.6,True,800,1000,,True,True,strict_complete_cells,paper_protocol_strict_feasible_subset
mushrooms,2250,32,800,0.6,True,800,1000,,True,True,strict_complete_cells,paper_protocol_strict_feasible_subset
mushrooms,2251,33,800,0.6,True,800,1000,,True,True,strict_complete_cells,paper_protocol_strict_feasible_subset
mushrooms,2252,34,800,0.6,True,800,1000,,True,True,strict_complete_cells,paper_protocol_strict_feasible_subset
mushrooms,2253,35,800,0.6,True,800,1000,,True,True,strict_complete_cells,paper_protocol_strict_feasible_subset
mushrooms,2254,36,800,0.6,True,800,1000,,True,True,strict_complete_cells,paper_protocol_strict_feasible_subset
mushrooms,2255,37,800,0.6,True,800,1000,,True,True,strict_complete_cells,paper_protocol_strict_feasible_subset
mushrooms,2256,38,800,0.6,True,800,1000,,True,True,strict_complete_cells,paper_protocol_strict_feasible_subset
mushrooms,2257,39,800,0.6,True,800,1000,,True,True,strict_complete_cells,paper_protocol_strict_feasible_subset
mushrooms,2258,40,800,0.6,True,800,1000,,True,True,strict_complete_cells,paper_protocol_strict_feasible_subset
mushrooms,2259,41,800,0.6,True,800,1000,,True,True,strict_complete_cells,paper_protocol_strict_feasible_subset
mushrooms,2260,42,800,0.6,True,800,1000,,True,True,strict_complete_cells,paper_protocol_strict_feasible_subset
mushrooms,2261,43,800,0.6,True,800,1000,,True,True,strict_complete_cells,paper_protocol_strict_feasible_subset
mushrooms,2262,44,800,0.6,True,800,1000,,True,True,strict_complete_cells,paper_protocol_strict_feasible_subset
mushrooms,2263,45,800,0.6,True,800,1000,,True,True,strict_complete_cells,paper_protocol_strict_feasible_subset
mushrooms,2264,46,800,0.6,True,800,1000,,True,True,strict_complete_cells,paper_protocol_strict_feasible_subset
mushrooms,2265,47,800,0.6,True,800,1000,,True,True,strict_complete_cells,paper_protocol_strict_feasible_subset
mushrooms,2266,48,800,0.6,True,800,1000,,True,True,strict_complete_cells,paper_protocol_strict_feasible_subset
mushrooms,2267,49,800,0.6,True,800,1000,,True,True,strict_complete_cells,paper_protocol_strict_feasible_subset
mushrooms,2268,50,800,0.6,True,800,1000,,True,True,strict_complete_cells,paper_protocol_strict_feasible_subset
mushrooms,2269,51,800,0.6,True,800,1000,,True,True,strict_complete_cells,paper_protocol_strict_feasible_subset
mushrooms,2270,52,800,0.6,True,800,1000,,True,True,strict_complete_cells,paper_protocol_strict_feasible_subset
mushrooms,2271,53,800,0.6,True,800,1000,,True,True,strict_complete_cells,paper_protocol_strict_feasible_subset
mushrooms,2272,54,800,0.6,True,800,1000,,True,True,strict_complete_cells,paper_protocol_strict_feasible_subset
mushrooms,2273,55,800,0.6,True,800,1000,,True,True,strict_complete_cells,paper_protocol_strict_feasible_subset
mushrooms,2274,56,800,0.6,True,800,1000,,True,True,strict_complete_cells,paper_protocol_strict_feasible_subset
mushrooms,2275,57,800,0.6,True,800,1000,,True,True,strict_complete_cells,paper_protocol_strict_feasible_subset
mushrooms,2276,58,800,0.6,True,800,1000,,True,True,strict_complete_cells,paper_protocol_strict_feasible_subset
mushrooms,2277,59,800,0.6,True,800,1000,,True,True,strict_complete_cells,paper_protocol_strict_feasible_subset
mushrooms,2278,60,800,0.6,True,800,1000,,True,True,strict_complete_cells,paper_protocol_strict_feasible_subset
mushrooms,2279,61,800,0.6,True,800,1000,,True,True,strict_complete_cells,paper_protocol_strict_feasible_subset
mushrooms,2280,62,800,0.6,True,800,1000,,True,True,strict_complete_cells,paper_protocol_strict_feasible_subset
mushrooms,2281,63,800,0.6,True,800,1000,,True,True,strict_complete_cells,paper_protocol_strict_feasible_subset
mushrooms,2282,64,800,0.6,True,800,1000,,True,True,strict_complete_cells,paper_protocol_strict_feasible_subset
mushrooms,2283,65,800,0.6,True,800,1000,,True,True,strict_complete_cells,paper_protocol_strict_feasible_subset
mushrooms,2284,66,800,0.6,True,800,1000,,True,True,strict_complete_cells,paper_protocol_strict_feasible_subset
mushrooms,2285,67,800,0.6,True,800,1000,,True,True,strict_complete_cells,paper_protocol_strict_feasible_subset
mushrooms,2286,68,800,0.6,True,800,1000,,True,True,strict_complete_cells,paper_protocol_strict_feasible_subset
mushrooms,2287,69,800,0.6,True,800,1000,,True,True,strict_complete_cells,paper_protocol_strict_feasible_subset
mushrooms,2288,70,800,0.6,True,800,1000,,True,True,strict_complete_cells,paper_protocol_strict_feasible_subset
mushrooms,2289,71,800,0.6,True,800,1000,,True,True,strict_complete_cells,paper_protocol_strict_feasible_subset
mushrooms,2290,72,800,0.6,True,800,1000,,True,True,strict_complete_cells,paper_protocol_strict_feasible_subset
mushrooms,2291,73,800,0.6,True,800,1000,,True,True,strict_complete_cells,paper_protocol_strict_feasible_subset
mushrooms,2292,74,800,0.6,True,800,1000,,True,True,strict_complete_cells,paper_protocol_strict_feasible_subset
mushrooms,2293,75,800,0.6,True,800,1000,,True,True,strict_complete_cells,paper_protocol_strict_feasible_subset
mushrooms,2294,76,800,0.6,True,800,1000,,True,True,strict_complete_cells,paper_protocol_strict_feasible_subset
mushrooms,2295,77,800,0.6,True,800,1000,,True,True,strict_complete_cells,paper_protocol_strict_feasible_subset
mushrooms,2296,78,800,0.6,True,800,1000,,True,True,strict_complete_cells,paper_protocol_strict_feasible_subset
mushrooms,2297,79,800,0.6,True,800,1000,,True,True,strict_complete_cells,paper_protocol_strict_feasible_subset
mushrooms,2298,80,800,0.6,True,800,1000,,True,True,strict_complete_cells,paper_protocol_strict_feasible_subset
mushrooms,2299,81,800,0.6,True,800,1000,,True,True,strict_complete_cells,paper_protocol_strict_feasible_subset
mushrooms,2300,82,800,0.6,True,800,1000,,True,True,strict_complete_cells,paper_protocol_strict_feasible_subset
mushrooms,2301,83,800,0.6,True,800,1000,,True,True,strict_complete_cells,paper_protocol_strict_feasible_subset
mushrooms,2302,84,800,0.6,True,800,1000,,True,True,strict_complete_cells,paper_protocol_strict_feasible_subset
mushrooms,2303,85,800,0.6,True,800,1000,,True,True,strict_complete_cells,paper_protocol_strict_feasible_subset
mushrooms,2304,86,800,0.6,True,800,1000,,True,True,strict_complete_cells,paper_protocol_strict_feasible_subset
mushrooms,2305,87,800,0.6,True,800,1000,,True,True,strict_complete_cells,paper_protocol_strict_feasible_subset
mushrooms,2306,88,800,0.6,True,800,1000,,True,True,strict_complete_cells,paper_protocol_strict_feasible_subset
mushrooms,2307,89,800,0.6,True,800,1000,,True,True,strict_complete_cells,paper_protocol_strict_feasible_subset
mushrooms,2308,90,800,0.6,True,800,1000,,True,True,strict_complete_cells,paper_protocol_strict_feasible_subset
mushrooms,2309,91,800,0.6,True,800,1000,,True,True,strict_complete_cells,paper_protocol_strict_feasible_subset
mushrooms,2310,92,800,0.6,True,800,1000,,True,True,strict_complete_cells,paper_protocol_strict_feasible_subset
mushrooms,2311,93,800,0.6,True,800,1000,,True,True,strict_complete_cells,paper_protocol_strict_feasible_subset
mushrooms,2312,94,800,0.6,True,800,1000,,True,True,strict_complete_cells,paper_protocol_strict_feasible_subset
mushrooms,2313,95,800,0.6,True,800,1000,,True,True,strict_complete_cells,paper_protocol_strict_feasible_subset
mushrooms,2314,96,800,0.6,True,800,1000,,True,True,strict_complete_cells,paper_protocol_strict_feasible_subset
mushrooms,2315,97,800,0.6,True,800,1000,,True,True,strict_complete_cells,paper_protocol_strict_feasible_subset
mushrooms,2316,98,800,0.6,True,800,1000,,True,True,strict_complete_cells,paper_protocol_strict_feasible_subset
mushrooms,2317,99,800,0.6,True,800,1000,,True,True,strict_complete_cells,paper_protocol_strict_feasible_subset
mushrooms,2318,0,800,0.8,True,800,1000,,True,True,strict_complete_cells,paper_protocol_strict_feasible_subset
mushrooms,2319,1,800,0.8,True,800,1000,,True,True,strict_complete_cells,paper_protocol_strict_feasible_subset
mushrooms,2320,2,800,0.8,True,800,1000,,True,True,strict_complete_cells,paper_protocol_strict_feasible_subset
mushrooms,2321,3,800,0.8,True,800,1000,,True,True,strict_complete_cells,paper_protocol_strict_feasible_subset
mushrooms,2322,4,800,0.8,True,800,1000,,True,True,strict_complete_cells,paper_protocol_strict_feasible_subset
mushrooms,2323,5,800,0.8,True,800,1000,,True,True,strict_complete_cells,paper_protocol_strict_feasible_subset
mushrooms,2324,6,800,0.8,True,800,1000,,True,True,strict_complete_cells,paper_protocol_strict_feasible_subset
mushrooms,2325,7,800,0.8,True,800,1000,,True,True,strict_complete_cells,paper_protocol_strict_feasible_subset
mushrooms,2326,8,800,0.8,True,800,1000,,True,True,strict_complete_cells,paper_protocol_strict_feasible_subset
mushrooms,2327,9,800,0.8,True,800,1000,,True,True,strict_complete_cells,paper_protocol_strict_feasible_subset
mushrooms,2328,10,800,0.8,True,800,1000,,True,True,strict_complete_cells,paper_protocol_strict_feasible_subset
mushrooms,2329,11,800,0.8,True,800,1000,,True,True,strict_complete_cells,paper_protocol_strict_feasible_subset
mushrooms,2330,12,800,0.8,True,800,1000,,True,True,strict_complete_cells,paper_protocol_strict_feasible_subset
mushrooms,2331,13,800,0.8,True,800,1000,,True,True,strict_complete_cells,paper_protocol_strict_feasible_subset
mushrooms,2332,14,800,0.8,True,800,1000,,True,True,strict_complete_cells,paper_protocol_strict_feasible_subset
mushrooms,2333,15,800,0.8,True,800,1000,,True,True,strict_complete_cells,paper_protocol_strict_feasible_subset
mushrooms,2334,16,800,0.8,True,800,1000,,True,True,strict_complete_cells,paper_protocol_strict_feasible_subset
mushrooms,2335,17,800,0.8,True,800,1000,,True,True,strict_complete_cells,paper_protocol_strict_feasible_subset
mushrooms,2336,18,800,0.8,True,800,1000,,True,True,strict_complete_cells,paper_protocol_strict_feasible_subset
mushrooms,2337,19,800,0.8,True,800,1000,,True,True,strict_complete_cells,paper_protocol_strict_feasible_subset
mushrooms,2338,20,800,0.8,True,800,1000,,True,True,strict_complete_cells,paper_protocol_strict_feasible_subset
mushrooms,2339,21,800,0.8,True,800,1000,,True,True,strict_complete_cells,paper_protocol_strict_feasible_subset
mushrooms,2340,22,800,0.8,True,800,1000,,True,True,strict_complete_cells,paper_protocol_strict_feasible_subset
mushrooms,2341,23,800,0.8,True,800,1000,,True,True,strict_complete_cells,paper_protocol_strict_feasible_subset
mushrooms,2342,24,800,0.8,True,800,1000,,True,True,strict_complete_cells,paper_protocol_strict_feasible_subset
mushrooms,2343,25,800,0.8,True,800,1000,,True,True,strict_complete_cells,paper_protocol_strict_feasible_subset
mushrooms,2344,26,800,0.8,True,800,1000,,True,True,strict_complete_cells,paper_protocol_strict_feasible_subset
mushrooms,2345,27,800,0.8,True,800,1000,,True,True,strict_complete_cells,paper_protocol_strict_feasible_subset
mushrooms,2346,28,800,0.8,True,800,1000,,True,True,strict_complete_cells,paper_protocol_strict_feasible_subset
mushrooms,2347,29,800,0.8,True,800,1000,,True,True,strict_complete_cells,paper_protocol_strict_feasible_subset
mushrooms,2348,30,800,0.8,True,800,1000,,True,True,strict_complete_cells,paper_protocol_strict_feasible_subset
mushrooms,2349,31,800,0.8,True,800,1000,,True,True,strict_complete_cells,paper_protocol_strict_feasible_subset
mushrooms,2350,32,800,0.8,True,800,1000,,True,True,strict_complete_cells,paper_protocol_strict_feasible_subset
mushrooms,2351,33,800,0.8,True,800,1000,,True,True,strict_complete_cells,paper_protocol_strict_feasible_subset
mushrooms,2352,34,800,0.8,True,800,1000,,True,True,strict_complete_cells,paper_protocol_strict_feasible_subset
mushrooms,2353,35,800,0.8,True,800,1000,,True,True,strict_complete_cells,paper_protocol_strict_feasible_subset
mushrooms,2354,36,800,0.8,True,800,1000,,True,True,strict_complete_cells,paper_protocol_strict_feasible_subset
mushrooms,2355,37,800,0.8,True,800,1000,,True,True,strict_complete_cells,paper_protocol_strict_feasible_subset
mushrooms,2356,38,800,0.8,True,800,1000,,True,True,strict_complete_cells,paper_protocol_strict_feasible_subset
mushrooms,2357,39,800,0.8,True,800,1000,,True,True,strict_complete_cells,paper_protocol_strict_feasible_subset
mushrooms,2358,40,800,0.8,True,800,1000,,True,True,strict_complete_cells,paper_protocol_strict_feasible_subset
mushrooms,2359,41,800,0.8,True,800,1000,,True,True,strict_complete_cells,paper_protocol_strict_feasible_subset
mushrooms,2360,42,800,0.8,True,800,1000,,True,True,strict_complete_cells,paper_protocol_strict_feasible_subset
mushrooms,2361,43,800,0.8,True,800,1000,,True,True,strict_complete_cells,paper_protocol_strict_feasible_subset
mushrooms,2362,44,800,0.8,True,800,1000,,True,True,strict_complete_cells,paper_protocol_strict_feasible_subset
mushrooms,2363,45,800,0.8,True,800,1000,,True,True,strict_complete_cells,paper_protocol_strict_feasible_subset
mushrooms,2364,46,800,0.8,True,800,1000,,True,True,strict_complete_cells,paper_protocol_strict_feasible_subset
mushrooms,2365,47,800,0.8,True,800,1000,,True,True,strict_complete_cells,paper_protocol_strict_feasible_subset
mushrooms,2366,48,800,0.8,True,800,1000,,True,True,strict_complete_cells,paper_protocol_strict_feasible_subset
mushrooms,2367,49,800,0.8,True,800,1000,,True,True,strict_complete_cells,paper_protocol_strict_feasible_subset
mushrooms,2368,50,800,0.8,True,800,1000,,True,True,strict_complete_cells,paper_protocol_strict_feasible_subset
mushrooms,2369,51,800,0.8,True,800,1000,,True,True,strict_complete_cells,paper_protocol_strict_feasible_subset
mushrooms,2370,52,800,0.8,True,800,1000,,True,True,strict_complete_cells,paper_protocol_strict_feasible_subset
mushrooms,2371,53,800,0.8,True,800,1000,,True,True,strict_complete_cells,paper_protocol_strict_feasible_subset
mushrooms,2372,54,800,0.8,True,800,1000,,True,True,strict_complete_cells,paper_protocol_strict_feasible_subset
mushrooms,2373,55,800,0.8,True,800,1000,,True,True,strict_complete_cells,paper_protocol_strict_feasible_subset
mushrooms,2374,56,800,0.8,True,800,1000,,True,True,strict_complete_cells,paper_protocol_strict_feasible_subset
mushrooms,2375,57,800,0.8,True,800,1000,,True,True,strict_complete_cells,paper_protocol_strict_feasible_subset
mushrooms,2376,58,800,0.8,True,800,1000,,True,True,strict_complete_cells,paper_protocol_strict_feasible_subset
mushrooms,2377,59,800,0.8,True,800,1000,,True,True,strict_complete_cells,paper_protocol_strict_feasible_subset
mushrooms,2378,60,800,0.8,True,800,1000,,True,True,strict_complete_cells,paper_protocol_strict_feasible_subset
mushrooms,2379,61,800,0.8,True,800,1000,,True,True,strict_complete_cells,paper_protocol_strict_feasible_subset
mushrooms,2380,62,800,0.8,True,800,1000,,True,True,strict_complete_cells,paper_protocol_strict_feasible_subset
mushrooms,2381,63,800,0.8,True,800,1000,,True,True,strict_complete_cells,paper_protocol_strict_feasible_subset
mushrooms,2382,64,800,0.8,True,800,1000,,True,True,strict_complete_cells,paper_protocol_strict_feasible_subset
mushrooms,2383,65,800,0.8,True,800,1000,,True,True,strict_complete_cells,paper_protocol_strict_feasible_subset
mushrooms,2384,66,800,0.8,True,800,1000,,True,True,strict_complete_cells,paper_protocol_strict_feasible_subset
mushrooms,2385,67,800,0.8,True,800,1000,,True,True,strict_complete_cells,paper_protocol_strict_feasible_subset
mushrooms,2386,68,800,0.8,True,800,1000,,True,True,strict_complete_cells,paper_protocol_strict_feasible_subset
mushrooms,2387,69,800,0.8,True,800,1000,,True,True,strict_complete_cells,paper_protocol_strict_feasible_subset
mushrooms,2388,70,800,0.8,True,800,1000,,True,True,strict_complete_cells,paper_protocol_strict_feasible_subset
mushrooms,2389,71,800,0.8,True,800,1000,,True,True,strict_complete_cells,paper_protocol_strict_feasible_subset
mushrooms,2390,72,800,0.8,True,800,1000,,True,True,strict_complete_cells,paper_protocol_strict_feasible_subset
mushrooms,2391,73,800,0.8,True,800,1000,,True,True,strict_complete_cells,paper_protocol_strict_feasible_subset
mushrooms,2392,74,800,0.8,True,800,1000,,True,True,strict_complete_cells,paper_protocol_strict_feasible_subset
mushrooms,2393,75,800,0.8,True,800,1000,,True,True,strict_complete_cells,paper_protocol_strict_feasible_subset
mushrooms,2394,76,800,0.8,True,800,1000,,True,True,strict_complete_cells,paper_protocol_strict_feasible_subset
mushrooms,2395,77,800,0.8,True,800,1000,,True,True,strict_complete_cells,paper_protocol_strict_feasible_subset
mushrooms,2396,78,800,0.8,True,800,1000,,True,True,strict_complete_cells,paper_protocol_strict_feasible_subset
mushrooms,2397,79,800,0.8,True,800,1000,,True,True,strict_complete_cells,paper_protocol_strict_feasible_subset
mushrooms,2398,80,800,0.8,True,800,1000,,True,True,strict_complete_cells,paper_protocol_strict_feasible_subset
mushrooms,2399,81,800,0.8,True,800,1000,,True,True,strict_complete_cells,paper_protocol_strict_feasible_subset
mushrooms,2400,82,800,0.8,True,800,1000,,True,True,strict_complete_cells,paper_protocol_strict_feasible_subset
mushrooms,2401,83,800,0.8,True,800,1000,,True,True,strict_complete_cells,paper_protocol_strict_feasible_subset
mushrooms,2402,84,800,0.8,True,800,1000,,True,True,strict_complete_cells,paper_protocol_strict_feasible_subset
mushrooms,2403,85,800,0.8,True,800,1000,,True,True,strict_complete_cells,paper_protocol_strict_feasible_subset
mushrooms,2404,86,800,0.8,True,800,1000,,True,True,strict_complete_cells,paper_protocol_strict_feasible_subset
mushrooms,2405,87,800,0.8,True,800,1000,,True,True,strict_complete_cells,paper_protocol_strict_feasible_subset
mushrooms,2406,88,800,0.8,True,800,1000,,True,True,strict_complete_cells,paper_protocol_strict_feasible_subset
mushrooms,2407,89,800,0.8,True,800,1000,,True,True,strict_complete_cells,paper_protocol_strict_feasible_subset
mushrooms,2408,90,800,0.8,True,800,1000,,True,True,strict_complete_cells,paper_protocol_strict_feasible_subset
mushrooms,2409,91,800,0.8,True,800,1000,,True,True,strict_complete_cells,paper_protocol_strict_feasible_subset
mushrooms,2410,92,800,0.8,True,800,1000,,True,True,strict_complete_cells,paper_protocol_strict_feasible_subset
mushrooms,2411,93,800,0.8,True,800,1000,,True,True,strict_complete_cells,paper_protocol_strict_feasible_subset
mushrooms,2412,94,800,0.8,True,800,1000,,True,True,strict_complete_cells,paper_protocol_strict_feasible_subset
mushrooms,2413,95,800,0.8,True,800,1000,,True,True,strict_complete_cells,paper_protocol_strict_feasible_subset
mushrooms,2414,96,800,0.8,True,800,1000,,True,True,strict_complete_cells,paper_protocol_strict_feasible_subset
mushrooms,2415,97,800,0.8,True,800,1000,,True,True,strict_complete_cells,paper_protocol_strict_feasible_subset
mushrooms,2416,98,800,0.8,True,800,1000,,True,True,strict_complete_cells,paper_protocol_strict_feasible_subset
mushrooms,2417,99,800,0.8,True,800,1000,,True,True,strict_complete_cells,paper_protocol_strict_feasible_subset
mushrooms,2418,0,1600,0.2,True,1600,1000,,True,True,strict_complete_cells,paper_protocol_strict_feasible_subset
mushrooms,2419,1,1600,0.2,True,1600,1000,,True,True,strict_complete_cells,paper_protocol_strict_feasible_subset
mushrooms,2420,2,1600,0.2,True,1600,1000,,True,True,strict_complete_cells,paper_protocol_strict_feasible_subset
mushrooms,2421,3,1600,0.2,True,1600,1000,,True,True,strict_complete_cells,paper_protocol_strict_feasible_subset
mushrooms,2422,4,1600,0.2,True,1600,1000,,True,True,strict_complete_cells,paper_protocol_strict_feasible_subset
mushrooms,2423,5,1600,0.2,True,1600,1000,,True,True,strict_complete_cells,paper_protocol_strict_feasible_subset
mushrooms,2424,6,1600,0.2,True,1600,1000,,True,True,strict_complete_cells,paper_protocol_strict_feasible_subset
mushrooms,2425,7,1600,0.2,True,1600,1000,,True,True,strict_complete_cells,paper_protocol_strict_feasible_subset
mushrooms,2426,8,1600,0.2,True,1600,1000,,True,True,strict_complete_cells,paper_protocol_strict_feasible_subset
mushrooms,2427,9,1600,0.2,True,1600,1000,,True,True,strict_complete_cells,paper_protocol_strict_feasible_subset
mushrooms,2428,10,1600,0.2,True,1600,1000,,True,True,strict_complete_cells,paper_protocol_strict_feasible_subset
mushrooms,2429,11,1600,0.2,True,1600,1000,,True,True,strict_complete_cells,paper_protocol_strict_feasible_subset
mushrooms,2430,12,1600,0.2,True,1600,1000,,True,True,strict_complete_cells,paper_protocol_strict_feasible_subset
mushrooms,2431,13,1600,0.2,True,1600,1000,,True,True,strict_complete_cells,paper_protocol_strict_feasible_subset
mushrooms,2432,14,1600,0.2,True,1600,1000,,True,True,strict_complete_cells,paper_protocol_strict_feasible_subset
mushrooms,2433,15,1600,0.2,True,1600,1000,,True,True,strict_complete_cells,paper_protocol_strict_feasible_subset
mushrooms,2434,16,1600,0.2,True,1600,1000,,True,True,strict_complete_cells,paper_protocol_strict_feasible_subset
mushrooms,2435,17,1600,0.2,True,1600,1000,,True,True,strict_complete_cells,paper_protocol_strict_feasible_subset
mushrooms,2436,18,1600,0.2,True,1600,1000,,True,True,strict_complete_cells,paper_protocol_strict_feasible_subset
mushrooms,2437,19,1600,0.2,True,1600,1000,,True,True,strict_complete_cells,paper_protocol_strict_feasible_subset
mushrooms,2438,20,1600,0.2,True,1600,1000,,True,True,strict_complete_cells,paper_protocol_strict_feasible_subset
mushrooms,2439,21,1600,0.2,True,1600,1000,,True,True,strict_complete_cells,paper_protocol_strict_feasible_subset
mushrooms,2440,22,1600,0.2,True,1600,1000,,True,True,strict_complete_cells,paper_protocol_strict_feasible_subset
mushrooms,2441,23,1600,0.2,True,1600,1000,,True,True,strict_complete_cells,paper_protocol_strict_feasible_subset
mushrooms,2442,24,1600,0.2,True,1600,1000,,True,True,strict_complete_cells,paper_protocol_strict_feasible_subset
mushrooms,2443,25,1600,0.2,True,1600,1000,,True,True,strict_complete_cells,paper_protocol_strict_feasible_subset
mushrooms,2444,26,1600,0.2,True,1600,1000,,True,True,strict_complete_cells,paper_protocol_strict_feasible_subset
mushrooms,2445,27,1600,0.2,True,1600,1000,,True,True,strict_complete_cells,paper_protocol_strict_feasible_subset
mushrooms,2446,28,1600,0.2,True,1600,1000,,True,True,strict_complete_cells,paper_protocol_strict_feasible_subset
mushrooms,2447,29,1600,0.2,True,1600,1000,,True,True,strict_complete_cells,paper_protocol_strict_feasible_subset
mushrooms,2448,30,1600,0.2,True,1600,1000,,True,True,strict_complete_cells,paper_protocol_strict_feasible_subset
mushrooms,2449,31,1600,0.2,True,1600,1000,,True,True,strict_complete_cells,paper_protocol_strict_feasible_subset
mushrooms,2450,32,1600,0.2,True,1600,1000,,True,True,strict_complete_cells,paper_protocol_strict_feasible_subset
mushrooms,2451,33,1600,0.2,True,1600,1000,,True,True,strict_complete_cells,paper_protocol_strict_feasible_subset
mushrooms,2452,34,1600,0.2,True,1600,1000,,True,True,strict_complete_cells,paper_protocol_strict_feasible_subset
mushrooms,2453,35,1600,0.2,True,1600,1000,,True,True,strict_complete_cells,paper_protocol_strict_feasible_subset
mushrooms,2454,36,1600,0.2,True,1600,1000,,True,True,strict_complete_cells,paper_protocol_strict_feasible_subset
mushrooms,2455,37,1600,0.2,True,1600,1000,,True,True,strict_complete_cells,paper_protocol_strict_feasible_subset
mushrooms,2456,38,1600,0.2,True,1600,1000,,True,True,strict_complete_cells,paper_protocol_strict_feasible_subset
mushrooms,2457,39,1600,0.2,True,1600,1000,,True,True,strict_complete_cells,paper_protocol_strict_feasible_subset
mushrooms,2458,40,1600,0.2,True,1600,1000,,True,True,strict_complete_cells,paper_protocol_strict_feasible_subset
mushrooms,2459,41,1600,0.2,True,1600,1000,,True,True,strict_complete_cells,paper_protocol_strict_feasible_subset
mushrooms,2460,42,1600,0.2,True,1600,1000,,True,True,strict_complete_cells,paper_protocol_strict_feasible_subset
mushrooms,2461,43,1600,0.2,True,1600,1000,,True,True,strict_complete_cells,paper_protocol_strict_feasible_subset
mushrooms,2462,44,1600,0.2,True,1600,1000,,True,True,strict_complete_cells,paper_protocol_strict_feasible_subset
mushrooms,2463,45,1600,0.2,True,1600,1000,,True,True,strict_complete_cells,paper_protocol_strict_feasible_subset
mushrooms,2464,46,1600,0.2,True,1600,1000,,True,True,strict_complete_cells,paper_protocol_strict_feasible_subset
mushrooms,2465,47,1600,0.2,True,1600,1000,,True,True,strict_complete_cells,paper_protocol_strict_feasible_subset
mushrooms,2466,48,1600,0.2,True,1600,1000,,True,True,strict_complete_cells,paper_protocol_strict_feasible_subset
mushrooms,2467,49,1600,0.2,True,1600,1000,,True,True,strict_complete_cells,paper_protocol_strict_feasible_subset
mushrooms,2468,50,1600,0.2,True,1600,1000,,True,True,strict_complete_cells,paper_protocol_strict_feasible_subset
mushrooms,2469,51,1600,0.2,True,1600,1000,,True,True,strict_complete_cells,paper_protocol_strict_feasible_subset
mushrooms,2470,52,1600,0.2,True,1600,1000,,True,True,strict_complete_cells,paper_protocol_strict_feasible_subset
mushrooms,2471,53,1600,0.2,True,1600,1000,,True,True,strict_complete_cells,paper_protocol_strict_feasible_subset
mushrooms,2472,54,1600,0.2,True,1600,1000,,True,True,strict_complete_cells,paper_protocol_strict_feasible_subset
mushrooms,2473,55,1600,0.2,True,1600,1000,,True,True,strict_complete_cells,paper_protocol_strict_feasible_subset
mushrooms,2474,56,1600,0.2,True,1600,1000,,True,True,strict_complete_cells,paper_protocol_strict_feasible_subset
mushrooms,2475,57,1600,0.2,True,1600,1000,,True,True,strict_complete_cells,paper_protocol_strict_feasible_subset
mushrooms,2476,58,1600,0.2,True,1600,1000,,True,True,strict_complete_cells,paper_protocol_strict_feasible_subset
mushrooms,2477,59,1600,0.2,True,1600,1000,,True,True,strict_complete_cells,paper_protocol_strict_feasible_subset
mushrooms,2478,60,1600,0.2,True,1600,1000,,True,True,strict_complete_cells,paper_protocol_strict_feasible_subset
mushrooms,2479,61,1600,0.2,True,1600,1000,,True,True,strict_complete_cells,paper_protocol_strict_feasible_subset
mushrooms,2480,62,1600,0.2,True,1600,1000,,True,True,strict_complete_cells,paper_protocol_strict_feasible_subset
mushrooms,2481,63,1600,0.2,True,1600,1000,,True,True,strict_complete_cells,paper_protocol_strict_feasible_subset
mushrooms,2482,64,1600,0.2,True,1600,1000,,True,True,strict_complete_cells,paper_protocol_strict_feasible_subset
mushrooms,2483,65,1600,0.2,True,1600,1000,,True,True,strict_complete_cells,paper_protocol_strict_feasible_subset
mushrooms,2484,66,1600,0.2,True,1600,1000,,True,True,strict_complete_cells,paper_protocol_strict_feasible_subset
mushrooms,2485,67,1600,0.2,True,1600,1000,,True,True,strict_complete_cells,paper_protocol_strict_feasible_subset
mushrooms,2486,68,1600,0.2,True,1600,1000,,True,True,strict_complete_cells,paper_protocol_strict_feasible_subset
mushrooms,2487,69,1600,0.2,True,1600,1000,,True,True,strict_complete_cells,paper_protocol_strict_feasible_subset
mushrooms,2488,70,1600,0.2,True,1600,1000,,True,True,strict_complete_cells,paper_protocol_strict_feasible_subset
mushrooms,2489,71,1600,0.2,True,1600,1000,,True,True,strict_complete_cells,paper_protocol_strict_feasible_subset
mushrooms,2490,72,1600,0.2,True,1600,1000,,True,True,strict_complete_cells,paper_protocol_strict_feasible_subset
mushrooms,2491,73,1600,0.2,True,1600,1000,,True,True,strict_complete_cells,paper_protocol_strict_feasible_subset
mushrooms,2492,74,1600,0.2,True,1600,1000,,True,True,strict_complete_cells,paper_protocol_strict_feasible_subset
mushrooms,2493,75,1600,0.2,True,1600,1000,,True,True,strict_complete_cells,paper_protocol_strict_feasible_subset
mushrooms,2494,76,1600,0.2,True,1600,1000,,True,True,strict_complete_cells,paper_protocol_strict_feasible_subset
mushrooms,2495,77,1600,0.2,True,1600,1000,,True,True,strict_complete_cells,paper_protocol_strict_feasible_subset
mushrooms,2496,78,1600,0.2,True,1600,1000,,True,True,strict_complete_cells,paper_protocol_strict_feasible_subset
mushrooms,2497,79,1600,0.2,True,1600,1000,,True,True,strict_complete_cells,paper_protocol_strict_feasible_subset
mushrooms,2498,80,1600,0.2,True,1600,1000,,True,True,strict_complete_cells,paper_protocol_strict_feasible_subset
mushrooms,2499,81,1600,0.2,True,1600,1000,,True,True,strict_complete_cells,paper_protocol_strict_feasible_subset
mushrooms,2500,82,1600,0.2,True,1600,1000,,True,True,strict_complete_cells,paper_protocol_strict_feasible_subset
mushrooms,2501,83,1600,0.2,True,1600,1000,,True,True,strict_complete_cells,paper_protocol_strict_feasible_subset
mushrooms,2502,84,1600,0.2,True,1600,1000,,True,True,strict_complete_cells,paper_protocol_strict_feasible_subset
mushrooms,2503,85,1600,0.2,True,1600,1000,,True,True,strict_complete_cells,paper_protocol_strict_feasible_subset
mushrooms,2504,86,1600,0.2,True,1600,1000,,True,True,strict_complete_cells,paper_protocol_strict_feasible_subset
mushrooms,2505,87,1600,0.2,True,1600,1000,,True,True,strict_complete_cells,paper_protocol_strict_feasible_subset
mushrooms,2506,88,1600,0.2,True,1600,1000,,True,True,strict_complete_cells,paper_protocol_strict_feasible_subset
mushrooms,2507,89,1600,0.2,True,1600,1000,,True,True,strict_complete_cells,paper_protocol_strict_feasible_subset
mushrooms,2508,90,1600,0.2,True,1600,1000,,True,True,strict_complete_cells,paper_protocol_strict_feasible_subset
mushrooms,2509,91,1600,0.2,True,1600,1000,,True,True,strict_complete_cells,paper_protocol_strict_feasible_subset
mushrooms,2510,92,1600,0.2,True,1600,1000,,True,True,strict_complete_cells,paper_protocol_strict_feasible_subset
mushrooms,2511,93,1600,0.2,True,1600,1000,,True,True,strict_complete_cells,paper_protocol_strict_feasible_subset
mushrooms,2512,94,1600,0.2,True,1600,1000,,True,True,strict_complete_cells,paper_protocol_strict_feasible_subset
mushrooms,2513,95,1600,0.2,True,1600,1000,,True,True,strict_complete_cells,paper_protocol_strict_feasible_subset
mushrooms,2514,96,1600,0.2,True,1600,1000,,True,True,strict_complete_cells,paper_protocol_strict_feasible_subset
mushrooms,2515,97,1600,0.2,True,1600,1000,,True,True,strict_complete_cells,paper_protocol_strict_feasible_subset
mushrooms,2516,98,1600,0.2,True,1600,1000,,True,True,strict_complete_cells,paper_protocol_strict_feasible_subset
mushrooms,2517,99,1600,0.2,True,1600,1000,,True,True,strict_complete_cells,paper_protocol_strict_feasible_subset
mushrooms,2518,0,1600,0.4,True,1600,1000,,True,True,strict_complete_cells,paper_protocol_strict_feasible_subset
mushrooms,2519,1,1600,0.4,True,1600,1000,,True,True,strict_complete_cells,paper_protocol_strict_feasible_subset
mushrooms,2520,2,1600,0.4,True,1600,1000,,True,True,strict_complete_cells,paper_protocol_strict_feasible_subset
mushrooms,2521,3,1600,0.4,True,1600,1000,,True,True,strict_complete_cells,paper_protocol_strict_feasible_subset
mushrooms,2522,4,1600,0.4,True,1600,1000,,True,True,strict_complete_cells,paper_protocol_strict_feasible_subset
mushrooms,2523,5,1600,0.4,True,1600,1000,,True,True,strict_complete_cells,paper_protocol_strict_feasible_subset
mushrooms,2524,6,1600,0.4,True,1600,1000,,True,True,strict_complete_cells,paper_protocol_strict_feasible_subset
mushrooms,2525,7,1600,0.4,True,1600,1000,,True,True,strict_complete_cells,paper_protocol_strict_feasible_subset
mushrooms,2526,8,1600,0.4,True,1600,1000,,True,True,strict_complete_cells,paper_protocol_strict_feasible_subset
mushrooms,2527,9,1600,0.4,True,1600,1000,,True,True,strict_complete_cells,paper_protocol_strict_feasible_subset
mushrooms,2528,10,1600,0.4,True,1600,1000,,True,True,strict_complete_cells,paper_protocol_strict_feasible_subset
mushrooms,2529,11,1600,0.4,True,1600,1000,,True,True,strict_complete_cells,paper_protocol_strict_feasible_subset
mushrooms,2530,12,1600,0.4,True,1600,1000,,True,True,strict_complete_cells,paper_protocol_strict_feasible_subset
mushrooms,2531,13,1600,0.4,True,1600,1000,,True,True,strict_complete_cells,paper_protocol_strict_feasible_subset
mushrooms,2532,14,1600,0.4,True,1600,1000,,True,True,strict_complete_cells,paper_protocol_strict_feasible_subset
mushrooms,2533,15,1600,0.4,True,1600,1000,,True,True,strict_complete_cells,paper_protocol_strict_feasible_subset
mushrooms,2534,16,1600,0.4,True,1600,1000,,True,True,strict_complete_cells,paper_protocol_strict_feasible_subset
mushrooms,2535,17,1600,0.4,True,1600,1000,,True,True,strict_complete_cells,paper_protocol_strict_feasible_subset
mushrooms,2536,18,1600,0.4,True,1600,1000,,True,True,strict_complete_cells,paper_protocol_strict_feasible_subset
mushrooms,2537,19,1600,0.4,True,1600,1000,,True,True,strict_complete_cells,paper_protocol_strict_feasible_subset
mushrooms,2538,20,1600,0.4,True,1600,1000,,True,True,strict_complete_cells,paper_protocol_strict_feasible_subset
mushrooms,2539,21,1600,0.4,True,1600,1000,,True,True,strict_complete_cells,paper_protocol_strict_feasible_subset
mushrooms,2540,22,1600,0.4,True,1600,1000,,True,True,strict_complete_cells,paper_protocol_strict_feasible_subset
mushrooms,2541,23,1600,0.4,True,1600,1000,,True,True,strict_complete_cells,paper_protocol_strict_feasible_subset
mushrooms,2542,24,1600,0.4,True,1600,1000,,True,True,strict_complete_cells,paper_protocol_strict_feasible_subset
mushrooms,2543,25,1600,0.4,True,1600,1000,,True,True,strict_complete_cells,paper_protocol_strict_feasible_subset
mushrooms,2544,26,1600,0.4,True,1600,1000,,True,True,strict_complete_cells,paper_protocol_strict_feasible_subset
mushrooms,2545,27,1600,0.4,True,1600,1000,,True,True,strict_complete_cells,paper_protocol_strict_feasible_subset
mushrooms,2546,28,1600,0.4,True,1600,1000,,True,True,strict_complete_cells,paper_protocol_strict_feasible_subset
mushrooms,2547,29,1600,0.4,True,1600,1000,,True,True,strict_complete_cells,paper_protocol_strict_feasible_subset
mushrooms,2548,30,1600,0.4,True,1600,1000,,True,True,strict_complete_cells,paper_protocol_strict_feasible_subset
mushrooms,2549,31,1600,0.4,True,1600,1000,,True,True,strict_complete_cells,paper_protocol_strict_feasible_subset
mushrooms,2550,32,1600,0.4,True,1600,1000,,True,True,strict_complete_cells,paper_protocol_strict_feasible_subset
mushrooms,2551,33,1600,0.4,True,1600,1000,,True,True,strict_complete_cells,paper_protocol_strict_feasible_subset
mushrooms,2552,34,1600,0.4,True,1600,1000,,True,True,strict_complete_cells,paper_protocol_strict_feasible_subset
mushrooms,2553,35,1600,0.4,True,1600,1000,,True,True,strict_complete_cells,paper_protocol_strict_feasible_subset
mushrooms,2554,36,1600,0.4,True,1600,1000,,True,True,strict_complete_cells,paper_protocol_strict_feasible_subset
mushrooms,2555,37,1600,0.4,True,1600,1000,,True,True,strict_complete_cells,paper_protocol_strict_feasible_subset
mushrooms,2556,38,1600,0.4,True,1600,1000,,True,True,strict_complete_cells,paper_protocol_strict_feasible_subset
mushrooms,2557,39,1600,0.4,True,1600,1000,,True,True,strict_complete_cells,paper_protocol_strict_feasible_subset
mushrooms,2558,40,1600,0.4,True,1600,1000,,True,True,strict_complete_cells,paper_protocol_strict_feasible_subset
mushrooms,2559,41,1600,0.4,True,1600,1000,,True,True,strict_complete_cells,paper_protocol_strict_feasible_subset
mushrooms,2560,42,1600,0.4,True,1600,1000,,True,True,strict_complete_cells,paper_protocol_strict_feasible_subset
mushrooms,2561,43,1600,0.4,True,1600,1000,,True,True,strict_complete_cells,paper_protocol_strict_feasible_subset
mushrooms,2562,44,1600,0.4,True,1600,1000,,True,True,strict_complete_cells,paper_protocol_strict_feasible_subset
mushrooms,2563,45,1600,0.4,True,1600,1000,,True,True,strict_complete_cells,paper_protocol_strict_feasible_subset
mushrooms,2564,46,1600,0.4,True,1600,1000,,True,True,strict_complete_cells,paper_protocol_strict_feasible_subset
mushrooms,2565,47,1600,0.4,True,1600,1000,,True,True,strict_complete_cells,paper_protocol_strict_feasible_subset
mushrooms,2566,48,1600,0.4,True,1600,1000,,True,True,strict_complete_cells,paper_protocol_strict_feasible_subset
mushrooms,2567,49,1600,0.4,True,1600,1000,,True,True,strict_complete_cells,paper_protocol_strict_feasible_subset
mushrooms,2568,50,1600,0.4,True,1600,1000,,True,True,strict_complete_cells,paper_protocol_strict_feasible_subset
mushrooms,2569,51,1600,0.4,True,1600,1000,,True,True,strict_complete_cells,paper_protocol_strict_feasible_subset
mushrooms,2570,52,1600,0.4,True,1600,1000,,True,True,strict_complete_cells,paper_protocol_strict_feasible_subset
mushrooms,2571,53,1600,0.4,True,1600,1000,,True,True,strict_complete_cells,paper_protocol_strict_feasible_subset
mushrooms,2572,54,1600,0.4,True,1600,1000,,True,True,strict_complete_cells,paper_protocol_strict_feasible_subset
mushrooms,2573,55,1600,0.4,True,1600,1000,,True,True,strict_complete_cells,paper_protocol_strict_feasible_subset
mushrooms,2574,56,1600,0.4,True,1600,1000,,True,True,strict_complete_cells,paper_protocol_strict_feasible_subset
mushrooms,2575,57,1600,0.4,True,1600,1000,,True,True,strict_complete_cells,paper_protocol_strict_feasible_subset
mushrooms,2576,58,1600,0.4,True,1600,1000,,True,True,strict_complete_cells,paper_protocol_strict_feasible_subset
mushrooms,2577,59,1600,0.4,True,1600,1000,,True,True,strict_complete_cells,paper_protocol_strict_feasible_subset
mushrooms,2578,60,1600,0.4,True,1600,1000,,True,True,strict_complete_cells,paper_protocol_strict_feasible_subset
mushrooms,2579,61,1600,0.4,True,1600,1000,,True,True,strict_complete_cells,paper_protocol_strict_feasible_subset
mushrooms,2580,62,1600,0.4,True,1600,1000,,True,True,strict_complete_cells,paper_protocol_strict_feasible_subset
mushrooms,2581,63,1600,0.4,True,1600,1000,,True,True,strict_complete_cells,paper_protocol_strict_feasible_subset
mushrooms,2582,64,1600,0.4,True,1600,1000,,True,True,strict_complete_cells,paper_protocol_strict_feasible_subset
mushrooms,2583,65,1600,0.4,True,1600,1000,,True,True,strict_complete_cells,paper_protocol_strict_feasible_subset
mushrooms,2584,66,1600,0.4,True,1600,1000,,True,True,strict_complete_cells,paper_protocol_strict_feasible_subset
mushrooms,2585,67,1600,0.4,True,1600,1000,,True,True,strict_complete_cells,paper_protocol_strict_feasible_subset
mushrooms,2586,68,1600,0.4,True,1600,1000,,True,True,strict_complete_cells,paper_protocol_strict_feasible_subset
mushrooms,2587,69,1600,0.4,True,1600,1000,,True,True,strict_complete_cells,paper_protocol_strict_feasible_subset
mushrooms,2588,70,1600,0.4,True,1600,1000,,True,True,strict_complete_cells,paper_protocol_strict_feasible_subset
mushrooms,2589,71,1600,0.4,True,1600,1000,,True,True,strict_complete_cells,paper_protocol_strict_feasible_subset
mushrooms,2590,72,1600,0.4,True,1600,1000,,True,True,strict_complete_cells,paper_protocol_strict_feasible_subset
mushrooms,2591,73,1600,0.4,True,1600,1000,,True,True,strict_complete_cells,paper_protocol_strict_feasible_subset
mushrooms,2592,74,1600,0.4,True,1600,1000,,True,True,strict_complete_cells,paper_protocol_strict_feasible_subset
mushrooms,2593,75,1600,0.4,True,1600,1000,,True,True,strict_complete_cells,paper_protocol_strict_feasible_subset
mushrooms,2594,76,1600,0.4,True,1600,1000,,True,True,strict_complete_cells,paper_protocol_strict_feasible_subset
mushrooms,2595,77,1600,0.4,True,1600,1000,,True,True,strict_complete_cells,paper_protocol_strict_feasible_subset
mushrooms,2596,78,1600,0.4,True,1600,1000,,True,True,strict_complete_cells,paper_protocol_strict_feasible_subset
mushrooms,2597,79,1600,0.4,True,1600,1000,,True,True,strict_complete_cells,paper_protocol_strict_feasible_subset
mushrooms,2598,80,1600,0.4,True,1600,1000,,True,True,strict_complete_cells,paper_protocol_strict_feasible_subset
mushrooms,2599,81,1600,0.4,True,1600,1000,,True,True,strict_complete_cells,paper_protocol_strict_feasible_subset
mushrooms,2600,82,1600,0.4,True,1600,1000,,True,True,strict_complete_cells,paper_protocol_strict_feasible_subset
mushrooms,2601,83,1600,0.4,True,1600,1000,,True,True,strict_complete_cells,paper_protocol_strict_feasible_subset
mushrooms,2602,84,1600,0.4,True,1600,1000,,True,True,strict_complete_cells,paper_protocol_strict_feasible_subset
mushrooms,2603,85,1600,0.4,True,1600,1000,,True,True,strict_complete_cells,paper_protocol_strict_feasible_subset
mushrooms,2604,86,1600,0.4,True,1600,1000,,True,True,strict_complete_cells,paper_protocol_strict_feasible_subset
mushrooms,2605,87,1600,0.4,True,1600,1000,,True,True,strict_complete_cells,paper_protocol_strict_feasible_subset
mushrooms,2606,88,1600,0.4,True,1600,1000,,True,True,strict_complete_cells,paper_protocol_strict_feasible_subset
mushrooms,2607,89,1600,0.4,True,1600,1000,,True,True,strict_complete_cells,paper_protocol_strict_feasible_subset
mushrooms,2608,90,1600,0.4,True,1600,1000,,True,True,strict_complete_cells,paper_protocol_strict_feasible_subset
mushrooms,2609,91,1600,0.4,True,1600,1000,,True,True,strict_complete_cells,paper_protocol_strict_feasible_subset
mushrooms,2610,92,1600,0.4,True,1600,1000,,True,True,strict_complete_cells,paper_protocol_strict_feasible_subset
mushrooms,2611,93,1600,0.4,True,1600,1000,,True,True,strict_complete_cells,paper_protocol_strict_feasible_subset
mushrooms,2612,94,1600,0.4,True,1600,1000,,True,True,strict_complete_cells,paper_protocol_strict_feasible_subset
mushrooms,2613,95,1600,0.4,True,1600,1000,,True,True,strict_complete_cells,paper_protocol_strict_feasible_subset
mushrooms,2614,96,1600,0.4,True,1600,1000,,True,True,strict_complete_cells,paper_protocol_strict_feasible_subset
mushrooms,2615,97,1600,0.4,True,1600,1000,,True,True,strict_complete_cells,paper_protocol_strict_feasible_subset
mushrooms,2616,98,1600,0.4,True,1600,1000,,True,True,strict_complete_cells,paper_protocol_strict_feasible_subset
mushrooms,2617,99,1600,0.4,True,1600,1000,,True,True,strict_complete_cells,paper_protocol_strict_feasible_subset
mushrooms,2618,0,1600,0.6,True,1600,1000,,True,True,strict_complete_cells,paper_protocol_strict_feasible_subset
mushrooms,2619,1,1600,0.6,True,1600,1000,,True,True,strict_complete_cells,paper_protocol_strict_feasible_subset
mushrooms,2620,2,1600,0.6,True,1600,1000,,True,True,strict_complete_cells,paper_protocol_strict_feasible_subset
mushrooms,2621,3,1600,0.6,True,1600,1000,,True,True,strict_complete_cells,paper_protocol_strict_feasible_subset
mushrooms,2622,4,1600,0.6,True,1600,1000,,True,True,strict_complete_cells,paper_protocol_strict_feasible_subset
mushrooms,2623,5,1600,0.6,True,1600,1000,,True,True,strict_complete_cells,paper_protocol_strict_feasible_subset
mushrooms,2624,6,1600,0.6,True,1600,1000,,True,True,strict_complete_cells,paper_protocol_strict_feasible_subset
mushrooms,2625,7,1600,0.6,True,1600,1000,,True,True,strict_complete_cells,paper_protocol_strict_feasible_subset
mushrooms,2626,8,1600,0.6,True,1600,1000,,True,True,strict_complete_cells,paper_protocol_strict_feasible_subset
mushrooms,2627,9,1600,0.6,True,1600,1000,,True,True,strict_complete_cells,paper_protocol_strict_feasible_subset
mushrooms,2628,10,1600,0.6,True,1600,1000,,True,True,strict_complete_cells,paper_protocol_strict_feasible_subset
mushrooms,2629,11,1600,0.6,True,1600,1000,,True,True,strict_complete_cells,paper_protocol_strict_feasible_subset
mushrooms,2630,12,1600,0.6,True,1600,1000,,True,True,strict_complete_cells,paper_protocol_strict_feasible_subset
mushrooms,2631,13,1600,0.6,True,1600,1000,,True,True,strict_complete_cells,paper_protocol_strict_feasible_subset
mushrooms,2632,14,1600,0.6,True,1600,1000,,True,True,strict_complete_cells,paper_protocol_strict_feasible_subset
mushrooms,2633,15,1600,0.6,True,1600,1000,,True,True,strict_complete_cells,paper_protocol_strict_feasible_subset
mushrooms,2634,16,1600,0.6,True,1600,1000,,True,True,strict_complete_cells,paper_protocol_strict_feasible_subset
mushrooms,2635,17,1600,0.6,True,1600,1000,,True,True,strict_complete_cells,paper_protocol_strict_feasible_subset
mushrooms,2636,18,1600,0.6,True,1600,1000,,True,True,strict_complete_cells,paper_protocol_strict_feasible_subset
mushrooms,2637,19,1600,0.6,True,1600,1000,,True,True,strict_complete_cells,paper_protocol_strict_feasible_subset
mushrooms,2638,20,1600,0.6,True,1600,1000,,True,True,strict_complete_cells,paper_protocol_strict_feasible_subset
mushrooms,2639,21,1600,0.6,True,1600,1000,,True,True,strict_complete_cells,paper_protocol_strict_feasible_subset
mushrooms,2640,22,1600,0.6,True,1600,1000,,True,True,strict_complete_cells,paper_protocol_strict_feasible_subset
mushrooms,2641,23,1600,0.6,True,1600,1000,,True,True,strict_complete_cells,paper_protocol_strict_feasible_subset
mushrooms,2642,24,1600,0.6,True,1600,1000,,True,True,strict_complete_cells,paper_protocol_strict_feasible_subset
mushrooms,2643,25,1600,0.6,True,1600,1000,,True,True,strict_complete_cells,paper_protocol_strict_feasible_subset
mushrooms,2644,26,1600,0.6,True,1600,1000,,True,True,strict_complete_cells,paper_protocol_strict_feasible_subset
mushrooms,2645,27,1600,0.6,True,1600,1000,,True,True,strict_complete_cells,paper_protocol_strict_feasible_subset
mushrooms,2646,28,1600,0.6,True,1600,1000,,True,True,strict_complete_cells,paper_protocol_strict_feasible_subset
mushrooms,2647,29,1600,0.6,True,1600,1000,,True,True,strict_complete_cells,paper_protocol_strict_feasible_subset
mushrooms,2648,30,1600,0.6,True,1600,1000,,True,True,strict_complete_cells,paper_protocol_strict_feasible_subset
mushrooms,2649,31,1600,0.6,True,1600,1000,,True,True,strict_complete_cells,paper_protocol_strict_feasible_subset
mushrooms,2650,32,1600,0.6,True,1600,1000,,True,True,strict_complete_cells,paper_protocol_strict_feasible_subset
mushrooms,2651,33,1600,0.6,True,1600,1000,,True,True,strict_complete_cells,paper_protocol_strict_feasible_subset
mushrooms,2652,34,1600,0.6,True,1600,1000,,True,True,strict_complete_cells,paper_protocol_strict_feasible_subset
mushrooms,2653,35,1600,0.6,True,1600,1000,,True,True,strict_complete_cells,paper_protocol_strict_feasible_subset
mushrooms,2654,36,1600,0.6,True,1600,1000,,True,True,strict_complete_cells,paper_protocol_strict_feasible_subset
mushrooms,2655,37,1600,0.6,True,1600,1000,,True,True,strict_complete_cells,paper_protocol_strict_feasible_subset
mushrooms,2656,38,1600,0.6,True,1600,1000,,True,True,strict_complete_cells,paper_protocol_strict_feasible_subset
mushrooms,2657,39,1600,0.6,True,1600,1000,,True,True,strict_complete_cells,paper_protocol_strict_feasible_subset
mushrooms,2658,40,1600,0.6,True,1600,1000,,True,True,strict_complete_cells,paper_protocol_strict_feasible_subset
mushrooms,2659,41,1600,0.6,True,1600,1000,,True,True,strict_complete_cells,paper_protocol_strict_feasible_subset
mushrooms,2660,42,1600,0.6,True,1600,1000,,True,True,strict_complete_cells,paper_protocol_strict_feasible_subset
mushrooms,2661,43,1600,0.6,True,1600,1000,,True,True,strict_complete_cells,paper_protocol_strict_feasible_subset
mushrooms,2662,44,1600,0.6,True,1600,1000,,True,True,strict_complete_cells,paper_protocol_strict_feasible_subset
mushrooms,2663,45,1600,0.6,True,1600,1000,,True,True,strict_complete_cells,paper_protocol_strict_feasible_subset
mushrooms,2664,46,1600,0.6,True,1600,1000,,True,True,strict_complete_cells,paper_protocol_strict_feasible_subset
mushrooms,2665,47,1600,0.6,True,1600,1000,,True,True,strict_complete_cells,paper_protocol_strict_feasible_subset
mushrooms,2666,48,1600,0.6,True,1600,1000,,True,True,strict_complete_cells,paper_protocol_strict_feasible_subset
mushrooms,2667,49,1600,0.6,True,1600,1000,,True,True,strict_complete_cells,paper_protocol_strict_feasible_subset
mushrooms,2668,50,1600,0.6,True,1600,1000,,True,True,strict_complete_cells,paper_protocol_strict_feasible_subset
mushrooms,2669,51,1600,0.6,True,1600,1000,,True,True,strict_complete_cells,paper_protocol_strict_feasible_subset
mushrooms,2670,52,1600,0.6,True,1600,1000,,True,True,strict_complete_cells,paper_protocol_strict_feasible_subset
mushrooms,2671,53,1600,0.6,True,1600,1000,,True,True,strict_complete_cells,paper_protocol_strict_feasible_subset
mushrooms,2672,54,1600,0.6,True,1600,1000,,True,True,strict_complete_cells,paper_protocol_strict_feasible_subset
mushrooms,2673,55,1600,0.6,True,1600,1000,,True,True,strict_complete_cells,paper_protocol_strict_feasible_subset
mushrooms,2674,56,1600,0.6,True,1600,1000,,True,True,strict_complete_cells,paper_protocol_strict_feasible_subset
mushrooms,2675,57,1600,0.6,True,1600,1000,,True,True,strict_complete_cells,paper_protocol_strict_feasible_subset
mushrooms,2676,58,1600,0.6,True,1600,1000,,True,True,strict_complete_cells,paper_protocol_strict_feasible_subset
mushrooms,2677,59,1600,0.6,True,1600,1000,,True,True,strict_complete_cells,paper_protocol_strict_feasible_subset
mushrooms,2678,60,1600,0.6,True,1600,1000,,True,True,strict_complete_cells,paper_protocol_strict_feasible_subset
mushrooms,2679,61,1600,0.6,True,1600,1000,,True,True,strict_complete_cells,paper_protocol_strict_feasible_subset
mushrooms,2680,62,1600,0.6,True,1600,1000,,True,True,strict_complete_cells,paper_protocol_strict_feasible_subset
mushrooms,2681,63,1600,0.6,True,1600,1000,,True,True,strict_complete_cells,paper_protocol_strict_feasible_subset
mushrooms,2682,64,1600,0.6,True,1600,1000,,True,True,strict_complete_cells,paper_protocol_strict_feasible_subset
mushrooms,2683,65,1600,0.6,True,1600,1000,,True,True,strict_complete_cells,paper_protocol_strict_feasible_subset
mushrooms,2684,66,1600,0.6,True,1600,1000,,True,True,strict_complete_cells,paper_protocol_strict_feasible_subset
mushrooms,2685,67,1600,0.6,True,1600,1000,,True,True,strict_complete_cells,paper_protocol_strict_feasible_subset
mushrooms,2686,68,1600,0.6,True,1600,1000,,True,True,strict_complete_cells,paper_protocol_strict_feasible_subset
mushrooms,2687,69,1600,0.6,True,1600,1000,,True,True,strict_complete_cells,paper_protocol_strict_feasible_subset
mushrooms,2688,70,1600,0.6,True,1600,1000,,True,True,strict_complete_cells,paper_protocol_strict_feasible_subset
mushrooms,2689,71,1600,0.6,True,1600,1000,,True,True,strict_complete_cells,paper_protocol_strict_feasible_subset
mushrooms,2690,72,1600,0.6,True,1600,1000,,True,True,strict_complete_cells,paper_protocol_strict_feasible_subset
mushrooms,2691,73,1600,0.6,True,1600,1000,,True,True,strict_complete_cells,paper_protocol_strict_feasible_subset
mushrooms,2692,74,1600,0.6,True,1600,1000,,True,True,strict_complete_cells,paper_protocol_strict_feasible_subset
mushrooms,2693,75,1600,0.6,True,1600,1000,,True,True,strict_complete_cells,paper_protocol_strict_feasible_subset
mushrooms,2694,76,1600,0.6,True,1600,1000,,True,True,strict_complete_cells,paper_protocol_strict_feasible_subset
mushrooms,2695,77,1600,0.6,True,1600,1000,,True,True,strict_complete_cells,paper_protocol_strict_feasible_subset
mushrooms,2696,78,1600,0.6,True,1600,1000,,True,True,strict_complete_cells,paper_protocol_strict_feasible_subset
mushrooms,2697,79,1600,0.6,True,1600,1000,,True,True,strict_complete_cells,paper_protocol_strict_feasible_subset
mushrooms,2698,80,1600,0.6,True,1600,1000,,True,True,strict_complete_cells,paper_protocol_strict_feasible_subset
mushrooms,2699,81,1600,0.6,True,1600,1000,,True,True,strict_complete_cells,paper_protocol_strict_feasible_subset
mushrooms,2700,82,1600,0.6,True,1600,1000,,True,True,strict_complete_cells,paper_protocol_strict_feasible_subset
mushrooms,2701,83,1600,0.6,True,1600,1000,,True,True,strict_complete_cells,paper_protocol_strict_feasible_subset
mushrooms,2702,84,1600,0.6,True,1600,1000,,True,True,strict_complete_cells,paper_protocol_strict_feasible_subset
mushrooms,2703,85,1600,0.6,True,1600,1000,,True,True,strict_complete_cells,paper_protocol_strict_feasible_subset
mushrooms,2704,86,1600,0.6,True,1600,1000,,True,True,strict_complete_cells,paper_protocol_strict_feasible_subset
mushrooms,2705,87,1600,0.6,True,1600,1000,,True,True,strict_complete_cells,paper_protocol_strict_feasible_subset
mushrooms,2706,88,1600,0.6,True,1600,1000,,True,True,strict_complete_cells,paper_protocol_strict_feasible_subset
mushrooms,2707,89,1600,0.6,True,1600,1000,,True,True,strict_complete_cells,paper_protocol_strict_feasible_subset
mushrooms,2708,90,1600,0.6,True,1600,1000,,True,True,strict_complete_cells,paper_protocol_strict_feasible_subset
mushrooms,2709,91,1600,0.6,True,1600,1000,,True,True,strict_complete_cells,paper_protocol_strict_feasible_subset
mushrooms,2710,92,1600,0.6,True,1600,1000,,True,True,strict_complete_cells,paper_protocol_strict_feasible_subset
mushrooms,2711,93,1600,0.6,True,1600,1000,,True,True,strict_complete_cells,paper_protocol_strict_feasible_subset
mushrooms,2712,94,1600,0.6,True,1600,1000,,True,True,strict_complete_cells,paper_protocol_strict_feasible_subset
mushrooms,2713,95,1600,0.6,True,1600,1000,,True,True,strict_complete_cells,paper_protocol_strict_feasible_subset
mushrooms,2714,96,1600,0.6,True,1600,1000,,True,True,strict_complete_cells,paper_protocol_strict_feasible_subset
mushrooms,2715,97,1600,0.6,True,1600,1000,,True,True,strict_complete_cells,paper_protocol_strict_feasible_subset
mushrooms,2716,98,1600,0.6,True,1600,1000,,True,True,strict_complete_cells,paper_protocol_strict_feasible_subset
mushrooms,2717,99,1600,0.6,True,1600,1000,,True,True,strict_complete_cells,paper_protocol_strict_feasible_subset
mushrooms,2718,0,1600,0.8,True,1600,1000,,True,True,strict_complete_cells,paper_protocol_strict_feasible_subset
mushrooms,2719,1,1600,0.8,True,1600,1000,,True,True,strict_complete_cells,paper_protocol_strict_feasible_subset
mushrooms,2720,2,1600,0.8,True,1600,1000,,True,True,strict_complete_cells,paper_protocol_strict_feasible_subset
mushrooms,2721,3,1600,0.8,True,1600,1000,,True,True,strict_complete_cells,paper_protocol_strict_feasible_subset
mushrooms,2722,4,1600,0.8,True,1600,1000,,True,True,strict_complete_cells,paper_protocol_strict_feasible_subset
mushrooms,2723,5,1600,0.8,True,1600,1000,,True,True,strict_complete_cells,paper_protocol_strict_feasible_subset
mushrooms,2724,6,1600,0.8,True,1600,1000,,True,True,strict_complete_cells,paper_protocol_strict_feasible_subset
mushrooms,2725,7,1600,0.8,True,1600,1000,,True,True,strict_complete_cells,paper_protocol_strict_feasible_subset
mushrooms,2726,8,1600,0.8,True,1600,1000,,True,True,strict_complete_cells,paper_protocol_strict_feasible_subset
mushrooms,2727,9,1600,0.8,True,1600,1000,,True,True,strict_complete_cells,paper_protocol_strict_feasible_subset
mushrooms,2728,10,1600,0.8,True,1600,1000,,True,True,strict_complete_cells,paper_protocol_strict_feasible_subset
mushrooms,2729,11,1600,0.8,True,1600,1000,,True,True,strict_complete_cells,paper_protocol_strict_feasible_subset
mushrooms,2730,12,1600,0.8,True,1600,1000,,True,True,strict_complete_cells,paper_protocol_strict_feasible_subset
mushrooms,2731,13,1600,0.8,True,1600,1000,,True,True,strict_complete_cells,paper_protocol_strict_feasible_subset
mushrooms,2732,14,1600,0.8,True,1600,1000,,True,True,strict_complete_cells,paper_protocol_strict_feasible_subset
mushrooms,2733,15,1600,0.8,True,1600,1000,,True,True,strict_complete_cells,paper_protocol_strict_feasible_subset
mushrooms,2734,16,1600,0.8,True,1600,1000,,True,True,strict_complete_cells,paper_protocol_strict_feasible_subset
mushrooms,2735,17,1600,0.8,True,1600,1000,,True,True,strict_complete_cells,paper_protocol_strict_feasible_subset
mushrooms,2736,18,1600,0.8,True,1600,1000,,True,True,strict_complete_cells,paper_protocol_strict_feasible_subset
mushrooms,2737,19,1600,0.8,True,1600,1000,,True,True,strict_complete_cells,paper_protocol_strict_feasible_subset
mushrooms,2738,20,1600,0.8,True,1600,1000,,True,True,strict_complete_cells,paper_protocol_strict_feasible_subset
mushrooms,2739,21,1600,0.8,True,1600,1000,,True,True,strict_complete_cells,paper_protocol_strict_feasible_subset
mushrooms,2740,22,1600,0.8,True,1600,1000,,True,True,strict_complete_cells,paper_protocol_strict_feasible_subset
mushrooms,2741,23,1600,0.8,True,1600,1000,,True,True,strict_complete_cells,paper_protocol_strict_feasible_subset
mushrooms,2742,24,1600,0.8,True,1600,1000,,True,True,strict_complete_cells,paper_protocol_strict_feasible_subset
mushrooms,2743,25,1600,0.8,True,1600,1000,,True,True,strict_complete_cells,paper_protocol_strict_feasible_subset
mushrooms,2744,26,1600,0.8,True,1600,1000,,True,True,strict_complete_cells,paper_protocol_strict_feasible_subset
mushrooms,2745,27,1600,0.8,True,1600,1000,,True,True,strict_complete_cells,paper_protocol_strict_feasible_subset
mushrooms,2746,28,1600,0.8,True,1600,1000,,True,True,strict_complete_cells,paper_protocol_strict_feasible_subset
mushrooms,2747,29,1600,0.8,True,1600,1000,,True,True,strict_complete_cells,paper_protocol_strict_feasible_subset
mushrooms,2748,30,1600,0.8,True,1600,1000,,True,True,strict_complete_cells,paper_protocol_strict_feasible_subset
mushrooms,2749,31,1600,0.8,True,1600,1000,,True,True,strict_complete_cells,paper_protocol_strict_feasible_subset
mushrooms,2750,32,1600,0.8,True,1600,1000,,True,True,strict_complete_cells,paper_protocol_strict_feasible_subset
mushrooms,2751,33,1600,0.8,True,1600,1000,,True,True,strict_complete_cells,paper_protocol_strict_feasible_subset
mushrooms,2752,34,1600,0.8,True,1600,1000,,True,True,strict_complete_cells,paper_protocol_strict_feasible_subset
mushrooms,2753,35,1600,0.8,True,1600,1000,,True,True,strict_complete_cells,paper_protocol_strict_feasible_subset
mushrooms,2754,36,1600,0.8,True,1600,1000,,True,True,strict_complete_cells,paper_protocol_strict_feasible_subset
mushrooms,2755,37,1600,0.8,True,1600,1000,,True,True,strict_complete_cells,paper_protocol_strict_feasible_subset
mushrooms,2756,38,1600,0.8,True,1600,1000,,True,True,strict_complete_cells,paper_protocol_strict_feasible_subset
mushrooms,2757,39,1600,0.8,True,1600,1000,,True,True,strict_complete_cells,paper_protocol_strict_feasible_subset
mushrooms,2758,40,1600,0.8,True,1600,1000,,True,True,strict_complete_cells,paper_protocol_strict_feasible_subset
mushrooms,2759,41,1600,0.8,True,1600,1000,,True,True,strict_complete_cells,paper_protocol_strict_feasible_subset
mushrooms,2760,42,1600,0.8,True,1600,1000,,True,True,strict_complete_cells,paper_protocol_strict_feasible_subset
mushrooms,2761,43,1600,0.8,True,1600,1000,,True,True,strict_complete_cells,paper_protocol_strict_feasible_subset
mushrooms,2762,44,1600,0.8,True,1600,1000,,True,True,strict_complete_cells,paper_protocol_strict_feasible_subset
mushrooms,2763,45,1600,0.8,True,1600,1000,,True,True,strict_complete_cells,paper_protocol_strict_feasible_subset
mushrooms,2764,46,1600,0.8,True,1600,1000,,True,True,strict_complete_cells,paper_protocol_strict_feasible_subset
mushrooms,2765,47,1600,0.8,True,1600,1000,,True,True,strict_complete_cells,paper_protocol_strict_feasible_subset
mushrooms,2766,48,1600,0.8,True,1600,1000,,True,True,strict_complete_cells,paper_protocol_strict_feasible_subset
mushrooms,2767,49,1600,0.8,True,1600,1000,,True,True,strict_complete_cells,paper_protocol_strict_feasible_subset
mushrooms,2768,50,1600,0.8,True,1600,1000,,True,True,strict_complete_cells,paper_protocol_strict_feasible_subset
mushrooms,2769,51,1600,0.8,True,1600,1000,,True,True,strict_complete_cells,paper_protocol_strict_feasible_subset
mushrooms,2770,52,1600,0.8,True,1600,1000,,True,True,strict_complete_cells,paper_protocol_strict_feasible_subset
mushrooms,2771,53,1600,0.8,True,1600,1000,,True,True,strict_complete_cells,paper_protocol_strict_feasible_subset
mushrooms,2772,54,1600,0.8,True,1600,1000,,True,True,strict_complete_cells,paper_protocol_strict_feasible_subset
mushrooms,2773,55,1600,0.8,True,1600,1000,,True,True,strict_complete_cells,paper_protocol_strict_feasible_subset
mushrooms,2774,56,1600,0.8,True,1600,1000,,True,True,strict_complete_cells,paper_protocol_strict_feasible_subset
mushrooms,2775,57,1600,0.8,True,1600,1000,,True,True,strict_complete_cells,paper_protocol_strict_feasible_subset
mushrooms,2776,58,1600,0.8,True,1600,1000,,True,True,strict_complete_cells,paper_protocol_strict_feasible_subset
mushrooms,2777,59,1600,0.8,True,1600,1000,,True,True,strict_complete_cells,paper_protocol_strict_feasible_subset
mushrooms,2778,60,1600,0.8,True,1600,1000,,True,True,strict_complete_cells,paper_protocol_strict_feasible_subset
mushrooms,2779,61,1600,0.8,True,1600,1000,,True,True,strict_complete_cells,paper_protocol_strict_feasible_subset
mushrooms,2780,62,1600,0.8,True,1600,1000,,True,True,strict_complete_cells,paper_protocol_strict_feasible_subset
mushrooms,2781,63,1600,0.8,True,1600,1000,,True,True,strict_complete_cells,paper_protocol_strict_feasible_subset
mushrooms,2782,64,1600,0.8,True,1600,1000,,True,True,strict_complete_cells,paper_protocol_strict_feasible_subset
mushrooms,2783,65,1600,0.8,True,1600,1000,,True,True,strict_complete_cells,paper_protocol_strict_feasible_subset
mushrooms,2784,66,1600,0.8,True,1600,1000,,True,True,strict_complete_cells,paper_protocol_strict_feasible_subset
mushrooms,2785,67,1600,0.8,True,1600,1000,,True,True,strict_complete_cells,paper_protocol_strict_feasible_subset
mushrooms,2786,68,1600,0.8,True,1600,1000,,True,True,strict_complete_cells,paper_protocol_strict_feasible_subset
mushrooms,2787,69,1600,0.8,True,1600,1000,,True,True,strict_complete_cells,paper_protocol_strict_feasible_subset
mushrooms,2788,70,1600,0.8,True,1600,1000,,True,True,strict_complete_cells,paper_protocol_strict_feasible_subset
mushrooms,2789,71,1600,0.8,True,1600,1000,,True,True,strict_complete_cells,paper_protocol_strict_feasible_subset
mushrooms,2790,72,1600,0.8,True,1600,1000,,True,True,strict_complete_cells,paper_protocol_strict_feasible_subset
mushrooms,2791,73,1600,0.8,True,1600,1000,,True,True,strict_complete_cells,paper_protocol_strict_feasible_subset
mushrooms,2792,74,1600,0.8,True,1600,1000,,True,True,strict_complete_cells,paper_protocol_strict_feasible_subset
mushrooms,2793,75,1600,0.8,True,1600,1000,,True,True,strict_complete_cells,paper_protocol_strict_feasible_subset
mushrooms,2794,76,1600,0.8,True,1600,1000,,True,True,strict_complete_cells,paper_protocol_strict_feasible_subset
mushrooms,2795,77,1600,0.8,True,1600,1000,,True,True,strict_complete_cells,paper_protocol_strict_feasible_subset
mushrooms,2796,78,1600,0.8,True,1600,1000,,True,True,strict_complete_cells,paper_protocol_strict_feasible_subset
mushrooms,2797,79,1600,0.8,True,1600,1000,,True,True,strict_complete_cells,paper_protocol_strict_feasible_subset
mushrooms,2798,80,1600,0.8,True,1600,1000,,True,True,strict_complete_cells,paper_protocol_strict_feasible_subset
mushrooms,2799,81,1600,0.8,True,1600,1000,,True,True,strict_complete_cells,paper_protocol_strict_feasible_subset
mushrooms,2800,82,1600,0.8,True,1600,1000,,True,True,strict_complete_cells,paper_protocol_strict_feasible_subset
mushrooms,2801,83,1600,0.8,True,1600,1000,,True,True,strict_complete_cells,paper_protocol_strict_feasible_subset
mushrooms,2802,84,1600,0.8,True,1600,1000,,True,True,strict_complete_cells,paper_protocol_strict_feasible_subset
mushrooms,2803,85,1600,0.8,True,1600,1000,,True,True,strict_complete_cells,paper_protocol_strict_feasible_subset
mushrooms,2804,86,1600,0.8,True,1600,1000,,True,True,strict_complete_cells,paper_protocol_strict_feasible_subset
mushrooms,2805,87,1600,0.8,True,1600,1000,,True,True,strict_complete_cells,paper_protocol_strict_feasible_subset
mushrooms,2806,88,1600,0.8,True,1600,1000,,True,True,strict_complete_cells,paper_protocol_strict_feasible_subset
mushrooms,2807,89,1600,0.8,True,1600,1000,,True,True,strict_complete_cells,paper_protocol_strict_feasible_subset
mushrooms,2808,90,1600,0.8,True,1600,1000,,True,True,strict_complete_cells,paper_protocol_strict_feasible_subset
mushrooms,2809,91,1600,0.8,True,1600,1000,,True,True,strict_complete_cells,paper_protocol_strict_feasible_subset
mushrooms,2810,92,1600,0.8,True,1600,1000,,True,True,strict_complete_cells,paper_protocol_strict_feasible_subset
mushrooms,2811,93,1600,0.8,True,1600,1000,,True,True,strict_complete_cells,paper_protocol_strict_feasible_subset
mushrooms,2812,94,1600,0.8,True,1600,1000,,True,True,strict_complete_cells,paper_protocol_strict_feasible_subset
mushrooms,2813,95,1600,0.8,True,1600,1000,,True,True,strict_complete_cells,paper_protocol_strict_feasible_subset
mushrooms,2814,96,1600,0.8,True,1600,1000,,True,True,strict_complete_cells,paper_protocol_strict_feasible_subset
mushrooms,2815,97,1600,0.8,True,1600,1000,,True,True,strict_complete_cells,paper_protocol_strict_feasible_subset
mushrooms,2816,98,1600,0.8,True,1600,1000,,True,True,strict_complete_cells,paper_protocol_strict_feasible_subset
mushrooms,2817,99,1600,0.8,True,1600,1000,,True,True,strict_complete_cells,paper_protocol_strict_feasible_subset
mushrooms,2818,0,3200,0.2,False,3127,1000,unlabeled_pool,False,False,strict_complete_cells,paper_protocol_strict_feasible_subset
mushrooms,2819,1,3200,0.2,False,3135,1000,unlabeled_pool,False,False,strict_complete_cells,paper_protocol_strict_feasible_subset
mushrooms,2820,2,3200,0.2,False,3140,1000,unlabeled_pool,False,False,strict_complete_cells,paper_protocol_strict_feasible_subset
mushrooms,2821,3,3200,0.2,False,3130,1000,unlabeled_pool,False,False,strict_complete_cells,paper_protocol_strict_feasible_subset
mushrooms,2822,4,3200,0.2,False,3091,1000,unlabeled_pool,False,False,strict_complete_cells,paper_protocol_strict_feasible_subset
mushrooms,2823,5,3200,0.2,False,3114,1000,unlabeled_pool,False,False,strict_complete_cells,paper_protocol_strict_feasible_subset
mushrooms,2824,6,3200,0.2,False,3120,1000,unlabeled_pool,False,False,strict_complete_cells,paper_protocol_strict_feasible_subset
mushrooms,2825,7,3200,0.2,False,3145,1000,unlabeled_pool,False,False,strict_complete_cells,paper_protocol_strict_feasible_subset
mushrooms,2826,8,3200,0.2,False,3092,1000,unlabeled_pool,False,False,strict_complete_cells,paper_protocol_strict_feasible_subset
mushrooms,2827,9,3200,0.2,False,3108,1000,unlabeled_pool,False,False,strict_complete_cells,paper_protocol_strict_feasible_subset
mushrooms,2828,10,3200,0.2,False,3110,1000,unlabeled_pool,False,False,strict_complete_cells,paper_protocol_strict_feasible_subset
mushrooms,2829,11,3200,0.2,False,3128,1000,unlabeled_pool,False,False,strict_complete_cells,paper_protocol_strict_feasible_subset
mushrooms,2830,12,3200,0.2,False,3103,1000,unlabeled_pool,False,False,strict_complete_cells,paper_protocol_strict_feasible_subset
mushrooms,2831,13,3200,0.2,False,3125,1000,unlabeled_pool,False,False,strict_complete_cells,paper_protocol_strict_feasible_subset
mushrooms,2832,14,3200,0.2,False,3135,1000,unlabeled_pool,False,False,strict_complete_cells,paper_protocol_strict_feasible_subset
mushrooms,2833,15,3200,0.2,False,3102,1000,unlabeled_pool,False,False,strict_complete_cells,paper_protocol_strict_feasible_subset
mushrooms,2834,16,3200,0.2,False,3101,1000,unlabeled_pool,False,False,strict_complete_cells,paper_protocol_strict_feasible_subset
mushrooms,2835,17,3200,0.2,False,3097,1000,unlabeled_pool,False,False,strict_complete_cells,paper_protocol_strict_feasible_subset
mushrooms,2836,18,3200,0.2,False,3094,1000,unlabeled_pool,False,False,strict_complete_cells,paper_protocol_strict_feasible_subset
mushrooms,2837,19,3200,0.2,False,3109,1000,unlabeled_pool,False,False,strict_complete_cells,paper_protocol_strict_feasible_subset
mushrooms,2838,20,3200,0.2,False,3128,1000,unlabeled_pool,False,False,strict_complete_cells,paper_protocol_strict_feasible_subset
mushrooms,2839,21,3200,0.2,False,3090,1000,unlabeled_pool,False,False,strict_complete_cells,paper_protocol_strict_feasible_subset
mushrooms,2840,22,3200,0.2,False,3135,1000,unlabeled_pool,False,False,strict_complete_cells,paper_protocol_strict_feasible_subset
mushrooms,2841,23,3200,0.2,False,3088,1000,unlabeled_pool,False,False,strict_complete_cells,paper_protocol_strict_feasible_subset
mushrooms,2842,24,3200,0.2,False,3117,1000,unlabeled_pool,False,False,strict_complete_cells,paper_protocol_strict_feasible_subset
mushrooms,2843,25,3200,0.2,False,3069,1000,unlabeled_pool,False,False,strict_complete_cells,paper_protocol_strict_feasible_subset
mushrooms,2844,26,3200,0.2,False,3116,1000,unlabeled_pool,False,False,strict_complete_cells,paper_protocol_strict_feasible_subset
mushrooms,2845,27,3200,0.2,False,3129,1000,unlabeled_pool,False,False,strict_complete_cells,paper_protocol_strict_feasible_subset
mushrooms,2846,28,3200,0.2,False,3126,1000,unlabeled_pool,False,False,strict_complete_cells,paper_protocol_strict_feasible_subset
mushrooms,2847,29,3200,0.2,False,3078,1000,unlabeled_pool,False,False,strict_complete_cells,paper_protocol_strict_feasible_subset
mushrooms,2848,30,3200,0.2,False,3097,1000,unlabeled_pool,False,False,strict_complete_cells,paper_protocol_strict_feasible_subset
mushrooms,2849,31,3200,0.2,False,3109,1000,unlabeled_pool,False,False,strict_complete_cells,paper_protocol_strict_feasible_subset
mushrooms,2850,32,3200,0.2,False,3091,1000,unlabeled_pool,False,False,strict_complete_cells,paper_protocol_strict_feasible_subset
mushrooms,2851,33,3200,0.2,False,3051,1000,unlabeled_pool,False,False,strict_complete_cells,paper_protocol_strict_feasible_subset
mushrooms,2852,34,3200,0.2,False,3101,1000,unlabeled_pool,False,False,strict_complete_cells,paper_protocol_strict_feasible_subset
mushrooms,2853,35,3200,0.2,False,3091,1000,unlabeled_pool,False,False,strict_complete_cells,paper_protocol_strict_feasible_subset
mushrooms,2854,36,3200,0.2,False,3081,1000,unlabeled_pool,False,False,strict_complete_cells,paper_protocol_strict_feasible_subset
mushrooms,2855,37,3200,0.2,False,3099,1000,unlabeled_pool,False,False,strict_complete_cells,paper_protocol_strict_feasible_subset
mushrooms,2856,38,3200,0.2,False,3152,1000,unlabeled_pool,False,False,strict_complete_cells,paper_protocol_strict_feasible_subset
mushrooms,2857,39,3200,0.2,False,3113,1000,unlabeled_pool,False,False,strict_complete_cells,paper_protocol_strict_feasible_subset
mushrooms,2858,40,3200,0.2,False,3089,1000,unlabeled_pool,False,False,strict_complete_cells,paper_protocol_strict_feasible_subset
mushrooms,2859,41,3200,0.2,False,3105,1000,unlabeled_pool,False,False,strict_complete_cells,paper_protocol_strict_feasible_subset
mushrooms,2860,42,3200,0.2,False,3108,1000,unlabeled_pool,False,False,strict_complete_cells,paper_protocol_strict_feasible_subset
mushrooms,2861,43,3200,0.2,False,3073,1000,unlabeled_pool,False,False,strict_complete_cells,paper_protocol_strict_feasible_subset
mushrooms,2862,44,3200,0.2,False,3155,1000,unlabeled_pool,False,False,strict_complete_cells,paper_protocol_strict_feasible_subset
mushrooms,2863,45,3200,0.2,False,3061,1000,unlabeled_pool,False,False,strict_complete_cells,paper_protocol_strict_feasible_subset
mushrooms,2864,46,3200,0.2,False,3125,1000,unlabeled_pool,False,False,strict_complete_cells,paper_protocol_strict_feasible_subset
mushrooms,2865,47,3200,0.2,False,3125,1000,unlabeled_pool,False,False,strict_complete_cells,paper_protocol_strict_feasible_subset
mushrooms,2866,48,3200,0.2,False,3077,1000,unlabeled_pool,False,False,strict_complete_cells,paper_protocol_strict_feasible_subset
mushrooms,2867,49,3200,0.2,False,3137,1000,unlabeled_pool,False,False,strict_complete_cells,paper_protocol_strict_feasible_subset
mushrooms,2868,50,3200,0.2,False,3117,1000,unlabeled_pool,False,False,strict_complete_cells,paper_protocol_strict_feasible_subset
mushrooms,2869,51,3200,0.2,False,3136,1000,unlabeled_pool,False,False,strict_complete_cells,paper_protocol_strict_feasible_subset
mushrooms,2870,52,3200,0.2,False,3115,1000,unlabeled_pool,False,False,strict_complete_cells,paper_protocol_strict_feasible_subset
mushrooms,2871,53,3200,0.2,False,3109,1000,unlabeled_pool,False,False,strict_complete_cells,paper_protocol_strict_feasible_subset
mushrooms,2872,54,3200,0.2,False,3109,1000,unlabeled_pool,False,False,strict_complete_cells,paper_protocol_strict_feasible_subset
mushrooms,2873,55,3200,0.2,False,3102,1000,unlabeled_pool,False,False,strict_complete_cells,paper_protocol_strict_feasible_subset
mushrooms,2874,56,3200,0.2,False,3134,1000,unlabeled_pool,False,False,strict_complete_cells,paper_protocol_strict_feasible_subset
mushrooms,2875,57,3200,0.2,False,3137,1000,unlabeled_pool,False,False,strict_complete_cells,paper_protocol_strict_feasible_subset
mushrooms,2876,58,3200,0.2,False,3098,1000,unlabeled_pool,False,False,strict_complete_cells,paper_protocol_strict_feasible_subset
mushrooms,2877,59,3200,0.2,False,3117,1000,unlabeled_pool,False,False,strict_complete_cells,paper_protocol_strict_feasible_subset
mushrooms,2878,60,3200,0.2,False,3108,1000,unlabeled_pool,False,False,strict_complete_cells,paper_protocol_strict_feasible_subset
mushrooms,2879,61,3200,0.2,False,3090,1000,unlabeled_pool,False,False,strict_complete_cells,paper_protocol_strict_feasible_subset
mushrooms,2880,62,3200,0.2,False,3110,1000,unlabeled_pool,False,False,strict_complete_cells,paper_protocol_strict_feasible_subset
mushrooms,2881,63,3200,0.2,False,3169,1000,unlabeled_pool,False,False,strict_complete_cells,paper_protocol_strict_feasible_subset
mushrooms,2882,64,3200,0.2,False,3142,1000,unlabeled_pool,False,False,strict_complete_cells,paper_protocol_strict_feasible_subset
mushrooms,2883,65,3200,0.2,False,3114,1000,unlabeled_pool,False,False,strict_complete_cells,paper_protocol_strict_feasible_subset
mushrooms,2884,66,3200,0.2,False,3105,1000,unlabeled_pool,False,False,strict_complete_cells,paper_protocol_strict_feasible_subset
mushrooms,2885,67,3200,0.2,False,3138,1000,unlabeled_pool,False,False,strict_complete_cells,paper_protocol_strict_feasible_subset
mushrooms,2886,68,3200,0.2,False,3142,1000,unlabeled_pool,False,False,strict_complete_cells,paper_protocol_strict_feasible_subset
mushrooms,2887,69,3200,0.2,False,3111,1000,unlabeled_pool,False,False,strict_complete_cells,paper_protocol_strict_feasible_subset
mushrooms,2888,70,3200,0.2,False,3129,1000,unlabeled_pool,False,False,strict_complete_cells,paper_protocol_strict_feasible_subset
mushrooms,2889,71,3200,0.2,False,3115,1000,unlabeled_pool,False,False,strict_complete_cells,paper_protocol_strict_feasible_subset
mushrooms,2890,72,3200,0.2,False,3133,1000,unlabeled_pool,False,False,strict_complete_cells,paper_protocol_strict_feasible_subset
mushrooms,2891,73,3200,0.2,False,3123,1000,unlabeled_pool,False,False,strict_complete_cells,paper_protocol_strict_feasible_subset
mushrooms,2892,74,3200,0.2,False,3104,1000,unlabeled_pool,False,False,strict_complete_cells,paper_protocol_strict_feasible_subset
mushrooms,2893,75,3200,0.2,False,3088,1000,unlabeled_pool,False,False,strict_complete_cells,paper_protocol_strict_feasible_subset
mushrooms,2894,76,3200,0.2,False,3094,1000,unlabeled_pool,False,False,strict_complete_cells,paper_protocol_strict_feasible_subset
mushrooms,2895,77,3200,0.2,False,3143,1000,unlabeled_pool,False,False,strict_complete_cells,paper_protocol_strict_feasible_subset
mushrooms,2896,78,3200,0.2,False,3126,1000,unlabeled_pool,False,False,strict_complete_cells,paper_protocol_strict_feasible_subset
mushrooms,2897,79,3200,0.2,False,3133,1000,unlabeled_pool,False,False,strict_complete_cells,paper_protocol_strict_feasible_subset
mushrooms,2898,80,3200,0.2,False,3098,1000,unlabeled_pool,False,False,strict_complete_cells,paper_protocol_strict_feasible_subset
mushrooms,2899,81,3200,0.2,False,3070,1000,unlabeled_pool,False,False,strict_complete_cells,paper_protocol_strict_feasible_subset
mushrooms,2900,82,3200,0.2,False,3098,1000,unlabeled_pool,False,False,strict_complete_cells,paper_protocol_strict_feasible_subset
mushrooms,2901,83,3200,0.2,False,3082,1000,unlabeled_pool,False,False,strict_complete_cells,paper_protocol_strict_feasible_subset
mushrooms,2902,84,3200,0.2,False,3051,1000,unlabeled_pool,False,False,strict_complete_cells,paper_protocol_strict_feasible_subset
mushrooms,2903,85,3200,0.2,False,3121,1000,unlabeled_pool,False,False,strict_complete_cells,paper_protocol_strict_feasible_subset
mushrooms,2904,86,3200,0.2,False,3097,1000,unlabeled_pool,False,False,strict_complete_cells,paper_protocol_strict_feasible_subset
mushrooms,2905,87,3200,0.2,False,3118,1000,unlabeled_pool,False,False,strict_complete_cells,paper_protocol_strict_feasible_subset
mushrooms,2906,88,3200,0.2,False,3135,1000,unlabeled_pool,False,False,strict_complete_cells,paper_protocol_strict_feasible_subset
mushrooms,2907,89,3200,0.2,False,3136,1000,unlabeled_pool,False,False,strict_complete_cells,paper_protocol_strict_feasible_subset
mushrooms,2908,90,3200,0.2,False,3111,1000,unlabeled_pool,False,False,strict_complete_cells,paper_protocol_strict_feasible_subset
mushrooms,2909,91,3200,0.2,False,3127,1000,unlabeled_pool,False,False,strict_complete_cells,paper_protocol_strict_feasible_subset
mushrooms,2910,92,3200,0.2,False,3092,1000,unlabeled_pool,False,False,strict_complete_cells,paper_protocol_strict_feasible_subset
mushrooms,2911,93,3200,0.2,False,3089,1000,unlabeled_pool,False,False,strict_complete_cells,paper_protocol_strict_feasible_subset
mushrooms,2912,94,3200,0.2,False,3114,1000,unlabeled_pool,False,False,strict_complete_cells,paper_protocol_strict_feasible_subset
mushrooms,2913,95,3200,0.2,False,3111,1000,unlabeled_pool,False,False,strict_complete_cells,paper_protocol_strict_feasible_subset
mushrooms,2914,96,3200,0.2,False,3122,1000,unlabeled_pool,False,False,strict_complete_cells,paper_protocol_strict_feasible_subset
mushrooms,2915,97,3200,0.2,False,3093,1000,unlabeled_pool,False,False,strict_complete_cells,paper_protocol_strict_feasible_subset
mushrooms,2916,98,3200,0.2,False,3098,1000,unlabeled_pool,False,False,strict_complete_cells,paper_protocol_strict_feasible_subset
mushrooms,2917,99,3200,0.2,False,3102,1000,unlabeled_pool,False,False,strict_complete_cells,paper_protocol_strict_feasible_subset
mushrooms,2918,0,3200,0.4,True,3200,1000,,True,True,strict_complete_cells,paper_protocol_strict_feasible_subset
mushrooms,2919,1,3200,0.4,True,3200,1000,,True,True,strict_complete_cells,paper_protocol_strict_feasible_subset
mushrooms,2920,2,3200,0.4,True,3200,1000,,True,True,strict_complete_cells,paper_protocol_strict_feasible_subset
mushrooms,2921,3,3200,0.4,True,3200,1000,,True,True,strict_complete_cells,paper_protocol_strict_feasible_subset
mushrooms,2922,4,3200,0.4,True,3200,1000,,True,True,strict_complete_cells,paper_protocol_strict_feasible_subset
mushrooms,2923,5,3200,0.4,True,3200,1000,,True,True,strict_complete_cells,paper_protocol_strict_feasible_subset
mushrooms,2924,6,3200,0.4,True,3200,1000,,True,True,strict_complete_cells,paper_protocol_strict_feasible_subset
mushrooms,2925,7,3200,0.4,True,3200,1000,,True,True,strict_complete_cells,paper_protocol_strict_feasible_subset
mushrooms,2926,8,3200,0.4,True,3200,1000,,True,True,strict_complete_cells,paper_protocol_strict_feasible_subset
mushrooms,2927,9,3200,0.4,True,3200,1000,,True,True,strict_complete_cells,paper_protocol_strict_feasible_subset
mushrooms,2928,10,3200,0.4,True,3200,1000,,True,True,strict_complete_cells,paper_protocol_strict_feasible_subset
mushrooms,2929,11,3200,0.4,True,3200,1000,,True,True,strict_complete_cells,paper_protocol_strict_feasible_subset
mushrooms,2930,12,3200,0.4,True,3200,1000,,True,True,strict_complete_cells,paper_protocol_strict_feasible_subset
mushrooms,2931,13,3200,0.4,True,3200,1000,,True,True,strict_complete_cells,paper_protocol_strict_feasible_subset
mushrooms,2932,14,3200,0.4,True,3200,1000,,True,True,strict_complete_cells,paper_protocol_strict_feasible_subset
mushrooms,2933,15,3200,0.4,True,3200,1000,,True,True,strict_complete_cells,paper_protocol_strict_feasible_subset
mushrooms,2934,16,3200,0.4,True,3200,1000,,True,True,strict_complete_cells,paper_protocol_strict_feasible_subset
mushrooms,2935,17,3200,0.4,True,3200,1000,,True,True,strict_complete_cells,paper_protocol_strict_feasible_subset
mushrooms,2936,18,3200,0.4,True,3200,1000,,True,True,strict_complete_cells,paper_protocol_strict_feasible_subset
mushrooms,2937,19,3200,0.4,True,3200,1000,,True,True,strict_complete_cells,paper_protocol_strict_feasible_subset
mushrooms,2938,20,3200,0.4,True,3200,1000,,True,True,strict_complete_cells,paper_protocol_strict_feasible_subset
mushrooms,2939,21,3200,0.4,True,3200,1000,,True,True,strict_complete_cells,paper_protocol_strict_feasible_subset
mushrooms,2940,22,3200,0.4,True,3200,1000,,True,True,strict_complete_cells,paper_protocol_strict_feasible_subset
mushrooms,2941,23,3200,0.4,True,3200,1000,,True,True,strict_complete_cells,paper_protocol_strict_feasible_subset
mushrooms,2942,24,3200,0.4,True,3200,1000,,True,True,strict_complete_cells,paper_protocol_strict_feasible_subset
mushrooms,2943,25,3200,0.4,True,3200,1000,,True,True,strict_complete_cells,paper_protocol_strict_feasible_subset
mushrooms,2944,26,3200,0.4,True,3200,1000,,True,True,strict_complete_cells,paper_protocol_strict_feasible_subset
mushrooms,2945,27,3200,0.4,True,3200,1000,,True,True,strict_complete_cells,paper_protocol_strict_feasible_subset
mushrooms,2946,28,3200,0.4,True,3200,1000,,True,True,strict_complete_cells,paper_protocol_strict_feasible_subset
mushrooms,2947,29,3200,0.4,True,3200,1000,,True,True,strict_complete_cells,paper_protocol_strict_feasible_subset
mushrooms,2948,30,3200,0.4,True,3200,1000,,True,True,strict_complete_cells,paper_protocol_strict_feasible_subset
mushrooms,2949,31,3200,0.4,True,3200,1000,,True,True,strict_complete_cells,paper_protocol_strict_feasible_subset
mushrooms,2950,32,3200,0.4,True,3200,1000,,True,True,strict_complete_cells,paper_protocol_strict_feasible_subset
mushrooms,2951,33,3200,0.4,True,3200,1000,,True,True,strict_complete_cells,paper_protocol_strict_feasible_subset
mushrooms,2952,34,3200,0.4,True,3200,1000,,True,True,strict_complete_cells,paper_protocol_strict_feasible_subset
mushrooms,2953,35,3200,0.4,True,3200,1000,,True,True,strict_complete_cells,paper_protocol_strict_feasible_subset
mushrooms,2954,36,3200,0.4,True,3200,1000,,True,True,strict_complete_cells,paper_protocol_strict_feasible_subset
mushrooms,2955,37,3200,0.4,True,3200,1000,,True,True,strict_complete_cells,paper_protocol_strict_feasible_subset
mushrooms,2956,38,3200,0.4,True,3200,1000,,True,True,strict_complete_cells,paper_protocol_strict_feasible_subset
mushrooms,2957,39,3200,0.4,True,3200,1000,,True,True,strict_complete_cells,paper_protocol_strict_feasible_subset
mushrooms,2958,40,3200,0.4,True,3200,1000,,True,True,strict_complete_cells,paper_protocol_strict_feasible_subset
mushrooms,2959,41,3200,0.4,True,3200,1000,,True,True,strict_complete_cells,paper_protocol_strict_feasible_subset
mushrooms,2960,42,3200,0.4,True,3200,1000,,True,True,strict_complete_cells,paper_protocol_strict_feasible_subset
mushrooms,2961,43,3200,0.4,True,3200,1000,,True,True,strict_complete_cells,paper_protocol_strict_feasible_subset
mushrooms,2962,44,3200,0.4,True,3200,1000,,True,True,strict_complete_cells,paper_protocol_strict_feasible_subset
mushrooms,2963,45,3200,0.4,True,3200,1000,,True,True,strict_complete_cells,paper_protocol_strict_feasible_subset
mushrooms,2964,46,3200,0.4,True,3200,1000,,True,True,strict_complete_cells,paper_protocol_strict_feasible_subset
mushrooms,2965,47,3200,0.4,True,3200,1000,,True,True,strict_complete_cells,paper_protocol_strict_feasible_subset
mushrooms,2966,48,3200,0.4,True,3200,1000,,True,True,strict_complete_cells,paper_protocol_strict_feasible_subset
mushrooms,2967,49,3200,0.4,True,3200,1000,,True,True,strict_complete_cells,paper_protocol_strict_feasible_subset
mushrooms,2968,50,3200,0.4,True,3200,1000,,True,True,strict_complete_cells,paper_protocol_strict_feasible_subset
mushrooms,2969,51,3200,0.4,True,3200,1000,,True,True,strict_complete_cells,paper_protocol_strict_feasible_subset
mushrooms,2970,52,3200,0.4,True,3200,1000,,True,True,strict_complete_cells,paper_protocol_strict_feasible_subset
mushrooms,2971,53,3200,0.4,True,3200,1000,,True,True,strict_complete_cells,paper_protocol_strict_feasible_subset
mushrooms,2972,54,3200,0.4,True,3200,1000,,True,True,strict_complete_cells,paper_protocol_strict_feasible_subset
mushrooms,2973,55,3200,0.4,True,3200,1000,,True,True,strict_complete_cells,paper_protocol_strict_feasible_subset
mushrooms,2974,56,3200,0.4,True,3200,1000,,True,True,strict_complete_cells,paper_protocol_strict_feasible_subset
mushrooms,2975,57,3200,0.4,True,3200,1000,,True,True,strict_complete_cells,paper_protocol_strict_feasible_subset
mushrooms,2976,58,3200,0.4,True,3200,1000,,True,True,strict_complete_cells,paper_protocol_strict_feasible_subset
mushrooms,2977,59,3200,0.4,True,3200,1000,,True,True,strict_complete_cells,paper_protocol_strict_feasible_subset
mushrooms,2978,60,3200,0.4,True,3200,1000,,True,True,strict_complete_cells,paper_protocol_strict_feasible_subset
mushrooms,2979,61,3200,0.4,True,3200,1000,,True,True,strict_complete_cells,paper_protocol_strict_feasible_subset
mushrooms,2980,62,3200,0.4,True,3200,1000,,True,True,strict_complete_cells,paper_protocol_strict_feasible_subset
mushrooms,2981,63,3200,0.4,True,3200,1000,,True,True,strict_complete_cells,paper_protocol_strict_feasible_subset
mushrooms,2982,64,3200,0.4,True,3200,1000,,True,True,strict_complete_cells,paper_protocol_strict_feasible_subset
mushrooms,2983,65,3200,0.4,True,3200,1000,,True,True,strict_complete_cells,paper_protocol_strict_feasible_subset
mushrooms,2984,66,3200,0.4,True,3200,1000,,True,True,strict_complete_cells,paper_protocol_strict_feasible_subset
mushrooms,2985,67,3200,0.4,True,3200,1000,,True,True,strict_complete_cells,paper_protocol_strict_feasible_subset
mushrooms,2986,68,3200,0.4,True,3200,1000,,True,True,strict_complete_cells,paper_protocol_strict_feasible_subset
mushrooms,2987,69,3200,0.4,True,3200,1000,,True,True,strict_complete_cells,paper_protocol_strict_feasible_subset
mushrooms,2988,70,3200,0.4,True,3200,1000,,True,True,strict_complete_cells,paper_protocol_strict_feasible_subset
mushrooms,2989,71,3200,0.4,True,3200,1000,,True,True,strict_complete_cells,paper_protocol_strict_feasible_subset
mushrooms,2990,72,3200,0.4,True,3200,1000,,True,True,strict_complete_cells,paper_protocol_strict_feasible_subset
mushrooms,2991,73,3200,0.4,True,3200,1000,,True,True,strict_complete_cells,paper_protocol_strict_feasible_subset
mushrooms,2992,74,3200,0.4,True,3200,1000,,True,True,strict_complete_cells,paper_protocol_strict_feasible_subset
mushrooms,2993,75,3200,0.4,True,3200,1000,,True,True,strict_complete_cells,paper_protocol_strict_feasible_subset
mushrooms,2994,76,3200,0.4,True,3200,1000,,True,True,strict_complete_cells,paper_protocol_strict_feasible_subset
mushrooms,2995,77,3200,0.4,True,3200,1000,,True,True,strict_complete_cells,paper_protocol_strict_feasible_subset
mushrooms,2996,78,3200,0.4,True,3200,1000,,True,True,strict_complete_cells,paper_protocol_strict_feasible_subset
mushrooms,2997,79,3200,0.4,True,3200,1000,,True,True,strict_complete_cells,paper_protocol_strict_feasible_subset
mushrooms,2998,80,3200,0.4,True,3200,1000,,True,True,strict_complete_cells,paper_protocol_strict_feasible_subset
mushrooms,2999,81,3200,0.4,True,3200,1000,,True,True,strict_complete_cells,paper_protocol_strict_feasible_subset
mushrooms,3000,82,3200,0.4,True,3200,1000,,True,True,strict_complete_cells,paper_protocol_strict_feasible_subset
mushrooms,3001,83,3200,0.4,True,3200,1000,,True,True,strict_complete_cells,paper_protocol_strict_feasible_subset
mushrooms,3002,84,3200,0.4,True,3200,1000,,True,True,strict_complete_cells,paper_protocol_strict_feasible_subset
mushrooms,3003,85,3200,0.4,True,3200,1000,,True,True,strict_complete_cells,paper_protocol_strict_feasible_subset
mushrooms,3004,86,3200,0.4,True,3200,1000,,True,True,strict_complete_cells,paper_protocol_strict_feasible_subset
mushrooms,3005,87,3200,0.4,True,3200,1000,,True,True,strict_complete_cells,paper_protocol_strict_feasible_subset
mushrooms,3006,88,3200,0.4,True,3200,1000,,True,True,strict_complete_cells,paper_protocol_strict_feasible_subset
mushrooms,3007,89,3200,0.4,True,3200,1000,,True,True,strict_complete_cells,paper_protocol_strict_feasible_subset
mushrooms,3008,90,3200,0.4,True,3200,1000,,True,True,strict_complete_cells,paper_protocol_strict_feasible_subset
mushrooms,3009,91,3200,0.4,True,3200,1000,,True,True,strict_complete_cells,paper_protocol_strict_feasible_subset
mushrooms,3010,92,3200,0.4,True,3200,1000,,True,True,strict_complete_cells,paper_protocol_strict_feasible_subset
mushrooms,3011,93,3200,0.4,True,3200,1000,,True,True,strict_complete_cells,paper_protocol_strict_feasible_subset
mushrooms,3012,94,3200,0.4,True,3200,1000,,True,True,strict_complete_cells,paper_protocol_strict_feasible_subset
mushrooms,3013,95,3200,0.4,True,3200,1000,,True,True,strict_complete_cells,paper_protocol_strict_feasible_subset
mushrooms,3014,96,3200,0.4,True,3200,1000,,True,True,strict_complete_cells,paper_protocol_strict_feasible_subset
mushrooms,3015,97,3200,0.4,True,3200,1000,,True,True,strict_complete_cells,paper_protocol_strict_feasible_subset
mushrooms,3016,98,3200,0.4,True,3200,1000,,True,True,strict_complete_cells,paper_protocol_strict_feasible_subset
mushrooms,3017,99,3200,0.4,True,3200,1000,,True,True,strict_complete_cells,paper_protocol_strict_feasible_subset
mushrooms,3018,0,3200,0.6,True,3200,1000,,True,True,strict_complete_cells,paper_protocol_strict_feasible_subset
mushrooms,3019,1,3200,0.6,True,3200,1000,,True,True,strict_complete_cells,paper_protocol_strict_feasible_subset
mushrooms,3020,2,3200,0.6,True,3200,1000,,True,True,strict_complete_cells,paper_protocol_strict_feasible_subset
mushrooms,3021,3,3200,0.6,True,3200,1000,,True,True,strict_complete_cells,paper_protocol_strict_feasible_subset
mushrooms,3022,4,3200,0.6,True,3200,1000,,True,True,strict_complete_cells,paper_protocol_strict_feasible_subset
mushrooms,3023,5,3200,0.6,True,3200,1000,,True,True,strict_complete_cells,paper_protocol_strict_feasible_subset
mushrooms,3024,6,3200,0.6,True,3200,1000,,True,True,strict_complete_cells,paper_protocol_strict_feasible_subset
mushrooms,3025,7,3200,0.6,True,3200,1000,,True,True,strict_complete_cells,paper_protocol_strict_feasible_subset
mushrooms,3026,8,3200,0.6,True,3200,1000,,True,True,strict_complete_cells,paper_protocol_strict_feasible_subset
mushrooms,3027,9,3200,0.6,True,3200,1000,,True,True,strict_complete_cells,paper_protocol_strict_feasible_subset
mushrooms,3028,10,3200,0.6,True,3200,1000,,True,True,strict_complete_cells,paper_protocol_strict_feasible_subset
mushrooms,3029,11,3200,0.6,True,3200,1000,,True,True,strict_complete_cells,paper_protocol_strict_feasible_subset
mushrooms,3030,12,3200,0.6,True,3200,1000,,True,True,strict_complete_cells,paper_protocol_strict_feasible_subset
mushrooms,3031,13,3200,0.6,True,3200,1000,,True,True,strict_complete_cells,paper_protocol_strict_feasible_subset
mushrooms,3032,14,3200,0.6,True,3200,1000,,True,True,strict_complete_cells,paper_protocol_strict_feasible_subset
mushrooms,3033,15,3200,0.6,True,3200,1000,,True,True,strict_complete_cells,paper_protocol_strict_feasible_subset
mushrooms,3034,16,3200,0.6,True,3200,1000,,True,True,strict_complete_cells,paper_protocol_strict_feasible_subset
mushrooms,3035,17,3200,0.6,True,3200,1000,,True,True,strict_complete_cells,paper_protocol_strict_feasible_subset
mushrooms,3036,18,3200,0.6,True,3200,1000,,True,True,strict_complete_cells,paper_protocol_strict_feasible_subset
mushrooms,3037,19,3200,0.6,True,3200,1000,,True,True,strict_complete_cells,paper_protocol_strict_feasible_subset
mushrooms,3038,20,3200,0.6,True,3200,1000,,True,True,strict_complete_cells,paper_protocol_strict_feasible_subset
mushrooms,3039,21,3200,0.6,True,3200,1000,,True,True,strict_complete_cells,paper_protocol_strict_feasible_subset
mushrooms,3040,22,3200,0.6,True,3200,1000,,True,True,strict_complete_cells,paper_protocol_strict_feasible_subset
mushrooms,3041,23,3200,0.6,True,3200,1000,,True,True,strict_complete_cells,paper_protocol_strict_feasible_subset
mushrooms,3042,24,3200,0.6,True,3200,1000,,True,True,strict_complete_cells,paper_protocol_strict_feasible_subset
mushrooms,3043,25,3200,0.6,True,3200,1000,,True,True,strict_complete_cells,paper_protocol_strict_feasible_subset
mushrooms,3044,26,3200,0.6,True,3200,1000,,True,True,strict_complete_cells,paper_protocol_strict_feasible_subset
mushrooms,3045,27,3200,0.6,True,3200,1000,,True,True,strict_complete_cells,paper_protocol_strict_feasible_subset
mushrooms,3046,28,3200,0.6,True,3200,1000,,True,True,strict_complete_cells,paper_protocol_strict_feasible_subset
mushrooms,3047,29,3200,0.6,True,3200,1000,,True,True,strict_complete_cells,paper_protocol_strict_feasible_subset
mushrooms,3048,30,3200,0.6,True,3200,1000,,True,True,strict_complete_cells,paper_protocol_strict_feasible_subset
mushrooms,3049,31,3200,0.6,True,3200,1000,,True,True,strict_complete_cells,paper_protocol_strict_feasible_subset
mushrooms,3050,32,3200,0.6,True,3200,1000,,True,True,strict_complete_cells,paper_protocol_strict_feasible_subset
mushrooms,3051,33,3200,0.6,True,3200,1000,,True,True,strict_complete_cells,paper_protocol_strict_feasible_subset
mushrooms,3052,34,3200,0.6,True,3200,1000,,True,True,strict_complete_cells,paper_protocol_strict_feasible_subset
mushrooms,3053,35,3200,0.6,True,3200,1000,,True,True,strict_complete_cells,paper_protocol_strict_feasible_subset
mushrooms,3054,36,3200,0.6,True,3200,1000,,True,True,strict_complete_cells,paper_protocol_strict_feasible_subset
mushrooms,3055,37,3200,0.6,True,3200,1000,,True,True,strict_complete_cells,paper_protocol_strict_feasible_subset
mushrooms,3056,38,3200,0.6,True,3200,1000,,True,True,strict_complete_cells,paper_protocol_strict_feasible_subset
mushrooms,3057,39,3200,0.6,True,3200,1000,,True,True,strict_complete_cells,paper_protocol_strict_feasible_subset
mushrooms,3058,40,3200,0.6,True,3200,1000,,True,True,strict_complete_cells,paper_protocol_strict_feasible_subset
mushrooms,3059,41,3200,0.6,True,3200,1000,,True,True,strict_complete_cells,paper_protocol_strict_feasible_subset
mushrooms,3060,42,3200,0.6,True,3200,1000,,True,True,strict_complete_cells,paper_protocol_strict_feasible_subset
mushrooms,3061,43,3200,0.6,True,3200,1000,,True,True,strict_complete_cells,paper_protocol_strict_feasible_subset
mushrooms,3062,44,3200,0.6,True,3200,1000,,True,True,strict_complete_cells,paper_protocol_strict_feasible_subset
mushrooms,3063,45,3200,0.6,True,3200,1000,,True,True,strict_complete_cells,paper_protocol_strict_feasible_subset
mushrooms,3064,46,3200,0.6,True,3200,1000,,True,True,strict_complete_cells,paper_protocol_strict_feasible_subset
mushrooms,3065,47,3200,0.6,True,3200,1000,,True,True,strict_complete_cells,paper_protocol_strict_feasible_subset
mushrooms,3066,48,3200,0.6,True,3200,1000,,True,True,strict_complete_cells,paper_protocol_strict_feasible_subset
mushrooms,3067,49,3200,0.6,True,3200,1000,,True,True,strict_complete_cells,paper_protocol_strict_feasible_subset
mushrooms,3068,50,3200,0.6,True,3200,1000,,True,True,strict_complete_cells,paper_protocol_strict_feasible_subset
mushrooms,3069,51,3200,0.6,True,3200,1000,,True,True,strict_complete_cells,paper_protocol_strict_feasible_subset
mushrooms,3070,52,3200,0.6,True,3200,1000,,True,True,strict_complete_cells,paper_protocol_strict_feasible_subset
mushrooms,3071,53,3200,0.6,True,3200,1000,,True,True,strict_complete_cells,paper_protocol_strict_feasible_subset
mushrooms,3072,54,3200,0.6,True,3200,1000,,True,True,strict_complete_cells,paper_protocol_strict_feasible_subset
mushrooms,3073,55,3200,0.6,True,3200,1000,,True,True,strict_complete_cells,paper_protocol_strict_feasible_subset
mushrooms,3074,56,3200,0.6,True,3200,1000,,True,True,strict_complete_cells,paper_protocol_strict_feasible_subset
mushrooms,3075,57,3200,0.6,True,3200,1000,,True,True,strict_complete_cells,paper_protocol_strict_feasible_subset
mushrooms,3076,58,3200,0.6,True,3200,1000,,True,True,strict_complete_cells,paper_protocol_strict_feasible_subset
mushrooms,3077,59,3200,0.6,True,3200,1000,,True,True,strict_complete_cells,paper_protocol_strict_feasible_subset
mushrooms,3078,60,3200,0.6,True,3200,1000,,True,True,strict_complete_cells,paper_protocol_strict_feasible_subset
mushrooms,3079,61,3200,0.6,True,3200,1000,,True,True,strict_complete_cells,paper_protocol_strict_feasible_subset
mushrooms,3080,62,3200,0.6,True,3200,1000,,True,True,strict_complete_cells,paper_protocol_strict_feasible_subset
mushrooms,3081,63,3200,0.6,True,3200,1000,,True,True,strict_complete_cells,paper_protocol_strict_feasible_subset
mushrooms,3082,64,3200,0.6,True,3200,1000,,True,True,strict_complete_cells,paper_protocol_strict_feasible_subset
mushrooms,3083,65,3200,0.6,True,3200,1000,,True,True,strict_complete_cells,paper_protocol_strict_feasible_subset
mushrooms,3084,66,3200,0.6,True,3200,1000,,True,True,strict_complete_cells,paper_protocol_strict_feasible_subset
mushrooms,3085,67,3200,0.6,True,3200,1000,,True,True,strict_complete_cells,paper_protocol_strict_feasible_subset
mushrooms,3086,68,3200,0.6,True,3200,1000,,True,True,strict_complete_cells,paper_protocol_strict_feasible_subset
mushrooms,3087,69,3200,0.6,True,3200,1000,,True,True,strict_complete_cells,paper_protocol_strict_feasible_subset
mushrooms,3088,70,3200,0.6,True,3200,1000,,True,True,strict_complete_cells,paper_protocol_strict_feasible_subset
mushrooms,3089,71,3200,0.6,True,3200,1000,,True,True,strict_complete_cells,paper_protocol_strict_feasible_subset
mushrooms,3090,72,3200,0.6,True,3200,1000,,True,True,strict_complete_cells,paper_protocol_strict_feasible_subset
mushrooms,3091,73,3200,0.6,True,3200,1000,,True,True,strict_complete_cells,paper_protocol_strict_feasible_subset
mushrooms,3092,74,3200,0.6,True,3200,1000,,True,True,strict_complete_cells,paper_protocol_strict_feasible_subset
mushrooms,3093,75,3200,0.6,True,3200,1000,,True,True,strict_complete_cells,paper_protocol_strict_feasible_subset
mushrooms,3094,76,3200,0.6,True,3200,1000,,True,True,strict_complete_cells,paper_protocol_strict_feasible_subset
mushrooms,3095,77,3200,0.6,True,3200,1000,,True,True,strict_complete_cells,paper_protocol_strict_feasible_subset
mushrooms,3096,78,3200,0.6,True,3200,1000,,True,True,strict_complete_cells,paper_protocol_strict_feasible_subset
mushrooms,3097,79,3200,0.6,True,3200,1000,,True,True,strict_complete_cells,paper_protocol_strict_feasible_subset
mushrooms,3098,80,3200,0.6,True,3200,1000,,True,True,strict_complete_cells,paper_protocol_strict_feasible_subset
mushrooms,3099,81,3200,0.6,True,3200,1000,,True,True,strict_complete_cells,paper_protocol_strict_feasible_subset
mushrooms,3100,82,3200,0.6,True,3200,1000,,True,True,strict_complete_cells,paper_protocol_strict_feasible_subset
mushrooms,3101,83,3200,0.6,True,3200,1000,,True,True,strict_complete_cells,paper_protocol_strict_feasible_subset
mushrooms,3102,84,3200,0.6,True,3200,1000,,True,True,strict_complete_cells,paper_protocol_strict_feasible_subset
mushrooms,3103,85,3200,0.6,True,3200,1000,,True,True,strict_complete_cells,paper_protocol_strict_feasible_subset
mushrooms,3104,86,3200,0.6,True,3200,1000,,True,True,strict_complete_cells,paper_protocol_strict_feasible_subset
mushrooms,3105,87,3200,0.6,True,3200,1000,,True,True,strict_complete_cells,paper_protocol_strict_feasible_subset
mushrooms,3106,88,3200,0.6,True,3200,1000,,True,True,strict_complete_cells,paper_protocol_strict_feasible_subset
mushrooms,3107,89,3200,0.6,True,3200,1000,,True,True,strict_complete_cells,paper_protocol_strict_feasible_subset
mushrooms,3108,90,3200,0.6,True,3200,1000,,True,True,strict_complete_cells,paper_protocol_strict_feasible_subset
mushrooms,3109,91,3200,0.6,True,3200,1000,,True,True,strict_complete_cells,paper_protocol_strict_feasible_subset
mushrooms,3110,92,3200,0.6,True,3200,1000,,True,True,strict_complete_cells,paper_protocol_strict_feasible_subset
mushrooms,3111,93,3200,0.6,True,3200,1000,,True,True,strict_complete_cells,paper_protocol_strict_feasible_subset
mushrooms,3112,94,3200,0.6,True,3200,1000,,True,True,strict_complete_cells,paper_protocol_strict_feasible_subset
mushrooms,3113,95,3200,0.6,True,3200,1000,,True,True,strict_complete_cells,paper_protocol_strict_feasible_subset
mushrooms,3114,96,3200,0.6,True,3200,1000,,True,True,strict_complete_cells,paper_protocol_strict_feasible_subset
mushrooms,3115,97,3200,0.6,True,3200,1000,,True,True,strict_complete_cells,paper_protocol_strict_feasible_subset
mushrooms,3116,98,3200,0.6,True,3200,1000,,True,True,strict_complete_cells,paper_protocol_strict_feasible_subset
mushrooms,3117,99,3200,0.6,True,3200,1000,,True,True,strict_complete_cells,paper_protocol_strict_feasible_subset
mushrooms,3118,0,3200,0.8,True,3200,1000,,True,True,strict_complete_cells,paper_protocol_strict_feasible_subset
mushrooms,3119,1,3200,0.8,True,3200,1000,,True,True,strict_complete_cells,paper_protocol_strict_feasible_subset
mushrooms,3120,2,3200,0.8,True,3200,1000,,True,True,strict_complete_cells,paper_protocol_strict_feasible_subset
mushrooms,3121,3,3200,0.8,True,3200,1000,,True,True,strict_complete_cells,paper_protocol_strict_feasible_subset
mushrooms,3122,4,3200,0.8,True,3200,1000,,True,True,strict_complete_cells,paper_protocol_strict_feasible_subset
mushrooms,3123,5,3200,0.8,True,3200,1000,,True,True,strict_complete_cells,paper_protocol_strict_feasible_subset
mushrooms,3124,6,3200,0.8,True,3200,1000,,True,True,strict_complete_cells,paper_protocol_strict_feasible_subset
mushrooms,3125,7,3200,0.8,True,3200,1000,,True,True,strict_complete_cells,paper_protocol_strict_feasible_subset
mushrooms,3126,8,3200,0.8,True,3200,1000,,True,True,strict_complete_cells,paper_protocol_strict_feasible_subset
mushrooms,3127,9,3200,0.8,True,3200,1000,,True,True,strict_complete_cells,paper_protocol_strict_feasible_subset
mushrooms,3128,10,3200,0.8,True,3200,1000,,True,True,strict_complete_cells,paper_protocol_strict_feasible_subset
mushrooms,3129,11,3200,0.8,True,3200,1000,,True,True,strict_complete_cells,paper_protocol_strict_feasible_subset
mushrooms,3130,12,3200,0.8,True,3200,1000,,True,True,strict_complete_cells,paper_protocol_strict_feasible_subset
mushrooms,3131,13,3200,0.8,True,3200,1000,,True,True,strict_complete_cells,paper_protocol_strict_feasible_subset
mushrooms,3132,14,3200,0.8,True,3200,1000,,True,True,strict_complete_cells,paper_protocol_strict_feasible_subset
mushrooms,3133,15,3200,0.8,True,3200,1000,,True,True,strict_complete_cells,paper_protocol_strict_feasible_subset
mushrooms,3134,16,3200,0.8,True,3200,1000,,True,True,strict_complete_cells,paper_protocol_strict_feasible_subset
mushrooms,3135,17,3200,0.8,True,3200,1000,,True,True,strict_complete_cells,paper_protocol_strict_feasible_subset
mushrooms,3136,18,3200,0.8,True,3200,1000,,True,True,strict_complete_cells,paper_protocol_strict_feasible_subset
mushrooms,3137,19,3200,0.8,True,3200,1000,,True,True,strict_complete_cells,paper_protocol_strict_feasible_subset
mushrooms,3138,20,3200,0.8,True,3200,1000,,True,True,strict_complete_cells,paper_protocol_strict_feasible_subset
mushrooms,3139,21,3200,0.8,True,3200,1000,,True,True,strict_complete_cells,paper_protocol_strict_feasible_subset
mushrooms,3140,22,3200,0.8,True,3200,1000,,True,True,strict_complete_cells,paper_protocol_strict_feasible_subset
mushrooms,3141,23,3200,0.8,True,3200,1000,,True,True,strict_complete_cells,paper_protocol_strict_feasible_subset
mushrooms,3142,24,3200,0.8,True,3200,1000,,True,True,strict_complete_cells,paper_protocol_strict_feasible_subset
mushrooms,3143,25,3200,0.8,True,3200,1000,,True,True,strict_complete_cells,paper_protocol_strict_feasible_subset
mushrooms,3144,26,3200,0.8,True,3200,1000,,True,True,strict_complete_cells,paper_protocol_strict_feasible_subset
mushrooms,3145,27,3200,0.8,True,3200,1000,,True,True,strict_complete_cells,paper_protocol_strict_feasible_subset
mushrooms,3146,28,3200,0.8,True,3200,1000,,True,True,strict_complete_cells,paper_protocol_strict_feasible_subset
mushrooms,3147,29,3200,0.8,True,3200,1000,,True,True,strict_complete_cells,paper_protocol_strict_feasible_subset
mushrooms,3148,30,3200,0.8,True,3200,1000,,True,True,strict_complete_cells,paper_protocol_strict_feasible_subset
mushrooms,3149,31,3200,0.8,True,3200,1000,,True,True,strict_complete_cells,paper_protocol_strict_feasible_subset
mushrooms,3150,32,3200,0.8,True,3200,1000,,True,True,strict_complete_cells,paper_protocol_strict_feasible_subset
mushrooms,3151,33,3200,0.8,True,3200,1000,,True,True,strict_complete_cells,paper_protocol_strict_feasible_subset
mushrooms,3152,34,3200,0.8,True,3200,1000,,True,True,strict_complete_cells,paper_protocol_strict_feasible_subset
mushrooms,3153,35,3200,0.8,True,3200,1000,,True,True,strict_complete_cells,paper_protocol_strict_feasible_subset
mushrooms,3154,36,3200,0.8,True,3200,1000,,True,True,strict_complete_cells,paper_protocol_strict_feasible_subset
mushrooms,3155,37,3200,0.8,True,3200,1000,,True,True,strict_complete_cells,paper_protocol_strict_feasible_subset
mushrooms,3156,38,3200,0.8,True,3200,1000,,True,True,strict_complete_cells,paper_protocol_strict_feasible_subset
mushrooms,3157,39,3200,0.8,True,3200,1000,,True,True,strict_complete_cells,paper_protocol_strict_feasible_subset
mushrooms,3158,40,3200,0.8,True,3200,1000,,True,True,strict_complete_cells,paper_protocol_strict_feasible_subset
mushrooms,3159,41,3200,0.8,True,3200,1000,,True,True,strict_complete_cells,paper_protocol_strict_feasible_subset
mushrooms,3160,42,3200,0.8,True,3200,1000,,True,True,strict_complete_cells,paper_protocol_strict_feasible_subset
mushrooms,3161,43,3200,0.8,True,3200,1000,,True,True,strict_complete_cells,paper_protocol_strict_feasible_subset
mushrooms,3162,44,3200,0.8,True,3200,1000,,True,True,strict_complete_cells,paper_protocol_strict_feasible_subset
mushrooms,3163,45,3200,0.8,True,3200,1000,,True,True,strict_complete_cells,paper_protocol_strict_feasible_subset
mushrooms,3164,46,3200,0.8,True,3200,1000,,True,True,strict_complete_cells,paper_protocol_strict_feasible_subset
mushrooms,3165,47,3200,0.8,True,3200,1000,,True,True,strict_complete_cells,paper_protocol_strict_feasible_subset
mushrooms,3166,48,3200,0.8,True,3200,1000,,True,True,strict_complete_cells,paper_protocol_strict_feasible_subset
mushrooms,3167,49,3200,0.8,True,3200,1000,,True,True,strict_complete_cells,paper_protocol_strict_feasible_subset
mushrooms,3168,50,3200,0.8,True,3200,1000,,True,True,strict_complete_cells,paper_protocol_strict_feasible_subset
mushrooms,3169,51,3200,0.8,True,3200,1000,,True,True,strict_complete_cells,paper_protocol_strict_feasible_subset
mushrooms,3170,52,3200,0.8,True,3200,1000,,True,True,strict_complete_cells,paper_protocol_strict_feasible_subset
mushrooms,3171,53,3200,0.8,True,3200,1000,,True,True,strict_complete_cells,paper_protocol_strict_feasible_subset
mushrooms,3172,54,3200,0.8,True,3200,1000,,True,True,strict_complete_cells,paper_protocol_strict_feasible_subset
mushrooms,3173,55,3200,0.8,True,3200,1000,,True,True,strict_complete_cells,paper_protocol_strict_feasible_subset
mushrooms,3174,56,3200,0.8,True,3200,1000,,True,True,strict_complete_cells,paper_protocol_strict_feasible_subset
mushrooms,3175,57,3200,0.8,True,3200,1000,,True,True,strict_complete_cells,paper_protocol_strict_feasible_subset
mushrooms,3176,58,3200,0.8,True,3200,1000,,True,True,strict_complete_cells,paper_protocol_strict_feasible_subset
mushrooms,3177,59,3200,0.8,True,3200,1000,,True,True,strict_complete_cells,paper_protocol_strict_feasible_subset
mushrooms,3178,60,3200,0.8,True,3200,1000,,True,True,strict_complete_cells,paper_protocol_strict_feasible_subset
mushrooms,3179,61,3200,0.8,True,3200,1000,,True,True,strict_complete_cells,paper_protocol_strict_feasible_subset
mushrooms,3180,62,3200,0.8,True,3200,1000,,True,True,strict_complete_cells,paper_protocol_strict_feasible_subset
mushrooms,3181,63,3200,0.8,True,3200,1000,,True,True,strict_complete_cells,paper_protocol_strict_feasible_subset
mushrooms,3182,64,3200,0.8,True,3200,1000,,True,True,strict_complete_cells,paper_protocol_strict_feasible_subset
mushrooms,3183,65,3200,0.8,True,3200,1000,,True,True,strict_complete_cells,paper_protocol_strict_feasible_subset
mushrooms,3184,66,3200,0.8,True,3200,1000,,True,True,strict_complete_cells,paper_protocol_strict_feasible_subset
mushrooms,3185,67,3200,0.8,True,3200,1000,,True,True,strict_complete_cells,paper_protocol_strict_feasible_subset
mushrooms,3186,68,3200,0.8,True,3200,1000,,True,True,strict_complete_cells,paper_protocol_strict_feasible_subset
mushrooms,3187,69,3200,0.8,True,3200,1000,,True,True,strict_complete_cells,paper_protocol_strict_feasible_subset
mushrooms,3188,70,3200,0.8,True,3200,1000,,True,True,strict_complete_cells,paper_protocol_strict_feasible_subset
mushrooms,3189,71,3200,0.8,True,3200,1000,,True,True,strict_complete_cells,paper_protocol_strict_feasible_subset
mushrooms,3190,72,3200,0.8,True,3200,1000,,True,True,strict_complete_cells,paper_protocol_strict_feasible_subset
mushrooms,3191,73,3200,0.8,True,3200,1000,,True,True,strict_complete_cells,paper_protocol_strict_feasible_subset
mushrooms,3192,74,3200,0.8,True,3200,1000,,True,True,strict_complete_cells,paper_protocol_strict_feasible_subset
mushrooms,3193,75,3200,0.8,True,3200,1000,,True,True,strict_complete_cells,paper_protocol_strict_feasible_subset
mushrooms,3194,76,3200,0.8,True,3200,1000,,True,True,strict_complete_cells,paper_protocol_strict_feasible_subset
mushrooms,3195,77,3200,0.8,True,3200,1000,,True,True,strict_complete_cells,paper_protocol_strict_feasible_subset
mushrooms,3196,78,3200,0.8,True,3200,1000,,True,True,strict_complete_cells,paper_protocol_strict_feasible_subset
mushrooms,3197,79,3200,0.8,True,3200,1000,,True,True,strict_complete_cells,paper_protocol_strict_feasible_subset
mushrooms,3198,80,3200,0.8,True,3200,1000,,True,True,strict_complete_cells,paper_protocol_strict_feasible_subset
mushrooms,3199,81,3200,0.8,True,3200,1000,,True,True,strict_complete_cells,paper_protocol_strict_feasible_subset
mushrooms,3200,82,3200,0.8,True,3200,1000,,True,True,strict_complete_cells,paper_protocol_strict_feasible_subset
mushrooms,3201,83,3200,0.8,True,3200,1000,,True,True,strict_complete_cells,paper_protocol_strict_feasible_subset
mushrooms,3202,84,3200,0.8,True,3200,1000,,True,True,strict_complete_cells,paper_protocol_strict_feasible_subset
mushrooms,3203,85,3200,0.8,True,3200,1000,,True,True,strict_complete_cells,paper_protocol_strict_feasible_subset
mushrooms,3204,86,3200,0.8,True,3200,1000,,True,True,strict_complete_cells,paper_protocol_strict_feasible_subset
mushrooms,3205,87,3200,0.8,True,3200,1000,,True,True,strict_complete_cells,paper_protocol_strict_feasible_subset
mushrooms,3206,88,3200,0.8,True,3200,1000,,True,True,strict_complete_cells,paper_protocol_strict_feasible_subset
mushrooms,3207,89,3200,0.8,True,3200,1000,,True,True,strict_complete_cells,paper_protocol_strict_feasible_subset
mushrooms,3208,90,3200,0.8,True,3200,1000,,True,True,strict_complete_cells,paper_protocol_strict_feasible_subset
mushrooms,3209,91,3200,0.8,True,3200,1000,,True,True,strict_complete_cells,paper_protocol_strict_feasible_subset
mushrooms,3210,92,3200,0.8,True,3200,1000,,True,True,strict_complete_cells,paper_protocol_strict_feasible_subset
mushrooms,3211,93,3200,0.8,True,3200,1000,,True,True,strict_complete_cells,paper_protocol_strict_feasible_subset
mushrooms,3212,94,3200,0.8,True,3200,1000,,True,True,strict_complete_cells,paper_protocol_strict_feasible_subset
mushrooms,3213,95,3200,0.8,True,3200,1000,,True,True,strict_complete_cells,paper_protocol_strict_feasible_subset
mushrooms,3214,96,3200,0.8,True,3200,1000,,True,True,strict_complete_cells,paper_protocol_strict_feasible_subset
mushrooms,3215,97,3200,0.8,True,3200,1000,,True,True,strict_complete_cells,paper_protocol_strict_feasible_subset
mushrooms,3216,98,3200,0.8,True,3200,1000,,True,True,strict_complete_cells,paper_protocol_strict_feasible_subset
mushrooms,3217,99,3200,0.8,True,3200,1000,,True,True,strict_complete_cells,paper_protocol_strict_feasible_subset
shuttle,2018,0,800,0.2,False,800,798,holdout_pool,False,False,strict_complete_cells,paper_protocol_strict_feasible_subset
shuttle,2019,1,800,0.2,False,800,864,holdout_pool,False,False,strict_complete_cells,paper_protocol_strict_feasible_subset
shuttle,2020,2,800,0.2,False,800,839,holdout_pool,False,False,strict_complete_cells,paper_protocol_strict_feasible_subset
shuttle,2021,3,800,0.2,False,800,871,holdout_pool,False,False,strict_complete_cells,paper_protocol_strict_feasible_subset
shuttle,2022,4,800,0.2,False,800,852,holdout_pool,False,False,strict_complete_cells,paper_protocol_strict_feasible_subset
shuttle,2023,5,800,0.2,False,800,800,holdout_pool,False,False,strict_complete_cells,paper_protocol_strict_feasible_subset
shuttle,2024,6,800,0.2,False,800,814,holdout_pool,False,False,strict_complete_cells,paper_protocol_strict_feasible_subset
shuttle,2025,7,800,0.2,False,800,853,holdout_pool,False,False,strict_complete_cells,paper_protocol_strict_feasible_subset
shuttle,2026,8,800,0.2,False,800,830,holdout_pool,False,False,strict_complete_cells,paper_protocol_strict_feasible_subset
shuttle,2027,9,800,0.2,False,800,832,holdout_pool,False,False,strict_complete_cells,paper_protocol_strict_feasible_subset
shuttle,2028,10,800,0.2,False,800,870,holdout_pool,False,False,strict_complete_cells,paper_protocol_strict_feasible_subset
shuttle,2029,11,800,0.2,False,800,838,holdout_pool,False,False,strict_complete_cells,paper_protocol_strict_feasible_subset
shuttle,2030,12,800,0.2,False,800,837,holdout_pool,False,False,strict_complete_cells,paper_protocol_strict_feasible_subset
shuttle,2031,13,800,0.2,False,800,814,holdout_pool,False,False,strict_complete_cells,paper_protocol_strict_feasible_subset
shuttle,2032,14,800,0.2,False,800,818,holdout_pool,False,False,strict_complete_cells,paper_protocol_strict_feasible_subset
shuttle,2033,15,800,0.2,False,800,825,holdout_pool,False,False,strict_complete_cells,paper_protocol_strict_feasible_subset
shuttle,2034,16,800,0.2,False,800,859,holdout_pool,False,False,strict_complete_cells,paper_protocol_strict_feasible_subset
shuttle,2035,17,800,0.2,False,800,808,holdout_pool,False,False,strict_complete_cells,paper_protocol_strict_feasible_subset
shuttle,2036,18,800,0.2,False,800,853,holdout_pool,False,False,strict_complete_cells,paper_protocol_strict_feasible_subset
shuttle,2037,19,800,0.2,False,800,846,holdout_pool,False,False,strict_complete_cells,paper_protocol_strict_feasible_subset
shuttle,2038,20,800,0.2,False,800,846,holdout_pool,False,False,strict_complete_cells,paper_protocol_strict_feasible_subset
shuttle,2039,21,800,0.2,False,800,835,holdout_pool,False,False,strict_complete_cells,paper_protocol_strict_feasible_subset
shuttle,2040,22,800,0.2,False,800,867,holdout_pool,False,False,strict_complete_cells,paper_protocol_strict_feasible_subset
shuttle,2041,23,800,0.2,False,800,807,holdout_pool,False,False,strict_complete_cells,paper_protocol_strict_feasible_subset
shuttle,2042,24,800,0.2,False,800,846,holdout_pool,False,False,strict_complete_cells,paper_protocol_strict_feasible_subset
shuttle,2043,25,800,0.2,False,800,815,holdout_pool,False,False,strict_complete_cells,paper_protocol_strict_feasible_subset
shuttle,2044,26,800,0.2,False,800,857,holdout_pool,False,False,strict_complete_cells,paper_protocol_strict_feasible_subset
shuttle,2045,27,800,0.2,False,800,823,holdout_pool,False,False,strict_complete_cells,paper_protocol_strict_feasible_subset
shuttle,2046,28,800,0.2,False,800,869,holdout_pool,False,False,strict_complete_cells,paper_protocol_strict_feasible_subset
shuttle,2047,29,800,0.2,False,800,837,holdout_pool,False,False,strict_complete_cells,paper_protocol_strict_feasible_subset
shuttle,2048,30,800,0.2,False,800,835,holdout_pool,False,False,strict_complete_cells,paper_protocol_strict_feasible_subset
shuttle,2049,31,800,0.2,False,800,862,holdout_pool,False,False,strict_complete_cells,paper_protocol_strict_feasible_subset
shuttle,2050,32,800,0.2,False,800,834,holdout_pool,False,False,strict_complete_cells,paper_protocol_strict_feasible_subset
shuttle,2051,33,800,0.2,False,800,881,holdout_pool,False,False,strict_complete_cells,paper_protocol_strict_feasible_subset
shuttle,2052,34,800,0.2,False,800,835,holdout_pool,False,False,strict_complete_cells,paper_protocol_strict_feasible_subset
shuttle,2053,35,800,0.2,False,800,867,holdout_pool,False,False,strict_complete_cells,paper_protocol_strict_feasible_subset
shuttle,2054,36,800,0.2,False,800,835,holdout_pool,False,False,strict_complete_cells,paper_protocol_strict_feasible_subset
shuttle,2055,37,800,0.2,False,800,856,holdout_pool,False,False,strict_complete_cells,paper_protocol_strict_feasible_subset
shuttle,2056,38,800,0.2,False,800,842,holdout_pool,False,False,strict_complete_cells,paper_protocol_strict_feasible_subset
shuttle,2057,39,800,0.2,False,800,864,holdout_pool,False,False,strict_complete_cells,paper_protocol_strict_feasible_subset
shuttle,2058,40,800,0.2,False,800,810,holdout_pool,False,False,strict_complete_cells,paper_protocol_strict_feasible_subset
shuttle,2059,41,800,0.2,False,800,810,holdout_pool,False,False,strict_complete_cells,paper_protocol_strict_feasible_subset
shuttle,2060,42,800,0.2,False,800,845,holdout_pool,False,False,strict_complete_cells,paper_protocol_strict_feasible_subset
shuttle,2061,43,800,0.2,False,800,823,holdout_pool,False,False,strict_complete_cells,paper_protocol_strict_feasible_subset
shuttle,2062,44,800,0.2,False,800,835,holdout_pool,False,False,strict_complete_cells,paper_protocol_strict_feasible_subset
shuttle,2063,45,800,0.2,False,800,804,holdout_pool,False,False,strict_complete_cells,paper_protocol_strict_feasible_subset
shuttle,2064,46,800,0.2,False,800,836,holdout_pool,False,False,strict_complete_cells,paper_protocol_strict_feasible_subset
shuttle,2065,47,800,0.2,False,800,832,holdout_pool,False,False,strict_complete_cells,paper_protocol_strict_feasible_subset
shuttle,2066,48,800,0.2,False,800,828,holdout_pool,False,False,strict_complete_cells,paper_protocol_strict_feasible_subset
shuttle,2067,49,800,0.2,False,800,847,holdout_pool,False,False,strict_complete_cells,paper_protocol_strict_feasible_subset
shuttle,2068,50,800,0.2,False,800,818,holdout_pool,False,False,strict_complete_cells,paper_protocol_strict_feasible_subset
shuttle,2069,51,800,0.2,False,800,832,holdout_pool,False,False,strict_complete_cells,paper_protocol_strict_feasible_subset
shuttle,2070,52,800,0.2,False,800,840,holdout_pool,False,False,strict_complete_cells,paper_protocol_strict_feasible_subset
shuttle,2071,53,800,0.2,False,800,851,holdout_pool,False,False,strict_complete_cells,paper_protocol_strict_feasible_subset
shuttle,2072,54,800,0.2,False,800,828,holdout_pool,False,False,strict_complete_cells,paper_protocol_strict_feasible_subset
shuttle,2073,55,800,0.2,False,800,884,holdout_pool,False,False,strict_complete_cells,paper_protocol_strict_feasible_subset
shuttle,2074,56,800,0.2,False,800,833,holdout_pool,False,False,strict_complete_cells,paper_protocol_strict_feasible_subset
shuttle,2075,57,800,0.2,False,800,818,holdout_pool,False,False,strict_complete_cells,paper_protocol_strict_feasible_subset
shuttle,2076,58,800,0.2,False,800,827,holdout_pool,False,False,strict_complete_cells,paper_protocol_strict_feasible_subset
shuttle,2077,59,800,0.2,False,800,863,holdout_pool,False,False,strict_complete_cells,paper_protocol_strict_feasible_subset
shuttle,2078,60,800,0.2,False,800,834,holdout_pool,False,False,strict_complete_cells,paper_protocol_strict_feasible_subset
shuttle,2079,61,800,0.2,False,800,814,holdout_pool,False,False,strict_complete_cells,paper_protocol_strict_feasible_subset
shuttle,2080,62,800,0.2,False,800,869,holdout_pool,False,False,strict_complete_cells,paper_protocol_strict_feasible_subset
shuttle,2081,63,800,0.2,False,800,890,holdout_pool,False,False,strict_complete_cells,paper_protocol_strict_feasible_subset
shuttle,2082,64,800,0.2,False,800,828,holdout_pool,False,False,strict_complete_cells,paper_protocol_strict_feasible_subset
shuttle,2083,65,800,0.2,False,800,811,holdout_pool,False,False,strict_complete_cells,paper_protocol_strict_feasible_subset
shuttle,2084,66,800,0.2,False,800,816,holdout_pool,False,False,strict_complete_cells,paper_protocol_strict_feasible_subset
shuttle,2085,67,800,0.2,False,800,857,holdout_pool,False,False,strict_complete_cells,paper_protocol_strict_feasible_subset
shuttle,2086,68,800,0.2,False,800,801,holdout_pool,False,False,strict_complete_cells,paper_protocol_strict_feasible_subset
shuttle,2087,69,800,0.2,False,800,860,holdout_pool,False,False,strict_complete_cells,paper_protocol_strict_feasible_subset
shuttle,2088,70,800,0.2,False,800,794,holdout_pool,False,False,strict_complete_cells,paper_protocol_strict_feasible_subset
shuttle,2089,71,800,0.2,False,800,820,holdout_pool,False,False,strict_complete_cells,paper_protocol_strict_feasible_subset
shuttle,2090,72,800,0.2,False,800,865,holdout_pool,False,False,strict_complete_cells,paper_protocol_strict_feasible_subset
shuttle,2091,73,800,0.2,False,800,838,holdout_pool,False,False,strict_complete_cells,paper_protocol_strict_feasible_subset
shuttle,2092,74,800,0.2,False,800,852,holdout_pool,False,False,strict_complete_cells,paper_protocol_strict_feasible_subset
shuttle,2093,75,800,0.2,False,800,842,holdout_pool,False,False,strict_complete_cells,paper_protocol_strict_feasible_subset
shuttle,2094,76,800,0.2,False,800,830,holdout_pool,False,False,strict_complete_cells,paper_protocol_strict_feasible_subset
shuttle,2095,77,800,0.2,False,800,862,holdout_pool,False,False,strict_complete_cells,paper_protocol_strict_feasible_subset
shuttle,2096,78,800,0.2,False,800,864,holdout_pool,False,False,strict_complete_cells,paper_protocol_strict_feasible_subset
shuttle,2097,79,800,0.2,False,800,865,holdout_pool,False,False,strict_complete_cells,paper_protocol_strict_feasible_subset
shuttle,2098,80,800,0.2,False,800,818,holdout_pool,False,False,strict_complete_cells,paper_protocol_strict_feasible_subset
shuttle,2099,81,800,0.2,False,800,862,holdout_pool,False,False,strict_complete_cells,paper_protocol_strict_feasible_subset
shuttle,2100,82,800,0.2,False,800,863,holdout_pool,False,False,strict_complete_cells,paper_protocol_strict_feasible_subset
shuttle,2101,83,800,0.2,False,800,899,holdout_pool,False,False,strict_complete_cells,paper_protocol_strict_feasible_subset
shuttle,2102,84,800,0.2,False,800,833,holdout_pool,False,False,strict_complete_cells,paper_protocol_strict_feasible_subset
shuttle,2103,85,800,0.2,False,800,874,holdout_pool,False,False,strict_complete_cells,paper_protocol_strict_feasible_subset
shuttle,2104,86,800,0.2,False,800,803,holdout_pool,False,False,strict_complete_cells,paper_protocol_strict_feasible_subset
shuttle,2105,87,800,0.2,False,800,797,holdout_pool,False,False,strict_complete_cells,paper_protocol_strict_feasible_subset
shuttle,2106,88,800,0.2,False,800,851,holdout_pool,False,False,strict_complete_cells,paper_protocol_strict_feasible_subset
shuttle,2107,89,800,0.2,False,800,862,holdout_pool,False,False,strict_complete_cells,paper_protocol_strict_feasible_subset
shuttle,2108,90,800,0.2,False,800,881,holdout_pool,False,False,strict_complete_cells,paper_protocol_strict_feasible_subset
shuttle,2109,91,800,0.2,False,800,850,holdout_pool,False,False,strict_complete_cells,paper_protocol_strict_feasible_subset
shuttle,2110,92,800,0.2,False,800,843,holdout_pool,False,False,strict_complete_cells,paper_protocol_strict_feasible_subset
shuttle,2111,93,800,0.2,False,800,837,holdout_pool,False,False,strict_complete_cells,paper_protocol_strict_feasible_subset
shuttle,2112,94,800,0.2,False,800,859,holdout_pool,False,False,strict_complete_cells,paper_protocol_strict_feasible_subset
shuttle,2113,95,800,0.2,False,800,798,holdout_pool,False,False,strict_complete_cells,paper_protocol_strict_feasible_subset
shuttle,2114,96,800,0.2,False,800,865,holdout_pool,False,False,strict_complete_cells,paper_protocol_strict_feasible_subset
shuttle,2115,97,800,0.2,False,800,856,holdout_pool,False,False,strict_complete_cells,paper_protocol_strict_feasible_subset
shuttle,2116,98,800,0.2,False,800,850,holdout_pool,False,False,strict_complete_cells,paper_protocol_strict_feasible_subset
shuttle,2117,99,800,0.2,False,800,858,holdout_pool,False,False,strict_complete_cells,paper_protocol_strict_feasible_subset
shuttle,2118,0,800,0.4,True,800,1000,,False,False,strict_complete_cells,paper_protocol_strict_feasible_subset
shuttle,2119,1,800,0.4,True,800,1000,,False,False,strict_complete_cells,paper_protocol_strict_feasible_subset
shuttle,2120,2,800,0.4,True,800,1000,,False,False,strict_complete_cells,paper_protocol_strict_feasible_subset
shuttle,2121,3,800,0.4,True,800,1000,,False,False,strict_complete_cells,paper_protocol_strict_feasible_subset
shuttle,2122,4,800,0.4,True,800,1000,,False,False,strict_complete_cells,paper_protocol_strict_feasible_subset
shuttle,2123,5,800,0.4,True,800,1000,,False,False,strict_complete_cells,paper_protocol_strict_feasible_subset
shuttle,2124,6,800,0.4,True,800,1000,,False,False,strict_complete_cells,paper_protocol_strict_feasible_subset
shuttle,2125,7,800,0.4,True,800,1000,,False,False,strict_complete_cells,paper_protocol_strict_feasible_subset
shuttle,2126,8,800,0.4,True,800,1000,,False,False,strict_complete_cells,paper_protocol_strict_feasible_subset
shuttle,2127,9,800,0.4,True,800,1000,,False,False,strict_complete_cells,paper_protocol_strict_feasible_subset
shuttle,2128,10,800,0.4,True,800,1000,,False,False,strict_complete_cells,paper_protocol_strict_feasible_subset
shuttle,2129,11,800,0.4,True,800,1000,,False,False,strict_complete_cells,paper_protocol_strict_feasible_subset
shuttle,2130,12,800,0.4,True,800,1000,,False,False,strict_complete_cells,paper_protocol_strict_feasible_subset
shuttle,2131,13,800,0.4,True,800,1000,,False,False,strict_complete_cells,paper_protocol_strict_feasible_subset
shuttle,2132,14,800,0.4,True,800,1000,,False,False,strict_complete_cells,paper_protocol_strict_feasible_subset
shuttle,2133,15,800,0.4,True,800,1000,,False,False,strict_complete_cells,paper_protocol_strict_feasible_subset
shuttle,2134,16,800,0.4,False,800,989,holdout_pool,False,False,strict_complete_cells,paper_protocol_strict_feasible_subset
shuttle,2135,17,800,0.4,True,800,1000,,False,False,strict_complete_cells,paper_protocol_strict_feasible_subset
shuttle,2136,18,800,0.4,True,800,1000,,False,False,strict_complete_cells,paper_protocol_strict_feasible_subset
shuttle,2137,19,800,0.4,True,800,1000,,False,False,strict_complete_cells,paper_protocol_strict_feasible_subset
shuttle,2138,20,800,0.4,True,800,1000,,False,False,strict_complete_cells,paper_protocol_strict_feasible_subset
shuttle,2139,21,800,0.4,True,800,1000,,False,False,strict_complete_cells,paper_protocol_strict_feasible_subset
shuttle,2140,22,800,0.4,True,800,1000,,False,False,strict_complete_cells,paper_protocol_strict_feasible_subset
shuttle,2141,23,800,0.4,True,800,1000,,False,False,strict_complete_cells,paper_protocol_strict_feasible_subset
shuttle,2142,24,800,0.4,True,800,1000,,False,False,strict_complete_cells,paper_protocol_strict_feasible_subset
shuttle,2143,25,800,0.4,True,800,1000,,False,False,strict_complete_cells,paper_protocol_strict_feasible_subset
shuttle,2144,26,800,0.4,True,800,1000,,False,False,strict_complete_cells,paper_protocol_strict_feasible_subset
shuttle,2145,27,800,0.4,True,800,1000,,False,False,strict_complete_cells,paper_protocol_strict_feasible_subset
shuttle,2146,28,800,0.4,True,800,1000,,False,False,strict_complete_cells,paper_protocol_strict_feasible_subset
shuttle,2147,29,800,0.4,True,800,1000,,False,False,strict_complete_cells,paper_protocol_strict_feasible_subset
shuttle,2148,30,800,0.4,True,800,1000,,False,False,strict_complete_cells,paper_protocol_strict_feasible_subset
shuttle,2149,31,800,0.4,True,800,1000,,False,False,strict_complete_cells,paper_protocol_strict_feasible_subset
shuttle,2150,32,800,0.4,True,800,1000,,False,False,strict_complete_cells,paper_protocol_strict_feasible_subset
shuttle,2151,33,800,0.4,True,800,1000,,False,False,strict_complete_cells,paper_protocol_strict_feasible_subset
shuttle,2152,34,800,0.4,True,800,1000,,False,False,strict_complete_cells,paper_protocol_strict_feasible_subset
shuttle,2153,35,800,0.4,True,800,1000,,False,False,strict_complete_cells,paper_protocol_strict_feasible_subset
shuttle,2154,36,800,0.4,True,800,1000,,False,False,strict_complete_cells,paper_protocol_strict_feasible_subset
shuttle,2155,37,800,0.4,True,800,1000,,False,False,strict_complete_cells,paper_protocol_strict_feasible_subset
shuttle,2156,38,800,0.4,True,800,1000,,False,False,strict_complete_cells,paper_protocol_strict_feasible_subset
shuttle,2157,39,800,0.4,True,800,1000,,False,False,strict_complete_cells,paper_protocol_strict_feasible_subset
shuttle,2158,40,800,0.4,True,800,1000,,False,False,strict_complete_cells,paper_protocol_strict_feasible_subset
shuttle,2159,41,800,0.4,True,800,1000,,False,False,strict_complete_cells,paper_protocol_strict_feasible_subset
shuttle,2160,42,800,0.4,True,800,1000,,False,False,strict_complete_cells,paper_protocol_strict_feasible_subset
shuttle,2161,43,800,0.4,True,800,1000,,False,False,strict_complete_cells,paper_protocol_strict_feasible_subset
shuttle,2162,44,800,0.4,True,800,1000,,False,False,strict_complete_cells,paper_protocol_strict_feasible_subset
shuttle,2163,45,800,0.4,True,800,1000,,False,False,strict_complete_cells,paper_protocol_strict_feasible_subset
shuttle,2164,46,800,0.4,True,800,1000,,False,False,strict_complete_cells,paper_protocol_strict_feasible_subset
shuttle,2165,47,800,0.4,True,800,1000,,False,False,strict_complete_cells,paper_protocol_strict_feasible_subset
shuttle,2166,48,800,0.4,True,800,1000,,False,False,strict_complete_cells,paper_protocol_strict_feasible_subset
shuttle,2167,49,800,0.4,True,800,1000,,False,False,strict_complete_cells,paper_protocol_strict_feasible_subset
shuttle,2168,50,800,0.4,True,800,1000,,False,False,strict_complete_cells,paper_protocol_strict_feasible_subset
shuttle,2169,51,800,0.4,True,800,1000,,False,False,strict_complete_cells,paper_protocol_strict_feasible_subset
shuttle,2170,52,800,0.4,True,800,1000,,False,False,strict_complete_cells,paper_protocol_strict_feasible_subset
shuttle,2171,53,800,0.4,True,800,1000,,False,False,strict_complete_cells,paper_protocol_strict_feasible_subset
shuttle,2172,54,800,0.4,True,800,1000,,False,False,strict_complete_cells,paper_protocol_strict_feasible_subset
shuttle,2173,55,800,0.4,True,800,1000,,False,False,strict_complete_cells,paper_protocol_strict_feasible_subset
shuttle,2174,56,800,0.4,True,800,1000,,False,False,strict_complete_cells,paper_protocol_strict_feasible_subset
shuttle,2175,57,800,0.4,True,800,1000,,False,False,strict_complete_cells,paper_protocol_strict_feasible_subset
shuttle,2176,58,800,0.4,True,800,1000,,False,False,strict_complete_cells,paper_protocol_strict_feasible_subset
shuttle,2177,59,800,0.4,True,800,1000,,False,False,strict_complete_cells,paper_protocol_strict_feasible_subset
shuttle,2178,60,800,0.4,True,800,1000,,False,False,strict_complete_cells,paper_protocol_strict_feasible_subset
shuttle,2179,61,800,0.4,True,800,1000,,False,False,strict_complete_cells,paper_protocol_strict_feasible_subset
shuttle,2180,62,800,0.4,True,800,1000,,False,False,strict_complete_cells,paper_protocol_strict_feasible_subset
shuttle,2181,63,800,0.4,True,800,1000,,False,False,strict_complete_cells,paper_protocol_strict_feasible_subset
shuttle,2182,64,800,0.4,True,800,1000,,False,False,strict_complete_cells,paper_protocol_strict_feasible_subset
shuttle,2183,65,800,0.4,True,800,1000,,False,False,strict_complete_cells,paper_protocol_strict_feasible_subset
shuttle,2184,66,800,0.4,True,800,1000,,False,False,strict_complete_cells,paper_protocol_strict_feasible_subset
shuttle,2185,67,800,0.4,True,800,1000,,False,False,strict_complete_cells,paper_protocol_strict_feasible_subset
shuttle,2186,68,800,0.4,True,800,1000,,False,False,strict_complete_cells,paper_protocol_strict_feasible_subset
shuttle,2187,69,800,0.4,True,800,1000,,False,False,strict_complete_cells,paper_protocol_strict_feasible_subset
shuttle,2188,70,800,0.4,True,800,1000,,False,False,strict_complete_cells,paper_protocol_strict_feasible_subset
shuttle,2189,71,800,0.4,True,800,1000,,False,False,strict_complete_cells,paper_protocol_strict_feasible_subset
shuttle,2190,72,800,0.4,True,800,1000,,False,False,strict_complete_cells,paper_protocol_strict_feasible_subset
shuttle,2191,73,800,0.4,True,800,1000,,False,False,strict_complete_cells,paper_protocol_strict_feasible_subset
shuttle,2192,74,800,0.4,True,800,1000,,False,False,strict_complete_cells,paper_protocol_strict_feasible_subset
shuttle,2193,75,800,0.4,True,800,1000,,False,False,strict_complete_cells,paper_protocol_strict_feasible_subset
shuttle,2194,76,800,0.4,True,800,1000,,False,False,strict_complete_cells,paper_protocol_strict_feasible_subset
shuttle,2195,77,800,0.4,True,800,1000,,False,False,strict_complete_cells,paper_protocol_strict_feasible_subset
shuttle,2196,78,800,0.4,True,800,1000,,False,False,strict_complete_cells,paper_protocol_strict_feasible_subset
shuttle,2197,79,800,0.4,True,800,1000,,False,False,strict_complete_cells,paper_protocol_strict_feasible_subset
shuttle,2198,80,800,0.4,True,800,1000,,False,False,strict_complete_cells,paper_protocol_strict_feasible_subset
shuttle,2199,81,800,0.4,True,800,1000,,False,False,strict_complete_cells,paper_protocol_strict_feasible_subset
shuttle,2200,82,800,0.4,True,800,1000,,False,False,strict_complete_cells,paper_protocol_strict_feasible_subset
shuttle,2201,83,800,0.4,True,800,1000,,False,False,strict_complete_cells,paper_protocol_strict_feasible_subset
shuttle,2202,84,800,0.4,True,800,1000,,False,False,strict_complete_cells,paper_protocol_strict_feasible_subset
shuttle,2203,85,800,0.4,True,800,1000,,False,False,strict_complete_cells,paper_protocol_strict_feasible_subset
shuttle,2204,86,800,0.4,True,800,1000,,False,False,strict_complete_cells,paper_protocol_strict_feasible_subset
shuttle,2205,87,800,0.4,True,800,1000,,False,False,strict_complete_cells,paper_protocol_strict_feasible_subset
shuttle,2206,88,800,0.4,True,800,1000,,False,False,strict_complete_cells,paper_protocol_strict_feasible_subset
shuttle,2207,89,800,0.4,True,800,1000,,False,False,strict_complete_cells,paper_protocol_strict_feasible_subset
shuttle,2208,90,800,0.4,True,800,1000,,False,False,strict_complete_cells,paper_protocol_strict_feasible_subset
shuttle,2209,91,800,0.4,True,800,1000,,False,False,strict_complete_cells,paper_protocol_strict_feasible_subset
shuttle,2210,92,800,0.4,True,800,1000,,False,False,strict_complete_cells,paper_protocol_strict_feasible_subset
shuttle,2211,93,800,0.4,True,800,1000,,False,False,strict_complete_cells,paper_protocol_strict_feasible_subset
shuttle,2212,94,800,0.4,True,800,1000,,False,False,strict_complete_cells,paper_protocol_strict_feasible_subset
shuttle,2213,95,800,0.4,True,800,1000,,False,False,strict_complete_cells,paper_protocol_strict_feasible_subset
shuttle,2214,96,800,0.4,True,800,1000,,False,False,strict_complete_cells,paper_protocol_strict_feasible_subset
shuttle,2215,97,800,0.4,True,800,1000,,False,False,strict_complete_cells,paper_protocol_strict_feasible_subset
shuttle,2216,98,800,0.4,True,800,1000,,False,False,strict_complete_cells,paper_protocol_strict_feasible_subset
shuttle,2217,99,800,0.4,True,800,1000,,False,False,strict_complete_cells,paper_protocol_strict_feasible_subset
shuttle,2218,0,800,0.6,True,800,1000,,True,True,strict_complete_cells,paper_protocol_strict_feasible_subset
shuttle,2219,1,800,0.6,True,800,1000,,True,True,strict_complete_cells,paper_protocol_strict_feasible_subset
shuttle,2220,2,800,0.6,True,800,1000,,True,True,strict_complete_cells,paper_protocol_strict_feasible_subset
shuttle,2221,3,800,0.6,True,800,1000,,True,True,strict_complete_cells,paper_protocol_strict_feasible_subset
shuttle,2222,4,800,0.6,True,800,1000,,True,True,strict_complete_cells,paper_protocol_strict_feasible_subset
shuttle,2223,5,800,0.6,True,800,1000,,True,True,strict_complete_cells,paper_protocol_strict_feasible_subset
shuttle,2224,6,800,0.6,True,800,1000,,True,True,strict_complete_cells,paper_protocol_strict_feasible_subset
shuttle,2225,7,800,0.6,True,800,1000,,True,True,strict_complete_cells,paper_protocol_strict_feasible_subset
shuttle,2226,8,800,0.6,True,800,1000,,True,True,strict_complete_cells,paper_protocol_strict_feasible_subset
shuttle,2227,9,800,0.6,True,800,1000,,True,True,strict_complete_cells,paper_protocol_strict_feasible_subset
shuttle,2228,10,800,0.6,True,800,1000,,True,True,strict_complete_cells,paper_protocol_strict_feasible_subset
shuttle,2229,11,800,0.6,True,800,1000,,True,True,strict_complete_cells,paper_protocol_strict_feasible_subset
shuttle,2230,12,800,0.6,True,800,1000,,True,True,strict_complete_cells,paper_protocol_strict_feasible_subset
shuttle,2231,13,800,0.6,True,800,1000,,True,True,strict_complete_cells,paper_protocol_strict_feasible_subset
shuttle,2232,14,800,0.6,True,800,1000,,True,True,strict_complete_cells,paper_protocol_strict_feasible_subset
shuttle,2233,15,800,0.6,True,800,1000,,True,True,strict_complete_cells,paper_protocol_strict_feasible_subset
shuttle,2234,16,800,0.6,True,800,1000,,True,True,strict_complete_cells,paper_protocol_strict_feasible_subset
shuttle,2235,17,800,0.6,True,800,1000,,True,True,strict_complete_cells,paper_protocol_strict_feasible_subset
shuttle,2236,18,800,0.6,True,800,1000,,True,True,strict_complete_cells,paper_protocol_strict_feasible_subset
shuttle,2237,19,800,0.6,True,800,1000,,True,True,strict_complete_cells,paper_protocol_strict_feasible_subset
shuttle,2238,20,800,0.6,True,800,1000,,True,True,strict_complete_cells,paper_protocol_strict_feasible_subset
shuttle,2239,21,800,0.6,True,800,1000,,True,True,strict_complete_cells,paper_protocol_strict_feasible_subset
shuttle,2240,22,800,0.6,True,800,1000,,True,True,strict_complete_cells,paper_protocol_strict_feasible_subset
shuttle,2241,23,800,0.6,True,800,1000,,True,True,strict_complete_cells,paper_protocol_strict_feasible_subset
shuttle,2242,24,800,0.6,True,800,1000,,True,True,strict_complete_cells,paper_protocol_strict_feasible_subset
shuttle,2243,25,800,0.6,True,800,1000,,True,True,strict_complete_cells,paper_protocol_strict_feasible_subset
shuttle,2244,26,800,0.6,True,800,1000,,True,True,strict_complete_cells,paper_protocol_strict_feasible_subset
shuttle,2245,27,800,0.6,True,800,1000,,True,True,strict_complete_cells,paper_protocol_strict_feasible_subset
shuttle,2246,28,800,0.6,True,800,1000,,True,True,strict_complete_cells,paper_protocol_strict_feasible_subset
shuttle,2247,29,800,0.6,True,800,1000,,True,True,strict_complete_cells,paper_protocol_strict_feasible_subset
shuttle,2248,30,800,0.6,True,800,1000,,True,True,strict_complete_cells,paper_protocol_strict_feasible_subset
shuttle,2249,31,800,0.6,True,800,1000,,True,True,strict_complete_cells,paper_protocol_strict_feasible_subset
shuttle,2250,32,800,0.6,True,800,1000,,True,True,strict_complete_cells,paper_protocol_strict_feasible_subset
shuttle,2251,33,800,0.6,True,800,1000,,True,True,strict_complete_cells,paper_protocol_strict_feasible_subset
shuttle,2252,34,800,0.6,True,800,1000,,True,True,strict_complete_cells,paper_protocol_strict_feasible_subset
shuttle,2253,35,800,0.6,True,800,1000,,True,True,strict_complete_cells,paper_protocol_strict_feasible_subset
shuttle,2254,36,800,0.6,True,800,1000,,True,True,strict_complete_cells,paper_protocol_strict_feasible_subset
shuttle,2255,37,800,0.6,True,800,1000,,True,True,strict_complete_cells,paper_protocol_strict_feasible_subset
shuttle,2256,38,800,0.6,True,800,1000,,True,True,strict_complete_cells,paper_protocol_strict_feasible_subset
shuttle,2257,39,800,0.6,True,800,1000,,True,True,strict_complete_cells,paper_protocol_strict_feasible_subset
shuttle,2258,40,800,0.6,True,800,1000,,True,True,strict_complete_cells,paper_protocol_strict_feasible_subset
shuttle,2259,41,800,0.6,True,800,1000,,True,True,strict_complete_cells,paper_protocol_strict_feasible_subset
shuttle,2260,42,800,0.6,True,800,1000,,True,True,strict_complete_cells,paper_protocol_strict_feasible_subset
shuttle,2261,43,800,0.6,True,800,1000,,True,True,strict_complete_cells,paper_protocol_strict_feasible_subset
shuttle,2262,44,800,0.6,True,800,1000,,True,True,strict_complete_cells,paper_protocol_strict_feasible_subset
shuttle,2263,45,800,0.6,True,800,1000,,True,True,strict_complete_cells,paper_protocol_strict_feasible_subset
shuttle,2264,46,800,0.6,True,800,1000,,True,True,strict_complete_cells,paper_protocol_strict_feasible_subset
shuttle,2265,47,800,0.6,True,800,1000,,True,True,strict_complete_cells,paper_protocol_strict_feasible_subset
shuttle,2266,48,800,0.6,True,800,1000,,True,True,strict_complete_cells,paper_protocol_strict_feasible_subset
shuttle,2267,49,800,0.6,True,800,1000,,True,True,strict_complete_cells,paper_protocol_strict_feasible_subset
shuttle,2268,50,800,0.6,True,800,1000,,True,True,strict_complete_cells,paper_protocol_strict_feasible_subset
shuttle,2269,51,800,0.6,True,800,1000,,True,True,strict_complete_cells,paper_protocol_strict_feasible_subset
shuttle,2270,52,800,0.6,True,800,1000,,True,True,strict_complete_cells,paper_protocol_strict_feasible_subset
shuttle,2271,53,800,0.6,True,800,1000,,True,True,strict_complete_cells,paper_protocol_strict_feasible_subset
shuttle,2272,54,800,0.6,True,800,1000,,True,True,strict_complete_cells,paper_protocol_strict_feasible_subset
shuttle,2273,55,800,0.6,True,800,1000,,True,True,strict_complete_cells,paper_protocol_strict_feasible_subset
shuttle,2274,56,800,0.6,True,800,1000,,True,True,strict_complete_cells,paper_protocol_strict_feasible_subset
shuttle,2275,57,800,0.6,True,800,1000,,True,True,strict_complete_cells,paper_protocol_strict_feasible_subset
shuttle,2276,58,800,0.6,True,800,1000,,True,True,strict_complete_cells,paper_protocol_strict_feasible_subset
shuttle,2277,59,800,0.6,True,800,1000,,True,True,strict_complete_cells,paper_protocol_strict_feasible_subset
shuttle,2278,60,800,0.6,True,800,1000,,True,True,strict_complete_cells,paper_protocol_strict_feasible_subset
shuttle,2279,61,800,0.6,True,800,1000,,True,True,strict_complete_cells,paper_protocol_strict_feasible_subset
shuttle,2280,62,800,0.6,True,800,1000,,True,True,strict_complete_cells,paper_protocol_strict_feasible_subset
shuttle,2281,63,800,0.6,True,800,1000,,True,True,strict_complete_cells,paper_protocol_strict_feasible_subset
shuttle,2282,64,800,0.6,True,800,1000,,True,True,strict_complete_cells,paper_protocol_strict_feasible_subset
shuttle,2283,65,800,0.6,True,800,1000,,True,True,strict_complete_cells,paper_protocol_strict_feasible_subset
shuttle,2284,66,800,0.6,True,800,1000,,True,True,strict_complete_cells,paper_protocol_strict_feasible_subset
shuttle,2285,67,800,0.6,True,800,1000,,True,True,strict_complete_cells,paper_protocol_strict_feasible_subset
shuttle,2286,68,800,0.6,True,800,1000,,True,True,strict_complete_cells,paper_protocol_strict_feasible_subset
shuttle,2287,69,800,0.6,True,800,1000,,True,True,strict_complete_cells,paper_protocol_strict_feasible_subset
shuttle,2288,70,800,0.6,True,800,1000,,True,True,strict_complete_cells,paper_protocol_strict_feasible_subset
shuttle,2289,71,800,0.6,True,800,1000,,True,True,strict_complete_cells,paper_protocol_strict_feasible_subset
shuttle,2290,72,800,0.6,True,800,1000,,True,True,strict_complete_cells,paper_protocol_strict_feasible_subset
shuttle,2291,73,800,0.6,True,800,1000,,True,True,strict_complete_cells,paper_protocol_strict_feasible_subset
shuttle,2292,74,800,0.6,True,800,1000,,True,True,strict_complete_cells,paper_protocol_strict_feasible_subset
shuttle,2293,75,800,0.6,True,800,1000,,True,True,strict_complete_cells,paper_protocol_strict_feasible_subset
shuttle,2294,76,800,0.6,True,800,1000,,True,True,strict_complete_cells,paper_protocol_strict_feasible_subset
shuttle,2295,77,800,0.6,True,800,1000,,True,True,strict_complete_cells,paper_protocol_strict_feasible_subset
shuttle,2296,78,800,0.6,True,800,1000,,True,True,strict_complete_cells,paper_protocol_strict_feasible_subset
shuttle,2297,79,800,0.6,True,800,1000,,True,True,strict_complete_cells,paper_protocol_strict_feasible_subset
shuttle,2298,80,800,0.6,True,800,1000,,True,True,strict_complete_cells,paper_protocol_strict_feasible_subset
shuttle,2299,81,800,0.6,True,800,1000,,True,True,strict_complete_cells,paper_protocol_strict_feasible_subset
shuttle,2300,82,800,0.6,True,800,1000,,True,True,strict_complete_cells,paper_protocol_strict_feasible_subset
shuttle,2301,83,800,0.6,True,800,1000,,True,True,strict_complete_cells,paper_protocol_strict_feasible_subset
shuttle,2302,84,800,0.6,True,800,1000,,True,True,strict_complete_cells,paper_protocol_strict_feasible_subset
shuttle,2303,85,800,0.6,True,800,1000,,True,True,strict_complete_cells,paper_protocol_strict_feasible_subset
shuttle,2304,86,800,0.6,True,800,1000,,True,True,strict_complete_cells,paper_protocol_strict_feasible_subset
shuttle,2305,87,800,0.6,True,800,1000,,True,True,strict_complete_cells,paper_protocol_strict_feasible_subset
shuttle,2306,88,800,0.6,True,800,1000,,True,True,strict_complete_cells,paper_protocol_strict_feasible_subset
shuttle,2307,89,800,0.6,True,800,1000,,True,True,strict_complete_cells,paper_protocol_strict_feasible_subset
shuttle,2308,90,800,0.6,True,800,1000,,True,True,strict_complete_cells,paper_protocol_strict_feasible_subset
shuttle,2309,91,800,0.6,True,800,1000,,True,True,strict_complete_cells,paper_protocol_strict_feasible_subset
shuttle,2310,92,800,0.6,True,800,1000,,True,True,strict_complete_cells,paper_protocol_strict_feasible_subset
shuttle,2311,93,800,0.6,True,800,1000,,True,True,strict_complete_cells,paper_protocol_strict_feasible_subset
shuttle,2312,94,800,0.6,True,800,1000,,True,True,strict_complete_cells,paper_protocol_strict_feasible_subset
shuttle,2313,95,800,0.6,True,800,1000,,True,True,strict_complete_cells,paper_protocol_strict_feasible_subset
shuttle,2314,96,800,0.6,True,800,1000,,True,True,strict_complete_cells,paper_protocol_strict_feasible_subset
shuttle,2315,97,800,0.6,True,800,1000,,True,True,strict_complete_cells,paper_protocol_strict_feasible_subset
shuttle,2316,98,800,0.6,True,800,1000,,True,True,strict_complete_cells,paper_protocol_strict_feasible_subset
shuttle,2317,99,800,0.6,True,800,1000,,True,True,strict_complete_cells,paper_protocol_strict_feasible_subset
shuttle,2318,0,800,0.8,True,800,1000,,True,True,strict_complete_cells,paper_protocol_strict_feasible_subset
shuttle,2319,1,800,0.8,True,800,1000,,True,True,strict_complete_cells,paper_protocol_strict_feasible_subset
shuttle,2320,2,800,0.8,True,800,1000,,True,True,strict_complete_cells,paper_protocol_strict_feasible_subset
shuttle,2321,3,800,0.8,True,800,1000,,True,True,strict_complete_cells,paper_protocol_strict_feasible_subset
shuttle,2322,4,800,0.8,True,800,1000,,True,True,strict_complete_cells,paper_protocol_strict_feasible_subset
shuttle,2323,5,800,0.8,True,800,1000,,True,True,strict_complete_cells,paper_protocol_strict_feasible_subset
shuttle,2324,6,800,0.8,True,800,1000,,True,True,strict_complete_cells,paper_protocol_strict_feasible_subset
shuttle,2325,7,800,0.8,True,800,1000,,True,True,strict_complete_cells,paper_protocol_strict_feasible_subset
shuttle,2326,8,800,0.8,True,800,1000,,True,True,strict_complete_cells,paper_protocol_strict_feasible_subset
shuttle,2327,9,800,0.8,True,800,1000,,True,True,strict_complete_cells,paper_protocol_strict_feasible_subset
shuttle,2328,10,800,0.8,True,800,1000,,True,True,strict_complete_cells,paper_protocol_strict_feasible_subset
shuttle,2329,11,800,0.8,True,800,1000,,True,True,strict_complete_cells,paper_protocol_strict_feasible_subset
shuttle,2330,12,800,0.8,True,800,1000,,True,True,strict_complete_cells,paper_protocol_strict_feasible_subset
shuttle,2331,13,800,0.8,True,800,1000,,True,True,strict_complete_cells,paper_protocol_strict_feasible_subset
shuttle,2332,14,800,0.8,True,800,1000,,True,True,strict_complete_cells,paper_protocol_strict_feasible_subset
shuttle,2333,15,800,0.8,True,800,1000,,True,True,strict_complete_cells,paper_protocol_strict_feasible_subset
shuttle,2334,16,800,0.8,True,800,1000,,True,True,strict_complete_cells,paper_protocol_strict_feasible_subset
shuttle,2335,17,800,0.8,True,800,1000,,True,True,strict_complete_cells,paper_protocol_strict_feasible_subset
shuttle,2336,18,800,0.8,True,800,1000,,True,True,strict_complete_cells,paper_protocol_strict_feasible_subset
shuttle,2337,19,800,0.8,True,800,1000,,True,True,strict_complete_cells,paper_protocol_strict_feasible_subset
shuttle,2338,20,800,0.8,True,800,1000,,True,True,strict_complete_cells,paper_protocol_strict_feasible_subset
shuttle,2339,21,800,0.8,True,800,1000,,True,True,strict_complete_cells,paper_protocol_strict_feasible_subset
shuttle,2340,22,800,0.8,True,800,1000,,True,True,strict_complete_cells,paper_protocol_strict_feasible_subset
shuttle,2341,23,800,0.8,True,800,1000,,True,True,strict_complete_cells,paper_protocol_strict_feasible_subset
shuttle,2342,24,800,0.8,True,800,1000,,True,True,strict_complete_cells,paper_protocol_strict_feasible_subset
shuttle,2343,25,800,0.8,True,800,1000,,True,True,strict_complete_cells,paper_protocol_strict_feasible_subset
shuttle,2344,26,800,0.8,True,800,1000,,True,True,strict_complete_cells,paper_protocol_strict_feasible_subset
shuttle,2345,27,800,0.8,True,800,1000,,True,True,strict_complete_cells,paper_protocol_strict_feasible_subset
shuttle,2346,28,800,0.8,True,800,1000,,True,True,strict_complete_cells,paper_protocol_strict_feasible_subset
shuttle,2347,29,800,0.8,True,800,1000,,True,True,strict_complete_cells,paper_protocol_strict_feasible_subset
shuttle,2348,30,800,0.8,True,800,1000,,True,True,strict_complete_cells,paper_protocol_strict_feasible_subset
shuttle,2349,31,800,0.8,True,800,1000,,True,True,strict_complete_cells,paper_protocol_strict_feasible_subset
shuttle,2350,32,800,0.8,True,800,1000,,True,True,strict_complete_cells,paper_protocol_strict_feasible_subset
shuttle,2351,33,800,0.8,True,800,1000,,True,True,strict_complete_cells,paper_protocol_strict_feasible_subset
shuttle,2352,34,800,0.8,True,800,1000,,True,True,strict_complete_cells,paper_protocol_strict_feasible_subset
shuttle,2353,35,800,0.8,True,800,1000,,True,True,strict_complete_cells,paper_protocol_strict_feasible_subset
shuttle,2354,36,800,0.8,True,800,1000,,True,True,strict_complete_cells,paper_protocol_strict_feasible_subset
shuttle,2355,37,800,0.8,True,800,1000,,True,True,strict_complete_cells,paper_protocol_strict_feasible_subset
shuttle,2356,38,800,0.8,True,800,1000,,True,True,strict_complete_cells,paper_protocol_strict_feasible_subset
shuttle,2357,39,800,0.8,True,800,1000,,True,True,strict_complete_cells,paper_protocol_strict_feasible_subset
shuttle,2358,40,800,0.8,True,800,1000,,True,True,strict_complete_cells,paper_protocol_strict_feasible_subset
shuttle,2359,41,800,0.8,True,800,1000,,True,True,strict_complete_cells,paper_protocol_strict_feasible_subset
shuttle,2360,42,800,0.8,True,800,1000,,True,True,strict_complete_cells,paper_protocol_strict_feasible_subset
shuttle,2361,43,800,0.8,True,800,1000,,True,True,strict_complete_cells,paper_protocol_strict_feasible_subset
shuttle,2362,44,800,0.8,True,800,1000,,True,True,strict_complete_cells,paper_protocol_strict_feasible_subset
shuttle,2363,45,800,0.8,True,800,1000,,True,True,strict_complete_cells,paper_protocol_strict_feasible_subset
shuttle,2364,46,800,0.8,True,800,1000,,True,True,strict_complete_cells,paper_protocol_strict_feasible_subset
shuttle,2365,47,800,0.8,True,800,1000,,True,True,strict_complete_cells,paper_protocol_strict_feasible_subset
shuttle,2366,48,800,0.8,True,800,1000,,True,True,strict_complete_cells,paper_protocol_strict_feasible_subset
shuttle,2367,49,800,0.8,True,800,1000,,True,True,strict_complete_cells,paper_protocol_strict_feasible_subset
shuttle,2368,50,800,0.8,True,800,1000,,True,True,strict_complete_cells,paper_protocol_strict_feasible_subset
shuttle,2369,51,800,0.8,True,800,1000,,True,True,strict_complete_cells,paper_protocol_strict_feasible_subset
shuttle,2370,52,800,0.8,True,800,1000,,True,True,strict_complete_cells,paper_protocol_strict_feasible_subset
shuttle,2371,53,800,0.8,True,800,1000,,True,True,strict_complete_cells,paper_protocol_strict_feasible_subset
shuttle,2372,54,800,0.8,True,800,1000,,True,True,strict_complete_cells,paper_protocol_strict_feasible_subset
shuttle,2373,55,800,0.8,True,800,1000,,True,True,strict_complete_cells,paper_protocol_strict_feasible_subset
shuttle,2374,56,800,0.8,True,800,1000,,True,True,strict_complete_cells,paper_protocol_strict_feasible_subset
shuttle,2375,57,800,0.8,True,800,1000,,True,True,strict_complete_cells,paper_protocol_strict_feasible_subset
shuttle,2376,58,800,0.8,True,800,1000,,True,True,strict_complete_cells,paper_protocol_strict_feasible_subset
shuttle,2377,59,800,0.8,True,800,1000,,True,True,strict_complete_cells,paper_protocol_strict_feasible_subset
shuttle,2378,60,800,0.8,True,800,1000,,True,True,strict_complete_cells,paper_protocol_strict_feasible_subset
shuttle,2379,61,800,0.8,True,800,1000,,True,True,strict_complete_cells,paper_protocol_strict_feasible_subset
shuttle,2380,62,800,0.8,True,800,1000,,True,True,strict_complete_cells,paper_protocol_strict_feasible_subset
shuttle,2381,63,800,0.8,True,800,1000,,True,True,strict_complete_cells,paper_protocol_strict_feasible_subset
shuttle,2382,64,800,0.8,True,800,1000,,True,True,strict_complete_cells,paper_protocol_strict_feasible_subset
shuttle,2383,65,800,0.8,True,800,1000,,True,True,strict_complete_cells,paper_protocol_strict_feasible_subset
shuttle,2384,66,800,0.8,True,800,1000,,True,True,strict_complete_cells,paper_protocol_strict_feasible_subset
shuttle,2385,67,800,0.8,True,800,1000,,True,True,strict_complete_cells,paper_protocol_strict_feasible_subset
shuttle,2386,68,800,0.8,True,800,1000,,True,True,strict_complete_cells,paper_protocol_strict_feasible_subset
shuttle,2387,69,800,0.8,True,800,1000,,True,True,strict_complete_cells,paper_protocol_strict_feasible_subset
shuttle,2388,70,800,0.8,True,800,1000,,True,True,strict_complete_cells,paper_protocol_strict_feasible_subset
shuttle,2389,71,800,0.8,True,800,1000,,True,True,strict_complete_cells,paper_protocol_strict_feasible_subset
shuttle,2390,72,800,0.8,True,800,1000,,True,True,strict_complete_cells,paper_protocol_strict_feasible_subset
shuttle,2391,73,800,0.8,True,800,1000,,True,True,strict_complete_cells,paper_protocol_strict_feasible_subset
shuttle,2392,74,800,0.8,True,800,1000,,True,True,strict_complete_cells,paper_protocol_strict_feasible_subset
shuttle,2393,75,800,0.8,True,800,1000,,True,True,strict_complete_cells,paper_protocol_strict_feasible_subset
shuttle,2394,76,800,0.8,True,800,1000,,True,True,strict_complete_cells,paper_protocol_strict_feasible_subset
shuttle,2395,77,800,0.8,True,800,1000,,True,True,strict_complete_cells,paper_protocol_strict_feasible_subset
shuttle,2396,78,800,0.8,True,800,1000,,True,True,strict_complete_cells,paper_protocol_strict_feasible_subset
shuttle,2397,79,800,0.8,True,800,1000,,True,True,strict_complete_cells,paper_protocol_strict_feasible_subset
shuttle,2398,80,800,0.8,True,800,1000,,True,True,strict_complete_cells,paper_protocol_strict_feasible_subset
shuttle,2399,81,800,0.8,True,800,1000,,True,True,strict_complete_cells,paper_protocol_strict_feasible_subset
shuttle,2400,82,800,0.8,True,800,1000,,True,True,strict_complete_cells,paper_protocol_strict_feasible_subset
shuttle,2401,83,800,0.8,True,800,1000,,True,True,strict_complete_cells,paper_protocol_strict_feasible_subset
shuttle,2402,84,800,0.8,True,800,1000,,True,True,strict_complete_cells,paper_protocol_strict_feasible_subset
shuttle,2403,85,800,0.8,True,800,1000,,True,True,strict_complete_cells,paper_protocol_strict_feasible_subset
shuttle,2404,86,800,0.8,True,800,1000,,True,True,strict_complete_cells,paper_protocol_strict_feasible_subset
shuttle,2405,87,800,0.8,True,800,1000,,True,True,strict_complete_cells,paper_protocol_strict_feasible_subset
shuttle,2406,88,800,0.8,True,800,1000,,True,True,strict_complete_cells,paper_protocol_strict_feasible_subset
shuttle,2407,89,800,0.8,True,800,1000,,True,True,strict_complete_cells,paper_protocol_strict_feasible_subset
shuttle,2408,90,800,0.8,True,800,1000,,True,True,strict_complete_cells,paper_protocol_strict_feasible_subset
shuttle,2409,91,800,0.8,True,800,1000,,True,True,strict_complete_cells,paper_protocol_strict_feasible_subset
shuttle,2410,92,800,0.8,True,800,1000,,True,True,strict_complete_cells,paper_protocol_strict_feasible_subset
shuttle,2411,93,800,0.8,True,800,1000,,True,True,strict_complete_cells,paper_protocol_strict_feasible_subset
shuttle,2412,94,800,0.8,True,800,1000,,True,True,strict_complete_cells,paper_protocol_strict_feasible_subset
shuttle,2413,95,800,0.8,True,800,1000,,True,True,strict_complete_cells,paper_protocol_strict_feasible_subset
shuttle,2414,96,800,0.8,True,800,1000,,True,True,strict_complete_cells,paper_protocol_strict_feasible_subset
shuttle,2415,97,800,0.8,True,800,1000,,True,True,strict_complete_cells,paper_protocol_strict_feasible_subset
shuttle,2416,98,800,0.8,True,800,1000,,True,True,strict_complete_cells,paper_protocol_strict_feasible_subset
shuttle,2417,99,800,0.8,True,800,1000,,True,True,strict_complete_cells,paper_protocol_strict_feasible_subset
shuttle,2418,0,1600,0.2,False,1600,832,holdout_pool,False,False,strict_complete_cells,paper_protocol_strict_feasible_subset
shuttle,2419,1,1600,0.2,False,1600,844,holdout_pool,False,False,strict_complete_cells,paper_protocol_strict_feasible_subset
shuttle,2420,2,1600,0.2,False,1600,852,holdout_pool,False,False,strict_complete_cells,paper_protocol_strict_feasible_subset
shuttle,2421,3,1600,0.2,False,1600,858,holdout_pool,False,False,strict_complete_cells,paper_protocol_strict_feasible_subset
shuttle,2422,4,1600,0.2,False,1600,883,holdout_pool,False,False,strict_complete_cells,paper_protocol_strict_feasible_subset
shuttle,2423,5,1600,0.2,False,1600,830,holdout_pool,False,False,strict_complete_cells,paper_protocol_strict_feasible_subset
shuttle,2424,6,1600,0.2,False,1600,839,holdout_pool,False,False,strict_complete_cells,paper_protocol_strict_feasible_subset
shuttle,2425,7,1600,0.2,False,1600,851,holdout_pool,False,False,strict_complete_cells,paper_protocol_strict_feasible_subset
shuttle,2426,8,1600,0.2,False,1600,819,holdout_pool,False,False,strict_complete_cells,paper_protocol_strict_feasible_subset
shuttle,2427,9,1600,0.2,False,1600,861,holdout_pool,False,False,strict_complete_cells,paper_protocol_strict_feasible_subset
shuttle,2428,10,1600,0.2,False,1600,836,holdout_pool,False,False,strict_complete_cells,paper_protocol_strict_feasible_subset
shuttle,2429,11,1600,0.2,False,1600,830,holdout_pool,False,False,strict_complete_cells,paper_protocol_strict_feasible_subset
shuttle,2430,12,1600,0.2,False,1600,887,holdout_pool,False,False,strict_complete_cells,paper_protocol_strict_feasible_subset
shuttle,2431,13,1600,0.2,False,1600,886,holdout_pool,False,False,strict_complete_cells,paper_protocol_strict_feasible_subset
shuttle,2432,14,1600,0.2,False,1600,818,holdout_pool,False,False,strict_complete_cells,paper_protocol_strict_feasible_subset
shuttle,2433,15,1600,0.2,False,1600,851,holdout_pool,False,False,strict_complete_cells,paper_protocol_strict_feasible_subset
shuttle,2434,16,1600,0.2,False,1600,814,holdout_pool,False,False,strict_complete_cells,paper_protocol_strict_feasible_subset
shuttle,2435,17,1600,0.2,False,1600,800,holdout_pool,False,False,strict_complete_cells,paper_protocol_strict_feasible_subset
shuttle,2436,18,1600,0.2,False,1600,827,holdout_pool,False,False,strict_complete_cells,paper_protocol_strict_feasible_subset
shuttle,2437,19,1600,0.2,False,1600,798,holdout_pool,False,False,strict_complete_cells,paper_protocol_strict_feasible_subset
shuttle,2438,20,1600,0.2,False,1600,846,holdout_pool,False,False,strict_complete_cells,paper_protocol_strict_feasible_subset
shuttle,2439,21,1600,0.2,False,1600,853,holdout_pool,False,False,strict_complete_cells,paper_protocol_strict_feasible_subset
shuttle,2440,22,1600,0.2,False,1600,893,holdout_pool,False,False,strict_complete_cells,paper_protocol_strict_feasible_subset
shuttle,2441,23,1600,0.2,False,1600,856,holdout_pool,False,False,strict_complete_cells,paper_protocol_strict_feasible_subset
shuttle,2442,24,1600,0.2,False,1600,837,holdout_pool,False,False,strict_complete_cells,paper_protocol_strict_feasible_subset
shuttle,2443,25,1600,0.2,False,1600,856,holdout_pool,False,False,strict_complete_cells,paper_protocol_strict_feasible_subset
shuttle,2444,26,1600,0.2,False,1600,852,holdout_pool,False,False,strict_complete_cells,paper_protocol_strict_feasible_subset
shuttle,2445,27,1600,0.2,False,1600,818,holdout_pool,False,False,strict_complete_cells,paper_protocol_strict_feasible_subset
shuttle,2446,28,1600,0.2,False,1600,882,holdout_pool,False,False,strict_complete_cells,paper_protocol_strict_feasible_subset
shuttle,2447,29,1600,0.2,False,1600,844,holdout_pool,False,False,strict_complete_cells,paper_protocol_strict_feasible_subset
shuttle,2448,30,1600,0.2,False,1600,870,holdout_pool,False,False,strict_complete_cells,paper_protocol_strict_feasible_subset
shuttle,2449,31,1600,0.2,False,1600,841,holdout_pool,False,False,strict_complete_cells,paper_protocol_strict_feasible_subset
shuttle,2450,32,1600,0.2,False,1600,853,holdout_pool,False,False,strict_complete_cells,paper_protocol_strict_feasible_subset
shuttle,2451,33,1600,0.2,False,1600,826,holdout_pool,False,False,strict_complete_cells,paper_protocol_strict_feasible_subset
shuttle,2452,34,1600,0.2,False,1600,858,holdout_pool,False,False,strict_complete_cells,paper_protocol_strict_feasible_subset
shuttle,2453,35,1600,0.2,False,1600,838,holdout_pool,False,False,strict_complete_cells,paper_protocol_strict_feasible_subset
shuttle,2454,36,1600,0.2,False,1600,802,holdout_pool,False,False,strict_complete_cells,paper_protocol_strict_feasible_subset
shuttle,2455,37,1600,0.2,False,1600,836,holdout_pool,False,False,strict_complete_cells,paper_protocol_strict_feasible_subset
shuttle,2456,38,1600,0.2,False,1600,840,holdout_pool,False,False,strict_complete_cells,paper_protocol_strict_feasible_subset
shuttle,2457,39,1600,0.2,False,1600,846,holdout_pool,False,False,strict_complete_cells,paper_protocol_strict_feasible_subset
shuttle,2458,40,1600,0.2,False,1600,835,holdout_pool,False,False,strict_complete_cells,paper_protocol_strict_feasible_subset
shuttle,2459,41,1600,0.2,False,1600,864,holdout_pool,False,False,strict_complete_cells,paper_protocol_strict_feasible_subset
shuttle,2460,42,1600,0.2,False,1600,830,holdout_pool,False,False,strict_complete_cells,paper_protocol_strict_feasible_subset
shuttle,2461,43,1600,0.2,False,1600,808,holdout_pool,False,False,strict_complete_cells,paper_protocol_strict_feasible_subset
shuttle,2462,44,1600,0.2,False,1600,840,holdout_pool,False,False,strict_complete_cells,paper_protocol_strict_feasible_subset
shuttle,2463,45,1600,0.2,False,1600,821,holdout_pool,False,False,strict_complete_cells,paper_protocol_strict_feasible_subset
shuttle,2464,46,1600,0.2,False,1600,827,holdout_pool,False,False,strict_complete_cells,paper_protocol_strict_feasible_subset
shuttle,2465,47,1600,0.2,False,1600,847,holdout_pool,False,False,strict_complete_cells,paper_protocol_strict_feasible_subset
shuttle,2466,48,1600,0.2,False,1600,840,holdout_pool,False,False,strict_complete_cells,paper_protocol_strict_feasible_subset
shuttle,2467,49,1600,0.2,False,1600,850,holdout_pool,False,False,strict_complete_cells,paper_protocol_strict_feasible_subset
shuttle,2468,50,1600,0.2,False,1600,865,holdout_pool,False,False,strict_complete_cells,paper_protocol_strict_feasible_subset
shuttle,2469,51,1600,0.2,False,1600,812,holdout_pool,False,False,strict_complete_cells,paper_protocol_strict_feasible_subset
shuttle,2470,52,1600,0.2,False,1600,818,holdout_pool,False,False,strict_complete_cells,paper_protocol_strict_feasible_subset
shuttle,2471,53,1600,0.2,False,1600,854,holdout_pool,False,False,strict_complete_cells,paper_protocol_strict_feasible_subset
shuttle,2472,54,1600,0.2,False,1600,870,holdout_pool,False,False,strict_complete_cells,paper_protocol_strict_feasible_subset
shuttle,2473,55,1600,0.2,False,1600,899,holdout_pool,False,False,strict_complete_cells,paper_protocol_strict_feasible_subset
shuttle,2474,56,1600,0.2,False,1600,824,holdout_pool,False,False,strict_complete_cells,paper_protocol_strict_feasible_subset
shuttle,2475,57,1600,0.2,False,1600,841,holdout_pool,False,False,strict_complete_cells,paper_protocol_strict_feasible_subset
shuttle,2476,58,1600,0.2,False,1600,805,holdout_pool,False,False,strict_complete_cells,paper_protocol_strict_feasible_subset
shuttle,2477,59,1600,0.2,False,1600,804,holdout_pool,False,False,strict_complete_cells,paper_protocol_strict_feasible_subset
shuttle,2478,60,1600,0.2,False,1600,846,holdout_pool,False,False,strict_complete_cells,paper_protocol_strict_feasible_subset
shuttle,2479,61,1600,0.2,False,1600,836,holdout_pool,False,False,strict_complete_cells,paper_protocol_strict_feasible_subset
shuttle,2480,62,1600,0.2,False,1600,834,holdout_pool,False,False,strict_complete_cells,paper_protocol_strict_feasible_subset
shuttle,2481,63,1600,0.2,False,1600,856,holdout_pool,False,False,strict_complete_cells,paper_protocol_strict_feasible_subset
shuttle,2482,64,1600,0.2,False,1600,838,holdout_pool,False,False,strict_complete_cells,paper_protocol_strict_feasible_subset
shuttle,2483,65,1600,0.2,False,1600,829,holdout_pool,False,False,strict_complete_cells,paper_protocol_strict_feasible_subset
shuttle,2484,66,1600,0.2,False,1600,839,holdout_pool,False,False,strict_complete_cells,paper_protocol_strict_feasible_subset
shuttle,2485,67,1600,0.2,False,1600,883,holdout_pool,False,False,strict_complete_cells,paper_protocol_strict_feasible_subset
shuttle,2486,68,1600,0.2,False,1600,859,holdout_pool,False,False,strict_complete_cells,paper_protocol_strict_feasible_subset
shuttle,2487,69,1600,0.2,False,1600,832,holdout_pool,False,False,strict_complete_cells,paper_protocol_strict_feasible_subset
shuttle,2488,70,1600,0.2,False,1600,831,holdout_pool,False,False,strict_complete_cells,paper_protocol_strict_feasible_subset
shuttle,2489,71,1600,0.2,False,1600,802,holdout_pool,False,False,strict_complete_cells,paper_protocol_strict_feasible_subset
shuttle,2490,72,1600,0.2,False,1600,874,holdout_pool,False,False,strict_complete_cells,paper_protocol_strict_feasible_subset
shuttle,2491,73,1600,0.2,False,1600,856,holdout_pool,False,False,strict_complete_cells,paper_protocol_strict_feasible_subset
shuttle,2492,74,1600,0.2,False,1600,875,holdout_pool,False,False,strict_complete_cells,paper_protocol_strict_feasible_subset
shuttle,2493,75,1600,0.2,False,1600,832,holdout_pool,False,False,strict_complete_cells,paper_protocol_strict_feasible_subset
shuttle,2494,76,1600,0.2,False,1600,830,holdout_pool,False,False,strict_complete_cells,paper_protocol_strict_feasible_subset
shuttle,2495,77,1600,0.2,False,1600,856,holdout_pool,False,False,strict_complete_cells,paper_protocol_strict_feasible_subset
shuttle,2496,78,1600,0.2,False,1600,820,holdout_pool,False,False,strict_complete_cells,paper_protocol_strict_feasible_subset
shuttle,2497,79,1600,0.2,False,1600,828,holdout_pool,False,False,strict_complete_cells,paper_protocol_strict_feasible_subset
shuttle,2498,80,1600,0.2,False,1600,841,holdout_pool,False,False,strict_complete_cells,paper_protocol_strict_feasible_subset
shuttle,2499,81,1600,0.2,False,1600,866,holdout_pool,False,False,strict_complete_cells,paper_protocol_strict_feasible_subset
shuttle,2500,82,1600,0.2,False,1600,810,holdout_pool,False,False,strict_complete_cells,paper_protocol_strict_feasible_subset
shuttle,2501,83,1600,0.2,False,1600,809,holdout_pool,False,False,strict_complete_cells,paper_protocol_strict_feasible_subset
shuttle,2502,84,1600,0.2,False,1600,852,holdout_pool,False,False,strict_complete_cells,paper_protocol_strict_feasible_subset
shuttle,2503,85,1600,0.2,False,1600,847,holdout_pool,False,False,strict_complete_cells,paper_protocol_strict_feasible_subset
shuttle,2504,86,1600,0.2,False,1600,809,holdout_pool,False,False,strict_complete_cells,paper_protocol_strict_feasible_subset
shuttle,2505,87,1600,0.2,False,1600,817,holdout_pool,False,False,strict_complete_cells,paper_protocol_strict_feasible_subset
shuttle,2506,88,1600,0.2,False,1600,871,holdout_pool,False,False,strict_complete_cells,paper_protocol_strict_feasible_subset
shuttle,2507,89,1600,0.2,False,1600,874,holdout_pool,False,False,strict_complete_cells,paper_protocol_strict_feasible_subset
shuttle,2508,90,1600,0.2,False,1600,853,holdout_pool,False,False,strict_complete_cells,paper_protocol_strict_feasible_subset
shuttle,2509,91,1600,0.2,False,1600,825,holdout_pool,False,False,strict_complete_cells,paper_protocol_strict_feasible_subset
shuttle,2510,92,1600,0.2,False,1600,842,holdout_pool,False,False,strict_complete_cells,paper_protocol_strict_feasible_subset
shuttle,2511,93,1600,0.2,False,1600,869,holdout_pool,False,False,strict_complete_cells,paper_protocol_strict_feasible_subset
shuttle,2512,94,1600,0.2,False,1600,818,holdout_pool,False,False,strict_complete_cells,paper_protocol_strict_feasible_subset
shuttle,2513,95,1600,0.2,False,1600,860,holdout_pool,False,False,strict_complete_cells,paper_protocol_strict_feasible_subset
shuttle,2514,96,1600,0.2,False,1600,838,holdout_pool,False,False,strict_complete_cells,paper_protocol_strict_feasible_subset
shuttle,2515,97,1600,0.2,False,1600,864,holdout_pool,False,False,strict_complete_cells,paper_protocol_strict_feasible_subset
shuttle,2516,98,1600,0.2,False,1600,879,holdout_pool,False,False,strict_complete_cells,paper_protocol_strict_feasible_subset
shuttle,2517,99,1600,0.2,False,1600,808,holdout_pool,False,False,strict_complete_cells,paper_protocol_strict_feasible_subset
shuttle,2518,0,1600,0.4,True,1600,1000,,False,False,strict_complete_cells,paper_protocol_strict_feasible_subset
shuttle,2519,1,1600,0.4,True,1600,1000,,False,False,strict_complete_cells,paper_protocol_strict_feasible_subset
shuttle,2520,2,1600,0.4,True,1600,1000,,False,False,strict_complete_cells,paper_protocol_strict_feasible_subset
shuttle,2521,3,1600,0.4,True,1600,1000,,False,False,strict_complete_cells,paper_protocol_strict_feasible_subset
shuttle,2522,4,1600,0.4,True,1600,1000,,False,False,strict_complete_cells,paper_protocol_strict_feasible_subset
shuttle,2523,5,1600,0.4,True,1600,1000,,False,False,strict_complete_cells,paper_protocol_strict_feasible_subset
shuttle,2524,6,1600,0.4,True,1600,1000,,False,False,strict_complete_cells,paper_protocol_strict_feasible_subset
shuttle,2525,7,1600,0.4,True,1600,1000,,False,False,strict_complete_cells,paper_protocol_strict_feasible_subset
shuttle,2526,8,1600,0.4,True,1600,1000,,False,False,strict_complete_cells,paper_protocol_strict_feasible_subset
shuttle,2527,9,1600,0.4,True,1600,1000,,False,False,strict_complete_cells,paper_protocol_strict_feasible_subset
shuttle,2528,10,1600,0.4,True,1600,1000,,False,False,strict_complete_cells,paper_protocol_strict_feasible_subset
shuttle,2529,11,1600,0.4,True,1600,1000,,False,False,strict_complete_cells,paper_protocol_strict_feasible_subset
shuttle,2530,12,1600,0.4,True,1600,1000,,False,False,strict_complete_cells,paper_protocol_strict_feasible_subset
shuttle,2531,13,1600,0.4,True,1600,1000,,False,False,strict_complete_cells,paper_protocol_strict_feasible_subset
shuttle,2532,14,1600,0.4,True,1600,1000,,False,False,strict_complete_cells,paper_protocol_strict_feasible_subset
shuttle,2533,15,1600,0.4,True,1600,1000,,False,False,strict_complete_cells,paper_protocol_strict_feasible_subset
shuttle,2534,16,1600,0.4,True,1600,1000,,False,False,strict_complete_cells,paper_protocol_strict_feasible_subset
shuttle,2535,17,1600,0.4,True,1600,1000,,False,False,strict_complete_cells,paper_protocol_strict_feasible_subset
shuttle,2536,18,1600,0.4,True,1600,1000,,False,False,strict_complete_cells,paper_protocol_strict_feasible_subset
shuttle,2537,19,1600,0.4,True,1600,1000,,False,False,strict_complete_cells,paper_protocol_strict_feasible_subset
shuttle,2538,20,1600,0.4,True,1600,1000,,False,False,strict_complete_cells,paper_protocol_strict_feasible_subset
shuttle,2539,21,1600,0.4,True,1600,1000,,False,False,strict_complete_cells,paper_protocol_strict_feasible_subset
shuttle,2540,22,1600,0.4,True,1600,1000,,False,False,strict_complete_cells,paper_protocol_strict_feasible_subset
shuttle,2541,23,1600,0.4,True,1600,1000,,False,False,strict_complete_cells,paper_protocol_strict_feasible_subset
shuttle,2542,24,1600,0.4,True,1600,1000,,False,False,strict_complete_cells,paper_protocol_strict_feasible_subset
shuttle,2543,25,1600,0.4,True,1600,1000,,False,False,strict_complete_cells,paper_protocol_strict_feasible_subset
shuttle,2544,26,1600,0.4,True,1600,1000,,False,False,strict_complete_cells,paper_protocol_strict_feasible_subset
shuttle,2545,27,1600,0.4,True,1600,1000,,False,False,strict_complete_cells,paper_protocol_strict_feasible_subset
shuttle,2546,28,1600,0.4,True,1600,1000,,False,False,strict_complete_cells,paper_protocol_strict_feasible_subset
shuttle,2547,29,1600,0.4,True,1600,1000,,False,False,strict_complete_cells,paper_protocol_strict_feasible_subset
shuttle,2548,30,1600,0.4,True,1600,1000,,False,False,strict_complete_cells,paper_protocol_strict_feasible_subset
shuttle,2549,31,1600,0.4,True,1600,1000,,False,False,strict_complete_cells,paper_protocol_strict_feasible_subset
shuttle,2550,32,1600,0.4,True,1600,1000,,False,False,strict_complete_cells,paper_protocol_strict_feasible_subset
shuttle,2551,33,1600,0.4,True,1600,1000,,False,False,strict_complete_cells,paper_protocol_strict_feasible_subset
shuttle,2552,34,1600,0.4,True,1600,1000,,False,False,strict_complete_cells,paper_protocol_strict_feasible_subset
shuttle,2553,35,1600,0.4,True,1600,1000,,False,False,strict_complete_cells,paper_protocol_strict_feasible_subset
shuttle,2554,36,1600,0.4,True,1600,1000,,False,False,strict_complete_cells,paper_protocol_strict_feasible_subset
shuttle,2555,37,1600,0.4,True,1600,1000,,False,False,strict_complete_cells,paper_protocol_strict_feasible_subset
shuttle,2556,38,1600,0.4,True,1600,1000,,False,False,strict_complete_cells,paper_protocol_strict_feasible_subset
shuttle,2557,39,1600,0.4,True,1600,1000,,False,False,strict_complete_cells,paper_protocol_strict_feasible_subset
shuttle,2558,40,1600,0.4,True,1600,1000,,False,False,strict_complete_cells,paper_protocol_strict_feasible_subset
shuttle,2559,41,1600,0.4,True,1600,1000,,False,False,strict_complete_cells,paper_protocol_strict_feasible_subset
shuttle,2560,42,1600,0.4,True,1600,1000,,False,False,strict_complete_cells,paper_protocol_strict_feasible_subset
shuttle,2561,43,1600,0.4,True,1600,1000,,False,False,strict_complete_cells,paper_protocol_strict_feasible_subset
shuttle,2562,44,1600,0.4,True,1600,1000,,False,False,strict_complete_cells,paper_protocol_strict_feasible_subset
shuttle,2563,45,1600,0.4,True,1600,1000,,False,False,strict_complete_cells,paper_protocol_strict_feasible_subset
shuttle,2564,46,1600,0.4,True,1600,1000,,False,False,strict_complete_cells,paper_protocol_strict_feasible_subset
shuttle,2565,47,1600,0.4,True,1600,1000,,False,False,strict_complete_cells,paper_protocol_strict_feasible_subset
shuttle,2566,48,1600,0.4,True,1600,1000,,False,False,strict_complete_cells,paper_protocol_strict_feasible_subset
shuttle,2567,49,1600,0.4,True,1600,1000,,False,False,strict_complete_cells,paper_protocol_strict_feasible_subset
shuttle,2568,50,1600,0.4,True,1600,1000,,False,False,strict_complete_cells,paper_protocol_strict_feasible_subset
shuttle,2569,51,1600,0.4,True,1600,1000,,False,False,strict_complete_cells,paper_protocol_strict_feasible_subset
shuttle,2570,52,1600,0.4,True,1600,1000,,False,False,strict_complete_cells,paper_protocol_strict_feasible_subset
shuttle,2571,53,1600,0.4,True,1600,1000,,False,False,strict_complete_cells,paper_protocol_strict_feasible_subset
shuttle,2572,54,1600,0.4,True,1600,1000,,False,False,strict_complete_cells,paper_protocol_strict_feasible_subset
shuttle,2573,55,1600,0.4,True,1600,1000,,False,False,strict_complete_cells,paper_protocol_strict_feasible_subset
shuttle,2574,56,1600,0.4,True,1600,1000,,False,False,strict_complete_cells,paper_protocol_strict_feasible_subset
shuttle,2575,57,1600,0.4,True,1600,1000,,False,False,strict_complete_cells,paper_protocol_strict_feasible_subset
shuttle,2576,58,1600,0.4,True,1600,1000,,False,False,strict_complete_cells,paper_protocol_strict_feasible_subset
shuttle,2577,59,1600,0.4,True,1600,1000,,False,False,strict_complete_cells,paper_protocol_strict_feasible_subset
shuttle,2578,60,1600,0.4,True,1600,1000,,False,False,strict_complete_cells,paper_protocol_strict_feasible_subset
shuttle,2579,61,1600,0.4,True,1600,1000,,False,False,strict_complete_cells,paper_protocol_strict_feasible_subset
shuttle,2580,62,1600,0.4,True,1600,1000,,False,False,strict_complete_cells,paper_protocol_strict_feasible_subset
shuttle,2581,63,1600,0.4,True,1600,1000,,False,False,strict_complete_cells,paper_protocol_strict_feasible_subset
shuttle,2582,64,1600,0.4,True,1600,1000,,False,False,strict_complete_cells,paper_protocol_strict_feasible_subset
shuttle,2583,65,1600,0.4,True,1600,1000,,False,False,strict_complete_cells,paper_protocol_strict_feasible_subset
shuttle,2584,66,1600,0.4,True,1600,1000,,False,False,strict_complete_cells,paper_protocol_strict_feasible_subset
shuttle,2585,67,1600,0.4,True,1600,1000,,False,False,strict_complete_cells,paper_protocol_strict_feasible_subset
shuttle,2586,68,1600,0.4,True,1600,1000,,False,False,strict_complete_cells,paper_protocol_strict_feasible_subset
shuttle,2587,69,1600,0.4,True,1600,1000,,False,False,strict_complete_cells,paper_protocol_strict_feasible_subset
shuttle,2588,70,1600,0.4,True,1600,1000,,False,False,strict_complete_cells,paper_protocol_strict_feasible_subset
shuttle,2589,71,1600,0.4,True,1600,1000,,False,False,strict_complete_cells,paper_protocol_strict_feasible_subset
shuttle,2590,72,1600,0.4,True,1600,1000,,False,False,strict_complete_cells,paper_protocol_strict_feasible_subset
shuttle,2591,73,1600,0.4,True,1600,1000,,False,False,strict_complete_cells,paper_protocol_strict_feasible_subset
shuttle,2592,74,1600,0.4,False,1600,984,holdout_pool,False,False,strict_complete_cells,paper_protocol_strict_feasible_subset
shuttle,2593,75,1600,0.4,True,1600,1000,,False,False,strict_complete_cells,paper_protocol_strict_feasible_subset
shuttle,2594,76,1600,0.4,True,1600,1000,,False,False,strict_complete_cells,paper_protocol_strict_feasible_subset
shuttle,2595,77,1600,0.4,True,1600,1000,,False,False,strict_complete_cells,paper_protocol_strict_feasible_subset
shuttle,2596,78,1600,0.4,True,1600,1000,,False,False,strict_complete_cells,paper_protocol_strict_feasible_subset
shuttle,2597,79,1600,0.4,True,1600,1000,,False,False,strict_complete_cells,paper_protocol_strict_feasible_subset
shuttle,2598,80,1600,0.4,True,1600,1000,,False,False,strict_complete_cells,paper_protocol_strict_feasible_subset
shuttle,2599,81,1600,0.4,True,1600,1000,,False,False,strict_complete_cells,paper_protocol_strict_feasible_subset
shuttle,2600,82,1600,0.4,True,1600,1000,,False,False,strict_complete_cells,paper_protocol_strict_feasible_subset
shuttle,2601,83,1600,0.4,True,1600,1000,,False,False,strict_complete_cells,paper_protocol_strict_feasible_subset
shuttle,2602,84,1600,0.4,True,1600,1000,,False,False,strict_complete_cells,paper_protocol_strict_feasible_subset
shuttle,2603,85,1600,0.4,True,1600,1000,,False,False,strict_complete_cells,paper_protocol_strict_feasible_subset
shuttle,2604,86,1600,0.4,True,1600,1000,,False,False,strict_complete_cells,paper_protocol_strict_feasible_subset
shuttle,2605,87,1600,0.4,True,1600,1000,,False,False,strict_complete_cells,paper_protocol_strict_feasible_subset
shuttle,2606,88,1600,0.4,True,1600,1000,,False,False,strict_complete_cells,paper_protocol_strict_feasible_subset
shuttle,2607,89,1600,0.4,True,1600,1000,,False,False,strict_complete_cells,paper_protocol_strict_feasible_subset
shuttle,2608,90,1600,0.4,True,1600,1000,,False,False,strict_complete_cells,paper_protocol_strict_feasible_subset
shuttle,2609,91,1600,0.4,True,1600,1000,,False,False,strict_complete_cells,paper_protocol_strict_feasible_subset
shuttle,2610,92,1600,0.4,True,1600,1000,,False,False,strict_complete_cells,paper_protocol_strict_feasible_subset
shuttle,2611,93,1600,0.4,True,1600,1000,,False,False,strict_complete_cells,paper_protocol_strict_feasible_subset
shuttle,2612,94,1600,0.4,True,1600,1000,,False,False,strict_complete_cells,paper_protocol_strict_feasible_subset
shuttle,2613,95,1600,0.4,True,1600,1000,,False,False,strict_complete_cells,paper_protocol_strict_feasible_subset
shuttle,2614,96,1600,0.4,True,1600,1000,,False,False,strict_complete_cells,paper_protocol_strict_feasible_subset
shuttle,2615,97,1600,0.4,True,1600,1000,,False,False,strict_complete_cells,paper_protocol_strict_feasible_subset
shuttle,2616,98,1600,0.4,True,1600,1000,,False,False,strict_complete_cells,paper_protocol_strict_feasible_subset
shuttle,2617,99,1600,0.4,True,1600,1000,,False,False,strict_complete_cells,paper_protocol_strict_feasible_subset
shuttle,2618,0,1600,0.6,True,1600,1000,,True,True,strict_complete_cells,paper_protocol_strict_feasible_subset
shuttle,2619,1,1600,0.6,True,1600,1000,,True,True,strict_complete_cells,paper_protocol_strict_feasible_subset
shuttle,2620,2,1600,0.6,True,1600,1000,,True,True,strict_complete_cells,paper_protocol_strict_feasible_subset
shuttle,2621,3,1600,0.6,True,1600,1000,,True,True,strict_complete_cells,paper_protocol_strict_feasible_subset
shuttle,2622,4,1600,0.6,True,1600,1000,,True,True,strict_complete_cells,paper_protocol_strict_feasible_subset
shuttle,2623,5,1600,0.6,True,1600,1000,,True,True,strict_complete_cells,paper_protocol_strict_feasible_subset
shuttle,2624,6,1600,0.6,True,1600,1000,,True,True,strict_complete_cells,paper_protocol_strict_feasible_subset
shuttle,2625,7,1600,0.6,True,1600,1000,,True,True,strict_complete_cells,paper_protocol_strict_feasible_subset
shuttle,2626,8,1600,0.6,True,1600,1000,,True,True,strict_complete_cells,paper_protocol_strict_feasible_subset
shuttle,2627,9,1600,0.6,True,1600,1000,,True,True,strict_complete_cells,paper_protocol_strict_feasible_subset
shuttle,2628,10,1600,0.6,True,1600,1000,,True,True,strict_complete_cells,paper_protocol_strict_feasible_subset
shuttle,2629,11,1600,0.6,True,1600,1000,,True,True,strict_complete_cells,paper_protocol_strict_feasible_subset
shuttle,2630,12,1600,0.6,True,1600,1000,,True,True,strict_complete_cells,paper_protocol_strict_feasible_subset
shuttle,2631,13,1600,0.6,True,1600,1000,,True,True,strict_complete_cells,paper_protocol_strict_feasible_subset
shuttle,2632,14,1600,0.6,True,1600,1000,,True,True,strict_complete_cells,paper_protocol_strict_feasible_subset
shuttle,2633,15,1600,0.6,True,1600,1000,,True,True,strict_complete_cells,paper_protocol_strict_feasible_subset
shuttle,2634,16,1600,0.6,True,1600,1000,,True,True,strict_complete_cells,paper_protocol_strict_feasible_subset
shuttle,2635,17,1600,0.6,True,1600,1000,,True,True,strict_complete_cells,paper_protocol_strict_feasible_subset
shuttle,2636,18,1600,0.6,True,1600,1000,,True,True,strict_complete_cells,paper_protocol_strict_feasible_subset
shuttle,2637,19,1600,0.6,True,1600,1000,,True,True,strict_complete_cells,paper_protocol_strict_feasible_subset
shuttle,2638,20,1600,0.6,True,1600,1000,,True,True,strict_complete_cells,paper_protocol_strict_feasible_subset
shuttle,2639,21,1600,0.6,True,1600,1000,,True,True,strict_complete_cells,paper_protocol_strict_feasible_subset
shuttle,2640,22,1600,0.6,True,1600,1000,,True,True,strict_complete_cells,paper_protocol_strict_feasible_subset
shuttle,2641,23,1600,0.6,True,1600,1000,,True,True,strict_complete_cells,paper_protocol_strict_feasible_subset
shuttle,2642,24,1600,0.6,True,1600,1000,,True,True,strict_complete_cells,paper_protocol_strict_feasible_subset
shuttle,2643,25,1600,0.6,True,1600,1000,,True,True,strict_complete_cells,paper_protocol_strict_feasible_subset
shuttle,2644,26,1600,0.6,True,1600,1000,,True,True,strict_complete_cells,paper_protocol_strict_feasible_subset
shuttle,2645,27,1600,0.6,True,1600,1000,,True,True,strict_complete_cells,paper_protocol_strict_feasible_subset
shuttle,2646,28,1600,0.6,True,1600,1000,,True,True,strict_complete_cells,paper_protocol_strict_feasible_subset
shuttle,2647,29,1600,0.6,True,1600,1000,,True,True,strict_complete_cells,paper_protocol_strict_feasible_subset
shuttle,2648,30,1600,0.6,True,1600,1000,,True,True,strict_complete_cells,paper_protocol_strict_feasible_subset
shuttle,2649,31,1600,0.6,True,1600,1000,,True,True,strict_complete_cells,paper_protocol_strict_feasible_subset
shuttle,2650,32,1600,0.6,True,1600,1000,,True,True,strict_complete_cells,paper_protocol_strict_feasible_subset
shuttle,2651,33,1600,0.6,True,1600,1000,,True,True,strict_complete_cells,paper_protocol_strict_feasible_subset
shuttle,2652,34,1600,0.6,True,1600,1000,,True,True,strict_complete_cells,paper_protocol_strict_feasible_subset
shuttle,2653,35,1600,0.6,True,1600,1000,,True,True,strict_complete_cells,paper_protocol_strict_feasible_subset
shuttle,2654,36,1600,0.6,True,1600,1000,,True,True,strict_complete_cells,paper_protocol_strict_feasible_subset
shuttle,2655,37,1600,0.6,True,1600,1000,,True,True,strict_complete_cells,paper_protocol_strict_feasible_subset
shuttle,2656,38,1600,0.6,True,1600,1000,,True,True,strict_complete_cells,paper_protocol_strict_feasible_subset
shuttle,2657,39,1600,0.6,True,1600,1000,,True,True,strict_complete_cells,paper_protocol_strict_feasible_subset
shuttle,2658,40,1600,0.6,True,1600,1000,,True,True,strict_complete_cells,paper_protocol_strict_feasible_subset
shuttle,2659,41,1600,0.6,True,1600,1000,,True,True,strict_complete_cells,paper_protocol_strict_feasible_subset
shuttle,2660,42,1600,0.6,True,1600,1000,,True,True,strict_complete_cells,paper_protocol_strict_feasible_subset
shuttle,2661,43,1600,0.6,True,1600,1000,,True,True,strict_complete_cells,paper_protocol_strict_feasible_subset
shuttle,2662,44,1600,0.6,True,1600,1000,,True,True,strict_complete_cells,paper_protocol_strict_feasible_subset
shuttle,2663,45,1600,0.6,True,1600,1000,,True,True,strict_complete_cells,paper_protocol_strict_feasible_subset
shuttle,2664,46,1600,0.6,True,1600,1000,,True,True,strict_complete_cells,paper_protocol_strict_feasible_subset
shuttle,2665,47,1600,0.6,True,1600,1000,,True,True,strict_complete_cells,paper_protocol_strict_feasible_subset
shuttle,2666,48,1600,0.6,True,1600,1000,,True,True,strict_complete_cells,paper_protocol_strict_feasible_subset
shuttle,2667,49,1600,0.6,True,1600,1000,,True,True,strict_complete_cells,paper_protocol_strict_feasible_subset
shuttle,2668,50,1600,0.6,True,1600,1000,,True,True,strict_complete_cells,paper_protocol_strict_feasible_subset
shuttle,2669,51,1600,0.6,True,1600,1000,,True,True,strict_complete_cells,paper_protocol_strict_feasible_subset
shuttle,2670,52,1600,0.6,True,1600,1000,,True,True,strict_complete_cells,paper_protocol_strict_feasible_subset
shuttle,2671,53,1600,0.6,True,1600,1000,,True,True,strict_complete_cells,paper_protocol_strict_feasible_subset
shuttle,2672,54,1600,0.6,True,1600,1000,,True,True,strict_complete_cells,paper_protocol_strict_feasible_subset
shuttle,2673,55,1600,0.6,True,1600,1000,,True,True,strict_complete_cells,paper_protocol_strict_feasible_subset
shuttle,2674,56,1600,0.6,True,1600,1000,,True,True,strict_complete_cells,paper_protocol_strict_feasible_subset
shuttle,2675,57,1600,0.6,True,1600,1000,,True,True,strict_complete_cells,paper_protocol_strict_feasible_subset
shuttle,2676,58,1600,0.6,True,1600,1000,,True,True,strict_complete_cells,paper_protocol_strict_feasible_subset
shuttle,2677,59,1600,0.6,True,1600,1000,,True,True,strict_complete_cells,paper_protocol_strict_feasible_subset
shuttle,2678,60,1600,0.6,True,1600,1000,,True,True,strict_complete_cells,paper_protocol_strict_feasible_subset
shuttle,2679,61,1600,0.6,True,1600,1000,,True,True,strict_complete_cells,paper_protocol_strict_feasible_subset
shuttle,2680,62,1600,0.6,True,1600,1000,,True,True,strict_complete_cells,paper_protocol_strict_feasible_subset
shuttle,2681,63,1600,0.6,True,1600,1000,,True,True,strict_complete_cells,paper_protocol_strict_feasible_subset
shuttle,2682,64,1600,0.6,True,1600,1000,,True,True,strict_complete_cells,paper_protocol_strict_feasible_subset
shuttle,2683,65,1600,0.6,True,1600,1000,,True,True,strict_complete_cells,paper_protocol_strict_feasible_subset
shuttle,2684,66,1600,0.6,True,1600,1000,,True,True,strict_complete_cells,paper_protocol_strict_feasible_subset
shuttle,2685,67,1600,0.6,True,1600,1000,,True,True,strict_complete_cells,paper_protocol_strict_feasible_subset
shuttle,2686,68,1600,0.6,True,1600,1000,,True,True,strict_complete_cells,paper_protocol_strict_feasible_subset
shuttle,2687,69,1600,0.6,True,1600,1000,,True,True,strict_complete_cells,paper_protocol_strict_feasible_subset
shuttle,2688,70,1600,0.6,True,1600,1000,,True,True,strict_complete_cells,paper_protocol_strict_feasible_subset
shuttle,2689,71,1600,0.6,True,1600,1000,,True,True,strict_complete_cells,paper_protocol_strict_feasible_subset
shuttle,2690,72,1600,0.6,True,1600,1000,,True,True,strict_complete_cells,paper_protocol_strict_feasible_subset
shuttle,2691,73,1600,0.6,True,1600,1000,,True,True,strict_complete_cells,paper_protocol_strict_feasible_subset
shuttle,2692,74,1600,0.6,True,1600,1000,,True,True,strict_complete_cells,paper_protocol_strict_feasible_subset
shuttle,2693,75,1600,0.6,True,1600,1000,,True,True,strict_complete_cells,paper_protocol_strict_feasible_subset
shuttle,2694,76,1600,0.6,True,1600,1000,,True,True,strict_complete_cells,paper_protocol_strict_feasible_subset
shuttle,2695,77,1600,0.6,True,1600,1000,,True,True,strict_complete_cells,paper_protocol_strict_feasible_subset
shuttle,2696,78,1600,0.6,True,1600,1000,,True,True,strict_complete_cells,paper_protocol_strict_feasible_subset
shuttle,2697,79,1600,0.6,True,1600,1000,,True,True,strict_complete_cells,paper_protocol_strict_feasible_subset
shuttle,2698,80,1600,0.6,True,1600,1000,,True,True,strict_complete_cells,paper_protocol_strict_feasible_subset
shuttle,2699,81,1600,0.6,True,1600,1000,,True,True,strict_complete_cells,paper_protocol_strict_feasible_subset
shuttle,2700,82,1600,0.6,True,1600,1000,,True,True,strict_complete_cells,paper_protocol_strict_feasible_subset
shuttle,2701,83,1600,0.6,True,1600,1000,,True,True,strict_complete_cells,paper_protocol_strict_feasible_subset
shuttle,2702,84,1600,0.6,True,1600,1000,,True,True,strict_complete_cells,paper_protocol_strict_feasible_subset
shuttle,2703,85,1600,0.6,True,1600,1000,,True,True,strict_complete_cells,paper_protocol_strict_feasible_subset
shuttle,2704,86,1600,0.6,True,1600,1000,,True,True,strict_complete_cells,paper_protocol_strict_feasible_subset
shuttle,2705,87,1600,0.6,True,1600,1000,,True,True,strict_complete_cells,paper_protocol_strict_feasible_subset
shuttle,2706,88,1600,0.6,True,1600,1000,,True,True,strict_complete_cells,paper_protocol_strict_feasible_subset
shuttle,2707,89,1600,0.6,True,1600,1000,,True,True,strict_complete_cells,paper_protocol_strict_feasible_subset
shuttle,2708,90,1600,0.6,True,1600,1000,,True,True,strict_complete_cells,paper_protocol_strict_feasible_subset
shuttle,2709,91,1600,0.6,True,1600,1000,,True,True,strict_complete_cells,paper_protocol_strict_feasible_subset
shuttle,2710,92,1600,0.6,True,1600,1000,,True,True,strict_complete_cells,paper_protocol_strict_feasible_subset
shuttle,2711,93,1600,0.6,True,1600,1000,,True,True,strict_complete_cells,paper_protocol_strict_feasible_subset
shuttle,2712,94,1600,0.6,True,1600,1000,,True,True,strict_complete_cells,paper_protocol_strict_feasible_subset
shuttle,2713,95,1600,0.6,True,1600,1000,,True,True,strict_complete_cells,paper_protocol_strict_feasible_subset
shuttle,2714,96,1600,0.6,True,1600,1000,,True,True,strict_complete_cells,paper_protocol_strict_feasible_subset
shuttle,2715,97,1600,0.6,True,1600,1000,,True,True,strict_complete_cells,paper_protocol_strict_feasible_subset
shuttle,2716,98,1600,0.6,True,1600,1000,,True,True,strict_complete_cells,paper_protocol_strict_feasible_subset
shuttle,2717,99,1600,0.6,True,1600,1000,,True,True,strict_complete_cells,paper_protocol_strict_feasible_subset
shuttle,2718,0,1600,0.8,True,1600,1000,,True,True,strict_complete_cells,paper_protocol_strict_feasible_subset
shuttle,2719,1,1600,0.8,True,1600,1000,,True,True,strict_complete_cells,paper_protocol_strict_feasible_subset
shuttle,2720,2,1600,0.8,True,1600,1000,,True,True,strict_complete_cells,paper_protocol_strict_feasible_subset
shuttle,2721,3,1600,0.8,True,1600,1000,,True,True,strict_complete_cells,paper_protocol_strict_feasible_subset
shuttle,2722,4,1600,0.8,True,1600,1000,,True,True,strict_complete_cells,paper_protocol_strict_feasible_subset
shuttle,2723,5,1600,0.8,True,1600,1000,,True,True,strict_complete_cells,paper_protocol_strict_feasible_subset
shuttle,2724,6,1600,0.8,True,1600,1000,,True,True,strict_complete_cells,paper_protocol_strict_feasible_subset
shuttle,2725,7,1600,0.8,True,1600,1000,,True,True,strict_complete_cells,paper_protocol_strict_feasible_subset
shuttle,2726,8,1600,0.8,True,1600,1000,,True,True,strict_complete_cells,paper_protocol_strict_feasible_subset
shuttle,2727,9,1600,0.8,True,1600,1000,,True,True,strict_complete_cells,paper_protocol_strict_feasible_subset
shuttle,2728,10,1600,0.8,True,1600,1000,,True,True,strict_complete_cells,paper_protocol_strict_feasible_subset
shuttle,2729,11,1600,0.8,True,1600,1000,,True,True,strict_complete_cells,paper_protocol_strict_feasible_subset
shuttle,2730,12,1600,0.8,True,1600,1000,,True,True,strict_complete_cells,paper_protocol_strict_feasible_subset
shuttle,2731,13,1600,0.8,True,1600,1000,,True,True,strict_complete_cells,paper_protocol_strict_feasible_subset
shuttle,2732,14,1600,0.8,True,1600,1000,,True,True,strict_complete_cells,paper_protocol_strict_feasible_subset
shuttle,2733,15,1600,0.8,True,1600,1000,,True,True,strict_complete_cells,paper_protocol_strict_feasible_subset
shuttle,2734,16,1600,0.8,True,1600,1000,,True,True,strict_complete_cells,paper_protocol_strict_feasible_subset
shuttle,2735,17,1600,0.8,True,1600,1000,,True,True,strict_complete_cells,paper_protocol_strict_feasible_subset
shuttle,2736,18,1600,0.8,True,1600,1000,,True,True,strict_complete_cells,paper_protocol_strict_feasible_subset
shuttle,2737,19,1600,0.8,True,1600,1000,,True,True,strict_complete_cells,paper_protocol_strict_feasible_subset
shuttle,2738,20,1600,0.8,True,1600,1000,,True,True,strict_complete_cells,paper_protocol_strict_feasible_subset
shuttle,2739,21,1600,0.8,True,1600,1000,,True,True,strict_complete_cells,paper_protocol_strict_feasible_subset
shuttle,2740,22,1600,0.8,True,1600,1000,,True,True,strict_complete_cells,paper_protocol_strict_feasible_subset
shuttle,2741,23,1600,0.8,True,1600,1000,,True,True,strict_complete_cells,paper_protocol_strict_feasible_subset
shuttle,2742,24,1600,0.8,True,1600,1000,,True,True,strict_complete_cells,paper_protocol_strict_feasible_subset
shuttle,2743,25,1600,0.8,True,1600,1000,,True,True,strict_complete_cells,paper_protocol_strict_feasible_subset
shuttle,2744,26,1600,0.8,True,1600,1000,,True,True,strict_complete_cells,paper_protocol_strict_feasible_subset
shuttle,2745,27,1600,0.8,True,1600,1000,,True,True,strict_complete_cells,paper_protocol_strict_feasible_subset
shuttle,2746,28,1600,0.8,True,1600,1000,,True,True,strict_complete_cells,paper_protocol_strict_feasible_subset
shuttle,2747,29,1600,0.8,True,1600,1000,,True,True,strict_complete_cells,paper_protocol_strict_feasible_subset
shuttle,2748,30,1600,0.8,True,1600,1000,,True,True,strict_complete_cells,paper_protocol_strict_feasible_subset
shuttle,2749,31,1600,0.8,True,1600,1000,,True,True,strict_complete_cells,paper_protocol_strict_feasible_subset
shuttle,2750,32,1600,0.8,True,1600,1000,,True,True,strict_complete_cells,paper_protocol_strict_feasible_subset
shuttle,2751,33,1600,0.8,True,1600,1000,,True,True,strict_complete_cells,paper_protocol_strict_feasible_subset
shuttle,2752,34,1600,0.8,True,1600,1000,,True,True,strict_complete_cells,paper_protocol_strict_feasible_subset
shuttle,2753,35,1600,0.8,True,1600,1000,,True,True,strict_complete_cells,paper_protocol_strict_feasible_subset
shuttle,2754,36,1600,0.8,True,1600,1000,,True,True,strict_complete_cells,paper_protocol_strict_feasible_subset
shuttle,2755,37,1600,0.8,True,1600,1000,,True,True,strict_complete_cells,paper_protocol_strict_feasible_subset
shuttle,2756,38,1600,0.8,True,1600,1000,,True,True,strict_complete_cells,paper_protocol_strict_feasible_subset
shuttle,2757,39,1600,0.8,True,1600,1000,,True,True,strict_complete_cells,paper_protocol_strict_feasible_subset
shuttle,2758,40,1600,0.8,True,1600,1000,,True,True,strict_complete_cells,paper_protocol_strict_feasible_subset
shuttle,2759,41,1600,0.8,True,1600,1000,,True,True,strict_complete_cells,paper_protocol_strict_feasible_subset
shuttle,2760,42,1600,0.8,True,1600,1000,,True,True,strict_complete_cells,paper_protocol_strict_feasible_subset
shuttle,2761,43,1600,0.8,True,1600,1000,,True,True,strict_complete_cells,paper_protocol_strict_feasible_subset
shuttle,2762,44,1600,0.8,True,1600,1000,,True,True,strict_complete_cells,paper_protocol_strict_feasible_subset
shuttle,2763,45,1600,0.8,True,1600,1000,,True,True,strict_complete_cells,paper_protocol_strict_feasible_subset
shuttle,2764,46,1600,0.8,True,1600,1000,,True,True,strict_complete_cells,paper_protocol_strict_feasible_subset
shuttle,2765,47,1600,0.8,True,1600,1000,,True,True,strict_complete_cells,paper_protocol_strict_feasible_subset
shuttle,2766,48,1600,0.8,True,1600,1000,,True,True,strict_complete_cells,paper_protocol_strict_feasible_subset
shuttle,2767,49,1600,0.8,True,1600,1000,,True,True,strict_complete_cells,paper_protocol_strict_feasible_subset
shuttle,2768,50,1600,0.8,True,1600,1000,,True,True,strict_complete_cells,paper_protocol_strict_feasible_subset
shuttle,2769,51,1600,0.8,True,1600,1000,,True,True,strict_complete_cells,paper_protocol_strict_feasible_subset
shuttle,2770,52,1600,0.8,True,1600,1000,,True,True,strict_complete_cells,paper_protocol_strict_feasible_subset
shuttle,2771,53,1600,0.8,True,1600,1000,,True,True,strict_complete_cells,paper_protocol_strict_feasible_subset
shuttle,2772,54,1600,0.8,True,1600,1000,,True,True,strict_complete_cells,paper_protocol_strict_feasible_subset
shuttle,2773,55,1600,0.8,True,1600,1000,,True,True,strict_complete_cells,paper_protocol_strict_feasible_subset
shuttle,2774,56,1600,0.8,True,1600,1000,,True,True,strict_complete_cells,paper_protocol_strict_feasible_subset
shuttle,2775,57,1600,0.8,True,1600,1000,,True,True,strict_complete_cells,paper_protocol_strict_feasible_subset
shuttle,2776,58,1600,0.8,True,1600,1000,,True,True,strict_complete_cells,paper_protocol_strict_feasible_subset
shuttle,2777,59,1600,0.8,True,1600,1000,,True,True,strict_complete_cells,paper_protocol_strict_feasible_subset
shuttle,2778,60,1600,0.8,True,1600,1000,,True,True,strict_complete_cells,paper_protocol_strict_feasible_subset
shuttle,2779,61,1600,0.8,True,1600,1000,,True,True,strict_complete_cells,paper_protocol_strict_feasible_subset
shuttle,2780,62,1600,0.8,True,1600,1000,,True,True,strict_complete_cells,paper_protocol_strict_feasible_subset
shuttle,2781,63,1600,0.8,True,1600,1000,,True,True,strict_complete_cells,paper_protocol_strict_feasible_subset
shuttle,2782,64,1600,0.8,True,1600,1000,,True,True,strict_complete_cells,paper_protocol_strict_feasible_subset
shuttle,2783,65,1600,0.8,True,1600,1000,,True,True,strict_complete_cells,paper_protocol_strict_feasible_subset
shuttle,2784,66,1600,0.8,True,1600,1000,,True,True,strict_complete_cells,paper_protocol_strict_feasible_subset
shuttle,2785,67,1600,0.8,True,1600,1000,,True,True,strict_complete_cells,paper_protocol_strict_feasible_subset
shuttle,2786,68,1600,0.8,True,1600,1000,,True,True,strict_complete_cells,paper_protocol_strict_feasible_subset
shuttle,2787,69,1600,0.8,True,1600,1000,,True,True,strict_complete_cells,paper_protocol_strict_feasible_subset
shuttle,2788,70,1600,0.8,True,1600,1000,,True,True,strict_complete_cells,paper_protocol_strict_feasible_subset
shuttle,2789,71,1600,0.8,True,1600,1000,,True,True,strict_complete_cells,paper_protocol_strict_feasible_subset
shuttle,2790,72,1600,0.8,True,1600,1000,,True,True,strict_complete_cells,paper_protocol_strict_feasible_subset
shuttle,2791,73,1600,0.8,True,1600,1000,,True,True,strict_complete_cells,paper_protocol_strict_feasible_subset
shuttle,2792,74,1600,0.8,True,1600,1000,,True,True,strict_complete_cells,paper_protocol_strict_feasible_subset
shuttle,2793,75,1600,0.8,True,1600,1000,,True,True,strict_complete_cells,paper_protocol_strict_feasible_subset
shuttle,2794,76,1600,0.8,True,1600,1000,,True,True,strict_complete_cells,paper_protocol_strict_feasible_subset
shuttle,2795,77,1600,0.8,True,1600,1000,,True,True,strict_complete_cells,paper_protocol_strict_feasible_subset
shuttle,2796,78,1600,0.8,True,1600,1000,,True,True,strict_complete_cells,paper_protocol_strict_feasible_subset
shuttle,2797,79,1600,0.8,True,1600,1000,,True,True,strict_complete_cells,paper_protocol_strict_feasible_subset
shuttle,2798,80,1600,0.8,True,1600,1000,,True,True,strict_complete_cells,paper_protocol_strict_feasible_subset
shuttle,2799,81,1600,0.8,True,1600,1000,,True,True,strict_complete_cells,paper_protocol_strict_feasible_subset
shuttle,2800,82,1600,0.8,True,1600,1000,,True,True,strict_complete_cells,paper_protocol_strict_feasible_subset
shuttle,2801,83,1600,0.8,True,1600,1000,,True,True,strict_complete_cells,paper_protocol_strict_feasible_subset
shuttle,2802,84,1600,0.8,True,1600,1000,,True,True,strict_complete_cells,paper_protocol_strict_feasible_subset
shuttle,2803,85,1600,0.8,True,1600,1000,,True,True,strict_complete_cells,paper_protocol_strict_feasible_subset
shuttle,2804,86,1600,0.8,True,1600,1000,,True,True,strict_complete_cells,paper_protocol_strict_feasible_subset
shuttle,2805,87,1600,0.8,True,1600,1000,,True,True,strict_complete_cells,paper_protocol_strict_feasible_subset
shuttle,2806,88,1600,0.8,True,1600,1000,,True,True,strict_complete_cells,paper_protocol_strict_feasible_subset
shuttle,2807,89,1600,0.8,True,1600,1000,,True,True,strict_complete_cells,paper_protocol_strict_feasible_subset
shuttle,2808,90,1600,0.8,True,1600,1000,,True,True,strict_complete_cells,paper_protocol_strict_feasible_subset
shuttle,2809,91,1600,0.8,True,1600,1000,,True,True,strict_complete_cells,paper_protocol_strict_feasible_subset
shuttle,2810,92,1600,0.8,True,1600,1000,,True,True,strict_complete_cells,paper_protocol_strict_feasible_subset
shuttle,2811,93,1600,0.8,True,1600,1000,,True,True,strict_complete_cells,paper_protocol_strict_feasible_subset
shuttle,2812,94,1600,0.8,True,1600,1000,,True,True,strict_complete_cells,paper_protocol_strict_feasible_subset
shuttle,2813,95,1600,0.8,True,1600,1000,,True,True,strict_complete_cells,paper_protocol_strict_feasible_subset
shuttle,2814,96,1600,0.8,True,1600,1000,,True,True,strict_complete_cells,paper_protocol_strict_feasible_subset
shuttle,2815,97,1600,0.8,True,1600,1000,,True,True,strict_complete_cells,paper_protocol_strict_feasible_subset
shuttle,2816,98,1600,0.8,True,1600,1000,,True,True,strict_complete_cells,paper_protocol_strict_feasible_subset
shuttle,2817,99,1600,0.8,True,1600,1000,,True,True,strict_complete_cells,paper_protocol_strict_feasible_subset
shuttle,2818,0,3200,0.2,False,3200,835,holdout_pool,False,False,strict_complete_cells,paper_protocol_strict_feasible_subset
shuttle,2819,1,3200,0.2,False,3200,836,holdout_pool,False,False,strict_complete_cells,paper_protocol_strict_feasible_subset
shuttle,2820,2,3200,0.2,False,3200,847,holdout_pool,False,False,strict_complete_cells,paper_protocol_strict_feasible_subset
shuttle,2821,3,3200,0.2,False,3200,871,holdout_pool,False,False,strict_complete_cells,paper_protocol_strict_feasible_subset
shuttle,2822,4,3200,0.2,False,3200,816,holdout_pool,False,False,strict_complete_cells,paper_protocol_strict_feasible_subset
shuttle,2823,5,3200,0.2,False,3200,854,holdout_pool,False,False,strict_complete_cells,paper_protocol_strict_feasible_subset
shuttle,2824,6,3200,0.2,False,3200,868,holdout_pool,False,False,strict_complete_cells,paper_protocol_strict_feasible_subset
shuttle,2825,7,3200,0.2,False,3200,864,holdout_pool,False,False,strict_complete_cells,paper_protocol_strict_feasible_subset
shuttle,2826,8,3200,0.2,False,3200,835,holdout_pool,False,False,strict_complete_cells,paper_protocol_strict_feasible_subset
shuttle,2827,9,3200,0.2,False,3200,868,holdout_pool,False,False,strict_complete_cells,paper_protocol_strict_feasible_subset
shuttle,2828,10,3200,0.2,False,3200,838,holdout_pool,False,False,strict_complete_cells,paper_protocol_strict_feasible_subset
shuttle,2829,11,3200,0.2,False,3200,843,holdout_pool,False,False,strict_complete_cells,paper_protocol_strict_feasible_subset
shuttle,2830,12,3200,0.2,False,3200,839,holdout_pool,False,False,strict_complete_cells,paper_protocol_strict_feasible_subset
shuttle,2831,13,3200,0.2,False,3200,827,holdout_pool,False,False,strict_complete_cells,paper_protocol_strict_feasible_subset
shuttle,2832,14,3200,0.2,False,3200,837,holdout_pool,False,False,strict_complete_cells,paper_protocol_strict_feasible_subset
shuttle,2833,15,3200,0.2,False,3200,855,holdout_pool,False,False,strict_complete_cells,paper_protocol_strict_feasible_subset
shuttle,2834,16,3200,0.2,False,3200,849,holdout_pool,False,False,strict_complete_cells,paper_protocol_strict_feasible_subset
shuttle,2835,17,3200,0.2,False,3200,825,holdout_pool,False,False,strict_complete_cells,paper_protocol_strict_feasible_subset
shuttle,2836,18,3200,0.2,False,3200,868,holdout_pool,False,False,strict_complete_cells,paper_protocol_strict_feasible_subset
shuttle,2837,19,3200,0.2,False,3200,826,holdout_pool,False,False,strict_complete_cells,paper_protocol_strict_feasible_subset
shuttle,2838,20,3200,0.2,False,3200,839,holdout_pool,False,False,strict_complete_cells,paper_protocol_strict_feasible_subset
shuttle,2839,21,3200,0.2,False,3200,849,holdout_pool,False,False,strict_complete_cells,paper_protocol_strict_feasible_subset
shuttle,2840,22,3200,0.2,False,3200,794,holdout_pool,False,False,strict_complete_cells,paper_protocol_strict_feasible_subset
shuttle,2841,23,3200,0.2,False,3200,822,holdout_pool,False,False,strict_complete_cells,paper_protocol_strict_feasible_subset
shuttle,2842,24,3200,0.2,False,3200,842,holdout_pool,False,False,strict_complete_cells,paper_protocol_strict_feasible_subset
shuttle,2843,25,3200,0.2,False,3200,849,holdout_pool,False,False,strict_complete_cells,paper_protocol_strict_feasible_subset
shuttle,2844,26,3200,0.2,False,3200,822,holdout_pool,False,False,strict_complete_cells,paper_protocol_strict_feasible_subset
shuttle,2845,27,3200,0.2,False,3200,820,holdout_pool,False,False,strict_complete_cells,paper_protocol_strict_feasible_subset
shuttle,2846,28,3200,0.2,False,3200,899,holdout_pool,False,False,strict_complete_cells,paper_protocol_strict_feasible_subset
shuttle,2847,29,3200,0.2,False,3200,832,holdout_pool,False,False,strict_complete_cells,paper_protocol_strict_feasible_subset
shuttle,2848,30,3200,0.2,False,3200,816,holdout_pool,False,False,strict_complete_cells,paper_protocol_strict_feasible_subset
shuttle,2849,31,3200,0.2,False,3200,852,holdout_pool,False,False,strict_complete_cells,paper_protocol_strict_feasible_subset
shuttle,2850,32,3200,0.2,False,3200,894,holdout_pool,False,False,strict_complete_cells,paper_protocol_strict_feasible_subset
shuttle,2851,33,3200,0.2,False,3200,818,holdout_pool,False,False,strict_complete_cells,paper_protocol_strict_feasible_subset
shuttle,2852,34,3200,0.2,False,3200,820,holdout_pool,False,False,strict_complete_cells,paper_protocol_strict_feasible_subset
shuttle,2853,35,3200,0.2,False,3200,850,holdout_pool,False,False,strict_complete_cells,paper_protocol_strict_feasible_subset
shuttle,2854,36,3200,0.2,False,3200,892,holdout_pool,False,False,strict_complete_cells,paper_protocol_strict_feasible_subset
shuttle,2855,37,3200,0.2,False,3200,804,holdout_pool,False,False,strict_complete_cells,paper_protocol_strict_feasible_subset
shuttle,2856,38,3200,0.2,False,3200,882,holdout_pool,False,False,strict_complete_cells,paper_protocol_strict_feasible_subset
shuttle,2857,39,3200,0.2,False,3200,824,holdout_pool,False,False,strict_complete_cells,paper_protocol_strict_feasible_subset
shuttle,2858,40,3200,0.2,False,3200,857,holdout_pool,False,False,strict_complete_cells,paper_protocol_strict_feasible_subset
shuttle,2859,41,3200,0.2,False,3200,876,holdout_pool,False,False,strict_complete_cells,paper_protocol_strict_feasible_subset
shuttle,2860,42,3200,0.2,False,3200,842,holdout_pool,False,False,strict_complete_cells,paper_protocol_strict_feasible_subset
shuttle,2861,43,3200,0.2,False,3200,809,holdout_pool,False,False,strict_complete_cells,paper_protocol_strict_feasible_subset
shuttle,2862,44,3200,0.2,False,3200,830,holdout_pool,False,False,strict_complete_cells,paper_protocol_strict_feasible_subset
shuttle,2863,45,3200,0.2,False,3200,823,holdout_pool,False,False,strict_complete_cells,paper_protocol_strict_feasible_subset
shuttle,2864,46,3200,0.2,False,3200,802,holdout_pool,False,False,strict_complete_cells,paper_protocol_strict_feasible_subset
shuttle,2865,47,3200,0.2,False,3200,834,holdout_pool,False,False,strict_complete_cells,paper_protocol_strict_feasible_subset
shuttle,2866,48,3200,0.2,False,3200,807,holdout_pool,False,False,strict_complete_cells,paper_protocol_strict_feasible_subset
shuttle,2867,49,3200,0.2,False,3200,811,holdout_pool,False,False,strict_complete_cells,paper_protocol_strict_feasible_subset
shuttle,2868,50,3200,0.2,False,3200,842,holdout_pool,False,False,strict_complete_cells,paper_protocol_strict_feasible_subset
shuttle,2869,51,3200,0.2,False,3200,818,holdout_pool,False,False,strict_complete_cells,paper_protocol_strict_feasible_subset
shuttle,2870,52,3200,0.2,False,3200,811,holdout_pool,False,False,strict_complete_cells,paper_protocol_strict_feasible_subset
shuttle,2871,53,3200,0.2,False,3200,842,holdout_pool,False,False,strict_complete_cells,paper_protocol_strict_feasible_subset
shuttle,2872,54,3200,0.2,False,3200,826,holdout_pool,False,False,strict_complete_cells,paper_protocol_strict_feasible_subset
shuttle,2873,55,3200,0.2,False,3200,811,holdout_pool,False,False,strict_complete_cells,paper_protocol_strict_feasible_subset
shuttle,2874,56,3200,0.2,False,3200,833,holdout_pool,False,False,strict_complete_cells,paper_protocol_strict_feasible_subset
shuttle,2875,57,3200,0.2,False,3200,874,holdout_pool,False,False,strict_complete_cells,paper_protocol_strict_feasible_subset
shuttle,2876,58,3200,0.2,False,3200,843,holdout_pool,False,False,strict_complete_cells,paper_protocol_strict_feasible_subset
shuttle,2877,59,3200,0.2,False,3200,883,holdout_pool,False,False,strict_complete_cells,paper_protocol_strict_feasible_subset
shuttle,2878,60,3200,0.2,False,3200,880,holdout_pool,False,False,strict_complete_cells,paper_protocol_strict_feasible_subset
shuttle,2879,61,3200,0.2,False,3200,861,holdout_pool,False,False,strict_complete_cells,paper_protocol_strict_feasible_subset
shuttle,2880,62,3200,0.2,False,3200,881,holdout_pool,False,False,strict_complete_cells,paper_protocol_strict_feasible_subset
shuttle,2881,63,3200,0.2,False,3200,859,holdout_pool,False,False,strict_complete_cells,paper_protocol_strict_feasible_subset
shuttle,2882,64,3200,0.2,False,3200,845,holdout_pool,False,False,strict_complete_cells,paper_protocol_strict_feasible_subset
shuttle,2883,65,3200,0.2,False,3200,849,holdout_pool,False,False,strict_complete_cells,paper_protocol_strict_feasible_subset
shuttle,2884,66,3200,0.2,False,3200,816,holdout_pool,False,False,strict_complete_cells,paper_protocol_strict_feasible_subset
shuttle,2885,67,3200,0.2,False,3200,817,holdout_pool,False,False,strict_complete_cells,paper_protocol_strict_feasible_subset
shuttle,2886,68,3200,0.2,False,3200,789,holdout_pool,False,False,strict_complete_cells,paper_protocol_strict_feasible_subset
shuttle,2887,69,3200,0.2,False,3200,852,holdout_pool,False,False,strict_complete_cells,paper_protocol_strict_feasible_subset
shuttle,2888,70,3200,0.2,False,3200,842,holdout_pool,False,False,strict_complete_cells,paper_protocol_strict_feasible_subset
shuttle,2889,71,3200,0.2,False,3200,845,holdout_pool,False,False,strict_complete_cells,paper_protocol_strict_feasible_subset
shuttle,2890,72,3200,0.2,False,3200,828,holdout_pool,False,False,strict_complete_cells,paper_protocol_strict_feasible_subset
shuttle,2891,73,3200,0.2,False,3200,863,holdout_pool,False,False,strict_complete_cells,paper_protocol_strict_feasible_subset
shuttle,2892,74,3200,0.2,False,3200,844,holdout_pool,False,False,strict_complete_cells,paper_protocol_strict_feasible_subset
shuttle,2893,75,3200,0.2,False,3200,819,holdout_pool,False,False,strict_complete_cells,paper_protocol_strict_feasible_subset
shuttle,2894,76,3200,0.2,False,3200,852,holdout_pool,False,False,strict_complete_cells,paper_protocol_strict_feasible_subset
shuttle,2895,77,3200,0.2,False,3200,824,holdout_pool,False,False,strict_complete_cells,paper_protocol_strict_feasible_subset
shuttle,2896,78,3200,0.2,False,3200,885,holdout_pool,False,False,strict_complete_cells,paper_protocol_strict_feasible_subset
shuttle,2897,79,3200,0.2,False,3200,868,holdout_pool,False,False,strict_complete_cells,paper_protocol_strict_feasible_subset
shuttle,2898,80,3200,0.2,False,3200,832,holdout_pool,False,False,strict_complete_cells,paper_protocol_strict_feasible_subset
shuttle,2899,81,3200,0.2,False,3200,865,holdout_pool,False,False,strict_complete_cells,paper_protocol_strict_feasible_subset
shuttle,2900,82,3200,0.2,False,3200,863,holdout_pool,False,False,strict_complete_cells,paper_protocol_strict_feasible_subset
shuttle,2901,83,3200,0.2,False,3200,822,holdout_pool,False,False,strict_complete_cells,paper_protocol_strict_feasible_subset
shuttle,2902,84,3200,0.2,False,3200,868,holdout_pool,False,False,strict_complete_cells,paper_protocol_strict_feasible_subset
shuttle,2903,85,3200,0.2,False,3200,836,holdout_pool,False,False,strict_complete_cells,paper_protocol_strict_feasible_subset
shuttle,2904,86,3200,0.2,False,3200,819,holdout_pool,False,False,strict_complete_cells,paper_protocol_strict_feasible_subset
shuttle,2905,87,3200,0.2,False,3200,814,holdout_pool,False,False,strict_complete_cells,paper_protocol_strict_feasible_subset
shuttle,2906,88,3200,0.2,False,3200,830,holdout_pool,False,False,strict_complete_cells,paper_protocol_strict_feasible_subset
shuttle,2907,89,3200,0.2,False,3200,849,holdout_pool,False,False,strict_complete_cells,paper_protocol_strict_feasible_subset
shuttle,2908,90,3200,0.2,False,3200,816,holdout_pool,False,False,strict_complete_cells,paper_protocol_strict_feasible_subset
shuttle,2909,91,3200,0.2,False,3200,849,holdout_pool,False,False,strict_complete_cells,paper_protocol_strict_feasible_subset
shuttle,2910,92,3200,0.2,False,3200,852,holdout_pool,False,False,strict_complete_cells,paper_protocol_strict_feasible_subset
shuttle,2911,93,3200,0.2,False,3200,831,holdout_pool,False,False,strict_complete_cells,paper_protocol_strict_feasible_subset
shuttle,2912,94,3200,0.2,False,3200,796,holdout_pool,False,False,strict_complete_cells,paper_protocol_strict_feasible_subset
shuttle,2913,95,3200,0.2,False,3200,803,holdout_pool,False,False,strict_complete_cells,paper_protocol_strict_feasible_subset
shuttle,2914,96,3200,0.2,False,3200,823,holdout_pool,False,False,strict_complete_cells,paper_protocol_strict_feasible_subset
shuttle,2915,97,3200,0.2,False,3200,835,holdout_pool,False,False,strict_complete_cells,paper_protocol_strict_feasible_subset
shuttle,2916,98,3200,0.2,False,3200,852,holdout_pool,False,False,strict_complete_cells,paper_protocol_strict_feasible_subset
shuttle,2917,99,3200,0.2,False,3200,830,holdout_pool,False,False,strict_complete_cells,paper_protocol_strict_feasible_subset
shuttle,2918,0,3200,0.4,True,3200,1000,,False,False,strict_complete_cells,paper_protocol_strict_feasible_subset
shuttle,2919,1,3200,0.4,True,3200,1000,,False,False,strict_complete_cells,paper_protocol_strict_feasible_subset
shuttle,2920,2,3200,0.4,True,3200,1000,,False,False,strict_complete_cells,paper_protocol_strict_feasible_subset
shuttle,2921,3,3200,0.4,True,3200,1000,,False,False,strict_complete_cells,paper_protocol_strict_feasible_subset
shuttle,2922,4,3200,0.4,True,3200,1000,,False,False,strict_complete_cells,paper_protocol_strict_feasible_subset
shuttle,2923,5,3200,0.4,True,3200,1000,,False,False,strict_complete_cells,paper_protocol_strict_feasible_subset
shuttle,2924,6,3200,0.4,True,3200,1000,,False,False,strict_complete_cells,paper_protocol_strict_feasible_subset
shuttle,2925,7,3200,0.4,True,3200,1000,,False,False,strict_complete_cells,paper_protocol_strict_feasible_subset
shuttle,2926,8,3200,0.4,True,3200,1000,,False,False,strict_complete_cells,paper_protocol_strict_feasible_subset
shuttle,2927,9,3200,0.4,True,3200,1000,,False,False,strict_complete_cells,paper_protocol_strict_feasible_subset
shuttle,2928,10,3200,0.4,True,3200,1000,,False,False,strict_complete_cells,paper_protocol_strict_feasible_subset
shuttle,2929,11,3200,0.4,True,3200,1000,,False,False,strict_complete_cells,paper_protocol_strict_feasible_subset
shuttle,2930,12,3200,0.4,True,3200,1000,,False,False,strict_complete_cells,paper_protocol_strict_feasible_subset
shuttle,2931,13,3200,0.4,True,3200,1000,,False,False,strict_complete_cells,paper_protocol_strict_feasible_subset
shuttle,2932,14,3200,0.4,True,3200,1000,,False,False,strict_complete_cells,paper_protocol_strict_feasible_subset
shuttle,2933,15,3200,0.4,True,3200,1000,,False,False,strict_complete_cells,paper_protocol_strict_feasible_subset
shuttle,2934,16,3200,0.4,True,3200,1000,,False,False,strict_complete_cells,paper_protocol_strict_feasible_subset
shuttle,2935,17,3200,0.4,True,3200,1000,,False,False,strict_complete_cells,paper_protocol_strict_feasible_subset
shuttle,2936,18,3200,0.4,True,3200,1000,,False,False,strict_complete_cells,paper_protocol_strict_feasible_subset
shuttle,2937,19,3200,0.4,True,3200,1000,,False,False,strict_complete_cells,paper_protocol_strict_feasible_subset
shuttle,2938,20,3200,0.4,True,3200,1000,,False,False,strict_complete_cells,paper_protocol_strict_feasible_subset
shuttle,2939,21,3200,0.4,True,3200,1000,,False,False,strict_complete_cells,paper_protocol_strict_feasible_subset
shuttle,2940,22,3200,0.4,True,3200,1000,,False,False,strict_complete_cells,paper_protocol_strict_feasible_subset
shuttle,2941,23,3200,0.4,True,3200,1000,,False,False,strict_complete_cells,paper_protocol_strict_feasible_subset
shuttle,2942,24,3200,0.4,True,3200,1000,,False,False,strict_complete_cells,paper_protocol_strict_feasible_subset
shuttle,2943,25,3200,0.4,True,3200,1000,,False,False,strict_complete_cells,paper_protocol_strict_feasible_subset
shuttle,2944,26,3200,0.4,True,3200,1000,,False,False,strict_complete_cells,paper_protocol_strict_feasible_subset
shuttle,2945,27,3200,0.4,True,3200,1000,,False,False,strict_complete_cells,paper_protocol_strict_feasible_subset
shuttle,2946,28,3200,0.4,True,3200,1000,,False,False,strict_complete_cells,paper_protocol_strict_feasible_subset
shuttle,2947,29,3200,0.4,True,3200,1000,,False,False,strict_complete_cells,paper_protocol_strict_feasible_subset
shuttle,2948,30,3200,0.4,True,3200,1000,,False,False,strict_complete_cells,paper_protocol_strict_feasible_subset
shuttle,2949,31,3200,0.4,True,3200,1000,,False,False,strict_complete_cells,paper_protocol_strict_feasible_subset
shuttle,2950,32,3200,0.4,True,3200,1000,,False,False,strict_complete_cells,paper_protocol_strict_feasible_subset
shuttle,2951,33,3200,0.4,True,3200,1000,,False,False,strict_complete_cells,paper_protocol_strict_feasible_subset
shuttle,2952,34,3200,0.4,True,3200,1000,,False,False,strict_complete_cells,paper_protocol_strict_feasible_subset
shuttle,2953,35,3200,0.4,True,3200,1000,,False,False,strict_complete_cells,paper_protocol_strict_feasible_subset
shuttle,2954,36,3200,0.4,True,3200,1000,,False,False,strict_complete_cells,paper_protocol_strict_feasible_subset
shuttle,2955,37,3200,0.4,True,3200,1000,,False,False,strict_complete_cells,paper_protocol_strict_feasible_subset
shuttle,2956,38,3200,0.4,True,3200,1000,,False,False,strict_complete_cells,paper_protocol_strict_feasible_subset
shuttle,2957,39,3200,0.4,True,3200,1000,,False,False,strict_complete_cells,paper_protocol_strict_feasible_subset
shuttle,2958,40,3200,0.4,True,3200,1000,,False,False,strict_complete_cells,paper_protocol_strict_feasible_subset
shuttle,2959,41,3200,0.4,False,3200,993,holdout_pool,False,False,strict_complete_cells,paper_protocol_strict_feasible_subset
shuttle,2960,42,3200,0.4,True,3200,1000,,False,False,strict_complete_cells,paper_protocol_strict_feasible_subset
shuttle,2961,43,3200,0.4,True,3200,1000,,False,False,strict_complete_cells,paper_protocol_strict_feasible_subset
shuttle,2962,44,3200,0.4,True,3200,1000,,False,False,strict_complete_cells,paper_protocol_strict_feasible_subset
shuttle,2963,45,3200,0.4,True,3200,1000,,False,False,strict_complete_cells,paper_protocol_strict_feasible_subset
shuttle,2964,46,3200,0.4,True,3200,1000,,False,False,strict_complete_cells,paper_protocol_strict_feasible_subset
shuttle,2965,47,3200,0.4,True,3200,1000,,False,False,strict_complete_cells,paper_protocol_strict_feasible_subset
shuttle,2966,48,3200,0.4,True,3200,1000,,False,False,strict_complete_cells,paper_protocol_strict_feasible_subset
shuttle,2967,49,3200,0.4,True,3200,1000,,False,False,strict_complete_cells,paper_protocol_strict_feasible_subset
shuttle,2968,50,3200,0.4,True,3200,1000,,False,False,strict_complete_cells,paper_protocol_strict_feasible_subset
shuttle,2969,51,3200,0.4,True,3200,1000,,False,False,strict_complete_cells,paper_protocol_strict_feasible_subset
shuttle,2970,52,3200,0.4,True,3200,1000,,False,False,strict_complete_cells,paper_protocol_strict_feasible_subset
shuttle,2971,53,3200,0.4,True,3200,1000,,False,False,strict_complete_cells,paper_protocol_strict_feasible_subset
shuttle,2972,54,3200,0.4,True,3200,1000,,False,False,strict_complete_cells,paper_protocol_strict_feasible_subset
shuttle,2973,55,3200,0.4,True,3200,1000,,False,False,strict_complete_cells,paper_protocol_strict_feasible_subset
shuttle,2974,56,3200,0.4,True,3200,1000,,False,False,strict_complete_cells,paper_protocol_strict_feasible_subset
shuttle,2975,57,3200,0.4,True,3200,1000,,False,False,strict_complete_cells,paper_protocol_strict_feasible_subset
shuttle,2976,58,3200,0.4,True,3200,1000,,False,False,strict_complete_cells,paper_protocol_strict_feasible_subset
shuttle,2977,59,3200,0.4,True,3200,1000,,False,False,strict_complete_cells,paper_protocol_strict_feasible_subset
shuttle,2978,60,3200,0.4,False,3200,994,holdout_pool,False,False,strict_complete_cells,paper_protocol_strict_feasible_subset
shuttle,2979,61,3200,0.4,True,3200,1000,,False,False,strict_complete_cells,paper_protocol_strict_feasible_subset
shuttle,2980,62,3200,0.4,True,3200,1000,,False,False,strict_complete_cells,paper_protocol_strict_feasible_subset
shuttle,2981,63,3200,0.4,True,3200,1000,,False,False,strict_complete_cells,paper_protocol_strict_feasible_subset
shuttle,2982,64,3200,0.4,True,3200,1000,,False,False,strict_complete_cells,paper_protocol_strict_feasible_subset
shuttle,2983,65,3200,0.4,True,3200,1000,,False,False,strict_complete_cells,paper_protocol_strict_feasible_subset
shuttle,2984,66,3200,0.4,True,3200,1000,,False,False,strict_complete_cells,paper_protocol_strict_feasible_subset
shuttle,2985,67,3200,0.4,False,3200,991,holdout_pool,False,False,strict_complete_cells,paper_protocol_strict_feasible_subset
shuttle,2986,68,3200,0.4,True,3200,1000,,False,False,strict_complete_cells,paper_protocol_strict_feasible_subset
shuttle,2987,69,3200,0.4,True,3200,1000,,False,False,strict_complete_cells,paper_protocol_strict_feasible_subset
shuttle,2988,70,3200,0.4,True,3200,1000,,False,False,strict_complete_cells,paper_protocol_strict_feasible_subset
shuttle,2989,71,3200,0.4,True,3200,1000,,False,False,strict_complete_cells,paper_protocol_strict_feasible_subset
shuttle,2990,72,3200,0.4,True,3200,1000,,False,False,strict_complete_cells,paper_protocol_strict_feasible_subset
shuttle,2991,73,3200,0.4,True,3200,1000,,False,False,strict_complete_cells,paper_protocol_strict_feasible_subset
shuttle,2992,74,3200,0.4,True,3200,1000,,False,False,strict_complete_cells,paper_protocol_strict_feasible_subset
shuttle,2993,75,3200,0.4,True,3200,1000,,False,False,strict_complete_cells,paper_protocol_strict_feasible_subset
shuttle,2994,76,3200,0.4,True,3200,1000,,False,False,strict_complete_cells,paper_protocol_strict_feasible_subset
shuttle,2995,77,3200,0.4,True,3200,1000,,False,False,strict_complete_cells,paper_protocol_strict_feasible_subset
shuttle,2996,78,3200,0.4,True,3200,1000,,False,False,strict_complete_cells,paper_protocol_strict_feasible_subset
shuttle,2997,79,3200,0.4,True,3200,1000,,False,False,strict_complete_cells,paper_protocol_strict_feasible_subset
shuttle,2998,80,3200,0.4,True,3200,1000,,False,False,strict_complete_cells,paper_protocol_strict_feasible_subset
shuttle,2999,81,3200,0.4,True,3200,1000,,False,False,strict_complete_cells,paper_protocol_strict_feasible_subset
shuttle,3000,82,3200,0.4,True,3200,1000,,False,False,strict_complete_cells,paper_protocol_strict_feasible_subset
shuttle,3001,83,3200,0.4,True,3200,1000,,False,False,strict_complete_cells,paper_protocol_strict_feasible_subset
shuttle,3002,84,3200,0.4,True,3200,1000,,False,False,strict_complete_cells,paper_protocol_strict_feasible_subset
shuttle,3003,85,3200,0.4,True,3200,1000,,False,False,strict_complete_cells,paper_protocol_strict_feasible_subset
shuttle,3004,86,3200,0.4,True,3200,1000,,False,False,strict_complete_cells,paper_protocol_strict_feasible_subset
shuttle,3005,87,3200,0.4,True,3200,1000,,False,False,strict_complete_cells,paper_protocol_strict_feasible_subset
shuttle,3006,88,3200,0.4,True,3200,1000,,False,False,strict_complete_cells,paper_protocol_strict_feasible_subset
shuttle,3007,89,3200,0.4,True,3200,1000,,False,False,strict_complete_cells,paper_protocol_strict_feasible_subset
shuttle,3008,90,3200,0.4,True,3200,1000,,False,False,strict_complete_cells,paper_protocol_strict_feasible_subset
shuttle,3009,91,3200,0.4,True,3200,1000,,False,False,strict_complete_cells,paper_protocol_strict_feasible_subset
shuttle,3010,92,3200,0.4,True,3200,1000,,False,False,strict_complete_cells,paper_protocol_strict_feasible_subset
shuttle,3011,93,3200,0.4,True,3200,1000,,False,False,strict_complete_cells,paper_protocol_strict_feasible_subset
shuttle,3012,94,3200,0.4,True,3200,1000,,False,False,strict_complete_cells,paper_protocol_strict_feasible_subset
shuttle,3013,95,3200,0.4,True,3200,1000,,False,False,strict_complete_cells,paper_protocol_strict_feasible_subset
shuttle,3014,96,3200,0.4,True,3200,1000,,False,False,strict_complete_cells,paper_protocol_strict_feasible_subset
shuttle,3015,97,3200,0.4,True,3200,1000,,False,False,strict_complete_cells,paper_protocol_strict_feasible_subset
shuttle,3016,98,3200,0.4,True,3200,1000,,False,False,strict_complete_cells,paper_protocol_strict_feasible_subset
shuttle,3017,99,3200,0.4,True,3200,1000,,False,False,strict_complete_cells,paper_protocol_strict_feasible_subset
shuttle,3018,0,3200,0.6,True,3200,1000,,True,True,strict_complete_cells,paper_protocol_strict_feasible_subset
shuttle,3019,1,3200,0.6,True,3200,1000,,True,True,strict_complete_cells,paper_protocol_strict_feasible_subset
shuttle,3020,2,3200,0.6,True,3200,1000,,True,True,strict_complete_cells,paper_protocol_strict_feasible_subset
shuttle,3021,3,3200,0.6,True,3200,1000,,True,True,strict_complete_cells,paper_protocol_strict_feasible_subset
shuttle,3022,4,3200,0.6,True,3200,1000,,True,True,strict_complete_cells,paper_protocol_strict_feasible_subset
shuttle,3023,5,3200,0.6,True,3200,1000,,True,True,strict_complete_cells,paper_protocol_strict_feasible_subset
shuttle,3024,6,3200,0.6,True,3200,1000,,True,True,strict_complete_cells,paper_protocol_strict_feasible_subset
shuttle,3025,7,3200,0.6,True,3200,1000,,True,True,strict_complete_cells,paper_protocol_strict_feasible_subset
shuttle,3026,8,3200,0.6,True,3200,1000,,True,True,strict_complete_cells,paper_protocol_strict_feasible_subset
shuttle,3027,9,3200,0.6,True,3200,1000,,True,True,strict_complete_cells,paper_protocol_strict_feasible_subset
shuttle,3028,10,3200,0.6,True,3200,1000,,True,True,strict_complete_cells,paper_protocol_strict_feasible_subset
shuttle,3029,11,3200,0.6,True,3200,1000,,True,True,strict_complete_cells,paper_protocol_strict_feasible_subset
shuttle,3030,12,3200,0.6,True,3200,1000,,True,True,strict_complete_cells,paper_protocol_strict_feasible_subset
shuttle,3031,13,3200,0.6,True,3200,1000,,True,True,strict_complete_cells,paper_protocol_strict_feasible_subset
shuttle,3032,14,3200,0.6,True,3200,1000,,True,True,strict_complete_cells,paper_protocol_strict_feasible_subset
shuttle,3033,15,3200,0.6,True,3200,1000,,True,True,strict_complete_cells,paper_protocol_strict_feasible_subset
shuttle,3034,16,3200,0.6,True,3200,1000,,True,True,strict_complete_cells,paper_protocol_strict_feasible_subset
shuttle,3035,17,3200,0.6,True,3200,1000,,True,True,strict_complete_cells,paper_protocol_strict_feasible_subset
shuttle,3036,18,3200,0.6,True,3200,1000,,True,True,strict_complete_cells,paper_protocol_strict_feasible_subset
shuttle,3037,19,3200,0.6,True,3200,1000,,True,True,strict_complete_cells,paper_protocol_strict_feasible_subset
shuttle,3038,20,3200,0.6,True,3200,1000,,True,True,strict_complete_cells,paper_protocol_strict_feasible_subset
shuttle,3039,21,3200,0.6,True,3200,1000,,True,True,strict_complete_cells,paper_protocol_strict_feasible_subset
shuttle,3040,22,3200,0.6,True,3200,1000,,True,True,strict_complete_cells,paper_protocol_strict_feasible_subset
shuttle,3041,23,3200,0.6,True,3200,1000,,True,True,strict_complete_cells,paper_protocol_strict_feasible_subset
shuttle,3042,24,3200,0.6,True,3200,1000,,True,True,strict_complete_cells,paper_protocol_strict_feasible_subset
shuttle,3043,25,3200,0.6,True,3200,1000,,True,True,strict_complete_cells,paper_protocol_strict_feasible_subset
shuttle,3044,26,3200,0.6,True,3200,1000,,True,True,strict_complete_cells,paper_protocol_strict_feasible_subset
shuttle,3045,27,3200,0.6,True,3200,1000,,True,True,strict_complete_cells,paper_protocol_strict_feasible_subset
shuttle,3046,28,3200,0.6,True,3200,1000,,True,True,strict_complete_cells,paper_protocol_strict_feasible_subset
shuttle,3047,29,3200,0.6,True,3200,1000,,True,True,strict_complete_cells,paper_protocol_strict_feasible_subset
shuttle,3048,30,3200,0.6,True,3200,1000,,True,True,strict_complete_cells,paper_protocol_strict_feasible_subset
shuttle,3049,31,3200,0.6,True,3200,1000,,True,True,strict_complete_cells,paper_protocol_strict_feasible_subset
shuttle,3050,32,3200,0.6,True,3200,1000,,True,True,strict_complete_cells,paper_protocol_strict_feasible_subset
shuttle,3051,33,3200,0.6,True,3200,1000,,True,True,strict_complete_cells,paper_protocol_strict_feasible_subset
shuttle,3052,34,3200,0.6,True,3200,1000,,True,True,strict_complete_cells,paper_protocol_strict_feasible_subset
shuttle,3053,35,3200,0.6,True,3200,1000,,True,True,strict_complete_cells,paper_protocol_strict_feasible_subset
shuttle,3054,36,3200,0.6,True,3200,1000,,True,True,strict_complete_cells,paper_protocol_strict_feasible_subset
shuttle,3055,37,3200,0.6,True,3200,1000,,True,True,strict_complete_cells,paper_protocol_strict_feasible_subset
shuttle,3056,38,3200,0.6,True,3200,1000,,True,True,strict_complete_cells,paper_protocol_strict_feasible_subset
shuttle,3057,39,3200,0.6,True,3200,1000,,True,True,strict_complete_cells,paper_protocol_strict_feasible_subset
shuttle,3058,40,3200,0.6,True,3200,1000,,True,True,strict_complete_cells,paper_protocol_strict_feasible_subset
shuttle,3059,41,3200,0.6,True,3200,1000,,True,True,strict_complete_cells,paper_protocol_strict_feasible_subset
shuttle,3060,42,3200,0.6,True,3200,1000,,True,True,strict_complete_cells,paper_protocol_strict_feasible_subset
shuttle,3061,43,3200,0.6,True,3200,1000,,True,True,strict_complete_cells,paper_protocol_strict_feasible_subset
shuttle,3062,44,3200,0.6,True,3200,1000,,True,True,strict_complete_cells,paper_protocol_strict_feasible_subset
shuttle,3063,45,3200,0.6,True,3200,1000,,True,True,strict_complete_cells,paper_protocol_strict_feasible_subset
shuttle,3064,46,3200,0.6,True,3200,1000,,True,True,strict_complete_cells,paper_protocol_strict_feasible_subset
shuttle,3065,47,3200,0.6,True,3200,1000,,True,True,strict_complete_cells,paper_protocol_strict_feasible_subset
shuttle,3066,48,3200,0.6,True,3200,1000,,True,True,strict_complete_cells,paper_protocol_strict_feasible_subset
shuttle,3067,49,3200,0.6,True,3200,1000,,True,True,strict_complete_cells,paper_protocol_strict_feasible_subset
shuttle,3068,50,3200,0.6,True,3200,1000,,True,True,strict_complete_cells,paper_protocol_strict_feasible_subset
shuttle,3069,51,3200,0.6,True,3200,1000,,True,True,strict_complete_cells,paper_protocol_strict_feasible_subset
shuttle,3070,52,3200,0.6,True,3200,1000,,True,True,strict_complete_cells,paper_protocol_strict_feasible_subset
shuttle,3071,53,3200,0.6,True,3200,1000,,True,True,strict_complete_cells,paper_protocol_strict_feasible_subset
shuttle,3072,54,3200,0.6,True,3200,1000,,True,True,strict_complete_cells,paper_protocol_strict_feasible_subset
shuttle,3073,55,3200,0.6,True,3200,1000,,True,True,strict_complete_cells,paper_protocol_strict_feasible_subset
shuttle,3074,56,3200,0.6,True,3200,1000,,True,True,strict_complete_cells,paper_protocol_strict_feasible_subset
shuttle,3075,57,3200,0.6,True,3200,1000,,True,True,strict_complete_cells,paper_protocol_strict_feasible_subset
shuttle,3076,58,3200,0.6,True,3200,1000,,True,True,strict_complete_cells,paper_protocol_strict_feasible_subset
shuttle,3077,59,3200,0.6,True,3200,1000,,True,True,strict_complete_cells,paper_protocol_strict_feasible_subset
shuttle,3078,60,3200,0.6,True,3200,1000,,True,True,strict_complete_cells,paper_protocol_strict_feasible_subset
shuttle,3079,61,3200,0.6,True,3200,1000,,True,True,strict_complete_cells,paper_protocol_strict_feasible_subset
shuttle,3080,62,3200,0.6,True,3200,1000,,True,True,strict_complete_cells,paper_protocol_strict_feasible_subset
shuttle,3081,63,3200,0.6,True,3200,1000,,True,True,strict_complete_cells,paper_protocol_strict_feasible_subset
shuttle,3082,64,3200,0.6,True,3200,1000,,True,True,strict_complete_cells,paper_protocol_strict_feasible_subset
shuttle,3083,65,3200,0.6,True,3200,1000,,True,True,strict_complete_cells,paper_protocol_strict_feasible_subset
shuttle,3084,66,3200,0.6,True,3200,1000,,True,True,strict_complete_cells,paper_protocol_strict_feasible_subset
shuttle,3085,67,3200,0.6,True,3200,1000,,True,True,strict_complete_cells,paper_protocol_strict_feasible_subset
shuttle,3086,68,3200,0.6,True,3200,1000,,True,True,strict_complete_cells,paper_protocol_strict_feasible_subset
shuttle,3087,69,3200,0.6,True,3200,1000,,True,True,strict_complete_cells,paper_protocol_strict_feasible_subset
shuttle,3088,70,3200,0.6,True,3200,1000,,True,True,strict_complete_cells,paper_protocol_strict_feasible_subset
shuttle,3089,71,3200,0.6,True,3200,1000,,True,True,strict_complete_cells,paper_protocol_strict_feasible_subset
shuttle,3090,72,3200,0.6,True,3200,1000,,True,True,strict_complete_cells,paper_protocol_strict_feasible_subset
shuttle,3091,73,3200,0.6,True,3200,1000,,True,True,strict_complete_cells,paper_protocol_strict_feasible_subset
shuttle,3092,74,3200,0.6,True,3200,1000,,True,True,strict_complete_cells,paper_protocol_strict_feasible_subset
shuttle,3093,75,3200,0.6,True,3200,1000,,True,True,strict_complete_cells,paper_protocol_strict_feasible_subset
shuttle,3094,76,3200,0.6,True,3200,1000,,True,True,strict_complete_cells,paper_protocol_strict_feasible_subset
shuttle,3095,77,3200,0.6,True,3200,1000,,True,True,strict_complete_cells,paper_protocol_strict_feasible_subset
shuttle,3096,78,3200,0.6,True,3200,1000,,True,True,strict_complete_cells,paper_protocol_strict_feasible_subset
shuttle,3097,79,3200,0.6,True,3200,1000,,True,True,strict_complete_cells,paper_protocol_strict_feasible_subset
shuttle,3098,80,3200,0.6,True,3200,1000,,True,True,strict_complete_cells,paper_protocol_strict_feasible_subset
shuttle,3099,81,3200,0.6,True,3200,1000,,True,True,strict_complete_cells,paper_protocol_strict_feasible_subset
shuttle,3100,82,3200,0.6,True,3200,1000,,True,True,strict_complete_cells,paper_protocol_strict_feasible_subset
shuttle,3101,83,3200,0.6,True,3200,1000,,True,True,strict_complete_cells,paper_protocol_strict_feasible_subset
shuttle,3102,84,3200,0.6,True,3200,1000,,True,True,strict_complete_cells,paper_protocol_strict_feasible_subset
shuttle,3103,85,3200,0.6,True,3200,1000,,True,True,strict_complete_cells,paper_protocol_strict_feasible_subset
shuttle,3104,86,3200,0.6,True,3200,1000,,True,True,strict_complete_cells,paper_protocol_strict_feasible_subset
shuttle,3105,87,3200,0.6,True,3200,1000,,True,True,strict_complete_cells,paper_protocol_strict_feasible_subset
shuttle,3106,88,3200,0.6,True,3200,1000,,True,True,strict_complete_cells,paper_protocol_strict_feasible_subset
shuttle,3107,89,3200,0.6,True,3200,1000,,True,True,strict_complete_cells,paper_protocol_strict_feasible_subset
shuttle,3108,90,3200,0.6,True,3200,1000,,True,True,strict_complete_cells,paper_protocol_strict_feasible_subset
shuttle,3109,91,3200,0.6,True,3200,1000,,True,True,strict_complete_cells,paper_protocol_strict_feasible_subset
shuttle,3110,92,3200,0.6,True,3200,1000,,True,True,strict_complete_cells,paper_protocol_strict_feasible_subset
shuttle,3111,93,3200,0.6,True,3200,1000,,True,True,strict_complete_cells,paper_protocol_strict_feasible_subset
shuttle,3112,94,3200,0.6,True,3200,1000,,True,True,strict_complete_cells,paper_protocol_strict_feasible_subset
shuttle,3113,95,3200,0.6,True,3200,1000,,True,True,strict_complete_cells,paper_protocol_strict_feasible_subset
shuttle,3114,96,3200,0.6,True,3200,1000,,True,True,strict_complete_cells,paper_protocol_strict_feasible_subset
shuttle,3115,97,3200,0.6,True,3200,1000,,True,True,strict_complete_cells,paper_protocol_strict_feasible_subset
shuttle,3116,98,3200,0.6,True,3200,1000,,True,True,strict_complete_cells,paper_protocol_strict_feasible_subset
shuttle,3117,99,3200,0.6,True,3200,1000,,True,True,strict_complete_cells,paper_protocol_strict_feasible_subset
shuttle,3118,0,3200,0.8,True,3200,1000,,True,True,strict_complete_cells,paper_protocol_strict_feasible_subset
shuttle,3119,1,3200,0.8,True,3200,1000,,True,True,strict_complete_cells,paper_protocol_strict_feasible_subset
shuttle,3120,2,3200,0.8,True,3200,1000,,True,True,strict_complete_cells,paper_protocol_strict_feasible_subset
shuttle,3121,3,3200,0.8,True,3200,1000,,True,True,strict_complete_cells,paper_protocol_strict_feasible_subset
shuttle,3122,4,3200,0.8,True,3200,1000,,True,True,strict_complete_cells,paper_protocol_strict_feasible_subset
shuttle,3123,5,3200,0.8,True,3200,1000,,True,True,strict_complete_cells,paper_protocol_strict_feasible_subset
shuttle,3124,6,3200,0.8,True,3200,1000,,True,True,strict_complete_cells,paper_protocol_strict_feasible_subset
shuttle,3125,7,3200,0.8,True,3200,1000,,True,True,strict_complete_cells,paper_protocol_strict_feasible_subset
shuttle,3126,8,3200,0.8,True,3200,1000,,True,True,strict_complete_cells,paper_protocol_strict_feasible_subset
shuttle,3127,9,3200,0.8,True,3200,1000,,True,True,strict_complete_cells,paper_protocol_strict_feasible_subset
shuttle,3128,10,3200,0.8,True,3200,1000,,True,True,strict_complete_cells,paper_protocol_strict_feasible_subset
shuttle,3129,11,3200,0.8,True,3200,1000,,True,True,strict_complete_cells,paper_protocol_strict_feasible_subset
shuttle,3130,12,3200,0.8,True,3200,1000,,True,True,strict_complete_cells,paper_protocol_strict_feasible_subset
shuttle,3131,13,3200,0.8,True,3200,1000,,True,True,strict_complete_cells,paper_protocol_strict_feasible_subset
shuttle,3132,14,3200,0.8,True,3200,1000,,True,True,strict_complete_cells,paper_protocol_strict_feasible_subset
shuttle,3133,15,3200,0.8,True,3200,1000,,True,True,strict_complete_cells,paper_protocol_strict_feasible_subset
shuttle,3134,16,3200,0.8,True,3200,1000,,True,True,strict_complete_cells,paper_protocol_strict_feasible_subset
shuttle,3135,17,3200,0.8,True,3200,1000,,True,True,strict_complete_cells,paper_protocol_strict_feasible_subset
shuttle,3136,18,3200,0.8,True,3200,1000,,True,True,strict_complete_cells,paper_protocol_strict_feasible_subset
shuttle,3137,19,3200,0.8,True,3200,1000,,True,True,strict_complete_cells,paper_protocol_strict_feasible_subset
shuttle,3138,20,3200,0.8,True,3200,1000,,True,True,strict_complete_cells,paper_protocol_strict_feasible_subset
shuttle,3139,21,3200,0.8,True,3200,1000,,True,True,strict_complete_cells,paper_protocol_strict_feasible_subset
shuttle,3140,22,3200,0.8,True,3200,1000,,True,True,strict_complete_cells,paper_protocol_strict_feasible_subset
shuttle,3141,23,3200,0.8,True,3200,1000,,True,True,strict_complete_cells,paper_protocol_strict_feasible_subset
shuttle,3142,24,3200,0.8,True,3200,1000,,True,True,strict_complete_cells,paper_protocol_strict_feasible_subset
shuttle,3143,25,3200,0.8,True,3200,1000,,True,True,strict_complete_cells,paper_protocol_strict_feasible_subset
shuttle,3144,26,3200,0.8,True,3200,1000,,True,True,strict_complete_cells,paper_protocol_strict_feasible_subset
shuttle,3145,27,3200,0.8,True,3200,1000,,True,True,strict_complete_cells,paper_protocol_strict_feasible_subset
shuttle,3146,28,3200,0.8,True,3200,1000,,True,True,strict_complete_cells,paper_protocol_strict_feasible_subset
shuttle,3147,29,3200,0.8,True,3200,1000,,True,True,strict_complete_cells,paper_protocol_strict_feasible_subset
shuttle,3148,30,3200,0.8,True,3200,1000,,True,True,strict_complete_cells,paper_protocol_strict_feasible_subset
shuttle,3149,31,3200,0.8,True,3200,1000,,True,True,strict_complete_cells,paper_protocol_strict_feasible_subset
shuttle,3150,32,3200,0.8,True,3200,1000,,True,True,strict_complete_cells,paper_protocol_strict_feasible_subset
shuttle,3151,33,3200,0.8,True,3200,1000,,True,True,strict_complete_cells,paper_protocol_strict_feasible_subset
shuttle,3152,34,3200,0.8,True,3200,1000,,True,True,strict_complete_cells,paper_protocol_strict_feasible_subset
shuttle,3153,35,3200,0.8,True,3200,1000,,True,True,strict_complete_cells,paper_protocol_strict_feasible_subset
shuttle,3154,36,3200,0.8,True,3200,1000,,True,True,strict_complete_cells,paper_protocol_strict_feasible_subset
shuttle,3155,37,3200,0.8,True,3200,1000,,True,True,strict_complete_cells,paper_protocol_strict_feasible_subset
shuttle,3156,38,3200,0.8,True,3200,1000,,True,True,strict_complete_cells,paper_protocol_strict_feasible_subset
shuttle,3157,39,3200,0.8,True,3200,1000,,True,True,strict_complete_cells,paper_protocol_strict_feasible_subset
shuttle,3158,40,3200,0.8,True,3200,1000,,True,True,strict_complete_cells,paper_protocol_strict_feasible_subset
shuttle,3159,41,3200,0.8,True,3200,1000,,True,True,strict_complete_cells,paper_protocol_strict_feasible_subset
shuttle,3160,42,3200,0.8,True,3200,1000,,True,True,strict_complete_cells,paper_protocol_strict_feasible_subset
shuttle,3161,43,3200,0.8,True,3200,1000,,True,True,strict_complete_cells,paper_protocol_strict_feasible_subset
shuttle,3162,44,3200,0.8,True,3200,1000,,True,True,strict_complete_cells,paper_protocol_strict_feasible_subset
shuttle,3163,45,3200,0.8,True,3200,1000,,True,True,strict_complete_cells,paper_protocol_strict_feasible_subset
shuttle,3164,46,3200,0.8,True,3200,1000,,True,True,strict_complete_cells,paper_protocol_strict_feasible_subset
shuttle,3165,47,3200,0.8,True,3200,1000,,True,True,strict_complete_cells,paper_protocol_strict_feasible_subset
shuttle,3166,48,3200,0.8,True,3200,1000,,True,True,strict_complete_cells,paper_protocol_strict_feasible_subset
shuttle,3167,49,3200,0.8,True,3200,1000,,True,True,strict_complete_cells,paper_protocol_strict_feasible_subset
shuttle,3168,50,3200,0.8,True,3200,1000,,True,True,strict_complete_cells,paper_protocol_strict_feasible_subset
shuttle,3169,51,3200,0.8,True,3200,1000,,True,True,strict_complete_cells,paper_protocol_strict_feasible_subset
shuttle,3170,52,3200,0.8,True,3200,1000,,True,True,strict_complete_cells,paper_protocol_strict_feasible_subset
shuttle,3171,53,3200,0.8,True,3200,1000,,True,True,strict_complete_cells,paper_protocol_strict_feasible_subset
shuttle,3172,54,3200,0.8,True,3200,1000,,True,True,strict_complete_cells,paper_protocol_strict_feasible_subset
shuttle,3173,55,3200,0.8,True,3200,1000,,True,True,strict_complete_cells,paper_protocol_strict_feasible_subset
shuttle,3174,56,3200,0.8,True,3200,1000,,True,True,strict_complete_cells,paper_protocol_strict_feasible_subset
shuttle,3175,57,3200,0.8,True,3200,1000,,True,True,strict_complete_cells,paper_protocol_strict_feasible_subset
shuttle,3176,58,3200,0.8,True,3200,1000,,True,True,strict_complete_cells,paper_protocol_strict_feasible_subset
shuttle,3177,59,3200,0.8,True,3200,1000,,True,True,strict_complete_cells,paper_protocol_strict_feasible_subset
shuttle,3178,60,3200,0.8,True,3200,1000,,True,True,strict_complete_cells,paper_protocol_strict_feasible_subset
shuttle,3179,61,3200,0.8,True,3200,1000,,True,True,strict_complete_cells,paper_protocol_strict_feasible_subset
shuttle,3180,62,3200,0.8,True,3200,1000,,True,True,strict_complete_cells,paper_protocol_strict_feasible_subset
shuttle,3181,63,3200,0.8,True,3200,1000,,True,True,strict_complete_cells,paper_protocol_strict_feasible_subset
shuttle,3182,64,3200,0.8,True,3200,1000,,True,True,strict_complete_cells,paper_protocol_strict_feasible_subset
shuttle,3183,65,3200,0.8,True,3200,1000,,True,True,strict_complete_cells,paper_protocol_strict_feasible_subset
shuttle,3184,66,3200,0.8,True,3200,1000,,True,True,strict_complete_cells,paper_protocol_strict_feasible_subset
shuttle,3185,67,3200,0.8,True,3200,1000,,True,True,strict_complete_cells,paper_protocol_strict_feasible_subset
shuttle,3186,68,3200,0.8,True,3200,1000,,True,True,strict_complete_cells,paper_protocol_strict_feasible_subset
shuttle,3187,69,3200,0.8,True,3200,1000,,True,True,strict_complete_cells,paper_protocol_strict_feasible_subset
shuttle,3188,70,3200,0.8,True,3200,1000,,True,True,strict_complete_cells,paper_protocol_strict_feasible_subset
shuttle,3189,71,3200,0.8,True,3200,1000,,True,True,strict_complete_cells,paper_protocol_strict_feasible_subset
shuttle,3190,72,3200,0.8,True,3200,1000,,True,True,strict_complete_cells,paper_protocol_strict_feasible_subset
shuttle,3191,73,3200,0.8,True,3200,1000,,True,True,strict_complete_cells,paper_protocol_strict_feasible_subset
shuttle,3192,74,3200,0.8,True,3200,1000,,True,True,strict_complete_cells,paper_protocol_strict_feasible_subset
shuttle,3193,75,3200,0.8,True,3200,1000,,True,True,strict_complete_cells,paper_protocol_strict_feasible_subset
shuttle,3194,76,3200,0.8,True,3200,1000,,True,True,strict_complete_cells,paper_protocol_strict_feasible_subset
shuttle,3195,77,3200,0.8,True,3200,1000,,True,True,strict_complete_cells,paper_protocol_strict_feasible_subset
shuttle,3196,78,3200,0.8,True,3200,1000,,True,True,strict_complete_cells,paper_protocol_strict_feasible_subset
shuttle,3197,79,3200,0.8,True,3200,1000,,True,True,strict_complete_cells,paper_protocol_strict_feasible_subset
shuttle,3198,80,3200,0.8,True,3200,1000,,True,True,strict_complete_cells,paper_protocol_strict_feasible_subset
shuttle,3199,81,3200,0.8,True,3200,1000,,True,True,strict_complete_cells,paper_protocol_strict_feasible_subset
shuttle,3200,82,3200,0.8,True,3200,1000,,True,True,strict_complete_cells,paper_protocol_strict_feasible_subset
shuttle,3201,83,3200,0.8,True,3200,1000,,True,True,strict_complete_cells,paper_protocol_strict_feasible_subset
shuttle,3202,84,3200,0.8,True,3200,1000,,True,True,strict_complete_cells,paper_protocol_strict_feasible_subset
shuttle,3203,85,3200,0.8,True,3200,1000,,True,True,strict_complete_cells,paper_protocol_strict_feasible_subset
shuttle,3204,86,3200,0.8,True,3200,1000,,True,True,strict_complete_cells,paper_protocol_strict_feasible_subset
shuttle,3205,87,3200,0.8,True,3200,1000,,True,True,strict_complete_cells,paper_protocol_strict_feasible_subset
shuttle,3206,88,3200,0.8,True,3200,1000,,True,True,strict_complete_cells,paper_protocol_strict_feasible_subset
shuttle,3207,89,3200,0.8,True,3200,1000,,True,True,strict_complete_cells,paper_protocol_strict_feasible_subset
shuttle,3208,90,3200,0.8,True,3200,1000,,True,True,strict_complete_cells,paper_protocol_strict_feasible_subset
shuttle,3209,91,3200,0.8,True,3200,1000,,True,True,strict_complete_cells,paper_protocol_strict_feasible_subset
shuttle,3210,92,3200,0.8,True,3200,1000,,True,True,strict_complete_cells,paper_protocol_strict_feasible_subset
shuttle,3211,93,3200,0.8,True,3200,1000,,True,True,strict_complete_cells,paper_protocol_strict_feasible_subset
shuttle,3212,94,3200,0.8,True,3200,1000,,True,True,strict_complete_cells,paper_protocol_strict_feasible_subset
shuttle,3213,95,3200,0.8,True,3200,1000,,True,True,strict_complete_cells,paper_protocol_strict_feasible_subset
shuttle,3214,96,3200,0.8,True,3200,1000,,True,True,strict_complete_cells,paper_protocol_strict_feasible_subset
shuttle,3215,97,3200,0.8,True,3200,1000,,True,True,strict_complete_cells,paper_protocol_strict_feasible_subset
shuttle,3216,98,3200,0.8,True,3200,1000,,True,True,strict_complete_cells,paper_protocol_strict_feasible_subset
shuttle,3217,99,3200,0.8,True,3200,1000,,True,True,strict_complete_cells,paper_protocol_strict_feasible_subset
pageblocks,2018,0,800,0.2,False,401,519,unlabeled_pool|holdout_pool,False,False,strict_complete_cells,paper_protocol_strict_feasible_subset
pageblocks,2019,1,800,0.2,False,414,506,unlabeled_pool|holdout_pool,False,False,strict_complete_cells,paper_protocol_strict_feasible_subset
pageblocks,2020,2,800,0.2,False,426,494,unlabeled_pool|holdout_pool,False,False,strict_complete_cells,paper_protocol_strict_feasible_subset
pageblocks,2021,3,800,0.2,False,422,498,unlabeled_pool|holdout_pool,False,False,strict_complete_cells,paper_protocol_strict_feasible_subset
pageblocks,2022,4,800,0.2,False,413,507,unlabeled_pool|holdout_pool,False,False,strict_complete_cells,paper_protocol_strict_feasible_subset
pageblocks,2023,5,800,0.2,False,408,512,unlabeled_pool|holdout_pool,False,False,strict_complete_cells,paper_protocol_strict_feasible_subset
pageblocks,2024,6,800,0.2,False,413,507,unlabeled_pool|holdout_pool,False,False,strict_complete_cells,paper_protocol_strict_feasible_subset
pageblocks,2025,7,800,0.2,False,422,498,unlabeled_pool|holdout_pool,False,False,strict_complete_cells,paper_protocol_strict_feasible_subset
pageblocks,2026,8,800,0.2,False,406,514,unlabeled_pool|holdout_pool,False,False,strict_complete_cells,paper_protocol_strict_feasible_subset
pageblocks,2027,9,800,0.2,False,406,514,unlabeled_pool|holdout_pool,False,False,strict_complete_cells,paper_protocol_strict_feasible_subset
pageblocks,2028,10,800,0.2,False,419,501,unlabeled_pool|holdout_pool,False,False,strict_complete_cells,paper_protocol_strict_feasible_subset
pageblocks,2029,11,800,0.2,False,411,509,unlabeled_pool|holdout_pool,False,False,strict_complete_cells,paper_protocol_strict_feasible_subset
pageblocks,2030,12,800,0.2,False,405,515,unlabeled_pool|holdout_pool,False,False,strict_complete_cells,paper_protocol_strict_feasible_subset
pageblocks,2031,13,800,0.2,False,399,521,unlabeled_pool|holdout_pool,False,False,strict_complete_cells,paper_protocol_strict_feasible_subset
pageblocks,2032,14,800,0.2,False,409,511,unlabeled_pool|holdout_pool,False,False,strict_complete_cells,paper_protocol_strict_feasible_subset
pageblocks,2033,15,800,0.2,False,427,493,unlabeled_pool|holdout_pool,False,False,strict_complete_cells,paper_protocol_strict_feasible_subset
pageblocks,2034,16,800,0.2,False,417,503,unlabeled_pool|holdout_pool,False,False,strict_complete_cells,paper_protocol_strict_feasible_subset
pageblocks,2035,17,800,0.2,False,398,522,unlabeled_pool|holdout_pool,False,False,strict_complete_cells,paper_protocol_strict_feasible_subset
pageblocks,2036,18,800,0.2,False,429,491,unlabeled_pool|holdout_pool,False,False,strict_complete_cells,paper_protocol_strict_feasible_subset
pageblocks,2037,19,800,0.2,False,407,513,unlabeled_pool|holdout_pool,False,False,strict_complete_cells,paper_protocol_strict_feasible_subset
pageblocks,2038,20,800,0.2,False,415,505,unlabeled_pool|holdout_pool,False,False,strict_complete_cells,paper_protocol_strict_feasible_subset
pageblocks,2039,21,800,0.2,False,421,499,unlabeled_pool|holdout_pool,False,False,strict_complete_cells,paper_protocol_strict_feasible_subset
pageblocks,2040,22,800,0.2,False,415,505,unlabeled_pool|holdout_pool,False,False,strict_complete_cells,paper_protocol_strict_feasible_subset
pageblocks,2041,23,800,0.2,False,417,503,unlabeled_pool|holdout_pool,False,False,strict_complete_cells,paper_protocol_strict_feasible_subset
pageblocks,2042,24,800,0.2,False,407,513,unlabeled_pool|holdout_pool,False,False,strict_complete_cells,paper_protocol_strict_feasible_subset
pageblocks,2043,25,800,0.2,False,393,527,unlabeled_pool|holdout_pool,False,False,strict_complete_cells,paper_protocol_strict_feasible_subset
pageblocks,2044,26,800,0.2,False,412,508,unlabeled_pool|holdout_pool,False,False,strict_complete_cells,paper_protocol_strict_feasible_subset
pageblocks,2045,27,800,0.2,False,416,504,unlabeled_pool|holdout_pool,False,False,strict_complete_cells,paper_protocol_strict_feasible_subset
pageblocks,2046,28,800,0.2,False,403,517,unlabeled_pool|holdout_pool,False,False,strict_complete_cells,paper_protocol_strict_feasible_subset
pageblocks,2047,29,800,0.2,False,423,497,unlabeled_pool|holdout_pool,False,False,strict_complete_cells,paper_protocol_strict_feasible_subset
pageblocks,2048,30,800,0.2,False,418,502,unlabeled_pool|holdout_pool,False,False,strict_complete_cells,paper_protocol_strict_feasible_subset
pageblocks,2049,31,800,0.2,False,411,509,unlabeled_pool|holdout_pool,False,False,strict_complete_cells,paper_protocol_strict_feasible_subset
pageblocks,2050,32,800,0.2,False,406,514,unlabeled_pool|holdout_pool,False,False,strict_complete_cells,paper_protocol_strict_feasible_subset
pageblocks,2051,33,800,0.2,False,411,509,unlabeled_pool|holdout_pool,False,False,strict_complete_cells,paper_protocol_strict_feasible_subset
pageblocks,2052,34,800,0.2,False,399,521,unlabeled_pool|holdout_pool,False,False,strict_complete_cells,paper_protocol_strict_feasible_subset
pageblocks,2053,35,800,0.2,False,394,526,unlabeled_pool|holdout_pool,False,False,strict_complete_cells,paper_protocol_strict_feasible_subset
pageblocks,2054,36,800,0.2,False,399,521,unlabeled_pool|holdout_pool,False,False,strict_complete_cells,paper_protocol_strict_feasible_subset
pageblocks,2055,37,800,0.2,False,409,511,unlabeled_pool|holdout_pool,False,False,strict_complete_cells,paper_protocol_strict_feasible_subset
pageblocks,2056,38,800,0.2,False,399,521,unlabeled_pool|holdout_pool,False,False,strict_complete_cells,paper_protocol_strict_feasible_subset
pageblocks,2057,39,800,0.2,False,419,501,unlabeled_pool|holdout_pool,False,False,strict_complete_cells,paper_protocol_strict_feasible_subset
pageblocks,2058,40,800,0.2,False,429,491,unlabeled_pool|holdout_pool,False,False,strict_complete_cells,paper_protocol_strict_feasible_subset
pageblocks,2059,41,800,0.2,False,423,497,unlabeled_pool|holdout_pool,False,False,strict_complete_cells,paper_protocol_strict_feasible_subset
pageblocks,2060,42,800,0.2,False,407,513,unlabeled_pool|holdout_pool,False,False,strict_complete_cells,paper_protocol_strict_feasible_subset
pageblocks,2061,43,800,0.2,False,417,503,unlabeled_pool|holdout_pool,False,False,strict_complete_cells,paper_protocol_strict_feasible_subset
pageblocks,2062,44,800,0.2,False,408,512,unlabeled_pool|holdout_pool,False,False,strict_complete_cells,paper_protocol_strict_feasible_subset
pageblocks,2063,45,800,0.2,False,429,491,unlabeled_pool|holdout_pool,False,False,strict_complete_cells,paper_protocol_strict_feasible_subset
pageblocks,2064,46,800,0.2,False,428,492,unlabeled_pool|holdout_pool,False,False,strict_complete_cells,paper_protocol_strict_feasible_subset
pageblocks,2065,47,800,0.2,False,418,502,unlabeled_pool|holdout_pool,False,False,strict_complete_cells,paper_protocol_strict_feasible_subset
pageblocks,2066,48,800,0.2,False,406,514,unlabeled_pool|holdout_pool,False,False,strict_complete_cells,paper_protocol_strict_feasible_subset
pageblocks,2067,49,800,0.2,False,428,492,unlabeled_pool|holdout_pool,False,False,strict_complete_cells,paper_protocol_strict_feasible_subset
pageblocks,2068,50,800,0.2,False,410,510,unlabeled_pool|holdout_pool,False,False,strict_complete_cells,paper_protocol_strict_feasible_subset
pageblocks,2069,51,800,0.2,False,430,490,unlabeled_pool|holdout_pool,False,False,strict_complete_cells,paper_protocol_strict_feasible_subset
pageblocks,2070,52,800,0.2,False,427,493,unlabeled_pool|holdout_pool,False,False,strict_complete_cells,paper_protocol_strict_feasible_subset
pageblocks,2071,53,800,0.2,False,432,488,unlabeled_pool|holdout_pool,False,False,strict_complete_cells,paper_protocol_strict_feasible_subset
pageblocks,2072,54,800,0.2,False,408,512,unlabeled_pool|holdout_pool,False,False,strict_complete_cells,paper_protocol_strict_feasible_subset
pageblocks,2073,55,800,0.2,False,405,515,unlabeled_pool|holdout_pool,False,False,strict_complete_cells,paper_protocol_strict_feasible_subset
pageblocks,2074,56,800,0.2,False,420,500,unlabeled_pool|holdout_pool,False,False,strict_complete_cells,paper_protocol_strict_feasible_subset
pageblocks,2075,57,800,0.2,False,392,528,unlabeled_pool|holdout_pool,False,False,strict_complete_cells,paper_protocol_strict_feasible_subset
pageblocks,2076,58,800,0.2,False,408,512,unlabeled_pool|holdout_pool,False,False,strict_complete_cells,paper_protocol_strict_feasible_subset
pageblocks,2077,59,800,0.2,False,414,506,unlabeled_pool|holdout_pool,False,False,strict_complete_cells,paper_protocol_strict_feasible_subset
pageblocks,2078,60,800,0.2,False,419,501,unlabeled_pool|holdout_pool,False,False,strict_complete_cells,paper_protocol_strict_feasible_subset
pageblocks,2079,61,800,0.2,False,425,495,unlabeled_pool|holdout_pool,False,False,strict_complete_cells,paper_protocol_strict_feasible_subset
pageblocks,2080,62,800,0.2,False,409,511,unlabeled_pool|holdout_pool,False,False,strict_complete_cells,paper_protocol_strict_feasible_subset
pageblocks,2081,63,800,0.2,False,414,506,unlabeled_pool|holdout_pool,False,False,strict_complete_cells,paper_protocol_strict_feasible_subset
pageblocks,2082,64,800,0.2,False,404,516,unlabeled_pool|holdout_pool,False,False,strict_complete_cells,paper_protocol_strict_feasible_subset
pageblocks,2083,65,800,0.2,False,392,528,unlabeled_pool|holdout_pool,False,False,strict_complete_cells,paper_protocol_strict_feasible_subset
pageblocks,2084,66,800,0.2,False,404,516,unlabeled_pool|holdout_pool,False,False,strict_complete_cells,paper_protocol_strict_feasible_subset
pageblocks,2085,67,800,0.2,False,418,502,unlabeled_pool|holdout_pool,False,False,strict_complete_cells,paper_protocol_strict_feasible_subset
pageblocks,2086,68,800,0.2,False,398,522,unlabeled_pool|holdout_pool,False,False,strict_complete_cells,paper_protocol_strict_feasible_subset
pageblocks,2087,69,800,0.2,False,435,485,unlabeled_pool|holdout_pool,False,False,strict_complete_cells,paper_protocol_strict_feasible_subset
pageblocks,2088,70,800,0.2,False,418,502,unlabeled_pool|holdout_pool,False,False,strict_complete_cells,paper_protocol_strict_feasible_subset
pageblocks,2089,71,800,0.2,False,431,489,unlabeled_pool|holdout_pool,False,False,strict_complete_cells,paper_protocol_strict_feasible_subset
pageblocks,2090,72,800,0.2,False,408,512,unlabeled_pool|holdout_pool,False,False,strict_complete_cells,paper_protocol_strict_feasible_subset
pageblocks,2091,73,800,0.2,False,412,508,unlabeled_pool|holdout_pool,False,False,strict_complete_cells,paper_protocol_strict_feasible_subset
pageblocks,2092,74,800,0.2,False,421,499,unlabeled_pool|holdout_pool,False,False,strict_complete_cells,paper_protocol_strict_feasible_subset
pageblocks,2093,75,800,0.2,False,416,504,unlabeled_pool|holdout_pool,False,False,strict_complete_cells,paper_protocol_strict_feasible_subset
pageblocks,2094,76,800,0.2,False,441,479,unlabeled_pool|holdout_pool,False,False,strict_complete_cells,paper_protocol_strict_feasible_subset
pageblocks,2095,77,800,0.2,False,413,507,unlabeled_pool|holdout_pool,False,False,strict_complete_cells,paper_protocol_strict_feasible_subset
pageblocks,2096,78,800,0.2,False,417,503,unlabeled_pool|holdout_pool,False,False,strict_complete_cells,paper_protocol_strict_feasible_subset
pageblocks,2097,79,800,0.2,False,406,514,unlabeled_pool|holdout_pool,False,False,strict_complete_cells,paper_protocol_strict_feasible_subset
pageblocks,2098,80,800,0.2,False,438,482,unlabeled_pool|holdout_pool,False,False,strict_complete_cells,paper_protocol_strict_feasible_subset
pageblocks,2099,81,800,0.2,False,412,508,unlabeled_pool|holdout_pool,False,False,strict_complete_cells,paper_protocol_strict_feasible_subset
pageblocks,2100,82,800,0.2,False,415,505,unlabeled_pool|holdout_pool,False,False,strict_complete_cells,paper_protocol_strict_feasible_subset
pageblocks,2101,83,800,0.2,False,402,518,unlabeled_pool|holdout_pool,False,False,strict_complete_cells,paper_protocol_strict_feasible_subset
pageblocks,2102,84,800,0.2,False,420,500,unlabeled_pool|holdout_pool,False,False,strict_complete_cells,paper_protocol_strict_feasible_subset
pageblocks,2103,85,800,0.2,False,407,513,unlabeled_pool|holdout_pool,False,False,strict_complete_cells,paper_protocol_strict_feasible_subset
pageblocks,2104,86,800,0.2,False,424,496,unlabeled_pool|holdout_pool,False,False,strict_complete_cells,paper_protocol_strict_feasible_subset
pageblocks,2105,87,800,0.2,False,405,515,unlabeled_pool|holdout_pool,False,False,strict_complete_cells,paper_protocol_strict_feasible_subset
pageblocks,2106,88,800,0.2,False,401,519,unlabeled_pool|holdout_pool,False,False,strict_complete_cells,paper_protocol_strict_feasible_subset
pageblocks,2107,89,800,0.2,False,421,499,unlabeled_pool|holdout_pool,False,False,strict_complete_cells,paper_protocol_strict_feasible_subset
pageblocks,2108,90,800,0.2,False,427,493,unlabeled_pool|holdout_pool,False,False,strict_complete_cells,paper_protocol_strict_feasible_subset
pageblocks,2109,91,800,0.2,False,407,513,unlabeled_pool|holdout_pool,False,False,strict_complete_cells,paper_protocol_strict_feasible_subset
pageblocks,2110,92,800,0.2,False,421,499,unlabeled_pool|holdout_pool,False,False,strict_complete_cells,paper_protocol_strict_feasible_subset
pageblocks,2111,93,800,0.2,False,437,483,unlabeled_pool|holdout_pool,False,False,strict_complete_cells,paper_protocol_strict_feasible_subset
pageblocks,2112,94,800,0.2,False,408,512,unlabeled_pool|holdout_pool,False,False,strict_complete_cells,paper_protocol_strict_feasible_subset
pageblocks,2113,95,800,0.2,False,419,501,unlabeled_pool|holdout_pool,False,False,strict_complete_cells,paper_protocol_strict_feasible_subset
pageblocks,2114,96,800,0.2,False,406,514,unlabeled_pool|holdout_pool,False,False,strict_complete_cells,paper_protocol_strict_feasible_subset
pageblocks,2115,97,800,0.2,False,427,493,unlabeled_pool|holdout_pool,False,False,strict_complete_cells,paper_protocol_strict_feasible_subset
pageblocks,2116,98,800,0.2,False,424,496,unlabeled_pool|holdout_pool,False,False,strict_complete_cells,paper_protocol_strict_feasible_subset
pageblocks,2117,99,800,0.2,False,415,505,unlabeled_pool|holdout_pool,False,False,strict_complete_cells,paper_protocol_strict_feasible_subset
pageblocks,2118,0,800,0.4,False,585,695,unlabeled_pool|holdout_pool,False,False,strict_complete_cells,paper_protocol_strict_feasible_subset
pageblocks,2119,1,800,0.4,False,571,709,unlabeled_pool|holdout_pool,False,False,strict_complete_cells,paper_protocol_strict_feasible_subset
pageblocks,2120,2,800,0.4,False,571,709,unlabeled_pool|holdout_pool,False,False,strict_complete_cells,paper_protocol_strict_feasible_subset
pageblocks,2121,3,800,0.4,False,580,700,unlabeled_pool|holdout_pool,False,False,strict_complete_cells,paper_protocol_strict_feasible_subset
pageblocks,2122,4,800,0.4,False,587,693,unlabeled_pool|holdout_pool,False,False,strict_complete_cells,paper_protocol_strict_feasible_subset
pageblocks,2123,5,800,0.4,False,571,709,unlabeled_pool|holdout_pool,False,False,strict_complete_cells,paper_protocol_strict_feasible_subset
pageblocks,2124,6,800,0.4,False,561,719,unlabeled_pool|holdout_pool,False,False,strict_complete_cells,paper_protocol_strict_feasible_subset
pageblocks,2125,7,800,0.4,False,572,708,unlabeled_pool|holdout_pool,False,False,strict_complete_cells,paper_protocol_strict_feasible_subset
pageblocks,2126,8,800,0.4,False,591,689,unlabeled_pool|holdout_pool,False,False,strict_complete_cells,paper_protocol_strict_feasible_subset
pageblocks,2127,9,800,0.4,False,581,699,unlabeled_pool|holdout_pool,False,False,strict_complete_cells,paper_protocol_strict_feasible_subset
pageblocks,2128,10,800,0.4,False,569,711,unlabeled_pool|holdout_pool,False,False,strict_complete_cells,paper_protocol_strict_feasible_subset
pageblocks,2129,11,800,0.4,False,567,713,unlabeled_pool|holdout_pool,False,False,strict_complete_cells,paper_protocol_strict_feasible_subset
pageblocks,2130,12,800,0.4,False,568,712,unlabeled_pool|holdout_pool,False,False,strict_complete_cells,paper_protocol_strict_feasible_subset
pageblocks,2131,13,800,0.4,False,576,704,unlabeled_pool|holdout_pool,False,False,strict_complete_cells,paper_protocol_strict_feasible_subset
pageblocks,2132,14,800,0.4,False,585,695,unlabeled_pool|holdout_pool,False,False,strict_complete_cells,paper_protocol_strict_feasible_subset
pageblocks,2133,15,800,0.4,False,573,707,unlabeled_pool|holdout_pool,False,False,strict_complete_cells,paper_protocol_strict_feasible_subset
pageblocks,2134,16,800,0.4,False,574,706,unlabeled_pool|holdout_pool,False,False,strict_complete_cells,paper_protocol_strict_feasible_subset
pageblocks,2135,17,800,0.4,False,579,701,unlabeled_pool|holdout_pool,False,False,strict_complete_cells,paper_protocol_strict_feasible_subset
pageblocks,2136,18,800,0.4,False,573,707,unlabeled_pool|holdout_pool,False,False,strict_complete_cells,paper_protocol_strict_feasible_subset
pageblocks,2137,19,800,0.4,False,573,707,unlabeled_pool|holdout_pool,False,False,strict_complete_cells,paper_protocol_strict_feasible_subset
pageblocks,2138,20,800,0.4,False,581,699,unlabeled_pool|holdout_pool,False,False,strict_complete_cells,paper_protocol_strict_feasible_subset
pageblocks,2139,21,800,0.4,False,554,726,unlabeled_pool|holdout_pool,False,False,strict_complete_cells,paper_protocol_strict_feasible_subset
pageblocks,2140,22,800,0.4,False,592,688,unlabeled_pool|holdout_pool,False,False,strict_complete_cells,paper_protocol_strict_feasible_subset
pageblocks,2141,23,800,0.4,False,548,732,unlabeled_pool|holdout_pool,False,False,strict_complete_cells,paper_protocol_strict_feasible_subset
pageblocks,2142,24,800,0.4,False,583,697,unlabeled_pool|holdout_pool,False,False,strict_complete_cells,paper_protocol_strict_feasible_subset
pageblocks,2143,25,800,0.4,False,566,714,unlabeled_pool|holdout_pool,False,False,strict_complete_cells,paper_protocol_strict_feasible_subset
pageblocks,2144,26,800,0.4,False,571,709,unlabeled_pool|holdout_pool,False,False,strict_complete_cells,paper_protocol_strict_feasible_subset
pageblocks,2145,27,800,0.4,False,563,717,unlabeled_pool|holdout_pool,False,False,strict_complete_cells,paper_protocol_strict_feasible_subset
pageblocks,2146,28,800,0.4,False,564,716,unlabeled_pool|holdout_pool,False,False,strict_complete_cells,paper_protocol_strict_feasible_subset
pageblocks,2147,29,800,0.4,False,580,700,unlabeled_pool|holdout_pool,False,False,strict_complete_cells,paper_protocol_strict_feasible_subset
pageblocks,2148,30,800,0.4,False,572,708,unlabeled_pool|holdout_pool,False,False,strict_complete_cells,paper_protocol_strict_feasible_subset
pageblocks,2149,31,800,0.4,False,584,696,unlabeled_pool|holdout_pool,False,False,strict_complete_cells,paper_protocol_strict_feasible_subset
pageblocks,2150,32,800,0.4,False,576,704,unlabeled_pool|holdout_pool,False,False,strict_complete_cells,paper_protocol_strict_feasible_subset
pageblocks,2151,33,800,0.4,False,595,685,unlabeled_pool|holdout_pool,False,False,strict_complete_cells,paper_protocol_strict_feasible_subset
pageblocks,2152,34,800,0.4,False,562,718,unlabeled_pool|holdout_pool,False,False,strict_complete_cells,paper_protocol_strict_feasible_subset
pageblocks,2153,35,800,0.4,False,556,724,unlabeled_pool|holdout_pool,False,False,strict_complete_cells,paper_protocol_strict_feasible_subset
pageblocks,2154,36,800,0.4,False,568,712,unlabeled_pool|holdout_pool,False,False,strict_complete_cells,paper_protocol_strict_feasible_subset
pageblocks,2155,37,800,0.4,False,562,718,unlabeled_pool|holdout_pool,False,False,strict_complete_cells,paper_protocol_strict_feasible_subset
pageblocks,2156,38,800,0.4,False,557,723,unlabeled_pool|holdout_pool,False,False,strict_complete_cells,paper_protocol_strict_feasible_subset
pageblocks,2157,39,800,0.4,False,583,697,unlabeled_pool|holdout_pool,False,False,strict_complete_cells,paper_protocol_strict_feasible_subset
pageblocks,2158,40,800,0.4,False,580,700,unlabeled_pool|holdout_pool,False,False,strict_complete_cells,paper_protocol_strict_feasible_subset
pageblocks,2159,41,800,0.4,False,557,723,unlabeled_pool|holdout_pool,False,False,strict_complete_cells,paper_protocol_strict_feasible_subset
pageblocks,2160,42,800,0.4,False,567,713,unlabeled_pool|holdout_pool,False,False,strict_complete_cells,paper_protocol_strict_feasible_subset
pageblocks,2161,43,800,0.4,False,556,724,unlabeled_pool|holdout_pool,False,False,strict_complete_cells,paper_protocol_strict_feasible_subset
pageblocks,2162,44,800,0.4,False,584,696,unlabeled_pool|holdout_pool,False,False,strict_complete_cells,paper_protocol_strict_feasible_subset
pageblocks,2163,45,800,0.4,False,578,702,unlabeled_pool|holdout_pool,False,False,strict_complete_cells,paper_protocol_strict_feasible_subset
pageblocks,2164,46,800,0.4,False,571,709,unlabeled_pool|holdout_pool,False,False,strict_complete_cells,paper_protocol_strict_feasible_subset
pageblocks,2165,47,800,0.4,False,555,725,unlabeled_pool|holdout_pool,False,False,strict_complete_cells,paper_protocol_strict_feasible_subset
pageblocks,2166,48,800,0.4,False,567,713,unlabeled_pool|holdout_pool,False,False,strict_complete_cells,paper_protocol_strict_feasible_subset
pageblocks,2167,49,800,0.4,False,583,697,unlabeled_pool|holdout_pool,False,False,strict_complete_cells,paper_protocol_strict_feasible_subset
pageblocks,2168,50,800,0.4,False,587,693,unlabeled_pool|holdout_pool,False,False,strict_complete_cells,paper_protocol_strict_feasible_subset
pageblocks,2169,51,800,0.4,False,550,730,unlabeled_pool|holdout_pool,False,False,strict_complete_cells,paper_protocol_strict_feasible_subset
pageblocks,2170,52,800,0.4,False,579,701,unlabeled_pool|holdout_pool,False,False,strict_complete_cells,paper_protocol_strict_feasible_subset
pageblocks,2171,53,800,0.4,False,564,716,unlabeled_pool|holdout_pool,False,False,strict_complete_cells,paper_protocol_strict_feasible_subset
pageblocks,2172,54,800,0.4,False,587,693,unlabeled_pool|holdout_pool,False,False,strict_complete_cells,paper_protocol_strict_feasible_subset
pageblocks,2173,55,800,0.4,False,570,710,unlabeled_pool|holdout_pool,False,False,strict_complete_cells,paper_protocol_strict_feasible_subset
pageblocks,2174,56,800,0.4,False,582,698,unlabeled_pool|holdout_pool,False,False,strict_complete_cells,paper_protocol_strict_feasible_subset
pageblocks,2175,57,800,0.4,False,584,696,unlabeled_pool|holdout_pool,False,False,strict_complete_cells,paper_protocol_strict_feasible_subset
pageblocks,2176,58,800,0.4,False,573,707,unlabeled_pool|holdout_pool,False,False,strict_complete_cells,paper_protocol_strict_feasible_subset
pageblocks,2177,59,800,0.4,False,584,696,unlabeled_pool|holdout_pool,False,False,strict_complete_cells,paper_protocol_strict_feasible_subset
pageblocks,2178,60,800,0.4,False,559,721,unlabeled_pool|holdout_pool,False,False,strict_complete_cells,paper_protocol_strict_feasible_subset
pageblocks,2179,61,800,0.4,False,570,710,unlabeled_pool|holdout_pool,False,False,strict_complete_cells,paper_protocol_strict_feasible_subset
pageblocks,2180,62,800,0.4,False,560,720,unlabeled_pool|holdout_pool,False,False,strict_complete_cells,paper_protocol_strict_feasible_subset
pageblocks,2181,63,800,0.4,False,579,701,unlabeled_pool|holdout_pool,False,False,strict_complete_cells,paper_protocol_strict_feasible_subset
pageblocks,2182,64,800,0.4,False,578,702,unlabeled_pool|holdout_pool,False,False,strict_complete_cells,paper_protocol_strict_feasible_subset
pageblocks,2183,65,800,0.4,False,596,684,unlabeled_pool|holdout_pool,False,False,strict_complete_cells,paper_protocol_strict_feasible_subset
pageblocks,2184,66,800,0.4,False,574,706,unlabeled_pool|holdout_pool,False,False,strict_complete_cells,paper_protocol_strict_feasible_subset
pageblocks,2185,67,800,0.4,False,580,700,unlabeled_pool|holdout_pool,False,False,strict_complete_cells,paper_protocol_strict_feasible_subset
pageblocks,2186,68,800,0.4,False,559,721,unlabeled_pool|holdout_pool,False,False,strict_complete_cells,paper_protocol_strict_feasible_subset
pageblocks,2187,69,800,0.4,False,573,707,unlabeled_pool|holdout_pool,False,False,strict_complete_cells,paper_protocol_strict_feasible_subset
pageblocks,2188,70,800,0.4,False,579,701,unlabeled_pool|holdout_pool,False,False,strict_complete_cells,paper_protocol_strict_feasible_subset
pageblocks,2189,71,800,0.4,False,557,723,unlabeled_pool|holdout_pool,False,False,strict_complete_cells,paper_protocol_strict_feasible_subset
pageblocks,2190,72,800,0.4,False,580,700,unlabeled_pool|holdout_pool,False,False,strict_complete_cells,paper_protocol_strict_feasible_subset
pageblocks,2191,73,800,0.4,False,611,669,unlabeled_pool|holdout_pool,False,False,strict_complete_cells,paper_protocol_strict_feasible_subset
pageblocks,2192,74,800,0.4,False,554,726,unlabeled_pool|holdout_pool,False,False,strict_complete_cells,paper_protocol_strict_feasible_subset
pageblocks,2193,75,800,0.4,False,561,719,unlabeled_pool|holdout_pool,False,False,strict_complete_cells,paper_protocol_strict_feasible_subset
pageblocks,2194,76,800,0.4,False,581,699,unlabeled_pool|holdout_pool,False,False,strict_complete_cells,paper_protocol_strict_feasible_subset
pageblocks,2195,77,800,0.4,False,592,688,unlabeled_pool|holdout_pool,False,False,strict_complete_cells,paper_protocol_strict_feasible_subset
pageblocks,2196,78,800,0.4,False,587,693,unlabeled_pool|holdout_pool,False,False,strict_complete_cells,paper_protocol_strict_feasible_subset
pageblocks,2197,79,800,0.4,False,568,712,unlabeled_pool|holdout_pool,False,False,strict_complete_cells,paper_protocol_strict_feasible_subset
pageblocks,2198,80,800,0.4,False,585,695,unlabeled_pool|holdout_pool,False,False,strict_complete_cells,paper_protocol_strict_feasible_subset
pageblocks,2199,81,800,0.4,False,569,711,unlabeled_pool|holdout_pool,False,False,strict_complete_cells,paper_protocol_strict_feasible_subset
pageblocks,2200,82,800,0.4,False,568,712,unlabeled_pool|holdout_pool,False,False,strict_complete_cells,paper_protocol_strict_feasible_subset
pageblocks,2201,83,800,0.4,False,595,685,unlabeled_pool|holdout_pool,False,False,strict_complete_cells,paper_protocol_strict_feasible_subset
pageblocks,2202,84,800,0.4,False,562,718,unlabeled_pool|holdout_pool,False,False,strict_complete_cells,paper_protocol_strict_feasible_subset
pageblocks,2203,85,800,0.4,False,584,696,unlabeled_pool|holdout_pool,False,False,strict_complete_cells,paper_protocol_strict_feasible_subset
pageblocks,2204,86,800,0.4,False,566,714,unlabeled_pool|holdout_pool,False,False,strict_complete_cells,paper_protocol_strict_feasible_subset
pageblocks,2205,87,800,0.4,False,581,699,unlabeled_pool|holdout_pool,False,False,strict_complete_cells,paper_protocol_strict_feasible_subset
pageblocks,2206,88,800,0.4,False,575,705,unlabeled_pool|holdout_pool,False,False,strict_complete_cells,paper_protocol_strict_feasible_subset
pageblocks,2207,89,800,0.4,False,582,698,unlabeled_pool|holdout_pool,False,False,strict_complete_cells,paper_protocol_strict_feasible_subset
pageblocks,2208,90,800,0.4,False,583,697,unlabeled_pool|holdout_pool,False,False,strict_complete_cells,paper_protocol_strict_feasible_subset
pageblocks,2209,91,800,0.4,False,588,692,unlabeled_pool|holdout_pool,False,False,strict_complete_cells,paper_protocol_strict_feasible_subset
pageblocks,2210,92,800,0.4,False,576,704,unlabeled_pool|holdout_pool,False,False,strict_complete_cells,paper_protocol_strict_feasible_subset
pageblocks,2211,93,800,0.4,False,597,683,unlabeled_pool|holdout_pool,False,False,strict_complete_cells,paper_protocol_strict_feasible_subset
pageblocks,2212,94,800,0.4,False,544,736,unlabeled_pool|holdout_pool,False,False,strict_complete_cells,paper_protocol_strict_feasible_subset
pageblocks,2213,95,800,0.4,False,591,689,unlabeled_pool|holdout_pool,False,False,strict_complete_cells,paper_protocol_strict_feasible_subset
pageblocks,2214,96,800,0.4,False,573,707,unlabeled_pool|holdout_pool,False,False,strict_complete_cells,paper_protocol_strict_feasible_subset
pageblocks,2215,97,800,0.4,False,559,721,unlabeled_pool|holdout_pool,False,False,strict_complete_cells,paper_protocol_strict_feasible_subset
pageblocks,2216,98,800,0.4,False,578,702,unlabeled_pool|holdout_pool,False,False,strict_complete_cells,paper_protocol_strict_feasible_subset
pageblocks,2217,99,800,0.4,False,574,706,unlabeled_pool|holdout_pool,False,False,strict_complete_cells,paper_protocol_strict_feasible_subset
pageblocks,2218,0,800,0.6,False,741,899,unlabeled_pool|holdout_pool,False,False,strict_complete_cells,paper_protocol_strict_feasible_subset
pageblocks,2219,1,800,0.6,False,742,898,unlabeled_pool|holdout_pool,False,False,strict_complete_cells,paper_protocol_strict_feasible_subset
pageblocks,2220,2,800,0.6,False,734,906,unlabeled_pool|holdout_pool,False,False,strict_complete_cells,paper_protocol_strict_feasible_subset
pageblocks,2221,3,800,0.6,False,732,908,unlabeled_pool|holdout_pool,False,False,strict_complete_cells,paper_protocol_strict_feasible_subset
pageblocks,2222,4,800,0.6,False,724,916,unlabeled_pool|holdout_pool,False,False,strict_complete_cells,paper_protocol_strict_feasible_subset
pageblocks,2223,5,800,0.6,False,731,909,unlabeled_pool|holdout_pool,False,False,strict_complete_cells,paper_protocol_strict_feasible_subset
pageblocks,2224,6,800,0.6,False,741,899,unlabeled_pool|holdout_pool,False,False,strict_complete_cells,paper_protocol_strict_feasible_subset
pageblocks,2225,7,800,0.6,False,729,911,unlabeled_pool|holdout_pool,False,False,strict_complete_cells,paper_protocol_strict_feasible_subset
pageblocks,2226,8,800,0.6,False,726,914,unlabeled_pool|holdout_pool,False,False,strict_complete_cells,paper_protocol_strict_feasible_subset
pageblocks,2227,9,800,0.6,False,729,911,unlabeled_pool|holdout_pool,False,False,strict_complete_cells,paper_protocol_strict_feasible_subset
pageblocks,2228,10,800,0.6,False,703,937,unlabeled_pool|holdout_pool,False,False,strict_complete_cells,paper_protocol_strict_feasible_subset
pageblocks,2229,11,800,0.6,False,736,904,unlabeled_pool|holdout_pool,False,False,strict_complete_cells,paper_protocol_strict_feasible_subset
pageblocks,2230,12,800,0.6,False,724,916,unlabeled_pool|holdout_pool,False,False,strict_complete_cells,paper_protocol_strict_feasible_subset
pageblocks,2231,13,800,0.6,False,747,893,unlabeled_pool|holdout_pool,False,False,strict_complete_cells,paper_protocol_strict_feasible_subset
pageblocks,2232,14,800,0.6,False,737,903,unlabeled_pool|holdout_pool,False,False,strict_complete_cells,paper_protocol_strict_feasible_subset
pageblocks,2233,15,800,0.6,False,733,907,unlabeled_pool|holdout_pool,False,False,strict_complete_cells,paper_protocol_strict_feasible_subset
pageblocks,2234,16,800,0.6,False,710,930,unlabeled_pool|holdout_pool,False,False,strict_complete_cells,paper_protocol_strict_feasible_subset
pageblocks,2235,17,800,0.6,False,720,920,unlabeled_pool|holdout_pool,False,False,strict_complete_cells,paper_protocol_strict_feasible_subset
pageblocks,2236,18,800,0.6,False,742,898,unlabeled_pool|holdout_pool,False,False,strict_complete_cells,paper_protocol_strict_feasible_subset
pageblocks,2237,19,800,0.6,False,708,932,unlabeled_pool|holdout_pool,False,False,strict_complete_cells,paper_protocol_strict_feasible_subset
pageblocks,2238,20,800,0.6,False,736,904,unlabeled_pool|holdout_pool,False,False,strict_complete_cells,paper_protocol_strict_feasible_subset
pageblocks,2239,21,800,0.6,False,737,903,unlabeled_pool|holdout_pool,False,False,strict_complete_cells,paper_protocol_strict_feasible_subset
pageblocks,2240,22,800,0.6,False,736,904,unlabeled_pool|holdout_pool,False,False,strict_complete_cells,paper_protocol_strict_feasible_subset
pageblocks,2241,23,800,0.6,False,754,886,unlabeled_pool|holdout_pool,False,False,strict_complete_cells,paper_protocol_strict_feasible_subset
pageblocks,2242,24,800,0.6,False,733,907,unlabeled_pool|holdout_pool,False,False,strict_complete_cells,paper_protocol_strict_feasible_subset
pageblocks,2243,25,800,0.6,False,728,912,unlabeled_pool|holdout_pool,False,False,strict_complete_cells,paper_protocol_strict_feasible_subset
pageblocks,2244,26,800,0.6,False,738,902,unlabeled_pool|holdout_pool,False,False,strict_complete_cells,paper_protocol_strict_feasible_subset
pageblocks,2245,27,800,0.6,False,751,889,unlabeled_pool|holdout_pool,False,False,strict_complete_cells,paper_protocol_strict_feasible_subset
pageblocks,2246,28,800,0.6,False,737,903,unlabeled_pool|holdout_pool,False,False,strict_complete_cells,paper_protocol_strict_feasible_subset
pageblocks,2247,29,800,0.6,False,749,891,unlabeled_pool|holdout_pool,False,False,strict_complete_cells,paper_protocol_strict_feasible_subset
pageblocks,2248,30,800,0.6,False,715,925,unlabeled_pool|holdout_pool,False,False,strict_complete_cells,paper_protocol_strict_feasible_subset
pageblocks,2249,31,800,0.6,False,743,897,unlabeled_pool|holdout_pool,False,False,strict_complete_cells,paper_protocol_strict_feasible_subset
pageblocks,2250,32,800,0.6,False,714,926,unlabeled_pool|holdout_pool,False,False,strict_complete_cells,paper_protocol_strict_feasible_subset
pageblocks,2251,33,800,0.6,False,713,927,unlabeled_pool|holdout_pool,False,False,strict_complete_cells,paper_protocol_strict_feasible_subset
pageblocks,2252,34,800,0.6,False,731,909,unlabeled_pool|holdout_pool,False,False,strict_complete_cells,paper_protocol_strict_feasible_subset
pageblocks,2253,35,800,0.6,False,724,916,unlabeled_pool|holdout_pool,False,False,strict_complete_cells,paper_protocol_strict_feasible_subset
pageblocks,2254,36,800,0.6,False,729,911,unlabeled_pool|holdout_pool,False,False,strict_complete_cells,paper_protocol_strict_feasible_subset
pageblocks,2255,37,800,0.6,False,714,926,unlabeled_pool|holdout_pool,False,False,strict_complete_cells,paper_protocol_strict_feasible_subset
pageblocks,2256,38,800,0.6,False,720,920,unlabeled_pool|holdout_pool,False,False,strict_complete_cells,paper_protocol_strict_feasible_subset
pageblocks,2257,39,800,0.6,False,736,904,unlabeled_pool|holdout_pool,False,False,strict_complete_cells,paper_protocol_strict_feasible_subset
pageblocks,2258,40,800,0.6,False,740,900,unlabeled_pool|holdout_pool,False,False,strict_complete_cells,paper_protocol_strict_feasible_subset
pageblocks,2259,41,800,0.6,False,711,929,unlabeled_pool|holdout_pool,False,False,strict_complete_cells,paper_protocol_strict_feasible_subset
pageblocks,2260,42,800,0.6,False,739,901,unlabeled_pool|holdout_pool,False,False,strict_complete_cells,paper_protocol_strict_feasible_subset
pageblocks,2261,43,800,0.6,False,730,910,unlabeled_pool|holdout_pool,False,False,strict_complete_cells,paper_protocol_strict_feasible_subset
pageblocks,2262,44,800,0.6,False,737,903,unlabeled_pool|holdout_pool,False,False,strict_complete_cells,paper_protocol_strict_feasible_subset
pageblocks,2263,45,800,0.6,False,747,893,unlabeled_pool|holdout_pool,False,False,strict_complete_cells,paper_protocol_strict_feasible_subset
pageblocks,2264,46,800,0.6,False,742,898,unlabeled_pool|holdout_pool,False,False,strict_complete_cells,paper_protocol_strict_feasible_subset
pageblocks,2265,47,800,0.6,False,751,889,unlabeled_pool|holdout_pool,False,False,strict_complete_cells,paper_protocol_strict_feasible_subset
pageblocks,2266,48,800,0.6,False,739,901,unlabeled_pool|holdout_pool,False,False,strict_complete_cells,paper_protocol_strict_feasible_subset
pageblocks,2267,49,800,0.6,False,722,918,unlabeled_pool|holdout_pool,False,False,strict_complete_cells,paper_protocol_strict_feasible_subset
pageblocks,2268,50,800,0.6,False,726,914,unlabeled_pool|holdout_pool,False,False,strict_complete_cells,paper_protocol_strict_feasible_subset
pageblocks,2269,51,800,0.6,False,743,897,unlabeled_pool|holdout_pool,False,False,strict_complete_cells,paper_protocol_strict_feasible_subset
pageblocks,2270,52,800,0.6,False,736,904,unlabeled_pool|holdout_pool,False,False,strict_complete_cells,paper_protocol_strict_feasible_subset
pageblocks,2271,53,800,0.6,False,738,902,unlabeled_pool|holdout_pool,False,False,strict_complete_cells,paper_protocol_strict_feasible_subset
pageblocks,2272,54,800,0.6,False,741,899,unlabeled_pool|holdout_pool,False,False,strict_complete_cells,paper_protocol_strict_feasible_subset
pageblocks,2273,55,800,0.6,False,727,913,unlabeled_pool|holdout_pool,False,False,strict_complete_cells,paper_protocol_strict_feasible_subset
pageblocks,2274,56,800,0.6,False,761,879,unlabeled_pool|holdout_pool,False,False,strict_complete_cells,paper_protocol_strict_feasible_subset
pageblocks,2275,57,800,0.6,False,737,903,unlabeled_pool|holdout_pool,False,False,strict_complete_cells,paper_protocol_strict_feasible_subset
pageblocks,2276,58,800,0.6,False,718,922,unlabeled_pool|holdout_pool,False,False,strict_complete_cells,paper_protocol_strict_feasible_subset
pageblocks,2277,59,800,0.6,False,738,902,unlabeled_pool|holdout_pool,False,False,strict_complete_cells,paper_protocol_strict_feasible_subset
pageblocks,2278,60,800,0.6,False,735,905,unlabeled_pool|holdout_pool,False,False,strict_complete_cells,paper_protocol_strict_feasible_subset
pageblocks,2279,61,800,0.6,False,742,898,unlabeled_pool|holdout_pool,False,False,strict_complete_cells,paper_protocol_strict_feasible_subset
pageblocks,2280,62,800,0.6,False,747,893,unlabeled_pool|holdout_pool,False,False,strict_complete_cells,paper_protocol_strict_feasible_subset
pageblocks,2281,63,800,0.6,False,741,899,unlabeled_pool|holdout_pool,False,False,strict_complete_cells,paper_protocol_strict_feasible_subset
pageblocks,2282,64,800,0.6,False,733,907,unlabeled_pool|holdout_pool,False,False,strict_complete_cells,paper_protocol_strict_feasible_subset
pageblocks,2283,65,800,0.6,False,715,925,unlabeled_pool|holdout_pool,False,False,strict_complete_cells,paper_protocol_strict_feasible_subset
pageblocks,2284,66,800,0.6,False,732,908,unlabeled_pool|holdout_pool,False,False,strict_complete_cells,paper_protocol_strict_feasible_subset
pageblocks,2285,67,800,0.6,False,745,895,unlabeled_pool|holdout_pool,False,False,strict_complete_cells,paper_protocol_strict_feasible_subset
pageblocks,2286,68,800,0.6,False,734,906,unlabeled_pool|holdout_pool,False,False,strict_complete_cells,paper_protocol_strict_feasible_subset
pageblocks,2287,69,800,0.6,False,745,895,unlabeled_pool|holdout_pool,False,False,strict_complete_cells,paper_protocol_strict_feasible_subset
pageblocks,2288,70,800,0.6,False,747,893,unlabeled_pool|holdout_pool,False,False,strict_complete_cells,paper_protocol_strict_feasible_subset
pageblocks,2289,71,800,0.6,False,736,904,unlabeled_pool|holdout_pool,False,False,strict_complete_cells,paper_protocol_strict_feasible_subset
pageblocks,2290,72,800,0.6,False,716,924,unlabeled_pool|holdout_pool,False,False,strict_complete_cells,paper_protocol_strict_feasible_subset
pageblocks,2291,73,800,0.6,False,727,913,unlabeled_pool|holdout_pool,False,False,strict_complete_cells,paper_protocol_strict_feasible_subset
pageblocks,2292,74,800,0.6,False,728,912,unlabeled_pool|holdout_pool,False,False,strict_complete_cells,paper_protocol_strict_feasible_subset
pageblocks,2293,75,800,0.6,False,741,899,unlabeled_pool|holdout_pool,False,False,strict_complete_cells,paper_protocol_strict_feasible_subset
pageblocks,2294,76,800,0.6,False,724,916,unlabeled_pool|holdout_pool,False,False,strict_complete_cells,paper_protocol_strict_feasible_subset
pageblocks,2295,77,800,0.6,False,732,908,unlabeled_pool|holdout_pool,False,False,strict_complete_cells,paper_protocol_strict_feasible_subset
pageblocks,2296,78,800,0.6,False,744,896,unlabeled_pool|holdout_pool,False,False,strict_complete_cells,paper_protocol_strict_feasible_subset
pageblocks,2297,79,800,0.6,False,723,917,unlabeled_pool|holdout_pool,False,False,strict_complete_cells,paper_protocol_strict_feasible_subset
pageblocks,2298,80,800,0.6,False,730,910,unlabeled_pool|holdout_pool,False,False,strict_complete_cells,paper_protocol_strict_feasible_subset
pageblocks,2299,81,800,0.6,False,725,915,unlabeled_pool|holdout_pool,False,False,strict_complete_cells,paper_protocol_strict_feasible_subset
pageblocks,2300,82,800,0.6,False,719,921,unlabeled_pool|holdout_pool,False,False,strict_complete_cells,paper_protocol_strict_feasible_subset
pageblocks,2301,83,800,0.6,False,721,919,unlabeled_pool|holdout_pool,False,False,strict_complete_cells,paper_protocol_strict_feasible_subset
pageblocks,2302,84,800,0.6,False,704,936,unlabeled_pool|holdout_pool,False,False,strict_complete_cells,paper_protocol_strict_feasible_subset
pageblocks,2303,85,800,0.6,False,755,885,unlabeled_pool|holdout_pool,False,False,strict_complete_cells,paper_protocol_strict_feasible_subset
pageblocks,2304,86,800,0.6,False,746,894,unlabeled_pool|holdout_pool,False,False,strict_complete_cells,paper_protocol_strict_feasible_subset
pageblocks,2305,87,800,0.6,False,736,904,unlabeled_pool|holdout_pool,False,False,strict_complete_cells,paper_protocol_strict_feasible_subset
pageblocks,2306,88,800,0.6,False,712,928,unlabeled_pool|holdout_pool,False,False,strict_complete_cells,paper_protocol_strict_feasible_subset
pageblocks,2307,89,800,0.6,False,722,918,unlabeled_pool|holdout_pool,False,False,strict_complete_cells,paper_protocol_strict_feasible_subset
pageblocks,2308,90,800,0.6,False,736,904,unlabeled_pool|holdout_pool,False,False,strict_complete_cells,paper_protocol_strict_feasible_subset
pageblocks,2309,91,800,0.6,False,716,924,unlabeled_pool|holdout_pool,False,False,strict_complete_cells,paper_protocol_strict_feasible_subset
pageblocks,2310,92,800,0.6,False,738,902,unlabeled_pool|holdout_pool,False,False,strict_complete_cells,paper_protocol_strict_feasible_subset
pageblocks,2311,93,800,0.6,False,713,927,unlabeled_pool|holdout_pool,False,False,strict_complete_cells,paper_protocol_strict_feasible_subset
pageblocks,2312,94,800,0.6,False,735,905,unlabeled_pool|holdout_pool,False,False,strict_complete_cells,paper_protocol_strict_feasible_subset
pageblocks,2313,95,800,0.6,False,758,882,unlabeled_pool|holdout_pool,False,False,strict_complete_cells,paper_protocol_strict_feasible_subset
pageblocks,2314,96,800,0.6,False,748,892,unlabeled_pool|holdout_pool,False,False,strict_complete_cells,paper_protocol_strict_feasible_subset
pageblocks,2315,97,800,0.6,False,715,925,unlabeled_pool|holdout_pool,False,False,strict_complete_cells,paper_protocol_strict_feasible_subset
pageblocks,2316,98,800,0.6,False,737,903,unlabeled_pool|holdout_pool,False,False,strict_complete_cells,paper_protocol_strict_feasible_subset
pageblocks,2317,99,800,0.6,False,731,909,unlabeled_pool|holdout_pool,False,False,strict_complete_cells,paper_protocol_strict_feasible_subset
pageblocks,2318,0,800,0.8,True,800,1000,,True,True,strict_complete_cells,paper_protocol_strict_feasible_subset
pageblocks,2319,1,800,0.8,True,800,1000,,True,True,strict_complete_cells,paper_protocol_strict_feasible_subset
pageblocks,2320,2,800,0.8,True,800,1000,,True,True,strict_complete_cells,paper_protocol_strict_feasible_subset
pageblocks,2321,3,800,0.8,True,800,1000,,True,True,strict_complete_cells,paper_protocol_strict_feasible_subset
pageblocks,2322,4,800,0.8,True,800,1000,,True,True,strict_complete_cells,paper_protocol_strict_feasible_subset
pageblocks,2323,5,800,0.8,True,800,1000,,True,True,strict_complete_cells,paper_protocol_strict_feasible_subset
pageblocks,2324,6,800,0.8,True,800,1000,,True,True,strict_complete_cells,paper_protocol_strict_feasible_subset
pageblocks,2325,7,800,0.8,True,800,1000,,True,True,strict_complete_cells,paper_protocol_strict_feasible_subset
pageblocks,2326,8,800,0.8,True,800,1000,,True,True,strict_complete_cells,paper_protocol_strict_feasible_subset
pageblocks,2327,9,800,0.8,True,800,1000,,True,True,strict_complete_cells,paper_protocol_strict_feasible_subset
pageblocks,2328,10,800,0.8,True,800,1000,,True,True,strict_complete_cells,paper_protocol_strict_feasible_subset
pageblocks,2329,11,800,0.8,True,800,1000,,True,True,strict_complete_cells,paper_protocol_strict_feasible_subset
pageblocks,2330,12,800,0.8,True,800,1000,,True,True,strict_complete_cells,paper_protocol_strict_feasible_subset
pageblocks,2331,13,800,0.8,True,800,1000,,True,True,strict_complete_cells,paper_protocol_strict_feasible_subset
pageblocks,2332,14,800,0.8,True,800,1000,,True,True,strict_complete_cells,paper_protocol_strict_feasible_subset
pageblocks,2333,15,800,0.8,True,800,1000,,True,True,strict_complete_cells,paper_protocol_strict_feasible_subset
pageblocks,2334,16,800,0.8,True,800,1000,,True,True,strict_complete_cells,paper_protocol_strict_feasible_subset
pageblocks,2335,17,800,0.8,True,800,1000,,True,True,strict_complete_cells,paper_protocol_strict_feasible_subset
pageblocks,2336,18,800,0.8,True,800,1000,,True,True,strict_complete_cells,paper_protocol_strict_feasible_subset
pageblocks,2337,19,800,0.8,True,800,1000,,True,True,strict_complete_cells,paper_protocol_strict_feasible_subset
pageblocks,2338,20,800,0.8,True,800,1000,,True,True,strict_complete_cells,paper_protocol_strict_feasible_subset
pageblocks,2339,21,800,0.8,True,800,1000,,True,True,strict_complete_cells,paper_protocol_strict_feasible_subset
pageblocks,2340,22,800,0.8,True,800,1000,,True,True,strict_complete_cells,paper_protocol_strict_feasible_subset
pageblocks,2341,23,800,0.8,True,800,1000,,True,True,strict_complete_cells,paper_protocol_strict_feasible_subset
pageblocks,2342,24,800,0.8,True,800,1000,,True,True,strict_complete_cells,paper_protocol_strict_feasible_subset
pageblocks,2343,25,800,0.8,True,800,1000,,True,True,strict_complete_cells,paper_protocol_strict_feasible_subset
pageblocks,2344,26,800,0.8,True,800,1000,,True,True,strict_complete_cells,paper_protocol_strict_feasible_subset
pageblocks,2345,27,800,0.8,True,800,1000,,True,True,strict_complete_cells,paper_protocol_strict_feasible_subset
pageblocks,2346,28,800,0.8,True,800,1000,,True,True,strict_complete_cells,paper_protocol_strict_feasible_subset
pageblocks,2347,29,800,0.8,True,800,1000,,True,True,strict_complete_cells,paper_protocol_strict_feasible_subset
pageblocks,2348,30,800,0.8,True,800,1000,,True,True,strict_complete_cells,paper_protocol_strict_feasible_subset
pageblocks,2349,31,800,0.8,True,800,1000,,True,True,strict_complete_cells,paper_protocol_strict_feasible_subset
pageblocks,2350,32,800,0.8,True,800,1000,,True,True,strict_complete_cells,paper_protocol_strict_feasible_subset
pageblocks,2351,33,800,0.8,True,800,1000,,True,True,strict_complete_cells,paper_protocol_strict_feasible_subset
pageblocks,2352,34,800,0.8,True,800,1000,,True,True,strict_complete_cells,paper_protocol_strict_feasible_subset
pageblocks,2353,35,800,0.8,True,800,1000,,True,True,strict_complete_cells,paper_protocol_strict_feasible_subset
pageblocks,2354,36,800,0.8,True,800,1000,,True,True,strict_complete_cells,paper_protocol_strict_feasible_subset
pageblocks,2355,37,800,0.8,True,800,1000,,True,True,strict_complete_cells,paper_protocol_strict_feasible_subset
pageblocks,2356,38,800,0.8,True,800,1000,,True,True,strict_complete_cells,paper_protocol_strict_feasible_subset
pageblocks,2357,39,800,0.8,True,800,1000,,True,True,strict_complete_cells,paper_protocol_strict_feasible_subset
pageblocks,2358,40,800,0.8,True,800,1000,,True,True,strict_complete_cells,paper_protocol_strict_feasible_subset
pageblocks,2359,41,800,0.8,True,800,1000,,True,True,strict_complete_cells,paper_protocol_strict_feasible_subset
pageblocks,2360,42,800,0.8,True,800,1000,,True,True,strict_complete_cells,paper_protocol_strict_feasible_subset
pageblocks,2361,43,800,0.8,True,800,1000,,True,True,strict_complete_cells,paper_protocol_strict_feasible_subset
pageblocks,2362,44,800,0.8,True,800,1000,,True,True,strict_complete_cells,paper_protocol_strict_feasible_subset
pageblocks,2363,45,800,0.8,True,800,1000,,True,True,strict_complete_cells,paper_protocol_strict_feasible_subset
pageblocks,2364,46,800,0.8,True,800,1000,,True,True,strict_complete_cells,paper_protocol_strict_feasible_subset
pageblocks,2365,47,800,0.8,True,800,1000,,True,True,strict_complete_cells,paper_protocol_strict_feasible_subset
pageblocks,2366,48,800,0.8,True,800,1000,,True,True,strict_complete_cells,paper_protocol_strict_feasible_subset
pageblocks,2367,49,800,0.8,True,800,1000,,True,True,strict_complete_cells,paper_protocol_strict_feasible_subset
pageblocks,2368,50,800,0.8,True,800,1000,,True,True,strict_complete_cells,paper_protocol_strict_feasible_subset
pageblocks,2369,51,800,0.8,True,800,1000,,True,True,strict_complete_cells,paper_protocol_strict_feasible_subset
pageblocks,2370,52,800,0.8,True,800,1000,,True,True,strict_complete_cells,paper_protocol_strict_feasible_subset
pageblocks,2371,53,800,0.8,True,800,1000,,True,True,strict_complete_cells,paper_protocol_strict_feasible_subset
pageblocks,2372,54,800,0.8,True,800,1000,,True,True,strict_complete_cells,paper_protocol_strict_feasible_subset
pageblocks,2373,55,800,0.8,True,800,1000,,True,True,strict_complete_cells,paper_protocol_strict_feasible_subset
pageblocks,2374,56,800,0.8,True,800,1000,,True,True,strict_complete_cells,paper_protocol_strict_feasible_subset
pageblocks,2375,57,800,0.8,True,800,1000,,True,True,strict_complete_cells,paper_protocol_strict_feasible_subset
pageblocks,2376,58,800,0.8,True,800,1000,,True,True,strict_complete_cells,paper_protocol_strict_feasible_subset
pageblocks,2377,59,800,0.8,True,800,1000,,True,True,strict_complete_cells,paper_protocol_strict_feasible_subset
pageblocks,2378,60,800,0.8,True,800,1000,,True,True,strict_complete_cells,paper_protocol_strict_feasible_subset
pageblocks,2379,61,800,0.8,True,800,1000,,True,True,strict_complete_cells,paper_protocol_strict_feasible_subset
pageblocks,2380,62,800,0.8,True,800,1000,,True,True,strict_complete_cells,paper_protocol_strict_feasible_subset
pageblocks,2381,63,800,0.8,True,800,1000,,True,True,strict_complete_cells,paper_protocol_strict_feasible_subset
pageblocks,2382,64,800,0.8,True,800,1000,,True,True,strict_complete_cells,paper_protocol_strict_feasible_subset
pageblocks,2383,65,800,0.8,True,800,1000,,True,True,strict_complete_cells,paper_protocol_strict_feasible_subset
pageblocks,2384,66,800,0.8,True,800,1000,,True,True,strict_complete_cells,paper_protocol_strict_feasible_subset
pageblocks,2385,67,800,0.8,True,800,1000,,True,True,strict_complete_cells,paper_protocol_strict_feasible_subset
pageblocks,2386,68,800,0.8,True,800,1000,,True,True,strict_complete_cells,paper_protocol_strict_feasible_subset
pageblocks,2387,69,800,0.8,True,800,1000,,True,True,strict_complete_cells,paper_protocol_strict_feasible_subset
pageblocks,2388,70,800,0.8,True,800,1000,,True,True,strict_complete_cells,paper_protocol_strict_feasible_subset
pageblocks,2389,71,800,0.8,True,800,1000,,True,True,strict_complete_cells,paper_protocol_strict_feasible_subset
pageblocks,2390,72,800,0.8,True,800,1000,,True,True,strict_complete_cells,paper_protocol_strict_feasible_subset
pageblocks,2391,73,800,0.8,True,800,1000,,True,True,strict_complete_cells,paper_protocol_strict_feasible_subset
pageblocks,2392,74,800,0.8,True,800,1000,,True,True,strict_complete_cells,paper_protocol_strict_feasible_subset
pageblocks,2393,75,800,0.8,True,800,1000,,True,True,strict_complete_cells,paper_protocol_strict_feasible_subset
pageblocks,2394,76,800,0.8,True,800,1000,,True,True,strict_complete_cells,paper_protocol_strict_feasible_subset
pageblocks,2395,77,800,0.8,True,800,1000,,True,True,strict_complete_cells,paper_protocol_strict_feasible_subset
pageblocks,2396,78,800,0.8,True,800,1000,,True,True,strict_complete_cells,paper_protocol_strict_feasible_subset
pageblocks,2397,79,800,0.8,True,800,1000,,True,True,strict_complete_cells,paper_protocol_strict_feasible_subset
pageblocks,2398,80,800,0.8,True,800,1000,,True,True,strict_complete_cells,paper_protocol_strict_feasible_subset
pageblocks,2399,81,800,0.8,True,800,1000,,True,True,strict_complete_cells,paper_protocol_strict_feasible_subset
pageblocks,2400,82,800,0.8,True,800,1000,,True,True,strict_complete_cells,paper_protocol_strict_feasible_subset
pageblocks,2401,83,800,0.8,True,800,1000,,True,True,strict_complete_cells,paper_protocol_strict_feasible_subset
pageblocks,2402,84,800,0.8,True,800,1000,,True,True,strict_complete_cells,paper_protocol_strict_feasible_subset
pageblocks,2403,85,800,0.8,True,800,1000,,True,True,strict_complete_cells,paper_protocol_strict_feasible_subset
pageblocks,2404,86,800,0.8,True,800,1000,,True,True,strict_complete_cells,paper_protocol_strict_feasible_subset
pageblocks,2405,87,800,0.8,True,800,1000,,True,True,strict_complete_cells,paper_protocol_strict_feasible_subset
pageblocks,2406,88,800,0.8,True,800,1000,,True,True,strict_complete_cells,paper_protocol_strict_feasible_subset
pageblocks,2407,89,800,0.8,True,800,1000,,True,True,strict_complete_cells,paper_protocol_strict_feasible_subset
pageblocks,2408,90,800,0.8,True,800,1000,,True,True,strict_complete_cells,paper_protocol_strict_feasible_subset
pageblocks,2409,91,800,0.8,True,800,1000,,True,True,strict_complete_cells,paper_protocol_strict_feasible_subset
pageblocks,2410,92,800,0.8,True,800,1000,,True,True,strict_complete_cells,paper_protocol_strict_feasible_subset
pageblocks,2411,93,800,0.8,True,800,1000,,True,True,strict_complete_cells,paper_protocol_strict_feasible_subset
pageblocks,2412,94,800,0.8,True,800,1000,,True,True,strict_complete_cells,paper_protocol_strict_feasible_subset
pageblocks,2413,95,800,0.8,True,800,1000,,True,True,strict_complete_cells,paper_protocol_strict_feasible_subset
pageblocks,2414,96,800,0.8,True,800,1000,,True,True,strict_complete_cells,paper_protocol_strict_feasible_subset
pageblocks,2415,97,800,0.8,True,800,1000,,True,True,strict_complete_cells,paper_protocol_strict_feasible_subset
pageblocks,2416,98,800,0.8,True,800,1000,,True,True,strict_complete_cells,paper_protocol_strict_feasible_subset
pageblocks,2417,99,800,0.8,True,800,1000,,True,True,strict_complete_cells,paper_protocol_strict_feasible_subset
pageblocks,2418,0,1600,0.2,False,591,489,unlabeled_pool|holdout_pool,False,False,strict_complete_cells,paper_protocol_strict_feasible_subset
pageblocks,2419,1,1600,0.2,False,573,507,unlabeled_pool|holdout_pool,False,False,strict_complete_cells,paper_protocol_strict_feasible_subset
pageblocks,2420,2,1600,0.2,False,596,484,unlabeled_pool|holdout_pool,False,False,strict_complete_cells,paper_protocol_strict_feasible_subset
pageblocks,2421,3,1600,0.2,False,589,491,unlabeled_pool|holdout_pool,False,False,strict_complete_cells,paper_protocol_strict_feasible_subset
pageblocks,2422,4,1600,0.2,False,548,532,unlabeled_pool|holdout_pool,False,False,strict_complete_cells,paper_protocol_strict_feasible_subset
pageblocks,2423,5,1600,0.2,False,585,495,unlabeled_pool|holdout_pool,False,False,strict_complete_cells,paper_protocol_strict_feasible_subset
pageblocks,2424,6,1600,0.2,False,574,506,unlabeled_pool|holdout_pool,False,False,strict_complete_cells,paper_protocol_strict_feasible_subset
pageblocks,2425,7,1600,0.2,False,558,522,unlabeled_pool|holdout_pool,False,False,strict_complete_cells,paper_protocol_strict_feasible_subset
pageblocks,2426,8,1600,0.2,False,581,499,unlabeled_pool|holdout_pool,False,False,strict_complete_cells,paper_protocol_strict_feasible_subset
pageblocks,2427,9,1600,0.2,False,578,502,unlabeled_pool|holdout_pool,False,False,strict_complete_cells,paper_protocol_strict_feasible_subset
pageblocks,2428,10,1600,0.2,False,563,517,unlabeled_pool|holdout_pool,False,False,strict_complete_cells,paper_protocol_strict_feasible_subset
pageblocks,2429,11,1600,0.2,False,557,523,unlabeled_pool|holdout_pool,False,False,strict_complete_cells,paper_protocol_strict_feasible_subset
pageblocks,2430,12,1600,0.2,False,576,504,unlabeled_pool|holdout_pool,False,False,strict_complete_cells,paper_protocol_strict_feasible_subset
pageblocks,2431,13,1600,0.2,False,570,510,unlabeled_pool|holdout_pool,False,False,strict_complete_cells,paper_protocol_strict_feasible_subset
pageblocks,2432,14,1600,0.2,False,598,482,unlabeled_pool|holdout_pool,False,False,strict_complete_cells,paper_protocol_strict_feasible_subset
pageblocks,2433,15,1600,0.2,False,571,509,unlabeled_pool|holdout_pool,False,False,strict_complete_cells,paper_protocol_strict_feasible_subset
pageblocks,2434,16,1600,0.2,False,574,506,unlabeled_pool|holdout_pool,False,False,strict_complete_cells,paper_protocol_strict_feasible_subset
pageblocks,2435,17,1600,0.2,False,599,481,unlabeled_pool|holdout_pool,False,False,strict_complete_cells,paper_protocol_strict_feasible_subset
pageblocks,2436,18,1600,0.2,False,578,502,unlabeled_pool|holdout_pool,False,False,strict_complete_cells,paper_protocol_strict_feasible_subset
pageblocks,2437,19,1600,0.2,False,575,505,unlabeled_pool|holdout_pool,False,False,strict_complete_cells,paper_protocol_strict_feasible_subset
pageblocks,2438,20,1600,0.2,False,558,522,unlabeled_pool|holdout_pool,False,False,strict_complete_cells,paper_protocol_strict_feasible_subset
pageblocks,2439,21,1600,0.2,False,580,500,unlabeled_pool|holdout_pool,False,False,strict_complete_cells,paper_protocol_strict_feasible_subset
pageblocks,2440,22,1600,0.2,False,545,535,unlabeled_pool|holdout_pool,False,False,strict_complete_cells,paper_protocol_strict_feasible_subset
pageblocks,2441,23,1600,0.2,False,555,525,unlabeled_pool|holdout_pool,False,False,strict_complete_cells,paper_protocol_strict_feasible_subset
pageblocks,2442,24,1600,0.2,False,589,491,unlabeled_pool|holdout_pool,False,False,strict_complete_cells,paper_protocol_strict_feasible_subset
pageblocks,2443,25,1600,0.2,False,576,504,unlabeled_pool|holdout_pool,False,False,strict_complete_cells,paper_protocol_strict_feasible_subset
pageblocks,2444,26,1600,0.2,False,592,488,unlabeled_pool|holdout_pool,False,False,strict_complete_cells,paper_protocol_strict_feasible_subset
pageblocks,2445,27,1600,0.2,False,586,494,unlabeled_pool|holdout_pool,False,False,strict_complete_cells,paper_protocol_strict_feasible_subset
pageblocks,2446,28,1600,0.2,False,573,507,unlabeled_pool|holdout_pool,False,False,strict_complete_cells,paper_protocol_strict_feasible_subset
pageblocks,2447,29,1600,0.2,False,568,512,unlabeled_pool|holdout_pool,False,False,strict_complete_cells,paper_protocol_strict_feasible_subset
pageblocks,2448,30,1600,0.2,False,570,510,unlabeled_pool|holdout_pool,False,False,strict_complete_cells,paper_protocol_strict_feasible_subset
pageblocks,2449,31,1600,0.2,False,575,505,unlabeled_pool|holdout_pool,False,False,strict_complete_cells,paper_protocol_strict_feasible_subset
pageblocks,2450,32,1600,0.2,False,583,497,unlabeled_pool|holdout_pool,False,False,strict_complete_cells,paper_protocol_strict_feasible_subset
pageblocks,2451,33,1600,0.2,False,558,522,unlabeled_pool|holdout_pool,False,False,strict_complete_cells,paper_protocol_strict_feasible_subset
pageblocks,2452,34,1600,0.2,False,579,501,unlabeled_pool|holdout_pool,False,False,strict_complete_cells,paper_protocol_strict_feasible_subset
pageblocks,2453,35,1600,0.2,False,578,502,unlabeled_pool|holdout_pool,False,False,strict_complete_cells,paper_protocol_strict_feasible_subset
pageblocks,2454,36,1600,0.2,False,582,498,unlabeled_pool|holdout_pool,False,False,strict_complete_cells,paper_protocol_strict_feasible_subset
pageblocks,2455,37,1600,0.2,False,586,494,unlabeled_pool|holdout_pool,False,False,strict_complete_cells,paper_protocol_strict_feasible_subset
pageblocks,2456,38,1600,0.2,False,569,511,unlabeled_pool|holdout_pool,False,False,strict_complete_cells,paper_protocol_strict_feasible_subset
pageblocks,2457,39,1600,0.2,False,550,530,unlabeled_pool|holdout_pool,False,False,strict_complete_cells,paper_protocol_strict_feasible_subset
pageblocks,2458,40,1600,0.2,False,568,512,unlabeled_pool|holdout_pool,False,False,strict_complete_cells,paper_protocol_strict_feasible_subset
pageblocks,2459,41,1600,0.2,False,584,496,unlabeled_pool|holdout_pool,False,False,strict_complete_cells,paper_protocol_strict_feasible_subset
pageblocks,2460,42,1600,0.2,False,571,509,unlabeled_pool|holdout_pool,False,False,strict_complete_cells,paper_protocol_strict_feasible_subset
pageblocks,2461,43,1600,0.2,False,571,509,unlabeled_pool|holdout_pool,False,False,strict_complete_cells,paper_protocol_strict_feasible_subset
pageblocks,2462,44,1600,0.2,False,592,488,unlabeled_pool|holdout_pool,False,False,strict_complete_cells,paper_protocol_strict_feasible_subset
pageblocks,2463,45,1600,0.2,False,573,507,unlabeled_pool|holdout_pool,False,False,strict_complete_cells,paper_protocol_strict_feasible_subset
pageblocks,2464,46,1600,0.2,False,590,490,unlabeled_pool|holdout_pool,False,False,strict_complete_cells,paper_protocol_strict_feasible_subset
pageblocks,2465,47,1600,0.2,False,582,498,unlabeled_pool|holdout_pool,False,False,strict_complete_cells,paper_protocol_strict_feasible_subset
pageblocks,2466,48,1600,0.2,False,597,483,unlabeled_pool|holdout_pool,False,False,strict_complete_cells,paper_protocol_strict_feasible_subset
pageblocks,2467,49,1600,0.2,False,570,510,unlabeled_pool|holdout_pool,False,False,strict_complete_cells,paper_protocol_strict_feasible_subset
pageblocks,2468,50,1600,0.2,False,604,476,unlabeled_pool|holdout_pool,False,False,strict_complete_cells,paper_protocol_strict_feasible_subset
pageblocks,2469,51,1600,0.2,False,584,496,unlabeled_pool|holdout_pool,False,False,strict_complete_cells,paper_protocol_strict_feasible_subset
pageblocks,2470,52,1600,0.2,False,566,514,unlabeled_pool|holdout_pool,False,False,strict_complete_cells,paper_protocol_strict_feasible_subset
pageblocks,2471,53,1600,0.2,False,569,511,unlabeled_pool|holdout_pool,False,False,strict_complete_cells,paper_protocol_strict_feasible_subset
pageblocks,2472,54,1600,0.2,False,586,494,unlabeled_pool|holdout_pool,False,False,strict_complete_cells,paper_protocol_strict_feasible_subset
pageblocks,2473,55,1600,0.2,False,567,513,unlabeled_pool|holdout_pool,False,False,strict_complete_cells,paper_protocol_strict_feasible_subset
pageblocks,2474,56,1600,0.2,False,576,504,unlabeled_pool|holdout_pool,False,False,strict_complete_cells,paper_protocol_strict_feasible_subset
pageblocks,2475,57,1600,0.2,False,568,512,unlabeled_pool|holdout_pool,False,False,strict_complete_cells,paper_protocol_strict_feasible_subset
pageblocks,2476,58,1600,0.2,False,575,505,unlabeled_pool|holdout_pool,False,False,strict_complete_cells,paper_protocol_strict_feasible_subset
pageblocks,2477,59,1600,0.2,False,584,496,unlabeled_pool|holdout_pool,False,False,strict_complete_cells,paper_protocol_strict_feasible_subset
pageblocks,2478,60,1600,0.2,False,577,503,unlabeled_pool|holdout_pool,False,False,strict_complete_cells,paper_protocol_strict_feasible_subset
pageblocks,2479,61,1600,0.2,False,594,486,unlabeled_pool|holdout_pool,False,False,strict_complete_cells,paper_protocol_strict_feasible_subset
pageblocks,2480,62,1600,0.2,False,561,519,unlabeled_pool|holdout_pool,False,False,strict_complete_cells,paper_protocol_strict_feasible_subset
pageblocks,2481,63,1600,0.2,False,569,511,unlabeled_pool|holdout_pool,False,False,strict_complete_cells,paper_protocol_strict_feasible_subset
pageblocks,2482,64,1600,0.2,False,574,506,unlabeled_pool|holdout_pool,False,False,strict_complete_cells,paper_protocol_strict_feasible_subset
pageblocks,2483,65,1600,0.2,False,607,473,unlabeled_pool|holdout_pool,False,False,strict_complete_cells,paper_protocol_strict_feasible_subset
pageblocks,2484,66,1600,0.2,False,563,517,unlabeled_pool|holdout_pool,False,False,strict_complete_cells,paper_protocol_strict_feasible_subset
pageblocks,2485,67,1600,0.2,False,566,514,unlabeled_pool|holdout_pool,False,False,strict_complete_cells,paper_protocol_strict_feasible_subset
pageblocks,2486,68,1600,0.2,False,570,510,unlabeled_pool|holdout_pool,False,False,strict_complete_cells,paper_protocol_strict_feasible_subset
pageblocks,2487,69,1600,0.2,False,578,502,unlabeled_pool|holdout_pool,False,False,strict_complete_cells,paper_protocol_strict_feasible_subset
pageblocks,2488,70,1600,0.2,False,578,502,unlabeled_pool|holdout_pool,False,False,strict_complete_cells,paper_protocol_strict_feasible_subset
pageblocks,2489,71,1600,0.2,False,583,497,unlabeled_pool|holdout_pool,False,False,strict_complete_cells,paper_protocol_strict_feasible_subset
pageblocks,2490,72,1600,0.2,False,585,495,unlabeled_pool|holdout_pool,False,False,strict_complete_cells,paper_protocol_strict_feasible_subset
pageblocks,2491,73,1600,0.2,False,570,510,unlabeled_pool|holdout_pool,False,False,strict_complete_cells,paper_protocol_strict_feasible_subset
pageblocks,2492,74,1600,0.2,False,591,489,unlabeled_pool|holdout_pool,False,False,strict_complete_cells,paper_protocol_strict_feasible_subset
pageblocks,2493,75,1600,0.2,False,566,514,unlabeled_pool|holdout_pool,False,False,strict_complete_cells,paper_protocol_strict_feasible_subset
pageblocks,2494,76,1600,0.2,False,575,505,unlabeled_pool|holdout_pool,False,False,strict_complete_cells,paper_protocol_strict_feasible_subset
pageblocks,2495,77,1600,0.2,False,557,523,unlabeled_pool|holdout_pool,False,False,strict_complete_cells,paper_protocol_strict_feasible_subset
pageblocks,2496,78,1600,0.2,False,570,510,unlabeled_pool|holdout_pool,False,False,strict_complete_cells,paper_protocol_strict_feasible_subset
pageblocks,2497,79,1600,0.2,False,568,512,unlabeled_pool|holdout_pool,False,False,strict_complete_cells,paper_protocol_strict_feasible_subset
pageblocks,2498,80,1600,0.2,False,571,509,unlabeled_pool|holdout_pool,False,False,strict_complete_cells,paper_protocol_strict_feasible_subset
pageblocks,2499,81,1600,0.2,False,561,519,unlabeled_pool|holdout_pool,False,False,strict_complete_cells,paper_protocol_strict_feasible_subset
pageblocks,2500,82,1600,0.2,False,555,525,unlabeled_pool|holdout_pool,False,False,strict_complete_cells,paper_protocol_strict_feasible_subset
pageblocks,2501,83,1600,0.2,False,579,501,unlabeled_pool|holdout_pool,False,False,strict_complete_cells,paper_protocol_strict_feasible_subset
pageblocks,2502,84,1600,0.2,False,562,518,unlabeled_pool|holdout_pool,False,False,strict_complete_cells,paper_protocol_strict_feasible_subset
pageblocks,2503,85,1600,0.2,False,600,480,unlabeled_pool|holdout_pool,False,False,strict_complete_cells,paper_protocol_strict_feasible_subset
pageblocks,2504,86,1600,0.2,False,574,506,unlabeled_pool|holdout_pool,False,False,strict_complete_cells,paper_protocol_strict_feasible_subset
pageblocks,2505,87,1600,0.2,False,582,498,unlabeled_pool|holdout_pool,False,False,strict_complete_cells,paper_protocol_strict_feasible_subset
pageblocks,2506,88,1600,0.2,False,560,520,unlabeled_pool|holdout_pool,False,False,strict_complete_cells,paper_protocol_strict_feasible_subset
pageblocks,2507,89,1600,0.2,False,587,493,unlabeled_pool|holdout_pool,False,False,strict_complete_cells,paper_protocol_strict_feasible_subset
pageblocks,2508,90,1600,0.2,False,585,495,unlabeled_pool|holdout_pool,False,False,strict_complete_cells,paper_protocol_strict_feasible_subset
pageblocks,2509,91,1600,0.2,False,582,498,unlabeled_pool|holdout_pool,False,False,strict_complete_cells,paper_protocol_strict_feasible_subset
pageblocks,2510,92,1600,0.2,False,569,511,unlabeled_pool|holdout_pool,False,False,strict_complete_cells,paper_protocol_strict_feasible_subset
pageblocks,2511,93,1600,0.2,False,541,539,unlabeled_pool|holdout_pool,False,False,strict_complete_cells,paper_protocol_strict_feasible_subset
pageblocks,2512,94,1600,0.2,False,557,523,unlabeled_pool|holdout_pool,False,False,strict_complete_cells,paper_protocol_strict_feasible_subset
pageblocks,2513,95,1600,0.2,False,574,506,unlabeled_pool|holdout_pool,False,False,strict_complete_cells,paper_protocol_strict_feasible_subset
pageblocks,2514,96,1600,0.2,False,568,512,unlabeled_pool|holdout_pool,False,False,strict_complete_cells,paper_protocol_strict_feasible_subset
pageblocks,2515,97,1600,0.2,False,583,497,unlabeled_pool|holdout_pool,False,False,strict_complete_cells,paper_protocol_strict_feasible_subset
pageblocks,2516,98,1600,0.2,False,576,504,unlabeled_pool|holdout_pool,False,False,strict_complete_cells,paper_protocol_strict_feasible_subset
pageblocks,2517,99,1600,0.2,False,560,520,unlabeled_pool|holdout_pool,False,False,strict_complete_cells,paper_protocol_strict_feasible_subset
pageblocks,2518,0,1600,0.4,False,900,700,unlabeled_pool|holdout_pool,False,False,strict_complete_cells,paper_protocol_strict_feasible_subset
pageblocks,2519,1,1600,0.4,False,891,709,unlabeled_pool|holdout_pool,False,False,strict_complete_cells,paper_protocol_strict_feasible_subset
pageblocks,2520,2,1600,0.4,False,895,705,unlabeled_pool|holdout_pool,False,False,strict_complete_cells,paper_protocol_strict_feasible_subset
pageblocks,2521,3,1600,0.4,False,876,724,unlabeled_pool|holdout_pool,False,False,strict_complete_cells,paper_protocol_strict_feasible_subset
pageblocks,2522,4,1600,0.4,False,913,687,unlabeled_pool|holdout_pool,False,False,strict_complete_cells,paper_protocol_strict_feasible_subset
pageblocks,2523,5,1600,0.4,False,902,698,unlabeled_pool|holdout_pool,False,False,strict_complete_cells,paper_protocol_strict_feasible_subset
pageblocks,2524,6,1600,0.4,False,891,709,unlabeled_pool|holdout_pool,False,False,strict_complete_cells,paper_protocol_strict_feasible_subset
pageblocks,2525,7,1600,0.4,False,892,708,unlabeled_pool|holdout_pool,False,False,strict_complete_cells,paper_protocol_strict_feasible_subset
pageblocks,2526,8,1600,0.4,False,870,730,unlabeled_pool|holdout_pool,False,False,strict_complete_cells,paper_protocol_strict_feasible_subset
pageblocks,2527,9,1600,0.4,False,891,709,unlabeled_pool|holdout_pool,False,False,strict_complete_cells,paper_protocol_strict_feasible_subset
pageblocks,2528,10,1600,0.4,False,890,710,unlabeled_pool|holdout_pool,False,False,strict_complete_cells,paper_protocol_strict_feasible_subset
pageblocks,2529,11,1600,0.4,False,902,698,unlabeled_pool|holdout_pool,False,False,strict_complete_cells,paper_protocol_strict_feasible_subset
pageblocks,2530,12,1600,0.4,False,888,712,unlabeled_pool|holdout_pool,False,False,strict_complete_cells,paper_protocol_strict_feasible_subset
pageblocks,2531,13,1600,0.4,False,896,704,unlabeled_pool|holdout_pool,False,False,strict_complete_cells,paper_protocol_strict_feasible_subset
pageblocks,2532,14,1600,0.4,False,926,674,unlabeled_pool|holdout_pool,False,False,strict_complete_cells,paper_protocol_strict_feasible_subset
pageblocks,2533,15,1600,0.4,False,895,705,unlabeled_pool|holdout_pool,False,False,strict_complete_cells,paper_protocol_strict_feasible_subset
pageblocks,2534,16,1600,0.4,False,892,708,unlabeled_pool|holdout_pool,False,False,strict_complete_cells,paper_protocol_strict_feasible_subset
pageblocks,2535,17,1600,0.4,False,892,708,unlabeled_pool|holdout_pool,False,False,strict_complete_cells,paper_protocol_strict_feasible_subset
pageblocks,2536,18,1600,0.4,False,889,711,unlabeled_pool|holdout_pool,False,False,strict_complete_cells,paper_protocol_strict_feasible_subset
pageblocks,2537,19,1600,0.4,False,894,706,unlabeled_pool|holdout_pool,False,False,strict_complete_cells,paper_protocol_strict_feasible_subset
pageblocks,2538,20,1600,0.4,False,917,683,unlabeled_pool|holdout_pool,False,False,strict_complete_cells,paper_protocol_strict_feasible_subset
pageblocks,2539,21,1600,0.4,False,880,720,unlabeled_pool|holdout_pool,False,False,strict_complete_cells,paper_protocol_strict_feasible_subset
pageblocks,2540,22,1600,0.4,False,904,696,unlabeled_pool|holdout_pool,False,False,strict_complete_cells,paper_protocol_strict_feasible_subset
pageblocks,2541,23,1600,0.4,False,909,691,unlabeled_pool|holdout_pool,False,False,strict_complete_cells,paper_protocol_strict_feasible_subset
pageblocks,2542,24,1600,0.4,False,887,713,unlabeled_pool|holdout_pool,False,False,strict_complete_cells,paper_protocol_strict_feasible_subset
pageblocks,2543,25,1600,0.4,False,897,703,unlabeled_pool|holdout_pool,False,False,strict_complete_cells,paper_protocol_strict_feasible_subset
pageblocks,2544,26,1600,0.4,False,891,709,unlabeled_pool|holdout_pool,False,False,strict_complete_cells,paper_protocol_strict_feasible_subset
pageblocks,2545,27,1600,0.4,False,894,706,unlabeled_pool|holdout_pool,False,False,strict_complete_cells,paper_protocol_strict_feasible_subset
pageblocks,2546,28,1600,0.4,False,887,713,unlabeled_pool|holdout_pool,False,False,strict_complete_cells,paper_protocol_strict_feasible_subset
pageblocks,2547,29,1600,0.4,False,883,717,unlabeled_pool|holdout_pool,False,False,strict_complete_cells,paper_protocol_strict_feasible_subset
pageblocks,2548,30,1600,0.4,False,891,709,unlabeled_pool|holdout_pool,False,False,strict_complete_cells,paper_protocol_strict_feasible_subset
pageblocks,2549,31,1600,0.4,False,900,700,unlabeled_pool|holdout_pool,False,False,strict_complete_cells,paper_protocol_strict_feasible_subset
pageblocks,2550,32,1600,0.4,False,858,742,unlabeled_pool|holdout_pool,False,False,strict_complete_cells,paper_protocol_strict_feasible_subset
pageblocks,2551,33,1600,0.4,False,918,682,unlabeled_pool|holdout_pool,False,False,strict_complete_cells,paper_protocol_strict_feasible_subset
pageblocks,2552,34,1600,0.4,False,891,709,unlabeled_pool|holdout_pool,False,False,strict_complete_cells,paper_protocol_strict_feasible_subset
pageblocks,2553,35,1600,0.4,False,892,708,unlabeled_pool|holdout_pool,False,False,strict_complete_cells,paper_protocol_strict_feasible_subset
pageblocks,2554,36,1600,0.4,False,892,708,unlabeled_pool|holdout_pool,False,False,strict_complete_cells,paper_protocol_strict_feasible_subset
pageblocks,2555,37,1600,0.4,False,900,700,unlabeled_pool|holdout_pool,False,False,strict_complete_cells,paper_protocol_strict_feasible_subset
pageblocks,2556,38,1600,0.4,False,914,686,unlabeled_pool|holdout_pool,False,False,strict_complete_cells,paper_protocol_strict_feasible_subset
pageblocks,2557,39,1600,0.4,False,885,715,unlabeled_pool|holdout_pool,False,False,strict_complete_cells,paper_protocol_strict_feasible_subset
pageblocks,2558,40,1600,0.4,False,905,695,unlabeled_pool|holdout_pool,False,False,strict_complete_cells,paper_protocol_strict_feasible_subset
pageblocks,2559,41,1600,0.4,False,882,718,unlabeled_pool|holdout_pool,False,False,strict_complete_cells,paper_protocol_strict_feasible_subset
pageblocks,2560,42,1600,0.4,False,898,702,unlabeled_pool|holdout_pool,False,False,strict_complete_cells,paper_protocol_strict_feasible_subset
pageblocks,2561,43,1600,0.4,False,897,703,unlabeled_pool|holdout_pool,False,False,strict_complete_cells,paper_protocol_strict_feasible_subset
pageblocks,2562,44,1600,0.4,False,885,715,unlabeled_pool|holdout_pool,False,False,strict_complete_cells,paper_protocol_strict_feasible_subset
pageblocks,2563,45,1600,0.4,False,889,711,unlabeled_pool|holdout_pool,False,False,strict_complete_cells,paper_protocol_strict_feasible_subset
pageblocks,2564,46,1600,0.4,False,887,713,unlabeled_pool|holdout_pool,False,False,strict_complete_cells,paper_protocol_strict_feasible_subset
pageblocks,2565,47,1600,0.4,False,883,717,unlabeled_pool|holdout_pool,False,False,strict_complete_cells,paper_protocol_strict_feasible_subset
pageblocks,2566,48,1600,0.4,False,879,721,unlabeled_pool|holdout_pool,False,False,strict_complete_cells,paper_protocol_strict_feasible_subset
pageblocks,2567,49,1600,0.4,False,877,723,unlabeled_pool|holdout_pool,False,False,strict_complete_cells,paper_protocol_strict_feasible_subset
pageblocks,2568,50,1600,0.4,False,911,689,unlabeled_pool|holdout_pool,False,False,strict_complete_cells,paper_protocol_strict_feasible_subset
pageblocks,2569,51,1600,0.4,False,885,715,unlabeled_pool|holdout_pool,False,False,strict_complete_cells,paper_protocol_strict_feasible_subset
pageblocks,2570,52,1600,0.4,False,893,707,unlabeled_pool|holdout_pool,False,False,strict_complete_cells,paper_protocol_strict_feasible_subset
pageblocks,2571,53,1600,0.4,False,891,709,unlabeled_pool|holdout_pool,False,False,strict_complete_cells,paper_protocol_strict_feasible_subset
pageblocks,2572,54,1600,0.4,False,893,707,unlabeled_pool|holdout_pool,False,False,strict_complete_cells,paper_protocol_strict_feasible_subset
pageblocks,2573,55,1600,0.4,False,897,703,unlabeled_pool|holdout_pool,False,False,strict_complete_cells,paper_protocol_strict_feasible_subset
pageblocks,2574,56,1600,0.4,False,895,705,unlabeled_pool|holdout_pool,False,False,strict_complete_cells,paper_protocol_strict_feasible_subset
pageblocks,2575,57,1600,0.4,False,892,708,unlabeled_pool|holdout_pool,False,False,strict_complete_cells,paper_protocol_strict_feasible_subset
pageblocks,2576,58,1600,0.4,False,907,693,unlabeled_pool|holdout_pool,False,False,strict_complete_cells,paper_protocol_strict_feasible_subset
pageblocks,2577,59,1600,0.4,False,886,714,unlabeled_pool|holdout_pool,False,False,strict_complete_cells,paper_protocol_strict_feasible_subset
pageblocks,2578,60,1600,0.4,False,903,697,unlabeled_pool|holdout_pool,False,False,strict_complete_cells,paper_protocol_strict_feasible_subset
pageblocks,2579,61,1600,0.4,False,904,696,unlabeled_pool|holdout_pool,False,False,strict_complete_cells,paper_protocol_strict_feasible_subset
pageblocks,2580,62,1600,0.4,False,880,720,unlabeled_pool|holdout_pool,False,False,strict_complete_cells,paper_protocol_strict_feasible_subset
pageblocks,2581,63,1600,0.4,False,876,724,unlabeled_pool|holdout_pool,False,False,strict_complete_cells,paper_protocol_strict_feasible_subset
pageblocks,2582,64,1600,0.4,False,897,703,unlabeled_pool|holdout_pool,False,False,strict_complete_cells,paper_protocol_strict_feasible_subset
pageblocks,2583,65,1600,0.4,False,899,701,unlabeled_pool|holdout_pool,False,False,strict_complete_cells,paper_protocol_strict_feasible_subset
pageblocks,2584,66,1600,0.4,False,920,680,unlabeled_pool|holdout_pool,False,False,strict_complete_cells,paper_protocol_strict_feasible_subset
pageblocks,2585,67,1600,0.4,False,895,705,unlabeled_pool|holdout_pool,False,False,strict_complete_cells,paper_protocol_strict_feasible_subset
pageblocks,2586,68,1600,0.4,False,919,681,unlabeled_pool|holdout_pool,False,False,strict_complete_cells,paper_protocol_strict_feasible_subset
pageblocks,2587,69,1600,0.4,False,888,712,unlabeled_pool|holdout_pool,False,False,strict_complete_cells,paper_protocol_strict_feasible_subset
pageblocks,2588,70,1600,0.4,False,894,706,unlabeled_pool|holdout_pool,False,False,strict_complete_cells,paper_protocol_strict_feasible_subset
pageblocks,2589,71,1600,0.4,False,897,703,unlabeled_pool|holdout_pool,False,False,strict_complete_cells,paper_protocol_strict_feasible_subset
pageblocks,2590,72,1600,0.4,False,884,716,unlabeled_pool|holdout_pool,False,False,strict_complete_cells,paper_protocol_strict_feasible_subset
pageblocks,2591,73,1600,0.4,False,893,707,unlabeled_pool|holdout_pool,False,False,strict_complete_cells,paper_protocol_strict_feasible_subset
pageblocks,2592,74,1600,0.4,False,898,702,unlabeled_pool|holdout_pool,False,False,strict_complete_cells,paper_protocol_strict_feasible_subset
pageblocks,2593,75,1600,0.4,False,891,709,unlabeled_pool|holdout_pool,False,False,strict_complete_cells,paper_protocol_strict_feasible_subset
pageblocks,2594,76,1600,0.4,False,896,704,unlabeled_pool|holdout_pool,False,False,strict_complete_cells,paper_protocol_strict_feasible_subset
pageblocks,2595,77,1600,0.4,False,889,711,unlabeled_pool|holdout_pool,False,False,strict_complete_cells,paper_protocol_strict_feasible_subset
pageblocks,2596,78,1600,0.4,False,890,710,unlabeled_pool|holdout_pool,False,False,strict_complete_cells,paper_protocol_strict_feasible_subset
pageblocks,2597,79,1600,0.4,False,887,713,unlabeled_pool|holdout_pool,False,False,strict_complete_cells,paper_protocol_strict_feasible_subset
pageblocks,2598,80,1600,0.4,False,887,713,unlabeled_pool|holdout_pool,False,False,strict_complete_cells,paper_protocol_strict_feasible_subset
pageblocks,2599,81,1600,0.4,False,894,706,unlabeled_pool|holdout_pool,False,False,strict_complete_cells,paper_protocol_strict_feasible_subset
pageblocks,2600,82,1600,0.4,False,903,697,unlabeled_pool|holdout_pool,False,False,strict_complete_cells,paper_protocol_strict_feasible_subset
pageblocks,2601,83,1600,0.4,False,941,659,unlabeled_pool|holdout_pool,False,False,strict_complete_cells,paper_protocol_strict_feasible_subset
pageblocks,2602,84,1600,0.4,False,891,709,unlabeled_pool|holdout_pool,False,False,strict_complete_cells,paper_protocol_strict_feasible_subset
pageblocks,2603,85,1600,0.4,False,874,726,unlabeled_pool|holdout_pool,False,False,strict_complete_cells,paper_protocol_strict_feasible_subset
pageblocks,2604,86,1600,0.4,False,908,692,unlabeled_pool|holdout_pool,False,False,strict_complete_cells,paper_protocol_strict_feasible_subset
pageblocks,2605,87,1600,0.4,False,883,717,unlabeled_pool|holdout_pool,False,False,strict_complete_cells,paper_protocol_strict_feasible_subset
pageblocks,2606,88,1600,0.4,False,882,718,unlabeled_pool|holdout_pool,False,False,strict_complete_cells,paper_protocol_strict_feasible_subset
pageblocks,2607,89,1600,0.4,False,890,710,unlabeled_pool|holdout_pool,False,False,strict_complete_cells,paper_protocol_strict_feasible_subset
pageblocks,2608,90,1600,0.4,False,895,705,unlabeled_pool|holdout_pool,False,False,strict_complete_cells,paper_protocol_strict_feasible_subset
pageblocks,2609,91,1600,0.4,False,913,687,unlabeled_pool|holdout_pool,False,False,strict_complete_cells,paper_protocol_strict_feasible_subset
pageblocks,2610,92,1600,0.4,False,900,700,unlabeled_pool|holdout_pool,False,False,strict_complete_cells,paper_protocol_strict_feasible_subset
pageblocks,2611,93,1600,0.4,False,891,709,unlabeled_pool|holdout_pool,False,False,strict_complete_cells,paper_protocol_strict_feasible_subset
pageblocks,2612,94,1600,0.4,False,907,693,unlabeled_pool|holdout_pool,False,False,strict_complete_cells,paper_protocol_strict_feasible_subset
pageblocks,2613,95,1600,0.4,False,886,714,unlabeled_pool|holdout_pool,False,False,strict_complete_cells,paper_protocol_strict_feasible_subset
pageblocks,2614,96,1600,0.4,False,872,728,unlabeled_pool|holdout_pool,False,False,strict_complete_cells,paper_protocol_strict_feasible_subset
pageblocks,2615,97,1600,0.4,False,890,710,unlabeled_pool|holdout_pool,False,False,strict_complete_cells,paper_protocol_strict_feasible_subset
pageblocks,2616,98,1600,0.4,False,874,726,unlabeled_pool|holdout_pool,False,False,strict_complete_cells,paper_protocol_strict_feasible_subset
pageblocks,2617,99,1600,0.4,False,890,710,unlabeled_pool|holdout_pool,False,False,strict_complete_cells,paper_protocol_strict_feasible_subset
pageblocks,2618,0,1600,0.6,False,1214,906,unlabeled_pool|holdout_pool,False,False,strict_complete_cells,paper_protocol_strict_feasible_subset
pageblocks,2619,1,1600,0.6,False,1202,918,unlabeled_pool|holdout_pool,False,False,strict_complete_cells,paper_protocol_strict_feasible_subset
pageblocks,2620,2,1600,0.6,False,1229,891,unlabeled_pool|holdout_pool,False,False,strict_complete_cells,paper_protocol_strict_feasible_subset
pageblocks,2621,3,1600,0.6,False,1214,906,unlabeled_pool|holdout_pool,False,False,strict_complete_cells,paper_protocol_strict_feasible_subset
pageblocks,2622,4,1600,0.6,False,1210,910,unlabeled_pool|holdout_pool,False,False,strict_complete_cells,paper_protocol_strict_feasible_subset
pageblocks,2623,5,1600,0.6,False,1224,896,unlabeled_pool|holdout_pool,False,False,strict_complete_cells,paper_protocol_strict_feasible_subset
pageblocks,2624,6,1600,0.6,False,1195,925,unlabeled_pool|holdout_pool,False,False,strict_complete_cells,paper_protocol_strict_feasible_subset
pageblocks,2625,7,1600,0.6,False,1224,896,unlabeled_pool|holdout_pool,False,False,strict_complete_cells,paper_protocol_strict_feasible_subset
pageblocks,2626,8,1600,0.6,False,1204,916,unlabeled_pool|holdout_pool,False,False,strict_complete_cells,paper_protocol_strict_feasible_subset
pageblocks,2627,9,1600,0.6,False,1232,888,unlabeled_pool|holdout_pool,False,False,strict_complete_cells,paper_protocol_strict_feasible_subset
pageblocks,2628,10,1600,0.6,False,1234,886,unlabeled_pool|holdout_pool,False,False,strict_complete_cells,paper_protocol_strict_feasible_subset
pageblocks,2629,11,1600,0.6,False,1190,930,unlabeled_pool|holdout_pool,False,False,strict_complete_cells,paper_protocol_strict_feasible_subset
pageblocks,2630,12,1600,0.6,False,1221,899,unlabeled_pool|holdout_pool,False,False,strict_complete_cells,paper_protocol_strict_feasible_subset
pageblocks,2631,13,1600,0.6,False,1208,912,unlabeled_pool|holdout_pool,False,False,strict_complete_cells,paper_protocol_strict_feasible_subset
pageblocks,2632,14,1600,0.6,False,1215,905,unlabeled_pool|holdout_pool,False,False,strict_complete_cells,paper_protocol_strict_feasible_subset
pageblocks,2633,15,1600,0.6,False,1217,903,unlabeled_pool|holdout_pool,False,False,strict_complete_cells,paper_protocol_strict_feasible_subset
pageblocks,2634,16,1600,0.6,False,1237,883,unlabeled_pool|holdout_pool,False,False,strict_complete_cells,paper_protocol_strict_feasible_subset
pageblocks,2635,17,1600,0.6,False,1208,912,unlabeled_pool|holdout_pool,False,False,strict_complete_cells,paper_protocol_strict_feasible_subset
pageblocks,2636,18,1600,0.6,False,1212,908,unlabeled_pool|holdout_pool,False,False,strict_complete_cells,paper_protocol_strict_feasible_subset
pageblocks,2637,19,1600,0.6,False,1215,905,unlabeled_pool|holdout_pool,False,False,strict_complete_cells,paper_protocol_strict_feasible_subset
pageblocks,2638,20,1600,0.6,False,1210,910,unlabeled_pool|holdout_pool,False,False,strict_complete_cells,paper_protocol_strict_feasible_subset
pageblocks,2639,21,1600,0.6,False,1211,909,unlabeled_pool|holdout_pool,False,False,strict_complete_cells,paper_protocol_strict_feasible_subset
pageblocks,2640,22,1600,0.6,False,1220,900,unlabeled_pool|holdout_pool,False,False,strict_complete_cells,paper_protocol_strict_feasible_subset
pageblocks,2641,23,1600,0.6,False,1228,892,unlabeled_pool|holdout_pool,False,False,strict_complete_cells,paper_protocol_strict_feasible_subset
pageblocks,2642,24,1600,0.6,False,1205,915,unlabeled_pool|holdout_pool,False,False,strict_complete_cells,paper_protocol_strict_feasible_subset
pageblocks,2643,25,1600,0.6,False,1190,930,unlabeled_pool|holdout_pool,False,False,strict_complete_cells,paper_protocol_strict_feasible_subset
pageblocks,2644,26,1600,0.6,False,1225,895,unlabeled_pool|holdout_pool,False,False,strict_complete_cells,paper_protocol_strict_feasible_subset
pageblocks,2645,27,1600,0.6,False,1232,888,unlabeled_pool|holdout_pool,False,False,strict_complete_cells,paper_protocol_strict_feasible_subset
pageblocks,2646,28,1600,0.6,False,1216,904,unlabeled_pool|holdout_pool,False,False,strict_complete_cells,paper_protocol_strict_feasible_subset
pageblocks,2647,29,1600,0.6,False,1227,893,unlabeled_pool|holdout_pool,False,False,strict_complete_cells,paper_protocol_strict_feasible_subset
pageblocks,2648,30,1600,0.6,False,1222,898,unlabeled_pool|holdout_pool,False,False,strict_complete_cells,paper_protocol_strict_feasible_subset
pageblocks,2649,31,1600,0.6,False,1205,915,unlabeled_pool|holdout_pool,False,False,strict_complete_cells,paper_protocol_strict_feasible_subset
pageblocks,2650,32,1600,0.6,False,1208,912,unlabeled_pool|holdout_pool,False,False,strict_complete_cells,paper_protocol_strict_feasible_subset
pageblocks,2651,33,1600,0.6,False,1222,898,unlabeled_pool|holdout_pool,False,False,strict_complete_cells,paper_protocol_strict_feasible_subset
pageblocks,2652,34,1600,0.6,False,1219,901,unlabeled_pool|holdout_pool,False,False,strict_complete_cells,paper_protocol_strict_feasible_subset
pageblocks,2653,35,1600,0.6,False,1189,931,unlabeled_pool|holdout_pool,False,False,strict_complete_cells,paper_protocol_strict_feasible_subset
pageblocks,2654,36,1600,0.6,False,1201,919,unlabeled_pool|holdout_pool,False,False,strict_complete_cells,paper_protocol_strict_feasible_subset
pageblocks,2655,37,1600,0.6,False,1220,900,unlabeled_pool|holdout_pool,False,False,strict_complete_cells,paper_protocol_strict_feasible_subset
pageblocks,2656,38,1600,0.6,False,1197,923,unlabeled_pool|holdout_pool,False,False,strict_complete_cells,paper_protocol_strict_feasible_subset
pageblocks,2657,39,1600,0.6,False,1218,902,unlabeled_pool|holdout_pool,False,False,strict_complete_cells,paper_protocol_strict_feasible_subset
pageblocks,2658,40,1600,0.6,False,1205,915,unlabeled_pool|holdout_pool,False,False,strict_complete_cells,paper_protocol_strict_feasible_subset
pageblocks,2659,41,1600,0.6,False,1222,898,unlabeled_pool|holdout_pool,False,False,strict_complete_cells,paper_protocol_strict_feasible_subset
pageblocks,2660,42,1600,0.6,False,1226,894,unlabeled_pool|holdout_pool,False,False,strict_complete_cells,paper_protocol_strict_feasible_subset
pageblocks,2661,43,1600,0.6,False,1239,881,unlabeled_pool|holdout_pool,False,False,strict_complete_cells,paper_protocol_strict_feasible_subset
pageblocks,2662,44,1600,0.6,False,1215,905,unlabeled_pool|holdout_pool,False,False,strict_complete_cells,paper_protocol_strict_feasible_subset
pageblocks,2663,45,1600,0.6,False,1216,904,unlabeled_pool|holdout_pool,False,False,strict_complete_cells,paper_protocol_strict_feasible_subset
pageblocks,2664,46,1600,0.6,False,1213,907,unlabeled_pool|holdout_pool,False,False,strict_complete_cells,paper_protocol_strict_feasible_subset
pageblocks,2665,47,1600,0.6,False,1238,882,unlabeled_pool|holdout_pool,False,False,strict_complete_cells,paper_protocol_strict_feasible_subset
pageblocks,2666,48,1600,0.6,False,1198,922,unlabeled_pool|holdout_pool,False,False,strict_complete_cells,paper_protocol_strict_feasible_subset
pageblocks,2667,49,1600,0.6,False,1236,884,unlabeled_pool|holdout_pool,False,False,strict_complete_cells,paper_protocol_strict_feasible_subset
pageblocks,2668,50,1600,0.6,False,1209,911,unlabeled_pool|holdout_pool,False,False,strict_complete_cells,paper_protocol_strict_feasible_subset
pageblocks,2669,51,1600,0.6,False,1224,896,unlabeled_pool|holdout_pool,False,False,strict_complete_cells,paper_protocol_strict_feasible_subset
pageblocks,2670,52,1600,0.6,False,1212,908,unlabeled_pool|holdout_pool,False,False,strict_complete_cells,paper_protocol_strict_feasible_subset
pageblocks,2671,53,1600,0.6,False,1211,909,unlabeled_pool|holdout_pool,False,False,strict_complete_cells,paper_protocol_strict_feasible_subset
pageblocks,2672,54,1600,0.6,False,1219,901,unlabeled_pool|holdout_pool,False,False,strict_complete_cells,paper_protocol_strict_feasible_subset
pageblocks,2673,55,1600,0.6,False,1230,890,unlabeled_pool|holdout_pool,False,False,strict_complete_cells,paper_protocol_strict_feasible_subset
pageblocks,2674,56,1600,0.6,False,1205,915,unlabeled_pool|holdout_pool,False,False,strict_complete_cells,paper_protocol_strict_feasible_subset
pageblocks,2675,57,1600,0.6,False,1203,917,unlabeled_pool|holdout_pool,False,False,strict_complete_cells,paper_protocol_strict_feasible_subset
pageblocks,2676,58,1600,0.6,False,1194,926,unlabeled_pool|holdout_pool,False,False,strict_complete_cells,paper_protocol_strict_feasible_subset
pageblocks,2677,59,1600,0.6,False,1200,920,unlabeled_pool|holdout_pool,False,False,strict_complete_cells,paper_protocol_strict_feasible_subset
pageblocks,2678,60,1600,0.6,False,1208,912,unlabeled_pool|holdout_pool,False,False,strict_complete_cells,paper_protocol_strict_feasible_subset
pageblocks,2679,61,1600,0.6,False,1219,901,unlabeled_pool|holdout_pool,False,False,strict_complete_cells,paper_protocol_strict_feasible_subset
pageblocks,2680,62,1600,0.6,False,1211,909,unlabeled_pool|holdout_pool,False,False,strict_complete_cells,paper_protocol_strict_feasible_subset
pageblocks,2681,63,1600,0.6,False,1226,894,unlabeled_pool|holdout_pool,False,False,strict_complete_cells,paper_protocol_strict_feasible_subset
pageblocks,2682,64,1600,0.6,False,1213,907,unlabeled_pool|holdout_pool,False,False,strict_complete_cells,paper_protocol_strict_feasible_subset
pageblocks,2683,65,1600,0.6,False,1227,893,unlabeled_pool|holdout_pool,False,False,strict_complete_cells,paper_protocol_strict_feasible_subset
pageblocks,2684,66,1600,0.6,False,1239,881,unlabeled_pool|holdout_pool,False,False,strict_complete_cells,paper_protocol_strict_feasible_subset
pageblocks,2685,67,1600,0.6,False,1218,902,unlabeled_pool|holdout_pool,False,False,strict_complete_cells,paper_protocol_strict_feasible_subset
pageblocks,2686,68,1600,0.6,False,1200,920,unlabeled_pool|holdout_pool,False,False,strict_complete_cells,paper_protocol_strict_feasible_subset
pageblocks,2687,69,1600,0.6,False,1223,897,unlabeled_pool|holdout_pool,False,False,strict_complete_cells,paper_protocol_strict_feasible_subset
pageblocks,2688,70,1600,0.6,False,1224,896,unlabeled_pool|holdout_pool,False,False,strict_complete_cells,paper_protocol_strict_feasible_subset
pageblocks,2689,71,1600,0.6,False,1222,898,unlabeled_pool|holdout_pool,False,False,strict_complete_cells,paper_protocol_strict_feasible_subset
pageblocks,2690,72,1600,0.6,False,1206,914,unlabeled_pool|holdout_pool,False,False,strict_complete_cells,paper_protocol_strict_feasible_subset
pageblocks,2691,73,1600,0.6,False,1223,897,unlabeled_pool|holdout_pool,False,False,strict_complete_cells,paper_protocol_strict_feasible_subset
pageblocks,2692,74,1600,0.6,False,1209,911,unlabeled_pool|holdout_pool,False,False,strict_complete_cells,paper_protocol_strict_feasible_subset
pageblocks,2693,75,1600,0.6,False,1218,902,unlabeled_pool|holdout_pool,False,False,strict_complete_cells,paper_protocol_strict_feasible_subset
pageblocks,2694,76,1600,0.6,False,1183,937,unlabeled_pool|holdout_pool,False,False,strict_complete_cells,paper_protocol_strict_feasible_subset
pageblocks,2695,77,1600,0.6,False,1222,898,unlabeled_pool|holdout_pool,False,False,strict_complete_cells,paper_protocol_strict_feasible_subset
pageblocks,2696,78,1600,0.6,False,1203,917,unlabeled_pool|holdout_pool,False,False,strict_complete_cells,paper_protocol_strict_feasible_subset
pageblocks,2697,79,1600,0.6,False,1223,897,unlabeled_pool|holdout_pool,False,False,strict_complete_cells,paper_protocol_strict_feasible_subset
pageblocks,2698,80,1600,0.6,False,1209,911,unlabeled_pool|holdout_pool,False,False,strict_complete_cells,paper_protocol_strict_feasible_subset
pageblocks,2699,81,1600,0.6,False,1207,913,unlabeled_pool|holdout_pool,False,False,strict_complete_cells,paper_protocol_strict_feasible_subset
pageblocks,2700,82,1600,0.6,False,1223,897,unlabeled_pool|holdout_pool,False,False,strict_complete_cells,paper_protocol_strict_feasible_subset
pageblocks,2701,83,1600,0.6,False,1207,913,unlabeled_pool|holdout_pool,False,False,strict_complete_cells,paper_protocol_strict_feasible_subset
pageblocks,2702,84,1600,0.6,False,1205,915,unlabeled_pool|holdout_pool,False,False,strict_complete_cells,paper_protocol_strict_feasible_subset
pageblocks,2703,85,1600,0.6,False,1217,903,unlabeled_pool|holdout_pool,False,False,strict_complete_cells,paper_protocol_strict_feasible_subset
pageblocks,2704,86,1600,0.6,False,1208,912,unlabeled_pool|holdout_pool,False,False,strict_complete_cells,paper_protocol_strict_feasible_subset
pageblocks,2705,87,1600,0.6,False,1204,916,unlabeled_pool|holdout_pool,False,False,strict_complete_cells,paper_protocol_strict_feasible_subset
pageblocks,2706,88,1600,0.6,False,1196,924,unlabeled_pool|holdout_pool,False,False,strict_complete_cells,paper_protocol_strict_feasible_subset
pageblocks,2707,89,1600,0.6,False,1220,900,unlabeled_pool|holdout_pool,False,False,strict_complete_cells,paper_protocol_strict_feasible_subset
pageblocks,2708,90,1600,0.6,False,1208,912,unlabeled_pool|holdout_pool,False,False,strict_complete_cells,paper_protocol_strict_feasible_subset
pageblocks,2709,91,1600,0.6,False,1204,916,unlabeled_pool|holdout_pool,False,False,strict_complete_cells,paper_protocol_strict_feasible_subset
pageblocks,2710,92,1600,0.6,False,1215,905,unlabeled_pool|holdout_pool,False,False,strict_complete_cells,paper_protocol_strict_feasible_subset
pageblocks,2711,93,1600,0.6,False,1222,898,unlabeled_pool|holdout_pool,False,False,strict_complete_cells,paper_protocol_strict_feasible_subset
pageblocks,2712,94,1600,0.6,False,1206,914,unlabeled_pool|holdout_pool,False,False,strict_complete_cells,paper_protocol_strict_feasible_subset
pageblocks,2713,95,1600,0.6,False,1209,911,unlabeled_pool|holdout_pool,False,False,strict_complete_cells,paper_protocol_strict_feasible_subset
pageblocks,2714,96,1600,0.6,False,1207,913,unlabeled_pool|holdout_pool,False,False,strict_complete_cells,paper_protocol_strict_feasible_subset
pageblocks,2715,97,1600,0.6,False,1211,909,unlabeled_pool|holdout_pool,False,False,strict_complete_cells,paper_protocol_strict_feasible_subset
pageblocks,2716,98,1600,0.6,False,1211,909,unlabeled_pool|holdout_pool,False,False,strict_complete_cells,paper_protocol_strict_feasible_subset
pageblocks,2717,99,1600,0.6,False,1206,914,unlabeled_pool|holdout_pool,False,False,strict_complete_cells,paper_protocol_strict_feasible_subset
pageblocks,2718,0,1600,0.8,False,1528,1000,unlabeled_pool,False,False,strict_complete_cells,paper_protocol_strict_feasible_subset
pageblocks,2719,1,1600,0.8,False,1537,1000,unlabeled_pool,False,False,strict_complete_cells,paper_protocol_strict_feasible_subset
pageblocks,2720,2,1600,0.8,False,1541,1000,unlabeled_pool,False,False,strict_complete_cells,paper_protocol_strict_feasible_subset
pageblocks,2721,3,1600,0.8,False,1540,1000,unlabeled_pool,False,False,strict_complete_cells,paper_protocol_strict_feasible_subset
pageblocks,2722,4,1600,0.8,False,1538,1000,unlabeled_pool,False,False,strict_complete_cells,paper_protocol_strict_feasible_subset
pageblocks,2723,5,1600,0.8,False,1514,1000,unlabeled_pool,False,False,strict_complete_cells,paper_protocol_strict_feasible_subset
pageblocks,2724,6,1600,0.8,False,1530,1000,unlabeled_pool,False,False,strict_complete_cells,paper_protocol_strict_feasible_subset
pageblocks,2725,7,1600,0.8,False,1539,1000,unlabeled_pool,False,False,strict_complete_cells,paper_protocol_strict_feasible_subset
pageblocks,2726,8,1600,0.8,False,1519,1000,unlabeled_pool,False,False,strict_complete_cells,paper_protocol_strict_feasible_subset
pageblocks,2727,9,1600,0.8,False,1542,1000,unlabeled_pool,False,False,strict_complete_cells,paper_protocol_strict_feasible_subset
pageblocks,2728,10,1600,0.8,False,1534,1000,unlabeled_pool,False,False,strict_complete_cells,paper_protocol_strict_feasible_subset
pageblocks,2729,11,1600,0.8,False,1534,1000,unlabeled_pool,False,False,strict_complete_cells,paper_protocol_strict_feasible_subset
pageblocks,2730,12,1600,0.8,False,1527,1000,unlabeled_pool,False,False,strict_complete_cells,paper_protocol_strict_feasible_subset
pageblocks,2731,13,1600,0.8,False,1535,1000,unlabeled_pool,False,False,strict_complete_cells,paper_protocol_strict_feasible_subset
pageblocks,2732,14,1600,0.8,False,1520,1000,unlabeled_pool,False,False,strict_complete_cells,paper_protocol_strict_feasible_subset
pageblocks,2733,15,1600,0.8,False,1518,1000,unlabeled_pool,False,False,strict_complete_cells,paper_protocol_strict_feasible_subset
pageblocks,2734,16,1600,0.8,False,1559,1000,unlabeled_pool,False,False,strict_complete_cells,paper_protocol_strict_feasible_subset
pageblocks,2735,17,1600,0.8,False,1557,1000,unlabeled_pool,False,False,strict_complete_cells,paper_protocol_strict_feasible_subset
pageblocks,2736,18,1600,0.8,False,1528,1000,unlabeled_pool,False,False,strict_complete_cells,paper_protocol_strict_feasible_subset
pageblocks,2737,19,1600,0.8,False,1532,1000,unlabeled_pool,False,False,strict_complete_cells,paper_protocol_strict_feasible_subset
pageblocks,2738,20,1600,0.8,False,1533,1000,unlabeled_pool,False,False,strict_complete_cells,paper_protocol_strict_feasible_subset
pageblocks,2739,21,1600,0.8,False,1533,1000,unlabeled_pool,False,False,strict_complete_cells,paper_protocol_strict_feasible_subset
pageblocks,2740,22,1600,0.8,False,1536,1000,unlabeled_pool,False,False,strict_complete_cells,paper_protocol_strict_feasible_subset
pageblocks,2741,23,1600,0.8,False,1530,1000,unlabeled_pool,False,False,strict_complete_cells,paper_protocol_strict_feasible_subset
pageblocks,2742,24,1600,0.8,False,1522,1000,unlabeled_pool,False,False,strict_complete_cells,paper_protocol_strict_feasible_subset
pageblocks,2743,25,1600,0.8,False,1543,1000,unlabeled_pool,False,False,strict_complete_cells,paper_protocol_strict_feasible_subset
pageblocks,2744,26,1600,0.8,False,1543,1000,unlabeled_pool,False,False,strict_complete_cells,paper_protocol_strict_feasible_subset
pageblocks,2745,27,1600,0.8,False,1540,1000,unlabeled_pool,False,False,strict_complete_cells,paper_protocol_strict_feasible_subset
pageblocks,2746,28,1600,0.8,False,1522,1000,unlabeled_pool,False,False,strict_complete_cells,paper_protocol_strict_feasible_subset
pageblocks,2747,29,1600,0.8,False,1531,1000,unlabeled_pool,False,False,strict_complete_cells,paper_protocol_strict_feasible_subset
pageblocks,2748,30,1600,0.8,False,1550,1000,unlabeled_pool,False,False,strict_complete_cells,paper_protocol_strict_feasible_subset
pageblocks,2749,31,1600,0.8,False,1525,1000,unlabeled_pool,False,False,strict_complete_cells,paper_protocol_strict_feasible_subset
pageblocks,2750,32,1600,0.8,False,1539,1000,unlabeled_pool,False,False,strict_complete_cells,paper_protocol_strict_feasible_subset
pageblocks,2751,33,1600,0.8,False,1536,1000,unlabeled_pool,False,False,strict_complete_cells,paper_protocol_strict_feasible_subset
pageblocks,2752,34,1600,0.8,False,1548,1000,unlabeled_pool,False,False,strict_complete_cells,paper_protocol_strict_feasible_subset
pageblocks,2753,35,1600,0.8,False,1527,1000,unlabeled_pool,False,False,strict_complete_cells,paper_protocol_strict_feasible_subset
pageblocks,2754,36,1600,0.8,False,1543,1000,unlabeled_pool,False,False,strict_complete_cells,paper_protocol_strict_feasible_subset
pageblocks,2755,37,1600,0.8,False,1526,1000,unlabeled_pool,False,False,strict_complete_cells,paper_protocol_strict_feasible_subset
pageblocks,2756,38,1600,0.8,False,1535,1000,unlabeled_pool,False,False,strict_complete_cells,paper_protocol_strict_feasible_subset
pageblocks,2757,39,1600,0.8,False,1518,1000,unlabeled_pool,False,False,strict_complete_cells,paper_protocol_strict_feasible_subset
pageblocks,2758,40,1600,0.8,False,1518,1000,unlabeled_pool,False,False,strict_complete_cells,paper_protocol_strict_feasible_subset
pageblocks,2759,41,1600,0.8,False,1537,1000,unlabeled_pool,False,False,strict_complete_cells,paper_protocol_strict_feasible_subset
pageblocks,2760,42,1600,0.8,False,1520,1000,unlabeled_pool,False,False,strict_complete_cells,paper_protocol_strict_feasible_subset
pageblocks,2761,43,1600,0.8,False,1524,1000,unlabeled_pool,False,False,strict_complete_cells,paper_protocol_strict_feasible_subset
pageblocks,2762,44,1600,0.8,False,1532,1000,unlabeled_pool,False,False,strict_complete_cells,paper_protocol_strict_feasible_subset
pageblocks,2763,45,1600,0.8,False,1530,1000,unlabeled_pool,False,False,strict_complete_cells,paper_protocol_strict_feasible_subset
pageblocks,2764,46,1600,0.8,False,1526,1000,unlabeled_pool,False,False,strict_complete_cells,paper_protocol_strict_feasible_subset
pageblocks,2765,47,1600,0.8,False,1526,1000,unlabeled_pool,False,False,strict_complete_cells,paper_protocol_strict_feasible_subset
pageblocks,2766,48,1600,0.8,False,1551,1000,unlabeled_pool,False,False,strict_complete_cells,paper_protocol_strict_feasible_subset
pageblocks,2767,49,1600,0.8,False,1540,1000,unlabeled_pool,False,False,strict_complete_cells,paper_protocol_strict_feasible_subset
pageblocks,2768,50,1600,0.8,False,1524,1000,unlabeled_pool,False,False,strict_complete_cells,paper_protocol_strict_feasible_subset
pageblocks,2769,51,1600,0.8,False,1540,1000,unlabeled_pool,False,False,strict_complete_cells,paper_protocol_strict_feasible_subset
pageblocks,2770,52,1600,0.8,False,1547,1000,unlabeled_pool,False,False,strict_complete_cells,paper_protocol_strict_feasible_subset
pageblocks,2771,53,1600,0.8,False,1532,1000,unlabeled_pool,False,False,strict_complete_cells,paper_protocol_strict_feasible_subset
pageblocks,2772,54,1600,0.8,False,1534,1000,unlabeled_pool,False,False,strict_complete_cells,paper_protocol_strict_feasible_subset
pageblocks,2773,55,1600,0.8,False,1543,1000,unlabeled_pool,False,False,strict_complete_cells,paper_protocol_strict_feasible_subset
pageblocks,2774,56,1600,0.8,False,1533,1000,unlabeled_pool,False,False,strict_complete_cells,paper_protocol_strict_feasible_subset
pageblocks,2775,57,1600,0.8,False,1522,1000,unlabeled_pool,False,False,strict_complete_cells,paper_protocol_strict_feasible_subset
pageblocks,2776,58,1600,0.8,False,1529,1000,unlabeled_pool,False,False,strict_complete_cells,paper_protocol_strict_feasible_subset
pageblocks,2777,59,1600,0.8,False,1541,1000,unlabeled_pool,False,False,strict_complete_cells,paper_protocol_strict_feasible_subset
pageblocks,2778,60,1600,0.8,False,1541,1000,unlabeled_pool,False,False,strict_complete_cells,paper_protocol_strict_feasible_subset
pageblocks,2779,61,1600,0.8,False,1525,1000,unlabeled_pool,False,False,strict_complete_cells,paper_protocol_strict_feasible_subset
pageblocks,2780,62,1600,0.8,False,1525,1000,unlabeled_pool,False,False,strict_complete_cells,paper_protocol_strict_feasible_subset
pageblocks,2781,63,1600,0.8,False,1523,1000,unlabeled_pool,False,False,strict_complete_cells,paper_protocol_strict_feasible_subset
pageblocks,2782,64,1600,0.8,False,1532,1000,unlabeled_pool,False,False,strict_complete_cells,paper_protocol_strict_feasible_subset
pageblocks,2783,65,1600,0.8,False,1540,1000,unlabeled_pool,False,False,strict_complete_cells,paper_protocol_strict_feasible_subset
pageblocks,2784,66,1600,0.8,False,1552,1000,unlabeled_pool,False,False,strict_complete_cells,paper_protocol_strict_feasible_subset
pageblocks,2785,67,1600,0.8,False,1541,1000,unlabeled_pool,False,False,strict_complete_cells,paper_protocol_strict_feasible_subset
pageblocks,2786,68,1600,0.8,False,1522,1000,unlabeled_pool,False,False,strict_complete_cells,paper_protocol_strict_feasible_subset
pageblocks,2787,69,1600,0.8,False,1524,1000,unlabeled_pool,False,False,strict_complete_cells,paper_protocol_strict_feasible_subset
pageblocks,2788,70,1600,0.8,False,1535,1000,unlabeled_pool,False,False,strict_complete_cells,paper_protocol_strict_feasible_subset
pageblocks,2789,71,1600,0.8,False,1542,1000,unlabeled_pool,False,False,strict_complete_cells,paper_protocol_strict_feasible_subset
pageblocks,2790,72,1600,0.8,False,1551,1000,unlabeled_pool,False,False,strict_complete_cells,paper_protocol_strict_feasible_subset
pageblocks,2791,73,1600,0.8,False,1535,1000,unlabeled_pool,False,False,strict_complete_cells,paper_protocol_strict_feasible_subset
pageblocks,2792,74,1600,0.8,False,1525,1000,unlabeled_pool,False,False,strict_complete_cells,paper_protocol_strict_feasible_subset
pageblocks,2793,75,1600,0.8,False,1530,1000,unlabeled_pool,False,False,strict_complete_cells,paper_protocol_strict_feasible_subset
pageblocks,2794,76,1600,0.8,False,1553,1000,unlabeled_pool,False,False,strict_complete_cells,paper_protocol_strict_feasible_subset
pageblocks,2795,77,1600,0.8,False,1548,1000,unlabeled_pool,False,False,strict_complete_cells,paper_protocol_strict_feasible_subset
pageblocks,2796,78,1600,0.8,False,1521,1000,unlabeled_pool,False,False,strict_complete_cells,paper_protocol_strict_feasible_subset
pageblocks,2797,79,1600,0.8,False,1543,1000,unlabeled_pool,False,False,strict_complete_cells,paper_protocol_strict_feasible_subset
pageblocks,2798,80,1600,0.8,False,1524,1000,unlabeled_pool,False,False,strict_complete_cells,paper_protocol_strict_feasible_subset
pageblocks,2799,81,1600,0.8,False,1541,1000,unlabeled_pool,False,False,strict_complete_cells,paper_protocol_strict_feasible_subset
pageblocks,2800,82,1600,0.8,False,1534,1000,unlabeled_pool,False,False,strict_complete_cells,paper_protocol_strict_feasible_subset
pageblocks,2801,83,1600,0.8,False,1529,1000,unlabeled_pool,False,False,strict_complete_cells,paper_protocol_strict_feasible_subset
pageblocks,2802,84,1600,0.8,False,1535,1000,unlabeled_pool,False,False,strict_complete_cells,paper_protocol_strict_feasible_subset
pageblocks,2803,85,1600,0.8,False,1530,1000,unlabeled_pool,False,False,strict_complete_cells,paper_protocol_strict_feasible_subset
pageblocks,2804,86,1600,0.8,False,1542,1000,unlabeled_pool,False,False,strict_complete_cells,paper_protocol_strict_feasible_subset
pageblocks,2805,87,1600,0.8,False,1527,1000,unlabeled_pool,False,False,strict_complete_cells,paper_protocol_strict_feasible_subset
pageblocks,2806,88,1600,0.8,False,1545,1000,unlabeled_pool,False,False,strict_complete_cells,paper_protocol_strict_feasible_subset
pageblocks,2807,89,1600,0.8,False,1525,1000,unlabeled_pool,False,False,strict_complete_cells,paper_protocol_strict_feasible_subset
pageblocks,2808,90,1600,0.8,False,1534,1000,unlabeled_pool,False,False,strict_complete_cells,paper_protocol_strict_feasible_subset
pageblocks,2809,91,1600,0.8,False,1546,1000,unlabeled_pool,False,False,strict_complete_cells,paper_protocol_strict_feasible_subset
pageblocks,2810,92,1600,0.8,False,1524,1000,unlabeled_pool,False,False,strict_complete_cells,paper_protocol_strict_feasible_subset
pageblocks,2811,93,1600,0.8,False,1524,1000,unlabeled_pool,False,False,strict_complete_cells,paper_protocol_strict_feasible_subset
pageblocks,2812,94,1600,0.8,False,1533,1000,unlabeled_pool,False,False,strict_complete_cells,paper_protocol_strict_feasible_subset
pageblocks,2813,95,1600,0.8,False,1513,1000,unlabeled_pool,False,False,strict_complete_cells,paper_protocol_strict_feasible_subset
pageblocks,2814,96,1600,0.8,False,1521,1000,unlabeled_pool,False,False,strict_complete_cells,paper_protocol_strict_feasible_subset
pageblocks,2815,97,1600,0.8,False,1540,1000,unlabeled_pool,False,False,strict_complete_cells,paper_protocol_strict_feasible_subset
pageblocks,2816,98,1600,0.8,False,1520,1000,unlabeled_pool,False,False,strict_complete_cells,paper_protocol_strict_feasible_subset
pageblocks,2817,99,1600,0.8,False,1531,1000,unlabeled_pool,False,False,strict_complete_cells,paper_protocol_strict_feasible_subset
pageblocks,2818,0,3200,0.2,False,896,504,unlabeled_pool|holdout_pool,False,False,strict_complete_cells,paper_protocol_strict_feasible_subset
pageblocks,2819,1,3200,0.2,False,918,482,unlabeled_pool|holdout_pool,False,False,strict_complete_cells,paper_protocol_strict_feasible_subset
pageblocks,2820,2,3200,0.2,False,894,506,unlabeled_pool|holdout_pool,False,False,strict_complete_cells,paper_protocol_strict_feasible_subset
pageblocks,2821,3,3200,0.2,False,919,481,unlabeled_pool|holdout_pool,False,False,strict_complete_cells,paper_protocol_strict_feasible_subset
pageblocks,2822,4,3200,0.2,False,887,513,unlabeled_pool|holdout_pool,False,False,strict_complete_cells,paper_protocol_strict_feasible_subset
pageblocks,2823,5,3200,0.2,False,914,486,unlabeled_pool|holdout_pool,False,False,strict_complete_cells,paper_protocol_strict_feasible_subset
pageblocks,2824,6,3200,0.2,False,892,508,unlabeled_pool|holdout_pool,False,False,strict_complete_cells,paper_protocol_strict_feasible_subset
pageblocks,2825,7,3200,0.2,False,906,494,unlabeled_pool|holdout_pool,False,False,strict_complete_cells,paper_protocol_strict_feasible_subset
pageblocks,2826,8,3200,0.2,False,901,499,unlabeled_pool|holdout_pool,False,False,strict_complete_cells,paper_protocol_strict_feasible_subset
pageblocks,2827,9,3200,0.2,False,882,518,unlabeled_pool|holdout_pool,False,False,strict_complete_cells,paper_protocol_strict_feasible_subset
pageblocks,2828,10,3200,0.2,False,893,507,unlabeled_pool|holdout_pool,False,False,strict_complete_cells,paper_protocol_strict_feasible_subset
pageblocks,2829,11,3200,0.2,False,906,494,unlabeled_pool|holdout_pool,False,False,strict_complete_cells,paper_protocol_strict_feasible_subset
pageblocks,2830,12,3200,0.2,False,892,508,unlabeled_pool|holdout_pool,False,False,strict_complete_cells,paper_protocol_strict_feasible_subset
pageblocks,2831,13,3200,0.2,False,917,483,unlabeled_pool|holdout_pool,False,False,strict_complete_cells,paper_protocol_strict_feasible_subset
pageblocks,2832,14,3200,0.2,False,884,516,unlabeled_pool|holdout_pool,False,False,strict_complete_cells,paper_protocol_strict_feasible_subset
pageblocks,2833,15,3200,0.2,False,893,507,unlabeled_pool|holdout_pool,False,False,strict_complete_cells,paper_protocol_strict_feasible_subset
pageblocks,2834,16,3200,0.2,False,905,495,unlabeled_pool|holdout_pool,False,False,strict_complete_cells,paper_protocol_strict_feasible_subset
pageblocks,2835,17,3200,0.2,False,891,509,unlabeled_pool|holdout_pool,False,False,strict_complete_cells,paper_protocol_strict_feasible_subset
pageblocks,2836,18,3200,0.2,False,897,503,unlabeled_pool|holdout_pool,False,False,strict_complete_cells,paper_protocol_strict_feasible_subset
pageblocks,2837,19,3200,0.2,False,906,494,unlabeled_pool|holdout_pool,False,False,strict_complete_cells,paper_protocol_strict_feasible_subset
pageblocks,2838,20,3200,0.2,False,891,509,unlabeled_pool|holdout_pool,False,False,strict_complete_cells,paper_protocol_strict_feasible_subset
pageblocks,2839,21,3200,0.2,False,874,526,unlabeled_pool|holdout_pool,False,False,strict_complete_cells,paper_protocol_strict_feasible_subset
pageblocks,2840,22,3200,0.2,False,886,514,unlabeled_pool|holdout_pool,False,False,strict_complete_cells,paper_protocol_strict_feasible_subset
pageblocks,2841,23,3200,0.2,False,895,505,unlabeled_pool|holdout_pool,False,False,strict_complete_cells,paper_protocol_strict_feasible_subset
pageblocks,2842,24,3200,0.2,False,901,499,unlabeled_pool|holdout_pool,False,False,strict_complete_cells,paper_protocol_strict_feasible_subset
pageblocks,2843,25,3200,0.2,False,879,521,unlabeled_pool|holdout_pool,False,False,strict_complete_cells,paper_protocol_strict_feasible_subset
pageblocks,2844,26,3200,0.2,False,909,491,unlabeled_pool|holdout_pool,False,False,strict_complete_cells,paper_protocol_strict_feasible_subset
pageblocks,2845,27,3200,0.2,False,895,505,unlabeled_pool|holdout_pool,False,False,strict_complete_cells,paper_protocol_strict_feasible_subset
pageblocks,2846,28,3200,0.2,False,891,509,unlabeled_pool|holdout_pool,False,False,strict_complete_cells,paper_protocol_strict_feasible_subset
pageblocks,2847,29,3200,0.2,False,896,504,unlabeled_pool|holdout_pool,False,False,strict_complete_cells,paper_protocol_strict_feasible_subset
pageblocks,2848,30,3200,0.2,False,906,494,unlabeled_pool|holdout_pool,False,False,strict_complete_cells,paper_protocol_strict_feasible_subset
pageblocks,2849,31,3200,0.2,False,897,503,unlabeled_pool|holdout_pool,False,False,strict_complete_cells,paper_protocol_strict_feasible_subset
pageblocks,2850,32,3200,0.2,False,874,526,unlabeled_pool|holdout_pool,False,False,strict_complete_cells,paper_protocol_strict_feasible_subset
pageblocks,2851,33,3200,0.2,False,903,497,unlabeled_pool|holdout_pool,False,False,strict_complete_cells,paper_protocol_strict_feasible_subset
pageblocks,2852,34,3200,0.2,False,883,517,unlabeled_pool|holdout_pool,False,False,strict_complete_cells,paper_protocol_strict_feasible_subset
pageblocks,2853,35,3200,0.2,False,883,517,unlabeled_pool|holdout_pool,False,False,strict_complete_cells,paper_protocol_strict_feasible_subset
pageblocks,2854,36,3200,0.2,False,911,489,unlabeled_pool|holdout_pool,False,False,strict_complete_cells,paper_protocol_strict_feasible_subset
pageblocks,2855,37,3200,0.2,False,885,515,unlabeled_pool|holdout_pool,False,False,strict_complete_cells,paper_protocol_strict_feasible_subset
pageblocks,2856,38,3200,0.2,False,888,512,unlabeled_pool|holdout_pool,False,False,strict_complete_cells,paper_protocol_strict_feasible_subset
pageblocks,2857,39,3200,0.2,False,896,504,unlabeled_pool|holdout_pool,False,False,strict_complete_cells,paper_protocol_strict_feasible_subset
pageblocks,2858,40,3200,0.2,False,893,507,unlabeled_pool|holdout_pool,False,False,strict_complete_cells,paper_protocol_strict_feasible_subset
pageblocks,2859,41,3200,0.2,False,876,524,unlabeled_pool|holdout_pool,False,False,strict_complete_cells,paper_protocol_strict_feasible_subset
pageblocks,2860,42,3200,0.2,False,902,498,unlabeled_pool|holdout_pool,False,False,strict_complete_cells,paper_protocol_strict_feasible_subset
pageblocks,2861,43,3200,0.2,False,889,511,unlabeled_pool|holdout_pool,False,False,strict_complete_cells,paper_protocol_strict_feasible_subset
pageblocks,2862,44,3200,0.2,False,907,493,unlabeled_pool|holdout_pool,False,False,strict_complete_cells,paper_protocol_strict_feasible_subset
pageblocks,2863,45,3200,0.2,False,890,510,unlabeled_pool|holdout_pool,False,False,strict_complete_cells,paper_protocol_strict_feasible_subset
pageblocks,2864,46,3200,0.2,False,892,508,unlabeled_pool|holdout_pool,False,False,strict_complete_cells,paper_protocol_strict_feasible_subset
pageblocks,2865,47,3200,0.2,False,903,497,unlabeled_pool|holdout_pool,False,False,strict_complete_cells,paper_protocol_strict_feasible_subset
pageblocks,2866,48,3200,0.2,False,895,505,unlabeled_pool|holdout_pool,False,False,strict_complete_cells,paper_protocol_strict_feasible_subset
pageblocks,2867,49,3200,0.2,False,883,517,unlabeled_pool|holdout_pool,False,False,strict_complete_cells,paper_protocol_strict_feasible_subset
pageblocks,2868,50,3200,0.2,False,894,506,unlabeled_pool|holdout_pool,False,False,strict_complete_cells,paper_protocol_strict_feasible_subset
pageblocks,2869,51,3200,0.2,False,892,508,unlabeled_pool|holdout_pool,False,False,strict_complete_cells,paper_protocol_strict_feasible_subset
pageblocks,2870,52,3200,0.2,False,896,504,unlabeled_pool|holdout_pool,False,False,strict_complete_cells,paper_protocol_strict_feasible_subset
pageblocks,2871,53,3200,0.2,False,889,511,unlabeled_pool|holdout_pool,False,False,strict_complete_cells,paper_protocol_strict_feasible_subset
pageblocks,2872,54,3200,0.2,False,909,491,unlabeled_pool|holdout_pool,False,False,strict_complete_cells,paper_protocol_strict_feasible_subset
pageblocks,2873,55,3200,0.2,False,889,511,unlabeled_pool|holdout_pool,False,False,strict_complete_cells,paper_protocol_strict_feasible_subset
pageblocks,2874,56,3200,0.2,False,900,500,unlabeled_pool|holdout_pool,False,False,strict_complete_cells,paper_protocol_strict_feasible_subset
pageblocks,2875,57,3200,0.2,False,900,500,unlabeled_pool|holdout_pool,False,False,strict_complete_cells,paper_protocol_strict_feasible_subset
pageblocks,2876,58,3200,0.2,False,895,505,unlabeled_pool|holdout_pool,False,False,strict_complete_cells,paper_protocol_strict_feasible_subset
pageblocks,2877,59,3200,0.2,False,891,509,unlabeled_pool|holdout_pool,False,False,strict_complete_cells,paper_protocol_strict_feasible_subset
pageblocks,2878,60,3200,0.2,False,882,518,unlabeled_pool|holdout_pool,False,False,strict_complete_cells,paper_protocol_strict_feasible_subset
pageblocks,2879,61,3200,0.2,False,892,508,unlabeled_pool|holdout_pool,False,False,strict_complete_cells,paper_protocol_strict_feasible_subset
pageblocks,2880,62,3200,0.2,False,907,493,unlabeled_pool|holdout_pool,False,False,strict_complete_cells,paper_protocol_strict_feasible_subset
pageblocks,2881,63,3200,0.2,False,899,501,unlabeled_pool|holdout_pool,False,False,strict_complete_cells,paper_protocol_strict_feasible_subset
pageblocks,2882,64,3200,0.2,False,897,503,unlabeled_pool|holdout_pool,False,False,strict_complete_cells,paper_protocol_strict_feasible_subset
pageblocks,2883,65,3200,0.2,False,883,517,unlabeled_pool|holdout_pool,False,False,strict_complete_cells,paper_protocol_strict_feasible_subset
pageblocks,2884,66,3200,0.2,False,921,479,unlabeled_pool|holdout_pool,False,False,strict_complete_cells,paper_protocol_strict_feasible_subset
pageblocks,2885,67,3200,0.2,False,891,509,unlabeled_pool|holdout_pool,False,False,strict_complete_cells,paper_protocol_strict_feasible_subset
pageblocks,2886,68,3200,0.2,False,886,514,unlabeled_pool|holdout_pool,False,False,strict_complete_cells,paper_protocol_strict_feasible_subset
pageblocks,2887,69,3200,0.2,False,883,517,unlabeled_pool|holdout_pool,False,False,strict_complete_cells,paper_protocol_strict_feasible_subset
pageblocks,2888,70,3200,0.2,False,880,520,unlabeled_pool|holdout_pool,False,False,strict_complete_cells,paper_protocol_strict_feasible_subset
pageblocks,2889,71,3200,0.2,False,890,510,unlabeled_pool|holdout_pool,False,False,strict_complete_cells,paper_protocol_strict_feasible_subset
pageblocks,2890,72,3200,0.2,False,913,487,unlabeled_pool|holdout_pool,False,False,strict_complete_cells,paper_protocol_strict_feasible_subset
pageblocks,2891,73,3200,0.2,False,902,498,unlabeled_pool|holdout_pool,False,False,strict_complete_cells,paper_protocol_strict_feasible_subset
pageblocks,2892,74,3200,0.2,False,900,500,unlabeled_pool|holdout_pool,False,False,strict_complete_cells,paper_protocol_strict_feasible_subset
pageblocks,2893,75,3200,0.2,False,881,519,unlabeled_pool|holdout_pool,False,False,strict_complete_cells,paper_protocol_strict_feasible_subset
pageblocks,2894,76,3200,0.2,False,904,496,unlabeled_pool|holdout_pool,False,False,strict_complete_cells,paper_protocol_strict_feasible_subset
pageblocks,2895,77,3200,0.2,False,894,506,unlabeled_pool|holdout_pool,False,False,strict_complete_cells,paper_protocol_strict_feasible_subset
pageblocks,2896,78,3200,0.2,False,896,504,unlabeled_pool|holdout_pool,False,False,strict_complete_cells,paper_protocol_strict_feasible_subset
pageblocks,2897,79,3200,0.2,False,901,499,unlabeled_pool|holdout_pool,False,False,strict_complete_cells,paper_protocol_strict_feasible_subset
pageblocks,2898,80,3200,0.2,False,903,497,unlabeled_pool|holdout_pool,False,False,strict_complete_cells,paper_protocol_strict_feasible_subset
pageblocks,2899,81,3200,0.2,False,893,507,unlabeled_pool|holdout_pool,False,False,strict_complete_cells,paper_protocol_strict_feasible_subset
pageblocks,2900,82,3200,0.2,False,900,500,unlabeled_pool|holdout_pool,False,False,strict_complete_cells,paper_protocol_strict_feasible_subset
pageblocks,2901,83,3200,0.2,False,904,496,unlabeled_pool|holdout_pool,False,False,strict_complete_cells,paper_protocol_strict_feasible_subset
pageblocks,2902,84,3200,0.2,False,884,516,unlabeled_pool|holdout_pool,False,False,strict_complete_cells,paper_protocol_strict_feasible_subset
pageblocks,2903,85,3200,0.2,False,900,500,unlabeled_pool|holdout_pool,False,False,strict_complete_cells,paper_protocol_strict_feasible_subset
pageblocks,2904,86,3200,0.2,False,884,516,unlabeled_pool|holdout_pool,False,False,strict_complete_cells,paper_protocol_strict_feasible_subset
pageblocks,2905,87,3200,0.2,False,882,518,unlabeled_pool|holdout_pool,False,False,strict_complete_cells,paper_protocol_strict_feasible_subset
pageblocks,2906,88,3200,0.2,False,889,511,unlabeled_pool|holdout_pool,False,False,strict_complete_cells,paper_protocol_strict_feasible_subset
pageblocks,2907,89,3200,0.2,False,904,496,unlabeled_pool|holdout_pool,False,False,strict_complete_cells,paper_protocol_strict_feasible_subset
pageblocks,2908,90,3200,0.2,False,914,486,unlabeled_pool|holdout_pool,False,False,strict_complete_cells,paper_protocol_strict_feasible_subset
pageblocks,2909,91,3200,0.2,False,897,503,unlabeled_pool|holdout_pool,False,False,strict_complete_cells,paper_protocol_strict_feasible_subset
pageblocks,2910,92,3200,0.2,False,907,493,unlabeled_pool|holdout_pool,False,False,strict_complete_cells,paper_protocol_strict_feasible_subset
pageblocks,2911,93,3200,0.2,False,888,512,unlabeled_pool|holdout_pool,False,False,strict_complete_cells,paper_protocol_strict_feasible_subset
pageblocks,2912,94,3200,0.2,False,888,512,unlabeled_pool|holdout_pool,False,False,strict_complete_cells,paper_protocol_strict_feasible_subset
pageblocks,2913,95,3200,0.2,False,883,517,unlabeled_pool|holdout_pool,False,False,strict_complete_cells,paper_protocol_strict_feasible_subset
pageblocks,2914,96,3200,0.2,False,891,509,unlabeled_pool|holdout_pool,False,False,strict_complete_cells,paper_protocol_strict_feasible_subset
pageblocks,2915,97,3200,0.2,False,903,497,unlabeled_pool|holdout_pool,False,False,strict_complete_cells,paper_protocol_strict_feasible_subset
pageblocks,2916,98,3200,0.2,False,892,508,unlabeled_pool|holdout_pool,False,False,strict_complete_cells,paper_protocol_strict_feasible_subset
pageblocks,2917,99,3200,0.2,False,897,503,unlabeled_pool|holdout_pool,False,False,strict_complete_cells,paper_protocol_strict_feasible_subset
pageblocks,2918,0,3200,0.4,False,1513,727,unlabeled_pool|holdout_pool,False,False,strict_complete_cells,paper_protocol_strict_feasible_subset
pageblocks,2919,1,3200,0.4,False,1517,723,unlabeled_pool|holdout_pool,False,False,strict_complete_cells,paper_protocol_strict_feasible_subset
pageblocks,2920,2,3200,0.4,False,1526,714,unlabeled_pool|holdout_pool,False,False,strict_complete_cells,paper_protocol_strict_feasible_subset
pageblocks,2921,3,3200,0.4,False,1545,695,unlabeled_pool|holdout_pool,False,False,strict_complete_cells,paper_protocol_strict_feasible_subset
pageblocks,2922,4,3200,0.4,False,1527,713,unlabeled_pool|holdout_pool,False,False,strict_complete_cells,paper_protocol_strict_feasible_subset
pageblocks,2923,5,3200,0.4,False,1526,714,unlabeled_pool|holdout_pool,False,False,strict_complete_cells,paper_protocol_strict_feasible_subset
pageblocks,2924,6,3200,0.4,False,1534,706,unlabeled_pool|holdout_pool,False,False,strict_complete_cells,paper_protocol_strict_feasible_subset
pageblocks,2925,7,3200,0.4,False,1529,711,unlabeled_pool|holdout_pool,False,False,strict_complete_cells,paper_protocol_strict_feasible_subset
pageblocks,2926,8,3200,0.4,False,1536,704,unlabeled_pool|holdout_pool,False,False,strict_complete_cells,paper_protocol_strict_feasible_subset
pageblocks,2927,9,3200,0.4,False,1526,714,unlabeled_pool|holdout_pool,False,False,strict_complete_cells,paper_protocol_strict_feasible_subset
pageblocks,2928,10,3200,0.4,False,1530,710,unlabeled_pool|holdout_pool,False,False,strict_complete_cells,paper_protocol_strict_feasible_subset
pageblocks,2929,11,3200,0.4,False,1528,712,unlabeled_pool|holdout_pool,False,False,strict_complete_cells,paper_protocol_strict_feasible_subset
pageblocks,2930,12,3200,0.4,False,1544,696,unlabeled_pool|holdout_pool,False,False,strict_complete_cells,paper_protocol_strict_feasible_subset
pageblocks,2931,13,3200,0.4,False,1529,711,unlabeled_pool|holdout_pool,False,False,strict_complete_cells,paper_protocol_strict_feasible_subset
pageblocks,2932,14,3200,0.4,False,1534,706,unlabeled_pool|holdout_pool,False,False,strict_complete_cells,paper_protocol_strict_feasible_subset
pageblocks,2933,15,3200,0.4,False,1521,719,unlabeled_pool|holdout_pool,False,False,strict_complete_cells,paper_protocol_strict_feasible_subset
pageblocks,2934,16,3200,0.4,False,1544,696,unlabeled_pool|holdout_pool,False,False,strict_complete_cells,paper_protocol_strict_feasible_subset
pageblocks,2935,17,3200,0.4,False,1532,708,unlabeled_pool|holdout_pool,False,False,strict_complete_cells,paper_protocol_strict_feasible_subset
pageblocks,2936,18,3200,0.4,False,1533,707,unlabeled_pool|holdout_pool,False,False,strict_complete_cells,paper_protocol_strict_feasible_subset
pageblocks,2937,19,3200,0.4,False,1537,703,unlabeled_pool|holdout_pool,False,False,strict_complete_cells,paper_protocol_strict_feasible_subset
pageblocks,2938,20,3200,0.4,False,1536,704,unlabeled_pool|holdout_pool,False,False,strict_complete_cells,paper_protocol_strict_feasible_subset
pageblocks,2939,21,3200,0.4,False,1532,708,unlabeled_pool|holdout_pool,False,False,strict_complete_cells,paper_protocol_strict_feasible_subset
pageblocks,2940,22,3200,0.4,False,1538,702,unlabeled_pool|holdout_pool,False,False,strict_complete_cells,paper_protocol_strict_feasible_subset
pageblocks,2941,23,3200,0.4,False,1537,703,unlabeled_pool|holdout_pool,False,False,strict_complete_cells,paper_protocol_strict_feasible_subset
pageblocks,2942,24,3200,0.4,False,1521,719,unlabeled_pool|holdout_pool,False,False,strict_complete_cells,paper_protocol_strict_feasible_subset
pageblocks,2943,25,3200,0.4,False,1548,692,unlabeled_pool|holdout_pool,False,False,strict_complete_cells,paper_protocol_strict_feasible_subset
pageblocks,2944,26,3200,0.4,False,1532,708,unlabeled_pool|holdout_pool,False,False,strict_complete_cells,paper_protocol_strict_feasible_subset
pageblocks,2945,27,3200,0.4,False,1528,712,unlabeled_pool|holdout_pool,False,False,strict_complete_cells,paper_protocol_strict_feasible_subset
pageblocks,2946,28,3200,0.4,False,1532,708,unlabeled_pool|holdout_pool,False,False,strict_complete_cells,paper_protocol_strict_feasible_subset
pageblocks,2947,29,3200,0.4,False,1526,714,unlabeled_pool|holdout_pool,False,False,strict_complete_cells,paper_protocol_strict_feasible_subset
pageblocks,2948,30,3200,0.4,False,1524,716,unlabeled_pool|holdout_pool,False,False,strict_complete_cells,paper_protocol_strict_feasible_subset
pageblocks,2949,31,3200,0.4,False,1530,710,unlabeled_pool|holdout_pool,False,False,strict_complete_cells,paper_protocol_strict_feasible_subset
pageblocks,2950,32,3200,0.4,False,1521,719,unlabeled_pool|holdout_pool,False,False,strict_complete_cells,paper_protocol_strict_feasible_subset
pageblocks,2951,33,3200,0.4,False,1538,702,unlabeled_pool|holdout_pool,False,False,strict_complete_cells,paper_protocol_strict_feasible_subset
pageblocks,2952,34,3200,0.4,False,1534,706,unlabeled_pool|holdout_pool,False,False,strict_complete_cells,paper_protocol_strict_feasible_subset
pageblocks,2953,35,3200,0.4,False,1539,701,unlabeled_pool|holdout_pool,False,False,strict_complete_cells,paper_protocol_strict_feasible_subset
pageblocks,2954,36,3200,0.4,False,1532,708,unlabeled_pool|holdout_pool,False,False,strict_complete_cells,paper_protocol_strict_feasible_subset
pageblocks,2955,37,3200,0.4,False,1534,706,unlabeled_pool|holdout_pool,False,False,strict_complete_cells,paper_protocol_strict_feasible_subset
pageblocks,2956,38,3200,0.4,False,1525,715,unlabeled_pool|holdout_pool,False,False,strict_complete_cells,paper_protocol_strict_feasible_subset
pageblocks,2957,39,3200,0.4,False,1529,711,unlabeled_pool|holdout_pool,False,False,strict_complete_cells,paper_protocol_strict_feasible_subset
pageblocks,2958,40,3200,0.4,False,1549,691,unlabeled_pool|holdout_pool,False,False,strict_complete_cells,paper_protocol_strict_feasible_subset
pageblocks,2959,41,3200,0.4,False,1521,719,unlabeled_pool|holdout_pool,False,False,strict_complete_cells,paper_protocol_strict_feasible_subset
pageblocks,2960,42,3200,0.4,False,1520,720,unlabeled_pool|holdout_pool,False,False,strict_complete_cells,paper_protocol_strict_feasible_subset
pageblocks,2961,43,3200,0.4,False,1547,693,unlabeled_pool|holdout_pool,False,False,strict_complete_cells,paper_protocol_strict_feasible_subset
pageblocks,2962,44,3200,0.4,False,1534,706,unlabeled_pool|holdout_pool,False,False,strict_complete_cells,paper_protocol_strict_feasible_subset
pageblocks,2963,45,3200,0.4,False,1539,701,unlabeled_pool|holdout_pool,False,False,strict_complete_cells,paper_protocol_strict_feasible_subset
pageblocks,2964,46,3200,0.4,False,1539,701,unlabeled_pool|holdout_pool,False,False,strict_complete_cells,paper_protocol_strict_feasible_subset
pageblocks,2965,47,3200,0.4,False,1517,723,unlabeled_pool|holdout_pool,False,False,strict_complete_cells,paper_protocol_strict_feasible_subset
pageblocks,2966,48,3200,0.4,False,1532,708,unlabeled_pool|holdout_pool,False,False,strict_complete_cells,paper_protocol_strict_feasible_subset
pageblocks,2967,49,3200,0.4,False,1546,694,unlabeled_pool|holdout_pool,False,False,strict_complete_cells,paper_protocol_strict_feasible_subset
pageblocks,2968,50,3200,0.4,False,1539,701,unlabeled_pool|holdout_pool,False,False,strict_complete_cells,paper_protocol_strict_feasible_subset
pageblocks,2969,51,3200,0.4,False,1540,700,unlabeled_pool|holdout_pool,False,False,strict_complete_cells,paper_protocol_strict_feasible_subset
pageblocks,2970,52,3200,0.4,False,1537,703,unlabeled_pool|holdout_pool,False,False,strict_complete_cells,paper_protocol_strict_feasible_subset
pageblocks,2971,53,3200,0.4,False,1523,717,unlabeled_pool|holdout_pool,False,False,strict_complete_cells,paper_protocol_strict_feasible_subset
pageblocks,2972,54,3200,0.4,False,1529,711,unlabeled_pool|holdout_pool,False,False,strict_complete_cells,paper_protocol_strict_feasible_subset
pageblocks,2973,55,3200,0.4,False,1527,713,unlabeled_pool|holdout_pool,False,False,strict_complete_cells,paper_protocol_strict_feasible_subset
pageblocks,2974,56,3200,0.4,False,1538,702,unlabeled_pool|holdout_pool,False,False,strict_complete_cells,paper_protocol_strict_feasible_subset
pageblocks,2975,57,3200,0.4,False,1526,714,unlabeled_pool|holdout_pool,False,False,strict_complete_cells,paper_protocol_strict_feasible_subset
pageblocks,2976,58,3200,0.4,False,1529,711,unlabeled_pool|holdout_pool,False,False,strict_complete_cells,paper_protocol_strict_feasible_subset
pageblocks,2977,59,3200,0.4,False,1544,696,unlabeled_pool|holdout_pool,False,False,strict_complete_cells,paper_protocol_strict_feasible_subset
pageblocks,2978,60,3200,0.4,False,1533,707,unlabeled_pool|holdout_pool,False,False,strict_complete_cells,paper_protocol_strict_feasible_subset
pageblocks,2979,61,3200,0.4,False,1529,711,unlabeled_pool|holdout_pool,False,False,strict_complete_cells,paper_protocol_strict_feasible_subset
pageblocks,2980,62,3200,0.4,False,1537,703,unlabeled_pool|holdout_pool,False,False,strict_complete_cells,paper_protocol_strict_feasible_subset
pageblocks,2981,63,3200,0.4,False,1527,713,unlabeled_pool|holdout_pool,False,False,strict_complete_cells,paper_protocol_strict_feasible_subset
pageblocks,2982,64,3200,0.4,False,1535,705,unlabeled_pool|holdout_pool,False,False,strict_complete_cells,paper_protocol_strict_feasible_subset
pageblocks,2983,65,3200,0.4,False,1533,707,unlabeled_pool|holdout_pool,False,False,strict_complete_cells,paper_protocol_strict_feasible_subset
pageblocks,2984,66,3200,0.4,False,1531,709,unlabeled_pool|holdout_pool,False,False,strict_complete_cells,paper_protocol_strict_feasible_subset
pageblocks,2985,67,3200,0.4,False,1529,711,unlabeled_pool|holdout_pool,False,False,strict_complete_cells,paper_protocol_strict_feasible_subset
pageblocks,2986,68,3200,0.4,False,1524,716,unlabeled_pool|holdout_pool,False,False,strict_complete_cells,paper_protocol_strict_feasible_subset
pageblocks,2987,69,3200,0.4,False,1537,703,unlabeled_pool|holdout_pool,False,False,strict_complete_cells,paper_protocol_strict_feasible_subset
pageblocks,2988,70,3200,0.4,False,1516,724,unlabeled_pool|holdout_pool,False,False,strict_complete_cells,paper_protocol_strict_feasible_subset
pageblocks,2989,71,3200,0.4,False,1545,695,unlabeled_pool|holdout_pool,False,False,strict_complete_cells,paper_protocol_strict_feasible_subset
pageblocks,2990,72,3200,0.4,False,1539,701,unlabeled_pool|holdout_pool,False,False,strict_complete_cells,paper_protocol_strict_feasible_subset
pageblocks,2991,73,3200,0.4,False,1530,710,unlabeled_pool|holdout_pool,False,False,strict_complete_cells,paper_protocol_strict_feasible_subset
pageblocks,2992,74,3200,0.4,False,1543,697,unlabeled_pool|holdout_pool,False,False,strict_complete_cells,paper_protocol_strict_feasible_subset
pageblocks,2993,75,3200,0.4,False,1549,691,unlabeled_pool|holdout_pool,False,False,strict_complete_cells,paper_protocol_strict_feasible_subset
pageblocks,2994,76,3200,0.4,False,1550,690,unlabeled_pool|holdout_pool,False,False,strict_complete_cells,paper_protocol_strict_feasible_subset
pageblocks,2995,77,3200,0.4,False,1542,698,unlabeled_pool|holdout_pool,False,False,strict_complete_cells,paper_protocol_strict_feasible_subset
pageblocks,2996,78,3200,0.4,False,1553,687,unlabeled_pool|holdout_pool,False,False,strict_complete_cells,paper_protocol_strict_feasible_subset
pageblocks,2997,79,3200,0.4,False,1534,706,unlabeled_pool|holdout_pool,False,False,strict_complete_cells,paper_protocol_strict_feasible_subset
pageblocks,2998,80,3200,0.4,False,1530,710,unlabeled_pool|holdout_pool,False,False,strict_complete_cells,paper_protocol_strict_feasible_subset
pageblocks,2999,81,3200,0.4,False,1535,705,unlabeled_pool|holdout_pool,False,False,strict_complete_cells,paper_protocol_strict_feasible_subset
pageblocks,3000,82,3200,0.4,False,1521,719,unlabeled_pool|holdout_pool,False,False,strict_complete_cells,paper_protocol_strict_feasible_subset
pageblocks,3001,83,3200,0.4,False,1519,721,unlabeled_pool|holdout_pool,False,False,strict_complete_cells,paper_protocol_strict_feasible_subset
pageblocks,3002,84,3200,0.4,False,1548,692,unlabeled_pool|holdout_pool,False,False,strict_complete_cells,paper_protocol_strict_feasible_subset
pageblocks,3003,85,3200,0.4,False,1534,706,unlabeled_pool|holdout_pool,False,False,strict_complete_cells,paper_protocol_strict_feasible_subset
pageblocks,3004,86,3200,0.4,False,1541,699,unlabeled_pool|holdout_pool,False,False,strict_complete_cells,paper_protocol_strict_feasible_subset
pageblocks,3005,87,3200,0.4,False,1536,704,unlabeled_pool|holdout_pool,False,False,strict_complete_cells,paper_protocol_strict_feasible_subset
pageblocks,3006,88,3200,0.4,False,1545,695,unlabeled_pool|holdout_pool,False,False,strict_complete_cells,paper_protocol_strict_feasible_subset
pageblocks,3007,89,3200,0.4,False,1523,717,unlabeled_pool|holdout_pool,False,False,strict_complete_cells,paper_protocol_strict_feasible_subset
pageblocks,3008,90,3200,0.4,False,1547,693,unlabeled_pool|holdout_pool,False,False,strict_complete_cells,paper_protocol_strict_feasible_subset
pageblocks,3009,91,3200,0.4,False,1521,719,unlabeled_pool|holdout_pool,False,False,strict_complete_cells,paper_protocol_strict_feasible_subset
pageblocks,3010,92,3200,0.4,False,1531,709,unlabeled_pool|holdout_pool,False,False,strict_complete_cells,paper_protocol_strict_feasible_subset
pageblocks,3011,93,3200,0.4,False,1549,691,unlabeled_pool|holdout_pool,False,False,strict_complete_cells,paper_protocol_strict_feasible_subset
pageblocks,3012,94,3200,0.4,False,1530,710,unlabeled_pool|holdout_pool,False,False,strict_complete_cells,paper_protocol_strict_feasible_subset
pageblocks,3013,95,3200,0.4,False,1535,705,unlabeled_pool|holdout_pool,False,False,strict_complete_cells,paper_protocol_strict_feasible_subset
pageblocks,3014,96,3200,0.4,False,1539,701,unlabeled_pool|holdout_pool,False,False,strict_complete_cells,paper_protocol_strict_feasible_subset
pageblocks,3015,97,3200,0.4,False,1544,696,unlabeled_pool|holdout_pool,False,False,strict_complete_cells,paper_protocol_strict_feasible_subset
pageblocks,3016,98,3200,0.4,False,1521,719,unlabeled_pool|holdout_pool,False,False,strict_complete_cells,paper_protocol_strict_feasible_subset
pageblocks,3017,99,3200,0.4,False,1522,718,unlabeled_pool|holdout_pool,False,False,strict_complete_cells,paper_protocol_strict_feasible_subset
pageblocks,3018,0,3200,0.6,False,2168,912,unlabeled_pool|holdout_pool,False,False,strict_complete_cells,paper_protocol_strict_feasible_subset
pageblocks,3019,1,3200,0.6,False,2170,910,unlabeled_pool|holdout_pool,False,False,strict_complete_cells,paper_protocol_strict_feasible_subset
pageblocks,3020,2,3200,0.6,False,2177,903,unlabeled_pool|holdout_pool,False,False,strict_complete_cells,paper_protocol_strict_feasible_subset
pageblocks,3021,3,3200,0.6,False,2159,921,unlabeled_pool|holdout_pool,False,False,strict_complete_cells,paper_protocol_strict_feasible_subset
pageblocks,3022,4,3200,0.6,False,2169,911,unlabeled_pool|holdout_pool,False,False,strict_complete_cells,paper_protocol_strict_feasible_subset
pageblocks,3023,5,3200,0.6,False,2175,905,unlabeled_pool|holdout_pool,False,False,strict_complete_cells,paper_protocol_strict_feasible_subset
pageblocks,3024,6,3200,0.6,False,2166,914,unlabeled_pool|holdout_pool,False,False,strict_complete_cells,paper_protocol_strict_feasible_subset
pageblocks,3025,7,3200,0.6,False,2171,909,unlabeled_pool|holdout_pool,False,False,strict_complete_cells,paper_protocol_strict_feasible_subset
pageblocks,3026,8,3200,0.6,False,2197,883,unlabeled_pool|holdout_pool,False,False,strict_complete_cells,paper_protocol_strict_feasible_subset
pageblocks,3027,9,3200,0.6,False,2161,919,unlabeled_pool|holdout_pool,False,False,strict_complete_cells,paper_protocol_strict_feasible_subset
pageblocks,3028,10,3200,0.6,False,2172,908,unlabeled_pool|holdout_pool,False,False,strict_complete_cells,paper_protocol_strict_feasible_subset
pageblocks,3029,11,3200,0.6,False,2181,899,unlabeled_pool|holdout_pool,False,False,strict_complete_cells,paper_protocol_strict_feasible_subset
pageblocks,3030,12,3200,0.6,False,2150,930,unlabeled_pool|holdout_pool,False,False,strict_complete_cells,paper_protocol_strict_feasible_subset
pageblocks,3031,13,3200,0.6,False,2171,909,unlabeled_pool|holdout_pool,False,False,strict_complete_cells,paper_protocol_strict_feasible_subset
pageblocks,3032,14,3200,0.6,False,2177,903,unlabeled_pool|holdout_pool,False,False,strict_complete_cells,paper_protocol_strict_feasible_subset
pageblocks,3033,15,3200,0.6,False,2178,902,unlabeled_pool|holdout_pool,False,False,strict_complete_cells,paper_protocol_strict_feasible_subset
pageblocks,3034,16,3200,0.6,False,2181,899,unlabeled_pool|holdout_pool,False,False,strict_complete_cells,paper_protocol_strict_feasible_subset
pageblocks,3035,17,3200,0.6,False,2162,918,unlabeled_pool|holdout_pool,False,False,strict_complete_cells,paper_protocol_strict_feasible_subset
pageblocks,3036,18,3200,0.6,False,2171,909,unlabeled_pool|holdout_pool,False,False,strict_complete_cells,paper_protocol_strict_feasible_subset
pageblocks,3037,19,3200,0.6,False,2161,919,unlabeled_pool|holdout_pool,False,False,strict_complete_cells,paper_protocol_strict_feasible_subset
pageblocks,3038,20,3200,0.6,False,2158,922,unlabeled_pool|holdout_pool,False,False,strict_complete_cells,paper_protocol_strict_feasible_subset
pageblocks,3039,21,3200,0.6,False,2159,921,unlabeled_pool|holdout_pool,False,False,strict_complete_cells,paper_protocol_strict_feasible_subset
pageblocks,3040,22,3200,0.6,False,2183,897,unlabeled_pool|holdout_pool,False,False,strict_complete_cells,paper_protocol_strict_feasible_subset
pageblocks,3041,23,3200,0.6,False,2168,912,unlabeled_pool|holdout_pool,False,False,strict_complete_cells,paper_protocol_strict_feasible_subset
pageblocks,3042,24,3200,0.6,False,2166,914,unlabeled_pool|holdout_pool,False,False,strict_complete_cells,paper_protocol_strict_feasible_subset
pageblocks,3043,25,3200,0.6,False,2181,899,unlabeled_pool|holdout_pool,False,False,strict_complete_cells,paper_protocol_strict_feasible_subset
pageblocks,3044,26,3200,0.6,False,2169,911,unlabeled_pool|holdout_pool,False,False,strict_complete_cells,paper_protocol_strict_feasible_subset
pageblocks,3045,27,3200,0.6,False,2165,915,unlabeled_pool|holdout_pool,False,False,strict_complete_cells,paper_protocol_strict_feasible_subset
pageblocks,3046,28,3200,0.6,False,2175,905,unlabeled_pool|holdout_pool,False,False,strict_complete_cells,paper_protocol_strict_feasible_subset
pageblocks,3047,29,3200,0.6,False,2167,913,unlabeled_pool|holdout_pool,False,False,strict_complete_cells,paper_protocol_strict_feasible_subset
pageblocks,3048,30,3200,0.6,False,2181,899,unlabeled_pool|holdout_pool,False,False,strict_complete_cells,paper_protocol_strict_feasible_subset
pageblocks,3049,31,3200,0.6,False,2165,915,unlabeled_pool|holdout_pool,False,False,strict_complete_cells,paper_protocol_strict_feasible_subset
pageblocks,3050,32,3200,0.6,False,2191,889,unlabeled_pool|holdout_pool,False,False,strict_complete_cells,paper_protocol_strict_feasible_subset
pageblocks,3051,33,3200,0.6,False,2173,907,unlabeled_pool|holdout_pool,False,False,strict_complete_cells,paper_protocol_strict_feasible_subset
pageblocks,3052,34,3200,0.6,False,2186,894,unlabeled_pool|holdout_pool,False,False,strict_complete_cells,paper_protocol_strict_feasible_subset
pageblocks,3053,35,3200,0.6,False,2160,920,unlabeled_pool|holdout_pool,False,False,strict_complete_cells,paper_protocol_strict_feasible_subset
pageblocks,3054,36,3200,0.6,False,2168,912,unlabeled_pool|holdout_pool,False,False,strict_complete_cells,paper_protocol_strict_feasible_subset
pageblocks,3055,37,3200,0.6,False,2182,898,unlabeled_pool|holdout_pool,False,False,strict_complete_cells,paper_protocol_strict_feasible_subset
pageblocks,3056,38,3200,0.6,False,2172,908,unlabeled_pool|holdout_pool,False,False,strict_complete_cells,paper_protocol_strict_feasible_subset
pageblocks,3057,39,3200,0.6,False,2163,917,unlabeled_pool|holdout_pool,False,False,strict_complete_cells,paper_protocol_strict_feasible_subset
pageblocks,3058,40,3200,0.6,False,2192,888,unlabeled_pool|holdout_pool,False,False,strict_complete_cells,paper_protocol_strict_feasible_subset
pageblocks,3059,41,3200,0.6,False,2187,893,unlabeled_pool|holdout_pool,False,False,strict_complete_cells,paper_protocol_strict_feasible_subset
pageblocks,3060,42,3200,0.6,False,2167,913,unlabeled_pool|holdout_pool,False,False,strict_complete_cells,paper_protocol_strict_feasible_subset
pageblocks,3061,43,3200,0.6,False,2176,904,unlabeled_pool|holdout_pool,False,False,strict_complete_cells,paper_protocol_strict_feasible_subset
pageblocks,3062,44,3200,0.6,False,2161,919,unlabeled_pool|holdout_pool,False,False,strict_complete_cells,paper_protocol_strict_feasible_subset
pageblocks,3063,45,3200,0.6,False,2180,900,unlabeled_pool|holdout_pool,False,False,strict_complete_cells,paper_protocol_strict_feasible_subset
pageblocks,3064,46,3200,0.6,False,2168,912,unlabeled_pool|holdout_pool,False,False,strict_complete_cells,paper_protocol_strict_feasible_subset
pageblocks,3065,47,3200,0.6,False,2173,907,unlabeled_pool|holdout_pool,False,False,strict_complete_cells,paper_protocol_strict_feasible_subset
pageblocks,3066,48,3200,0.6,False,2182,898,unlabeled_pool|holdout_pool,False,False,strict_complete_cells,paper_protocol_strict_feasible_subset
pageblocks,3067,49,3200,0.6,False,2178,902,unlabeled_pool|holdout_pool,False,False,strict_complete_cells,paper_protocol_strict_feasible_subset
pageblocks,3068,50,3200,0.6,False,2170,910,unlabeled_pool|holdout_pool,False,False,strict_complete_cells,paper_protocol_strict_feasible_subset
pageblocks,3069,51,3200,0.6,False,2169,911,unlabeled_pool|holdout_pool,False,False,strict_complete_cells,paper_protocol_strict_feasible_subset
pageblocks,3070,52,3200,0.6,False,2175,905,unlabeled_pool|holdout_pool,False,False,strict_complete_cells,paper_protocol_strict_feasible_subset
pageblocks,3071,53,3200,0.6,False,2194,886,unlabeled_pool|holdout_pool,False,False,strict_complete_cells,paper_protocol_strict_feasible_subset
pageblocks,3072,54,3200,0.6,False,2175,905,unlabeled_pool|holdout_pool,False,False,strict_complete_cells,paper_protocol_strict_feasible_subset
pageblocks,3073,55,3200,0.6,False,2177,903,unlabeled_pool|holdout_pool,False,False,strict_complete_cells,paper_protocol_strict_feasible_subset
pageblocks,3074,56,3200,0.6,False,2188,892,unlabeled_pool|holdout_pool,False,False,strict_complete_cells,paper_protocol_strict_feasible_subset
pageblocks,3075,57,3200,0.6,False,2157,923,unlabeled_pool|holdout_pool,False,False,strict_complete_cells,paper_protocol_strict_feasible_subset
pageblocks,3076,58,3200,0.6,False,2170,910,unlabeled_pool|holdout_pool,False,False,strict_complete_cells,paper_protocol_strict_feasible_subset
pageblocks,3077,59,3200,0.6,False,2176,904,unlabeled_pool|holdout_pool,False,False,strict_complete_cells,paper_protocol_strict_feasible_subset
pageblocks,3078,60,3200,0.6,False,2166,914,unlabeled_pool|holdout_pool,False,False,strict_complete_cells,paper_protocol_strict_feasible_subset
pageblocks,3079,61,3200,0.6,False,2171,909,unlabeled_pool|holdout_pool,False,False,strict_complete_cells,paper_protocol_strict_feasible_subset
pageblocks,3080,62,3200,0.6,False,2170,910,unlabeled_pool|holdout_pool,False,False,strict_complete_cells,paper_protocol_strict_feasible_subset
pageblocks,3081,63,3200,0.6,False,2170,910,unlabeled_pool|holdout_pool,False,False,strict_complete_cells,paper_protocol_strict_feasible_subset
pageblocks,3082,64,3200,0.6,False,2163,917,unlabeled_pool|holdout_pool,False,False,strict_complete_cells,paper_protocol_strict_feasible_subset
pageblocks,3083,65,3200,0.6,False,2176,904,unlabeled_pool|holdout_pool,False,False,strict_complete_cells,paper_protocol_strict_feasible_subset
pageblocks,3084,66,3200,0.6,False,2185,895,unlabeled_pool|holdout_pool,False,False,strict_complete_cells,paper_protocol_strict_feasible_subset
pageblocks,3085,67,3200,0.6,False,2171,909,unlabeled_pool|holdout_pool,False,False,strict_complete_cells,paper_protocol_strict_feasible_subset
pageblocks,3086,68,3200,0.6,False,2158,922,unlabeled_pool|holdout_pool,False,False,strict_complete_cells,paper_protocol_strict_feasible_subset
pageblocks,3087,69,3200,0.6,False,2178,902,unlabeled_pool|holdout_pool,False,False,strict_complete_cells,paper_protocol_strict_feasible_subset
pageblocks,3088,70,3200,0.6,False,2181,899,unlabeled_pool|holdout_pool,False,False,strict_complete_cells,paper_protocol_strict_feasible_subset
pageblocks,3089,71,3200,0.6,False,2172,908,unlabeled_pool|holdout_pool,False,False,strict_complete_cells,paper_protocol_strict_feasible_subset
pageblocks,3090,72,3200,0.6,False,2192,888,unlabeled_pool|holdout_pool,False,False,strict_complete_cells,paper_protocol_strict_feasible_subset
pageblocks,3091,73,3200,0.6,False,2140,940,unlabeled_pool|holdout_pool,False,False,strict_complete_cells,paper_protocol_strict_feasible_subset
pageblocks,3092,74,3200,0.6,False,2167,913,unlabeled_pool|holdout_pool,False,False,strict_complete_cells,paper_protocol_strict_feasible_subset
pageblocks,3093,75,3200,0.6,False,2163,917,unlabeled_pool|holdout_pool,False,False,strict_complete_cells,paper_protocol_strict_feasible_subset
pageblocks,3094,76,3200,0.6,False,2170,910,unlabeled_pool|holdout_pool,False,False,strict_complete_cells,paper_protocol_strict_feasible_subset
pageblocks,3095,77,3200,0.6,False,2160,920,unlabeled_pool|holdout_pool,False,False,strict_complete_cells,paper_protocol_strict_feasible_subset
pageblocks,3096,78,3200,0.6,False,2175,905,unlabeled_pool|holdout_pool,False,False,strict_complete_cells,paper_protocol_strict_feasible_subset
pageblocks,3097,79,3200,0.6,False,2188,892,unlabeled_pool|holdout_pool,False,False,strict_complete_cells,paper_protocol_strict_feasible_subset
pageblocks,3098,80,3200,0.6,False,2184,896,unlabeled_pool|holdout_pool,False,False,strict_complete_cells,paper_protocol_strict_feasible_subset
pageblocks,3099,81,3200,0.6,False,2165,915,unlabeled_pool|holdout_pool,False,False,strict_complete_cells,paper_protocol_strict_feasible_subset
pageblocks,3100,82,3200,0.6,False,2167,913,unlabeled_pool|holdout_pool,False,False,strict_complete_cells,paper_protocol_strict_feasible_subset
pageblocks,3101,83,3200,0.6,False,2160,920,unlabeled_pool|holdout_pool,False,False,strict_complete_cells,paper_protocol_strict_feasible_subset
pageblocks,3102,84,3200,0.6,False,2171,909,unlabeled_pool|holdout_pool,False,False,strict_complete_cells,paper_protocol_strict_feasible_subset
pageblocks,3103,85,3200,0.6,False,2171,909,unlabeled_pool|holdout_pool,False,False,strict_complete_cells,paper_protocol_strict_feasible_subset
pageblocks,3104,86,3200,0.6,False,2179,901,unlabeled_pool|holdout_pool,False,False,strict_complete_cells,paper_protocol_strict_feasible_subset
pageblocks,3105,87,3200,0.6,False,2154,926,unlabeled_pool|holdout_pool,False,False,strict_complete_cells,paper_protocol_strict_feasible_subset
pageblocks,3106,88,3200,0.6,False,2158,922,unlabeled_pool|holdout_pool,False,False,strict_complete_cells,paper_protocol_strict_feasible_subset
pageblocks,3107,89,3200,0.6,False,2167,913,unlabeled_pool|holdout_pool,False,False,strict_complete_cells,paper_protocol_strict_feasible_subset
pageblocks,3108,90,3200,0.6,False,2181,899,unlabeled_pool|holdout_pool,False,False,strict_complete_cells,paper_protocol_strict_feasible_subset
pageblocks,3109,91,3200,0.6,False,2161,919,unlabeled_pool|holdout_pool,False,False,strict_complete_cells,paper_protocol_strict_feasible_subset
pageblocks,3110,92,3200,0.6,False,2168,912,unlabeled_pool|holdout_pool,False,False,strict_complete_cells,paper_protocol_strict_feasible_subset
pageblocks,3111,93,3200,0.6,False,2158,922,unlabeled_pool|holdout_pool,False,False,strict_complete_cells,paper_protocol_strict_feasible_subset
pageblocks,3112,94,3200,0.6,False,2171,909,unlabeled_pool|holdout_pool,False,False,strict_complete_cells,paper_protocol_strict_feasible_subset
pageblocks,3113,95,3200,0.6,False,2177,903,unlabeled_pool|holdout_pool,False,False,strict_complete_cells,paper_protocol_strict_feasible_subset
pageblocks,3114,96,3200,0.6,False,2169,911,unlabeled_pool|holdout_pool,False,False,strict_complete_cells,paper_protocol_strict_feasible_subset
pageblocks,3115,97,3200,0.6,False,2179,901,unlabeled_pool|holdout_pool,False,False,strict_complete_cells,paper_protocol_strict_feasible_subset
pageblocks,3116,98,3200,0.6,False,2167,913,unlabeled_pool|holdout_pool,False,False,strict_complete_cells,paper_protocol_strict_feasible_subset
pageblocks,3117,99,3200,0.6,False,2172,908,unlabeled_pool|holdout_pool,False,False,strict_complete_cells,paper_protocol_strict_feasible_subset
pageblocks,3118,0,3200,0.8,False,2473,1000,unlabeled_pool,False,False,strict_complete_cells,paper_protocol_strict_feasible_subset
pageblocks,3119,1,3200,0.8,False,2473,1000,unlabeled_pool,False,False,strict_complete_cells,paper_protocol_strict_feasible_subset
pageblocks,3120,2,3200,0.8,False,2473,1000,unlabeled_pool,False,False,strict_complete_cells,paper_protocol_strict_feasible_subset
pageblocks,3121,3,3200,0.8,False,2473,1000,unlabeled_pool,False,False,strict_complete_cells,paper_protocol_strict_feasible_subset
pageblocks,3122,4,3200,0.8,False,2473,1000,unlabeled_pool,False,False,strict_complete_cells,paper_protocol_strict_feasible_subset
pageblocks,3123,5,3200,0.8,False,2473,1000,unlabeled_pool,False,False,strict_complete_cells,paper_protocol_strict_feasible_subset
pageblocks,3124,6,3200,0.8,False,2473,1000,unlabeled_pool,False,False,strict_complete_cells,paper_protocol_strict_feasible_subset
pageblocks,3125,7,3200,0.8,False,2473,1000,unlabeled_pool,False,False,strict_complete_cells,paper_protocol_strict_feasible_subset
pageblocks,3126,8,3200,0.8,False,2473,1000,unlabeled_pool,False,False,strict_complete_cells,paper_protocol_strict_feasible_subset
pageblocks,3127,9,3200,0.8,False,2473,1000,unlabeled_pool,False,False,strict_complete_cells,paper_protocol_strict_feasible_subset
pageblocks,3128,10,3200,0.8,False,2473,1000,unlabeled_pool,False,False,strict_complete_cells,paper_protocol_strict_feasible_subset
pageblocks,3129,11,3200,0.8,False,2473,1000,unlabeled_pool,False,False,strict_complete_cells,paper_protocol_strict_feasible_subset
pageblocks,3130,12,3200,0.8,False,2473,1000,unlabeled_pool,False,False,strict_complete_cells,paper_protocol_strict_feasible_subset
pageblocks,3131,13,3200,0.8,False,2473,1000,unlabeled_pool,False,False,strict_complete_cells,paper_protocol_strict_feasible_subset
pageblocks,3132,14,3200,0.8,False,2473,1000,unlabeled_pool,False,False,strict_complete_cells,paper_protocol_strict_feasible_subset
pageblocks,3133,15,3200,0.8,False,2473,1000,unlabeled_pool,False,False,strict_complete_cells,paper_protocol_strict_feasible_subset
pageblocks,3134,16,3200,0.8,False,2473,1000,unlabeled_pool,False,False,strict_complete_cells,paper_protocol_strict_feasible_subset
pageblocks,3135,17,3200,0.8,False,2473,1000,unlabeled_pool,False,False,strict_complete_cells,paper_protocol_strict_feasible_subset
pageblocks,3136,18,3200,0.8,False,2473,1000,unlabeled_pool,False,False,strict_complete_cells,paper_protocol_strict_feasible_subset
pageblocks,3137,19,3200,0.8,False,2473,1000,unlabeled_pool,False,False,strict_complete_cells,paper_protocol_strict_feasible_subset
pageblocks,3138,20,3200,0.8,False,2473,1000,unlabeled_pool,False,False,strict_complete_cells,paper_protocol_strict_feasible_subset
pageblocks,3139,21,3200,0.8,False,2473,1000,unlabeled_pool,False,False,strict_complete_cells,paper_protocol_strict_feasible_subset
pageblocks,3140,22,3200,0.8,False,2473,1000,unlabeled_pool,False,False,strict_complete_cells,paper_protocol_strict_feasible_subset
pageblocks,3141,23,3200,0.8,False,2473,1000,unlabeled_pool,False,False,strict_complete_cells,paper_protocol_strict_feasible_subset
pageblocks,3142,24,3200,0.8,False,2473,1000,unlabeled_pool,False,False,strict_complete_cells,paper_protocol_strict_feasible_subset
pageblocks,3143,25,3200,0.8,False,2473,1000,unlabeled_pool,False,False,strict_complete_cells,paper_protocol_strict_feasible_subset
pageblocks,3144,26,3200,0.8,False,2473,1000,unlabeled_pool,False,False,strict_complete_cells,paper_protocol_strict_feasible_subset
pageblocks,3145,27,3200,0.8,False,2473,1000,unlabeled_pool,False,False,strict_complete_cells,paper_protocol_strict_feasible_subset
pageblocks,3146,28,3200,0.8,False,2473,1000,unlabeled_pool,False,False,strict_complete_cells,paper_protocol_strict_feasible_subset
pageblocks,3147,29,3200,0.8,False,2473,1000,unlabeled_pool,False,False,strict_complete_cells,paper_protocol_strict_feasible_subset
pageblocks,3148,30,3200,0.8,False,2473,1000,unlabeled_pool,False,False,strict_complete_cells,paper_protocol_strict_feasible_subset
pageblocks,3149,31,3200,0.8,False,2473,1000,unlabeled_pool,False,False,strict_complete_cells,paper_protocol_strict_feasible_subset
pageblocks,3150,32,3200,0.8,False,2473,1000,unlabeled_pool,False,False,strict_complete_cells,paper_protocol_strict_feasible_subset
pageblocks,3151,33,3200,0.8,False,2473,1000,unlabeled_pool,False,False,strict_complete_cells,paper_protocol_strict_feasible_subset
pageblocks,3152,34,3200,0.8,False,2473,1000,unlabeled_pool,False,False,strict_complete_cells,paper_protocol_strict_feasible_subset
pageblocks,3153,35,3200,0.8,False,2473,1000,unlabeled_pool,False,False,strict_complete_cells,paper_protocol_strict_feasible_subset
pageblocks,3154,36,3200,0.8,False,2473,1000,unlabeled_pool,False,False,strict_complete_cells,paper_protocol_strict_feasible_subset
pageblocks,3155,37,3200,0.8,False,2473,1000,unlabeled_pool,False,False,strict_complete_cells,paper_protocol_strict_feasible_subset
pageblocks,3156,38,3200,0.8,False,2473,1000,unlabeled_pool,False,False,strict_complete_cells,paper_protocol_strict_feasible_subset
pageblocks,3157,39,3200,0.8,False,2473,1000,unlabeled_pool,False,False,strict_complete_cells,paper_protocol_strict_feasible_subset
pageblocks,3158,40,3200,0.8,False,2473,1000,unlabeled_pool,False,False,strict_complete_cells,paper_protocol_strict_feasible_subset
pageblocks,3159,41,3200,0.8,False,2473,1000,unlabeled_pool,False,False,strict_complete_cells,paper_protocol_strict_feasible_subset
pageblocks,3160,42,3200,0.8,False,2473,1000,unlabeled_pool,False,False,strict_complete_cells,paper_protocol_strict_feasible_subset
pageblocks,3161,43,3200,0.8,False,2473,1000,unlabeled_pool,False,False,strict_complete_cells,paper_protocol_strict_feasible_subset
pageblocks,3162,44,3200,0.8,False,2473,1000,unlabeled_pool,False,False,strict_complete_cells,paper_protocol_strict_feasible_subset
pageblocks,3163,45,3200,0.8,False,2473,1000,unlabeled_pool,False,False,strict_complete_cells,paper_protocol_strict_feasible_subset
pageblocks,3164,46,3200,0.8,False,2473,1000,unlabeled_pool,False,False,strict_complete_cells,paper_protocol_strict_feasible_subset
pageblocks,3165,47,3200,0.8,False,2473,1000,unlabeled_pool,False,False,strict_complete_cells,paper_protocol_strict_feasible_subset
pageblocks,3166,48,3200,0.8,False,2473,1000,unlabeled_pool,False,False,strict_complete_cells,paper_protocol_strict_feasible_subset
pageblocks,3167,49,3200,0.8,False,2473,1000,unlabeled_pool,False,False,strict_complete_cells,paper_protocol_strict_feasible_subset
pageblocks,3168,50,3200,0.8,False,2473,1000,unlabeled_pool,False,False,strict_complete_cells,paper_protocol_strict_feasible_subset
pageblocks,3169,51,3200,0.8,False,2473,1000,unlabeled_pool,False,False,strict_complete_cells,paper_protocol_strict_feasible_subset
pageblocks,3170,52,3200,0.8,False,2473,1000,unlabeled_pool,False,False,strict_complete_cells,paper_protocol_strict_feasible_subset
pageblocks,3171,53,3200,0.8,False,2473,1000,unlabeled_pool,False,False,strict_complete_cells,paper_protocol_strict_feasible_subset
pageblocks,3172,54,3200,0.8,False,2473,1000,unlabeled_pool,False,False,strict_complete_cells,paper_protocol_strict_feasible_subset
pageblocks,3173,55,3200,0.8,False,2473,1000,unlabeled_pool,False,False,strict_complete_cells,paper_protocol_strict_feasible_subset
pageblocks,3174,56,3200,0.8,False,2473,1000,unlabeled_pool,False,False,strict_complete_cells,paper_protocol_strict_feasible_subset
pageblocks,3175,57,3200,0.8,False,2473,1000,unlabeled_pool,False,False,strict_complete_cells,paper_protocol_strict_feasible_subset
pageblocks,3176,58,3200,0.8,False,2473,1000,unlabeled_pool,False,False,strict_complete_cells,paper_protocol_strict_feasible_subset
pageblocks,3177,59,3200,0.8,False,2473,1000,unlabeled_pool,False,False,strict_complete_cells,paper_protocol_strict_feasible_subset
pageblocks,3178,60,3200,0.8,False,2473,1000,unlabeled_pool,False,False,strict_complete_cells,paper_protocol_strict_feasible_subset
pageblocks,3179,61,3200,0.8,False,2473,1000,unlabeled_pool,False,False,strict_complete_cells,paper_protocol_strict_feasible_subset
pageblocks,3180,62,3200,0.8,False,2473,1000,unlabeled_pool,False,False,strict_complete_cells,paper_protocol_strict_feasible_subset
pageblocks,3181,63,3200,0.8,False,2473,1000,unlabeled_pool,False,False,strict_complete_cells,paper_protocol_strict_feasible_subset
pageblocks,3182,64,3200,0.8,False,2473,1000,unlabeled_pool,False,False,strict_complete_cells,paper_protocol_strict_feasible_subset
pageblocks,3183,65,3200,0.8,False,2473,1000,unlabeled_pool,False,False,strict_complete_cells,paper_protocol_strict_feasible_subset
pageblocks,3184,66,3200,0.8,False,2473,1000,unlabeled_pool,False,False,strict_complete_cells,paper_protocol_strict_feasible_subset
pageblocks,3185,67,3200,0.8,False,2473,1000,unlabeled_pool,False,False,strict_complete_cells,paper_protocol_strict_feasible_subset
pageblocks,3186,68,3200,0.8,False,2473,1000,unlabeled_pool,False,False,strict_complete_cells,paper_protocol_strict_feasible_subset
pageblocks,3187,69,3200,0.8,False,2473,1000,unlabeled_pool,False,False,strict_complete_cells,paper_protocol_strict_feasible_subset
pageblocks,3188,70,3200,0.8,False,2473,1000,unlabeled_pool,False,False,strict_complete_cells,paper_protocol_strict_feasible_subset
pageblocks,3189,71,3200,0.8,False,2473,1000,unlabeled_pool,False,False,strict_complete_cells,paper_protocol_strict_feasible_subset
pageblocks,3190,72,3200,0.8,False,2473,1000,unlabeled_pool,False,False,strict_complete_cells,paper_protocol_strict_feasible_subset
pageblocks,3191,73,3200,0.8,False,2473,1000,unlabeled_pool,False,False,strict_complete_cells,paper_protocol_strict_feasible_subset
pageblocks,3192,74,3200,0.8,False,2473,1000,unlabeled_pool,False,False,strict_complete_cells,paper_protocol_strict_feasible_subset
pageblocks,3193,75,3200,0.8,False,2473,1000,unlabeled_pool,False,False,strict_complete_cells,paper_protocol_strict_feasible_subset
pageblocks,3194,76,3200,0.8,False,2473,1000,unlabeled_pool,False,False,strict_complete_cells,paper_protocol_strict_feasible_subset
pageblocks,3195,77,3200,0.8,False,2473,1000,unlabeled_pool,False,False,strict_complete_cells,paper_protocol_strict_feasible_subset
pageblocks,3196,78,3200,0.8,False,2473,1000,unlabeled_pool,False,False,strict_complete_cells,paper_protocol_strict_feasible_subset
pageblocks,3197,79,3200,0.8,False,2473,1000,unlabeled_pool,False,False,strict_complete_cells,paper_protocol_strict_feasible_subset
pageblocks,3198,80,3200,0.8,False,2473,1000,unlabeled_pool,False,False,strict_complete_cells,paper_protocol_strict_feasible_subset
pageblocks,3199,81,3200,0.8,False,2473,1000,unlabeled_pool,False,False,strict_complete_cells,paper_protocol_strict_feasible_subset
pageblocks,3200,82,3200,0.8,False,2473,1000,unlabeled_pool,False,False,strict_complete_cells,paper_protocol_strict_feasible_subset
pageblocks,3201,83,3200,0.8,False,2473,1000,unlabeled_pool,False,False,strict_complete_cells,paper_protocol_strict_feasible_subset
pageblocks,3202,84,3200,0.8,False,2473,1000,unlabeled_pool,False,False,strict_complete_cells,paper_protocol_strict_feasible_subset
pageblocks,3203,85,3200,0.8,False,2473,1000,unlabeled_pool,False,False,strict_complete_cells,paper_protocol_strict_feasible_subset
pageblocks,3204,86,3200,0.8,False,2473,1000,unlabeled_pool,False,False,strict_complete_cells,paper_protocol_strict_feasible_subset
pageblocks,3205,87,3200,0.8,False,2473,1000,unlabeled_pool,False,False,strict_complete_cells,paper_protocol_strict_feasible_subset
pageblocks,3206,88,3200,0.8,False,2473,1000,unlabeled_pool,False,False,strict_complete_cells,paper_protocol_strict_feasible_subset
pageblocks,3207,89,3200,0.8,False,2473,1000,unlabeled_pool,False,False,strict_complete_cells,paper_protocol_strict_feasible_subset
pageblocks,3208,90,3200,0.8,False,2473,1000,unlabeled_pool,False,False,strict_complete_cells,paper_protocol_strict_feasible_subset
pageblocks,3209,91,3200,0.8,False,2473,1000,unlabeled_pool,False,False,strict_complete_cells,paper_protocol_strict_feasible_subset
pageblocks,3210,92,3200,0.8,False,2473,1000,unlabeled_pool,False,False,strict_complete_cells,paper_protocol_strict_feasible_subset
pageblocks,3211,93,3200,0.8,False,2473,1000,unlabeled_pool,False,False,strict_complete_cells,paper_protocol_strict_feasible_subset
pageblocks,3212,94,3200,0.8,False,2473,1000,unlabeled_pool,False,False,strict_complete_cells,paper_protocol_strict_feasible_subset
pageblocks,3213,95,3200,0.8,False,2473,1000,unlabeled_pool,False,False,strict_complete_cells,paper_protocol_strict_feasible_subset
pageblocks,3214,96,3200,0.8,False,2473,1000,unlabeled_pool,False,False,strict_complete_cells,paper_protocol_strict_feasible_subset
pageblocks,3215,97,3200,0.8,False,2473,1000,unlabeled_pool,False,False,strict_complete_cells,paper_protocol_strict_feasible_subset
pageblocks,3216,98,3200,0.8,False,2473,1000,unlabeled_pool,False,False,strict_complete_cells,paper_protocol_strict_feasible_subset
pageblocks,3217,99,3200,0.8,False,2473,1000,unlabeled_pool,False,False,strict_complete_cells,paper_protocol_strict_feasible_subset
usps,2018,0,800,0.2,True,800,1000,,True,True,strict_complete_cells,paper_protocol_strict_feasible_subset
usps,2019,1,800,0.2,True,800,1000,,True,True,strict_complete_cells,paper_protocol_strict_feasible_subset
usps,2020,2,800,0.2,True,800,1000,,True,True,strict_complete_cells,paper_protocol_strict_feasible_subset
usps,2021,3,800,0.2,True,800,1000,,True,True,strict_complete_cells,paper_protocol_strict_feasible_subset
usps,2022,4,800,0.2,True,800,1000,,True,True,strict_complete_cells,paper_protocol_strict_feasible_subset
usps,2023,5,800,0.2,True,800,1000,,True,True,strict_complete_cells,paper_protocol_strict_feasible_subset
usps,2024,6,800,0.2,True,800,1000,,True,True,strict_complete_cells,paper_protocol_strict_feasible_subset
usps,2025,7,800,0.2,True,800,1000,,True,True,strict_complete_cells,paper_protocol_strict_feasible_subset
usps,2026,8,800,0.2,True,800,1000,,True,True,strict_complete_cells,paper_protocol_strict_feasible_subset
usps,2027,9,800,0.2,True,800,1000,,True,True,strict_complete_cells,paper_protocol_strict_feasible_subset
usps,2028,10,800,0.2,True,800,1000,,True,True,strict_complete_cells,paper_protocol_strict_feasible_subset
usps,2029,11,800,0.2,True,800,1000,,True,True,strict_complete_cells,paper_protocol_strict_feasible_subset
usps,2030,12,800,0.2,True,800,1000,,True,True,strict_complete_cells,paper_protocol_strict_feasible_subset
usps,2031,13,800,0.2,True,800,1000,,True,True,strict_complete_cells,paper_protocol_strict_feasible_subset
usps,2032,14,800,0.2,True,800,1000,,True,True,strict_complete_cells,paper_protocol_strict_feasible_subset
usps,2033,15,800,0.2,True,800,1000,,True,True,strict_complete_cells,paper_protocol_strict_feasible_subset
usps,2034,16,800,0.2,True,800,1000,,True,True,strict_complete_cells,paper_protocol_strict_feasible_subset
usps,2035,17,800,0.2,True,800,1000,,True,True,strict_complete_cells,paper_protocol_strict_feasible_subset
usps,2036,18,800,0.2,True,800,1000,,True,True,strict_complete_cells,paper_protocol_strict_feasible_subset
usps,2037,19,800,0.2,True,800,1000,,True,True,strict_complete_cells,paper_protocol_strict_feasible_subset
usps,2038,20,800,0.2,True,800,1000,,True,True,strict_complete_cells,paper_protocol_strict_feasible_subset
usps,2039,21,800,0.2,True,800,1000,,True,True,strict_complete_cells,paper_protocol_strict_feasible_subset
usps,2040,22,800,0.2,True,800,1000,,True,True,strict_complete_cells,paper_protocol_strict_feasible_subset
usps,2041,23,800,0.2,True,800,1000,,True,True,strict_complete_cells,paper_protocol_strict_feasible_subset
usps,2042,24,800,0.2,True,800,1000,,True,True,strict_complete_cells,paper_protocol_strict_feasible_subset
usps,2043,25,800,0.2,True,800,1000,,True,True,strict_complete_cells,paper_protocol_strict_feasible_subset
usps,2044,26,800,0.2,True,800,1000,,True,True,strict_complete_cells,paper_protocol_strict_feasible_subset
usps,2045,27,800,0.2,True,800,1000,,True,True,strict_complete_cells,paper_protocol_strict_feasible_subset
usps,2046,28,800,0.2,True,800,1000,,True,True,strict_complete_cells,paper_protocol_strict_feasible_subset
usps,2047,29,800,0.2,True,800,1000,,True,True,strict_complete_cells,paper_protocol_strict_feasible_subset
usps,2048,30,800,0.2,True,800,1000,,True,True,strict_complete_cells,paper_protocol_strict_feasible_subset
usps,2049,31,800,0.2,True,800,1000,,True,True,strict_complete_cells,paper_protocol_strict_feasible_subset
usps,2050,32,800,0.2,True,800,1000,,True,True,strict_complete_cells,paper_protocol_strict_feasible_subset
usps,2051,33,800,0.2,True,800,1000,,True,True,strict_complete_cells,paper_protocol_strict_feasible_subset
usps,2052,34,800,0.2,True,800,1000,,True,True,strict_complete_cells,paper_protocol_strict_feasible_subset
usps,2053,35,800,0.2,True,800,1000,,True,True,strict_complete_cells,paper_protocol_strict_feasible_subset
usps,2054,36,800,0.2,True,800,1000,,True,True,strict_complete_cells,paper_protocol_strict_feasible_subset
usps,2055,37,800,0.2,True,800,1000,,True,True,strict_complete_cells,paper_protocol_strict_feasible_subset
usps,2056,38,800,0.2,True,800,1000,,True,True,strict_complete_cells,paper_protocol_strict_feasible_subset
usps,2057,39,800,0.2,True,800,1000,,True,True,strict_complete_cells,paper_protocol_strict_feasible_subset
usps,2058,40,800,0.2,True,800,1000,,True,True,strict_complete_cells,paper_protocol_strict_feasible_subset
usps,2059,41,800,0.2,True,800,1000,,True,True,strict_complete_cells,paper_protocol_strict_feasible_subset
usps,2060,42,800,0.2,True,800,1000,,True,True,strict_complete_cells,paper_protocol_strict_feasible_subset
usps,2061,43,800,0.2,True,800,1000,,True,True,strict_complete_cells,paper_protocol_strict_feasible_subset
usps,2062,44,800,0.2,True,800,1000,,True,True,strict_complete_cells,paper_protocol_strict_feasible_subset
usps,2063,45,800,0.2,True,800,1000,,True,True,strict_complete_cells,paper_protocol_strict_feasible_subset
usps,2064,46,800,0.2,True,800,1000,,True,True,strict_complete_cells,paper_protocol_strict_feasible_subset
usps,2065,47,800,0.2,True,800,1000,,True,True,strict_complete_cells,paper_protocol_strict_feasible_subset
usps,2066,48,800,0.2,True,800,1000,,True,True,strict_complete_cells,paper_protocol_strict_feasible_subset
usps,2067,49,800,0.2,True,800,1000,,True,True,strict_complete_cells,paper_protocol_strict_feasible_subset
usps,2068,50,800,0.2,True,800,1000,,True,True,strict_complete_cells,paper_protocol_strict_feasible_subset
usps,2069,51,800,0.2,True,800,1000,,True,True,strict_complete_cells,paper_protocol_strict_feasible_subset
usps,2070,52,800,0.2,True,800,1000,,True,True,strict_complete_cells,paper_protocol_strict_feasible_subset
usps,2071,53,800,0.2,True,800,1000,,True,True,strict_complete_cells,paper_protocol_strict_feasible_subset
usps,2072,54,800,0.2,True,800,1000,,True,True,strict_complete_cells,paper_protocol_strict_feasible_subset
usps,2073,55,800,0.2,True,800,1000,,True,True,strict_complete_cells,paper_protocol_strict_feasible_subset
usps,2074,56,800,0.2,True,800,1000,,True,True,strict_complete_cells,paper_protocol_strict_feasible_subset
usps,2075,57,800,0.2,True,800,1000,,True,True,strict_complete_cells,paper_protocol_strict_feasible_subset
usps,2076,58,800,0.2,True,800,1000,,True,True,strict_complete_cells,paper_protocol_strict_feasible_subset
usps,2077,59,800,0.2,True,800,1000,,True,True,strict_complete_cells,paper_protocol_strict_feasible_subset
usps,2078,60,800,0.2,True,800,1000,,True,True,strict_complete_cells,paper_protocol_strict_feasible_subset
usps,2079,61,800,0.2,True,800,1000,,True,True,strict_complete_cells,paper_protocol_strict_feasible_subset
usps,2080,62,800,0.2,True,800,1000,,True,True,strict_complete_cells,paper_protocol_strict_feasible_subset
usps,2081,63,800,0.2,True,800,1000,,True,True,strict_complete_cells,paper_protocol_strict_feasible_subset
usps,2082,64,800,0.2,True,800,1000,,True,True,strict_complete_cells,paper_protocol_strict_feasible_subset
usps,2083,65,800,0.2,True,800,1000,,True,True,strict_complete_cells,paper_protocol_strict_feasible_subset
usps,2084,66,800,0.2,True,800,1000,,True,True,strict_complete_cells,paper_protocol_strict_feasible_subset
usps,2085,67,800,0.2,True,800,1000,,True,True,strict_complete_cells,paper_protocol_strict_feasible_subset
usps,2086,68,800,0.2,True,800,1000,,True,True,strict_complete_cells,paper_protocol_strict_feasible_subset
usps,2087,69,800,0.2,True,800,1000,,True,True,strict_complete_cells,paper_protocol_strict_feasible_subset
usps,2088,70,800,0.2,True,800,1000,,True,True,strict_complete_cells,paper_protocol_strict_feasible_subset
usps,2089,71,800,0.2,True,800,1000,,True,True,strict_complete_cells,paper_protocol_strict_feasible_subset
usps,2090,72,800,0.2,True,800,1000,,True,True,strict_complete_cells,paper_protocol_strict_feasible_subset
usps,2091,73,800,0.2,True,800,1000,,True,True,strict_complete_cells,paper_protocol_strict_feasible_subset
usps,2092,74,800,0.2,True,800,1000,,True,True,strict_complete_cells,paper_protocol_strict_feasible_subset
usps,2093,75,800,0.2,True,800,1000,,True,True,strict_complete_cells,paper_protocol_strict_feasible_subset
usps,2094,76,800,0.2,True,800,1000,,True,True,strict_complete_cells,paper_protocol_strict_feasible_subset
usps,2095,77,800,0.2,True,800,1000,,True,True,strict_complete_cells,paper_protocol_strict_feasible_subset
usps,2096,78,800,0.2,True,800,1000,,True,True,strict_complete_cells,paper_protocol_strict_feasible_subset
usps,2097,79,800,0.2,True,800,1000,,True,True,strict_complete_cells,paper_protocol_strict_feasible_subset
usps,2098,80,800,0.2,True,800,1000,,True,True,strict_complete_cells,paper_protocol_strict_feasible_subset
usps,2099,81,800,0.2,True,800,1000,,True,True,strict_complete_cells,paper_protocol_strict_feasible_subset
usps,2100,82,800,0.2,True,800,1000,,True,True,strict_complete_cells,paper_protocol_strict_feasible_subset
usps,2101,83,800,0.2,True,800,1000,,True,True,strict_complete_cells,paper_protocol_strict_feasible_subset
usps,2102,84,800,0.2,True,800,1000,,True,True,strict_complete_cells,paper_protocol_strict_feasible_subset
usps,2103,85,800,0.2,True,800,1000,,True,True,strict_complete_cells,paper_protocol_strict_feasible_subset
usps,2104,86,800,0.2,True,800,1000,,True,True,strict_complete_cells,paper_protocol_strict_feasible_subset
usps,2105,87,800,0.2,True,800,1000,,True,True,strict_complete_cells,paper_protocol_strict_feasible_subset
usps,2106,88,800,0.2,True,800,1000,,True,True,strict_complete_cells,paper_protocol_strict_feasible_subset
usps,2107,89,800,0.2,True,800,1000,,True,True,strict_complete_cells,paper_protocol_strict_feasible_subset
usps,2108,90,800,0.2,True,800,1000,,True,True,strict_complete_cells,paper_protocol_strict_feasible_subset
usps,2109,91,800,0.2,True,800,1000,,True,True,strict_complete_cells,paper_protocol_strict_feasible_subset
usps,2110,92,800,0.2,True,800,1000,,True,True,strict_complete_cells,paper_protocol_strict_feasible_subset
usps,2111,93,800,0.2,True,800,1000,,True,True,strict_complete_cells,paper_protocol_strict_feasible_subset
usps,2112,94,800,0.2,True,800,1000,,True,True,strict_complete_cells,paper_protocol_strict_feasible_subset
usps,2113,95,800,0.2,True,800,1000,,True,True,strict_complete_cells,paper_protocol_strict_feasible_subset
usps,2114,96,800,0.2,True,800,1000,,True,True,strict_complete_cells,paper_protocol_strict_feasible_subset
usps,2115,97,800,0.2,True,800,1000,,True,True,strict_complete_cells,paper_protocol_strict_feasible_subset
usps,2116,98,800,0.2,True,800,1000,,True,True,strict_complete_cells,paper_protocol_strict_feasible_subset
usps,2117,99,800,0.2,True,800,1000,,True,True,strict_complete_cells,paper_protocol_strict_feasible_subset
usps,2118,0,800,0.4,True,800,1000,,True,True,strict_complete_cells,paper_protocol_strict_feasible_subset
usps,2119,1,800,0.4,True,800,1000,,True,True,strict_complete_cells,paper_protocol_strict_feasible_subset
usps,2120,2,800,0.4,True,800,1000,,True,True,strict_complete_cells,paper_protocol_strict_feasible_subset
usps,2121,3,800,0.4,True,800,1000,,True,True,strict_complete_cells,paper_protocol_strict_feasible_subset
usps,2122,4,800,0.4,True,800,1000,,True,True,strict_complete_cells,paper_protocol_strict_feasible_subset
usps,2123,5,800,0.4,True,800,1000,,True,True,strict_complete_cells,paper_protocol_strict_feasible_subset
usps,2124,6,800,0.4,True,800,1000,,True,True,strict_complete_cells,paper_protocol_strict_feasible_subset
usps,2125,7,800,0.4,True,800,1000,,True,True,strict_complete_cells,paper_protocol_strict_feasible_subset
usps,2126,8,800,0.4,True,800,1000,,True,True,strict_complete_cells,paper_protocol_strict_feasible_subset
usps,2127,9,800,0.4,True,800,1000,,True,True,strict_complete_cells,paper_protocol_strict_feasible_subset
usps,2128,10,800,0.4,True,800,1000,,True,True,strict_complete_cells,paper_protocol_strict_feasible_subset
usps,2129,11,800,0.4,True,800,1000,,True,True,strict_complete_cells,paper_protocol_strict_feasible_subset
usps,2130,12,800,0.4,True,800,1000,,True,True,strict_complete_cells,paper_protocol_strict_feasible_subset
usps,2131,13,800,0.4,True,800,1000,,True,True,strict_complete_cells,paper_protocol_strict_feasible_subset
usps,2132,14,800,0.4,True,800,1000,,True,True,strict_complete_cells,paper_protocol_strict_feasible_subset
usps,2133,15,800,0.4,True,800,1000,,True,True,strict_complete_cells,paper_protocol_strict_feasible_subset
usps,2134,16,800,0.4,True,800,1000,,True,True,strict_complete_cells,paper_protocol_strict_feasible_subset
usps,2135,17,800,0.4,True,800,1000,,True,True,strict_complete_cells,paper_protocol_strict_feasible_subset
usps,2136,18,800,0.4,True,800,1000,,True,True,strict_complete_cells,paper_protocol_strict_feasible_subset
usps,2137,19,800,0.4,True,800,1000,,True,True,strict_complete_cells,paper_protocol_strict_feasible_subset
usps,2138,20,800,0.4,True,800,1000,,True,True,strict_complete_cells,paper_protocol_strict_feasible_subset
usps,2139,21,800,0.4,True,800,1000,,True,True,strict_complete_cells,paper_protocol_strict_feasible_subset
usps,2140,22,800,0.4,True,800,1000,,True,True,strict_complete_cells,paper_protocol_strict_feasible_subset
usps,2141,23,800,0.4,True,800,1000,,True,True,strict_complete_cells,paper_protocol_strict_feasible_subset
usps,2142,24,800,0.4,True,800,1000,,True,True,strict_complete_cells,paper_protocol_strict_feasible_subset
usps,2143,25,800,0.4,True,800,1000,,True,True,strict_complete_cells,paper_protocol_strict_feasible_subset
usps,2144,26,800,0.4,True,800,1000,,True,True,strict_complete_cells,paper_protocol_strict_feasible_subset
usps,2145,27,800,0.4,True,800,1000,,True,True,strict_complete_cells,paper_protocol_strict_feasible_subset
usps,2146,28,800,0.4,True,800,1000,,True,True,strict_complete_cells,paper_protocol_strict_feasible_subset
usps,2147,29,800,0.4,True,800,1000,,True,True,strict_complete_cells,paper_protocol_strict_feasible_subset
usps,2148,30,800,0.4,True,800,1000,,True,True,strict_complete_cells,paper_protocol_strict_feasible_subset
usps,2149,31,800,0.4,True,800,1000,,True,True,strict_complete_cells,paper_protocol_strict_feasible_subset
usps,2150,32,800,0.4,True,800,1000,,True,True,strict_complete_cells,paper_protocol_strict_feasible_subset
usps,2151,33,800,0.4,True,800,1000,,True,True,strict_complete_cells,paper_protocol_strict_feasible_subset
usps,2152,34,800,0.4,True,800,1000,,True,True,strict_complete_cells,paper_protocol_strict_feasible_subset
usps,2153,35,800,0.4,True,800,1000,,True,True,strict_complete_cells,paper_protocol_strict_feasible_subset
usps,2154,36,800,0.4,True,800,1000,,True,True,strict_complete_cells,paper_protocol_strict_feasible_subset
usps,2155,37,800,0.4,True,800,1000,,True,True,strict_complete_cells,paper_protocol_strict_feasible_subset
usps,2156,38,800,0.4,True,800,1000,,True,True,strict_complete_cells,paper_protocol_strict_feasible_subset
usps,2157,39,800,0.4,True,800,1000,,True,True,strict_complete_cells,paper_protocol_strict_feasible_subset
usps,2158,40,800,0.4,True,800,1000,,True,True,strict_complete_cells,paper_protocol_strict_feasible_subset
usps,2159,41,800,0.4,True,800,1000,,True,True,strict_complete_cells,paper_protocol_strict_feasible_subset
usps,2160,42,800,0.4,True,800,1000,,True,True,strict_complete_cells,paper_protocol_strict_feasible_subset
usps,2161,43,800,0.4,True,800,1000,,True,True,strict_complete_cells,paper_protocol_strict_feasible_subset
usps,2162,44,800,0.4,True,800,1000,,True,True,strict_complete_cells,paper_protocol_strict_feasible_subset
usps,2163,45,800,0.4,True,800,1000,,True,True,strict_complete_cells,paper_protocol_strict_feasible_subset
usps,2164,46,800,0.4,True,800,1000,,True,True,strict_complete_cells,paper_protocol_strict_feasible_subset
usps,2165,47,800,0.4,True,800,1000,,True,True,strict_complete_cells,paper_protocol_strict_feasible_subset
usps,2166,48,800,0.4,True,800,1000,,True,True,strict_complete_cells,paper_protocol_strict_feasible_subset
usps,2167,49,800,0.4,True,800,1000,,True,True,strict_complete_cells,paper_protocol_strict_feasible_subset
usps,2168,50,800,0.4,True,800,1000,,True,True,strict_complete_cells,paper_protocol_strict_feasible_subset
usps,2169,51,800,0.4,True,800,1000,,True,True,strict_complete_cells,paper_protocol_strict_feasible_subset
usps,2170,52,800,0.4,True,800,1000,,True,True,strict_complete_cells,paper_protocol_strict_feasible_subset
usps,2171,53,800,0.4,True,800,1000,,True,True,strict_complete_cells,paper_protocol_strict_feasible_subset
usps,2172,54,800,0.4,True,800,1000,,True,True,strict_complete_cells,paper_protocol_strict_feasible_subset
usps,2173,55,800,0.4,True,800,1000,,True,True,strict_complete_cells,paper_protocol_strict_feasible_subset
usps,2174,56,800,0.4,True,800,1000,,True,True,strict_complete_cells,paper_protocol_strict_feasible_subset
usps,2175,57,800,0.4,True,800,1000,,True,True,strict_complete_cells,paper_protocol_strict_feasible_subset
usps,2176,58,800,0.4,True,800,1000,,True,True,strict_complete_cells,paper_protocol_strict_feasible_subset
usps,2177,59,800,0.4,True,800,1000,,True,True,strict_complete_cells,paper_protocol_strict_feasible_subset
usps,2178,60,800,0.4,True,800,1000,,True,True,strict_complete_cells,paper_protocol_strict_feasible_subset
usps,2179,61,800,0.4,True,800,1000,,True,True,strict_complete_cells,paper_protocol_strict_feasible_subset
usps,2180,62,800,0.4,True,800,1000,,True,True,strict_complete_cells,paper_protocol_strict_feasible_subset
usps,2181,63,800,0.4,True,800,1000,,True,True,strict_complete_cells,paper_protocol_strict_feasible_subset
usps,2182,64,800,0.4,True,800,1000,,True,True,strict_complete_cells,paper_protocol_strict_feasible_subset
usps,2183,65,800,0.4,True,800,1000,,True,True,strict_complete_cells,paper_protocol_strict_feasible_subset
usps,2184,66,800,0.4,True,800,1000,,True,True,strict_complete_cells,paper_protocol_strict_feasible_subset
usps,2185,67,800,0.4,True,800,1000,,True,True,strict_complete_cells,paper_protocol_strict_feasible_subset
usps,2186,68,800,0.4,True,800,1000,,True,True,strict_complete_cells,paper_protocol_strict_feasible_subset
usps,2187,69,800,0.4,True,800,1000,,True,True,strict_complete_cells,paper_protocol_strict_feasible_subset
usps,2188,70,800,0.4,True,800,1000,,True,True,strict_complete_cells,paper_protocol_strict_feasible_subset
usps,2189,71,800,0.4,True,800,1000,,True,True,strict_complete_cells,paper_protocol_strict_feasible_subset
usps,2190,72,800,0.4,True,800,1000,,True,True,strict_complete_cells,paper_protocol_strict_feasible_subset
usps,2191,73,800,0.4,True,800,1000,,True,True,strict_complete_cells,paper_protocol_strict_feasible_subset
usps,2192,74,800,0.4,True,800,1000,,True,True,strict_complete_cells,paper_protocol_strict_feasible_subset
usps,2193,75,800,0.4,True,800,1000,,True,True,strict_complete_cells,paper_protocol_strict_feasible_subset
usps,2194,76,800,0.4,True,800,1000,,True,True,strict_complete_cells,paper_protocol_strict_feasible_subset
usps,2195,77,800,0.4,True,800,1000,,True,True,strict_complete_cells,paper_protocol_strict_feasible_subset
usps,2196,78,800,0.4,True,800,1000,,True,True,strict_complete_cells,paper_protocol_strict_feasible_subset
usps,2197,79,800,0.4,True,800,1000,,True,True,strict_complete_cells,paper_protocol_strict_feasible_subset
usps,2198,80,800,0.4,True,800,1000,,True,True,strict_complete_cells,paper_protocol_strict_feasible_subset
usps,2199,81,800,0.4,True,800,1000,,True,True,strict_complete_cells,paper_protocol_strict_feasible_subset
usps,2200,82,800,0.4,True,800,1000,,True,True,strict_complete_cells,paper_protocol_strict_feasible_subset
usps,2201,83,800,0.4,True,800,1000,,True,True,strict_complete_cells,paper_protocol_strict_feasible_subset
usps,2202,84,800,0.4,True,800,1000,,True,True,strict_complete_cells,paper_protocol_strict_feasible_subset
usps,2203,85,800,0.4,True,800,1000,,True,True,strict_complete_cells,paper_protocol_strict_feasible_subset
usps,2204,86,800,0.4,True,800,1000,,True,True,strict_complete_cells,paper_protocol_strict_feasible_subset
usps,2205,87,800,0.4,True,800,1000,,True,True,strict_complete_cells,paper_protocol_strict_feasible_subset
usps,2206,88,800,0.4,True,800,1000,,True,True,strict_complete_cells,paper_protocol_strict_feasible_subset
usps,2207,89,800,0.4,True,800,1000,,True,True,strict_complete_cells,paper_protocol_strict_feasible_subset
usps,2208,90,800,0.4,True,800,1000,,True,True,strict_complete_cells,paper_protocol_strict_feasible_subset
usps,2209,91,800,0.4,True,800,1000,,True,True,strict_complete_cells,paper_protocol_strict_feasible_subset
usps,2210,92,800,0.4,True,800,1000,,True,True,strict_complete_cells,paper_protocol_strict_feasible_subset
usps,2211,93,800,0.4,True,800,1000,,True,True,strict_complete_cells,paper_protocol_strict_feasible_subset
usps,2212,94,800,0.4,True,800,1000,,True,True,strict_complete_cells,paper_protocol_strict_feasible_subset
usps,2213,95,800,0.4,True,800,1000,,True,True,strict_complete_cells,paper_protocol_strict_feasible_subset
usps,2214,96,800,0.4,True,800,1000,,True,True,strict_complete_cells,paper_protocol_strict_feasible_subset
usps,2215,97,800,0.4,True,800,1000,,True,True,strict_complete_cells,paper_protocol_strict_feasible_subset
usps,2216,98,800,0.4,True,800,1000,,True,True,strict_complete_cells,paper_protocol_strict_feasible_subset
usps,2217,99,800,0.4,True,800,1000,,True,True,strict_complete_cells,paper_protocol_strict_feasible_subset
usps,2218,0,800,0.6,True,800,1000,,True,True,strict_complete_cells,paper_protocol_strict_feasible_subset
usps,2219,1,800,0.6,True,800,1000,,True,True,strict_complete_cells,paper_protocol_strict_feasible_subset
usps,2220,2,800,0.6,True,800,1000,,True,True,strict_complete_cells,paper_protocol_strict_feasible_subset
usps,2221,3,800,0.6,True,800,1000,,True,True,strict_complete_cells,paper_protocol_strict_feasible_subset
usps,2222,4,800,0.6,True,800,1000,,True,True,strict_complete_cells,paper_protocol_strict_feasible_subset
usps,2223,5,800,0.6,True,800,1000,,True,True,strict_complete_cells,paper_protocol_strict_feasible_subset
usps,2224,6,800,0.6,True,800,1000,,True,True,strict_complete_cells,paper_protocol_strict_feasible_subset
usps,2225,7,800,0.6,True,800,1000,,True,True,strict_complete_cells,paper_protocol_strict_feasible_subset
usps,2226,8,800,0.6,True,800,1000,,True,True,strict_complete_cells,paper_protocol_strict_feasible_subset
usps,2227,9,800,0.6,True,800,1000,,True,True,strict_complete_cells,paper_protocol_strict_feasible_subset
usps,2228,10,800,0.6,True,800,1000,,True,True,strict_complete_cells,paper_protocol_strict_feasible_subset
usps,2229,11,800,0.6,True,800,1000,,True,True,strict_complete_cells,paper_protocol_strict_feasible_subset
usps,2230,12,800,0.6,True,800,1000,,True,True,strict_complete_cells,paper_protocol_strict_feasible_subset
usps,2231,13,800,0.6,True,800,1000,,True,True,strict_complete_cells,paper_protocol_strict_feasible_subset
usps,2232,14,800,0.6,True,800,1000,,True,True,strict_complete_cells,paper_protocol_strict_feasible_subset
usps,2233,15,800,0.6,True,800,1000,,True,True,strict_complete_cells,paper_protocol_strict_feasible_subset
usps,2234,16,800,0.6,True,800,1000,,True,True,strict_complete_cells,paper_protocol_strict_feasible_subset
usps,2235,17,800,0.6,True,800,1000,,True,True,strict_complete_cells,paper_protocol_strict_feasible_subset
usps,2236,18,800,0.6,True,800,1000,,True,True,strict_complete_cells,paper_protocol_strict_feasible_subset
usps,2237,19,800,0.6,True,800,1000,,True,True,strict_complete_cells,paper_protocol_strict_feasible_subset
usps,2238,20,800,0.6,True,800,1000,,True,True,strict_complete_cells,paper_protocol_strict_feasible_subset
usps,2239,21,800,0.6,True,800,1000,,True,True,strict_complete_cells,paper_protocol_strict_feasible_subset
usps,2240,22,800,0.6,True,800,1000,,True,True,strict_complete_cells,paper_protocol_strict_feasible_subset
usps,2241,23,800,0.6,True,800,1000,,True,True,strict_complete_cells,paper_protocol_strict_feasible_subset
usps,2242,24,800,0.6,True,800,1000,,True,True,strict_complete_cells,paper_protocol_strict_feasible_subset
usps,2243,25,800,0.6,True,800,1000,,True,True,strict_complete_cells,paper_protocol_strict_feasible_subset
usps,2244,26,800,0.6,True,800,1000,,True,True,strict_complete_cells,paper_protocol_strict_feasible_subset
usps,2245,27,800,0.6,True,800,1000,,True,True,strict_complete_cells,paper_protocol_strict_feasible_subset
usps,2246,28,800,0.6,True,800,1000,,True,True,strict_complete_cells,paper_protocol_strict_feasible_subset
usps,2247,29,800,0.6,True,800,1000,,True,True,strict_complete_cells,paper_protocol_strict_feasible_subset
usps,2248,30,800,0.6,True,800,1000,,True,True,strict_complete_cells,paper_protocol_strict_feasible_subset
usps,2249,31,800,0.6,True,800,1000,,True,True,strict_complete_cells,paper_protocol_strict_feasible_subset
usps,2250,32,800,0.6,True,800,1000,,True,True,strict_complete_cells,paper_protocol_strict_feasible_subset
usps,2251,33,800,0.6,True,800,1000,,True,True,strict_complete_cells,paper_protocol_strict_feasible_subset
usps,2252,34,800,0.6,True,800,1000,,True,True,strict_complete_cells,paper_protocol_strict_feasible_subset
usps,2253,35,800,0.6,True,800,1000,,True,True,strict_complete_cells,paper_protocol_strict_feasible_subset
usps,2254,36,800,0.6,True,800,1000,,True,True,strict_complete_cells,paper_protocol_strict_feasible_subset
usps,2255,37,800,0.6,True,800,1000,,True,True,strict_complete_cells,paper_protocol_strict_feasible_subset
usps,2256,38,800,0.6,True,800,1000,,True,True,strict_complete_cells,paper_protocol_strict_feasible_subset
usps,2257,39,800,0.6,True,800,1000,,True,True,strict_complete_cells,paper_protocol_strict_feasible_subset
usps,2258,40,800,0.6,True,800,1000,,True,True,strict_complete_cells,paper_protocol_strict_feasible_subset
usps,2259,41,800,0.6,True,800,1000,,True,True,strict_complete_cells,paper_protocol_strict_feasible_subset
usps,2260,42,800,0.6,True,800,1000,,True,True,strict_complete_cells,paper_protocol_strict_feasible_subset
usps,2261,43,800,0.6,True,800,1000,,True,True,strict_complete_cells,paper_protocol_strict_feasible_subset
usps,2262,44,800,0.6,True,800,1000,,True,True,strict_complete_cells,paper_protocol_strict_feasible_subset
usps,2263,45,800,0.6,True,800,1000,,True,True,strict_complete_cells,paper_protocol_strict_feasible_subset
usps,2264,46,800,0.6,True,800,1000,,True,True,strict_complete_cells,paper_protocol_strict_feasible_subset
usps,2265,47,800,0.6,True,800,1000,,True,True,strict_complete_cells,paper_protocol_strict_feasible_subset
usps,2266,48,800,0.6,True,800,1000,,True,True,strict_complete_cells,paper_protocol_strict_feasible_subset
usps,2267,49,800,0.6,True,800,1000,,True,True,strict_complete_cells,paper_protocol_strict_feasible_subset
usps,2268,50,800,0.6,True,800,1000,,True,True,strict_complete_cells,paper_protocol_strict_feasible_subset
usps,2269,51,800,0.6,True,800,1000,,True,True,strict_complete_cells,paper_protocol_strict_feasible_subset
usps,2270,52,800,0.6,True,800,1000,,True,True,strict_complete_cells,paper_protocol_strict_feasible_subset
usps,2271,53,800,0.6,True,800,1000,,True,True,strict_complete_cells,paper_protocol_strict_feasible_subset
usps,2272,54,800,0.6,True,800,1000,,True,True,strict_complete_cells,paper_protocol_strict_feasible_subset
usps,2273,55,800,0.6,True,800,1000,,True,True,strict_complete_cells,paper_protocol_strict_feasible_subset
usps,2274,56,800,0.6,True,800,1000,,True,True,strict_complete_cells,paper_protocol_strict_feasible_subset
usps,2275,57,800,0.6,True,800,1000,,True,True,strict_complete_cells,paper_protocol_strict_feasible_subset
usps,2276,58,800,0.6,True,800,1000,,True,True,strict_complete_cells,paper_protocol_strict_feasible_subset
usps,2277,59,800,0.6,True,800,1000,,True,True,strict_complete_cells,paper_protocol_strict_feasible_subset
usps,2278,60,800,0.6,True,800,1000,,True,True,strict_complete_cells,paper_protocol_strict_feasible_subset
usps,2279,61,800,0.6,True,800,1000,,True,True,strict_complete_cells,paper_protocol_strict_feasible_subset
usps,2280,62,800,0.6,True,800,1000,,True,True,strict_complete_cells,paper_protocol_strict_feasible_subset
usps,2281,63,800,0.6,True,800,1000,,True,True,strict_complete_cells,paper_protocol_strict_feasible_subset
usps,2282,64,800,0.6,True,800,1000,,True,True,strict_complete_cells,paper_protocol_strict_feasible_subset
usps,2283,65,800,0.6,True,800,1000,,True,True,strict_complete_cells,paper_protocol_strict_feasible_subset
usps,2284,66,800,0.6,True,800,1000,,True,True,strict_complete_cells,paper_protocol_strict_feasible_subset
usps,2285,67,800,0.6,True,800,1000,,True,True,strict_complete_cells,paper_protocol_strict_feasible_subset
usps,2286,68,800,0.6,True,800,1000,,True,True,strict_complete_cells,paper_protocol_strict_feasible_subset
usps,2287,69,800,0.6,True,800,1000,,True,True,strict_complete_cells,paper_protocol_strict_feasible_subset
usps,2288,70,800,0.6,True,800,1000,,True,True,strict_complete_cells,paper_protocol_strict_feasible_subset
usps,2289,71,800,0.6,True,800,1000,,True,True,strict_complete_cells,paper_protocol_strict_feasible_subset
usps,2290,72,800,0.6,True,800,1000,,True,True,strict_complete_cells,paper_protocol_strict_feasible_subset
usps,2291,73,800,0.6,True,800,1000,,True,True,strict_complete_cells,paper_protocol_strict_feasible_subset
usps,2292,74,800,0.6,True,800,1000,,True,True,strict_complete_cells,paper_protocol_strict_feasible_subset
usps,2293,75,800,0.6,True,800,1000,,True,True,strict_complete_cells,paper_protocol_strict_feasible_subset
usps,2294,76,800,0.6,True,800,1000,,True,True,strict_complete_cells,paper_protocol_strict_feasible_subset
usps,2295,77,800,0.6,True,800,1000,,True,True,strict_complete_cells,paper_protocol_strict_feasible_subset
usps,2296,78,800,0.6,True,800,1000,,True,True,strict_complete_cells,paper_protocol_strict_feasible_subset
usps,2297,79,800,0.6,True,800,1000,,True,True,strict_complete_cells,paper_protocol_strict_feasible_subset
usps,2298,80,800,0.6,True,800,1000,,True,True,strict_complete_cells,paper_protocol_strict_feasible_subset
usps,2299,81,800,0.6,True,800,1000,,True,True,strict_complete_cells,paper_protocol_strict_feasible_subset
usps,2300,82,800,0.6,True,800,1000,,True,True,strict_complete_cells,paper_protocol_strict_feasible_subset
usps,2301,83,800,0.6,True,800,1000,,True,True,strict_complete_cells,paper_protocol_strict_feasible_subset
usps,2302,84,800,0.6,True,800,1000,,True,True,strict_complete_cells,paper_protocol_strict_feasible_subset
usps,2303,85,800,0.6,True,800,1000,,True,True,strict_complete_cells,paper_protocol_strict_feasible_subset
usps,2304,86,800,0.6,True,800,1000,,True,True,strict_complete_cells,paper_protocol_strict_feasible_subset
usps,2305,87,800,0.6,True,800,1000,,True,True,strict_complete_cells,paper_protocol_strict_feasible_subset
usps,2306,88,800,0.6,True,800,1000,,True,True,strict_complete_cells,paper_protocol_strict_feasible_subset
usps,2307,89,800,0.6,True,800,1000,,True,True,strict_complete_cells,paper_protocol_strict_feasible_subset
usps,2308,90,800,0.6,True,800,1000,,True,True,strict_complete_cells,paper_protocol_strict_feasible_subset
usps,2309,91,800,0.6,True,800,1000,,True,True,strict_complete_cells,paper_protocol_strict_feasible_subset
usps,2310,92,800,0.6,True,800,1000,,True,True,strict_complete_cells,paper_protocol_strict_feasible_subset
usps,2311,93,800,0.6,True,800,1000,,True,True,strict_complete_cells,paper_protocol_strict_feasible_subset
usps,2312,94,800,0.6,True,800,1000,,True,True,strict_complete_cells,paper_protocol_strict_feasible_subset
usps,2313,95,800,0.6,True,800,1000,,True,True,strict_complete_cells,paper_protocol_strict_feasible_subset
usps,2314,96,800,0.6,True,800,1000,,True,True,strict_complete_cells,paper_protocol_strict_feasible_subset
usps,2315,97,800,0.6,True,800,1000,,True,True,strict_complete_cells,paper_protocol_strict_feasible_subset
usps,2316,98,800,0.6,True,800,1000,,True,True,strict_complete_cells,paper_protocol_strict_feasible_subset
usps,2317,99,800,0.6,True,800,1000,,True,True,strict_complete_cells,paper_protocol_strict_feasible_subset
usps,2318,0,800,0.8,True,800,1000,,True,True,strict_complete_cells,paper_protocol_strict_feasible_subset
usps,2319,1,800,0.8,True,800,1000,,True,True,strict_complete_cells,paper_protocol_strict_feasible_subset
usps,2320,2,800,0.8,True,800,1000,,True,True,strict_complete_cells,paper_protocol_strict_feasible_subset
usps,2321,3,800,0.8,True,800,1000,,True,True,strict_complete_cells,paper_protocol_strict_feasible_subset
usps,2322,4,800,0.8,True,800,1000,,True,True,strict_complete_cells,paper_protocol_strict_feasible_subset
usps,2323,5,800,0.8,True,800,1000,,True,True,strict_complete_cells,paper_protocol_strict_feasible_subset
usps,2324,6,800,0.8,True,800,1000,,True,True,strict_complete_cells,paper_protocol_strict_feasible_subset
usps,2325,7,800,0.8,True,800,1000,,True,True,strict_complete_cells,paper_protocol_strict_feasible_subset
usps,2326,8,800,0.8,True,800,1000,,True,True,strict_complete_cells,paper_protocol_strict_feasible_subset
usps,2327,9,800,0.8,True,800,1000,,True,True,strict_complete_cells,paper_protocol_strict_feasible_subset
usps,2328,10,800,0.8,True,800,1000,,True,True,strict_complete_cells,paper_protocol_strict_feasible_subset
usps,2329,11,800,0.8,True,800,1000,,True,True,strict_complete_cells,paper_protocol_strict_feasible_subset
usps,2330,12,800,0.8,True,800,1000,,True,True,strict_complete_cells,paper_protocol_strict_feasible_subset
usps,2331,13,800,0.8,True,800,1000,,True,True,strict_complete_cells,paper_protocol_strict_feasible_subset
usps,2332,14,800,0.8,True,800,1000,,True,True,strict_complete_cells,paper_protocol_strict_feasible_subset
usps,2333,15,800,0.8,True,800,1000,,True,True,strict_complete_cells,paper_protocol_strict_feasible_subset
usps,2334,16,800,0.8,True,800,1000,,True,True,strict_complete_cells,paper_protocol_strict_feasible_subset
usps,2335,17,800,0.8,True,800,1000,,True,True,strict_complete_cells,paper_protocol_strict_feasible_subset
usps,2336,18,800,0.8,True,800,1000,,True,True,strict_complete_cells,paper_protocol_strict_feasible_subset
usps,2337,19,800,0.8,True,800,1000,,True,True,strict_complete_cells,paper_protocol_strict_feasible_subset
usps,2338,20,800,0.8,True,800,1000,,True,True,strict_complete_cells,paper_protocol_strict_feasible_subset
usps,2339,21,800,0.8,True,800,1000,,True,True,strict_complete_cells,paper_protocol_strict_feasible_subset
usps,2340,22,800,0.8,True,800,1000,,True,True,strict_complete_cells,paper_protocol_strict_feasible_subset
usps,2341,23,800,0.8,True,800,1000,,True,True,strict_complete_cells,paper_protocol_strict_feasible_subset
usps,2342,24,800,0.8,True,800,1000,,True,True,strict_complete_cells,paper_protocol_strict_feasible_subset
usps,2343,25,800,0.8,True,800,1000,,True,True,strict_complete_cells,paper_protocol_strict_feasible_subset
usps,2344,26,800,0.8,True,800,1000,,True,True,strict_complete_cells,paper_protocol_strict_feasible_subset
usps,2345,27,800,0.8,True,800,1000,,True,True,strict_complete_cells,paper_protocol_strict_feasible_subset
usps,2346,28,800,0.8,True,800,1000,,True,True,strict_complete_cells,paper_protocol_strict_feasible_subset
usps,2347,29,800,0.8,True,800,1000,,True,True,strict_complete_cells,paper_protocol_strict_feasible_subset
usps,2348,30,800,0.8,True,800,1000,,True,True,strict_complete_cells,paper_protocol_strict_feasible_subset
usps,2349,31,800,0.8,True,800,1000,,True,True,strict_complete_cells,paper_protocol_strict_feasible_subset
usps,2350,32,800,0.8,True,800,1000,,True,True,strict_complete_cells,paper_protocol_strict_feasible_subset
usps,2351,33,800,0.8,True,800,1000,,True,True,strict_complete_cells,paper_protocol_strict_feasible_subset
usps,2352,34,800,0.8,True,800,1000,,True,True,strict_complete_cells,paper_protocol_strict_feasible_subset
usps,2353,35,800,0.8,True,800,1000,,True,True,strict_complete_cells,paper_protocol_strict_feasible_subset
usps,2354,36,800,0.8,True,800,1000,,True,True,strict_complete_cells,paper_protocol_strict_feasible_subset
usps,2355,37,800,0.8,True,800,1000,,True,True,strict_complete_cells,paper_protocol_strict_feasible_subset
usps,2356,38,800,0.8,True,800,1000,,True,True,strict_complete_cells,paper_protocol_strict_feasible_subset
usps,2357,39,800,0.8,True,800,1000,,True,True,strict_complete_cells,paper_protocol_strict_feasible_subset
usps,2358,40,800,0.8,True,800,1000,,True,True,strict_complete_cells,paper_protocol_strict_feasible_subset
usps,2359,41,800,0.8,True,800,1000,,True,True,strict_complete_cells,paper_protocol_strict_feasible_subset
usps,2360,42,800,0.8,True,800,1000,,True,True,strict_complete_cells,paper_protocol_strict_feasible_subset
usps,2361,43,800,0.8,True,800,1000,,True,True,strict_complete_cells,paper_protocol_strict_feasible_subset
usps,2362,44,800,0.8,True,800,1000,,True,True,strict_complete_cells,paper_protocol_strict_feasible_subset
usps,2363,45,800,0.8,True,800,1000,,True,True,strict_complete_cells,paper_protocol_strict_feasible_subset
usps,2364,46,800,0.8,True,800,1000,,True,True,strict_complete_cells,paper_protocol_strict_feasible_subset
usps,2365,47,800,0.8,True,800,1000,,True,True,strict_complete_cells,paper_protocol_strict_feasible_subset
usps,2366,48,800,0.8,True,800,1000,,True,True,strict_complete_cells,paper_protocol_strict_feasible_subset
usps,2367,49,800,0.8,True,800,1000,,True,True,strict_complete_cells,paper_protocol_strict_feasible_subset
usps,2368,50,800,0.8,True,800,1000,,True,True,strict_complete_cells,paper_protocol_strict_feasible_subset
usps,2369,51,800,0.8,True,800,1000,,True,True,strict_complete_cells,paper_protocol_strict_feasible_subset
usps,2370,52,800,0.8,True,800,1000,,True,True,strict_complete_cells,paper_protocol_strict_feasible_subset
usps,2371,53,800,0.8,True,800,1000,,True,True,strict_complete_cells,paper_protocol_strict_feasible_subset
usps,2372,54,800,0.8,True,800,1000,,True,True,strict_complete_cells,paper_protocol_strict_feasible_subset
usps,2373,55,800,0.8,True,800,1000,,True,True,strict_complete_cells,paper_protocol_strict_feasible_subset
usps,2374,56,800,0.8,True,800,1000,,True,True,strict_complete_cells,paper_protocol_strict_feasible_subset
usps,2375,57,800,0.8,True,800,1000,,True,True,strict_complete_cells,paper_protocol_strict_feasible_subset
usps,2376,58,800,0.8,True,800,1000,,True,True,strict_complete_cells,paper_protocol_strict_feasible_subset
usps,2377,59,800,0.8,True,800,1000,,True,True,strict_complete_cells,paper_protocol_strict_feasible_subset
usps,2378,60,800,0.8,True,800,1000,,True,True,strict_complete_cells,paper_protocol_strict_feasible_subset
usps,2379,61,800,0.8,True,800,1000,,True,True,strict_complete_cells,paper_protocol_strict_feasible_subset
usps,2380,62,800,0.8,True,800,1000,,True,True,strict_complete_cells,paper_protocol_strict_feasible_subset
usps,2381,63,800,0.8,True,800,1000,,True,True,strict_complete_cells,paper_protocol_strict_feasible_subset
usps,2382,64,800,0.8,True,800,1000,,True,True,strict_complete_cells,paper_protocol_strict_feasible_subset
usps,2383,65,800,0.8,True,800,1000,,True,True,strict_complete_cells,paper_protocol_strict_feasible_subset
usps,2384,66,800,0.8,True,800,1000,,True,True,strict_complete_cells,paper_protocol_strict_feasible_subset
usps,2385,67,800,0.8,True,800,1000,,True,True,strict_complete_cells,paper_protocol_strict_feasible_subset
usps,2386,68,800,0.8,True,800,1000,,True,True,strict_complete_cells,paper_protocol_strict_feasible_subset
usps,2387,69,800,0.8,True,800,1000,,True,True,strict_complete_cells,paper_protocol_strict_feasible_subset
usps,2388,70,800,0.8,True,800,1000,,True,True,strict_complete_cells,paper_protocol_strict_feasible_subset
usps,2389,71,800,0.8,True,800,1000,,True,True,strict_complete_cells,paper_protocol_strict_feasible_subset
usps,2390,72,800,0.8,True,800,1000,,True,True,strict_complete_cells,paper_protocol_strict_feasible_subset
usps,2391,73,800,0.8,True,800,1000,,True,True,strict_complete_cells,paper_protocol_strict_feasible_subset
usps,2392,74,800,0.8,True,800,1000,,True,True,strict_complete_cells,paper_protocol_strict_feasible_subset
usps,2393,75,800,0.8,True,800,1000,,True,True,strict_complete_cells,paper_protocol_strict_feasible_subset
usps,2394,76,800,0.8,True,800,1000,,True,True,strict_complete_cells,paper_protocol_strict_feasible_subset
usps,2395,77,800,0.8,True,800,1000,,True,True,strict_complete_cells,paper_protocol_strict_feasible_subset
usps,2396,78,800,0.8,True,800,1000,,True,True,strict_complete_cells,paper_protocol_strict_feasible_subset
usps,2397,79,800,0.8,True,800,1000,,True,True,strict_complete_cells,paper_protocol_strict_feasible_subset
usps,2398,80,800,0.8,True,800,1000,,True,True,strict_complete_cells,paper_protocol_strict_feasible_subset
usps,2399,81,800,0.8,True,800,1000,,True,True,strict_complete_cells,paper_protocol_strict_feasible_subset
usps,2400,82,800,0.8,True,800,1000,,True,True,strict_complete_cells,paper_protocol_strict_feasible_subset
usps,2401,83,800,0.8,True,800,1000,,True,True,strict_complete_cells,paper_protocol_strict_feasible_subset
usps,2402,84,800,0.8,True,800,1000,,True,True,strict_complete_cells,paper_protocol_strict_feasible_subset
usps,2403,85,800,0.8,True,800,1000,,True,True,strict_complete_cells,paper_protocol_strict_feasible_subset
usps,2404,86,800,0.8,True,800,1000,,True,True,strict_complete_cells,paper_protocol_strict_feasible_subset
usps,2405,87,800,0.8,True,800,1000,,True,True,strict_complete_cells,paper_protocol_strict_feasible_subset
usps,2406,88,800,0.8,True,800,1000,,True,True,strict_complete_cells,paper_protocol_strict_feasible_subset
usps,2407,89,800,0.8,True,800,1000,,True,True,strict_complete_cells,paper_protocol_strict_feasible_subset
usps,2408,90,800,0.8,True,800,1000,,True,True,strict_complete_cells,paper_protocol_strict_feasible_subset
usps,2409,91,800,0.8,True,800,1000,,True,True,strict_complete_cells,paper_protocol_strict_feasible_subset
usps,2410,92,800,0.8,True,800,1000,,True,True,strict_complete_cells,paper_protocol_strict_feasible_subset
usps,2411,93,800,0.8,True,800,1000,,True,True,strict_complete_cells,paper_protocol_strict_feasible_subset
usps,2412,94,800,0.8,True,800,1000,,True,True,strict_complete_cells,paper_protocol_strict_feasible_subset
usps,2413,95,800,0.8,True,800,1000,,True,True,strict_complete_cells,paper_protocol_strict_feasible_subset
usps,2414,96,800,0.8,True,800,1000,,True,True,strict_complete_cells,paper_protocol_strict_feasible_subset
usps,2415,97,800,0.8,True,800,1000,,True,True,strict_complete_cells,paper_protocol_strict_feasible_subset
usps,2416,98,800,0.8,True,800,1000,,True,True,strict_complete_cells,paper_protocol_strict_feasible_subset
usps,2417,99,800,0.8,True,800,1000,,True,True,strict_complete_cells,paper_protocol_strict_feasible_subset
usps,2418,0,1600,0.2,True,1600,1000,,True,True,strict_complete_cells,paper_protocol_strict_feasible_subset
usps,2419,1,1600,0.2,True,1600,1000,,True,True,strict_complete_cells,paper_protocol_strict_feasible_subset
usps,2420,2,1600,0.2,True,1600,1000,,True,True,strict_complete_cells,paper_protocol_strict_feasible_subset
usps,2421,3,1600,0.2,True,1600,1000,,True,True,strict_complete_cells,paper_protocol_strict_feasible_subset
usps,2422,4,1600,0.2,True,1600,1000,,True,True,strict_complete_cells,paper_protocol_strict_feasible_subset
usps,2423,5,1600,0.2,True,1600,1000,,True,True,strict_complete_cells,paper_protocol_strict_feasible_subset
usps,2424,6,1600,0.2,True,1600,1000,,True,True,strict_complete_cells,paper_protocol_strict_feasible_subset
usps,2425,7,1600,0.2,True,1600,1000,,True,True,strict_complete_cells,paper_protocol_strict_feasible_subset
usps,2426,8,1600,0.2,True,1600,1000,,True,True,strict_complete_cells,paper_protocol_strict_feasible_subset
usps,2427,9,1600,0.2,True,1600,1000,,True,True,strict_complete_cells,paper_protocol_strict_feasible_subset
usps,2428,10,1600,0.2,True,1600,1000,,True,True,strict_complete_cells,paper_protocol_strict_feasible_subset
usps,2429,11,1600,0.2,True,1600,1000,,True,True,strict_complete_cells,paper_protocol_strict_feasible_subset
usps,2430,12,1600,0.2,True,1600,1000,,True,True,strict_complete_cells,paper_protocol_strict_feasible_subset
usps,2431,13,1600,0.2,True,1600,1000,,True,True,strict_complete_cells,paper_protocol_strict_feasible_subset
usps,2432,14,1600,0.2,True,1600,1000,,True,True,strict_complete_cells,paper_protocol_strict_feasible_subset
usps,2433,15,1600,0.2,True,1600,1000,,True,True,strict_complete_cells,paper_protocol_strict_feasible_subset
usps,2434,16,1600,0.2,True,1600,1000,,True,True,strict_complete_cells,paper_protocol_strict_feasible_subset
usps,2435,17,1600,0.2,True,1600,1000,,True,True,strict_complete_cells,paper_protocol_strict_feasible_subset
usps,2436,18,1600,0.2,True,1600,1000,,True,True,strict_complete_cells,paper_protocol_strict_feasible_subset
usps,2437,19,1600,0.2,True,1600,1000,,True,True,strict_complete_cells,paper_protocol_strict_feasible_subset
usps,2438,20,1600,0.2,True,1600,1000,,True,True,strict_complete_cells,paper_protocol_strict_feasible_subset
usps,2439,21,1600,0.2,True,1600,1000,,True,True,strict_complete_cells,paper_protocol_strict_feasible_subset
usps,2440,22,1600,0.2,True,1600,1000,,True,True,strict_complete_cells,paper_protocol_strict_feasible_subset
usps,2441,23,1600,0.2,True,1600,1000,,True,True,strict_complete_cells,paper_protocol_strict_feasible_subset
usps,2442,24,1600,0.2,True,1600,1000,,True,True,strict_complete_cells,paper_protocol_strict_feasible_subset
usps,2443,25,1600,0.2,True,1600,1000,,True,True,strict_complete_cells,paper_protocol_strict_feasible_subset
usps,2444,26,1600,0.2,True,1600,1000,,True,True,strict_complete_cells,paper_protocol_strict_feasible_subset
usps,2445,27,1600,0.2,True,1600,1000,,True,True,strict_complete_cells,paper_protocol_strict_feasible_subset
usps,2446,28,1600,0.2,True,1600,1000,,True,True,strict_complete_cells,paper_protocol_strict_feasible_subset
usps,2447,29,1600,0.2,True,1600,1000,,True,True,strict_complete_cells,paper_protocol_strict_feasible_subset
usps,2448,30,1600,0.2,True,1600,1000,,True,True,strict_complete_cells,paper_protocol_strict_feasible_subset
usps,2449,31,1600,0.2,True,1600,1000,,True,True,strict_complete_cells,paper_protocol_strict_feasible_subset
usps,2450,32,1600,0.2,True,1600,1000,,True,True,strict_complete_cells,paper_protocol_strict_feasible_subset
usps,2451,33,1600,0.2,True,1600,1000,,True,True,strict_complete_cells,paper_protocol_strict_feasible_subset
usps,2452,34,1600,0.2,True,1600,1000,,True,True,strict_complete_cells,paper_protocol_strict_feasible_subset
usps,2453,35,1600,0.2,True,1600,1000,,True,True,strict_complete_cells,paper_protocol_strict_feasible_subset
usps,2454,36,1600,0.2,True,1600,1000,,True,True,strict_complete_cells,paper_protocol_strict_feasible_subset
usps,2455,37,1600,0.2,True,1600,1000,,True,True,strict_complete_cells,paper_protocol_strict_feasible_subset
usps,2456,38,1600,0.2,True,1600,1000,,True,True,strict_complete_cells,paper_protocol_strict_feasible_subset
usps,2457,39,1600,0.2,True,1600,1000,,True,True,strict_complete_cells,paper_protocol_strict_feasible_subset
usps,2458,40,1600,0.2,True,1600,1000,,True,True,strict_complete_cells,paper_protocol_strict_feasible_subset
usps,2459,41,1600,0.2,True,1600,1000,,True,True,strict_complete_cells,paper_protocol_strict_feasible_subset
usps,2460,42,1600,0.2,True,1600,1000,,True,True,strict_complete_cells,paper_protocol_strict_feasible_subset
usps,2461,43,1600,0.2,True,1600,1000,,True,True,strict_complete_cells,paper_protocol_strict_feasible_subset
usps,2462,44,1600,0.2,True,1600,1000,,True,True,strict_complete_cells,paper_protocol_strict_feasible_subset
usps,2463,45,1600,0.2,True,1600,1000,,True,True,strict_complete_cells,paper_protocol_strict_feasible_subset
usps,2464,46,1600,0.2,True,1600,1000,,True,True,strict_complete_cells,paper_protocol_strict_feasible_subset
usps,2465,47,1600,0.2,True,1600,1000,,True,True,strict_complete_cells,paper_protocol_strict_feasible_subset
usps,2466,48,1600,0.2,True,1600,1000,,True,True,strict_complete_cells,paper_protocol_strict_feasible_subset
usps,2467,49,1600,0.2,True,1600,1000,,True,True,strict_complete_cells,paper_protocol_strict_feasible_subset
usps,2468,50,1600,0.2,True,1600,1000,,True,True,strict_complete_cells,paper_protocol_strict_feasible_subset
usps,2469,51,1600,0.2,True,1600,1000,,True,True,strict_complete_cells,paper_protocol_strict_feasible_subset
usps,2470,52,1600,0.2,True,1600,1000,,True,True,strict_complete_cells,paper_protocol_strict_feasible_subset
usps,2471,53,1600,0.2,True,1600,1000,,True,True,strict_complete_cells,paper_protocol_strict_feasible_subset
usps,2472,54,1600,0.2,True,1600,1000,,True,True,strict_complete_cells,paper_protocol_strict_feasible_subset
usps,2473,55,1600,0.2,True,1600,1000,,True,True,strict_complete_cells,paper_protocol_strict_feasible_subset
usps,2474,56,1600,0.2,True,1600,1000,,True,True,strict_complete_cells,paper_protocol_strict_feasible_subset
usps,2475,57,1600,0.2,True,1600,1000,,True,True,strict_complete_cells,paper_protocol_strict_feasible_subset
usps,2476,58,1600,0.2,True,1600,1000,,True,True,strict_complete_cells,paper_protocol_strict_feasible_subset
usps,2477,59,1600,0.2,True,1600,1000,,True,True,strict_complete_cells,paper_protocol_strict_feasible_subset
usps,2478,60,1600,0.2,True,1600,1000,,True,True,strict_complete_cells,paper_protocol_strict_feasible_subset
usps,2479,61,1600,0.2,True,1600,1000,,True,True,strict_complete_cells,paper_protocol_strict_feasible_subset
usps,2480,62,1600,0.2,True,1600,1000,,True,True,strict_complete_cells,paper_protocol_strict_feasible_subset
usps,2481,63,1600,0.2,True,1600,1000,,True,True,strict_complete_cells,paper_protocol_strict_feasible_subset
usps,2482,64,1600,0.2,True,1600,1000,,True,True,strict_complete_cells,paper_protocol_strict_feasible_subset
usps,2483,65,1600,0.2,True,1600,1000,,True,True,strict_complete_cells,paper_protocol_strict_feasible_subset
usps,2484,66,1600,0.2,True,1600,1000,,True,True,strict_complete_cells,paper_protocol_strict_feasible_subset
usps,2485,67,1600,0.2,True,1600,1000,,True,True,strict_complete_cells,paper_protocol_strict_feasible_subset
usps,2486,68,1600,0.2,True,1600,1000,,True,True,strict_complete_cells,paper_protocol_strict_feasible_subset
usps,2487,69,1600,0.2,True,1600,1000,,True,True,strict_complete_cells,paper_protocol_strict_feasible_subset
usps,2488,70,1600,0.2,True,1600,1000,,True,True,strict_complete_cells,paper_protocol_strict_feasible_subset
usps,2489,71,1600,0.2,True,1600,1000,,True,True,strict_complete_cells,paper_protocol_strict_feasible_subset
usps,2490,72,1600,0.2,True,1600,1000,,True,True,strict_complete_cells,paper_protocol_strict_feasible_subset
usps,2491,73,1600,0.2,True,1600,1000,,True,True,strict_complete_cells,paper_protocol_strict_feasible_subset
usps,2492,74,1600,0.2,True,1600,1000,,True,True,strict_complete_cells,paper_protocol_strict_feasible_subset
usps,2493,75,1600,0.2,True,1600,1000,,True,True,strict_complete_cells,paper_protocol_strict_feasible_subset
usps,2494,76,1600,0.2,True,1600,1000,,True,True,strict_complete_cells,paper_protocol_strict_feasible_subset
usps,2495,77,1600,0.2,True,1600,1000,,True,True,strict_complete_cells,paper_protocol_strict_feasible_subset
usps,2496,78,1600,0.2,True,1600,1000,,True,True,strict_complete_cells,paper_protocol_strict_feasible_subset
usps,2497,79,1600,0.2,True,1600,1000,,True,True,strict_complete_cells,paper_protocol_strict_feasible_subset
usps,2498,80,1600,0.2,True,1600,1000,,True,True,strict_complete_cells,paper_protocol_strict_feasible_subset
usps,2499,81,1600,0.2,True,1600,1000,,True,True,strict_complete_cells,paper_protocol_strict_feasible_subset
usps,2500,82,1600,0.2,True,1600,1000,,True,True,strict_complete_cells,paper_protocol_strict_feasible_subset
usps,2501,83,1600,0.2,True,1600,1000,,True,True,strict_complete_cells,paper_protocol_strict_feasible_subset
usps,2502,84,1600,0.2,True,1600,1000,,True,True,strict_complete_cells,paper_protocol_strict_feasible_subset
usps,2503,85,1600,0.2,True,1600,1000,,True,True,strict_complete_cells,paper_protocol_strict_feasible_subset
usps,2504,86,1600,0.2,True,1600,1000,,True,True,strict_complete_cells,paper_protocol_strict_feasible_subset
usps,2505,87,1600,0.2,True,1600,1000,,True,True,strict_complete_cells,paper_protocol_strict_feasible_subset
usps,2506,88,1600,0.2,True,1600,1000,,True,True,strict_complete_cells,paper_protocol_strict_feasible_subset
usps,2507,89,1600,0.2,True,1600,1000,,True,True,strict_complete_cells,paper_protocol_strict_feasible_subset
usps,2508,90,1600,0.2,True,1600,1000,,True,True,strict_complete_cells,paper_protocol_strict_feasible_subset
usps,2509,91,1600,0.2,True,1600,1000,,True,True,strict_complete_cells,paper_protocol_strict_feasible_subset
usps,2510,92,1600,0.2,True,1600,1000,,True,True,strict_complete_cells,paper_protocol_strict_feasible_subset
usps,2511,93,1600,0.2,True,1600,1000,,True,True,strict_complete_cells,paper_protocol_strict_feasible_subset
usps,2512,94,1600,0.2,True,1600,1000,,True,True,strict_complete_cells,paper_protocol_strict_feasible_subset
usps,2513,95,1600,0.2,True,1600,1000,,True,True,strict_complete_cells,paper_protocol_strict_feasible_subset
usps,2514,96,1600,0.2,True,1600,1000,,True,True,strict_complete_cells,paper_protocol_strict_feasible_subset
usps,2515,97,1600,0.2,True,1600,1000,,True,True,strict_complete_cells,paper_protocol_strict_feasible_subset
usps,2516,98,1600,0.2,True,1600,1000,,True,True,strict_complete_cells,paper_protocol_strict_feasible_subset
usps,2517,99,1600,0.2,True,1600,1000,,True,True,strict_complete_cells,paper_protocol_strict_feasible_subset
usps,2518,0,1600,0.4,True,1600,1000,,True,True,strict_complete_cells,paper_protocol_strict_feasible_subset
usps,2519,1,1600,0.4,True,1600,1000,,True,True,strict_complete_cells,paper_protocol_strict_feasible_subset
usps,2520,2,1600,0.4,True,1600,1000,,True,True,strict_complete_cells,paper_protocol_strict_feasible_subset
usps,2521,3,1600,0.4,True,1600,1000,,True,True,strict_complete_cells,paper_protocol_strict_feasible_subset
usps,2522,4,1600,0.4,True,1600,1000,,True,True,strict_complete_cells,paper_protocol_strict_feasible_subset
usps,2523,5,1600,0.4,True,1600,1000,,True,True,strict_complete_cells,paper_protocol_strict_feasible_subset
usps,2524,6,1600,0.4,True,1600,1000,,True,True,strict_complete_cells,paper_protocol_strict_feasible_subset
usps,2525,7,1600,0.4,True,1600,1000,,True,True,strict_complete_cells,paper_protocol_strict_feasible_subset
usps,2526,8,1600,0.4,True,1600,1000,,True,True,strict_complete_cells,paper_protocol_strict_feasible_subset
usps,2527,9,1600,0.4,True,1600,1000,,True,True,strict_complete_cells,paper_protocol_strict_feasible_subset
usps,2528,10,1600,0.4,True,1600,1000,,True,True,strict_complete_cells,paper_protocol_strict_feasible_subset
usps,2529,11,1600,0.4,True,1600,1000,,True,True,strict_complete_cells,paper_protocol_strict_feasible_subset
usps,2530,12,1600,0.4,True,1600,1000,,True,True,strict_complete_cells,paper_protocol_strict_feasible_subset
usps,2531,13,1600,0.4,True,1600,1000,,True,True,strict_complete_cells,paper_protocol_strict_feasible_subset
usps,2532,14,1600,0.4,True,1600,1000,,True,True,strict_complete_cells,paper_protocol_strict_feasible_subset
usps,2533,15,1600,0.4,True,1600,1000,,True,True,strict_complete_cells,paper_protocol_strict_feasible_subset
usps,2534,16,1600,0.4,True,1600,1000,,True,True,strict_complete_cells,paper_protocol_strict_feasible_subset
usps,2535,17,1600,0.4,True,1600,1000,,True,True,strict_complete_cells,paper_protocol_strict_feasible_subset
usps,2536,18,1600,0.4,True,1600,1000,,True,True,strict_complete_cells,paper_protocol_strict_feasible_subset
usps,2537,19,1600,0.4,True,1600,1000,,True,True,strict_complete_cells,paper_protocol_strict_feasible_subset
usps,2538,20,1600,0.4,True,1600,1000,,True,True,strict_complete_cells,paper_protocol_strict_feasible_subset
usps,2539,21,1600,0.4,True,1600,1000,,True,True,strict_complete_cells,paper_protocol_strict_feasible_subset
usps,2540,22,1600,0.4,True,1600,1000,,True,True,strict_complete_cells,paper_protocol_strict_feasible_subset
usps,2541,23,1600,0.4,True,1600,1000,,True,True,strict_complete_cells,paper_protocol_strict_feasible_subset
usps,2542,24,1600,0.4,True,1600,1000,,True,True,strict_complete_cells,paper_protocol_strict_feasible_subset
usps,2543,25,1600,0.4,True,1600,1000,,True,True,strict_complete_cells,paper_protocol_strict_feasible_subset
usps,2544,26,1600,0.4,True,1600,1000,,True,True,strict_complete_cells,paper_protocol_strict_feasible_subset
usps,2545,27,1600,0.4,True,1600,1000,,True,True,strict_complete_cells,paper_protocol_strict_feasible_subset
usps,2546,28,1600,0.4,True,1600,1000,,True,True,strict_complete_cells,paper_protocol_strict_feasible_subset
usps,2547,29,1600,0.4,True,1600,1000,,True,True,strict_complete_cells,paper_protocol_strict_feasible_subset
usps,2548,30,1600,0.4,True,1600,1000,,True,True,strict_complete_cells,paper_protocol_strict_feasible_subset
usps,2549,31,1600,0.4,True,1600,1000,,True,True,strict_complete_cells,paper_protocol_strict_feasible_subset
usps,2550,32,1600,0.4,True,1600,1000,,True,True,strict_complete_cells,paper_protocol_strict_feasible_subset
usps,2551,33,1600,0.4,True,1600,1000,,True,True,strict_complete_cells,paper_protocol_strict_feasible_subset
usps,2552,34,1600,0.4,True,1600,1000,,True,True,strict_complete_cells,paper_protocol_strict_feasible_subset
usps,2553,35,1600,0.4,True,1600,1000,,True,True,strict_complete_cells,paper_protocol_strict_feasible_subset
usps,2554,36,1600,0.4,True,1600,1000,,True,True,strict_complete_cells,paper_protocol_strict_feasible_subset
usps,2555,37,1600,0.4,True,1600,1000,,True,True,strict_complete_cells,paper_protocol_strict_feasible_subset
usps,2556,38,1600,0.4,True,1600,1000,,True,True,strict_complete_cells,paper_protocol_strict_feasible_subset
usps,2557,39,1600,0.4,True,1600,1000,,True,True,strict_complete_cells,paper_protocol_strict_feasible_subset
usps,2558,40,1600,0.4,True,1600,1000,,True,True,strict_complete_cells,paper_protocol_strict_feasible_subset
usps,2559,41,1600,0.4,True,1600,1000,,True,True,strict_complete_cells,paper_protocol_strict_feasible_subset
usps,2560,42,1600,0.4,True,1600,1000,,True,True,strict_complete_cells,paper_protocol_strict_feasible_subset
usps,2561,43,1600,0.4,True,1600,1000,,True,True,strict_complete_cells,paper_protocol_strict_feasible_subset
usps,2562,44,1600,0.4,True,1600,1000,,True,True,strict_complete_cells,paper_protocol_strict_feasible_subset
usps,2563,45,1600,0.4,True,1600,1000,,True,True,strict_complete_cells,paper_protocol_strict_feasible_subset
usps,2564,46,1600,0.4,True,1600,1000,,True,True,strict_complete_cells,paper_protocol_strict_feasible_subset
usps,2565,47,1600,0.4,True,1600,1000,,True,True,strict_complete_cells,paper_protocol_strict_feasible_subset
usps,2566,48,1600,0.4,True,1600,1000,,True,True,strict_complete_cells,paper_protocol_strict_feasible_subset
usps,2567,49,1600,0.4,True,1600,1000,,True,True,strict_complete_cells,paper_protocol_strict_feasible_subset
usps,2568,50,1600,0.4,True,1600,1000,,True,True,strict_complete_cells,paper_protocol_strict_feasible_subset
usps,2569,51,1600,0.4,True,1600,1000,,True,True,strict_complete_cells,paper_protocol_strict_feasible_subset
usps,2570,52,1600,0.4,True,1600,1000,,True,True,strict_complete_cells,paper_protocol_strict_feasible_subset
usps,2571,53,1600,0.4,True,1600,1000,,True,True,strict_complete_cells,paper_protocol_strict_feasible_subset
usps,2572,54,1600,0.4,True,1600,1000,,True,True,strict_complete_cells,paper_protocol_strict_feasible_subset
usps,2573,55,1600,0.4,True,1600,1000,,True,True,strict_complete_cells,paper_protocol_strict_feasible_subset
usps,2574,56,1600,0.4,True,1600,1000,,True,True,strict_complete_cells,paper_protocol_strict_feasible_subset
usps,2575,57,1600,0.4,True,1600,1000,,True,True,strict_complete_cells,paper_protocol_strict_feasible_subset
usps,2576,58,1600,0.4,True,1600,1000,,True,True,strict_complete_cells,paper_protocol_strict_feasible_subset
usps,2577,59,1600,0.4,True,1600,1000,,True,True,strict_complete_cells,paper_protocol_strict_feasible_subset
usps,2578,60,1600,0.4,True,1600,1000,,True,True,strict_complete_cells,paper_protocol_strict_feasible_subset
usps,2579,61,1600,0.4,True,1600,1000,,True,True,strict_complete_cells,paper_protocol_strict_feasible_subset
usps,2580,62,1600,0.4,True,1600,1000,,True,True,strict_complete_cells,paper_protocol_strict_feasible_subset
usps,2581,63,1600,0.4,True,1600,1000,,True,True,strict_complete_cells,paper_protocol_strict_feasible_subset
usps,2582,64,1600,0.4,True,1600,1000,,True,True,strict_complete_cells,paper_protocol_strict_feasible_subset
usps,2583,65,1600,0.4,True,1600,1000,,True,True,strict_complete_cells,paper_protocol_strict_feasible_subset
usps,2584,66,1600,0.4,True,1600,1000,,True,True,strict_complete_cells,paper_protocol_strict_feasible_subset
usps,2585,67,1600,0.4,True,1600,1000,,True,True,strict_complete_cells,paper_protocol_strict_feasible_subset
usps,2586,68,1600,0.4,True,1600,1000,,True,True,strict_complete_cells,paper_protocol_strict_feasible_subset
usps,2587,69,1600,0.4,True,1600,1000,,True,True,strict_complete_cells,paper_protocol_strict_feasible_subset
usps,2588,70,1600,0.4,True,1600,1000,,True,True,strict_complete_cells,paper_protocol_strict_feasible_subset
usps,2589,71,1600,0.4,True,1600,1000,,True,True,strict_complete_cells,paper_protocol_strict_feasible_subset
usps,2590,72,1600,0.4,True,1600,1000,,True,True,strict_complete_cells,paper_protocol_strict_feasible_subset
usps,2591,73,1600,0.4,True,1600,1000,,True,True,strict_complete_cells,paper_protocol_strict_feasible_subset
usps,2592,74,1600,0.4,True,1600,1000,,True,True,strict_complete_cells,paper_protocol_strict_feasible_subset
usps,2593,75,1600,0.4,True,1600,1000,,True,True,strict_complete_cells,paper_protocol_strict_feasible_subset
usps,2594,76,1600,0.4,True,1600,1000,,True,True,strict_complete_cells,paper_protocol_strict_feasible_subset
usps,2595,77,1600,0.4,True,1600,1000,,True,True,strict_complete_cells,paper_protocol_strict_feasible_subset
usps,2596,78,1600,0.4,True,1600,1000,,True,True,strict_complete_cells,paper_protocol_strict_feasible_subset
usps,2597,79,1600,0.4,True,1600,1000,,True,True,strict_complete_cells,paper_protocol_strict_feasible_subset
usps,2598,80,1600,0.4,True,1600,1000,,True,True,strict_complete_cells,paper_protocol_strict_feasible_subset
usps,2599,81,1600,0.4,True,1600,1000,,True,True,strict_complete_cells,paper_protocol_strict_feasible_subset
usps,2600,82,1600,0.4,True,1600,1000,,True,True,strict_complete_cells,paper_protocol_strict_feasible_subset
usps,2601,83,1600,0.4,True,1600,1000,,True,True,strict_complete_cells,paper_protocol_strict_feasible_subset
usps,2602,84,1600,0.4,True,1600,1000,,True,True,strict_complete_cells,paper_protocol_strict_feasible_subset
usps,2603,85,1600,0.4,True,1600,1000,,True,True,strict_complete_cells,paper_protocol_strict_feasible_subset
usps,2604,86,1600,0.4,True,1600,1000,,True,True,strict_complete_cells,paper_protocol_strict_feasible_subset
usps,2605,87,1600,0.4,True,1600,1000,,True,True,strict_complete_cells,paper_protocol_strict_feasible_subset
usps,2606,88,1600,0.4,True,1600,1000,,True,True,strict_complete_cells,paper_protocol_strict_feasible_subset
usps,2607,89,1600,0.4,True,1600,1000,,True,True,strict_complete_cells,paper_protocol_strict_feasible_subset
usps,2608,90,1600,0.4,True,1600,1000,,True,True,strict_complete_cells,paper_protocol_strict_feasible_subset
usps,2609,91,1600,0.4,True,1600,1000,,True,True,strict_complete_cells,paper_protocol_strict_feasible_subset
usps,2610,92,1600,0.4,True,1600,1000,,True,True,strict_complete_cells,paper_protocol_strict_feasible_subset
usps,2611,93,1600,0.4,True,1600,1000,,True,True,strict_complete_cells,paper_protocol_strict_feasible_subset
usps,2612,94,1600,0.4,True,1600,1000,,True,True,strict_complete_cells,paper_protocol_strict_feasible_subset
usps,2613,95,1600,0.4,True,1600,1000,,True,True,strict_complete_cells,paper_protocol_strict_feasible_subset
usps,2614,96,1600,0.4,True,1600,1000,,True,True,strict_complete_cells,paper_protocol_strict_feasible_subset
usps,2615,97,1600,0.4,True,1600,1000,,True,True,strict_complete_cells,paper_protocol_strict_feasible_subset
usps,2616,98,1600,0.4,True,1600,1000,,True,True,strict_complete_cells,paper_protocol_strict_feasible_subset
usps,2617,99,1600,0.4,True,1600,1000,,True,True,strict_complete_cells,paper_protocol_strict_feasible_subset
usps,2618,0,1600,0.6,True,1600,1000,,True,True,strict_complete_cells,paper_protocol_strict_feasible_subset
usps,2619,1,1600,0.6,True,1600,1000,,True,True,strict_complete_cells,paper_protocol_strict_feasible_subset
usps,2620,2,1600,0.6,True,1600,1000,,True,True,strict_complete_cells,paper_protocol_strict_feasible_subset
usps,2621,3,1600,0.6,True,1600,1000,,True,True,strict_complete_cells,paper_protocol_strict_feasible_subset
usps,2622,4,1600,0.6,True,1600,1000,,True,True,strict_complete_cells,paper_protocol_strict_feasible_subset
usps,2623,5,1600,0.6,True,1600,1000,,True,True,strict_complete_cells,paper_protocol_strict_feasible_subset
usps,2624,6,1600,0.6,True,1600,1000,,True,True,strict_complete_cells,paper_protocol_strict_feasible_subset
usps,2625,7,1600,0.6,True,1600,1000,,True,True,strict_complete_cells,paper_protocol_strict_feasible_subset
usps,2626,8,1600,0.6,True,1600,1000,,True,True,strict_complete_cells,paper_protocol_strict_feasible_subset
usps,2627,9,1600,0.6,True,1600,1000,,True,True,strict_complete_cells,paper_protocol_strict_feasible_subset
usps,2628,10,1600,0.6,True,1600,1000,,True,True,strict_complete_cells,paper_protocol_strict_feasible_subset
usps,2629,11,1600,0.6,True,1600,1000,,True,True,strict_complete_cells,paper_protocol_strict_feasible_subset
usps,2630,12,1600,0.6,True,1600,1000,,True,True,strict_complete_cells,paper_protocol_strict_feasible_subset
usps,2631,13,1600,0.6,True,1600,1000,,True,True,strict_complete_cells,paper_protocol_strict_feasible_subset
usps,2632,14,1600,0.6,True,1600,1000,,True,True,strict_complete_cells,paper_protocol_strict_feasible_subset
usps,2633,15,1600,0.6,True,1600,1000,,True,True,strict_complete_cells,paper_protocol_strict_feasible_subset
usps,2634,16,1600,0.6,True,1600,1000,,True,True,strict_complete_cells,paper_protocol_strict_feasible_subset
usps,2635,17,1600,0.6,True,1600,1000,,True,True,strict_complete_cells,paper_protocol_strict_feasible_subset
usps,2636,18,1600,0.6,True,1600,1000,,True,True,strict_complete_cells,paper_protocol_strict_feasible_subset
usps,2637,19,1600,0.6,True,1600,1000,,True,True,strict_complete_cells,paper_protocol_strict_feasible_subset
usps,2638,20,1600,0.6,True,1600,1000,,True,True,strict_complete_cells,paper_protocol_strict_feasible_subset
usps,2639,21,1600,0.6,True,1600,1000,,True,True,strict_complete_cells,paper_protocol_strict_feasible_subset
usps,2640,22,1600,0.6,True,1600,1000,,True,True,strict_complete_cells,paper_protocol_strict_feasible_subset
usps,2641,23,1600,0.6,True,1600,1000,,True,True,strict_complete_cells,paper_protocol_strict_feasible_subset
usps,2642,24,1600,0.6,True,1600,1000,,True,True,strict_complete_cells,paper_protocol_strict_feasible_subset
usps,2643,25,1600,0.6,True,1600,1000,,True,True,strict_complete_cells,paper_protocol_strict_feasible_subset
usps,2644,26,1600,0.6,True,1600,1000,,True,True,strict_complete_cells,paper_protocol_strict_feasible_subset
usps,2645,27,1600,0.6,True,1600,1000,,True,True,strict_complete_cells,paper_protocol_strict_feasible_subset
usps,2646,28,1600,0.6,True,1600,1000,,True,True,strict_complete_cells,paper_protocol_strict_feasible_subset
usps,2647,29,1600,0.6,True,1600,1000,,True,True,strict_complete_cells,paper_protocol_strict_feasible_subset
usps,2648,30,1600,0.6,True,1600,1000,,True,True,strict_complete_cells,paper_protocol_strict_feasible_subset
usps,2649,31,1600,0.6,True,1600,1000,,True,True,strict_complete_cells,paper_protocol_strict_feasible_subset
usps,2650,32,1600,0.6,True,1600,1000,,True,True,strict_complete_cells,paper_protocol_strict_feasible_subset
usps,2651,33,1600,0.6,True,1600,1000,,True,True,strict_complete_cells,paper_protocol_strict_feasible_subset
usps,2652,34,1600,0.6,True,1600,1000,,True,True,strict_complete_cells,paper_protocol_strict_feasible_subset
usps,2653,35,1600,0.6,True,1600,1000,,True,True,strict_complete_cells,paper_protocol_strict_feasible_subset
usps,2654,36,1600,0.6,True,1600,1000,,True,True,strict_complete_cells,paper_protocol_strict_feasible_subset
usps,2655,37,1600,0.6,True,1600,1000,,True,True,strict_complete_cells,paper_protocol_strict_feasible_subset
usps,2656,38,1600,0.6,True,1600,1000,,True,True,strict_complete_cells,paper_protocol_strict_feasible_subset
usps,2657,39,1600,0.6,True,1600,1000,,True,True,strict_complete_cells,paper_protocol_strict_feasible_subset
usps,2658,40,1600,0.6,True,1600,1000,,True,True,strict_complete_cells,paper_protocol_strict_feasible_subset
usps,2659,41,1600,0.6,True,1600,1000,,True,True,strict_complete_cells,paper_protocol_strict_feasible_subset
usps,2660,42,1600,0.6,True,1600,1000,,True,True,strict_complete_cells,paper_protocol_strict_feasible_subset
usps,2661,43,1600,0.6,True,1600,1000,,True,True,strict_complete_cells,paper_protocol_strict_feasible_subset
usps,2662,44,1600,0.6,True,1600,1000,,True,True,strict_complete_cells,paper_protocol_strict_feasible_subset
usps,2663,45,1600,0.6,True,1600,1000,,True,True,strict_complete_cells,paper_protocol_strict_feasible_subset
usps,2664,46,1600,0.6,True,1600,1000,,True,True,strict_complete_cells,paper_protocol_strict_feasible_subset
usps,2665,47,1600,0.6,True,1600,1000,,True,True,strict_complete_cells,paper_protocol_strict_feasible_subset
usps,2666,48,1600,0.6,True,1600,1000,,True,True,strict_complete_cells,paper_protocol_strict_feasible_subset
usps,2667,49,1600,0.6,True,1600,1000,,True,True,strict_complete_cells,paper_protocol_strict_feasible_subset
usps,2668,50,1600,0.6,True,1600,1000,,True,True,strict_complete_cells,paper_protocol_strict_feasible_subset
usps,2669,51,1600,0.6,True,1600,1000,,True,True,strict_complete_cells,paper_protocol_strict_feasible_subset
usps,2670,52,1600,0.6,True,1600,1000,,True,True,strict_complete_cells,paper_protocol_strict_feasible_subset
usps,2671,53,1600,0.6,True,1600,1000,,True,True,strict_complete_cells,paper_protocol_strict_feasible_subset
usps,2672,54,1600,0.6,True,1600,1000,,True,True,strict_complete_cells,paper_protocol_strict_feasible_subset
usps,2673,55,1600,0.6,True,1600,1000,,True,True,strict_complete_cells,paper_protocol_strict_feasible_subset
usps,2674,56,1600,0.6,True,1600,1000,,True,True,strict_complete_cells,paper_protocol_strict_feasible_subset
usps,2675,57,1600,0.6,True,1600,1000,,True,True,strict_complete_cells,paper_protocol_strict_feasible_subset
usps,2676,58,1600,0.6,True,1600,1000,,True,True,strict_complete_cells,paper_protocol_strict_feasible_subset
usps,2677,59,1600,0.6,True,1600,1000,,True,True,strict_complete_cells,paper_protocol_strict_feasible_subset
usps,2678,60,1600,0.6,True,1600,1000,,True,True,strict_complete_cells,paper_protocol_strict_feasible_subset
usps,2679,61,1600,0.6,True,1600,1000,,True,True,strict_complete_cells,paper_protocol_strict_feasible_subset
usps,2680,62,1600,0.6,True,1600,1000,,True,True,strict_complete_cells,paper_protocol_strict_feasible_subset
usps,2681,63,1600,0.6,True,1600,1000,,True,True,strict_complete_cells,paper_protocol_strict_feasible_subset
usps,2682,64,1600,0.6,True,1600,1000,,True,True,strict_complete_cells,paper_protocol_strict_feasible_subset
usps,2683,65,1600,0.6,True,1600,1000,,True,True,strict_complete_cells,paper_protocol_strict_feasible_subset
usps,2684,66,1600,0.6,True,1600,1000,,True,True,strict_complete_cells,paper_protocol_strict_feasible_subset
usps,2685,67,1600,0.6,True,1600,1000,,True,True,strict_complete_cells,paper_protocol_strict_feasible_subset
usps,2686,68,1600,0.6,True,1600,1000,,True,True,strict_complete_cells,paper_protocol_strict_feasible_subset
usps,2687,69,1600,0.6,True,1600,1000,,True,True,strict_complete_cells,paper_protocol_strict_feasible_subset
usps,2688,70,1600,0.6,True,1600,1000,,True,True,strict_complete_cells,paper_protocol_strict_feasible_subset
usps,2689,71,1600,0.6,True,1600,1000,,True,True,strict_complete_cells,paper_protocol_strict_feasible_subset
usps,2690,72,1600,0.6,True,1600,1000,,True,True,strict_complete_cells,paper_protocol_strict_feasible_subset
usps,2691,73,1600,0.6,True,1600,1000,,True,True,strict_complete_cells,paper_protocol_strict_feasible_subset
usps,2692,74,1600,0.6,True,1600,1000,,True,True,strict_complete_cells,paper_protocol_strict_feasible_subset
usps,2693,75,1600,0.6,True,1600,1000,,True,True,strict_complete_cells,paper_protocol_strict_feasible_subset
usps,2694,76,1600,0.6,True,1600,1000,,True,True,strict_complete_cells,paper_protocol_strict_feasible_subset
usps,2695,77,1600,0.6,True,1600,1000,,True,True,strict_complete_cells,paper_protocol_strict_feasible_subset
usps,2696,78,1600,0.6,True,1600,1000,,True,True,strict_complete_cells,paper_protocol_strict_feasible_subset
usps,2697,79,1600,0.6,True,1600,1000,,True,True,strict_complete_cells,paper_protocol_strict_feasible_subset
usps,2698,80,1600,0.6,True,1600,1000,,True,True,strict_complete_cells,paper_protocol_strict_feasible_subset
usps,2699,81,1600,0.6,True,1600,1000,,True,True,strict_complete_cells,paper_protocol_strict_feasible_subset
usps,2700,82,1600,0.6,True,1600,1000,,True,True,strict_complete_cells,paper_protocol_strict_feasible_subset
usps,2701,83,1600,0.6,True,1600,1000,,True,True,strict_complete_cells,paper_protocol_strict_feasible_subset
usps,2702,84,1600,0.6,True,1600,1000,,True,True,strict_complete_cells,paper_protocol_strict_feasible_subset
usps,2703,85,1600,0.6,True,1600,1000,,True,True,strict_complete_cells,paper_protocol_strict_feasible_subset
usps,2704,86,1600,0.6,True,1600,1000,,True,True,strict_complete_cells,paper_protocol_strict_feasible_subset
usps,2705,87,1600,0.6,True,1600,1000,,True,True,strict_complete_cells,paper_protocol_strict_feasible_subset
usps,2706,88,1600,0.6,True,1600,1000,,True,True,strict_complete_cells,paper_protocol_strict_feasible_subset
usps,2707,89,1600,0.6,True,1600,1000,,True,True,strict_complete_cells,paper_protocol_strict_feasible_subset
usps,2708,90,1600,0.6,True,1600,1000,,True,True,strict_complete_cells,paper_protocol_strict_feasible_subset
usps,2709,91,1600,0.6,True,1600,1000,,True,True,strict_complete_cells,paper_protocol_strict_feasible_subset
usps,2710,92,1600,0.6,True,1600,1000,,True,True,strict_complete_cells,paper_protocol_strict_feasible_subset
usps,2711,93,1600,0.6,True,1600,1000,,True,True,strict_complete_cells,paper_protocol_strict_feasible_subset
usps,2712,94,1600,0.6,True,1600,1000,,True,True,strict_complete_cells,paper_protocol_strict_feasible_subset
usps,2713,95,1600,0.6,True,1600,1000,,True,True,strict_complete_cells,paper_protocol_strict_feasible_subset
usps,2714,96,1600,0.6,True,1600,1000,,True,True,strict_complete_cells,paper_protocol_strict_feasible_subset
usps,2715,97,1600,0.6,True,1600,1000,,True,True,strict_complete_cells,paper_protocol_strict_feasible_subset
usps,2716,98,1600,0.6,True,1600,1000,,True,True,strict_complete_cells,paper_protocol_strict_feasible_subset
usps,2717,99,1600,0.6,True,1600,1000,,True,True,strict_complete_cells,paper_protocol_strict_feasible_subset
usps,2718,0,1600,0.8,True,1600,1000,,True,True,strict_complete_cells,paper_protocol_strict_feasible_subset
usps,2719,1,1600,0.8,True,1600,1000,,True,True,strict_complete_cells,paper_protocol_strict_feasible_subset
usps,2720,2,1600,0.8,True,1600,1000,,True,True,strict_complete_cells,paper_protocol_strict_feasible_subset
usps,2721,3,1600,0.8,True,1600,1000,,True,True,strict_complete_cells,paper_protocol_strict_feasible_subset
usps,2722,4,1600,0.8,True,1600,1000,,True,True,strict_complete_cells,paper_protocol_strict_feasible_subset
usps,2723,5,1600,0.8,True,1600,1000,,True,True,strict_complete_cells,paper_protocol_strict_feasible_subset
usps,2724,6,1600,0.8,True,1600,1000,,True,True,strict_complete_cells,paper_protocol_strict_feasible_subset
usps,2725,7,1600,0.8,True,1600,1000,,True,True,strict_complete_cells,paper_protocol_strict_feasible_subset
usps,2726,8,1600,0.8,True,1600,1000,,True,True,strict_complete_cells,paper_protocol_strict_feasible_subset
usps,2727,9,1600,0.8,True,1600,1000,,True,True,strict_complete_cells,paper_protocol_strict_feasible_subset
usps,2728,10,1600,0.8,True,1600,1000,,True,True,strict_complete_cells,paper_protocol_strict_feasible_subset
usps,2729,11,1600,0.8,True,1600,1000,,True,True,strict_complete_cells,paper_protocol_strict_feasible_subset
usps,2730,12,1600,0.8,True,1600,1000,,True,True,strict_complete_cells,paper_protocol_strict_feasible_subset
usps,2731,13,1600,0.8,True,1600,1000,,True,True,strict_complete_cells,paper_protocol_strict_feasible_subset
usps,2732,14,1600,0.8,True,1600,1000,,True,True,strict_complete_cells,paper_protocol_strict_feasible_subset
usps,2733,15,1600,0.8,True,1600,1000,,True,True,strict_complete_cells,paper_protocol_strict_feasible_subset
usps,2734,16,1600,0.8,True,1600,1000,,True,True,strict_complete_cells,paper_protocol_strict_feasible_subset
usps,2735,17,1600,0.8,True,1600,1000,,True,True,strict_complete_cells,paper_protocol_strict_feasible_subset
usps,2736,18,1600,0.8,True,1600,1000,,True,True,strict_complete_cells,paper_protocol_strict_feasible_subset
usps,2737,19,1600,0.8,True,1600,1000,,True,True,strict_complete_cells,paper_protocol_strict_feasible_subset
usps,2738,20,1600,0.8,True,1600,1000,,True,True,strict_complete_cells,paper_protocol_strict_feasible_subset
usps,2739,21,1600,0.8,True,1600,1000,,True,True,strict_complete_cells,paper_protocol_strict_feasible_subset
usps,2740,22,1600,0.8,True,1600,1000,,True,True,strict_complete_cells,paper_protocol_strict_feasible_subset
usps,2741,23,1600,0.8,True,1600,1000,,True,True,strict_complete_cells,paper_protocol_strict_feasible_subset
usps,2742,24,1600,0.8,True,1600,1000,,True,True,strict_complete_cells,paper_protocol_strict_feasible_subset
usps,2743,25,1600,0.8,True,1600,1000,,True,True,strict_complete_cells,paper_protocol_strict_feasible_subset
usps,2744,26,1600,0.8,True,1600,1000,,True,True,strict_complete_cells,paper_protocol_strict_feasible_subset
usps,2745,27,1600,0.8,True,1600,1000,,True,True,strict_complete_cells,paper_protocol_strict_feasible_subset
usps,2746,28,1600,0.8,True,1600,1000,,True,True,strict_complete_cells,paper_protocol_strict_feasible_subset
usps,2747,29,1600,0.8,True,1600,1000,,True,True,strict_complete_cells,paper_protocol_strict_feasible_subset
usps,2748,30,1600,0.8,True,1600,1000,,True,True,strict_complete_cells,paper_protocol_strict_feasible_subset
usps,2749,31,1600,0.8,True,1600,1000,,True,True,strict_complete_cells,paper_protocol_strict_feasible_subset
usps,2750,32,1600,0.8,True,1600,1000,,True,True,strict_complete_cells,paper_protocol_strict_feasible_subset
usps,2751,33,1600,0.8,True,1600,1000,,True,True,strict_complete_cells,paper_protocol_strict_feasible_subset
usps,2752,34,1600,0.8,True,1600,1000,,True,True,strict_complete_cells,paper_protocol_strict_feasible_subset
usps,2753,35,1600,0.8,True,1600,1000,,True,True,strict_complete_cells,paper_protocol_strict_feasible_subset
usps,2754,36,1600,0.8,True,1600,1000,,True,True,strict_complete_cells,paper_protocol_strict_feasible_subset
usps,2755,37,1600,0.8,True,1600,1000,,True,True,strict_complete_cells,paper_protocol_strict_feasible_subset
usps,2756,38,1600,0.8,True,1600,1000,,True,True,strict_complete_cells,paper_protocol_strict_feasible_subset
usps,2757,39,1600,0.8,True,1600,1000,,True,True,strict_complete_cells,paper_protocol_strict_feasible_subset
usps,2758,40,1600,0.8,True,1600,1000,,True,True,strict_complete_cells,paper_protocol_strict_feasible_subset
usps,2759,41,1600,0.8,True,1600,1000,,True,True,strict_complete_cells,paper_protocol_strict_feasible_subset
usps,2760,42,1600,0.8,True,1600,1000,,True,True,strict_complete_cells,paper_protocol_strict_feasible_subset
usps,2761,43,1600,0.8,True,1600,1000,,True,True,strict_complete_cells,paper_protocol_strict_feasible_subset
usps,2762,44,1600,0.8,True,1600,1000,,True,True,strict_complete_cells,paper_protocol_strict_feasible_subset
usps,2763,45,1600,0.8,True,1600,1000,,True,True,strict_complete_cells,paper_protocol_strict_feasible_subset
usps,2764,46,1600,0.8,True,1600,1000,,True,True,strict_complete_cells,paper_protocol_strict_feasible_subset
usps,2765,47,1600,0.8,True,1600,1000,,True,True,strict_complete_cells,paper_protocol_strict_feasible_subset
usps,2766,48,1600,0.8,True,1600,1000,,True,True,strict_complete_cells,paper_protocol_strict_feasible_subset
usps,2767,49,1600,0.8,True,1600,1000,,True,True,strict_complete_cells,paper_protocol_strict_feasible_subset
usps,2768,50,1600,0.8,True,1600,1000,,True,True,strict_complete_cells,paper_protocol_strict_feasible_subset
usps,2769,51,1600,0.8,True,1600,1000,,True,True,strict_complete_cells,paper_protocol_strict_feasible_subset
usps,2770,52,1600,0.8,True,1600,1000,,True,True,strict_complete_cells,paper_protocol_strict_feasible_subset
usps,2771,53,1600,0.8,True,1600,1000,,True,True,strict_complete_cells,paper_protocol_strict_feasible_subset
usps,2772,54,1600,0.8,True,1600,1000,,True,True,strict_complete_cells,paper_protocol_strict_feasible_subset
usps,2773,55,1600,0.8,True,1600,1000,,True,True,strict_complete_cells,paper_protocol_strict_feasible_subset
usps,2774,56,1600,0.8,True,1600,1000,,True,True,strict_complete_cells,paper_protocol_strict_feasible_subset
usps,2775,57,1600,0.8,True,1600,1000,,True,True,strict_complete_cells,paper_protocol_strict_feasible_subset
usps,2776,58,1600,0.8,True,1600,1000,,True,True,strict_complete_cells,paper_protocol_strict_feasible_subset
usps,2777,59,1600,0.8,True,1600,1000,,True,True,strict_complete_cells,paper_protocol_strict_feasible_subset
usps,2778,60,1600,0.8,True,1600,1000,,True,True,strict_complete_cells,paper_protocol_strict_feasible_subset
usps,2779,61,1600,0.8,True,1600,1000,,True,True,strict_complete_cells,paper_protocol_strict_feasible_subset
usps,2780,62,1600,0.8,True,1600,1000,,True,True,strict_complete_cells,paper_protocol_strict_feasible_subset
usps,2781,63,1600,0.8,True,1600,1000,,True,True,strict_complete_cells,paper_protocol_strict_feasible_subset
usps,2782,64,1600,0.8,True,1600,1000,,True,True,strict_complete_cells,paper_protocol_strict_feasible_subset
usps,2783,65,1600,0.8,True,1600,1000,,True,True,strict_complete_cells,paper_protocol_strict_feasible_subset
usps,2784,66,1600,0.8,True,1600,1000,,True,True,strict_complete_cells,paper_protocol_strict_feasible_subset
usps,2785,67,1600,0.8,True,1600,1000,,True,True,strict_complete_cells,paper_protocol_strict_feasible_subset
usps,2786,68,1600,0.8,True,1600,1000,,True,True,strict_complete_cells,paper_protocol_strict_feasible_subset
usps,2787,69,1600,0.8,True,1600,1000,,True,True,strict_complete_cells,paper_protocol_strict_feasible_subset
usps,2788,70,1600,0.8,True,1600,1000,,True,True,strict_complete_cells,paper_protocol_strict_feasible_subset
usps,2789,71,1600,0.8,True,1600,1000,,True,True,strict_complete_cells,paper_protocol_strict_feasible_subset
usps,2790,72,1600,0.8,True,1600,1000,,True,True,strict_complete_cells,paper_protocol_strict_feasible_subset
usps,2791,73,1600,0.8,True,1600,1000,,True,True,strict_complete_cells,paper_protocol_strict_feasible_subset
usps,2792,74,1600,0.8,True,1600,1000,,True,True,strict_complete_cells,paper_protocol_strict_feasible_subset
usps,2793,75,1600,0.8,True,1600,1000,,True,True,strict_complete_cells,paper_protocol_strict_feasible_subset
usps,2794,76,1600,0.8,True,1600,1000,,True,True,strict_complete_cells,paper_protocol_strict_feasible_subset
usps,2795,77,1600,0.8,True,1600,1000,,True,True,strict_complete_cells,paper_protocol_strict_feasible_subset
usps,2796,78,1600,0.8,True,1600,1000,,True,True,strict_complete_cells,paper_protocol_strict_feasible_subset
usps,2797,79,1600,0.8,True,1600,1000,,True,True,strict_complete_cells,paper_protocol_strict_feasible_subset
usps,2798,80,1600,0.8,True,1600,1000,,True,True,strict_complete_cells,paper_protocol_strict_feasible_subset
usps,2799,81,1600,0.8,True,1600,1000,,True,True,strict_complete_cells,paper_protocol_strict_feasible_subset
usps,2800,82,1600,0.8,True,1600,1000,,True,True,strict_complete_cells,paper_protocol_strict_feasible_subset
usps,2801,83,1600,0.8,True,1600,1000,,True,True,strict_complete_cells,paper_protocol_strict_feasible_subset
usps,2802,84,1600,0.8,True,1600,1000,,True,True,strict_complete_cells,paper_protocol_strict_feasible_subset
usps,2803,85,1600,0.8,True,1600,1000,,True,True,strict_complete_cells,paper_protocol_strict_feasible_subset
usps,2804,86,1600,0.8,True,1600,1000,,True,True,strict_complete_cells,paper_protocol_strict_feasible_subset
usps,2805,87,1600,0.8,True,1600,1000,,True,True,strict_complete_cells,paper_protocol_strict_feasible_subset
usps,2806,88,1600,0.8,True,1600,1000,,True,True,strict_complete_cells,paper_protocol_strict_feasible_subset
usps,2807,89,1600,0.8,True,1600,1000,,True,True,strict_complete_cells,paper_protocol_strict_feasible_subset
usps,2808,90,1600,0.8,True,1600,1000,,True,True,strict_complete_cells,paper_protocol_strict_feasible_subset
usps,2809,91,1600,0.8,True,1600,1000,,True,True,strict_complete_cells,paper_protocol_strict_feasible_subset
usps,2810,92,1600,0.8,True,1600,1000,,True,True,strict_complete_cells,paper_protocol_strict_feasible_subset
usps,2811,93,1600,0.8,True,1600,1000,,True,True,strict_complete_cells,paper_protocol_strict_feasible_subset
usps,2812,94,1600,0.8,True,1600,1000,,True,True,strict_complete_cells,paper_protocol_strict_feasible_subset
usps,2813,95,1600,0.8,True,1600,1000,,True,True,strict_complete_cells,paper_protocol_strict_feasible_subset
usps,2814,96,1600,0.8,True,1600,1000,,True,True,strict_complete_cells,paper_protocol_strict_feasible_subset
usps,2815,97,1600,0.8,True,1600,1000,,True,True,strict_complete_cells,paper_protocol_strict_feasible_subset
usps,2816,98,1600,0.8,True,1600,1000,,True,True,strict_complete_cells,paper_protocol_strict_feasible_subset
usps,2817,99,1600,0.8,True,1600,1000,,True,True,strict_complete_cells,paper_protocol_strict_feasible_subset
usps,2818,0,3200,0.2,True,3200,1000,,True,True,strict_complete_cells,paper_protocol_strict_feasible_subset
usps,2819,1,3200,0.2,True,3200,1000,,True,True,strict_complete_cells,paper_protocol_strict_feasible_subset
usps,2820,2,3200,0.2,True,3200,1000,,True,True,strict_complete_cells,paper_protocol_strict_feasible_subset
usps,2821,3,3200,0.2,True,3200,1000,,True,True,strict_complete_cells,paper_protocol_strict_feasible_subset
usps,2822,4,3200,0.2,True,3200,1000,,True,True,strict_complete_cells,paper_protocol_strict_feasible_subset
usps,2823,5,3200,0.2,True,3200,1000,,True,True,strict_complete_cells,paper_protocol_strict_feasible_subset
usps,2824,6,3200,0.2,True,3200,1000,,True,True,strict_complete_cells,paper_protocol_strict_feasible_subset
usps,2825,7,3200,0.2,True,3200,1000,,True,True,strict_complete_cells,paper_protocol_strict_feasible_subset
usps,2826,8,3200,0.2,True,3200,1000,,True,True,strict_complete_cells,paper_protocol_strict_feasible_subset
usps,2827,9,3200,0.2,True,3200,1000,,True,True,strict_complete_cells,paper_protocol_strict_feasible_subset
usps,2828,10,3200,0.2,True,3200,1000,,True,True,strict_complete_cells,paper_protocol_strict_feasible_subset
usps,2829,11,3200,0.2,True,3200,1000,,True,True,strict_complete_cells,paper_protocol_strict_feasible_subset
usps,2830,12,3200,0.2,True,3200,1000,,True,True,strict_complete_cells,paper_protocol_strict_feasible_subset
usps,2831,13,3200,0.2,True,3200,1000,,True,True,strict_complete_cells,paper_protocol_strict_feasible_subset
usps,2832,14,3200,0.2,True,3200,1000,,True,True,strict_complete_cells,paper_protocol_strict_feasible_subset
usps,2833,15,3200,0.2,True,3200,1000,,True,True,strict_complete_cells,paper_protocol_strict_feasible_subset
usps,2834,16,3200,0.2,True,3200,1000,,True,True,strict_complete_cells,paper_protocol_strict_feasible_subset
usps,2835,17,3200,0.2,True,3200,1000,,True,True,strict_complete_cells,paper_protocol_strict_feasible_subset
usps,2836,18,3200,0.2,True,3200,1000,,True,True,strict_complete_cells,paper_protocol_strict_feasible_subset
usps,2837,19,3200,0.2,True,3200,1000,,True,True,strict_complete_cells,paper_protocol_strict_feasible_subset
usps,2838,20,3200,0.2,True,3200,1000,,True,True,strict_complete_cells,paper_protocol_strict_feasible_subset
usps,2839,21,3200,0.2,True,3200,1000,,True,True,strict_complete_cells,paper_protocol_strict_feasible_subset
usps,2840,22,3200,0.2,True,3200,1000,,True,True,strict_complete_cells,paper_protocol_strict_feasible_subset
usps,2841,23,3200,0.2,True,3200,1000,,True,True,strict_complete_cells,paper_protocol_strict_feasible_subset
usps,2842,24,3200,0.2,True,3200,1000,,True,True,strict_complete_cells,paper_protocol_strict_feasible_subset
usps,2843,25,3200,0.2,True,3200,1000,,True,True,strict_complete_cells,paper_protocol_strict_feasible_subset
usps,2844,26,3200,0.2,True,3200,1000,,True,True,strict_complete_cells,paper_protocol_strict_feasible_subset
usps,2845,27,3200,0.2,True,3200,1000,,True,True,strict_complete_cells,paper_protocol_strict_feasible_subset
usps,2846,28,3200,0.2,True,3200,1000,,True,True,strict_complete_cells,paper_protocol_strict_feasible_subset
usps,2847,29,3200,0.2,True,3200,1000,,True,True,strict_complete_cells,paper_protocol_strict_feasible_subset
usps,2848,30,3200,0.2,True,3200,1000,,True,True,strict_complete_cells,paper_protocol_strict_feasible_subset
usps,2849,31,3200,0.2,True,3200,1000,,True,True,strict_complete_cells,paper_protocol_strict_feasible_subset
usps,2850,32,3200,0.2,True,3200,1000,,True,True,strict_complete_cells,paper_protocol_strict_feasible_subset
usps,2851,33,3200,0.2,True,3200,1000,,True,True,strict_complete_cells,paper_protocol_strict_feasible_subset
usps,2852,34,3200,0.2,True,3200,1000,,True,True,strict_complete_cells,paper_protocol_strict_feasible_subset
usps,2853,35,3200,0.2,True,3200,1000,,True,True,strict_complete_cells,paper_protocol_strict_feasible_subset
usps,2854,36,3200,0.2,True,3200,1000,,True,True,strict_complete_cells,paper_protocol_strict_feasible_subset
usps,2855,37,3200,0.2,True,3200,1000,,True,True,strict_complete_cells,paper_protocol_strict_feasible_subset
usps,2856,38,3200,0.2,True,3200,1000,,True,True,strict_complete_cells,paper_protocol_strict_feasible_subset
usps,2857,39,3200,0.2,True,3200,1000,,True,True,strict_complete_cells,paper_protocol_strict_feasible_subset
usps,2858,40,3200,0.2,True,3200,1000,,True,True,strict_complete_cells,paper_protocol_strict_feasible_subset
usps,2859,41,3200,0.2,True,3200,1000,,True,True,strict_complete_cells,paper_protocol_strict_feasible_subset
usps,2860,42,3200,0.2,True,3200,1000,,True,True,strict_complete_cells,paper_protocol_strict_feasible_subset
usps,2861,43,3200,0.2,True,3200,1000,,True,True,strict_complete_cells,paper_protocol_strict_feasible_subset
usps,2862,44,3200,0.2,True,3200,1000,,True,True,strict_complete_cells,paper_protocol_strict_feasible_subset
usps,2863,45,3200,0.2,True,3200,1000,,True,True,strict_complete_cells,paper_protocol_strict_feasible_subset
usps,2864,46,3200,0.2,True,3200,1000,,True,True,strict_complete_cells,paper_protocol_strict_feasible_subset
usps,2865,47,3200,0.2,True,3200,1000,,True,True,strict_complete_cells,paper_protocol_strict_feasible_subset
usps,2866,48,3200,0.2,True,3200,1000,,True,True,strict_complete_cells,paper_protocol_strict_feasible_subset
usps,2867,49,3200,0.2,True,3200,1000,,True,True,strict_complete_cells,paper_protocol_strict_feasible_subset
usps,2868,50,3200,0.2,True,3200,1000,,True,True,strict_complete_cells,paper_protocol_strict_feasible_subset
usps,2869,51,3200,0.2,True,3200,1000,,True,True,strict_complete_cells,paper_protocol_strict_feasible_subset
usps,2870,52,3200,0.2,True,3200,1000,,True,True,strict_complete_cells,paper_protocol_strict_feasible_subset
usps,2871,53,3200,0.2,True,3200,1000,,True,True,strict_complete_cells,paper_protocol_strict_feasible_subset
usps,2872,54,3200,0.2,True,3200,1000,,True,True,strict_complete_cells,paper_protocol_strict_feasible_subset
usps,2873,55,3200,0.2,True,3200,1000,,True,True,strict_complete_cells,paper_protocol_strict_feasible_subset
usps,2874,56,3200,0.2,True,3200,1000,,True,True,strict_complete_cells,paper_protocol_strict_feasible_subset
usps,2875,57,3200,0.2,True,3200,1000,,True,True,strict_complete_cells,paper_protocol_strict_feasible_subset
usps,2876,58,3200,0.2,True,3200,1000,,True,True,strict_complete_cells,paper_protocol_strict_feasible_subset
usps,2877,59,3200,0.2,True,3200,1000,,True,True,strict_complete_cells,paper_protocol_strict_feasible_subset
usps,2878,60,3200,0.2,True,3200,1000,,True,True,strict_complete_cells,paper_protocol_strict_feasible_subset
usps,2879,61,3200,0.2,True,3200,1000,,True,True,strict_complete_cells,paper_protocol_strict_feasible_subset
usps,2880,62,3200,0.2,True,3200,1000,,True,True,strict_complete_cells,paper_protocol_strict_feasible_subset
usps,2881,63,3200,0.2,True,3200,1000,,True,True,strict_complete_cells,paper_protocol_strict_feasible_subset
usps,2882,64,3200,0.2,True,3200,1000,,True,True,strict_complete_cells,paper_protocol_strict_feasible_subset
usps,2883,65,3200,0.2,True,3200,1000,,True,True,strict_complete_cells,paper_protocol_strict_feasible_subset
usps,2884,66,3200,0.2,True,3200,1000,,True,True,strict_complete_cells,paper_protocol_strict_feasible_subset
usps,2885,67,3200,0.2,True,3200,1000,,True,True,strict_complete_cells,paper_protocol_strict_feasible_subset
usps,2886,68,3200,0.2,True,3200,1000,,True,True,strict_complete_cells,paper_protocol_strict_feasible_subset
usps,2887,69,3200,0.2,True,3200,1000,,True,True,strict_complete_cells,paper_protocol_strict_feasible_subset
usps,2888,70,3200,0.2,True,3200,1000,,True,True,strict_complete_cells,paper_protocol_strict_feasible_subset
usps,2889,71,3200,0.2,True,3200,1000,,True,True,strict_complete_cells,paper_protocol_strict_feasible_subset
usps,2890,72,3200,0.2,True,3200,1000,,True,True,strict_complete_cells,paper_protocol_strict_feasible_subset
usps,2891,73,3200,0.2,True,3200,1000,,True,True,strict_complete_cells,paper_protocol_strict_feasible_subset
usps,2892,74,3200,0.2,True,3200,1000,,True,True,strict_complete_cells,paper_protocol_strict_feasible_subset
usps,2893,75,3200,0.2,True,3200,1000,,True,True,strict_complete_cells,paper_protocol_strict_feasible_subset
usps,2894,76,3200,0.2,True,3200,1000,,True,True,strict_complete_cells,paper_protocol_strict_feasible_subset
usps,2895,77,3200,0.2,True,3200,1000,,True,True,strict_complete_cells,paper_protocol_strict_feasible_subset
usps,2896,78,3200,0.2,True,3200,1000,,True,True,strict_complete_cells,paper_protocol_strict_feasible_subset
usps,2897,79,3200,0.2,True,3200,1000,,True,True,strict_complete_cells,paper_protocol_strict_feasible_subset
usps,2898,80,3200,0.2,True,3200,1000,,True,True,strict_complete_cells,paper_protocol_strict_feasible_subset
usps,2899,81,3200,0.2,True,3200,1000,,True,True,strict_complete_cells,paper_protocol_strict_feasible_subset
usps,2900,82,3200,0.2,True,3200,1000,,True,True,strict_complete_cells,paper_protocol_strict_feasible_subset
usps,2901,83,3200,0.2,True,3200,1000,,True,True,strict_complete_cells,paper_protocol_strict_feasible_subset
usps,2902,84,3200,0.2,True,3200,1000,,True,True,strict_complete_cells,paper_protocol_strict_feasible_subset
usps,2903,85,3200,0.2,True,3200,1000,,True,True,strict_complete_cells,paper_protocol_strict_feasible_subset
usps,2904,86,3200,0.2,True,3200,1000,,True,True,strict_complete_cells,paper_protocol_strict_feasible_subset
usps,2905,87,3200,0.2,True,3200,1000,,True,True,strict_complete_cells,paper_protocol_strict_feasible_subset
usps,2906,88,3200,0.2,True,3200,1000,,True,True,strict_complete_cells,paper_protocol_strict_feasible_subset
usps,2907,89,3200,0.2,True,3200,1000,,True,True,strict_complete_cells,paper_protocol_strict_feasible_subset
usps,2908,90,3200,0.2,True,3200,1000,,True,True,strict_complete_cells,paper_protocol_strict_feasible_subset
usps,2909,91,3200,0.2,True,3200,1000,,True,True,strict_complete_cells,paper_protocol_strict_feasible_subset
usps,2910,92,3200,0.2,True,3200,1000,,True,True,strict_complete_cells,paper_protocol_strict_feasible_subset
usps,2911,93,3200,0.2,True,3200,1000,,True,True,strict_complete_cells,paper_protocol_strict_feasible_subset
usps,2912,94,3200,0.2,True,3200,1000,,True,True,strict_complete_cells,paper_protocol_strict_feasible_subset
usps,2913,95,3200,0.2,True,3200,1000,,True,True,strict_complete_cells,paper_protocol_strict_feasible_subset
usps,2914,96,3200,0.2,True,3200,1000,,True,True,strict_complete_cells,paper_protocol_strict_feasible_subset
usps,2915,97,3200,0.2,True,3200,1000,,True,True,strict_complete_cells,paper_protocol_strict_feasible_subset
usps,2916,98,3200,0.2,True,3200,1000,,True,True,strict_complete_cells,paper_protocol_strict_feasible_subset
usps,2917,99,3200,0.2,True,3200,1000,,True,True,strict_complete_cells,paper_protocol_strict_feasible_subset
usps,2918,0,3200,0.4,True,3200,1000,,True,True,strict_complete_cells,paper_protocol_strict_feasible_subset
usps,2919,1,3200,0.4,True,3200,1000,,True,True,strict_complete_cells,paper_protocol_strict_feasible_subset
usps,2920,2,3200,0.4,True,3200,1000,,True,True,strict_complete_cells,paper_protocol_strict_feasible_subset
usps,2921,3,3200,0.4,True,3200,1000,,True,True,strict_complete_cells,paper_protocol_strict_feasible_subset
usps,2922,4,3200,0.4,True,3200,1000,,True,True,strict_complete_cells,paper_protocol_strict_feasible_subset
usps,2923,5,3200,0.4,True,3200,1000,,True,True,strict_complete_cells,paper_protocol_strict_feasible_subset
usps,2924,6,3200,0.4,True,3200,1000,,True,True,strict_complete_cells,paper_protocol_strict_feasible_subset
usps,2925,7,3200,0.4,True,3200,1000,,True,True,strict_complete_cells,paper_protocol_strict_feasible_subset
usps,2926,8,3200,0.4,True,3200,1000,,True,True,strict_complete_cells,paper_protocol_strict_feasible_subset
usps,2927,9,3200,0.4,True,3200,1000,,True,True,strict_complete_cells,paper_protocol_strict_feasible_subset
usps,2928,10,3200,0.4,True,3200,1000,,True,True,strict_complete_cells,paper_protocol_strict_feasible_subset
usps,2929,11,3200,0.4,True,3200,1000,,True,True,strict_complete_cells,paper_protocol_strict_feasible_subset
usps,2930,12,3200,0.4,True,3200,1000,,True,True,strict_complete_cells,paper_protocol_strict_feasible_subset
usps,2931,13,3200,0.4,True,3200,1000,,True,True,strict_complete_cells,paper_protocol_strict_feasible_subset
usps,2932,14,3200,0.4,True,3200,1000,,True,True,strict_complete_cells,paper_protocol_strict_feasible_subset
usps,2933,15,3200,0.4,True,3200,1000,,True,True,strict_complete_cells,paper_protocol_strict_feasible_subset
usps,2934,16,3200,0.4,True,3200,1000,,True,True,strict_complete_cells,paper_protocol_strict_feasible_subset
usps,2935,17,3200,0.4,True,3200,1000,,True,True,strict_complete_cells,paper_protocol_strict_feasible_subset
usps,2936,18,3200,0.4,True,3200,1000,,True,True,strict_complete_cells,paper_protocol_strict_feasible_subset
usps,2937,19,3200,0.4,True,3200,1000,,True,True,strict_complete_cells,paper_protocol_strict_feasible_subset
usps,2938,20,3200,0.4,True,3200,1000,,True,True,strict_complete_cells,paper_protocol_strict_feasible_subset
usps,2939,21,3200,0.4,True,3200,1000,,True,True,strict_complete_cells,paper_protocol_strict_feasible_subset
usps,2940,22,3200,0.4,True,3200,1000,,True,True,strict_complete_cells,paper_protocol_strict_feasible_subset
usps,2941,23,3200,0.4,True,3200,1000,,True,True,strict_complete_cells,paper_protocol_strict_feasible_subset
usps,2942,24,3200,0.4,True,3200,1000,,True,True,strict_complete_cells,paper_protocol_strict_feasible_subset
usps,2943,25,3200,0.4,True,3200,1000,,True,True,strict_complete_cells,paper_protocol_strict_feasible_subset
usps,2944,26,3200,0.4,True,3200,1000,,True,True,strict_complete_cells,paper_protocol_strict_feasible_subset
usps,2945,27,3200,0.4,True,3200,1000,,True,True,strict_complete_cells,paper_protocol_strict_feasible_subset
usps,2946,28,3200,0.4,True,3200,1000,,True,True,strict_complete_cells,paper_protocol_strict_feasible_subset
usps,2947,29,3200,0.4,True,3200,1000,,True,True,strict_complete_cells,paper_protocol_strict_feasible_subset
usps,2948,30,3200,0.4,True,3200,1000,,True,True,strict_complete_cells,paper_protocol_strict_feasible_subset
usps,2949,31,3200,0.4,True,3200,1000,,True,True,strict_complete_cells,paper_protocol_strict_feasible_subset
usps,2950,32,3200,0.4,True,3200,1000,,True,True,strict_complete_cells,paper_protocol_strict_feasible_subset
usps,2951,33,3200,0.4,True,3200,1000,,True,True,strict_complete_cells,paper_protocol_strict_feasible_subset
usps,2952,34,3200,0.4,True,3200,1000,,True,True,strict_complete_cells,paper_protocol_strict_feasible_subset
usps,2953,35,3200,0.4,True,3200,1000,,True,True,strict_complete_cells,paper_protocol_strict_feasible_subset
usps,2954,36,3200,0.4,True,3200,1000,,True,True,strict_complete_cells,paper_protocol_strict_feasible_subset
usps,2955,37,3200,0.4,True,3200,1000,,True,True,strict_complete_cells,paper_protocol_strict_feasible_subset
usps,2956,38,3200,0.4,True,3200,1000,,True,True,strict_complete_cells,paper_protocol_strict_feasible_subset
usps,2957,39,3200,0.4,True,3200,1000,,True,True,strict_complete_cells,paper_protocol_strict_feasible_subset
usps,2958,40,3200,0.4,True,3200,1000,,True,True,strict_complete_cells,paper_protocol_strict_feasible_subset
usps,2959,41,3200,0.4,True,3200,1000,,True,True,strict_complete_cells,paper_protocol_strict_feasible_subset
usps,2960,42,3200,0.4,True,3200,1000,,True,True,strict_complete_cells,paper_protocol_strict_feasible_subset
usps,2961,43,3200,0.4,True,3200,1000,,True,True,strict_complete_cells,paper_protocol_strict_feasible_subset
usps,2962,44,3200,0.4,True,3200,1000,,True,True,strict_complete_cells,paper_protocol_strict_feasible_subset
usps,2963,45,3200,0.4,True,3200,1000,,True,True,strict_complete_cells,paper_protocol_strict_feasible_subset
usps,2964,46,3200,0.4,True,3200,1000,,True,True,strict_complete_cells,paper_protocol_strict_feasible_subset
usps,2965,47,3200,0.4,True,3200,1000,,True,True,strict_complete_cells,paper_protocol_strict_feasible_subset
usps,2966,48,3200,0.4,True,3200,1000,,True,True,strict_complete_cells,paper_protocol_strict_feasible_subset
usps,2967,49,3200,0.4,True,3200,1000,,True,True,strict_complete_cells,paper_protocol_strict_feasible_subset
usps,2968,50,3200,0.4,True,3200,1000,,True,True,strict_complete_cells,paper_protocol_strict_feasible_subset
usps,2969,51,3200,0.4,True,3200,1000,,True,True,strict_complete_cells,paper_protocol_strict_feasible_subset
usps,2970,52,3200,0.4,True,3200,1000,,True,True,strict_complete_cells,paper_protocol_strict_feasible_subset
usps,2971,53,3200,0.4,True,3200,1000,,True,True,strict_complete_cells,paper_protocol_strict_feasible_subset
usps,2972,54,3200,0.4,True,3200,1000,,True,True,strict_complete_cells,paper_protocol_strict_feasible_subset
usps,2973,55,3200,0.4,True,3200,1000,,True,True,strict_complete_cells,paper_protocol_strict_feasible_subset
usps,2974,56,3200,0.4,True,3200,1000,,True,True,strict_complete_cells,paper_protocol_strict_feasible_subset
usps,2975,57,3200,0.4,True,3200,1000,,True,True,strict_complete_cells,paper_protocol_strict_feasible_subset
usps,2976,58,3200,0.4,True,3200,1000,,True,True,strict_complete_cells,paper_protocol_strict_feasible_subset
usps,2977,59,3200,0.4,True,3200,1000,,True,True,strict_complete_cells,paper_protocol_strict_feasible_subset
usps,2978,60,3200,0.4,True,3200,1000,,True,True,strict_complete_cells,paper_protocol_strict_feasible_subset
usps,2979,61,3200,0.4,True,3200,1000,,True,True,strict_complete_cells,paper_protocol_strict_feasible_subset
usps,2980,62,3200,0.4,True,3200,1000,,True,True,strict_complete_cells,paper_protocol_strict_feasible_subset
usps,2981,63,3200,0.4,True,3200,1000,,True,True,strict_complete_cells,paper_protocol_strict_feasible_subset
usps,2982,64,3200,0.4,True,3200,1000,,True,True,strict_complete_cells,paper_protocol_strict_feasible_subset
usps,2983,65,3200,0.4,True,3200,1000,,True,True,strict_complete_cells,paper_protocol_strict_feasible_subset
usps,2984,66,3200,0.4,True,3200,1000,,True,True,strict_complete_cells,paper_protocol_strict_feasible_subset
usps,2985,67,3200,0.4,True,3200,1000,,True,True,strict_complete_cells,paper_protocol_strict_feasible_subset
usps,2986,68,3200,0.4,True,3200,1000,,True,True,strict_complete_cells,paper_protocol_strict_feasible_subset
usps,2987,69,3200,0.4,True,3200,1000,,True,True,strict_complete_cells,paper_protocol_strict_feasible_subset
usps,2988,70,3200,0.4,True,3200,1000,,True,True,strict_complete_cells,paper_protocol_strict_feasible_subset
usps,2989,71,3200,0.4,True,3200,1000,,True,True,strict_complete_cells,paper_protocol_strict_feasible_subset
usps,2990,72,3200,0.4,True,3200,1000,,True,True,strict_complete_cells,paper_protocol_strict_feasible_subset
usps,2991,73,3200,0.4,True,3200,1000,,True,True,strict_complete_cells,paper_protocol_strict_feasible_subset
usps,2992,74,3200,0.4,True,3200,1000,,True,True,strict_complete_cells,paper_protocol_strict_feasible_subset
usps,2993,75,3200,0.4,True,3200,1000,,True,True,strict_complete_cells,paper_protocol_strict_feasible_subset
usps,2994,76,3200,0.4,True,3200,1000,,True,True,strict_complete_cells,paper_protocol_strict_feasible_subset
usps,2995,77,3200,0.4,True,3200,1000,,True,True,strict_complete_cells,paper_protocol_strict_feasible_subset
usps,2996,78,3200,0.4,True,3200,1000,,True,True,strict_complete_cells,paper_protocol_strict_feasible_subset
usps,2997,79,3200,0.4,True,3200,1000,,True,True,strict_complete_cells,paper_protocol_strict_feasible_subset
usps,2998,80,3200,0.4,True,3200,1000,,True,True,strict_complete_cells,paper_protocol_strict_feasible_subset
usps,2999,81,3200,0.4,True,3200,1000,,True,True,strict_complete_cells,paper_protocol_strict_feasible_subset
usps,3000,82,3200,0.4,True,3200,1000,,True,True,strict_complete_cells,paper_protocol_strict_feasible_subset
usps,3001,83,3200,0.4,True,3200,1000,,True,True,strict_complete_cells,paper_protocol_strict_feasible_subset
usps,3002,84,3200,0.4,True,3200,1000,,True,True,strict_complete_cells,paper_protocol_strict_feasible_subset
usps,3003,85,3200,0.4,True,3200,1000,,True,True,strict_complete_cells,paper_protocol_strict_feasible_subset
usps,3004,86,3200,0.4,True,3200,1000,,True,True,strict_complete_cells,paper_protocol_strict_feasible_subset
usps,3005,87,3200,0.4,True,3200,1000,,True,True,strict_complete_cells,paper_protocol_strict_feasible_subset
usps,3006,88,3200,0.4,True,3200,1000,,True,True,strict_complete_cells,paper_protocol_strict_feasible_subset
usps,3007,89,3200,0.4,True,3200,1000,,True,True,strict_complete_cells,paper_protocol_strict_feasible_subset
usps,3008,90,3200,0.4,True,3200,1000,,True,True,strict_complete_cells,paper_protocol_strict_feasible_subset
usps,3009,91,3200,0.4,True,3200,1000,,True,True,strict_complete_cells,paper_protocol_strict_feasible_subset
usps,3010,92,3200,0.4,True,3200,1000,,True,True,strict_complete_cells,paper_protocol_strict_feasible_subset
usps,3011,93,3200,0.4,True,3200,1000,,True,True,strict_complete_cells,paper_protocol_strict_feasible_subset
usps,3012,94,3200,0.4,True,3200,1000,,True,True,strict_complete_cells,paper_protocol_strict_feasible_subset
usps,3013,95,3200,0.4,True,3200,1000,,True,True,strict_complete_cells,paper_protocol_strict_feasible_subset
usps,3014,96,3200,0.4,True,3200,1000,,True,True,strict_complete_cells,paper_protocol_strict_feasible_subset
usps,3015,97,3200,0.4,True,3200,1000,,True,True,strict_complete_cells,paper_protocol_strict_feasible_subset
usps,3016,98,3200,0.4,True,3200,1000,,True,True,strict_complete_cells,paper_protocol_strict_feasible_subset
usps,3017,99,3200,0.4,True,3200,1000,,True,True,strict_complete_cells,paper_protocol_strict_feasible_subset
usps,3018,0,3200,0.6,True,3200,1000,,True,True,strict_complete_cells,paper_protocol_strict_feasible_subset
usps,3019,1,3200,0.6,True,3200,1000,,True,True,strict_complete_cells,paper_protocol_strict_feasible_subset
usps,3020,2,3200,0.6,True,3200,1000,,True,True,strict_complete_cells,paper_protocol_strict_feasible_subset
usps,3021,3,3200,0.6,True,3200,1000,,True,True,strict_complete_cells,paper_protocol_strict_feasible_subset
usps,3022,4,3200,0.6,True,3200,1000,,True,True,strict_complete_cells,paper_protocol_strict_feasible_subset
usps,3023,5,3200,0.6,True,3200,1000,,True,True,strict_complete_cells,paper_protocol_strict_feasible_subset
usps,3024,6,3200,0.6,True,3200,1000,,True,True,strict_complete_cells,paper_protocol_strict_feasible_subset
usps,3025,7,3200,0.6,True,3200,1000,,True,True,strict_complete_cells,paper_protocol_strict_feasible_subset
usps,3026,8,3200,0.6,True,3200,1000,,True,True,strict_complete_cells,paper_protocol_strict_feasible_subset
usps,3027,9,3200,0.6,True,3200,1000,,True,True,strict_complete_cells,paper_protocol_strict_feasible_subset
usps,3028,10,3200,0.6,True,3200,1000,,True,True,strict_complete_cells,paper_protocol_strict_feasible_subset
usps,3029,11,3200,0.6,True,3200,1000,,True,True,strict_complete_cells,paper_protocol_strict_feasible_subset
usps,3030,12,3200,0.6,True,3200,1000,,True,True,strict_complete_cells,paper_protocol_strict_feasible_subset
usps,3031,13,3200,0.6,True,3200,1000,,True,True,strict_complete_cells,paper_protocol_strict_feasible_subset
usps,3032,14,3200,0.6,True,3200,1000,,True,True,strict_complete_cells,paper_protocol_strict_feasible_subset
usps,3033,15,3200,0.6,True,3200,1000,,True,True,strict_complete_cells,paper_protocol_strict_feasible_subset
usps,3034,16,3200,0.6,True,3200,1000,,True,True,strict_complete_cells,paper_protocol_strict_feasible_subset
usps,3035,17,3200,0.6,True,3200,1000,,True,True,strict_complete_cells,paper_protocol_strict_feasible_subset
usps,3036,18,3200,0.6,True,3200,1000,,True,True,strict_complete_cells,paper_protocol_strict_feasible_subset
usps,3037,19,3200,0.6,True,3200,1000,,True,True,strict_complete_cells,paper_protocol_strict_feasible_subset
usps,3038,20,3200,0.6,True,3200,1000,,True,True,strict_complete_cells,paper_protocol_strict_feasible_subset
usps,3039,21,3200,0.6,True,3200,1000,,True,True,strict_complete_cells,paper_protocol_strict_feasible_subset
usps,3040,22,3200,0.6,True,3200,1000,,True,True,strict_complete_cells,paper_protocol_strict_feasible_subset
usps,3041,23,3200,0.6,True,3200,1000,,True,True,strict_complete_cells,paper_protocol_strict_feasible_subset
usps,3042,24,3200,0.6,True,3200,1000,,True,True,strict_complete_cells,paper_protocol_strict_feasible_subset
usps,3043,25,3200,0.6,True,3200,1000,,True,True,strict_complete_cells,paper_protocol_strict_feasible_subset
usps,3044,26,3200,0.6,True,3200,1000,,True,True,strict_complete_cells,paper_protocol_strict_feasible_subset
usps,3045,27,3200,0.6,True,3200,1000,,True,True,strict_complete_cells,paper_protocol_strict_feasible_subset
usps,3046,28,3200,0.6,True,3200,1000,,True,True,strict_complete_cells,paper_protocol_strict_feasible_subset
usps,3047,29,3200,0.6,True,3200,1000,,True,True,strict_complete_cells,paper_protocol_strict_feasible_subset
usps,3048,30,3200,0.6,True,3200,1000,,True,True,strict_complete_cells,paper_protocol_strict_feasible_subset
usps,3049,31,3200,0.6,True,3200,1000,,True,True,strict_complete_cells,paper_protocol_strict_feasible_subset
usps,3050,32,3200,0.6,True,3200,1000,,True,True,strict_complete_cells,paper_protocol_strict_feasible_subset
usps,3051,33,3200,0.6,True,3200,1000,,True,True,strict_complete_cells,paper_protocol_strict_feasible_subset
usps,3052,34,3200,0.6,True,3200,1000,,True,True,strict_complete_cells,paper_protocol_strict_feasible_subset
usps,3053,35,3200,0.6,True,3200,1000,,True,True,strict_complete_cells,paper_protocol_strict_feasible_subset
usps,3054,36,3200,0.6,True,3200,1000,,True,True,strict_complete_cells,paper_protocol_strict_feasible_subset
usps,3055,37,3200,0.6,True,3200,1000,,True,True,strict_complete_cells,paper_protocol_strict_feasible_subset
usps,3056,38,3200,0.6,True,3200,1000,,True,True,strict_complete_cells,paper_protocol_strict_feasible_subset
usps,3057,39,3200,0.6,True,3200,1000,,True,True,strict_complete_cells,paper_protocol_strict_feasible_subset
usps,3058,40,3200,0.6,True,3200,1000,,True,True,strict_complete_cells,paper_protocol_strict_feasible_subset
usps,3059,41,3200,0.6,True,3200,1000,,True,True,strict_complete_cells,paper_protocol_strict_feasible_subset
usps,3060,42,3200,0.6,True,3200,1000,,True,True,strict_complete_cells,paper_protocol_strict_feasible_subset
usps,3061,43,3200,0.6,True,3200,1000,,True,True,strict_complete_cells,paper_protocol_strict_feasible_subset
usps,3062,44,3200,0.6,True,3200,1000,,True,True,strict_complete_cells,paper_protocol_strict_feasible_subset
usps,3063,45,3200,0.6,True,3200,1000,,True,True,strict_complete_cells,paper_protocol_strict_feasible_subset
usps,3064,46,3200,0.6,True,3200,1000,,True,True,strict_complete_cells,paper_protocol_strict_feasible_subset
usps,3065,47,3200,0.6,True,3200,1000,,True,True,strict_complete_cells,paper_protocol_strict_feasible_subset
usps,3066,48,3200,0.6,True,3200,1000,,True,True,strict_complete_cells,paper_protocol_strict_feasible_subset
usps,3067,49,3200,0.6,True,3200,1000,,True,True,strict_complete_cells,paper_protocol_strict_feasible_subset
usps,3068,50,3200,0.6,True,3200,1000,,True,True,strict_complete_cells,paper_protocol_strict_feasible_subset
usps,3069,51,3200,0.6,True,3200,1000,,True,True,strict_complete_cells,paper_protocol_strict_feasible_subset
usps,3070,52,3200,0.6,True,3200,1000,,True,True,strict_complete_cells,paper_protocol_strict_feasible_subset
usps,3071,53,3200,0.6,True,3200,1000,,True,True,strict_complete_cells,paper_protocol_strict_feasible_subset
usps,3072,54,3200,0.6,True,3200,1000,,True,True,strict_complete_cells,paper_protocol_strict_feasible_subset
usps,3073,55,3200,0.6,True,3200,1000,,True,True,strict_complete_cells,paper_protocol_strict_feasible_subset
usps,3074,56,3200,0.6,True,3200,1000,,True,True,strict_complete_cells,paper_protocol_strict_feasible_subset
usps,3075,57,3200,0.6,True,3200,1000,,True,True,strict_complete_cells,paper_protocol_strict_feasible_subset
usps,3076,58,3200,0.6,True,3200,1000,,True,True,strict_complete_cells,paper_protocol_strict_feasible_subset
usps,3077,59,3200,0.6,True,3200,1000,,True,True,strict_complete_cells,paper_protocol_strict_feasible_subset
usps,3078,60,3200,0.6,True,3200,1000,,True,True,strict_complete_cells,paper_protocol_strict_feasible_subset
usps,3079,61,3200,0.6,True,3200,1000,,True,True,strict_complete_cells,paper_protocol_strict_feasible_subset
usps,3080,62,3200,0.6,True,3200,1000,,True,True,strict_complete_cells,paper_protocol_strict_feasible_subset
usps,3081,63,3200,0.6,True,3200,1000,,True,True,strict_complete_cells,paper_protocol_strict_feasible_subset
usps,3082,64,3200,0.6,True,3200,1000,,True,True,strict_complete_cells,paper_protocol_strict_feasible_subset
usps,3083,65,3200,0.6,True,3200,1000,,True,True,strict_complete_cells,paper_protocol_strict_feasible_subset
usps,3084,66,3200,0.6,True,3200,1000,,True,True,strict_complete_cells,paper_protocol_strict_feasible_subset
usps,3085,67,3200,0.6,True,3200,1000,,True,True,strict_complete_cells,paper_protocol_strict_feasible_subset
usps,3086,68,3200,0.6,True,3200,1000,,True,True,strict_complete_cells,paper_protocol_strict_feasible_subset
usps,3087,69,3200,0.6,True,3200,1000,,True,True,strict_complete_cells,paper_protocol_strict_feasible_subset
usps,3088,70,3200,0.6,True,3200,1000,,True,True,strict_complete_cells,paper_protocol_strict_feasible_subset
usps,3089,71,3200,0.6,True,3200,1000,,True,True,strict_complete_cells,paper_protocol_strict_feasible_subset
usps,3090,72,3200,0.6,True,3200,1000,,True,True,strict_complete_cells,paper_protocol_strict_feasible_subset
usps,3091,73,3200,0.6,True,3200,1000,,True,True,strict_complete_cells,paper_protocol_strict_feasible_subset
usps,3092,74,3200,0.6,True,3200,1000,,True,True,strict_complete_cells,paper_protocol_strict_feasible_subset
usps,3093,75,3200,0.6,True,3200,1000,,True,True,strict_complete_cells,paper_protocol_strict_feasible_subset
usps,3094,76,3200,0.6,True,3200,1000,,True,True,strict_complete_cells,paper_protocol_strict_feasible_subset
usps,3095,77,3200,0.6,True,3200,1000,,True,True,strict_complete_cells,paper_protocol_strict_feasible_subset
usps,3096,78,3200,0.6,True,3200,1000,,True,True,strict_complete_cells,paper_protocol_strict_feasible_subset
usps,3097,79,3200,0.6,True,3200,1000,,True,True,strict_complete_cells,paper_protocol_strict_feasible_subset
usps,3098,80,3200,0.6,True,3200,1000,,True,True,strict_complete_cells,paper_protocol_strict_feasible_subset
usps,3099,81,3200,0.6,True,3200,1000,,True,True,strict_complete_cells,paper_protocol_strict_feasible_subset
usps,3100,82,3200,0.6,True,3200,1000,,True,True,strict_complete_cells,paper_protocol_strict_feasible_subset
usps,3101,83,3200,0.6,True,3200,1000,,True,True,strict_complete_cells,paper_protocol_strict_feasible_subset
usps,3102,84,3200,0.6,True,3200,1000,,True,True,strict_complete_cells,paper_protocol_strict_feasible_subset
usps,3103,85,3200,0.6,True,3200,1000,,True,True,strict_complete_cells,paper_protocol_strict_feasible_subset
usps,3104,86,3200,0.6,True,3200,1000,,True,True,strict_complete_cells,paper_protocol_strict_feasible_subset
usps,3105,87,3200,0.6,True,3200,1000,,True,True,strict_complete_cells,paper_protocol_strict_feasible_subset
usps,3106,88,3200,0.6,True,3200,1000,,True,True,strict_complete_cells,paper_protocol_strict_feasible_subset
usps,3107,89,3200,0.6,True,3200,1000,,True,True,strict_complete_cells,paper_protocol_strict_feasible_subset
usps,3108,90,3200,0.6,True,3200,1000,,True,True,strict_complete_cells,paper_protocol_strict_feasible_subset
usps,3109,91,3200,0.6,True,3200,1000,,True,True,strict_complete_cells,paper_protocol_strict_feasible_subset
usps,3110,92,3200,0.6,True,3200,1000,,True,True,strict_complete_cells,paper_protocol_strict_feasible_subset
usps,3111,93,3200,0.6,True,3200,1000,,True,True,strict_complete_cells,paper_protocol_strict_feasible_subset
usps,3112,94,3200,0.6,True,3200,1000,,True,True,strict_complete_cells,paper_protocol_strict_feasible_subset
usps,3113,95,3200,0.6,True,3200,1000,,True,True,strict_complete_cells,paper_protocol_strict_feasible_subset
usps,3114,96,3200,0.6,True,3200,1000,,True,True,strict_complete_cells,paper_protocol_strict_feasible_subset
usps,3115,97,3200,0.6,True,3200,1000,,True,True,strict_complete_cells,paper_protocol_strict_feasible_subset
usps,3116,98,3200,0.6,True,3200,1000,,True,True,strict_complete_cells,paper_protocol_strict_feasible_subset
usps,3117,99,3200,0.6,True,3200,1000,,True,True,strict_complete_cells,paper_protocol_strict_feasible_subset
usps,3118,0,3200,0.8,True,3200,1000,,True,True,strict_complete_cells,paper_protocol_strict_feasible_subset
usps,3119,1,3200,0.8,True,3200,1000,,True,True,strict_complete_cells,paper_protocol_strict_feasible_subset
usps,3120,2,3200,0.8,True,3200,1000,,True,True,strict_complete_cells,paper_protocol_strict_feasible_subset
usps,3121,3,3200,0.8,True,3200,1000,,True,True,strict_complete_cells,paper_protocol_strict_feasible_subset
usps,3122,4,3200,0.8,True,3200,1000,,True,True,strict_complete_cells,paper_protocol_strict_feasible_subset
usps,3123,5,3200,0.8,True,3200,1000,,True,True,strict_complete_cells,paper_protocol_strict_feasible_subset
usps,3124,6,3200,0.8,True,3200,1000,,True,True,strict_complete_cells,paper_protocol_strict_feasible_subset
usps,3125,7,3200,0.8,True,3200,1000,,True,True,strict_complete_cells,paper_protocol_strict_feasible_subset
usps,3126,8,3200,0.8,True,3200,1000,,True,True,strict_complete_cells,paper_protocol_strict_feasible_subset
usps,3127,9,3200,0.8,True,3200,1000,,True,True,strict_complete_cells,paper_protocol_strict_feasible_subset
usps,3128,10,3200,0.8,True,3200,1000,,True,True,strict_complete_cells,paper_protocol_strict_feasible_subset
usps,3129,11,3200,0.8,True,3200,1000,,True,True,strict_complete_cells,paper_protocol_strict_feasible_subset
usps,3130,12,3200,0.8,True,3200,1000,,True,True,strict_complete_cells,paper_protocol_strict_feasible_subset
usps,3131,13,3200,0.8,True,3200,1000,,True,True,strict_complete_cells,paper_protocol_strict_feasible_subset
usps,3132,14,3200,0.8,True,3200,1000,,True,True,strict_complete_cells,paper_protocol_strict_feasible_subset
usps,3133,15,3200,0.8,True,3200,1000,,True,True,strict_complete_cells,paper_protocol_strict_feasible_subset
usps,3134,16,3200,0.8,True,3200,1000,,True,True,strict_complete_cells,paper_protocol_strict_feasible_subset
usps,3135,17,3200,0.8,True,3200,1000,,True,True,strict_complete_cells,paper_protocol_strict_feasible_subset
usps,3136,18,3200,0.8,True,3200,1000,,True,True,strict_complete_cells,paper_protocol_strict_feasible_subset
usps,3137,19,3200,0.8,True,3200,1000,,True,True,strict_complete_cells,paper_protocol_strict_feasible_subset
usps,3138,20,3200,0.8,True,3200,1000,,True,True,strict_complete_cells,paper_protocol_strict_feasible_subset
usps,3139,21,3200,0.8,True,3200,1000,,True,True,strict_complete_cells,paper_protocol_strict_feasible_subset
usps,3140,22,3200,0.8,True,3200,1000,,True,True,strict_complete_cells,paper_protocol_strict_feasible_subset
usps,3141,23,3200,0.8,True,3200,1000,,True,True,strict_complete_cells,paper_protocol_strict_feasible_subset
usps,3142,24,3200,0.8,True,3200,1000,,True,True,strict_complete_cells,paper_protocol_strict_feasible_subset
usps,3143,25,3200,0.8,True,3200,1000,,True,True,strict_complete_cells,paper_protocol_strict_feasible_subset
usps,3144,26,3200,0.8,True,3200,1000,,True,True,strict_complete_cells,paper_protocol_strict_feasible_subset
usps,3145,27,3200,0.8,True,3200,1000,,True,True,strict_complete_cells,paper_protocol_strict_feasible_subset
usps,3146,28,3200,0.8,True,3200,1000,,True,True,strict_complete_cells,paper_protocol_strict_feasible_subset
usps,3147,29,3200,0.8,True,3200,1000,,True,True,strict_complete_cells,paper_protocol_strict_feasible_subset
usps,3148,30,3200,0.8,True,3200,1000,,True,True,strict_complete_cells,paper_protocol_strict_feasible_subset
usps,3149,31,3200,0.8,True,3200,1000,,True,True,strict_complete_cells,paper_protocol_strict_feasible_subset
usps,3150,32,3200,0.8,True,3200,1000,,True,True,strict_complete_cells,paper_protocol_strict_feasible_subset
usps,3151,33,3200,0.8,True,3200,1000,,True,True,strict_complete_cells,paper_protocol_strict_feasible_subset
usps,3152,34,3200,0.8,True,3200,1000,,True,True,strict_complete_cells,paper_protocol_strict_feasible_subset
usps,3153,35,3200,0.8,True,3200,1000,,True,True,strict_complete_cells,paper_protocol_strict_feasible_subset
usps,3154,36,3200,0.8,True,3200,1000,,True,True,strict_complete_cells,paper_protocol_strict_feasible_subset
usps,3155,37,3200,0.8,True,3200,1000,,True,True,strict_complete_cells,paper_protocol_strict_feasible_subset
usps,3156,38,3200,0.8,True,3200,1000,,True,True,strict_complete_cells,paper_protocol_strict_feasible_subset
usps,3157,39,3200,0.8,True,3200,1000,,True,True,strict_complete_cells,paper_protocol_strict_feasible_subset
usps,3158,40,3200,0.8,True,3200,1000,,True,True,strict_complete_cells,paper_protocol_strict_feasible_subset
usps,3159,41,3200,0.8,True,3200,1000,,True,True,strict_complete_cells,paper_protocol_strict_feasible_subset
usps,3160,42,3200,0.8,True,3200,1000,,True,True,strict_complete_cells,paper_protocol_strict_feasible_subset
usps,3161,43,3200,0.8,True,3200,1000,,True,True,strict_complete_cells,paper_protocol_strict_feasible_subset
usps,3162,44,3200,0.8,True,3200,1000,,True,True,strict_complete_cells,paper_protocol_strict_feasible_subset
usps,3163,45,3200,0.8,True,3200,1000,,True,True,strict_complete_cells,paper_protocol_strict_feasible_subset
usps,3164,46,3200,0.8,True,3200,1000,,True,True,strict_complete_cells,paper_protocol_strict_feasible_subset
usps,3165,47,3200,0.8,True,3200,1000,,True,True,strict_complete_cells,paper_protocol_strict_feasible_subset
usps,3166,48,3200,0.8,True,3200,1000,,True,True,strict_complete_cells,paper_protocol_strict_feasible_subset
usps,3167,49,3200,0.8,True,3200,1000,,True,True,strict_complete_cells,paper_protocol_strict_feasible_subset
usps,3168,50,3200,0.8,True,3200,1000,,True,True,strict_complete_cells,paper_protocol_strict_feasible_subset
usps,3169,51,3200,0.8,True,3200,1000,,True,True,strict_complete_cells,paper_protocol_strict_feasible_subset
usps,3170,52,3200,0.8,True,3200,1000,,True,True,strict_complete_cells,paper_protocol_strict_feasible_subset
usps,3171,53,3200,0.8,True,3200,1000,,True,True,strict_complete_cells,paper_protocol_strict_feasible_subset
usps,3172,54,3200,0.8,True,3200,1000,,True,True,strict_complete_cells,paper_protocol_strict_feasible_subset
usps,3173,55,3200,0.8,True,3200,1000,,True,True,strict_complete_cells,paper_protocol_strict_feasible_subset
usps,3174,56,3200,0.8,True,3200,1000,,True,True,strict_complete_cells,paper_protocol_strict_feasible_subset
usps,3175,57,3200,0.8,True,3200,1000,,True,True,strict_complete_cells,paper_protocol_strict_feasible_subset
usps,3176,58,3200,0.8,True,3200,1000,,True,True,strict_complete_cells,paper_protocol_strict_feasible_subset
usps,3177,59,3200,0.8,True,3200,1000,,True,True,strict_complete_cells,paper_protocol_strict_feasible_subset
usps,3178,60,3200,0.8,True,3200,1000,,True,True,strict_complete_cells,paper_protocol_strict_feasible_subset
usps,3179,61,3200,0.8,True,3200,1000,,True,True,strict_complete_cells,paper_protocol_strict_feasible_subset
usps,3180,62,3200,0.8,True,3200,1000,,True,True,strict_complete_cells,paper_protocol_strict_feasible_subset
usps,3181,63,3200,0.8,True,3200,1000,,True,True,strict_complete_cells,paper_protocol_strict_feasible_subset
usps,3182,64,3200,0.8,True,3200,1000,,True,True,strict_complete_cells,paper_protocol_strict_feasible_subset
usps,3183,65,3200,0.8,True,3200,1000,,True,True,strict_complete_cells,paper_protocol_strict_feasible_subset
usps,3184,66,3200,0.8,True,3200,1000,,True,True,strict_complete_cells,paper_protocol_strict_feasible_subset
usps,3185,67,3200,0.8,True,3200,1000,,True,True,strict_complete_cells,paper_protocol_strict_feasible_subset
usps,3186,68,3200,0.8,True,3200,1000,,True,True,strict_complete_cells,paper_protocol_strict_feasible_subset
usps,3187,69,3200,0.8,True,3200,1000,,True,True,strict_complete_cells,paper_protocol_strict_feasible_subset
usps,3188,70,3200,0.8,True,3200,1000,,True,True,strict_complete_cells,paper_protocol_strict_feasible_subset
usps,3189,71,3200,0.8,True,3200,1000,,True,True,strict_complete_cells,paper_protocol_strict_feasible_subset
usps,3190,72,3200,0.8,True,3200,1000,,True,True,strict_complete_cells,paper_protocol_strict_feasible_subset
usps,3191,73,3200,0.8,True,3200,1000,,True,True,strict_complete_cells,paper_protocol_strict_feasible_subset
usps,3192,74,3200,0.8,True,3200,1000,,True,True,strict_complete_cells,paper_protocol_strict_feasible_subset
usps,3193,75,3200,0.8,True,3200,1000,,True,True,strict_complete_cells,paper_protocol_strict_feasible_subset
usps,3194,76,3200,0.8,True,3200,1000,,True,True,strict_complete_cells,paper_protocol_strict_feasible_subset
usps,3195,77,3200,0.8,True,3200,1000,,True,True,strict_complete_cells,paper_protocol_strict_feasible_subset
usps,3196,78,3200,0.8,True,3200,1000,,True,True,strict_complete_cells,paper_protocol_strict_feasible_subset
usps,3197,79,3200,0.8,True,3200,1000,,True,True,strict_complete_cells,paper_protocol_strict_feasible_subset
usps,3198,80,3200,0.8,True,3200,1000,,True,True,strict_complete_cells,paper_protocol_strict_feasible_subset
usps,3199,81,3200,0.8,True,3200,1000,,True,True,strict_complete_cells,paper_protocol_strict_feasible_subset
usps,3200,82,3200,0.8,True,3200,1000,,True,True,strict_complete_cells,paper_protocol_strict_feasible_subset
usps,3201,83,3200,0.8,True,3200,1000,,True,True,strict_complete_cells,paper_protocol_strict_feasible_subset
usps,3202,84,3200,0.8,True,3200,1000,,True,True,strict_complete_cells,paper_protocol_strict_feasible_subset
usps,3203,85,3200,0.8,True,3200,1000,,True,True,strict_complete_cells,paper_protocol_strict_feasible_subset
usps,3204,86,3200,0.8,True,3200,1000,,True,True,strict_complete_cells,paper_protocol_strict_feasible_subset
usps,3205,87,3200,0.8,True,3200,1000,,True,True,strict_complete_cells,paper_protocol_strict_feasible_subset
usps,3206,88,3200,0.8,True,3200,1000,,True,True,strict_complete_cells,paper_protocol_strict_feasible_subset
usps,3207,89,3200,0.8,True,3200,1000,,True,True,strict_complete_cells,paper_protocol_strict_feasible_subset
usps,3208,90,3200,0.8,True,3200,1000,,True,True,strict_complete_cells,paper_protocol_strict_feasible_subset
usps,3209,91,3200,0.8,True,3200,1000,,True,True,strict_complete_cells,paper_protocol_strict_feasible_subset
usps,3210,92,3200,0.8,True,3200,1000,,True,True,strict_complete_cells,paper_protocol_strict_feasible_subset
usps,3211,93,3200,0.8,True,3200,1000,,True,True,strict_complete_cells,paper_protocol_strict_feasible_subset
usps,3212,94,3200,0.8,True,3200,1000,,True,True,strict_complete_cells,paper_protocol_strict_feasible_subset
usps,3213,95,3200,0.8,True,3200,1000,,True,True,strict_complete_cells,paper_protocol_strict_feasible_subset
usps,3214,96,3200,0.8,True,3200,1000,,True,True,strict_complete_cells,paper_protocol_strict_feasible_subset
usps,3215,97,3200,0.8,True,3200,1000,,True,True,strict_complete_cells,paper_protocol_strict_feasible_subset
usps,3216,98,3200,0.8,True,3200,1000,,True,True,strict_complete_cells,paper_protocol_strict_feasible_subset
usps,3217,99,3200,0.8,True,3200,1000,,True,True,strict_complete_cells,paper_protocol_strict_feasible_subset
connect-4,2018,0,800,0.2,True,800,1000,,True,True,strict_complete_cells,paper_protocol_strict_feasible_subset
connect-4,2019,1,800,0.2,True,800,1000,,True,True,strict_complete_cells,paper_protocol_strict_feasible_subset
connect-4,2020,2,800,0.2,True,800,1000,,True,True,strict_complete_cells,paper_protocol_strict_feasible_subset
connect-4,2021,3,800,0.2,True,800,1000,,True,True,strict_complete_cells,paper_protocol_strict_feasible_subset
connect-4,2022,4,800,0.2,True,800,1000,,True,True,strict_complete_cells,paper_protocol_strict_feasible_subset
connect-4,2023,5,800,0.2,True,800,1000,,True,True,strict_complete_cells,paper_protocol_strict_feasible_subset
connect-4,2024,6,800,0.2,True,800,1000,,True,True,strict_complete_cells,paper_protocol_strict_feasible_subset
connect-4,2025,7,800,0.2,True,800,1000,,True,True,strict_complete_cells,paper_protocol_strict_feasible_subset
connect-4,2026,8,800,0.2,True,800,1000,,True,True,strict_complete_cells,paper_protocol_strict_feasible_subset
connect-4,2027,9,800,0.2,True,800,1000,,True,True,strict_complete_cells,paper_protocol_strict_feasible_subset
connect-4,2028,10,800,0.2,True,800,1000,,True,True,strict_complete_cells,paper_protocol_strict_feasible_subset
connect-4,2029,11,800,0.2,True,800,1000,,True,True,strict_complete_cells,paper_protocol_strict_feasible_subset
connect-4,2030,12,800,0.2,True,800,1000,,True,True,strict_complete_cells,paper_protocol_strict_feasible_subset
connect-4,2031,13,800,0.2,True,800,1000,,True,True,strict_complete_cells,paper_protocol_strict_feasible_subset
connect-4,2032,14,800,0.2,True,800,1000,,True,True,strict_complete_cells,paper_protocol_strict_feasible_subset
connect-4,2033,15,800,0.2,True,800,1000,,True,True,strict_complete_cells,paper_protocol_strict_feasible_subset
connect-4,2034,16,800,0.2,True,800,1000,,True,True,strict_complete_cells,paper_protocol_strict_feasible_subset
connect-4,2035,17,800,0.2,True,800,1000,,True,True,strict_complete_cells,paper_protocol_strict_feasible_subset
connect-4,2036,18,800,0.2,True,800,1000,,True,True,strict_complete_cells,paper_protocol_strict_feasible_subset
connect-4,2037,19,800,0.2,True,800,1000,,True,True,strict_complete_cells,paper_protocol_strict_feasible_subset
connect-4,2038,20,800,0.2,True,800,1000,,True,True,strict_complete_cells,paper_protocol_strict_feasible_subset
connect-4,2039,21,800,0.2,True,800,1000,,True,True,strict_complete_cells,paper_protocol_strict_feasible_subset
connect-4,2040,22,800,0.2,True,800,1000,,True,True,strict_complete_cells,paper_protocol_strict_feasible_subset
connect-4,2041,23,800,0.2,True,800,1000,,True,True,strict_complete_cells,paper_protocol_strict_feasible_subset
connect-4,2042,24,800,0.2,True,800,1000,,True,True,strict_complete_cells,paper_protocol_strict_feasible_subset
connect-4,2043,25,800,0.2,True,800,1000,,True,True,strict_complete_cells,paper_protocol_strict_feasible_subset
connect-4,2044,26,800,0.2,True,800,1000,,True,True,strict_complete_cells,paper_protocol_strict_feasible_subset
connect-4,2045,27,800,0.2,True,800,1000,,True,True,strict_complete_cells,paper_protocol_strict_feasible_subset
connect-4,2046,28,800,0.2,True,800,1000,,True,True,strict_complete_cells,paper_protocol_strict_feasible_subset
connect-4,2047,29,800,0.2,True,800,1000,,True,True,strict_complete_cells,paper_protocol_strict_feasible_subset
connect-4,2048,30,800,0.2,True,800,1000,,True,True,strict_complete_cells,paper_protocol_strict_feasible_subset
connect-4,2049,31,800,0.2,True,800,1000,,True,True,strict_complete_cells,paper_protocol_strict_feasible_subset
connect-4,2050,32,800,0.2,True,800,1000,,True,True,strict_complete_cells,paper_protocol_strict_feasible_subset
connect-4,2051,33,800,0.2,True,800,1000,,True,True,strict_complete_cells,paper_protocol_strict_feasible_subset
connect-4,2052,34,800,0.2,True,800,1000,,True,True,strict_complete_cells,paper_protocol_strict_feasible_subset
connect-4,2053,35,800,0.2,True,800,1000,,True,True,strict_complete_cells,paper_protocol_strict_feasible_subset
connect-4,2054,36,800,0.2,True,800,1000,,True,True,strict_complete_cells,paper_protocol_strict_feasible_subset
connect-4,2055,37,800,0.2,True,800,1000,,True,True,strict_complete_cells,paper_protocol_strict_feasible_subset
connect-4,2056,38,800,0.2,True,800,1000,,True,True,strict_complete_cells,paper_protocol_strict_feasible_subset
connect-4,2057,39,800,0.2,True,800,1000,,True,True,strict_complete_cells,paper_protocol_strict_feasible_subset
connect-4,2058,40,800,0.2,True,800,1000,,True,True,strict_complete_cells,paper_protocol_strict_feasible_subset
connect-4,2059,41,800,0.2,True,800,1000,,True,True,strict_complete_cells,paper_protocol_strict_feasible_subset
connect-4,2060,42,800,0.2,True,800,1000,,True,True,strict_complete_cells,paper_protocol_strict_feasible_subset
connect-4,2061,43,800,0.2,True,800,1000,,True,True,strict_complete_cells,paper_protocol_strict_feasible_subset
connect-4,2062,44,800,0.2,True,800,1000,,True,True,strict_complete_cells,paper_protocol_strict_feasible_subset
connect-4,2063,45,800,0.2,True,800,1000,,True,True,strict_complete_cells,paper_protocol_strict_feasible_subset
connect-4,2064,46,800,0.2,True,800,1000,,True,True,strict_complete_cells,paper_protocol_strict_feasible_subset
connect-4,2065,47,800,0.2,True,800,1000,,True,True,strict_complete_cells,paper_protocol_strict_feasible_subset
connect-4,2066,48,800,0.2,True,800,1000,,True,True,strict_complete_cells,paper_protocol_strict_feasible_subset
connect-4,2067,49,800,0.2,True,800,1000,,True,True,strict_complete_cells,paper_protocol_strict_feasible_subset
connect-4,2068,50,800,0.2,True,800,1000,,True,True,strict_complete_cells,paper_protocol_strict_feasible_subset
connect-4,2069,51,800,0.2,True,800,1000,,True,True,strict_complete_cells,paper_protocol_strict_feasible_subset
connect-4,2070,52,800,0.2,True,800,1000,,True,True,strict_complete_cells,paper_protocol_strict_feasible_subset
connect-4,2071,53,800,0.2,True,800,1000,,True,True,strict_complete_cells,paper_protocol_strict_feasible_subset
connect-4,2072,54,800,0.2,True,800,1000,,True,True,strict_complete_cells,paper_protocol_strict_feasible_subset
connect-4,2073,55,800,0.2,True,800,1000,,True,True,strict_complete_cells,paper_protocol_strict_feasible_subset
connect-4,2074,56,800,0.2,True,800,1000,,True,True,strict_complete_cells,paper_protocol_strict_feasible_subset
connect-4,2075,57,800,0.2,True,800,1000,,True,True,strict_complete_cells,paper_protocol_strict_feasible_subset
connect-4,2076,58,800,0.2,True,800,1000,,True,True,strict_complete_cells,paper_protocol_strict_feasible_subset
connect-4,2077,59,800,0.2,True,800,1000,,True,True,strict_complete_cells,paper_protocol_strict_feasible_subset
connect-4,2078,60,800,0.2,True,800,1000,,True,True,strict_complete_cells,paper_protocol_strict_feasible_subset
connect-4,2079,61,800,0.2,True,800,1000,,True,True,strict_complete_cells,paper_protocol_strict_feasible_subset
connect-4,2080,62,800,0.2,True,800,1000,,True,True,strict_complete_cells,paper_protocol_strict_feasible_subset
connect-4,2081,63,800,0.2,True,800,1000,,True,True,strict_complete_cells,paper_protocol_strict_feasible_subset
connect-4,2082,64,800,0.2,True,800,1000,,True,True,strict_complete_cells,paper_protocol_strict_feasible_subset
connect-4,2083,65,800,0.2,True,800,1000,,True,True,strict_complete_cells,paper_protocol_strict_feasible_subset
connect-4,2084,66,800,0.2,True,800,1000,,True,True,strict_complete_cells,paper_protocol_strict_feasible_subset
connect-4,2085,67,800,0.2,True,800,1000,,True,True,strict_complete_cells,paper_protocol_strict_feasible_subset
connect-4,2086,68,800,0.2,True,800,1000,,True,True,strict_complete_cells,paper_protocol_strict_feasible_subset
connect-4,2087,69,800,0.2,True,800,1000,,True,True,strict_complete_cells,paper_protocol_strict_feasible_subset
connect-4,2088,70,800,0.2,True,800,1000,,True,True,strict_complete_cells,paper_protocol_strict_feasible_subset
connect-4,2089,71,800,0.2,True,800,1000,,True,True,strict_complete_cells,paper_protocol_strict_feasible_subset
connect-4,2090,72,800,0.2,True,800,1000,,True,True,strict_complete_cells,paper_protocol_strict_feasible_subset
connect-4,2091,73,800,0.2,True,800,1000,,True,True,strict_complete_cells,paper_protocol_strict_feasible_subset
connect-4,2092,74,800,0.2,True,800,1000,,True,True,strict_complete_cells,paper_protocol_strict_feasible_subset
connect-4,2093,75,800,0.2,True,800,1000,,True,True,strict_complete_cells,paper_protocol_strict_feasible_subset
connect-4,2094,76,800,0.2,True,800,1000,,True,True,strict_complete_cells,paper_protocol_strict_feasible_subset
connect-4,2095,77,800,0.2,True,800,1000,,True,True,strict_complete_cells,paper_protocol_strict_feasible_subset
connect-4,2096,78,800,0.2,True,800,1000,,True,True,strict_complete_cells,paper_protocol_strict_feasible_subset
connect-4,2097,79,800,0.2,True,800,1000,,True,True,strict_complete_cells,paper_protocol_strict_feasible_subset
connect-4,2098,80,800,0.2,True,800,1000,,True,True,strict_complete_cells,paper_protocol_strict_feasible_subset
connect-4,2099,81,800,0.2,True,800,1000,,True,True,strict_complete_cells,paper_protocol_strict_feasible_subset
connect-4,2100,82,800,0.2,True,800,1000,,True,True,strict_complete_cells,paper_protocol_strict_feasible_subset
connect-4,2101,83,800,0.2,True,800,1000,,True,True,strict_complete_cells,paper_protocol_strict_feasible_subset
connect-4,2102,84,800,0.2,True,800,1000,,True,True,strict_complete_cells,paper_protocol_strict_feasible_subset
connect-4,2103,85,800,0.2,True,800,1000,,True,True,strict_complete_cells,paper_protocol_strict_feasible_subset
connect-4,2104,86,800,0.2,True,800,1000,,True,True,strict_complete_cells,paper_protocol_strict_feasible_subset
connect-4,2105,87,800,0.2,True,800,1000,,True,True,strict_complete_cells,paper_protocol_strict_feasible_subset
connect-4,2106,88,800,0.2,True,800,1000,,True,True,strict_complete_cells,paper_protocol_strict_feasible_subset
connect-4,2107,89,800,0.2,True,800,1000,,True,True,strict_complete_cells,paper_protocol_strict_feasible_subset
connect-4,2108,90,800,0.2,True,800,1000,,True,True,strict_complete_cells,paper_protocol_strict_feasible_subset
connect-4,2109,91,800,0.2,True,800,1000,,True,True,strict_complete_cells,paper_protocol_strict_feasible_subset
connect-4,2110,92,800,0.2,True,800,1000,,True,True,strict_complete_cells,paper_protocol_strict_feasible_subset
connect-4,2111,93,800,0.2,True,800,1000,,True,True,strict_complete_cells,paper_protocol_strict_feasible_subset
connect-4,2112,94,800,0.2,True,800,1000,,True,True,strict_complete_cells,paper_protocol_strict_feasible_subset
connect-4,2113,95,800,0.2,True,800,1000,,True,True,strict_complete_cells,paper_protocol_strict_feasible_subset
connect-4,2114,96,800,0.2,True,800,1000,,True,True,strict_complete_cells,paper_protocol_strict_feasible_subset
connect-4,2115,97,800,0.2,True,800,1000,,True,True,strict_complete_cells,paper_protocol_strict_feasible_subset
connect-4,2116,98,800,0.2,True,800,1000,,True,True,strict_complete_cells,paper_protocol_strict_feasible_subset
connect-4,2117,99,800,0.2,True,800,1000,,True,True,strict_complete_cells,paper_protocol_strict_feasible_subset
connect-4,2118,0,800,0.4,True,800,1000,,True,True,strict_complete_cells,paper_protocol_strict_feasible_subset
connect-4,2119,1,800,0.4,True,800,1000,,True,True,strict_complete_cells,paper_protocol_strict_feasible_subset
connect-4,2120,2,800,0.4,True,800,1000,,True,True,strict_complete_cells,paper_protocol_strict_feasible_subset
connect-4,2121,3,800,0.4,True,800,1000,,True,True,strict_complete_cells,paper_protocol_strict_feasible_subset
connect-4,2122,4,800,0.4,True,800,1000,,True,True,strict_complete_cells,paper_protocol_strict_feasible_subset
connect-4,2123,5,800,0.4,True,800,1000,,True,True,strict_complete_cells,paper_protocol_strict_feasible_subset
connect-4,2124,6,800,0.4,True,800,1000,,True,True,strict_complete_cells,paper_protocol_strict_feasible_subset
connect-4,2125,7,800,0.4,True,800,1000,,True,True,strict_complete_cells,paper_protocol_strict_feasible_subset
connect-4,2126,8,800,0.4,True,800,1000,,True,True,strict_complete_cells,paper_protocol_strict_feasible_subset
connect-4,2127,9,800,0.4,True,800,1000,,True,True,strict_complete_cells,paper_protocol_strict_feasible_subset
connect-4,2128,10,800,0.4,True,800,1000,,True,True,strict_complete_cells,paper_protocol_strict_feasible_subset
connect-4,2129,11,800,0.4,True,800,1000,,True,True,strict_complete_cells,paper_protocol_strict_feasible_subset
connect-4,2130,12,800,0.4,True,800,1000,,True,True,strict_complete_cells,paper_protocol_strict_feasible_subset
connect-4,2131,13,800,0.4,True,800,1000,,True,True,strict_complete_cells,paper_protocol_strict_feasible_subset
connect-4,2132,14,800,0.4,True,800,1000,,True,True,strict_complete_cells,paper_protocol_strict_feasible_subset
connect-4,2133,15,800,0.4,True,800,1000,,True,True,strict_complete_cells,paper_protocol_strict_feasible_subset
connect-4,2134,16,800,0.4,True,800,1000,,True,True,strict_complete_cells,paper_protocol_strict_feasible_subset
connect-4,2135,17,800,0.4,True,800,1000,,True,True,strict_complete_cells,paper_protocol_strict_feasible_subset
connect-4,2136,18,800,0.4,True,800,1000,,True,True,strict_complete_cells,paper_protocol_strict_feasible_subset
connect-4,2137,19,800,0.4,True,800,1000,,True,True,strict_complete_cells,paper_protocol_strict_feasible_subset
connect-4,2138,20,800,0.4,True,800,1000,,True,True,strict_complete_cells,paper_protocol_strict_feasible_subset
connect-4,2139,21,800,0.4,True,800,1000,,True,True,strict_complete_cells,paper_protocol_strict_feasible_subset
connect-4,2140,22,800,0.4,True,800,1000,,True,True,strict_complete_cells,paper_protocol_strict_feasible_subset
connect-4,2141,23,800,0.4,True,800,1000,,True,True,strict_complete_cells,paper_protocol_strict_feasible_subset
connect-4,2142,24,800,0.4,True,800,1000,,True,True,strict_complete_cells,paper_protocol_strict_feasible_subset
connect-4,2143,25,800,0.4,True,800,1000,,True,True,strict_complete_cells,paper_protocol_strict_feasible_subset
connect-4,2144,26,800,0.4,True,800,1000,,True,True,strict_complete_cells,paper_protocol_strict_feasible_subset
connect-4,2145,27,800,0.4,True,800,1000,,True,True,strict_complete_cells,paper_protocol_strict_feasible_subset
connect-4,2146,28,800,0.4,True,800,1000,,True,True,strict_complete_cells,paper_protocol_strict_feasible_subset
connect-4,2147,29,800,0.4,True,800,1000,,True,True,strict_complete_cells,paper_protocol_strict_feasible_subset
connect-4,2148,30,800,0.4,True,800,1000,,True,True,strict_complete_cells,paper_protocol_strict_feasible_subset
connect-4,2149,31,800,0.4,True,800,1000,,True,True,strict_complete_cells,paper_protocol_strict_feasible_subset
connect-4,2150,32,800,0.4,True,800,1000,,True,True,strict_complete_cells,paper_protocol_strict_feasible_subset
connect-4,2151,33,800,0.4,True,800,1000,,True,True,strict_complete_cells,paper_protocol_strict_feasible_subset
connect-4,2152,34,800,0.4,True,800,1000,,True,True,strict_complete_cells,paper_protocol_strict_feasible_subset
connect-4,2153,35,800,0.4,True,800,1000,,True,True,strict_complete_cells,paper_protocol_strict_feasible_subset
connect-4,2154,36,800,0.4,True,800,1000,,True,True,strict_complete_cells,paper_protocol_strict_feasible_subset
connect-4,2155,37,800,0.4,True,800,1000,,True,True,strict_complete_cells,paper_protocol_strict_feasible_subset
connect-4,2156,38,800,0.4,True,800,1000,,True,True,strict_complete_cells,paper_protocol_strict_feasible_subset
connect-4,2157,39,800,0.4,True,800,1000,,True,True,strict_complete_cells,paper_protocol_strict_feasible_subset
connect-4,2158,40,800,0.4,True,800,1000,,True,True,strict_complete_cells,paper_protocol_strict_feasible_subset
connect-4,2159,41,800,0.4,True,800,1000,,True,True,strict_complete_cells,paper_protocol_strict_feasible_subset
connect-4,2160,42,800,0.4,True,800,1000,,True,True,strict_complete_cells,paper_protocol_strict_feasible_subset
connect-4,2161,43,800,0.4,True,800,1000,,True,True,strict_complete_cells,paper_protocol_strict_feasible_subset
connect-4,2162,44,800,0.4,True,800,1000,,True,True,strict_complete_cells,paper_protocol_strict_feasible_subset
connect-4,2163,45,800,0.4,True,800,1000,,True,True,strict_complete_cells,paper_protocol_strict_feasible_subset
connect-4,2164,46,800,0.4,True,800,1000,,True,True,strict_complete_cells,paper_protocol_strict_feasible_subset
connect-4,2165,47,800,0.4,True,800,1000,,True,True,strict_complete_cells,paper_protocol_strict_feasible_subset
connect-4,2166,48,800,0.4,True,800,1000,,True,True,strict_complete_cells,paper_protocol_strict_feasible_subset
connect-4,2167,49,800,0.4,True,800,1000,,True,True,strict_complete_cells,paper_protocol_strict_feasible_subset
connect-4,2168,50,800,0.4,True,800,1000,,True,True,strict_complete_cells,paper_protocol_strict_feasible_subset
connect-4,2169,51,800,0.4,True,800,1000,,True,True,strict_complete_cells,paper_protocol_strict_feasible_subset
connect-4,2170,52,800,0.4,True,800,1000,,True,True,strict_complete_cells,paper_protocol_strict_feasible_subset
connect-4,2171,53,800,0.4,True,800,1000,,True,True,strict_complete_cells,paper_protocol_strict_feasible_subset
connect-4,2172,54,800,0.4,True,800,1000,,True,True,strict_complete_cells,paper_protocol_strict_feasible_subset
connect-4,2173,55,800,0.4,True,800,1000,,True,True,strict_complete_cells,paper_protocol_strict_feasible_subset
connect-4,2174,56,800,0.4,True,800,1000,,True,True,strict_complete_cells,paper_protocol_strict_feasible_subset
connect-4,2175,57,800,0.4,True,800,1000,,True,True,strict_complete_cells,paper_protocol_strict_feasible_subset
connect-4,2176,58,800,0.4,True,800,1000,,True,True,strict_complete_cells,paper_protocol_strict_feasible_subset
connect-4,2177,59,800,0.4,True,800,1000,,True,True,strict_complete_cells,paper_protocol_strict_feasible_subset
connect-4,2178,60,800,0.4,True,800,1000,,True,True,strict_complete_cells,paper_protocol_strict_feasible_subset
connect-4,2179,61,800,0.4,True,800,1000,,True,True,strict_complete_cells,paper_protocol_strict_feasible_subset
connect-4,2180,62,800,0.4,True,800,1000,,True,True,strict_complete_cells,paper_protocol_strict_feasible_subset
connect-4,2181,63,800,0.4,True,800,1000,,True,True,strict_complete_cells,paper_protocol_strict_feasible_subset
connect-4,2182,64,800,0.4,True,800,1000,,True,True,strict_complete_cells,paper_protocol_strict_feasible_subset
connect-4,2183,65,800,0.4,True,800,1000,,True,True,strict_complete_cells,paper_protocol_strict_feasible_subset
connect-4,2184,66,800,0.4,True,800,1000,,True,True,strict_complete_cells,paper_protocol_strict_feasible_subset
connect-4,2185,67,800,0.4,True,800,1000,,True,True,strict_complete_cells,paper_protocol_strict_feasible_subset
connect-4,2186,68,800,0.4,True,800,1000,,True,True,strict_complete_cells,paper_protocol_strict_feasible_subset
connect-4,2187,69,800,0.4,True,800,1000,,True,True,strict_complete_cells,paper_protocol_strict_feasible_subset
connect-4,2188,70,800,0.4,True,800,1000,,True,True,strict_complete_cells,paper_protocol_strict_feasible_subset
connect-4,2189,71,800,0.4,True,800,1000,,True,True,strict_complete_cells,paper_protocol_strict_feasible_subset
connect-4,2190,72,800,0.4,True,800,1000,,True,True,strict_complete_cells,paper_protocol_strict_feasible_subset
connect-4,2191,73,800,0.4,True,800,1000,,True,True,strict_complete_cells,paper_protocol_strict_feasible_subset
connect-4,2192,74,800,0.4,True,800,1000,,True,True,strict_complete_cells,paper_protocol_strict_feasible_subset
connect-4,2193,75,800,0.4,True,800,1000,,True,True,strict_complete_cells,paper_protocol_strict_feasible_subset
connect-4,2194,76,800,0.4,True,800,1000,,True,True,strict_complete_cells,paper_protocol_strict_feasible_subset
connect-4,2195,77,800,0.4,True,800,1000,,True,True,strict_complete_cells,paper_protocol_strict_feasible_subset
connect-4,2196,78,800,0.4,True,800,1000,,True,True,strict_complete_cells,paper_protocol_strict_feasible_subset
connect-4,2197,79,800,0.4,True,800,1000,,True,True,strict_complete_cells,paper_protocol_strict_feasible_subset
connect-4,2198,80,800,0.4,True,800,1000,,True,True,strict_complete_cells,paper_protocol_strict_feasible_subset
connect-4,2199,81,800,0.4,True,800,1000,,True,True,strict_complete_cells,paper_protocol_strict_feasible_subset
connect-4,2200,82,800,0.4,True,800,1000,,True,True,strict_complete_cells,paper_protocol_strict_feasible_subset
connect-4,2201,83,800,0.4,True,800,1000,,True,True,strict_complete_cells,paper_protocol_strict_feasible_subset
connect-4,2202,84,800,0.4,True,800,1000,,True,True,strict_complete_cells,paper_protocol_strict_feasible_subset
connect-4,2203,85,800,0.4,True,800,1000,,True,True,strict_complete_cells,paper_protocol_strict_feasible_subset
connect-4,2204,86,800,0.4,True,800,1000,,True,True,strict_complete_cells,paper_protocol_strict_feasible_subset
connect-4,2205,87,800,0.4,True,800,1000,,True,True,strict_complete_cells,paper_protocol_strict_feasible_subset
connect-4,2206,88,800,0.4,True,800,1000,,True,True,strict_complete_cells,paper_protocol_strict_feasible_subset
connect-4,2207,89,800,0.4,True,800,1000,,True,True,strict_complete_cells,paper_protocol_strict_feasible_subset
connect-4,2208,90,800,0.4,True,800,1000,,True,True,strict_complete_cells,paper_protocol_strict_feasible_subset
connect-4,2209,91,800,0.4,True,800,1000,,True,True,strict_complete_cells,paper_protocol_strict_feasible_subset
connect-4,2210,92,800,0.4,True,800,1000,,True,True,strict_complete_cells,paper_protocol_strict_feasible_subset
connect-4,2211,93,800,0.4,True,800,1000,,True,True,strict_complete_cells,paper_protocol_strict_feasible_subset
connect-4,2212,94,800,0.4,True,800,1000,,True,True,strict_complete_cells,paper_protocol_strict_feasible_subset
connect-4,2213,95,800,0.4,True,800,1000,,True,True,strict_complete_cells,paper_protocol_strict_feasible_subset
connect-4,2214,96,800,0.4,True,800,1000,,True,True,strict_complete_cells,paper_protocol_strict_feasible_subset
connect-4,2215,97,800,0.4,True,800,1000,,True,True,strict_complete_cells,paper_protocol_strict_feasible_subset
connect-4,2216,98,800,0.4,True,800,1000,,True,True,strict_complete_cells,paper_protocol_strict_feasible_subset
connect-4,2217,99,800,0.4,True,800,1000,,True,True,strict_complete_cells,paper_protocol_strict_feasible_subset
connect-4,2218,0,800,0.6,True,800,1000,,True,True,strict_complete_cells,paper_protocol_strict_feasible_subset
connect-4,2219,1,800,0.6,True,800,1000,,True,True,strict_complete_cells,paper_protocol_strict_feasible_subset
connect-4,2220,2,800,0.6,True,800,1000,,True,True,strict_complete_cells,paper_protocol_strict_feasible_subset
connect-4,2221,3,800,0.6,True,800,1000,,True,True,strict_complete_cells,paper_protocol_strict_feasible_subset
connect-4,2222,4,800,0.6,True,800,1000,,True,True,strict_complete_cells,paper_protocol_strict_feasible_subset
connect-4,2223,5,800,0.6,True,800,1000,,True,True,strict_complete_cells,paper_protocol_strict_feasible_subset
connect-4,2224,6,800,0.6,True,800,1000,,True,True,strict_complete_cells,paper_protocol_strict_feasible_subset
connect-4,2225,7,800,0.6,True,800,1000,,True,True,strict_complete_cells,paper_protocol_strict_feasible_subset
connect-4,2226,8,800,0.6,True,800,1000,,True,True,strict_complete_cells,paper_protocol_strict_feasible_subset
connect-4,2227,9,800,0.6,True,800,1000,,True,True,strict_complete_cells,paper_protocol_strict_feasible_subset
connect-4,2228,10,800,0.6,True,800,1000,,True,True,strict_complete_cells,paper_protocol_strict_feasible_subset
connect-4,2229,11,800,0.6,True,800,1000,,True,True,strict_complete_cells,paper_protocol_strict_feasible_subset
connect-4,2230,12,800,0.6,True,800,1000,,True,True,strict_complete_cells,paper_protocol_strict_feasible_subset
connect-4,2231,13,800,0.6,True,800,1000,,True,True,strict_complete_cells,paper_protocol_strict_feasible_subset
connect-4,2232,14,800,0.6,True,800,1000,,True,True,strict_complete_cells,paper_protocol_strict_feasible_subset
connect-4,2233,15,800,0.6,True,800,1000,,True,True,strict_complete_cells,paper_protocol_strict_feasible_subset
connect-4,2234,16,800,0.6,True,800,1000,,True,True,strict_complete_cells,paper_protocol_strict_feasible_subset
connect-4,2235,17,800,0.6,True,800,1000,,True,True,strict_complete_cells,paper_protocol_strict_feasible_subset
connect-4,2236,18,800,0.6,True,800,1000,,True,True,strict_complete_cells,paper_protocol_strict_feasible_subset
connect-4,2237,19,800,0.6,True,800,1000,,True,True,strict_complete_cells,paper_protocol_strict_feasible_subset
connect-4,2238,20,800,0.6,True,800,1000,,True,True,strict_complete_cells,paper_protocol_strict_feasible_subset
connect-4,2239,21,800,0.6,True,800,1000,,True,True,strict_complete_cells,paper_protocol_strict_feasible_subset
connect-4,2240,22,800,0.6,True,800,1000,,True,True,strict_complete_cells,paper_protocol_strict_feasible_subset
connect-4,2241,23,800,0.6,True,800,1000,,True,True,strict_complete_cells,paper_protocol_strict_feasible_subset
connect-4,2242,24,800,0.6,True,800,1000,,True,True,strict_complete_cells,paper_protocol_strict_feasible_subset
connect-4,2243,25,800,0.6,True,800,1000,,True,True,strict_complete_cells,paper_protocol_strict_feasible_subset
connect-4,2244,26,800,0.6,True,800,1000,,True,True,strict_complete_cells,paper_protocol_strict_feasible_subset
connect-4,2245,27,800,0.6,True,800,1000,,True,True,strict_complete_cells,paper_protocol_strict_feasible_subset
connect-4,2246,28,800,0.6,True,800,1000,,True,True,strict_complete_cells,paper_protocol_strict_feasible_subset
connect-4,2247,29,800,0.6,True,800,1000,,True,True,strict_complete_cells,paper_protocol_strict_feasible_subset
connect-4,2248,30,800,0.6,True,800,1000,,True,True,strict_complete_cells,paper_protocol_strict_feasible_subset
connect-4,2249,31,800,0.6,True,800,1000,,True,True,strict_complete_cells,paper_protocol_strict_feasible_subset
connect-4,2250,32,800,0.6,True,800,1000,,True,True,strict_complete_cells,paper_protocol_strict_feasible_subset
connect-4,2251,33,800,0.6,True,800,1000,,True,True,strict_complete_cells,paper_protocol_strict_feasible_subset
connect-4,2252,34,800,0.6,True,800,1000,,True,True,strict_complete_cells,paper_protocol_strict_feasible_subset
connect-4,2253,35,800,0.6,True,800,1000,,True,True,strict_complete_cells,paper_protocol_strict_feasible_subset
connect-4,2254,36,800,0.6,True,800,1000,,True,True,strict_complete_cells,paper_protocol_strict_feasible_subset
connect-4,2255,37,800,0.6,True,800,1000,,True,True,strict_complete_cells,paper_protocol_strict_feasible_subset
connect-4,2256,38,800,0.6,True,800,1000,,True,True,strict_complete_cells,paper_protocol_strict_feasible_subset
connect-4,2257,39,800,0.6,True,800,1000,,True,True,strict_complete_cells,paper_protocol_strict_feasible_subset
connect-4,2258,40,800,0.6,True,800,1000,,True,True,strict_complete_cells,paper_protocol_strict_feasible_subset
connect-4,2259,41,800,0.6,True,800,1000,,True,True,strict_complete_cells,paper_protocol_strict_feasible_subset
connect-4,2260,42,800,0.6,True,800,1000,,True,True,strict_complete_cells,paper_protocol_strict_feasible_subset
connect-4,2261,43,800,0.6,True,800,1000,,True,True,strict_complete_cells,paper_protocol_strict_feasible_subset
connect-4,2262,44,800,0.6,True,800,1000,,True,True,strict_complete_cells,paper_protocol_strict_feasible_subset
connect-4,2263,45,800,0.6,True,800,1000,,True,True,strict_complete_cells,paper_protocol_strict_feasible_subset
connect-4,2264,46,800,0.6,True,800,1000,,True,True,strict_complete_cells,paper_protocol_strict_feasible_subset
connect-4,2265,47,800,0.6,True,800,1000,,True,True,strict_complete_cells,paper_protocol_strict_feasible_subset
connect-4,2266,48,800,0.6,True,800,1000,,True,True,strict_complete_cells,paper_protocol_strict_feasible_subset
connect-4,2267,49,800,0.6,True,800,1000,,True,True,strict_complete_cells,paper_protocol_strict_feasible_subset
connect-4,2268,50,800,0.6,True,800,1000,,True,True,strict_complete_cells,paper_protocol_strict_feasible_subset
connect-4,2269,51,800,0.6,True,800,1000,,True,True,strict_complete_cells,paper_protocol_strict_feasible_subset
connect-4,2270,52,800,0.6,True,800,1000,,True,True,strict_complete_cells,paper_protocol_strict_feasible_subset
connect-4,2271,53,800,0.6,True,800,1000,,True,True,strict_complete_cells,paper_protocol_strict_feasible_subset
connect-4,2272,54,800,0.6,True,800,1000,,True,True,strict_complete_cells,paper_protocol_strict_feasible_subset
connect-4,2273,55,800,0.6,True,800,1000,,True,True,strict_complete_cells,paper_protocol_strict_feasible_subset
connect-4,2274,56,800,0.6,True,800,1000,,True,True,strict_complete_cells,paper_protocol_strict_feasible_subset
connect-4,2275,57,800,0.6,True,800,1000,,True,True,strict_complete_cells,paper_protocol_strict_feasible_subset
connect-4,2276,58,800,0.6,True,800,1000,,True,True,strict_complete_cells,paper_protocol_strict_feasible_subset
connect-4,2277,59,800,0.6,True,800,1000,,True,True,strict_complete_cells,paper_protocol_strict_feasible_subset
connect-4,2278,60,800,0.6,True,800,1000,,True,True,strict_complete_cells,paper_protocol_strict_feasible_subset
connect-4,2279,61,800,0.6,True,800,1000,,True,True,strict_complete_cells,paper_protocol_strict_feasible_subset
connect-4,2280,62,800,0.6,True,800,1000,,True,True,strict_complete_cells,paper_protocol_strict_feasible_subset
connect-4,2281,63,800,0.6,True,800,1000,,True,True,strict_complete_cells,paper_protocol_strict_feasible_subset
connect-4,2282,64,800,0.6,True,800,1000,,True,True,strict_complete_cells,paper_protocol_strict_feasible_subset
connect-4,2283,65,800,0.6,True,800,1000,,True,True,strict_complete_cells,paper_protocol_strict_feasible_subset
connect-4,2284,66,800,0.6,True,800,1000,,True,True,strict_complete_cells,paper_protocol_strict_feasible_subset
connect-4,2285,67,800,0.6,True,800,1000,,True,True,strict_complete_cells,paper_protocol_strict_feasible_subset
connect-4,2286,68,800,0.6,True,800,1000,,True,True,strict_complete_cells,paper_protocol_strict_feasible_subset
connect-4,2287,69,800,0.6,True,800,1000,,True,True,strict_complete_cells,paper_protocol_strict_feasible_subset
connect-4,2288,70,800,0.6,True,800,1000,,True,True,strict_complete_cells,paper_protocol_strict_feasible_subset
connect-4,2289,71,800,0.6,True,800,1000,,True,True,strict_complete_cells,paper_protocol_strict_feasible_subset
connect-4,2290,72,800,0.6,True,800,1000,,True,True,strict_complete_cells,paper_protocol_strict_feasible_subset
connect-4,2291,73,800,0.6,True,800,1000,,True,True,strict_complete_cells,paper_protocol_strict_feasible_subset
connect-4,2292,74,800,0.6,True,800,1000,,True,True,strict_complete_cells,paper_protocol_strict_feasible_subset
connect-4,2293,75,800,0.6,True,800,1000,,True,True,strict_complete_cells,paper_protocol_strict_feasible_subset
connect-4,2294,76,800,0.6,True,800,1000,,True,True,strict_complete_cells,paper_protocol_strict_feasible_subset
connect-4,2295,77,800,0.6,True,800,1000,,True,True,strict_complete_cells,paper_protocol_strict_feasible_subset
connect-4,2296,78,800,0.6,True,800,1000,,True,True,strict_complete_cells,paper_protocol_strict_feasible_subset
connect-4,2297,79,800,0.6,True,800,1000,,True,True,strict_complete_cells,paper_protocol_strict_feasible_subset
connect-4,2298,80,800,0.6,True,800,1000,,True,True,strict_complete_cells,paper_protocol_strict_feasible_subset
connect-4,2299,81,800,0.6,True,800,1000,,True,True,strict_complete_cells,paper_protocol_strict_feasible_subset
connect-4,2300,82,800,0.6,True,800,1000,,True,True,strict_complete_cells,paper_protocol_strict_feasible_subset
connect-4,2301,83,800,0.6,True,800,1000,,True,True,strict_complete_cells,paper_protocol_strict_feasible_subset
connect-4,2302,84,800,0.6,True,800,1000,,True,True,strict_complete_cells,paper_protocol_strict_feasible_subset
connect-4,2303,85,800,0.6,True,800,1000,,True,True,strict_complete_cells,paper_protocol_strict_feasible_subset
connect-4,2304,86,800,0.6,True,800,1000,,True,True,strict_complete_cells,paper_protocol_strict_feasible_subset
connect-4,2305,87,800,0.6,True,800,1000,,True,True,strict_complete_cells,paper_protocol_strict_feasible_subset
connect-4,2306,88,800,0.6,True,800,1000,,True,True,strict_complete_cells,paper_protocol_strict_feasible_subset
connect-4,2307,89,800,0.6,True,800,1000,,True,True,strict_complete_cells,paper_protocol_strict_feasible_subset
connect-4,2308,90,800,0.6,True,800,1000,,True,True,strict_complete_cells,paper_protocol_strict_feasible_subset
connect-4,2309,91,800,0.6,True,800,1000,,True,True,strict_complete_cells,paper_protocol_strict_feasible_subset
connect-4,2310,92,800,0.6,True,800,1000,,True,True,strict_complete_cells,paper_protocol_strict_feasible_subset
connect-4,2311,93,800,0.6,True,800,1000,,True,True,strict_complete_cells,paper_protocol_strict_feasible_subset
connect-4,2312,94,800,0.6,True,800,1000,,True,True,strict_complete_cells,paper_protocol_strict_feasible_subset
connect-4,2313,95,800,0.6,True,800,1000,,True,True,strict_complete_cells,paper_protocol_strict_feasible_subset
connect-4,2314,96,800,0.6,True,800,1000,,True,True,strict_complete_cells,paper_protocol_strict_feasible_subset
connect-4,2315,97,800,0.6,True,800,1000,,True,True,strict_complete_cells,paper_protocol_strict_feasible_subset
connect-4,2316,98,800,0.6,True,800,1000,,True,True,strict_complete_cells,paper_protocol_strict_feasible_subset
connect-4,2317,99,800,0.6,True,800,1000,,True,True,strict_complete_cells,paper_protocol_strict_feasible_subset
connect-4,2318,0,800,0.8,True,800,1000,,True,True,strict_complete_cells,paper_protocol_strict_feasible_subset
connect-4,2319,1,800,0.8,True,800,1000,,True,True,strict_complete_cells,paper_protocol_strict_feasible_subset
connect-4,2320,2,800,0.8,True,800,1000,,True,True,strict_complete_cells,paper_protocol_strict_feasible_subset
connect-4,2321,3,800,0.8,True,800,1000,,True,True,strict_complete_cells,paper_protocol_strict_feasible_subset
connect-4,2322,4,800,0.8,True,800,1000,,True,True,strict_complete_cells,paper_protocol_strict_feasible_subset
connect-4,2323,5,800,0.8,True,800,1000,,True,True,strict_complete_cells,paper_protocol_strict_feasible_subset
connect-4,2324,6,800,0.8,True,800,1000,,True,True,strict_complete_cells,paper_protocol_strict_feasible_subset
connect-4,2325,7,800,0.8,True,800,1000,,True,True,strict_complete_cells,paper_protocol_strict_feasible_subset
connect-4,2326,8,800,0.8,True,800,1000,,True,True,strict_complete_cells,paper_protocol_strict_feasible_subset
connect-4,2327,9,800,0.8,True,800,1000,,True,True,strict_complete_cells,paper_protocol_strict_feasible_subset
connect-4,2328,10,800,0.8,True,800,1000,,True,True,strict_complete_cells,paper_protocol_strict_feasible_subset
connect-4,2329,11,800,0.8,True,800,1000,,True,True,strict_complete_cells,paper_protocol_strict_feasible_subset
connect-4,2330,12,800,0.8,True,800,1000,,True,True,strict_complete_cells,paper_protocol_strict_feasible_subset
connect-4,2331,13,800,0.8,True,800,1000,,True,True,strict_complete_cells,paper_protocol_strict_feasible_subset
connect-4,2332,14,800,0.8,True,800,1000,,True,True,strict_complete_cells,paper_protocol_strict_feasible_subset
connect-4,2333,15,800,0.8,True,800,1000,,True,True,strict_complete_cells,paper_protocol_strict_feasible_subset
connect-4,2334,16,800,0.8,True,800,1000,,True,True,strict_complete_cells,paper_protocol_strict_feasible_subset
connect-4,2335,17,800,0.8,True,800,1000,,True,True,strict_complete_cells,paper_protocol_strict_feasible_subset
connect-4,2336,18,800,0.8,True,800,1000,,True,True,strict_complete_cells,paper_protocol_strict_feasible_subset
connect-4,2337,19,800,0.8,True,800,1000,,True,True,strict_complete_cells,paper_protocol_strict_feasible_subset
connect-4,2338,20,800,0.8,True,800,1000,,True,True,strict_complete_cells,paper_protocol_strict_feasible_subset
connect-4,2339,21,800,0.8,True,800,1000,,True,True,strict_complete_cells,paper_protocol_strict_feasible_subset
connect-4,2340,22,800,0.8,True,800,1000,,True,True,strict_complete_cells,paper_protocol_strict_feasible_subset
connect-4,2341,23,800,0.8,True,800,1000,,True,True,strict_complete_cells,paper_protocol_strict_feasible_subset
connect-4,2342,24,800,0.8,True,800,1000,,True,True,strict_complete_cells,paper_protocol_strict_feasible_subset
connect-4,2343,25,800,0.8,True,800,1000,,True,True,strict_complete_cells,paper_protocol_strict_feasible_subset
connect-4,2344,26,800,0.8,True,800,1000,,True,True,strict_complete_cells,paper_protocol_strict_feasible_subset
connect-4,2345,27,800,0.8,True,800,1000,,True,True,strict_complete_cells,paper_protocol_strict_feasible_subset
connect-4,2346,28,800,0.8,True,800,1000,,True,True,strict_complete_cells,paper_protocol_strict_feasible_subset
connect-4,2347,29,800,0.8,True,800,1000,,True,True,strict_complete_cells,paper_protocol_strict_feasible_subset
connect-4,2348,30,800,0.8,True,800,1000,,True,True,strict_complete_cells,paper_protocol_strict_feasible_subset
connect-4,2349,31,800,0.8,True,800,1000,,True,True,strict_complete_cells,paper_protocol_strict_feasible_subset
connect-4,2350,32,800,0.8,True,800,1000,,True,True,strict_complete_cells,paper_protocol_strict_feasible_subset
connect-4,2351,33,800,0.8,True,800,1000,,True,True,strict_complete_cells,paper_protocol_strict_feasible_subset
connect-4,2352,34,800,0.8,True,800,1000,,True,True,strict_complete_cells,paper_protocol_strict_feasible_subset
connect-4,2353,35,800,0.8,True,800,1000,,True,True,strict_complete_cells,paper_protocol_strict_feasible_subset
connect-4,2354,36,800,0.8,True,800,1000,,True,True,strict_complete_cells,paper_protocol_strict_feasible_subset
connect-4,2355,37,800,0.8,True,800,1000,,True,True,strict_complete_cells,paper_protocol_strict_feasible_subset
connect-4,2356,38,800,0.8,True,800,1000,,True,True,strict_complete_cells,paper_protocol_strict_feasible_subset
connect-4,2357,39,800,0.8,True,800,1000,,True,True,strict_complete_cells,paper_protocol_strict_feasible_subset
connect-4,2358,40,800,0.8,True,800,1000,,True,True,strict_complete_cells,paper_protocol_strict_feasible_subset
connect-4,2359,41,800,0.8,True,800,1000,,True,True,strict_complete_cells,paper_protocol_strict_feasible_subset
connect-4,2360,42,800,0.8,True,800,1000,,True,True,strict_complete_cells,paper_protocol_strict_feasible_subset
connect-4,2361,43,800,0.8,True,800,1000,,True,True,strict_complete_cells,paper_protocol_strict_feasible_subset
connect-4,2362,44,800,0.8,True,800,1000,,True,True,strict_complete_cells,paper_protocol_strict_feasible_subset
connect-4,2363,45,800,0.8,True,800,1000,,True,True,strict_complete_cells,paper_protocol_strict_feasible_subset
connect-4,2364,46,800,0.8,True,800,1000,,True,True,strict_complete_cells,paper_protocol_strict_feasible_subset
connect-4,2365,47,800,0.8,True,800,1000,,True,True,strict_complete_cells,paper_protocol_strict_feasible_subset
connect-4,2366,48,800,0.8,True,800,1000,,True,True,strict_complete_cells,paper_protocol_strict_feasible_subset
connect-4,2367,49,800,0.8,True,800,1000,,True,True,strict_complete_cells,paper_protocol_strict_feasible_subset
connect-4,2368,50,800,0.8,True,800,1000,,True,True,strict_complete_cells,paper_protocol_strict_feasible_subset
connect-4,2369,51,800,0.8,True,800,1000,,True,True,strict_complete_cells,paper_protocol_strict_feasible_subset
connect-4,2370,52,800,0.8,True,800,1000,,True,True,strict_complete_cells,paper_protocol_strict_feasible_subset
connect-4,2371,53,800,0.8,True,800,1000,,True,True,strict_complete_cells,paper_protocol_strict_feasible_subset
connect-4,2372,54,800,0.8,True,800,1000,,True,True,strict_complete_cells,paper_protocol_strict_feasible_subset
connect-4,2373,55,800,0.8,True,800,1000,,True,True,strict_complete_cells,paper_protocol_strict_feasible_subset
connect-4,2374,56,800,0.8,True,800,1000,,True,True,strict_complete_cells,paper_protocol_strict_feasible_subset
connect-4,2375,57,800,0.8,True,800,1000,,True,True,strict_complete_cells,paper_protocol_strict_feasible_subset
connect-4,2376,58,800,0.8,True,800,1000,,True,True,strict_complete_cells,paper_protocol_strict_feasible_subset
connect-4,2377,59,800,0.8,True,800,1000,,True,True,strict_complete_cells,paper_protocol_strict_feasible_subset
connect-4,2378,60,800,0.8,True,800,1000,,True,True,strict_complete_cells,paper_protocol_strict_feasible_subset
connect-4,2379,61,800,0.8,True,800,1000,,True,True,strict_complete_cells,paper_protocol_strict_feasible_subset
connect-4,2380,62,800,0.8,True,800,1000,,True,True,strict_complete_cells,paper_protocol_strict_feasible_subset
connect-4,2381,63,800,0.8,True,800,1000,,True,True,strict_complete_cells,paper_protocol_strict_feasible_subset
connect-4,2382,64,800,0.8,True,800,1000,,True,True,strict_complete_cells,paper_protocol_strict_feasible_subset
connect-4,2383,65,800,0.8,True,800,1000,,True,True,strict_complete_cells,paper_protocol_strict_feasible_subset
connect-4,2384,66,800,0.8,True,800,1000,,True,True,strict_complete_cells,paper_protocol_strict_feasible_subset
connect-4,2385,67,800,0.8,True,800,1000,,True,True,strict_complete_cells,paper_protocol_strict_feasible_subset
connect-4,2386,68,800,0.8,True,800,1000,,True,True,strict_complete_cells,paper_protocol_strict_feasible_subset
connect-4,2387,69,800,0.8,True,800,1000,,True,True,strict_complete_cells,paper_protocol_strict_feasible_subset
connect-4,2388,70,800,0.8,True,800,1000,,True,True,strict_complete_cells,paper_protocol_strict_feasible_subset
connect-4,2389,71,800,0.8,True,800,1000,,True,True,strict_complete_cells,paper_protocol_strict_feasible_subset
connect-4,2390,72,800,0.8,True,800,1000,,True,True,strict_complete_cells,paper_protocol_strict_feasible_subset
connect-4,2391,73,800,0.8,True,800,1000,,True,True,strict_complete_cells,paper_protocol_strict_feasible_subset
connect-4,2392,74,800,0.8,True,800,1000,,True,True,strict_complete_cells,paper_protocol_strict_feasible_subset
connect-4,2393,75,800,0.8,True,800,1000,,True,True,strict_complete_cells,paper_protocol_strict_feasible_subset
connect-4,2394,76,800,0.8,True,800,1000,,True,True,strict_complete_cells,paper_protocol_strict_feasible_subset
connect-4,2395,77,800,0.8,True,800,1000,,True,True,strict_complete_cells,paper_protocol_strict_feasible_subset
connect-4,2396,78,800,0.8,True,800,1000,,True,True,strict_complete_cells,paper_protocol_strict_feasible_subset
connect-4,2397,79,800,0.8,True,800,1000,,True,True,strict_complete_cells,paper_protocol_strict_feasible_subset
connect-4,2398,80,800,0.8,True,800,1000,,True,True,strict_complete_cells,paper_protocol_strict_feasible_subset
connect-4,2399,81,800,0.8,True,800,1000,,True,True,strict_complete_cells,paper_protocol_strict_feasible_subset
connect-4,2400,82,800,0.8,True,800,1000,,True,True,strict_complete_cells,paper_protocol_strict_feasible_subset
connect-4,2401,83,800,0.8,True,800,1000,,True,True,strict_complete_cells,paper_protocol_strict_feasible_subset
connect-4,2402,84,800,0.8,True,800,1000,,True,True,strict_complete_cells,paper_protocol_strict_feasible_subset
connect-4,2403,85,800,0.8,True,800,1000,,True,True,strict_complete_cells,paper_protocol_strict_feasible_subset
connect-4,2404,86,800,0.8,True,800,1000,,True,True,strict_complete_cells,paper_protocol_strict_feasible_subset
connect-4,2405,87,800,0.8,True,800,1000,,True,True,strict_complete_cells,paper_protocol_strict_feasible_subset
connect-4,2406,88,800,0.8,True,800,1000,,True,True,strict_complete_cells,paper_protocol_strict_feasible_subset
connect-4,2407,89,800,0.8,True,800,1000,,True,True,strict_complete_cells,paper_protocol_strict_feasible_subset
connect-4,2408,90,800,0.8,True,800,1000,,True,True,strict_complete_cells,paper_protocol_strict_feasible_subset
connect-4,2409,91,800,0.8,True,800,1000,,True,True,strict_complete_cells,paper_protocol_strict_feasible_subset
connect-4,2410,92,800,0.8,True,800,1000,,True,True,strict_complete_cells,paper_protocol_strict_feasible_subset
connect-4,2411,93,800,0.8,True,800,1000,,True,True,strict_complete_cells,paper_protocol_strict_feasible_subset
connect-4,2412,94,800,0.8,True,800,1000,,True,True,strict_complete_cells,paper_protocol_strict_feasible_subset
connect-4,2413,95,800,0.8,True,800,1000,,True,True,strict_complete_cells,paper_protocol_strict_feasible_subset
connect-4,2414,96,800,0.8,True,800,1000,,True,True,strict_complete_cells,paper_protocol_strict_feasible_subset
connect-4,2415,97,800,0.8,True,800,1000,,True,True,strict_complete_cells,paper_protocol_strict_feasible_subset
connect-4,2416,98,800,0.8,True,800,1000,,True,True,strict_complete_cells,paper_protocol_strict_feasible_subset
connect-4,2417,99,800,0.8,True,800,1000,,True,True,strict_complete_cells,paper_protocol_strict_feasible_subset
connect-4,2418,0,1600,0.2,True,1600,1000,,True,True,strict_complete_cells,paper_protocol_strict_feasible_subset
connect-4,2419,1,1600,0.2,True,1600,1000,,True,True,strict_complete_cells,paper_protocol_strict_feasible_subset
connect-4,2420,2,1600,0.2,True,1600,1000,,True,True,strict_complete_cells,paper_protocol_strict_feasible_subset
connect-4,2421,3,1600,0.2,True,1600,1000,,True,True,strict_complete_cells,paper_protocol_strict_feasible_subset
connect-4,2422,4,1600,0.2,True,1600,1000,,True,True,strict_complete_cells,paper_protocol_strict_feasible_subset
connect-4,2423,5,1600,0.2,True,1600,1000,,True,True,strict_complete_cells,paper_protocol_strict_feasible_subset
connect-4,2424,6,1600,0.2,True,1600,1000,,True,True,strict_complete_cells,paper_protocol_strict_feasible_subset
connect-4,2425,7,1600,0.2,True,1600,1000,,True,True,strict_complete_cells,paper_protocol_strict_feasible_subset
connect-4,2426,8,1600,0.2,True,1600,1000,,True,True,strict_complete_cells,paper_protocol_strict_feasible_subset
connect-4,2427,9,1600,0.2,True,1600,1000,,True,True,strict_complete_cells,paper_protocol_strict_feasible_subset
connect-4,2428,10,1600,0.2,True,1600,1000,,True,True,strict_complete_cells,paper_protocol_strict_feasible_subset
connect-4,2429,11,1600,0.2,True,1600,1000,,True,True,strict_complete_cells,paper_protocol_strict_feasible_subset
connect-4,2430,12,1600,0.2,True,1600,1000,,True,True,strict_complete_cells,paper_protocol_strict_feasible_subset
connect-4,2431,13,1600,0.2,True,1600,1000,,True,True,strict_complete_cells,paper_protocol_strict_feasible_subset
connect-4,2432,14,1600,0.2,True,1600,1000,,True,True,strict_complete_cells,paper_protocol_strict_feasible_subset
connect-4,2433,15,1600,0.2,True,1600,1000,,True,True,strict_complete_cells,paper_protocol_strict_feasible_subset
connect-4,2434,16,1600,0.2,True,1600,1000,,True,True,strict_complete_cells,paper_protocol_strict_feasible_subset
connect-4,2435,17,1600,0.2,True,1600,1000,,True,True,strict_complete_cells,paper_protocol_strict_feasible_subset
connect-4,2436,18,1600,0.2,True,1600,1000,,True,True,strict_complete_cells,paper_protocol_strict_feasible_subset
connect-4,2437,19,1600,0.2,True,1600,1000,,True,True,strict_complete_cells,paper_protocol_strict_feasible_subset
connect-4,2438,20,1600,0.2,True,1600,1000,,True,True,strict_complete_cells,paper_protocol_strict_feasible_subset
connect-4,2439,21,1600,0.2,True,1600,1000,,True,True,strict_complete_cells,paper_protocol_strict_feasible_subset
connect-4,2440,22,1600,0.2,True,1600,1000,,True,True,strict_complete_cells,paper_protocol_strict_feasible_subset
connect-4,2441,23,1600,0.2,True,1600,1000,,True,True,strict_complete_cells,paper_protocol_strict_feasible_subset
connect-4,2442,24,1600,0.2,True,1600,1000,,True,True,strict_complete_cells,paper_protocol_strict_feasible_subset
connect-4,2443,25,1600,0.2,True,1600,1000,,True,True,strict_complete_cells,paper_protocol_strict_feasible_subset
connect-4,2444,26,1600,0.2,True,1600,1000,,True,True,strict_complete_cells,paper_protocol_strict_feasible_subset
connect-4,2445,27,1600,0.2,True,1600,1000,,True,True,strict_complete_cells,paper_protocol_strict_feasible_subset
connect-4,2446,28,1600,0.2,True,1600,1000,,True,True,strict_complete_cells,paper_protocol_strict_feasible_subset
connect-4,2447,29,1600,0.2,True,1600,1000,,True,True,strict_complete_cells,paper_protocol_strict_feasible_subset
connect-4,2448,30,1600,0.2,True,1600,1000,,True,True,strict_complete_cells,paper_protocol_strict_feasible_subset
connect-4,2449,31,1600,0.2,True,1600,1000,,True,True,strict_complete_cells,paper_protocol_strict_feasible_subset
connect-4,2450,32,1600,0.2,True,1600,1000,,True,True,strict_complete_cells,paper_protocol_strict_feasible_subset
connect-4,2451,33,1600,0.2,True,1600,1000,,True,True,strict_complete_cells,paper_protocol_strict_feasible_subset
connect-4,2452,34,1600,0.2,True,1600,1000,,True,True,strict_complete_cells,paper_protocol_strict_feasible_subset
connect-4,2453,35,1600,0.2,True,1600,1000,,True,True,strict_complete_cells,paper_protocol_strict_feasible_subset
connect-4,2454,36,1600,0.2,True,1600,1000,,True,True,strict_complete_cells,paper_protocol_strict_feasible_subset
connect-4,2455,37,1600,0.2,True,1600,1000,,True,True,strict_complete_cells,paper_protocol_strict_feasible_subset
connect-4,2456,38,1600,0.2,True,1600,1000,,True,True,strict_complete_cells,paper_protocol_strict_feasible_subset
connect-4,2457,39,1600,0.2,True,1600,1000,,True,True,strict_complete_cells,paper_protocol_strict_feasible_subset
connect-4,2458,40,1600,0.2,True,1600,1000,,True,True,strict_complete_cells,paper_protocol_strict_feasible_subset
connect-4,2459,41,1600,0.2,True,1600,1000,,True,True,strict_complete_cells,paper_protocol_strict_feasible_subset
connect-4,2460,42,1600,0.2,True,1600,1000,,True,True,strict_complete_cells,paper_protocol_strict_feasible_subset
connect-4,2461,43,1600,0.2,True,1600,1000,,True,True,strict_complete_cells,paper_protocol_strict_feasible_subset
connect-4,2462,44,1600,0.2,True,1600,1000,,True,True,strict_complete_cells,paper_protocol_strict_feasible_subset
connect-4,2463,45,1600,0.2,True,1600,1000,,True,True,strict_complete_cells,paper_protocol_strict_feasible_subset
connect-4,2464,46,1600,0.2,True,1600,1000,,True,True,strict_complete_cells,paper_protocol_strict_feasible_subset
connect-4,2465,47,1600,0.2,True,1600,1000,,True,True,strict_complete_cells,paper_protocol_strict_feasible_subset
connect-4,2466,48,1600,0.2,True,1600,1000,,True,True,strict_complete_cells,paper_protocol_strict_feasible_subset
connect-4,2467,49,1600,0.2,True,1600,1000,,True,True,strict_complete_cells,paper_protocol_strict_feasible_subset
connect-4,2468,50,1600,0.2,True,1600,1000,,True,True,strict_complete_cells,paper_protocol_strict_feasible_subset
connect-4,2469,51,1600,0.2,True,1600,1000,,True,True,strict_complete_cells,paper_protocol_strict_feasible_subset
connect-4,2470,52,1600,0.2,True,1600,1000,,True,True,strict_complete_cells,paper_protocol_strict_feasible_subset
connect-4,2471,53,1600,0.2,True,1600,1000,,True,True,strict_complete_cells,paper_protocol_strict_feasible_subset
connect-4,2472,54,1600,0.2,True,1600,1000,,True,True,strict_complete_cells,paper_protocol_strict_feasible_subset
connect-4,2473,55,1600,0.2,True,1600,1000,,True,True,strict_complete_cells,paper_protocol_strict_feasible_subset
connect-4,2474,56,1600,0.2,True,1600,1000,,True,True,strict_complete_cells,paper_protocol_strict_feasible_subset
connect-4,2475,57,1600,0.2,True,1600,1000,,True,True,strict_complete_cells,paper_protocol_strict_feasible_subset
connect-4,2476,58,1600,0.2,True,1600,1000,,True,True,strict_complete_cells,paper_protocol_strict_feasible_subset
connect-4,2477,59,1600,0.2,True,1600,1000,,True,True,strict_complete_cells,paper_protocol_strict_feasible_subset
connect-4,2478,60,1600,0.2,True,1600,1000,,True,True,strict_complete_cells,paper_protocol_strict_feasible_subset
connect-4,2479,61,1600,0.2,True,1600,1000,,True,True,strict_complete_cells,paper_protocol_strict_feasible_subset
connect-4,2480,62,1600,0.2,True,1600,1000,,True,True,strict_complete_cells,paper_protocol_strict_feasible_subset
connect-4,2481,63,1600,0.2,True,1600,1000,,True,True,strict_complete_cells,paper_protocol_strict_feasible_subset
connect-4,2482,64,1600,0.2,True,1600,1000,,True,True,strict_complete_cells,paper_protocol_strict_feasible_subset
connect-4,2483,65,1600,0.2,True,1600,1000,,True,True,strict_complete_cells,paper_protocol_strict_feasible_subset
connect-4,2484,66,1600,0.2,True,1600,1000,,True,True,strict_complete_cells,paper_protocol_strict_feasible_subset
connect-4,2485,67,1600,0.2,True,1600,1000,,True,True,strict_complete_cells,paper_protocol_strict_feasible_subset
connect-4,2486,68,1600,0.2,True,1600,1000,,True,True,strict_complete_cells,paper_protocol_strict_feasible_subset
connect-4,2487,69,1600,0.2,True,1600,1000,,True,True,strict_complete_cells,paper_protocol_strict_feasible_subset
connect-4,2488,70,1600,0.2,True,1600,1000,,True,True,strict_complete_cells,paper_protocol_strict_feasible_subset
connect-4,2489,71,1600,0.2,True,1600,1000,,True,True,strict_complete_cells,paper_protocol_strict_feasible_subset
connect-4,2490,72,1600,0.2,True,1600,1000,,True,True,strict_complete_cells,paper_protocol_strict_feasible_subset
connect-4,2491,73,1600,0.2,True,1600,1000,,True,True,strict_complete_cells,paper_protocol_strict_feasible_subset
connect-4,2492,74,1600,0.2,True,1600,1000,,True,True,strict_complete_cells,paper_protocol_strict_feasible_subset
connect-4,2493,75,1600,0.2,True,1600,1000,,True,True,strict_complete_cells,paper_protocol_strict_feasible_subset
connect-4,2494,76,1600,0.2,True,1600,1000,,True,True,strict_complete_cells,paper_protocol_strict_feasible_subset
connect-4,2495,77,1600,0.2,True,1600,1000,,True,True,strict_complete_cells,paper_protocol_strict_feasible_subset
connect-4,2496,78,1600,0.2,True,1600,1000,,True,True,strict_complete_cells,paper_protocol_strict_feasible_subset
connect-4,2497,79,1600,0.2,True,1600,1000,,True,True,strict_complete_cells,paper_protocol_strict_feasible_subset
connect-4,2498,80,1600,0.2,True,1600,1000,,True,True,strict_complete_cells,paper_protocol_strict_feasible_subset
connect-4,2499,81,1600,0.2,True,1600,1000,,True,True,strict_complete_cells,paper_protocol_strict_feasible_subset
connect-4,2500,82,1600,0.2,True,1600,1000,,True,True,strict_complete_cells,paper_protocol_strict_feasible_subset
connect-4,2501,83,1600,0.2,True,1600,1000,,True,True,strict_complete_cells,paper_protocol_strict_feasible_subset
connect-4,2502,84,1600,0.2,True,1600,1000,,True,True,strict_complete_cells,paper_protocol_strict_feasible_subset
connect-4,2503,85,1600,0.2,True,1600,1000,,True,True,strict_complete_cells,paper_protocol_strict_feasible_subset
connect-4,2504,86,1600,0.2,True,1600,1000,,True,True,strict_complete_cells,paper_protocol_strict_feasible_subset
connect-4,2505,87,1600,0.2,True,1600,1000,,True,True,strict_complete_cells,paper_protocol_strict_feasible_subset
connect-4,2506,88,1600,0.2,True,1600,1000,,True,True,strict_complete_cells,paper_protocol_strict_feasible_subset
connect-4,2507,89,1600,0.2,True,1600,1000,,True,True,strict_complete_cells,paper_protocol_strict_feasible_subset
connect-4,2508,90,1600,0.2,True,1600,1000,,True,True,strict_complete_cells,paper_protocol_strict_feasible_subset
connect-4,2509,91,1600,0.2,True,1600,1000,,True,True,strict_complete_cells,paper_protocol_strict_feasible_subset
connect-4,2510,92,1600,0.2,True,1600,1000,,True,True,strict_complete_cells,paper_protocol_strict_feasible_subset
connect-4,2511,93,1600,0.2,True,1600,1000,,True,True,strict_complete_cells,paper_protocol_strict_feasible_subset
connect-4,2512,94,1600,0.2,True,1600,1000,,True,True,strict_complete_cells,paper_protocol_strict_feasible_subset
connect-4,2513,95,1600,0.2,True,1600,1000,,True,True,strict_complete_cells,paper_protocol_strict_feasible_subset
connect-4,2514,96,1600,0.2,True,1600,1000,,True,True,strict_complete_cells,paper_protocol_strict_feasible_subset
connect-4,2515,97,1600,0.2,True,1600,1000,,True,True,strict_complete_cells,paper_protocol_strict_feasible_subset
connect-4,2516,98,1600,0.2,True,1600,1000,,True,True,strict_complete_cells,paper_protocol_strict_feasible_subset
connect-4,2517,99,1600,0.2,True,1600,1000,,True,True,strict_complete_cells,paper_protocol_strict_feasible_subset
connect-4,2518,0,1600,0.4,True,1600,1000,,True,True,strict_complete_cells,paper_protocol_strict_feasible_subset
connect-4,2519,1,1600,0.4,True,1600,1000,,True,True,strict_complete_cells,paper_protocol_strict_feasible_subset
connect-4,2520,2,1600,0.4,True,1600,1000,,True,True,strict_complete_cells,paper_protocol_strict_feasible_subset
connect-4,2521,3,1600,0.4,True,1600,1000,,True,True,strict_complete_cells,paper_protocol_strict_feasible_subset
connect-4,2522,4,1600,0.4,True,1600,1000,,True,True,strict_complete_cells,paper_protocol_strict_feasible_subset
connect-4,2523,5,1600,0.4,True,1600,1000,,True,True,strict_complete_cells,paper_protocol_strict_feasible_subset
connect-4,2524,6,1600,0.4,True,1600,1000,,True,True,strict_complete_cells,paper_protocol_strict_feasible_subset
connect-4,2525,7,1600,0.4,True,1600,1000,,True,True,strict_complete_cells,paper_protocol_strict_feasible_subset
connect-4,2526,8,1600,0.4,True,1600,1000,,True,True,strict_complete_cells,paper_protocol_strict_feasible_subset
connect-4,2527,9,1600,0.4,True,1600,1000,,True,True,strict_complete_cells,paper_protocol_strict_feasible_subset
connect-4,2528,10,1600,0.4,True,1600,1000,,True,True,strict_complete_cells,paper_protocol_strict_feasible_subset
connect-4,2529,11,1600,0.4,True,1600,1000,,True,True,strict_complete_cells,paper_protocol_strict_feasible_subset
connect-4,2530,12,1600,0.4,True,1600,1000,,True,True,strict_complete_cells,paper_protocol_strict_feasible_subset
connect-4,2531,13,1600,0.4,True,1600,1000,,True,True,strict_complete_cells,paper_protocol_strict_feasible_subset
connect-4,2532,14,1600,0.4,True,1600,1000,,True,True,strict_complete_cells,paper_protocol_strict_feasible_subset
connect-4,2533,15,1600,0.4,True,1600,1000,,True,True,strict_complete_cells,paper_protocol_strict_feasible_subset
connect-4,2534,16,1600,0.4,True,1600,1000,,True,True,strict_complete_cells,paper_protocol_strict_feasible_subset
connect-4,2535,17,1600,0.4,True,1600,1000,,True,True,strict_complete_cells,paper_protocol_strict_feasible_subset
connect-4,2536,18,1600,0.4,True,1600,1000,,True,True,strict_complete_cells,paper_protocol_strict_feasible_subset
connect-4,2537,19,1600,0.4,True,1600,1000,,True,True,strict_complete_cells,paper_protocol_strict_feasible_subset
connect-4,2538,20,1600,0.4,True,1600,1000,,True,True,strict_complete_cells,paper_protocol_strict_feasible_subset
connect-4,2539,21,1600,0.4,True,1600,1000,,True,True,strict_complete_cells,paper_protocol_strict_feasible_subset
connect-4,2540,22,1600,0.4,True,1600,1000,,True,True,strict_complete_cells,paper_protocol_strict_feasible_subset
connect-4,2541,23,1600,0.4,True,1600,1000,,True,True,strict_complete_cells,paper_protocol_strict_feasible_subset
connect-4,2542,24,1600,0.4,True,1600,1000,,True,True,strict_complete_cells,paper_protocol_strict_feasible_subset
connect-4,2543,25,1600,0.4,True,1600,1000,,True,True,strict_complete_cells,paper_protocol_strict_feasible_subset
connect-4,2544,26,1600,0.4,True,1600,1000,,True,True,strict_complete_cells,paper_protocol_strict_feasible_subset
connect-4,2545,27,1600,0.4,True,1600,1000,,True,True,strict_complete_cells,paper_protocol_strict_feasible_subset
connect-4,2546,28,1600,0.4,True,1600,1000,,True,True,strict_complete_cells,paper_protocol_strict_feasible_subset
connect-4,2547,29,1600,0.4,True,1600,1000,,True,True,strict_complete_cells,paper_protocol_strict_feasible_subset
connect-4,2548,30,1600,0.4,True,1600,1000,,True,True,strict_complete_cells,paper_protocol_strict_feasible_subset
connect-4,2549,31,1600,0.4,True,1600,1000,,True,True,strict_complete_cells,paper_protocol_strict_feasible_subset
connect-4,2550,32,1600,0.4,True,1600,1000,,True,True,strict_complete_cells,paper_protocol_strict_feasible_subset
connect-4,2551,33,1600,0.4,True,1600,1000,,True,True,strict_complete_cells,paper_protocol_strict_feasible_subset
connect-4,2552,34,1600,0.4,True,1600,1000,,True,True,strict_complete_cells,paper_protocol_strict_feasible_subset
connect-4,2553,35,1600,0.4,True,1600,1000,,True,True,strict_complete_cells,paper_protocol_strict_feasible_subset
connect-4,2554,36,1600,0.4,True,1600,1000,,True,True,strict_complete_cells,paper_protocol_strict_feasible_subset
connect-4,2555,37,1600,0.4,True,1600,1000,,True,True,strict_complete_cells,paper_protocol_strict_feasible_subset
connect-4,2556,38,1600,0.4,True,1600,1000,,True,True,strict_complete_cells,paper_protocol_strict_feasible_subset
connect-4,2557,39,1600,0.4,True,1600,1000,,True,True,strict_complete_cells,paper_protocol_strict_feasible_subset
connect-4,2558,40,1600,0.4,True,1600,1000,,True,True,strict_complete_cells,paper_protocol_strict_feasible_subset
connect-4,2559,41,1600,0.4,True,1600,1000,,True,True,strict_complete_cells,paper_protocol_strict_feasible_subset
connect-4,2560,42,1600,0.4,True,1600,1000,,True,True,strict_complete_cells,paper_protocol_strict_feasible_subset
connect-4,2561,43,1600,0.4,True,1600,1000,,True,True,strict_complete_cells,paper_protocol_strict_feasible_subset
connect-4,2562,44,1600,0.4,True,1600,1000,,True,True,strict_complete_cells,paper_protocol_strict_feasible_subset
connect-4,2563,45,1600,0.4,True,1600,1000,,True,True,strict_complete_cells,paper_protocol_strict_feasible_subset
connect-4,2564,46,1600,0.4,True,1600,1000,,True,True,strict_complete_cells,paper_protocol_strict_feasible_subset
connect-4,2565,47,1600,0.4,True,1600,1000,,True,True,strict_complete_cells,paper_protocol_strict_feasible_subset
connect-4,2566,48,1600,0.4,True,1600,1000,,True,True,strict_complete_cells,paper_protocol_strict_feasible_subset
connect-4,2567,49,1600,0.4,True,1600,1000,,True,True,strict_complete_cells,paper_protocol_strict_feasible_subset
connect-4,2568,50,1600,0.4,True,1600,1000,,True,True,strict_complete_cells,paper_protocol_strict_feasible_subset
connect-4,2569,51,1600,0.4,True,1600,1000,,True,True,strict_complete_cells,paper_protocol_strict_feasible_subset
connect-4,2570,52,1600,0.4,True,1600,1000,,True,True,strict_complete_cells,paper_protocol_strict_feasible_subset
connect-4,2571,53,1600,0.4,True,1600,1000,,True,True,strict_complete_cells,paper_protocol_strict_feasible_subset
connect-4,2572,54,1600,0.4,True,1600,1000,,True,True,strict_complete_cells,paper_protocol_strict_feasible_subset
connect-4,2573,55,1600,0.4,True,1600,1000,,True,True,strict_complete_cells,paper_protocol_strict_feasible_subset
connect-4,2574,56,1600,0.4,True,1600,1000,,True,True,strict_complete_cells,paper_protocol_strict_feasible_subset
connect-4,2575,57,1600,0.4,True,1600,1000,,True,True,strict_complete_cells,paper_protocol_strict_feasible_subset
connect-4,2576,58,1600,0.4,True,1600,1000,,True,True,strict_complete_cells,paper_protocol_strict_feasible_subset
connect-4,2577,59,1600,0.4,True,1600,1000,,True,True,strict_complete_cells,paper_protocol_strict_feasible_subset
connect-4,2578,60,1600,0.4,True,1600,1000,,True,True,strict_complete_cells,paper_protocol_strict_feasible_subset
connect-4,2579,61,1600,0.4,True,1600,1000,,True,True,strict_complete_cells,paper_protocol_strict_feasible_subset
connect-4,2580,62,1600,0.4,True,1600,1000,,True,True,strict_complete_cells,paper_protocol_strict_feasible_subset
connect-4,2581,63,1600,0.4,True,1600,1000,,True,True,strict_complete_cells,paper_protocol_strict_feasible_subset
connect-4,2582,64,1600,0.4,True,1600,1000,,True,True,strict_complete_cells,paper_protocol_strict_feasible_subset
connect-4,2583,65,1600,0.4,True,1600,1000,,True,True,strict_complete_cells,paper_protocol_strict_feasible_subset
connect-4,2584,66,1600,0.4,True,1600,1000,,True,True,strict_complete_cells,paper_protocol_strict_feasible_subset
connect-4,2585,67,1600,0.4,True,1600,1000,,True,True,strict_complete_cells,paper_protocol_strict_feasible_subset
connect-4,2586,68,1600,0.4,True,1600,1000,,True,True,strict_complete_cells,paper_protocol_strict_feasible_subset
connect-4,2587,69,1600,0.4,True,1600,1000,,True,True,strict_complete_cells,paper_protocol_strict_feasible_subset
connect-4,2588,70,1600,0.4,True,1600,1000,,True,True,strict_complete_cells,paper_protocol_strict_feasible_subset
connect-4,2589,71,1600,0.4,True,1600,1000,,True,True,strict_complete_cells,paper_protocol_strict_feasible_subset
connect-4,2590,72,1600,0.4,True,1600,1000,,True,True,strict_complete_cells,paper_protocol_strict_feasible_subset
connect-4,2591,73,1600,0.4,True,1600,1000,,True,True,strict_complete_cells,paper_protocol_strict_feasible_subset
connect-4,2592,74,1600,0.4,True,1600,1000,,True,True,strict_complete_cells,paper_protocol_strict_feasible_subset
connect-4,2593,75,1600,0.4,True,1600,1000,,True,True,strict_complete_cells,paper_protocol_strict_feasible_subset
connect-4,2594,76,1600,0.4,True,1600,1000,,True,True,strict_complete_cells,paper_protocol_strict_feasible_subset
connect-4,2595,77,1600,0.4,True,1600,1000,,True,True,strict_complete_cells,paper_protocol_strict_feasible_subset
connect-4,2596,78,1600,0.4,True,1600,1000,,True,True,strict_complete_cells,paper_protocol_strict_feasible_subset
connect-4,2597,79,1600,0.4,True,1600,1000,,True,True,strict_complete_cells,paper_protocol_strict_feasible_subset
connect-4,2598,80,1600,0.4,True,1600,1000,,True,True,strict_complete_cells,paper_protocol_strict_feasible_subset
connect-4,2599,81,1600,0.4,True,1600,1000,,True,True,strict_complete_cells,paper_protocol_strict_feasible_subset
connect-4,2600,82,1600,0.4,True,1600,1000,,True,True,strict_complete_cells,paper_protocol_strict_feasible_subset
connect-4,2601,83,1600,0.4,True,1600,1000,,True,True,strict_complete_cells,paper_protocol_strict_feasible_subset
connect-4,2602,84,1600,0.4,True,1600,1000,,True,True,strict_complete_cells,paper_protocol_strict_feasible_subset
connect-4,2603,85,1600,0.4,True,1600,1000,,True,True,strict_complete_cells,paper_protocol_strict_feasible_subset
connect-4,2604,86,1600,0.4,True,1600,1000,,True,True,strict_complete_cells,paper_protocol_strict_feasible_subset
connect-4,2605,87,1600,0.4,True,1600,1000,,True,True,strict_complete_cells,paper_protocol_strict_feasible_subset
connect-4,2606,88,1600,0.4,True,1600,1000,,True,True,strict_complete_cells,paper_protocol_strict_feasible_subset
connect-4,2607,89,1600,0.4,True,1600,1000,,True,True,strict_complete_cells,paper_protocol_strict_feasible_subset
connect-4,2608,90,1600,0.4,True,1600,1000,,True,True,strict_complete_cells,paper_protocol_strict_feasible_subset
connect-4,2609,91,1600,0.4,True,1600,1000,,True,True,strict_complete_cells,paper_protocol_strict_feasible_subset
connect-4,2610,92,1600,0.4,True,1600,1000,,True,True,strict_complete_cells,paper_protocol_strict_feasible_subset
connect-4,2611,93,1600,0.4,True,1600,1000,,True,True,strict_complete_cells,paper_protocol_strict_feasible_subset
connect-4,2612,94,1600,0.4,True,1600,1000,,True,True,strict_complete_cells,paper_protocol_strict_feasible_subset
connect-4,2613,95,1600,0.4,True,1600,1000,,True,True,strict_complete_cells,paper_protocol_strict_feasible_subset
connect-4,2614,96,1600,0.4,True,1600,1000,,True,True,strict_complete_cells,paper_protocol_strict_feasible_subset
connect-4,2615,97,1600,0.4,True,1600,1000,,True,True,strict_complete_cells,paper_protocol_strict_feasible_subset
connect-4,2616,98,1600,0.4,True,1600,1000,,True,True,strict_complete_cells,paper_protocol_strict_feasible_subset
connect-4,2617,99,1600,0.4,True,1600,1000,,True,True,strict_complete_cells,paper_protocol_strict_feasible_subset
connect-4,2618,0,1600,0.6,True,1600,1000,,True,True,strict_complete_cells,paper_protocol_strict_feasible_subset
connect-4,2619,1,1600,0.6,True,1600,1000,,True,True,strict_complete_cells,paper_protocol_strict_feasible_subset
connect-4,2620,2,1600,0.6,True,1600,1000,,True,True,strict_complete_cells,paper_protocol_strict_feasible_subset
connect-4,2621,3,1600,0.6,True,1600,1000,,True,True,strict_complete_cells,paper_protocol_strict_feasible_subset
connect-4,2622,4,1600,0.6,True,1600,1000,,True,True,strict_complete_cells,paper_protocol_strict_feasible_subset
connect-4,2623,5,1600,0.6,True,1600,1000,,True,True,strict_complete_cells,paper_protocol_strict_feasible_subset
connect-4,2624,6,1600,0.6,True,1600,1000,,True,True,strict_complete_cells,paper_protocol_strict_feasible_subset
connect-4,2625,7,1600,0.6,True,1600,1000,,True,True,strict_complete_cells,paper_protocol_strict_feasible_subset
connect-4,2626,8,1600,0.6,True,1600,1000,,True,True,strict_complete_cells,paper_protocol_strict_feasible_subset
connect-4,2627,9,1600,0.6,True,1600,1000,,True,True,strict_complete_cells,paper_protocol_strict_feasible_subset
connect-4,2628,10,1600,0.6,True,1600,1000,,True,True,strict_complete_cells,paper_protocol_strict_feasible_subset
connect-4,2629,11,1600,0.6,True,1600,1000,,True,True,strict_complete_cells,paper_protocol_strict_feasible_subset
connect-4,2630,12,1600,0.6,True,1600,1000,,True,True,strict_complete_cells,paper_protocol_strict_feasible_subset
connect-4,2631,13,1600,0.6,True,1600,1000,,True,True,strict_complete_cells,paper_protocol_strict_feasible_subset
connect-4,2632,14,1600,0.6,True,1600,1000,,True,True,strict_complete_cells,paper_protocol_strict_feasible_subset
connect-4,2633,15,1600,0.6,True,1600,1000,,True,True,strict_complete_cells,paper_protocol_strict_feasible_subset
connect-4,2634,16,1600,0.6,True,1600,1000,,True,True,strict_complete_cells,paper_protocol_strict_feasible_subset
connect-4,2635,17,1600,0.6,True,1600,1000,,True,True,strict_complete_cells,paper_protocol_strict_feasible_subset
connect-4,2636,18,1600,0.6,True,1600,1000,,True,True,strict_complete_cells,paper_protocol_strict_feasible_subset
connect-4,2637,19,1600,0.6,True,1600,1000,,True,True,strict_complete_cells,paper_protocol_strict_feasible_subset
connect-4,2638,20,1600,0.6,True,1600,1000,,True,True,strict_complete_cells,paper_protocol_strict_feasible_subset
connect-4,2639,21,1600,0.6,True,1600,1000,,True,True,strict_complete_cells,paper_protocol_strict_feasible_subset
connect-4,2640,22,1600,0.6,True,1600,1000,,True,True,strict_complete_cells,paper_protocol_strict_feasible_subset
connect-4,2641,23,1600,0.6,True,1600,1000,,True,True,strict_complete_cells,paper_protocol_strict_feasible_subset
connect-4,2642,24,1600,0.6,True,1600,1000,,True,True,strict_complete_cells,paper_protocol_strict_feasible_subset
connect-4,2643,25,1600,0.6,True,1600,1000,,True,True,strict_complete_cells,paper_protocol_strict_feasible_subset
connect-4,2644,26,1600,0.6,True,1600,1000,,True,True,strict_complete_cells,paper_protocol_strict_feasible_subset
connect-4,2645,27,1600,0.6,True,1600,1000,,True,True,strict_complete_cells,paper_protocol_strict_feasible_subset
connect-4,2646,28,1600,0.6,True,1600,1000,,True,True,strict_complete_cells,paper_protocol_strict_feasible_subset
connect-4,2647,29,1600,0.6,True,1600,1000,,True,True,strict_complete_cells,paper_protocol_strict_feasible_subset
connect-4,2648,30,1600,0.6,True,1600,1000,,True,True,strict_complete_cells,paper_protocol_strict_feasible_subset
connect-4,2649,31,1600,0.6,True,1600,1000,,True,True,strict_complete_cells,paper_protocol_strict_feasible_subset
connect-4,2650,32,1600,0.6,True,1600,1000,,True,True,strict_complete_cells,paper_protocol_strict_feasible_subset
connect-4,2651,33,1600,0.6,True,1600,1000,,True,True,strict_complete_cells,paper_protocol_strict_feasible_subset
connect-4,2652,34,1600,0.6,True,1600,1000,,True,True,strict_complete_cells,paper_protocol_strict_feasible_subset
connect-4,2653,35,1600,0.6,True,1600,1000,,True,True,strict_complete_cells,paper_protocol_strict_feasible_subset
connect-4,2654,36,1600,0.6,True,1600,1000,,True,True,strict_complete_cells,paper_protocol_strict_feasible_subset
connect-4,2655,37,1600,0.6,True,1600,1000,,True,True,strict_complete_cells,paper_protocol_strict_feasible_subset
connect-4,2656,38,1600,0.6,True,1600,1000,,True,True,strict_complete_cells,paper_protocol_strict_feasible_subset
connect-4,2657,39,1600,0.6,True,1600,1000,,True,True,strict_complete_cells,paper_protocol_strict_feasible_subset
connect-4,2658,40,1600,0.6,True,1600,1000,,True,True,strict_complete_cells,paper_protocol_strict_feasible_subset
connect-4,2659,41,1600,0.6,True,1600,1000,,True,True,strict_complete_cells,paper_protocol_strict_feasible_subset
connect-4,2660,42,1600,0.6,True,1600,1000,,True,True,strict_complete_cells,paper_protocol_strict_feasible_subset
connect-4,2661,43,1600,0.6,True,1600,1000,,True,True,strict_complete_cells,paper_protocol_strict_feasible_subset
connect-4,2662,44,1600,0.6,True,1600,1000,,True,True,strict_complete_cells,paper_protocol_strict_feasible_subset
connect-4,2663,45,1600,0.6,True,1600,1000,,True,True,strict_complete_cells,paper_protocol_strict_feasible_subset
connect-4,2664,46,1600,0.6,True,1600,1000,,True,True,strict_complete_cells,paper_protocol_strict_feasible_subset
connect-4,2665,47,1600,0.6,True,1600,1000,,True,True,strict_complete_cells,paper_protocol_strict_feasible_subset
connect-4,2666,48,1600,0.6,True,1600,1000,,True,True,strict_complete_cells,paper_protocol_strict_feasible_subset
connect-4,2667,49,1600,0.6,True,1600,1000,,True,True,strict_complete_cells,paper_protocol_strict_feasible_subset
connect-4,2668,50,1600,0.6,True,1600,1000,,True,True,strict_complete_cells,paper_protocol_strict_feasible_subset
connect-4,2669,51,1600,0.6,True,1600,1000,,True,True,strict_complete_cells,paper_protocol_strict_feasible_subset
connect-4,2670,52,1600,0.6,True,1600,1000,,True,True,strict_complete_cells,paper_protocol_strict_feasible_subset
connect-4,2671,53,1600,0.6,True,1600,1000,,True,True,strict_complete_cells,paper_protocol_strict_feasible_subset
connect-4,2672,54,1600,0.6,True,1600,1000,,True,True,strict_complete_cells,paper_protocol_strict_feasible_subset
connect-4,2673,55,1600,0.6,True,1600,1000,,True,True,strict_complete_cells,paper_protocol_strict_feasible_subset
connect-4,2674,56,1600,0.6,True,1600,1000,,True,True,strict_complete_cells,paper_protocol_strict_feasible_subset
connect-4,2675,57,1600,0.6,True,1600,1000,,True,True,strict_complete_cells,paper_protocol_strict_feasible_subset
connect-4,2676,58,1600,0.6,True,1600,1000,,True,True,strict_complete_cells,paper_protocol_strict_feasible_subset
connect-4,2677,59,1600,0.6,True,1600,1000,,True,True,strict_complete_cells,paper_protocol_strict_feasible_subset
connect-4,2678,60,1600,0.6,True,1600,1000,,True,True,strict_complete_cells,paper_protocol_strict_feasible_subset
connect-4,2679,61,1600,0.6,True,1600,1000,,True,True,strict_complete_cells,paper_protocol_strict_feasible_subset
connect-4,2680,62,1600,0.6,True,1600,1000,,True,True,strict_complete_cells,paper_protocol_strict_feasible_subset
connect-4,2681,63,1600,0.6,True,1600,1000,,True,True,strict_complete_cells,paper_protocol_strict_feasible_subset
connect-4,2682,64,1600,0.6,True,1600,1000,,True,True,strict_complete_cells,paper_protocol_strict_feasible_subset
connect-4,2683,65,1600,0.6,True,1600,1000,,True,True,strict_complete_cells,paper_protocol_strict_feasible_subset
connect-4,2684,66,1600,0.6,True,1600,1000,,True,True,strict_complete_cells,paper_protocol_strict_feasible_subset
connect-4,2685,67,1600,0.6,True,1600,1000,,True,True,strict_complete_cells,paper_protocol_strict_feasible_subset
connect-4,2686,68,1600,0.6,True,1600,1000,,True,True,strict_complete_cells,paper_protocol_strict_feasible_subset
connect-4,2687,69,1600,0.6,True,1600,1000,,True,True,strict_complete_cells,paper_protocol_strict_feasible_subset
connect-4,2688,70,1600,0.6,True,1600,1000,,True,True,strict_complete_cells,paper_protocol_strict_feasible_subset
connect-4,2689,71,1600,0.6,True,1600,1000,,True,True,strict_complete_cells,paper_protocol_strict_feasible_subset
connect-4,2690,72,1600,0.6,True,1600,1000,,True,True,strict_complete_cells,paper_protocol_strict_feasible_subset
connect-4,2691,73,1600,0.6,True,1600,1000,,True,True,strict_complete_cells,paper_protocol_strict_feasible_subset
connect-4,2692,74,1600,0.6,True,1600,1000,,True,True,strict_complete_cells,paper_protocol_strict_feasible_subset
connect-4,2693,75,1600,0.6,True,1600,1000,,True,True,strict_complete_cells,paper_protocol_strict_feasible_subset
connect-4,2694,76,1600,0.6,True,1600,1000,,True,True,strict_complete_cells,paper_protocol_strict_feasible_subset
connect-4,2695,77,1600,0.6,True,1600,1000,,True,True,strict_complete_cells,paper_protocol_strict_feasible_subset
connect-4,2696,78,1600,0.6,True,1600,1000,,True,True,strict_complete_cells,paper_protocol_strict_feasible_subset
connect-4,2697,79,1600,0.6,True,1600,1000,,True,True,strict_complete_cells,paper_protocol_strict_feasible_subset
connect-4,2698,80,1600,0.6,True,1600,1000,,True,True,strict_complete_cells,paper_protocol_strict_feasible_subset
connect-4,2699,81,1600,0.6,True,1600,1000,,True,True,strict_complete_cells,paper_protocol_strict_feasible_subset
connect-4,2700,82,1600,0.6,True,1600,1000,,True,True,strict_complete_cells,paper_protocol_strict_feasible_subset
connect-4,2701,83,1600,0.6,True,1600,1000,,True,True,strict_complete_cells,paper_protocol_strict_feasible_subset
connect-4,2702,84,1600,0.6,True,1600,1000,,True,True,strict_complete_cells,paper_protocol_strict_feasible_subset
connect-4,2703,85,1600,0.6,True,1600,1000,,True,True,strict_complete_cells,paper_protocol_strict_feasible_subset
connect-4,2704,86,1600,0.6,True,1600,1000,,True,True,strict_complete_cells,paper_protocol_strict_feasible_subset
connect-4,2705,87,1600,0.6,True,1600,1000,,True,True,strict_complete_cells,paper_protocol_strict_feasible_subset
connect-4,2706,88,1600,0.6,True,1600,1000,,True,True,strict_complete_cells,paper_protocol_strict_feasible_subset
connect-4,2707,89,1600,0.6,True,1600,1000,,True,True,strict_complete_cells,paper_protocol_strict_feasible_subset
connect-4,2708,90,1600,0.6,True,1600,1000,,True,True,strict_complete_cells,paper_protocol_strict_feasible_subset
connect-4,2709,91,1600,0.6,True,1600,1000,,True,True,strict_complete_cells,paper_protocol_strict_feasible_subset
connect-4,2710,92,1600,0.6,True,1600,1000,,True,True,strict_complete_cells,paper_protocol_strict_feasible_subset
connect-4,2711,93,1600,0.6,True,1600,1000,,True,True,strict_complete_cells,paper_protocol_strict_feasible_subset
connect-4,2712,94,1600,0.6,True,1600,1000,,True,True,strict_complete_cells,paper_protocol_strict_feasible_subset
connect-4,2713,95,1600,0.6,True,1600,1000,,True,True,strict_complete_cells,paper_protocol_strict_feasible_subset
connect-4,2714,96,1600,0.6,True,1600,1000,,True,True,strict_complete_cells,paper_protocol_strict_feasible_subset
connect-4,2715,97,1600,0.6,True,1600,1000,,True,True,strict_complete_cells,paper_protocol_strict_feasible_subset
connect-4,2716,98,1600,0.6,True,1600,1000,,True,True,strict_complete_cells,paper_protocol_strict_feasible_subset
connect-4,2717,99,1600,0.6,True,1600,1000,,True,True,strict_complete_cells,paper_protocol_strict_feasible_subset
connect-4,2718,0,1600,0.8,True,1600,1000,,True,True,strict_complete_cells,paper_protocol_strict_feasible_subset
connect-4,2719,1,1600,0.8,True,1600,1000,,True,True,strict_complete_cells,paper_protocol_strict_feasible_subset
connect-4,2720,2,1600,0.8,True,1600,1000,,True,True,strict_complete_cells,paper_protocol_strict_feasible_subset
connect-4,2721,3,1600,0.8,True,1600,1000,,True,True,strict_complete_cells,paper_protocol_strict_feasible_subset
connect-4,2722,4,1600,0.8,True,1600,1000,,True,True,strict_complete_cells,paper_protocol_strict_feasible_subset
connect-4,2723,5,1600,0.8,True,1600,1000,,True,True,strict_complete_cells,paper_protocol_strict_feasible_subset
connect-4,2724,6,1600,0.8,True,1600,1000,,True,True,strict_complete_cells,paper_protocol_strict_feasible_subset
connect-4,2725,7,1600,0.8,True,1600,1000,,True,True,strict_complete_cells,paper_protocol_strict_feasible_subset
connect-4,2726,8,1600,0.8,True,1600,1000,,True,True,strict_complete_cells,paper_protocol_strict_feasible_subset
connect-4,2727,9,1600,0.8,True,1600,1000,,True,True,strict_complete_cells,paper_protocol_strict_feasible_subset
connect-4,2728,10,1600,0.8,True,1600,1000,,True,True,strict_complete_cells,paper_protocol_strict_feasible_subset
connect-4,2729,11,1600,0.8,True,1600,1000,,True,True,strict_complete_cells,paper_protocol_strict_feasible_subset
connect-4,2730,12,1600,0.8,True,1600,1000,,True,True,strict_complete_cells,paper_protocol_strict_feasible_subset
connect-4,2731,13,1600,0.8,True,1600,1000,,True,True,strict_complete_cells,paper_protocol_strict_feasible_subset
connect-4,2732,14,1600,0.8,True,1600,1000,,True,True,strict_complete_cells,paper_protocol_strict_feasible_subset
connect-4,2733,15,1600,0.8,True,1600,1000,,True,True,strict_complete_cells,paper_protocol_strict_feasible_subset
connect-4,2734,16,1600,0.8,True,1600,1000,,True,True,strict_complete_cells,paper_protocol_strict_feasible_subset
connect-4,2735,17,1600,0.8,True,1600,1000,,True,True,strict_complete_cells,paper_protocol_strict_feasible_subset
connect-4,2736,18,1600,0.8,True,1600,1000,,True,True,strict_complete_cells,paper_protocol_strict_feasible_subset
connect-4,2737,19,1600,0.8,True,1600,1000,,True,True,strict_complete_cells,paper_protocol_strict_feasible_subset
connect-4,2738,20,1600,0.8,True,1600,1000,,True,True,strict_complete_cells,paper_protocol_strict_feasible_subset
connect-4,2739,21,1600,0.8,True,1600,1000,,True,True,strict_complete_cells,paper_protocol_strict_feasible_subset
connect-4,2740,22,1600,0.8,True,1600,1000,,True,True,strict_complete_cells,paper_protocol_strict_feasible_subset
connect-4,2741,23,1600,0.8,True,1600,1000,,True,True,strict_complete_cells,paper_protocol_strict_feasible_subset
connect-4,2742,24,1600,0.8,True,1600,1000,,True,True,strict_complete_cells,paper_protocol_strict_feasible_subset
connect-4,2743,25,1600,0.8,True,1600,1000,,True,True,strict_complete_cells,paper_protocol_strict_feasible_subset
connect-4,2744,26,1600,0.8,True,1600,1000,,True,True,strict_complete_cells,paper_protocol_strict_feasible_subset
connect-4,2745,27,1600,0.8,True,1600,1000,,True,True,strict_complete_cells,paper_protocol_strict_feasible_subset
connect-4,2746,28,1600,0.8,True,1600,1000,,True,True,strict_complete_cells,paper_protocol_strict_feasible_subset
connect-4,2747,29,1600,0.8,True,1600,1000,,True,True,strict_complete_cells,paper_protocol_strict_feasible_subset
connect-4,2748,30,1600,0.8,True,1600,1000,,True,True,strict_complete_cells,paper_protocol_strict_feasible_subset
connect-4,2749,31,1600,0.8,True,1600,1000,,True,True,strict_complete_cells,paper_protocol_strict_feasible_subset
connect-4,2750,32,1600,0.8,True,1600,1000,,True,True,strict_complete_cells,paper_protocol_strict_feasible_subset
connect-4,2751,33,1600,0.8,True,1600,1000,,True,True,strict_complete_cells,paper_protocol_strict_feasible_subset
connect-4,2752,34,1600,0.8,True,1600,1000,,True,True,strict_complete_cells,paper_protocol_strict_feasible_subset
connect-4,2753,35,1600,0.8,True,1600,1000,,True,True,strict_complete_cells,paper_protocol_strict_feasible_subset
connect-4,2754,36,1600,0.8,True,1600,1000,,True,True,strict_complete_cells,paper_protocol_strict_feasible_subset
connect-4,2755,37,1600,0.8,True,1600,1000,,True,True,strict_complete_cells,paper_protocol_strict_feasible_subset
connect-4,2756,38,1600,0.8,True,1600,1000,,True,True,strict_complete_cells,paper_protocol_strict_feasible_subset
connect-4,2757,39,1600,0.8,True,1600,1000,,True,True,strict_complete_cells,paper_protocol_strict_feasible_subset
connect-4,2758,40,1600,0.8,True,1600,1000,,True,True,strict_complete_cells,paper_protocol_strict_feasible_subset
connect-4,2759,41,1600,0.8,True,1600,1000,,True,True,strict_complete_cells,paper_protocol_strict_feasible_subset
connect-4,2760,42,1600,0.8,True,1600,1000,,True,True,strict_complete_cells,paper_protocol_strict_feasible_subset
connect-4,2761,43,1600,0.8,True,1600,1000,,True,True,strict_complete_cells,paper_protocol_strict_feasible_subset
connect-4,2762,44,1600,0.8,True,1600,1000,,True,True,strict_complete_cells,paper_protocol_strict_feasible_subset
connect-4,2763,45,1600,0.8,True,1600,1000,,True,True,strict_complete_cells,paper_protocol_strict_feasible_subset
connect-4,2764,46,1600,0.8,True,1600,1000,,True,True,strict_complete_cells,paper_protocol_strict_feasible_subset
connect-4,2765,47,1600,0.8,True,1600,1000,,True,True,strict_complete_cells,paper_protocol_strict_feasible_subset
connect-4,2766,48,1600,0.8,True,1600,1000,,True,True,strict_complete_cells,paper_protocol_strict_feasible_subset
connect-4,2767,49,1600,0.8,True,1600,1000,,True,True,strict_complete_cells,paper_protocol_strict_feasible_subset
connect-4,2768,50,1600,0.8,True,1600,1000,,True,True,strict_complete_cells,paper_protocol_strict_feasible_subset
connect-4,2769,51,1600,0.8,True,1600,1000,,True,True,strict_complete_cells,paper_protocol_strict_feasible_subset
connect-4,2770,52,1600,0.8,True,1600,1000,,True,True,strict_complete_cells,paper_protocol_strict_feasible_subset
connect-4,2771,53,1600,0.8,True,1600,1000,,True,True,strict_complete_cells,paper_protocol_strict_feasible_subset
connect-4,2772,54,1600,0.8,True,1600,1000,,True,True,strict_complete_cells,paper_protocol_strict_feasible_subset
connect-4,2773,55,1600,0.8,True,1600,1000,,True,True,strict_complete_cells,paper_protocol_strict_feasible_subset
connect-4,2774,56,1600,0.8,True,1600,1000,,True,True,strict_complete_cells,paper_protocol_strict_feasible_subset
connect-4,2775,57,1600,0.8,True,1600,1000,,True,True,strict_complete_cells,paper_protocol_strict_feasible_subset
connect-4,2776,58,1600,0.8,True,1600,1000,,True,True,strict_complete_cells,paper_protocol_strict_feasible_subset
connect-4,2777,59,1600,0.8,True,1600,1000,,True,True,strict_complete_cells,paper_protocol_strict_feasible_subset
connect-4,2778,60,1600,0.8,True,1600,1000,,True,True,strict_complete_cells,paper_protocol_strict_feasible_subset
connect-4,2779,61,1600,0.8,True,1600,1000,,True,True,strict_complete_cells,paper_protocol_strict_feasible_subset
connect-4,2780,62,1600,0.8,True,1600,1000,,True,True,strict_complete_cells,paper_protocol_strict_feasible_subset
connect-4,2781,63,1600,0.8,True,1600,1000,,True,True,strict_complete_cells,paper_protocol_strict_feasible_subset
connect-4,2782,64,1600,0.8,True,1600,1000,,True,True,strict_complete_cells,paper_protocol_strict_feasible_subset
connect-4,2783,65,1600,0.8,True,1600,1000,,True,True,strict_complete_cells,paper_protocol_strict_feasible_subset
connect-4,2784,66,1600,0.8,True,1600,1000,,True,True,strict_complete_cells,paper_protocol_strict_feasible_subset
connect-4,2785,67,1600,0.8,True,1600,1000,,True,True,strict_complete_cells,paper_protocol_strict_feasible_subset
connect-4,2786,68,1600,0.8,True,1600,1000,,True,True,strict_complete_cells,paper_protocol_strict_feasible_subset
connect-4,2787,69,1600,0.8,True,1600,1000,,True,True,strict_complete_cells,paper_protocol_strict_feasible_subset
connect-4,2788,70,1600,0.8,True,1600,1000,,True,True,strict_complete_cells,paper_protocol_strict_feasible_subset
connect-4,2789,71,1600,0.8,True,1600,1000,,True,True,strict_complete_cells,paper_protocol_strict_feasible_subset
connect-4,2790,72,1600,0.8,True,1600,1000,,True,True,strict_complete_cells,paper_protocol_strict_feasible_subset
connect-4,2791,73,1600,0.8,True,1600,1000,,True,True,strict_complete_cells,paper_protocol_strict_feasible_subset
connect-4,2792,74,1600,0.8,True,1600,1000,,True,True,strict_complete_cells,paper_protocol_strict_feasible_subset
connect-4,2793,75,1600,0.8,True,1600,1000,,True,True,strict_complete_cells,paper_protocol_strict_feasible_subset
connect-4,2794,76,1600,0.8,True,1600,1000,,True,True,strict_complete_cells,paper_protocol_strict_feasible_subset
connect-4,2795,77,1600,0.8,True,1600,1000,,True,True,strict_complete_cells,paper_protocol_strict_feasible_subset
connect-4,2796,78,1600,0.8,True,1600,1000,,True,True,strict_complete_cells,paper_protocol_strict_feasible_subset
connect-4,2797,79,1600,0.8,True,1600,1000,,True,True,strict_complete_cells,paper_protocol_strict_feasible_subset
connect-4,2798,80,1600,0.8,True,1600,1000,,True,True,strict_complete_cells,paper_protocol_strict_feasible_subset
connect-4,2799,81,1600,0.8,True,1600,1000,,True,True,strict_complete_cells,paper_protocol_strict_feasible_subset
connect-4,2800,82,1600,0.8,True,1600,1000,,True,True,strict_complete_cells,paper_protocol_strict_feasible_subset
connect-4,2801,83,1600,0.8,True,1600,1000,,True,True,strict_complete_cells,paper_protocol_strict_feasible_subset
connect-4,2802,84,1600,0.8,True,1600,1000,,True,True,strict_complete_cells,paper_protocol_strict_feasible_subset
connect-4,2803,85,1600,0.8,True,1600,1000,,True,True,strict_complete_cells,paper_protocol_strict_feasible_subset
connect-4,2804,86,1600,0.8,True,1600,1000,,True,True,strict_complete_cells,paper_protocol_strict_feasible_subset
connect-4,2805,87,1600,0.8,True,1600,1000,,True,True,strict_complete_cells,paper_protocol_strict_feasible_subset
connect-4,2806,88,1600,0.8,True,1600,1000,,True,True,strict_complete_cells,paper_protocol_strict_feasible_subset
connect-4,2807,89,1600,0.8,True,1600,1000,,True,True,strict_complete_cells,paper_protocol_strict_feasible_subset
connect-4,2808,90,1600,0.8,True,1600,1000,,True,True,strict_complete_cells,paper_protocol_strict_feasible_subset
connect-4,2809,91,1600,0.8,True,1600,1000,,True,True,strict_complete_cells,paper_protocol_strict_feasible_subset
connect-4,2810,92,1600,0.8,True,1600,1000,,True,True,strict_complete_cells,paper_protocol_strict_feasible_subset
connect-4,2811,93,1600,0.8,True,1600,1000,,True,True,strict_complete_cells,paper_protocol_strict_feasible_subset
connect-4,2812,94,1600,0.8,True,1600,1000,,True,True,strict_complete_cells,paper_protocol_strict_feasible_subset
connect-4,2813,95,1600,0.8,True,1600,1000,,True,True,strict_complete_cells,paper_protocol_strict_feasible_subset
connect-4,2814,96,1600,0.8,True,1600,1000,,True,True,strict_complete_cells,paper_protocol_strict_feasible_subset
connect-4,2815,97,1600,0.8,True,1600,1000,,True,True,strict_complete_cells,paper_protocol_strict_feasible_subset
connect-4,2816,98,1600,0.8,True,1600,1000,,True,True,strict_complete_cells,paper_protocol_strict_feasible_subset
connect-4,2817,99,1600,0.8,True,1600,1000,,True,True,strict_complete_cells,paper_protocol_strict_feasible_subset
connect-4,2818,0,3200,0.2,True,3200,1000,,True,True,strict_complete_cells,paper_protocol_strict_feasible_subset
connect-4,2819,1,3200,0.2,True,3200,1000,,True,True,strict_complete_cells,paper_protocol_strict_feasible_subset
connect-4,2820,2,3200,0.2,True,3200,1000,,True,True,strict_complete_cells,paper_protocol_strict_feasible_subset
connect-4,2821,3,3200,0.2,True,3200,1000,,True,True,strict_complete_cells,paper_protocol_strict_feasible_subset
connect-4,2822,4,3200,0.2,True,3200,1000,,True,True,strict_complete_cells,paper_protocol_strict_feasible_subset
connect-4,2823,5,3200,0.2,True,3200,1000,,True,True,strict_complete_cells,paper_protocol_strict_feasible_subset
connect-4,2824,6,3200,0.2,True,3200,1000,,True,True,strict_complete_cells,paper_protocol_strict_feasible_subset
connect-4,2825,7,3200,0.2,True,3200,1000,,True,True,strict_complete_cells,paper_protocol_strict_feasible_subset
connect-4,2826,8,3200,0.2,True,3200,1000,,True,True,strict_complete_cells,paper_protocol_strict_feasible_subset
connect-4,2827,9,3200,0.2,True,3200,1000,,True,True,strict_complete_cells,paper_protocol_strict_feasible_subset
connect-4,2828,10,3200,0.2,True,3200,1000,,True,True,strict_complete_cells,paper_protocol_strict_feasible_subset
connect-4,2829,11,3200,0.2,True,3200,1000,,True,True,strict_complete_cells,paper_protocol_strict_feasible_subset
connect-4,2830,12,3200,0.2,True,3200,1000,,True,True,strict_complete_cells,paper_protocol_strict_feasible_subset
connect-4,2831,13,3200,0.2,True,3200,1000,,True,True,strict_complete_cells,paper_protocol_strict_feasible_subset
connect-4,2832,14,3200,0.2,True,3200,1000,,True,True,strict_complete_cells,paper_protocol_strict_feasible_subset
connect-4,2833,15,3200,0.2,True,3200,1000,,True,True,strict_complete_cells,paper_protocol_strict_feasible_subset
connect-4,2834,16,3200,0.2,True,3200,1000,,True,True,strict_complete_cells,paper_protocol_strict_feasible_subset
connect-4,2835,17,3200,0.2,True,3200,1000,,True,True,strict_complete_cells,paper_protocol_strict_feasible_subset
connect-4,2836,18,3200,0.2,True,3200,1000,,True,True,strict_complete_cells,paper_protocol_strict_feasible_subset
connect-4,2837,19,3200,0.2,True,3200,1000,,True,True,strict_complete_cells,paper_protocol_strict_feasible_subset
connect-4,2838,20,3200,0.2,True,3200,1000,,True,True,strict_complete_cells,paper_protocol_strict_feasible_subset
connect-4,2839,21,3200,0.2,True,3200,1000,,True,True,strict_complete_cells,paper_protocol_strict_feasible_subset
connect-4,2840,22,3200,0.2,True,3200,1000,,True,True,strict_complete_cells,paper_protocol_strict_feasible_subset
connect-4,2841,23,3200,0.2,True,3200,1000,,True,True,strict_complete_cells,paper_protocol_strict_feasible_subset
connect-4,2842,24,3200,0.2,True,3200,1000,,True,True,strict_complete_cells,paper_protocol_strict_feasible_subset
connect-4,2843,25,3200,0.2,True,3200,1000,,True,True,strict_complete_cells,paper_protocol_strict_feasible_subset
connect-4,2844,26,3200,0.2,True,3200,1000,,True,True,strict_complete_cells,paper_protocol_strict_feasible_subset
connect-4,2845,27,3200,0.2,True,3200,1000,,True,True,strict_complete_cells,paper_protocol_strict_feasible_subset
connect-4,2846,28,3200,0.2,True,3200,1000,,True,True,strict_complete_cells,paper_protocol_strict_feasible_subset
connect-4,2847,29,3200,0.2,True,3200,1000,,True,True,strict_complete_cells,paper_protocol_strict_feasible_subset
connect-4,2848,30,3200,0.2,True,3200,1000,,True,True,strict_complete_cells,paper_protocol_strict_feasible_subset
connect-4,2849,31,3200,0.2,True,3200,1000,,True,True,strict_complete_cells,paper_protocol_strict_feasible_subset
connect-4,2850,32,3200,0.2,True,3200,1000,,True,True,strict_complete_cells,paper_protocol_strict_feasible_subset
connect-4,2851,33,3200,0.2,True,3200,1000,,True,True,strict_complete_cells,paper_protocol_strict_feasible_subset
connect-4,2852,34,3200,0.2,True,3200,1000,,True,True,strict_complete_cells,paper_protocol_strict_feasible_subset
connect-4,2853,35,3200,0.2,True,3200,1000,,True,True,strict_complete_cells,paper_protocol_strict_feasible_subset
connect-4,2854,36,3200,0.2,True,3200,1000,,True,True,strict_complete_cells,paper_protocol_strict_feasible_subset
connect-4,2855,37,3200,0.2,True,3200,1000,,True,True,strict_complete_cells,paper_protocol_strict_feasible_subset
connect-4,2856,38,3200,0.2,True,3200,1000,,True,True,strict_complete_cells,paper_protocol_strict_feasible_subset
connect-4,2857,39,3200,0.2,True,3200,1000,,True,True,strict_complete_cells,paper_protocol_strict_feasible_subset
connect-4,2858,40,3200,0.2,True,3200,1000,,True,True,strict_complete_cells,paper_protocol_strict_feasible_subset
connect-4,2859,41,3200,0.2,True,3200,1000,,True,True,strict_complete_cells,paper_protocol_strict_feasible_subset
connect-4,2860,42,3200,0.2,True,3200,1000,,True,True,strict_complete_cells,paper_protocol_strict_feasible_subset
connect-4,2861,43,3200,0.2,True,3200,1000,,True,True,strict_complete_cells,paper_protocol_strict_feasible_subset
connect-4,2862,44,3200,0.2,True,3200,1000,,True,True,strict_complete_cells,paper_protocol_strict_feasible_subset
connect-4,2863,45,3200,0.2,True,3200,1000,,True,True,strict_complete_cells,paper_protocol_strict_feasible_subset
connect-4,2864,46,3200,0.2,True,3200,1000,,True,True,strict_complete_cells,paper_protocol_strict_feasible_subset
connect-4,2865,47,3200,0.2,True,3200,1000,,True,True,strict_complete_cells,paper_protocol_strict_feasible_subset
connect-4,2866,48,3200,0.2,True,3200,1000,,True,True,strict_complete_cells,paper_protocol_strict_feasible_subset
connect-4,2867,49,3200,0.2,True,3200,1000,,True,True,strict_complete_cells,paper_protocol_strict_feasible_subset
connect-4,2868,50,3200,0.2,True,3200,1000,,True,True,strict_complete_cells,paper_protocol_strict_feasible_subset
connect-4,2869,51,3200,0.2,True,3200,1000,,True,True,strict_complete_cells,paper_protocol_strict_feasible_subset
connect-4,2870,52,3200,0.2,True,3200,1000,,True,True,strict_complete_cells,paper_protocol_strict_feasible_subset
connect-4,2871,53,3200,0.2,True,3200,1000,,True,True,strict_complete_cells,paper_protocol_strict_feasible_subset
connect-4,2872,54,3200,0.2,True,3200,1000,,True,True,strict_complete_cells,paper_protocol_strict_feasible_subset
connect-4,2873,55,3200,0.2,True,3200,1000,,True,True,strict_complete_cells,paper_protocol_strict_feasible_subset
connect-4,2874,56,3200,0.2,True,3200,1000,,True,True,strict_complete_cells,paper_protocol_strict_feasible_subset
connect-4,2875,57,3200,0.2,True,3200,1000,,True,True,strict_complete_cells,paper_protocol_strict_feasible_subset
connect-4,2876,58,3200,0.2,True,3200,1000,,True,True,strict_complete_cells,paper_protocol_strict_feasible_subset
connect-4,2877,59,3200,0.2,True,3200,1000,,True,True,strict_complete_cells,paper_protocol_strict_feasible_subset
connect-4,2878,60,3200,0.2,True,3200,1000,,True,True,strict_complete_cells,paper_protocol_strict_feasible_subset
connect-4,2879,61,3200,0.2,True,3200,1000,,True,True,strict_complete_cells,paper_protocol_strict_feasible_subset
connect-4,2880,62,3200,0.2,True,3200,1000,,True,True,strict_complete_cells,paper_protocol_strict_feasible_subset
connect-4,2881,63,3200,0.2,True,3200,1000,,True,True,strict_complete_cells,paper_protocol_strict_feasible_subset
connect-4,2882,64,3200,0.2,True,3200,1000,,True,True,strict_complete_cells,paper_protocol_strict_feasible_subset
connect-4,2883,65,3200,0.2,True,3200,1000,,True,True,strict_complete_cells,paper_protocol_strict_feasible_subset
connect-4,2884,66,3200,0.2,True,3200,1000,,True,True,strict_complete_cells,paper_protocol_strict_feasible_subset
connect-4,2885,67,3200,0.2,True,3200,1000,,True,True,strict_complete_cells,paper_protocol_strict_feasible_subset
connect-4,2886,68,3200,0.2,True,3200,1000,,True,True,strict_complete_cells,paper_protocol_strict_feasible_subset
connect-4,2887,69,3200,0.2,True,3200,1000,,True,True,strict_complete_cells,paper_protocol_strict_feasible_subset
connect-4,2888,70,3200,0.2,True,3200,1000,,True,True,strict_complete_cells,paper_protocol_strict_feasible_subset
connect-4,2889,71,3200,0.2,True,3200,1000,,True,True,strict_complete_cells,paper_protocol_strict_feasible_subset
connect-4,2890,72,3200,0.2,True,3200,1000,,True,True,strict_complete_cells,paper_protocol_strict_feasible_subset
connect-4,2891,73,3200,0.2,True,3200,1000,,True,True,strict_complete_cells,paper_protocol_strict_feasible_subset
connect-4,2892,74,3200,0.2,True,3200,1000,,True,True,strict_complete_cells,paper_protocol_strict_feasible_subset
connect-4,2893,75,3200,0.2,True,3200,1000,,True,True,strict_complete_cells,paper_protocol_strict_feasible_subset
connect-4,2894,76,3200,0.2,True,3200,1000,,True,True,strict_complete_cells,paper_protocol_strict_feasible_subset
connect-4,2895,77,3200,0.2,True,3200,1000,,True,True,strict_complete_cells,paper_protocol_strict_feasible_subset
connect-4,2896,78,3200,0.2,True,3200,1000,,True,True,strict_complete_cells,paper_protocol_strict_feasible_subset
connect-4,2897,79,3200,0.2,True,3200,1000,,True,True,strict_complete_cells,paper_protocol_strict_feasible_subset
connect-4,2898,80,3200,0.2,True,3200,1000,,True,True,strict_complete_cells,paper_protocol_strict_feasible_subset
connect-4,2899,81,3200,0.2,True,3200,1000,,True,True,strict_complete_cells,paper_protocol_strict_feasible_subset
connect-4,2900,82,3200,0.2,True,3200,1000,,True,True,strict_complete_cells,paper_protocol_strict_feasible_subset
connect-4,2901,83,3200,0.2,True,3200,1000,,True,True,strict_complete_cells,paper_protocol_strict_feasible_subset
connect-4,2902,84,3200,0.2,True,3200,1000,,True,True,strict_complete_cells,paper_protocol_strict_feasible_subset
connect-4,2903,85,3200,0.2,True,3200,1000,,True,True,strict_complete_cells,paper_protocol_strict_feasible_subset
connect-4,2904,86,3200,0.2,True,3200,1000,,True,True,strict_complete_cells,paper_protocol_strict_feasible_subset
connect-4,2905,87,3200,0.2,True,3200,1000,,True,True,strict_complete_cells,paper_protocol_strict_feasible_subset
connect-4,2906,88,3200,0.2,True,3200,1000,,True,True,strict_complete_cells,paper_protocol_strict_feasible_subset
connect-4,2907,89,3200,0.2,True,3200,1000,,True,True,strict_complete_cells,paper_protocol_strict_feasible_subset
connect-4,2908,90,3200,0.2,True,3200,1000,,True,True,strict_complete_cells,paper_protocol_strict_feasible_subset
connect-4,2909,91,3200,0.2,True,3200,1000,,True,True,strict_complete_cells,paper_protocol_strict_feasible_subset
connect-4,2910,92,3200,0.2,True,3200,1000,,True,True,strict_complete_cells,paper_protocol_strict_feasible_subset
connect-4,2911,93,3200,0.2,True,3200,1000,,True,True,strict_complete_cells,paper_protocol_strict_feasible_subset
connect-4,2912,94,3200,0.2,True,3200,1000,,True,True,strict_complete_cells,paper_protocol_strict_feasible_subset
connect-4,2913,95,3200,0.2,True,3200,1000,,True,True,strict_complete_cells,paper_protocol_strict_feasible_subset
connect-4,2914,96,3200,0.2,True,3200,1000,,True,True,strict_complete_cells,paper_protocol_strict_feasible_subset
connect-4,2915,97,3200,0.2,True,3200,1000,,True,True,strict_complete_cells,paper_protocol_strict_feasible_subset
connect-4,2916,98,3200,0.2,True,3200,1000,,True,True,strict_complete_cells,paper_protocol_strict_feasible_subset
connect-4,2917,99,3200,0.2,True,3200,1000,,True,True,strict_complete_cells,paper_protocol_strict_feasible_subset
connect-4,2918,0,3200,0.4,True,3200,1000,,True,True,strict_complete_cells,paper_protocol_strict_feasible_subset
connect-4,2919,1,3200,0.4,True,3200,1000,,True,True,strict_complete_cells,paper_protocol_strict_feasible_subset
connect-4,2920,2,3200,0.4,True,3200,1000,,True,True,strict_complete_cells,paper_protocol_strict_feasible_subset
connect-4,2921,3,3200,0.4,True,3200,1000,,True,True,strict_complete_cells,paper_protocol_strict_feasible_subset
connect-4,2922,4,3200,0.4,True,3200,1000,,True,True,strict_complete_cells,paper_protocol_strict_feasible_subset
connect-4,2923,5,3200,0.4,True,3200,1000,,True,True,strict_complete_cells,paper_protocol_strict_feasible_subset
connect-4,2924,6,3200,0.4,True,3200,1000,,True,True,strict_complete_cells,paper_protocol_strict_feasible_subset
connect-4,2925,7,3200,0.4,True,3200,1000,,True,True,strict_complete_cells,paper_protocol_strict_feasible_subset
connect-4,2926,8,3200,0.4,True,3200,1000,,True,True,strict_complete_cells,paper_protocol_strict_feasible_subset
connect-4,2927,9,3200,0.4,True,3200,1000,,True,True,strict_complete_cells,paper_protocol_strict_feasible_subset
connect-4,2928,10,3200,0.4,True,3200,1000,,True,True,strict_complete_cells,paper_protocol_strict_feasible_subset
connect-4,2929,11,3200,0.4,True,3200,1000,,True,True,strict_complete_cells,paper_protocol_strict_feasible_subset
connect-4,2930,12,3200,0.4,True,3200,1000,,True,True,strict_complete_cells,paper_protocol_strict_feasible_subset
connect-4,2931,13,3200,0.4,True,3200,1000,,True,True,strict_complete_cells,paper_protocol_strict_feasible_subset
connect-4,2932,14,3200,0.4,True,3200,1000,,True,True,strict_complete_cells,paper_protocol_strict_feasible_subset
connect-4,2933,15,3200,0.4,True,3200,1000,,True,True,strict_complete_cells,paper_protocol_strict_feasible_subset
connect-4,2934,16,3200,0.4,True,3200,1000,,True,True,strict_complete_cells,paper_protocol_strict_feasible_subset
connect-4,2935,17,3200,0.4,True,3200,1000,,True,True,strict_complete_cells,paper_protocol_strict_feasible_subset
connect-4,2936,18,3200,0.4,True,3200,1000,,True,True,strict_complete_cells,paper_protocol_strict_feasible_subset
connect-4,2937,19,3200,0.4,True,3200,1000,,True,True,strict_complete_cells,paper_protocol_strict_feasible_subset
connect-4,2938,20,3200,0.4,True,3200,1000,,True,True,strict_complete_cells,paper_protocol_strict_feasible_subset
connect-4,2939,21,3200,0.4,True,3200,1000,,True,True,strict_complete_cells,paper_protocol_strict_feasible_subset
connect-4,2940,22,3200,0.4,True,3200,1000,,True,True,strict_complete_cells,paper_protocol_strict_feasible_subset
connect-4,2941,23,3200,0.4,True,3200,1000,,True,True,strict_complete_cells,paper_protocol_strict_feasible_subset
connect-4,2942,24,3200,0.4,True,3200,1000,,True,True,strict_complete_cells,paper_protocol_strict_feasible_subset
connect-4,2943,25,3200,0.4,True,3200,1000,,True,True,strict_complete_cells,paper_protocol_strict_feasible_subset
connect-4,2944,26,3200,0.4,True,3200,1000,,True,True,strict_complete_cells,paper_protocol_strict_feasible_subset
connect-4,2945,27,3200,0.4,True,3200,1000,,True,True,strict_complete_cells,paper_protocol_strict_feasible_subset
connect-4,2946,28,3200,0.4,True,3200,1000,,True,True,strict_complete_cells,paper_protocol_strict_feasible_subset
connect-4,2947,29,3200,0.4,True,3200,1000,,True,True,strict_complete_cells,paper_protocol_strict_feasible_subset
connect-4,2948,30,3200,0.4,True,3200,1000,,True,True,strict_complete_cells,paper_protocol_strict_feasible_subset
connect-4,2949,31,3200,0.4,True,3200,1000,,True,True,strict_complete_cells,paper_protocol_strict_feasible_subset
connect-4,2950,32,3200,0.4,True,3200,1000,,True,True,strict_complete_cells,paper_protocol_strict_feasible_subset
connect-4,2951,33,3200,0.4,True,3200,1000,,True,True,strict_complete_cells,paper_protocol_strict_feasible_subset
connect-4,2952,34,3200,0.4,True,3200,1000,,True,True,strict_complete_cells,paper_protocol_strict_feasible_subset
connect-4,2953,35,3200,0.4,True,3200,1000,,True,True,strict_complete_cells,paper_protocol_strict_feasible_subset
connect-4,2954,36,3200,0.4,True,3200,1000,,True,True,strict_complete_cells,paper_protocol_strict_feasible_subset
connect-4,2955,37,3200,0.4,True,3200,1000,,True,True,strict_complete_cells,paper_protocol_strict_feasible_subset
connect-4,2956,38,3200,0.4,True,3200,1000,,True,True,strict_complete_cells,paper_protocol_strict_feasible_subset
connect-4,2957,39,3200,0.4,True,3200,1000,,True,True,strict_complete_cells,paper_protocol_strict_feasible_subset
connect-4,2958,40,3200,0.4,True,3200,1000,,True,True,strict_complete_cells,paper_protocol_strict_feasible_subset
connect-4,2959,41,3200,0.4,True,3200,1000,,True,True,strict_complete_cells,paper_protocol_strict_feasible_subset
connect-4,2960,42,3200,0.4,True,3200,1000,,True,True,strict_complete_cells,paper_protocol_strict_feasible_subset
connect-4,2961,43,3200,0.4,True,3200,1000,,True,True,strict_complete_cells,paper_protocol_strict_feasible_subset
connect-4,2962,44,3200,0.4,True,3200,1000,,True,True,strict_complete_cells,paper_protocol_strict_feasible_subset
connect-4,2963,45,3200,0.4,True,3200,1000,,True,True,strict_complete_cells,paper_protocol_strict_feasible_subset
connect-4,2964,46,3200,0.4,True,3200,1000,,True,True,strict_complete_cells,paper_protocol_strict_feasible_subset
connect-4,2965,47,3200,0.4,True,3200,1000,,True,True,strict_complete_cells,paper_protocol_strict_feasible_subset
connect-4,2966,48,3200,0.4,True,3200,1000,,True,True,strict_complete_cells,paper_protocol_strict_feasible_subset
connect-4,2967,49,3200,0.4,True,3200,1000,,True,True,strict_complete_cells,paper_protocol_strict_feasible_subset
connect-4,2968,50,3200,0.4,True,3200,1000,,True,True,strict_complete_cells,paper_protocol_strict_feasible_subset
connect-4,2969,51,3200,0.4,True,3200,1000,,True,True,strict_complete_cells,paper_protocol_strict_feasible_subset
connect-4,2970,52,3200,0.4,True,3200,1000,,True,True,strict_complete_cells,paper_protocol_strict_feasible_subset
connect-4,2971,53,3200,0.4,True,3200,1000,,True,True,strict_complete_cells,paper_protocol_strict_feasible_subset
connect-4,2972,54,3200,0.4,True,3200,1000,,True,True,strict_complete_cells,paper_protocol_strict_feasible_subset
connect-4,2973,55,3200,0.4,True,3200,1000,,True,True,strict_complete_cells,paper_protocol_strict_feasible_subset
connect-4,2974,56,3200,0.4,True,3200,1000,,True,True,strict_complete_cells,paper_protocol_strict_feasible_subset
connect-4,2975,57,3200,0.4,True,3200,1000,,True,True,strict_complete_cells,paper_protocol_strict_feasible_subset
connect-4,2976,58,3200,0.4,True,3200,1000,,True,True,strict_complete_cells,paper_protocol_strict_feasible_subset
connect-4,2977,59,3200,0.4,True,3200,1000,,True,True,strict_complete_cells,paper_protocol_strict_feasible_subset
connect-4,2978,60,3200,0.4,True,3200,1000,,True,True,strict_complete_cells,paper_protocol_strict_feasible_subset
connect-4,2979,61,3200,0.4,True,3200,1000,,True,True,strict_complete_cells,paper_protocol_strict_feasible_subset
connect-4,2980,62,3200,0.4,True,3200,1000,,True,True,strict_complete_cells,paper_protocol_strict_feasible_subset
connect-4,2981,63,3200,0.4,True,3200,1000,,True,True,strict_complete_cells,paper_protocol_strict_feasible_subset
connect-4,2982,64,3200,0.4,True,3200,1000,,True,True,strict_complete_cells,paper_protocol_strict_feasible_subset
connect-4,2983,65,3200,0.4,True,3200,1000,,True,True,strict_complete_cells,paper_protocol_strict_feasible_subset
connect-4,2984,66,3200,0.4,True,3200,1000,,True,True,strict_complete_cells,paper_protocol_strict_feasible_subset
connect-4,2985,67,3200,0.4,True,3200,1000,,True,True,strict_complete_cells,paper_protocol_strict_feasible_subset
connect-4,2986,68,3200,0.4,True,3200,1000,,True,True,strict_complete_cells,paper_protocol_strict_feasible_subset
connect-4,2987,69,3200,0.4,True,3200,1000,,True,True,strict_complete_cells,paper_protocol_strict_feasible_subset
connect-4,2988,70,3200,0.4,True,3200,1000,,True,True,strict_complete_cells,paper_protocol_strict_feasible_subset
connect-4,2989,71,3200,0.4,True,3200,1000,,True,True,strict_complete_cells,paper_protocol_strict_feasible_subset
connect-4,2990,72,3200,0.4,True,3200,1000,,True,True,strict_complete_cells,paper_protocol_strict_feasible_subset
connect-4,2991,73,3200,0.4,True,3200,1000,,True,True,strict_complete_cells,paper_protocol_strict_feasible_subset
connect-4,2992,74,3200,0.4,True,3200,1000,,True,True,strict_complete_cells,paper_protocol_strict_feasible_subset
connect-4,2993,75,3200,0.4,True,3200,1000,,True,True,strict_complete_cells,paper_protocol_strict_feasible_subset
connect-4,2994,76,3200,0.4,True,3200,1000,,True,True,strict_complete_cells,paper_protocol_strict_feasible_subset
connect-4,2995,77,3200,0.4,True,3200,1000,,True,True,strict_complete_cells,paper_protocol_strict_feasible_subset
connect-4,2996,78,3200,0.4,True,3200,1000,,True,True,strict_complete_cells,paper_protocol_strict_feasible_subset
connect-4,2997,79,3200,0.4,True,3200,1000,,True,True,strict_complete_cells,paper_protocol_strict_feasible_subset
connect-4,2998,80,3200,0.4,True,3200,1000,,True,True,strict_complete_cells,paper_protocol_strict_feasible_subset
connect-4,2999,81,3200,0.4,True,3200,1000,,True,True,strict_complete_cells,paper_protocol_strict_feasible_subset
connect-4,3000,82,3200,0.4,True,3200,1000,,True,True,strict_complete_cells,paper_protocol_strict_feasible_subset
connect-4,3001,83,3200,0.4,True,3200,1000,,True,True,strict_complete_cells,paper_protocol_strict_feasible_subset
connect-4,3002,84,3200,0.4,True,3200,1000,,True,True,strict_complete_cells,paper_protocol_strict_feasible_subset
connect-4,3003,85,3200,0.4,True,3200,1000,,True,True,strict_complete_cells,paper_protocol_strict_feasible_subset
connect-4,3004,86,3200,0.4,True,3200,1000,,True,True,strict_complete_cells,paper_protocol_strict_feasible_subset
connect-4,3005,87,3200,0.4,True,3200,1000,,True,True,strict_complete_cells,paper_protocol_strict_feasible_subset
connect-4,3006,88,3200,0.4,True,3200,1000,,True,True,strict_complete_cells,paper_protocol_strict_feasible_subset
connect-4,3007,89,3200,0.4,True,3200,1000,,True,True,strict_complete_cells,paper_protocol_strict_feasible_subset
connect-4,3008,90,3200,0.4,True,3200,1000,,True,True,strict_complete_cells,paper_protocol_strict_feasible_subset
connect-4,3009,91,3200,0.4,True,3200,1000,,True,True,strict_complete_cells,paper_protocol_strict_feasible_subset
connect-4,3010,92,3200,0.4,True,3200,1000,,True,True,strict_complete_cells,paper_protocol_strict_feasible_subset
connect-4,3011,93,3200,0.4,True,3200,1000,,True,True,strict_complete_cells,paper_protocol_strict_feasible_subset
connect-4,3012,94,3200,0.4,True,3200,1000,,True,True,strict_complete_cells,paper_protocol_strict_feasible_subset
connect-4,3013,95,3200,0.4,True,3200,1000,,True,True,strict_complete_cells,paper_protocol_strict_feasible_subset
connect-4,3014,96,3200,0.4,True,3200,1000,,True,True,strict_complete_cells,paper_protocol_strict_feasible_subset
connect-4,3015,97,3200,0.4,True,3200,1000,,True,True,strict_complete_cells,paper_protocol_strict_feasible_subset
connect-4,3016,98,3200,0.4,True,3200,1000,,True,True,strict_complete_cells,paper_protocol_strict_feasible_subset
connect-4,3017,99,3200,0.4,True,3200,1000,,True,True,strict_complete_cells,paper_protocol_strict_feasible_subset
connect-4,3018,0,3200,0.6,True,3200,1000,,True,True,strict_complete_cells,paper_protocol_strict_feasible_subset
connect-4,3019,1,3200,0.6,True,3200,1000,,True,True,strict_complete_cells,paper_protocol_strict_feasible_subset
connect-4,3020,2,3200,0.6,True,3200,1000,,True,True,strict_complete_cells,paper_protocol_strict_feasible_subset
connect-4,3021,3,3200,0.6,True,3200,1000,,True,True,strict_complete_cells,paper_protocol_strict_feasible_subset
connect-4,3022,4,3200,0.6,True,3200,1000,,True,True,strict_complete_cells,paper_protocol_strict_feasible_subset
connect-4,3023,5,3200,0.6,True,3200,1000,,True,True,strict_complete_cells,paper_protocol_strict_feasible_subset
connect-4,3024,6,3200,0.6,True,3200,1000,,True,True,strict_complete_cells,paper_protocol_strict_feasible_subset
connect-4,3025,7,3200,0.6,True,3200,1000,,True,True,strict_complete_cells,paper_protocol_strict_feasible_subset
connect-4,3026,8,3200,0.6,True,3200,1000,,True,True,strict_complete_cells,paper_protocol_strict_feasible_subset
connect-4,3027,9,3200,0.6,True,3200,1000,,True,True,strict_complete_cells,paper_protocol_strict_feasible_subset
connect-4,3028,10,3200,0.6,True,3200,1000,,True,True,strict_complete_cells,paper_protocol_strict_feasible_subset
connect-4,3029,11,3200,0.6,True,3200,1000,,True,True,strict_complete_cells,paper_protocol_strict_feasible_subset
connect-4,3030,12,3200,0.6,True,3200,1000,,True,True,strict_complete_cells,paper_protocol_strict_feasible_subset
connect-4,3031,13,3200,0.6,True,3200,1000,,True,True,strict_complete_cells,paper_protocol_strict_feasible_subset
connect-4,3032,14,3200,0.6,True,3200,1000,,True,True,strict_complete_cells,paper_protocol_strict_feasible_subset
connect-4,3033,15,3200,0.6,True,3200,1000,,True,True,strict_complete_cells,paper_protocol_strict_feasible_subset
connect-4,3034,16,3200,0.6,True,3200,1000,,True,True,strict_complete_cells,paper_protocol_strict_feasible_subset
connect-4,3035,17,3200,0.6,True,3200,1000,,True,True,strict_complete_cells,paper_protocol_strict_feasible_subset
connect-4,3036,18,3200,0.6,True,3200,1000,,True,True,strict_complete_cells,paper_protocol_strict_feasible_subset
connect-4,3037,19,3200,0.6,True,3200,1000,,True,True,strict_complete_cells,paper_protocol_strict_feasible_subset
connect-4,3038,20,3200,0.6,True,3200,1000,,True,True,strict_complete_cells,paper_protocol_strict_feasible_subset
connect-4,3039,21,3200,0.6,True,3200,1000,,True,True,strict_complete_cells,paper_protocol_strict_feasible_subset
connect-4,3040,22,3200,0.6,True,3200,1000,,True,True,strict_complete_cells,paper_protocol_strict_feasible_subset
connect-4,3041,23,3200,0.6,True,3200,1000,,True,True,strict_complete_cells,paper_protocol_strict_feasible_subset
connect-4,3042,24,3200,0.6,True,3200,1000,,True,True,strict_complete_cells,paper_protocol_strict_feasible_subset
connect-4,3043,25,3200,0.6,True,3200,1000,,True,True,strict_complete_cells,paper_protocol_strict_feasible_subset
connect-4,3044,26,3200,0.6,True,3200,1000,,True,True,strict_complete_cells,paper_protocol_strict_feasible_subset
connect-4,3045,27,3200,0.6,True,3200,1000,,True,True,strict_complete_cells,paper_protocol_strict_feasible_subset
connect-4,3046,28,3200,0.6,True,3200,1000,,True,True,strict_complete_cells,paper_protocol_strict_feasible_subset
connect-4,3047,29,3200,0.6,True,3200,1000,,True,True,strict_complete_cells,paper_protocol_strict_feasible_subset
connect-4,3048,30,3200,0.6,True,3200,1000,,True,True,strict_complete_cells,paper_protocol_strict_feasible_subset
connect-4,3049,31,3200,0.6,True,3200,1000,,True,True,strict_complete_cells,paper_protocol_strict_feasible_subset
connect-4,3050,32,3200,0.6,True,3200,1000,,True,True,strict_complete_cells,paper_protocol_strict_feasible_subset
connect-4,3051,33,3200,0.6,True,3200,1000,,True,True,strict_complete_cells,paper_protocol_strict_feasible_subset
connect-4,3052,34,3200,0.6,True,3200,1000,,True,True,strict_complete_cells,paper_protocol_strict_feasible_subset
connect-4,3053,35,3200,0.6,True,3200,1000,,True,True,strict_complete_cells,paper_protocol_strict_feasible_subset
connect-4,3054,36,3200,0.6,True,3200,1000,,True,True,strict_complete_cells,paper_protocol_strict_feasible_subset
connect-4,3055,37,3200,0.6,True,3200,1000,,True,True,strict_complete_cells,paper_protocol_strict_feasible_subset
connect-4,3056,38,3200,0.6,True,3200,1000,,True,True,strict_complete_cells,paper_protocol_strict_feasible_subset
connect-4,3057,39,3200,0.6,True,3200,1000,,True,True,strict_complete_cells,paper_protocol_strict_feasible_subset
connect-4,3058,40,3200,0.6,True,3200,1000,,True,True,strict_complete_cells,paper_protocol_strict_feasible_subset
connect-4,3059,41,3200,0.6,True,3200,1000,,True,True,strict_complete_cells,paper_protocol_strict_feasible_subset
connect-4,3060,42,3200,0.6,True,3200,1000,,True,True,strict_complete_cells,paper_protocol_strict_feasible_subset
connect-4,3061,43,3200,0.6,True,3200,1000,,True,True,strict_complete_cells,paper_protocol_strict_feasible_subset
connect-4,3062,44,3200,0.6,True,3200,1000,,True,True,strict_complete_cells,paper_protocol_strict_feasible_subset
connect-4,3063,45,3200,0.6,True,3200,1000,,True,True,strict_complete_cells,paper_protocol_strict_feasible_subset
connect-4,3064,46,3200,0.6,True,3200,1000,,True,True,strict_complete_cells,paper_protocol_strict_feasible_subset
connect-4,3065,47,3200,0.6,True,3200,1000,,True,True,strict_complete_cells,paper_protocol_strict_feasible_subset
connect-4,3066,48,3200,0.6,True,3200,1000,,True,True,strict_complete_cells,paper_protocol_strict_feasible_subset
connect-4,3067,49,3200,0.6,True,3200,1000,,True,True,strict_complete_cells,paper_protocol_strict_feasible_subset
connect-4,3068,50,3200,0.6,True,3200,1000,,True,True,strict_complete_cells,paper_protocol_strict_feasible_subset
connect-4,3069,51,3200,0.6,True,3200,1000,,True,True,strict_complete_cells,paper_protocol_strict_feasible_subset
connect-4,3070,52,3200,0.6,True,3200,1000,,True,True,strict_complete_cells,paper_protocol_strict_feasible_subset
connect-4,3071,53,3200,0.6,True,3200,1000,,True,True,strict_complete_cells,paper_protocol_strict_feasible_subset
connect-4,3072,54,3200,0.6,True,3200,1000,,True,True,strict_complete_cells,paper_protocol_strict_feasible_subset
connect-4,3073,55,3200,0.6,True,3200,1000,,True,True,strict_complete_cells,paper_protocol_strict_feasible_subset
connect-4,3074,56,3200,0.6,True,3200,1000,,True,True,strict_complete_cells,paper_protocol_strict_feasible_subset
connect-4,3075,57,3200,0.6,True,3200,1000,,True,True,strict_complete_cells,paper_protocol_strict_feasible_subset
connect-4,3076,58,3200,0.6,True,3200,1000,,True,True,strict_complete_cells,paper_protocol_strict_feasible_subset
connect-4,3077,59,3200,0.6,True,3200,1000,,True,True,strict_complete_cells,paper_protocol_strict_feasible_subset
connect-4,3078,60,3200,0.6,True,3200,1000,,True,True,strict_complete_cells,paper_protocol_strict_feasible_subset
connect-4,3079,61,3200,0.6,True,3200,1000,,True,True,strict_complete_cells,paper_protocol_strict_feasible_subset
connect-4,3080,62,3200,0.6,True,3200,1000,,True,True,strict_complete_cells,paper_protocol_strict_feasible_subset
connect-4,3081,63,3200,0.6,True,3200,1000,,True,True,strict_complete_cells,paper_protocol_strict_feasible_subset
connect-4,3082,64,3200,0.6,True,3200,1000,,True,True,strict_complete_cells,paper_protocol_strict_feasible_subset
connect-4,3083,65,3200,0.6,True,3200,1000,,True,True,strict_complete_cells,paper_protocol_strict_feasible_subset
connect-4,3084,66,3200,0.6,True,3200,1000,,True,True,strict_complete_cells,paper_protocol_strict_feasible_subset
connect-4,3085,67,3200,0.6,True,3200,1000,,True,True,strict_complete_cells,paper_protocol_strict_feasible_subset
connect-4,3086,68,3200,0.6,True,3200,1000,,True,True,strict_complete_cells,paper_protocol_strict_feasible_subset
connect-4,3087,69,3200,0.6,True,3200,1000,,True,True,strict_complete_cells,paper_protocol_strict_feasible_subset
connect-4,3088,70,3200,0.6,True,3200,1000,,True,True,strict_complete_cells,paper_protocol_strict_feasible_subset
connect-4,3089,71,3200,0.6,True,3200,1000,,True,True,strict_complete_cells,paper_protocol_strict_feasible_subset
connect-4,3090,72,3200,0.6,True,3200,1000,,True,True,strict_complete_cells,paper_protocol_strict_feasible_subset
connect-4,3091,73,3200,0.6,True,3200,1000,,True,True,strict_complete_cells,paper_protocol_strict_feasible_subset
connect-4,3092,74,3200,0.6,True,3200,1000,,True,True,strict_complete_cells,paper_protocol_strict_feasible_subset
connect-4,3093,75,3200,0.6,True,3200,1000,,True,True,strict_complete_cells,paper_protocol_strict_feasible_subset
connect-4,3094,76,3200,0.6,True,3200,1000,,True,True,strict_complete_cells,paper_protocol_strict_feasible_subset
connect-4,3095,77,3200,0.6,True,3200,1000,,True,True,strict_complete_cells,paper_protocol_strict_feasible_subset
connect-4,3096,78,3200,0.6,True,3200,1000,,True,True,strict_complete_cells,paper_protocol_strict_feasible_subset
connect-4,3097,79,3200,0.6,True,3200,1000,,True,True,strict_complete_cells,paper_protocol_strict_feasible_subset
connect-4,3098,80,3200,0.6,True,3200,1000,,True,True,strict_complete_cells,paper_protocol_strict_feasible_subset
connect-4,3099,81,3200,0.6,True,3200,1000,,True,True,strict_complete_cells,paper_protocol_strict_feasible_subset
connect-4,3100,82,3200,0.6,True,3200,1000,,True,True,strict_complete_cells,paper_protocol_strict_feasible_subset
connect-4,3101,83,3200,0.6,True,3200,1000,,True,True,strict_complete_cells,paper_protocol_strict_feasible_subset
connect-4,3102,84,3200,0.6,True,3200,1000,,True,True,strict_complete_cells,paper_protocol_strict_feasible_subset
connect-4,3103,85,3200,0.6,True,3200,1000,,True,True,strict_complete_cells,paper_protocol_strict_feasible_subset
connect-4,3104,86,3200,0.6,True,3200,1000,,True,True,strict_complete_cells,paper_protocol_strict_feasible_subset
connect-4,3105,87,3200,0.6,True,3200,1000,,True,True,strict_complete_cells,paper_protocol_strict_feasible_subset
connect-4,3106,88,3200,0.6,True,3200,1000,,True,True,strict_complete_cells,paper_protocol_strict_feasible_subset
connect-4,3107,89,3200,0.6,True,3200,1000,,True,True,strict_complete_cells,paper_protocol_strict_feasible_subset
connect-4,3108,90,3200,0.6,True,3200,1000,,True,True,strict_complete_cells,paper_protocol_strict_feasible_subset
connect-4,3109,91,3200,0.6,True,3200,1000,,True,True,strict_complete_cells,paper_protocol_strict_feasible_subset
connect-4,3110,92,3200,0.6,True,3200,1000,,True,True,strict_complete_cells,paper_protocol_strict_feasible_subset
connect-4,3111,93,3200,0.6,True,3200,1000,,True,True,strict_complete_cells,paper_protocol_strict_feasible_subset
connect-4,3112,94,3200,0.6,True,3200,1000,,True,True,strict_complete_cells,paper_protocol_strict_feasible_subset
connect-4,3113,95,3200,0.6,True,3200,1000,,True,True,strict_complete_cells,paper_protocol_strict_feasible_subset
connect-4,3114,96,3200,0.6,True,3200,1000,,True,True,strict_complete_cells,paper_protocol_strict_feasible_subset
connect-4,3115,97,3200,0.6,True,3200,1000,,True,True,strict_complete_cells,paper_protocol_strict_feasible_subset
connect-4,3116,98,3200,0.6,True,3200,1000,,True,True,strict_complete_cells,paper_protocol_strict_feasible_subset
connect-4,3117,99,3200,0.6,True,3200,1000,,True,True,strict_complete_cells,paper_protocol_strict_feasible_subset
connect-4,3118,0,3200,0.8,True,3200,1000,,True,True,strict_complete_cells,paper_protocol_strict_feasible_subset
connect-4,3119,1,3200,0.8,True,3200,1000,,True,True,strict_complete_cells,paper_protocol_strict_feasible_subset
connect-4,3120,2,3200,0.8,True,3200,1000,,True,True,strict_complete_cells,paper_protocol_strict_feasible_subset
connect-4,3121,3,3200,0.8,True,3200,1000,,True,True,strict_complete_cells,paper_protocol_strict_feasible_subset
connect-4,3122,4,3200,0.8,True,3200,1000,,True,True,strict_complete_cells,paper_protocol_strict_feasible_subset
connect-4,3123,5,3200,0.8,True,3200,1000,,True,True,strict_complete_cells,paper_protocol_strict_feasible_subset
connect-4,3124,6,3200,0.8,True,3200,1000,,True,True,strict_complete_cells,paper_protocol_strict_feasible_subset
connect-4,3125,7,3200,0.8,True,3200,1000,,True,True,strict_complete_cells,paper_protocol_strict_feasible_subset
connect-4,3126,8,3200,0.8,True,3200,1000,,True,True,strict_complete_cells,paper_protocol_strict_feasible_subset
connect-4,3127,9,3200,0.8,True,3200,1000,,True,True,strict_complete_cells,paper_protocol_strict_feasible_subset
connect-4,3128,10,3200,0.8,True,3200,1000,,True,True,strict_complete_cells,paper_protocol_strict_feasible_subset
connect-4,3129,11,3200,0.8,True,3200,1000,,True,True,strict_complete_cells,paper_protocol_strict_feasible_subset
connect-4,3130,12,3200,0.8,True,3200,1000,,True,True,strict_complete_cells,paper_protocol_strict_feasible_subset
connect-4,3131,13,3200,0.8,True,3200,1000,,True,True,strict_complete_cells,paper_protocol_strict_feasible_subset
connect-4,3132,14,3200,0.8,True,3200,1000,,True,True,strict_complete_cells,paper_protocol_strict_feasible_subset
connect-4,3133,15,3200,0.8,True,3200,1000,,True,True,strict_complete_cells,paper_protocol_strict_feasible_subset
connect-4,3134,16,3200,0.8,True,3200,1000,,True,True,strict_complete_cells,paper_protocol_strict_feasible_subset
connect-4,3135,17,3200,0.8,True,3200,1000,,True,True,strict_complete_cells,paper_protocol_strict_feasible_subset
connect-4,3136,18,3200,0.8,True,3200,1000,,True,True,strict_complete_cells,paper_protocol_strict_feasible_subset
connect-4,3137,19,3200,0.8,True,3200,1000,,True,True,strict_complete_cells,paper_protocol_strict_feasible_subset
connect-4,3138,20,3200,0.8,True,3200,1000,,True,True,strict_complete_cells,paper_protocol_strict_feasible_subset
connect-4,3139,21,3200,0.8,True,3200,1000,,True,True,strict_complete_cells,paper_protocol_strict_feasible_subset
connect-4,3140,22,3200,0.8,True,3200,1000,,True,True,strict_complete_cells,paper_protocol_strict_feasible_subset
connect-4,3141,23,3200,0.8,True,3200,1000,,True,True,strict_complete_cells,paper_protocol_strict_feasible_subset
connect-4,3142,24,3200,0.8,True,3200,1000,,True,True,strict_complete_cells,paper_protocol_strict_feasible_subset
connect-4,3143,25,3200,0.8,True,3200,1000,,True,True,strict_complete_cells,paper_protocol_strict_feasible_subset
connect-4,3144,26,3200,0.8,True,3200,1000,,True,True,strict_complete_cells,paper_protocol_strict_feasible_subset
connect-4,3145,27,3200,0.8,True,3200,1000,,True,True,strict_complete_cells,paper_protocol_strict_feasible_subset
connect-4,3146,28,3200,0.8,True,3200,1000,,True,True,strict_complete_cells,paper_protocol_strict_feasible_subset
connect-4,3147,29,3200,0.8,True,3200,1000,,True,True,strict_complete_cells,paper_protocol_strict_feasible_subset
connect-4,3148,30,3200,0.8,True,3200,1000,,True,True,strict_complete_cells,paper_protocol_strict_feasible_subset
connect-4,3149,31,3200,0.8,True,3200,1000,,True,True,strict_complete_cells,paper_protocol_strict_feasible_subset
connect-4,3150,32,3200,0.8,True,3200,1000,,True,True,strict_complete_cells,paper_protocol_strict_feasible_subset
connect-4,3151,33,3200,0.8,True,3200,1000,,True,True,strict_complete_cells,paper_protocol_strict_feasible_subset
connect-4,3152,34,3200,0.8,True,3200,1000,,True,True,strict_complete_cells,paper_protocol_strict_feasible_subset
connect-4,3153,35,3200,0.8,True,3200,1000,,True,True,strict_complete_cells,paper_protocol_strict_feasible_subset
connect-4,3154,36,3200,0.8,True,3200,1000,,True,True,strict_complete_cells,paper_protocol_strict_feasible_subset
connect-4,3155,37,3200,0.8,True,3200,1000,,True,True,strict_complete_cells,paper_protocol_strict_feasible_subset
connect-4,3156,38,3200,0.8,True,3200,1000,,True,True,strict_complete_cells,paper_protocol_strict_feasible_subset
connect-4,3157,39,3200,0.8,True,3200,1000,,True,True,strict_complete_cells,paper_protocol_strict_feasible_subset
connect-4,3158,40,3200,0.8,True,3200,1000,,True,True,strict_complete_cells,paper_protocol_strict_feasible_subset
connect-4,3159,41,3200,0.8,True,3200,1000,,True,True,strict_complete_cells,paper_protocol_strict_feasible_subset
connect-4,3160,42,3200,0.8,True,3200,1000,,True,True,strict_complete_cells,paper_protocol_strict_feasible_subset
connect-4,3161,43,3200,0.8,True,3200,1000,,True,True,strict_complete_cells,paper_protocol_strict_feasible_subset
connect-4,3162,44,3200,0.8,True,3200,1000,,True,True,strict_complete_cells,paper_protocol_strict_feasible_subset
connect-4,3163,45,3200,0.8,True,3200,1000,,True,True,strict_complete_cells,paper_protocol_strict_feasible_subset
connect-4,3164,46,3200,0.8,True,3200,1000,,True,True,strict_complete_cells,paper_protocol_strict_feasible_subset
connect-4,3165,47,3200,0.8,True,3200,1000,,True,True,strict_complete_cells,paper_protocol_strict_feasible_subset
connect-4,3166,48,3200,0.8,True,3200,1000,,True,True,strict_complete_cells,paper_protocol_strict_feasible_subset
connect-4,3167,49,3200,0.8,True,3200,1000,,True,True,strict_complete_cells,paper_protocol_strict_feasible_subset
connect-4,3168,50,3200,0.8,True,3200,1000,,True,True,strict_complete_cells,paper_protocol_strict_feasible_subset
connect-4,3169,51,3200,0.8,True,3200,1000,,True,True,strict_complete_cells,paper_protocol_strict_feasible_subset
connect-4,3170,52,3200,0.8,True,3200,1000,,True,True,strict_complete_cells,paper_protocol_strict_feasible_subset
connect-4,3171,53,3200,0.8,True,3200,1000,,True,True,strict_complete_cells,paper_protocol_strict_feasible_subset
connect-4,3172,54,3200,0.8,True,3200,1000,,True,True,strict_complete_cells,paper_protocol_strict_feasible_subset
connect-4,3173,55,3200,0.8,True,3200,1000,,True,True,strict_complete_cells,paper_protocol_strict_feasible_subset
connect-4,3174,56,3200,0.8,True,3200,1000,,True,True,strict_complete_cells,paper_protocol_strict_feasible_subset
connect-4,3175,57,3200,0.8,True,3200,1000,,True,True,strict_complete_cells,paper_protocol_strict_feasible_subset
connect-4,3176,58,3200,0.8,True,3200,1000,,True,True,strict_complete_cells,paper_protocol_strict_feasible_subset
connect-4,3177,59,3200,0.8,True,3200,1000,,True,True,strict_complete_cells,paper_protocol_strict_feasible_subset
connect-4,3178,60,3200,0.8,True,3200,1000,,True,True,strict_complete_cells,paper_protocol_strict_feasible_subset
connect-4,3179,61,3200,0.8,True,3200,1000,,True,True,strict_complete_cells,paper_protocol_strict_feasible_subset
connect-4,3180,62,3200,0.8,True,3200,1000,,True,True,strict_complete_cells,paper_protocol_strict_feasible_subset
connect-4,3181,63,3200,0.8,True,3200,1000,,True,True,strict_complete_cells,paper_protocol_strict_feasible_subset
connect-4,3182,64,3200,0.8,True,3200,1000,,True,True,strict_complete_cells,paper_protocol_strict_feasible_subset
connect-4,3183,65,3200,0.8,True,3200,1000,,True,True,strict_complete_cells,paper_protocol_strict_feasible_subset
connect-4,3184,66,3200,0.8,True,3200,1000,,True,True,strict_complete_cells,paper_protocol_strict_feasible_subset
connect-4,3185,67,3200,0.8,True,3200,1000,,True,True,strict_complete_cells,paper_protocol_strict_feasible_subset
connect-4,3186,68,3200,0.8,True,3200,1000,,True,True,strict_complete_cells,paper_protocol_strict_feasible_subset
connect-4,3187,69,3200,0.8,True,3200,1000,,True,True,strict_complete_cells,paper_protocol_strict_feasible_subset
connect-4,3188,70,3200,0.8,True,3200,1000,,True,True,strict_complete_cells,paper_protocol_strict_feasible_subset
connect-4,3189,71,3200,0.8,True,3200,1000,,True,True,strict_complete_cells,paper_protocol_strict_feasible_subset
connect-4,3190,72,3200,0.8,True,3200,1000,,True,True,strict_complete_cells,paper_protocol_strict_feasible_subset
connect-4,3191,73,3200,0.8,True,3200,1000,,True,True,strict_complete_cells,paper_protocol_strict_feasible_subset
connect-4,3192,74,3200,0.8,True,3200,1000,,True,True,strict_complete_cells,paper_protocol_strict_feasible_subset
connect-4,3193,75,3200,0.8,True,3200,1000,,True,True,strict_complete_cells,paper_protocol_strict_feasible_subset
connect-4,3194,76,3200,0.8,True,3200,1000,,True,True,strict_complete_cells,paper_protocol_strict_feasible_subset
connect-4,3195,77,3200,0.8,True,3200,1000,,True,True,strict_complete_cells,paper_protocol_strict_feasible_subset
connect-4,3196,78,3200,0.8,True,3200,1000,,True,True,strict_complete_cells,paper_protocol_strict_feasible_subset
connect-4,3197,79,3200,0.8,True,3200,1000,,True,True,strict_complete_cells,paper_protocol_strict_feasible_subset
connect-4,3198,80,3200,0.8,True,3200,1000,,True,True,strict_complete_cells,paper_protocol_strict_feasible_subset
connect-4,3199,81,3200,0.8,True,3200,1000,,True,True,strict_complete_cells,paper_protocol_strict_feasible_subset
connect-4,3200,82,3200,0.8,True,3200,1000,,True,True,strict_complete_cells,paper_protocol_strict_feasible_subset
connect-4,3201,83,3200,0.8,True,3200,1000,,True,True,strict_complete_cells,paper_protocol_strict_feasible_subset
connect-4,3202,84,3200,0.8,True,3200,1000,,True,True,strict_complete_cells,paper_protocol_strict_feasible_subset
connect-4,3203,85,3200,0.8,True,3200,1000,,True,True,strict_complete_cells,paper_protocol_strict_feasible_subset
connect-4,3204,86,3200,0.8,True,3200,1000,,True,True,strict_complete_cells,paper_protocol_strict_feasible_subset
connect-4,3205,87,3200,0.8,True,3200,1000,,True,True,strict_complete_cells,paper_protocol_strict_feasible_subset
connect-4,3206,88,3200,0.8,True,3200,1000,,True,True,strict_complete_cells,paper_protocol_strict_feasible_subset
connect-4,3207,89,3200,0.8,True,3200,1000,,True,True,strict_complete_cells,paper_protocol_strict_feasible_subset
connect-4,3208,90,3200,0.8,True,3200,1000,,True,True,strict_complete_cells,paper_protocol_strict_feasible_subset
connect-4,3209,91,3200,0.8,True,3200,1000,,True,True,strict_complete_cells,paper_protocol_strict_feasible_subset
connect-4,3210,92,3200,0.8,True,3200,1000,,True,True,strict_complete_cells,paper_protocol_strict_feasible_subset
connect-4,3211,93,3200,0.8,True,3200,1000,,True,True,strict_complete_cells,paper_protocol_strict_feasible_subset
connect-4,3212,94,3200,0.8,True,3200,1000,,True,True,strict_complete_cells,paper_protocol_strict_feasible_subset
connect-4,3213,95,3200,0.8,True,3200,1000,,True,True,strict_complete_cells,paper_protocol_strict_feasible_subset
connect-4,3214,96,3200,0.8,True,3200,1000,,True,True,strict_complete_cells,paper_protocol_strict_feasible_subset
connect-4,3215,97,3200,0.8,True,3200,1000,,True,True,strict_complete_cells,paper_protocol_strict_feasible_subset
connect-4,3216,98,3200,0.8,True,3200,1000,,True,True,strict_complete_cells,paper_protocol_strict_feasible_subset
connect-4,3217,99,3200,0.8,True,3200,1000,,True,True,strict_complete_cells,paper_protocol_strict_feasible_subset
spambase,2018,0,800,0.2,True,800,1000,,True,True,strict_complete_cells,paper_protocol_strict_feasible_subset
spambase,2019,1,800,0.2,True,800,1000,,True,True,strict_complete_cells,paper_protocol_strict_feasible_subset
spambase,2020,2,800,0.2,True,800,1000,,True,True,strict_complete_cells,paper_protocol_strict_feasible_subset
spambase,2021,3,800,0.2,True,800,1000,,True,True,strict_complete_cells,paper_protocol_strict_feasible_subset
spambase,2022,4,800,0.2,True,800,1000,,True,True,strict_complete_cells,paper_protocol_strict_feasible_subset
spambase,2023,5,800,0.2,True,800,1000,,True,True,strict_complete_cells,paper_protocol_strict_feasible_subset
spambase,2024,6,800,0.2,True,800,1000,,True,True,strict_complete_cells,paper_protocol_strict_feasible_subset
spambase,2025,7,800,0.2,True,800,1000,,True,True,strict_complete_cells,paper_protocol_strict_feasible_subset
spambase,2026,8,800,0.2,True,800,1000,,True,True,strict_complete_cells,paper_protocol_strict_feasible_subset
spambase,2027,9,800,0.2,True,800,1000,,True,True,strict_complete_cells,paper_protocol_strict_feasible_subset
spambase,2028,10,800,0.2,True,800,1000,,True,True,strict_complete_cells,paper_protocol_strict_feasible_subset
spambase,2029,11,800,0.2,True,800,1000,,True,True,strict_complete_cells,paper_protocol_strict_feasible_subset
spambase,2030,12,800,0.2,True,800,1000,,True,True,strict_complete_cells,paper_protocol_strict_feasible_subset
spambase,2031,13,800,0.2,True,800,1000,,True,True,strict_complete_cells,paper_protocol_strict_feasible_subset
spambase,2032,14,800,0.2,True,800,1000,,True,True,strict_complete_cells,paper_protocol_strict_feasible_subset
spambase,2033,15,800,0.2,True,800,1000,,True,True,strict_complete_cells,paper_protocol_strict_feasible_subset
spambase,2034,16,800,0.2,True,800,1000,,True,True,strict_complete_cells,paper_protocol_strict_feasible_subset
spambase,2035,17,800,0.2,True,800,1000,,True,True,strict_complete_cells,paper_protocol_strict_feasible_subset
spambase,2036,18,800,0.2,True,800,1000,,True,True,strict_complete_cells,paper_protocol_strict_feasible_subset
spambase,2037,19,800,0.2,True,800,1000,,True,True,strict_complete_cells,paper_protocol_strict_feasible_subset
spambase,2038,20,800,0.2,True,800,1000,,True,True,strict_complete_cells,paper_protocol_strict_feasible_subset
spambase,2039,21,800,0.2,True,800,1000,,True,True,strict_complete_cells,paper_protocol_strict_feasible_subset
spambase,2040,22,800,0.2,True,800,1000,,True,True,strict_complete_cells,paper_protocol_strict_feasible_subset
spambase,2041,23,800,0.2,True,800,1000,,True,True,strict_complete_cells,paper_protocol_strict_feasible_subset
spambase,2042,24,800,0.2,True,800,1000,,True,True,strict_complete_cells,paper_protocol_strict_feasible_subset
spambase,2043,25,800,0.2,True,800,1000,,True,True,strict_complete_cells,paper_protocol_strict_feasible_subset
spambase,2044,26,800,0.2,True,800,1000,,True,True,strict_complete_cells,paper_protocol_strict_feasible_subset
spambase,2045,27,800,0.2,True,800,1000,,True,True,strict_complete_cells,paper_protocol_strict_feasible_subset
spambase,2046,28,800,0.2,True,800,1000,,True,True,strict_complete_cells,paper_protocol_strict_feasible_subset
spambase,2047,29,800,0.2,True,800,1000,,True,True,strict_complete_cells,paper_protocol_strict_feasible_subset
spambase,2048,30,800,0.2,True,800,1000,,True,True,strict_complete_cells,paper_protocol_strict_feasible_subset
spambase,2049,31,800,0.2,True,800,1000,,True,True,strict_complete_cells,paper_protocol_strict_feasible_subset
spambase,2050,32,800,0.2,True,800,1000,,True,True,strict_complete_cells,paper_protocol_strict_feasible_subset
spambase,2051,33,800,0.2,True,800,1000,,True,True,strict_complete_cells,paper_protocol_strict_feasible_subset
spambase,2052,34,800,0.2,True,800,1000,,True,True,strict_complete_cells,paper_protocol_strict_feasible_subset
spambase,2053,35,800,0.2,True,800,1000,,True,True,strict_complete_cells,paper_protocol_strict_feasible_subset
spambase,2054,36,800,0.2,True,800,1000,,True,True,strict_complete_cells,paper_protocol_strict_feasible_subset
spambase,2055,37,800,0.2,True,800,1000,,True,True,strict_complete_cells,paper_protocol_strict_feasible_subset
spambase,2056,38,800,0.2,True,800,1000,,True,True,strict_complete_cells,paper_protocol_strict_feasible_subset
spambase,2057,39,800,0.2,True,800,1000,,True,True,strict_complete_cells,paper_protocol_strict_feasible_subset
spambase,2058,40,800,0.2,True,800,1000,,True,True,strict_complete_cells,paper_protocol_strict_feasible_subset
spambase,2059,41,800,0.2,True,800,1000,,True,True,strict_complete_cells,paper_protocol_strict_feasible_subset
spambase,2060,42,800,0.2,True,800,1000,,True,True,strict_complete_cells,paper_protocol_strict_feasible_subset
spambase,2061,43,800,0.2,True,800,1000,,True,True,strict_complete_cells,paper_protocol_strict_feasible_subset
spambase,2062,44,800,0.2,True,800,1000,,True,True,strict_complete_cells,paper_protocol_strict_feasible_subset
spambase,2063,45,800,0.2,True,800,1000,,True,True,strict_complete_cells,paper_protocol_strict_feasible_subset
spambase,2064,46,800,0.2,True,800,1000,,True,True,strict_complete_cells,paper_protocol_strict_feasible_subset
spambase,2065,47,800,0.2,True,800,1000,,True,True,strict_complete_cells,paper_protocol_strict_feasible_subset
spambase,2066,48,800,0.2,True,800,1000,,True,True,strict_complete_cells,paper_protocol_strict_feasible_subset
spambase,2067,49,800,0.2,True,800,1000,,True,True,strict_complete_cells,paper_protocol_strict_feasible_subset
spambase,2068,50,800,0.2,True,800,1000,,True,True,strict_complete_cells,paper_protocol_strict_feasible_subset
spambase,2069,51,800,0.2,True,800,1000,,True,True,strict_complete_cells,paper_protocol_strict_feasible_subset
spambase,2070,52,800,0.2,True,800,1000,,True,True,strict_complete_cells,paper_protocol_strict_feasible_subset
spambase,2071,53,800,0.2,True,800,1000,,True,True,strict_complete_cells,paper_protocol_strict_feasible_subset
spambase,2072,54,800,0.2,True,800,1000,,True,True,strict_complete_cells,paper_protocol_strict_feasible_subset
spambase,2073,55,800,0.2,True,800,1000,,True,True,strict_complete_cells,paper_protocol_strict_feasible_subset
spambase,2074,56,800,0.2,True,800,1000,,True,True,strict_complete_cells,paper_protocol_strict_feasible_subset
spambase,2075,57,800,0.2,True,800,1000,,True,True,strict_complete_cells,paper_protocol_strict_feasible_subset
spambase,2076,58,800,0.2,True,800,1000,,True,True,strict_complete_cells,paper_protocol_strict_feasible_subset
spambase,2077,59,800,0.2,True,800,1000,,True,True,strict_complete_cells,paper_protocol_strict_feasible_subset
spambase,2078,60,800,0.2,True,800,1000,,True,True,strict_complete_cells,paper_protocol_strict_feasible_subset
spambase,2079,61,800,0.2,True,800,1000,,True,True,strict_complete_cells,paper_protocol_strict_feasible_subset
spambase,2080,62,800,0.2,True,800,1000,,True,True,strict_complete_cells,paper_protocol_strict_feasible_subset
spambase,2081,63,800,0.2,True,800,1000,,True,True,strict_complete_cells,paper_protocol_strict_feasible_subset
spambase,2082,64,800,0.2,True,800,1000,,True,True,strict_complete_cells,paper_protocol_strict_feasible_subset
spambase,2083,65,800,0.2,True,800,1000,,True,True,strict_complete_cells,paper_protocol_strict_feasible_subset
spambase,2084,66,800,0.2,True,800,1000,,True,True,strict_complete_cells,paper_protocol_strict_feasible_subset
spambase,2085,67,800,0.2,True,800,1000,,True,True,strict_complete_cells,paper_protocol_strict_feasible_subset
spambase,2086,68,800,0.2,True,800,1000,,True,True,strict_complete_cells,paper_protocol_strict_feasible_subset
spambase,2087,69,800,0.2,True,800,1000,,True,True,strict_complete_cells,paper_protocol_strict_feasible_subset
spambase,2088,70,800,0.2,True,800,1000,,True,True,strict_complete_cells,paper_protocol_strict_feasible_subset
spambase,2089,71,800,0.2,True,800,1000,,True,True,strict_complete_cells,paper_protocol_strict_feasible_subset
spambase,2090,72,800,0.2,True,800,1000,,True,True,strict_complete_cells,paper_protocol_strict_feasible_subset
spambase,2091,73,800,0.2,True,800,1000,,True,True,strict_complete_cells,paper_protocol_strict_feasible_subset
spambase,2092,74,800,0.2,True,800,1000,,True,True,strict_complete_cells,paper_protocol_strict_feasible_subset
spambase,2093,75,800,0.2,True,800,1000,,True,True,strict_complete_cells,paper_protocol_strict_feasible_subset
spambase,2094,76,800,0.2,True,800,1000,,True,True,strict_complete_cells,paper_protocol_strict_feasible_subset
spambase,2095,77,800,0.2,True,800,1000,,True,True,strict_complete_cells,paper_protocol_strict_feasible_subset
spambase,2096,78,800,0.2,True,800,1000,,True,True,strict_complete_cells,paper_protocol_strict_feasible_subset
spambase,2097,79,800,0.2,True,800,1000,,True,True,strict_complete_cells,paper_protocol_strict_feasible_subset
spambase,2098,80,800,0.2,True,800,1000,,True,True,strict_complete_cells,paper_protocol_strict_feasible_subset
spambase,2099,81,800,0.2,True,800,1000,,True,True,strict_complete_cells,paper_protocol_strict_feasible_subset
spambase,2100,82,800,0.2,True,800,1000,,True,True,strict_complete_cells,paper_protocol_strict_feasible_subset
spambase,2101,83,800,0.2,True,800,1000,,True,True,strict_complete_cells,paper_protocol_strict_feasible_subset
spambase,2102,84,800,0.2,True,800,1000,,True,True,strict_complete_cells,paper_protocol_strict_feasible_subset
spambase,2103,85,800,0.2,True,800,1000,,True,True,strict_complete_cells,paper_protocol_strict_feasible_subset
spambase,2104,86,800,0.2,True,800,1000,,True,True,strict_complete_cells,paper_protocol_strict_feasible_subset
spambase,2105,87,800,0.2,True,800,1000,,True,True,strict_complete_cells,paper_protocol_strict_feasible_subset
spambase,2106,88,800,0.2,True,800,1000,,True,True,strict_complete_cells,paper_protocol_strict_feasible_subset
spambase,2107,89,800,0.2,True,800,1000,,True,True,strict_complete_cells,paper_protocol_strict_feasible_subset
spambase,2108,90,800,0.2,True,800,1000,,True,True,strict_complete_cells,paper_protocol_strict_feasible_subset
spambase,2109,91,800,0.2,True,800,1000,,True,True,strict_complete_cells,paper_protocol_strict_feasible_subset
spambase,2110,92,800,0.2,True,800,1000,,True,True,strict_complete_cells,paper_protocol_strict_feasible_subset
spambase,2111,93,800,0.2,True,800,1000,,True,True,strict_complete_cells,paper_protocol_strict_feasible_subset
spambase,2112,94,800,0.2,True,800,1000,,True,True,strict_complete_cells,paper_protocol_strict_feasible_subset
spambase,2113,95,800,0.2,True,800,1000,,True,True,strict_complete_cells,paper_protocol_strict_feasible_subset
spambase,2114,96,800,0.2,True,800,1000,,True,True,strict_complete_cells,paper_protocol_strict_feasible_subset
spambase,2115,97,800,0.2,True,800,1000,,True,True,strict_complete_cells,paper_protocol_strict_feasible_subset
spambase,2116,98,800,0.2,True,800,1000,,True,True,strict_complete_cells,paper_protocol_strict_feasible_subset
spambase,2117,99,800,0.2,True,800,1000,,True,True,strict_complete_cells,paper_protocol_strict_feasible_subset
spambase,2118,0,800,0.4,True,800,1000,,True,True,strict_complete_cells,paper_protocol_strict_feasible_subset
spambase,2119,1,800,0.4,True,800,1000,,True,True,strict_complete_cells,paper_protocol_strict_feasible_subset
spambase,2120,2,800,0.4,True,800,1000,,True,True,strict_complete_cells,paper_protocol_strict_feasible_subset
spambase,2121,3,800,0.4,True,800,1000,,True,True,strict_complete_cells,paper_protocol_strict_feasible_subset
spambase,2122,4,800,0.4,True,800,1000,,True,True,strict_complete_cells,paper_protocol_strict_feasible_subset
spambase,2123,5,800,0.4,True,800,1000,,True,True,strict_complete_cells,paper_protocol_strict_feasible_subset
spambase,2124,6,800,0.4,True,800,1000,,True,True,strict_complete_cells,paper_protocol_strict_feasible_subset
spambase,2125,7,800,0.4,True,800,1000,,True,True,strict_complete_cells,paper_protocol_strict_feasible_subset
spambase,2126,8,800,0.4,True,800,1000,,True,True,strict_complete_cells,paper_protocol_strict_feasible_subset
spambase,2127,9,800,0.4,True,800,1000,,True,True,strict_complete_cells,paper_protocol_strict_feasible_subset
spambase,2128,10,800,0.4,True,800,1000,,True,True,strict_complete_cells,paper_protocol_strict_feasible_subset
spambase,2129,11,800,0.4,True,800,1000,,True,True,strict_complete_cells,paper_protocol_strict_feasible_subset
spambase,2130,12,800,0.4,True,800,1000,,True,True,strict_complete_cells,paper_protocol_strict_feasible_subset
spambase,2131,13,800,0.4,True,800,1000,,True,True,strict_complete_cells,paper_protocol_strict_feasible_subset
spambase,2132,14,800,0.4,True,800,1000,,True,True,strict_complete_cells,paper_protocol_strict_feasible_subset
spambase,2133,15,800,0.4,True,800,1000,,True,True,strict_complete_cells,paper_protocol_strict_feasible_subset
spambase,2134,16,800,0.4,True,800,1000,,True,True,strict_complete_cells,paper_protocol_strict_feasible_subset
spambase,2135,17,800,0.4,True,800,1000,,True,True,strict_complete_cells,paper_protocol_strict_feasible_subset
spambase,2136,18,800,0.4,True,800,1000,,True,True,strict_complete_cells,paper_protocol_strict_feasible_subset
spambase,2137,19,800,0.4,True,800,1000,,True,True,strict_complete_cells,paper_protocol_strict_feasible_subset
spambase,2138,20,800,0.4,True,800,1000,,True,True,strict_complete_cells,paper_protocol_strict_feasible_subset
spambase,2139,21,800,0.4,True,800,1000,,True,True,strict_complete_cells,paper_protocol_strict_feasible_subset
spambase,2140,22,800,0.4,True,800,1000,,True,True,strict_complete_cells,paper_protocol_strict_feasible_subset
spambase,2141,23,800,0.4,True,800,1000,,True,True,strict_complete_cells,paper_protocol_strict_feasible_subset
spambase,2142,24,800,0.4,True,800,1000,,True,True,strict_complete_cells,paper_protocol_strict_feasible_subset
spambase,2143,25,800,0.4,True,800,1000,,True,True,strict_complete_cells,paper_protocol_strict_feasible_subset
spambase,2144,26,800,0.4,True,800,1000,,True,True,strict_complete_cells,paper_protocol_strict_feasible_subset
spambase,2145,27,800,0.4,True,800,1000,,True,True,strict_complete_cells,paper_protocol_strict_feasible_subset
spambase,2146,28,800,0.4,True,800,1000,,True,True,strict_complete_cells,paper_protocol_strict_feasible_subset
spambase,2147,29,800,0.4,True,800,1000,,True,True,strict_complete_cells,paper_protocol_strict_feasible_subset
spambase,2148,30,800,0.4,True,800,1000,,True,True,strict_complete_cells,paper_protocol_strict_feasible_subset
spambase,2149,31,800,0.4,True,800,1000,,True,True,strict_complete_cells,paper_protocol_strict_feasible_subset
spambase,2150,32,800,0.4,True,800,1000,,True,True,strict_complete_cells,paper_protocol_strict_feasible_subset
spambase,2151,33,800,0.4,True,800,1000,,True,True,strict_complete_cells,paper_protocol_strict_feasible_subset
spambase,2152,34,800,0.4,True,800,1000,,True,True,strict_complete_cells,paper_protocol_strict_feasible_subset
spambase,2153,35,800,0.4,True,800,1000,,True,True,strict_complete_cells,paper_protocol_strict_feasible_subset
spambase,2154,36,800,0.4,True,800,1000,,True,True,strict_complete_cells,paper_protocol_strict_feasible_subset
spambase,2155,37,800,0.4,True,800,1000,,True,True,strict_complete_cells,paper_protocol_strict_feasible_subset
spambase,2156,38,800,0.4,True,800,1000,,True,True,strict_complete_cells,paper_protocol_strict_feasible_subset
spambase,2157,39,800,0.4,True,800,1000,,True,True,strict_complete_cells,paper_protocol_strict_feasible_subset
spambase,2158,40,800,0.4,True,800,1000,,True,True,strict_complete_cells,paper_protocol_strict_feasible_subset
spambase,2159,41,800,0.4,True,800,1000,,True,True,strict_complete_cells,paper_protocol_strict_feasible_subset
spambase,2160,42,800,0.4,True,800,1000,,True,True,strict_complete_cells,paper_protocol_strict_feasible_subset
spambase,2161,43,800,0.4,True,800,1000,,True,True,strict_complete_cells,paper_protocol_strict_feasible_subset
spambase,2162,44,800,0.4,True,800,1000,,True,True,strict_complete_cells,paper_protocol_strict_feasible_subset
spambase,2163,45,800,0.4,True,800,1000,,True,True,strict_complete_cells,paper_protocol_strict_feasible_subset
spambase,2164,46,800,0.4,True,800,1000,,True,True,strict_complete_cells,paper_protocol_strict_feasible_subset
spambase,2165,47,800,0.4,True,800,1000,,True,True,strict_complete_cells,paper_protocol_strict_feasible_subset
spambase,2166,48,800,0.4,True,800,1000,,True,True,strict_complete_cells,paper_protocol_strict_feasible_subset
spambase,2167,49,800,0.4,True,800,1000,,True,True,strict_complete_cells,paper_protocol_strict_feasible_subset
spambase,2168,50,800,0.4,True,800,1000,,True,True,strict_complete_cells,paper_protocol_strict_feasible_subset
spambase,2169,51,800,0.4,True,800,1000,,True,True,strict_complete_cells,paper_protocol_strict_feasible_subset
spambase,2170,52,800,0.4,True,800,1000,,True,True,strict_complete_cells,paper_protocol_strict_feasible_subset
spambase,2171,53,800,0.4,True,800,1000,,True,True,strict_complete_cells,paper_protocol_strict_feasible_subset
spambase,2172,54,800,0.4,True,800,1000,,True,True,strict_complete_cells,paper_protocol_strict_feasible_subset
spambase,2173,55,800,0.4,True,800,1000,,True,True,strict_complete_cells,paper_protocol_strict_feasible_subset
spambase,2174,56,800,0.4,True,800,1000,,True,True,strict_complete_cells,paper_protocol_strict_feasible_subset
spambase,2175,57,800,0.4,True,800,1000,,True,True,strict_complete_cells,paper_protocol_strict_feasible_subset
spambase,2176,58,800,0.4,True,800,1000,,True,True,strict_complete_cells,paper_protocol_strict_feasible_subset
spambase,2177,59,800,0.4,True,800,1000,,True,True,strict_complete_cells,paper_protocol_strict_feasible_subset
spambase,2178,60,800,0.4,True,800,1000,,True,True,strict_complete_cells,paper_protocol_strict_feasible_subset
spambase,2179,61,800,0.4,True,800,1000,,True,True,strict_complete_cells,paper_protocol_strict_feasible_subset
spambase,2180,62,800,0.4,True,800,1000,,True,True,strict_complete_cells,paper_protocol_strict_feasible_subset
spambase,2181,63,800,0.4,True,800,1000,,True,True,strict_complete_cells,paper_protocol_strict_feasible_subset
spambase,2182,64,800,0.4,True,800,1000,,True,True,strict_complete_cells,paper_protocol_strict_feasible_subset
spambase,2183,65,800,0.4,True,800,1000,,True,True,strict_complete_cells,paper_protocol_strict_feasible_subset
spambase,2184,66,800,0.4,True,800,1000,,True,True,strict_complete_cells,paper_protocol_strict_feasible_subset
spambase,2185,67,800,0.4,True,800,1000,,True,True,strict_complete_cells,paper_protocol_strict_feasible_subset
spambase,2186,68,800,0.4,True,800,1000,,True,True,strict_complete_cells,paper_protocol_strict_feasible_subset
spambase,2187,69,800,0.4,True,800,1000,,True,True,strict_complete_cells,paper_protocol_strict_feasible_subset
spambase,2188,70,800,0.4,True,800,1000,,True,True,strict_complete_cells,paper_protocol_strict_feasible_subset
spambase,2189,71,800,0.4,True,800,1000,,True,True,strict_complete_cells,paper_protocol_strict_feasible_subset
spambase,2190,72,800,0.4,True,800,1000,,True,True,strict_complete_cells,paper_protocol_strict_feasible_subset
spambase,2191,73,800,0.4,True,800,1000,,True,True,strict_complete_cells,paper_protocol_strict_feasible_subset
spambase,2192,74,800,0.4,True,800,1000,,True,True,strict_complete_cells,paper_protocol_strict_feasible_subset
spambase,2193,75,800,0.4,True,800,1000,,True,True,strict_complete_cells,paper_protocol_strict_feasible_subset
spambase,2194,76,800,0.4,True,800,1000,,True,True,strict_complete_cells,paper_protocol_strict_feasible_subset
spambase,2195,77,800,0.4,True,800,1000,,True,True,strict_complete_cells,paper_protocol_strict_feasible_subset
spambase,2196,78,800,0.4,True,800,1000,,True,True,strict_complete_cells,paper_protocol_strict_feasible_subset
spambase,2197,79,800,0.4,True,800,1000,,True,True,strict_complete_cells,paper_protocol_strict_feasible_subset
spambase,2198,80,800,0.4,True,800,1000,,True,True,strict_complete_cells,paper_protocol_strict_feasible_subset
spambase,2199,81,800,0.4,True,800,1000,,True,True,strict_complete_cells,paper_protocol_strict_feasible_subset
spambase,2200,82,800,0.4,True,800,1000,,True,True,strict_complete_cells,paper_protocol_strict_feasible_subset
spambase,2201,83,800,0.4,True,800,1000,,True,True,strict_complete_cells,paper_protocol_strict_feasible_subset
spambase,2202,84,800,0.4,True,800,1000,,True,True,strict_complete_cells,paper_protocol_strict_feasible_subset
spambase,2203,85,800,0.4,True,800,1000,,True,True,strict_complete_cells,paper_protocol_strict_feasible_subset
spambase,2204,86,800,0.4,True,800,1000,,True,True,strict_complete_cells,paper_protocol_strict_feasible_subset
spambase,2205,87,800,0.4,True,800,1000,,True,True,strict_complete_cells,paper_protocol_strict_feasible_subset
spambase,2206,88,800,0.4,True,800,1000,,True,True,strict_complete_cells,paper_protocol_strict_feasible_subset
spambase,2207,89,800,0.4,True,800,1000,,True,True,strict_complete_cells,paper_protocol_strict_feasible_subset
spambase,2208,90,800,0.4,True,800,1000,,True,True,strict_complete_cells,paper_protocol_strict_feasible_subset
spambase,2209,91,800,0.4,True,800,1000,,True,True,strict_complete_cells,paper_protocol_strict_feasible_subset
spambase,2210,92,800,0.4,True,800,1000,,True,True,strict_complete_cells,paper_protocol_strict_feasible_subset
spambase,2211,93,800,0.4,True,800,1000,,True,True,strict_complete_cells,paper_protocol_strict_feasible_subset
spambase,2212,94,800,0.4,True,800,1000,,True,True,strict_complete_cells,paper_protocol_strict_feasible_subset
spambase,2213,95,800,0.4,True,800,1000,,True,True,strict_complete_cells,paper_protocol_strict_feasible_subset
spambase,2214,96,800,0.4,True,800,1000,,True,True,strict_complete_cells,paper_protocol_strict_feasible_subset
spambase,2215,97,800,0.4,True,800,1000,,True,True,strict_complete_cells,paper_protocol_strict_feasible_subset
spambase,2216,98,800,0.4,True,800,1000,,True,True,strict_complete_cells,paper_protocol_strict_feasible_subset
spambase,2217,99,800,0.4,True,800,1000,,True,True,strict_complete_cells,paper_protocol_strict_feasible_subset
spambase,2218,0,800,0.6,True,800,1000,,True,True,strict_complete_cells,paper_protocol_strict_feasible_subset
spambase,2219,1,800,0.6,True,800,1000,,True,True,strict_complete_cells,paper_protocol_strict_feasible_subset
spambase,2220,2,800,0.6,True,800,1000,,True,True,strict_complete_cells,paper_protocol_strict_feasible_subset
spambase,2221,3,800,0.6,True,800,1000,,True,True,strict_complete_cells,paper_protocol_strict_feasible_subset
spambase,2222,4,800,0.6,True,800,1000,,True,True,strict_complete_cells,paper_protocol_strict_feasible_subset
spambase,2223,5,800,0.6,True,800,1000,,True,True,strict_complete_cells,paper_protocol_strict_feasible_subset
spambase,2224,6,800,0.6,True,800,1000,,True,True,strict_complete_cells,paper_protocol_strict_feasible_subset
spambase,2225,7,800,0.6,True,800,1000,,True,True,strict_complete_cells,paper_protocol_strict_feasible_subset
spambase,2226,8,800,0.6,True,800,1000,,True,True,strict_complete_cells,paper_protocol_strict_feasible_subset
spambase,2227,9,800,0.6,True,800,1000,,True,True,strict_complete_cells,paper_protocol_strict_feasible_subset
spambase,2228,10,800,0.6,True,800,1000,,True,True,strict_complete_cells,paper_protocol_strict_feasible_subset
spambase,2229,11,800,0.6,True,800,1000,,True,True,strict_complete_cells,paper_protocol_strict_feasible_subset
spambase,2230,12,800,0.6,True,800,1000,,True,True,strict_complete_cells,paper_protocol_strict_feasible_subset
spambase,2231,13,800,0.6,True,800,1000,,True,True,strict_complete_cells,paper_protocol_strict_feasible_subset
spambase,2232,14,800,0.6,True,800,1000,,True,True,strict_complete_cells,paper_protocol_strict_feasible_subset
spambase,2233,15,800,0.6,True,800,1000,,True,True,strict_complete_cells,paper_protocol_strict_feasible_subset
spambase,2234,16,800,0.6,True,800,1000,,True,True,strict_complete_cells,paper_protocol_strict_feasible_subset
spambase,2235,17,800,0.6,True,800,1000,,True,True,strict_complete_cells,paper_protocol_strict_feasible_subset
spambase,2236,18,800,0.6,True,800,1000,,True,True,strict_complete_cells,paper_protocol_strict_feasible_subset
spambase,2237,19,800,0.6,True,800,1000,,True,True,strict_complete_cells,paper_protocol_strict_feasible_subset
spambase,2238,20,800,0.6,True,800,1000,,True,True,strict_complete_cells,paper_protocol_strict_feasible_subset
spambase,2239,21,800,0.6,True,800,1000,,True,True,strict_complete_cells,paper_protocol_strict_feasible_subset
spambase,2240,22,800,0.6,True,800,1000,,True,True,strict_complete_cells,paper_protocol_strict_feasible_subset
spambase,2241,23,800,0.6,True,800,1000,,True,True,strict_complete_cells,paper_protocol_strict_feasible_subset
spambase,2242,24,800,0.6,True,800,1000,,True,True,strict_complete_cells,paper_protocol_strict_feasible_subset
spambase,2243,25,800,0.6,True,800,1000,,True,True,strict_complete_cells,paper_protocol_strict_feasible_subset
spambase,2244,26,800,0.6,True,800,1000,,True,True,strict_complete_cells,paper_protocol_strict_feasible_subset
spambase,2245,27,800,0.6,True,800,1000,,True,True,strict_complete_cells,paper_protocol_strict_feasible_subset
spambase,2246,28,800,0.6,True,800,1000,,True,True,strict_complete_cells,paper_protocol_strict_feasible_subset
spambase,2247,29,800,0.6,True,800,1000,,True,True,strict_complete_cells,paper_protocol_strict_feasible_subset
spambase,2248,30,800,0.6,True,800,1000,,True,True,strict_complete_cells,paper_protocol_strict_feasible_subset
spambase,2249,31,800,0.6,True,800,1000,,True,True,strict_complete_cells,paper_protocol_strict_feasible_subset
spambase,2250,32,800,0.6,True,800,1000,,True,True,strict_complete_cells,paper_protocol_strict_feasible_subset
spambase,2251,33,800,0.6,True,800,1000,,True,True,strict_complete_cells,paper_protocol_strict_feasible_subset
spambase,2252,34,800,0.6,True,800,1000,,True,True,strict_complete_cells,paper_protocol_strict_feasible_subset
spambase,2253,35,800,0.6,True,800,1000,,True,True,strict_complete_cells,paper_protocol_strict_feasible_subset
spambase,2254,36,800,0.6,True,800,1000,,True,True,strict_complete_cells,paper_protocol_strict_feasible_subset
spambase,2255,37,800,0.6,True,800,1000,,True,True,strict_complete_cells,paper_protocol_strict_feasible_subset
spambase,2256,38,800,0.6,True,800,1000,,True,True,strict_complete_cells,paper_protocol_strict_feasible_subset
spambase,2257,39,800,0.6,True,800,1000,,True,True,strict_complete_cells,paper_protocol_strict_feasible_subset
spambase,2258,40,800,0.6,True,800,1000,,True,True,strict_complete_cells,paper_protocol_strict_feasible_subset
spambase,2259,41,800,0.6,True,800,1000,,True,True,strict_complete_cells,paper_protocol_strict_feasible_subset
spambase,2260,42,800,0.6,True,800,1000,,True,True,strict_complete_cells,paper_protocol_strict_feasible_subset
spambase,2261,43,800,0.6,True,800,1000,,True,True,strict_complete_cells,paper_protocol_strict_feasible_subset
spambase,2262,44,800,0.6,True,800,1000,,True,True,strict_complete_cells,paper_protocol_strict_feasible_subset
spambase,2263,45,800,0.6,True,800,1000,,True,True,strict_complete_cells,paper_protocol_strict_feasible_subset
spambase,2264,46,800,0.6,True,800,1000,,True,True,strict_complete_cells,paper_protocol_strict_feasible_subset
spambase,2265,47,800,0.6,True,800,1000,,True,True,strict_complete_cells,paper_protocol_strict_feasible_subset
spambase,2266,48,800,0.6,True,800,1000,,True,True,strict_complete_cells,paper_protocol_strict_feasible_subset
spambase,2267,49,800,0.6,True,800,1000,,True,True,strict_complete_cells,paper_protocol_strict_feasible_subset
spambase,2268,50,800,0.6,True,800,1000,,True,True,strict_complete_cells,paper_protocol_strict_feasible_subset
spambase,2269,51,800,0.6,True,800,1000,,True,True,strict_complete_cells,paper_protocol_strict_feasible_subset
spambase,2270,52,800,0.6,True,800,1000,,True,True,strict_complete_cells,paper_protocol_strict_feasible_subset
spambase,2271,53,800,0.6,True,800,1000,,True,True,strict_complete_cells,paper_protocol_strict_feasible_subset
spambase,2272,54,800,0.6,True,800,1000,,True,True,strict_complete_cells,paper_protocol_strict_feasible_subset
spambase,2273,55,800,0.6,True,800,1000,,True,True,strict_complete_cells,paper_protocol_strict_feasible_subset
spambase,2274,56,800,0.6,True,800,1000,,True,True,strict_complete_cells,paper_protocol_strict_feasible_subset
spambase,2275,57,800,0.6,True,800,1000,,True,True,strict_complete_cells,paper_protocol_strict_feasible_subset
spambase,2276,58,800,0.6,True,800,1000,,True,True,strict_complete_cells,paper_protocol_strict_feasible_subset
spambase,2277,59,800,0.6,True,800,1000,,True,True,strict_complete_cells,paper_protocol_strict_feasible_subset
spambase,2278,60,800,0.6,True,800,1000,,True,True,strict_complete_cells,paper_protocol_strict_feasible_subset
spambase,2279,61,800,0.6,True,800,1000,,True,True,strict_complete_cells,paper_protocol_strict_feasible_subset
spambase,2280,62,800,0.6,True,800,1000,,True,True,strict_complete_cells,paper_protocol_strict_feasible_subset
spambase,2281,63,800,0.6,True,800,1000,,True,True,strict_complete_cells,paper_protocol_strict_feasible_subset
spambase,2282,64,800,0.6,True,800,1000,,True,True,strict_complete_cells,paper_protocol_strict_feasible_subset
spambase,2283,65,800,0.6,True,800,1000,,True,True,strict_complete_cells,paper_protocol_strict_feasible_subset
spambase,2284,66,800,0.6,True,800,1000,,True,True,strict_complete_cells,paper_protocol_strict_feasible_subset
spambase,2285,67,800,0.6,True,800,1000,,True,True,strict_complete_cells,paper_protocol_strict_feasible_subset
spambase,2286,68,800,0.6,True,800,1000,,True,True,strict_complete_cells,paper_protocol_strict_feasible_subset
spambase,2287,69,800,0.6,True,800,1000,,True,True,strict_complete_cells,paper_protocol_strict_feasible_subset
spambase,2288,70,800,0.6,True,800,1000,,True,True,strict_complete_cells,paper_protocol_strict_feasible_subset
spambase,2289,71,800,0.6,True,800,1000,,True,True,strict_complete_cells,paper_protocol_strict_feasible_subset
spambase,2290,72,800,0.6,True,800,1000,,True,True,strict_complete_cells,paper_protocol_strict_feasible_subset
spambase,2291,73,800,0.6,True,800,1000,,True,True,strict_complete_cells,paper_protocol_strict_feasible_subset
spambase,2292,74,800,0.6,True,800,1000,,True,True,strict_complete_cells,paper_protocol_strict_feasible_subset
spambase,2293,75,800,0.6,True,800,1000,,True,True,strict_complete_cells,paper_protocol_strict_feasible_subset
spambase,2294,76,800,0.6,True,800,1000,,True,True,strict_complete_cells,paper_protocol_strict_feasible_subset
spambase,2295,77,800,0.6,True,800,1000,,True,True,strict_complete_cells,paper_protocol_strict_feasible_subset
spambase,2296,78,800,0.6,True,800,1000,,True,True,strict_complete_cells,paper_protocol_strict_feasible_subset
spambase,2297,79,800,0.6,True,800,1000,,True,True,strict_complete_cells,paper_protocol_strict_feasible_subset
spambase,2298,80,800,0.6,True,800,1000,,True,True,strict_complete_cells,paper_protocol_strict_feasible_subset
spambase,2299,81,800,0.6,True,800,1000,,True,True,strict_complete_cells,paper_protocol_strict_feasible_subset
spambase,2300,82,800,0.6,True,800,1000,,True,True,strict_complete_cells,paper_protocol_strict_feasible_subset
spambase,2301,83,800,0.6,True,800,1000,,True,True,strict_complete_cells,paper_protocol_strict_feasible_subset
spambase,2302,84,800,0.6,True,800,1000,,True,True,strict_complete_cells,paper_protocol_strict_feasible_subset
spambase,2303,85,800,0.6,True,800,1000,,True,True,strict_complete_cells,paper_protocol_strict_feasible_subset
spambase,2304,86,800,0.6,True,800,1000,,True,True,strict_complete_cells,paper_protocol_strict_feasible_subset
spambase,2305,87,800,0.6,True,800,1000,,True,True,strict_complete_cells,paper_protocol_strict_feasible_subset
spambase,2306,88,800,0.6,True,800,1000,,True,True,strict_complete_cells,paper_protocol_strict_feasible_subset
spambase,2307,89,800,0.6,True,800,1000,,True,True,strict_complete_cells,paper_protocol_strict_feasible_subset
spambase,2308,90,800,0.6,True,800,1000,,True,True,strict_complete_cells,paper_protocol_strict_feasible_subset
spambase,2309,91,800,0.6,True,800,1000,,True,True,strict_complete_cells,paper_protocol_strict_feasible_subset
spambase,2310,92,800,0.6,True,800,1000,,True,True,strict_complete_cells,paper_protocol_strict_feasible_subset
spambase,2311,93,800,0.6,True,800,1000,,True,True,strict_complete_cells,paper_protocol_strict_feasible_subset
spambase,2312,94,800,0.6,True,800,1000,,True,True,strict_complete_cells,paper_protocol_strict_feasible_subset
spambase,2313,95,800,0.6,True,800,1000,,True,True,strict_complete_cells,paper_protocol_strict_feasible_subset
spambase,2314,96,800,0.6,True,800,1000,,True,True,strict_complete_cells,paper_protocol_strict_feasible_subset
spambase,2315,97,800,0.6,True,800,1000,,True,True,strict_complete_cells,paper_protocol_strict_feasible_subset
spambase,2316,98,800,0.6,True,800,1000,,True,True,strict_complete_cells,paper_protocol_strict_feasible_subset
spambase,2317,99,800,0.6,True,800,1000,,True,True,strict_complete_cells,paper_protocol_strict_feasible_subset
spambase,2318,0,800,0.8,False,784,1000,unlabeled_pool,False,False,strict_complete_cells,paper_protocol_strict_feasible_subset
spambase,2319,1,800,0.8,False,772,1000,unlabeled_pool,False,False,strict_complete_cells,paper_protocol_strict_feasible_subset
spambase,2320,2,800,0.8,False,762,1000,unlabeled_pool,False,False,strict_complete_cells,paper_protocol_strict_feasible_subset
spambase,2321,3,800,0.8,True,800,1000,,False,False,strict_complete_cells,paper_protocol_strict_feasible_subset
spambase,2322,4,800,0.8,False,785,1000,unlabeled_pool,False,False,strict_complete_cells,paper_protocol_strict_feasible_subset
spambase,2323,5,800,0.8,False,780,1000,unlabeled_pool,False,False,strict_complete_cells,paper_protocol_strict_feasible_subset
spambase,2324,6,800,0.8,True,800,1000,,False,False,strict_complete_cells,paper_protocol_strict_feasible_subset
spambase,2325,7,800,0.8,False,771,1000,unlabeled_pool,False,False,strict_complete_cells,paper_protocol_strict_feasible_subset
spambase,2326,8,800,0.8,True,800,1000,,False,False,strict_complete_cells,paper_protocol_strict_feasible_subset
spambase,2327,9,800,0.8,False,777,1000,unlabeled_pool,False,False,strict_complete_cells,paper_protocol_strict_feasible_subset
spambase,2328,10,800,0.8,False,789,1000,unlabeled_pool,False,False,strict_complete_cells,paper_protocol_strict_feasible_subset
spambase,2329,11,800,0.8,False,790,1000,unlabeled_pool,False,False,strict_complete_cells,paper_protocol_strict_feasible_subset
spambase,2330,12,800,0.8,False,785,1000,unlabeled_pool,False,False,strict_complete_cells,paper_protocol_strict_feasible_subset
spambase,2331,13,800,0.8,False,782,1000,unlabeled_pool,False,False,strict_complete_cells,paper_protocol_strict_feasible_subset
spambase,2332,14,800,0.8,False,755,1000,unlabeled_pool,False,False,strict_complete_cells,paper_protocol_strict_feasible_subset
spambase,2333,15,800,0.8,False,766,1000,unlabeled_pool,False,False,strict_complete_cells,paper_protocol_strict_feasible_subset
spambase,2334,16,800,0.8,False,785,1000,unlabeled_pool,False,False,strict_complete_cells,paper_protocol_strict_feasible_subset
spambase,2335,17,800,0.8,True,800,1000,,False,False,strict_complete_cells,paper_protocol_strict_feasible_subset
spambase,2336,18,800,0.8,False,780,1000,unlabeled_pool,False,False,strict_complete_cells,paper_protocol_strict_feasible_subset
spambase,2337,19,800,0.8,True,800,1000,,False,False,strict_complete_cells,paper_protocol_strict_feasible_subset
spambase,2338,20,800,0.8,False,789,1000,unlabeled_pool,False,False,strict_complete_cells,paper_protocol_strict_feasible_subset
spambase,2339,21,800,0.8,False,786,1000,unlabeled_pool,False,False,strict_complete_cells,paper_protocol_strict_feasible_subset
spambase,2340,22,800,0.8,False,781,1000,unlabeled_pool,False,False,strict_complete_cells,paper_protocol_strict_feasible_subset
spambase,2341,23,800,0.8,False,792,1000,unlabeled_pool,False,False,strict_complete_cells,paper_protocol_strict_feasible_subset
spambase,2342,24,800,0.8,False,769,1000,unlabeled_pool,False,False,strict_complete_cells,paper_protocol_strict_feasible_subset
spambase,2343,25,800,0.8,False,795,1000,unlabeled_pool,False,False,strict_complete_cells,paper_protocol_strict_feasible_subset
spambase,2344,26,800,0.8,False,799,1000,unlabeled_pool,False,False,strict_complete_cells,paper_protocol_strict_feasible_subset
spambase,2345,27,800,0.8,False,783,1000,unlabeled_pool,False,False,strict_complete_cells,paper_protocol_strict_feasible_subset
spambase,2346,28,800,0.8,False,798,1000,unlabeled_pool,False,False,strict_complete_cells,paper_protocol_strict_feasible_subset
spambase,2347,29,800,0.8,False,790,1000,unlabeled_pool,False,False,strict_complete_cells,paper_protocol_strict_feasible_subset
spambase,2348,30,800,0.8,False,797,1000,unlabeled_pool,False,False,strict_complete_cells,paper_protocol_strict_feasible_subset
spambase,2349,31,800,0.8,True,800,1000,,False,False,strict_complete_cells,paper_protocol_strict_feasible_subset
spambase,2350,32,800,0.8,False,785,1000,unlabeled_pool,False,False,strict_complete_cells,paper_protocol_strict_feasible_subset
spambase,2351,33,800,0.8,False,792,1000,unlabeled_pool,False,False,strict_complete_cells,paper_protocol_strict_feasible_subset
spambase,2352,34,800,0.8,False,791,1000,unlabeled_pool,False,False,strict_complete_cells,paper_protocol_strict_feasible_subset
spambase,2353,35,800,0.8,False,786,1000,unlabeled_pool,False,False,strict_complete_cells,paper_protocol_strict_feasible_subset
spambase,2354,36,800,0.8,False,777,1000,unlabeled_pool,False,False,strict_complete_cells,paper_protocol_strict_feasible_subset
spambase,2355,37,800,0.8,False,783,1000,unlabeled_pool,False,False,strict_complete_cells,paper_protocol_strict_feasible_subset
spambase,2356,38,800,0.8,False,771,1000,unlabeled_pool,False,False,strict_complete_cells,paper_protocol_strict_feasible_subset
spambase,2357,39,800,0.8,True,800,1000,,False,False,strict_complete_cells,paper_protocol_strict_feasible_subset
spambase,2358,40,800,0.8,False,794,1000,unlabeled_pool,False,False,strict_complete_cells,paper_protocol_strict_feasible_subset
spambase,2359,41,800,0.8,False,789,1000,unlabeled_pool,False,False,strict_complete_cells,paper_protocol_strict_feasible_subset
spambase,2360,42,800,0.8,False,783,1000,unlabeled_pool,False,False,strict_complete_cells,paper_protocol_strict_feasible_subset
spambase,2361,43,800,0.8,False,764,1000,unlabeled_pool,False,False,strict_complete_cells,paper_protocol_strict_feasible_subset
spambase,2362,44,800,0.8,True,800,1000,,False,False,strict_complete_cells,paper_protocol_strict_feasible_subset
spambase,2363,45,800,0.8,False,784,1000,unlabeled_pool,False,False,strict_complete_cells,paper_protocol_strict_feasible_subset
spambase,2364,46,800,0.8,True,800,1000,,False,False,strict_complete_cells,paper_protocol_strict_feasible_subset
spambase,2365,47,800,0.8,False,763,1000,unlabeled_pool,False,False,strict_complete_cells,paper_protocol_strict_feasible_subset
spambase,2366,48,800,0.8,False,783,1000,unlabeled_pool,False,False,strict_complete_cells,paper_protocol_strict_feasible_subset
spambase,2367,49,800,0.8,False,782,1000,unlabeled_pool,False,False,strict_complete_cells,paper_protocol_strict_feasible_subset
spambase,2368,50,800,0.8,True,800,1000,,False,False,strict_complete_cells,paper_protocol_strict_feasible_subset
spambase,2369,51,800,0.8,True,800,1000,,False,False,strict_complete_cells,paper_protocol_strict_feasible_subset
spambase,2370,52,800,0.8,False,798,1000,unlabeled_pool,False,False,strict_complete_cells,paper_protocol_strict_feasible_subset
spambase,2371,53,800,0.8,False,769,1000,unlabeled_pool,False,False,strict_complete_cells,paper_protocol_strict_feasible_subset
spambase,2372,54,800,0.8,False,780,1000,unlabeled_pool,False,False,strict_complete_cells,paper_protocol_strict_feasible_subset
spambase,2373,55,800,0.8,False,780,1000,unlabeled_pool,False,False,strict_complete_cells,paper_protocol_strict_feasible_subset
spambase,2374,56,800,0.8,False,786,1000,unlabeled_pool,False,False,strict_complete_cells,paper_protocol_strict_feasible_subset
spambase,2375,57,800,0.8,True,800,1000,,False,False,strict_complete_cells,paper_protocol_strict_feasible_subset
spambase,2376,58,800,0.8,True,800,1000,,False,False,strict_complete_cells,paper_protocol_strict_feasible_subset
spambase,2377,59,800,0.8,False,795,1000,unlabeled_pool,False,False,strict_complete_cells,paper_protocol_strict_feasible_subset
spambase,2378,60,800,0.8,False,773,1000,unlabeled_pool,False,False,strict_complete_cells,paper_protocol_strict_feasible_subset
spambase,2379,61,800,0.8,True,800,1000,,False,False,strict_complete_cells,paper_protocol_strict_feasible_subset
spambase,2380,62,800,0.8,False,781,1000,unlabeled_pool,False,False,strict_complete_cells,paper_protocol_strict_feasible_subset
spambase,2381,63,800,0.8,True,800,1000,,False,False,strict_complete_cells,paper_protocol_strict_feasible_subset
spambase,2382,64,800,0.8,True,800,1000,,False,False,strict_complete_cells,paper_protocol_strict_feasible_subset
spambase,2383,65,800,0.8,False,776,1000,unlabeled_pool,False,False,strict_complete_cells,paper_protocol_strict_feasible_subset
spambase,2384,66,800,0.8,True,800,1000,,False,False,strict_complete_cells,paper_protocol_strict_feasible_subset
spambase,2385,67,800,0.8,False,795,1000,unlabeled_pool,False,False,strict_complete_cells,paper_protocol_strict_feasible_subset
spambase,2386,68,800,0.8,False,784,1000,unlabeled_pool,False,False,strict_complete_cells,paper_protocol_strict_feasible_subset
spambase,2387,69,800,0.8,False,783,1000,unlabeled_pool,False,False,strict_complete_cells,paper_protocol_strict_feasible_subset
spambase,2388,70,800,0.8,True,800,1000,,False,False,strict_complete_cells,paper_protocol_strict_feasible_subset
spambase,2389,71,800,0.8,True,800,1000,,False,False,strict_complete_cells,paper_protocol_strict_feasible_subset
spambase,2390,72,800,0.8,True,800,1000,,False,False,strict_complete_cells,paper_protocol_strict_feasible_subset
spambase,2391,73,800,0.8,False,792,1000,unlabeled_pool,False,False,strict_complete_cells,paper_protocol_strict_feasible_subset
spambase,2392,74,800,0.8,False,778,1000,unlabeled_pool,False,False,strict_complete_cells,paper_protocol_strict_feasible_subset
spambase,2393,75,800,0.8,False,772,1000,unlabeled_pool,False,False,strict_complete_cells,paper_protocol_strict_feasible_subset
spambase,2394,76,800,0.8,False,797,1000,unlabeled_pool,False,False,strict_complete_cells,paper_protocol_strict_feasible_subset
spambase,2395,77,800,0.8,False,756,1000,unlabeled_pool,False,False,strict_complete_cells,paper_protocol_strict_feasible_subset
spambase,2396,78,800,0.8,False,783,1000,unlabeled_pool,False,False,strict_complete_cells,paper_protocol_strict_feasible_subset
spambase,2397,79,800,0.8,True,800,1000,,False,False,strict_complete_cells,paper_protocol_strict_feasible_subset
spambase,2398,80,800,0.8,False,789,1000,unlabeled_pool,False,False,strict_complete_cells,paper_protocol_strict_feasible_subset
spambase,2399,81,800,0.8,False,778,1000,unlabeled_pool,False,False,strict_complete_cells,paper_protocol_strict_feasible_subset
spambase,2400,82,800,0.8,False,764,1000,unlabeled_pool,False,False,strict_complete_cells,paper_protocol_strict_feasible_subset
spambase,2401,83,800,0.8,True,800,1000,,False,False,strict_complete_cells,paper_protocol_strict_feasible_subset
spambase,2402,84,800,0.8,True,800,1000,,False,False,strict_complete_cells,paper_protocol_strict_feasible_subset
spambase,2403,85,800,0.8,True,800,1000,,False,False,strict_complete_cells,paper_protocol_strict_feasible_subset
spambase,2404,86,800,0.8,True,800,1000,,False,False,strict_complete_cells,paper_protocol_strict_feasible_subset
spambase,2405,87,800,0.8,False,781,1000,unlabeled_pool,False,False,strict_complete_cells,paper_protocol_strict_feasible_subset
spambase,2406,88,800,0.8,True,800,1000,,False,False,strict_complete_cells,paper_protocol_strict_feasible_subset
spambase,2407,89,800,0.8,True,800,1000,,False,False,strict_complete_cells,paper_protocol_strict_feasible_subset
spambase,2408,90,800,0.8,True,800,1000,,False,False,strict_complete_cells,paper_protocol_strict_feasible_subset
spambase,2409,91,800,0.8,False,776,1000,unlabeled_pool,False,False,strict_complete_cells,paper_protocol_strict_feasible_subset
spambase,2410,92,800,0.8,True,800,1000,,False,False,strict_complete_cells,paper_protocol_strict_feasible_subset
spambase,2411,93,800,0.8,False,772,1000,unlabeled_pool,False,False,strict_complete_cells,paper_protocol_strict_feasible_subset
spambase,2412,94,800,0.8,False,786,1000,unlabeled_pool,False,False,strict_complete_cells,paper_protocol_strict_feasible_subset
spambase,2413,95,800,0.8,False,792,1000,unlabeled_pool,False,False,strict_complete_cells,paper_protocol_strict_feasible_subset
spambase,2414,96,800,0.8,False,795,1000,unlabeled_pool,False,False,strict_complete_cells,paper_protocol_strict_feasible_subset
spambase,2415,97,800,0.8,False,783,1000,unlabeled_pool,False,False,strict_complete_cells,paper_protocol_strict_feasible_subset
spambase,2416,98,800,0.8,False,768,1000,unlabeled_pool,False,False,strict_complete_cells,paper_protocol_strict_feasible_subset
spambase,2417,99,800,0.8,False,779,1000,unlabeled_pool,False,False,strict_complete_cells,paper_protocol_strict_feasible_subset
spambase,2418,0,1600,0.2,False,1302,1000,unlabeled_pool,False,False,strict_complete_cells,paper_protocol_strict_feasible_subset
spambase,2419,1,1600,0.2,False,1294,1000,unlabeled_pool,False,False,strict_complete_cells,paper_protocol_strict_feasible_subset
spambase,2420,2,1600,0.2,False,1304,1000,unlabeled_pool,False,False,strict_complete_cells,paper_protocol_strict_feasible_subset
spambase,2421,3,1600,0.2,False,1308,1000,unlabeled_pool,False,False,strict_complete_cells,paper_protocol_strict_feasible_subset
spambase,2422,4,1600,0.2,False,1303,1000,unlabeled_pool,False,False,strict_complete_cells,paper_protocol_strict_feasible_subset
spambase,2423,5,1600,0.2,False,1264,1000,unlabeled_pool,False,False,strict_complete_cells,paper_protocol_strict_feasible_subset
spambase,2424,6,1600,0.2,False,1294,1000,unlabeled_pool,False,False,strict_complete_cells,paper_protocol_strict_feasible_subset
spambase,2425,7,1600,0.2,False,1288,1000,unlabeled_pool,False,False,strict_complete_cells,paper_protocol_strict_feasible_subset
spambase,2426,8,1600,0.2,False,1291,1000,unlabeled_pool,False,False,strict_complete_cells,paper_protocol_strict_feasible_subset
spambase,2427,9,1600,0.2,False,1289,1000,unlabeled_pool,False,False,strict_complete_cells,paper_protocol_strict_feasible_subset
spambase,2428,10,1600,0.2,False,1271,1000,unlabeled_pool,False,False,strict_complete_cells,paper_protocol_strict_feasible_subset
spambase,2429,11,1600,0.2,False,1282,1000,unlabeled_pool,False,False,strict_complete_cells,paper_protocol_strict_feasible_subset
spambase,2430,12,1600,0.2,False,1289,1000,unlabeled_pool,False,False,strict_complete_cells,paper_protocol_strict_feasible_subset
spambase,2431,13,1600,0.2,False,1295,1000,unlabeled_pool,False,False,strict_complete_cells,paper_protocol_strict_feasible_subset
spambase,2432,14,1600,0.2,False,1296,1000,unlabeled_pool,False,False,strict_complete_cells,paper_protocol_strict_feasible_subset
spambase,2433,15,1600,0.2,False,1284,1000,unlabeled_pool,False,False,strict_complete_cells,paper_protocol_strict_feasible_subset
spambase,2434,16,1600,0.2,False,1276,1000,unlabeled_pool,False,False,strict_complete_cells,paper_protocol_strict_feasible_subset
spambase,2435,17,1600,0.2,False,1297,1000,unlabeled_pool,False,False,strict_complete_cells,paper_protocol_strict_feasible_subset
spambase,2436,18,1600,0.2,False,1275,1000,unlabeled_pool,False,False,strict_complete_cells,paper_protocol_strict_feasible_subset
spambase,2437,19,1600,0.2,False,1263,1000,unlabeled_pool,False,False,strict_complete_cells,paper_protocol_strict_feasible_subset
spambase,2438,20,1600,0.2,False,1291,1000,unlabeled_pool,False,False,strict_complete_cells,paper_protocol_strict_feasible_subset
spambase,2439,21,1600,0.2,False,1254,1000,unlabeled_pool,False,False,strict_complete_cells,paper_protocol_strict_feasible_subset
spambase,2440,22,1600,0.2,False,1313,1000,unlabeled_pool,False,False,strict_complete_cells,paper_protocol_strict_feasible_subset
spambase,2441,23,1600,0.2,False,1287,1000,unlabeled_pool,False,False,strict_complete_cells,paper_protocol_strict_feasible_subset
spambase,2442,24,1600,0.2,False,1303,1000,unlabeled_pool,False,False,strict_complete_cells,paper_protocol_strict_feasible_subset
spambase,2443,25,1600,0.2,False,1302,1000,unlabeled_pool,False,False,strict_complete_cells,paper_protocol_strict_feasible_subset
spambase,2444,26,1600,0.2,False,1315,1000,unlabeled_pool,False,False,strict_complete_cells,paper_protocol_strict_feasible_subset
spambase,2445,27,1600,0.2,False,1314,1000,unlabeled_pool,False,False,strict_complete_cells,paper_protocol_strict_feasible_subset
spambase,2446,28,1600,0.2,False,1314,1000,unlabeled_pool,False,False,strict_complete_cells,paper_protocol_strict_feasible_subset
spambase,2447,29,1600,0.2,False,1293,1000,unlabeled_pool,False,False,strict_complete_cells,paper_protocol_strict_feasible_subset
spambase,2448,30,1600,0.2,False,1294,1000,unlabeled_pool,False,False,strict_complete_cells,paper_protocol_strict_feasible_subset
spambase,2449,31,1600,0.2,False,1296,1000,unlabeled_pool,False,False,strict_complete_cells,paper_protocol_strict_feasible_subset
spambase,2450,32,1600,0.2,False,1305,1000,unlabeled_pool,False,False,strict_complete_cells,paper_protocol_strict_feasible_subset
spambase,2451,33,1600,0.2,False,1289,1000,unlabeled_pool,False,False,strict_complete_cells,paper_protocol_strict_feasible_subset
spambase,2452,34,1600,0.2,False,1304,1000,unlabeled_pool,False,False,strict_complete_cells,paper_protocol_strict_feasible_subset
spambase,2453,35,1600,0.2,False,1301,1000,unlabeled_pool,False,False,strict_complete_cells,paper_protocol_strict_feasible_subset
spambase,2454,36,1600,0.2,False,1281,1000,unlabeled_pool,False,False,strict_complete_cells,paper_protocol_strict_feasible_subset
spambase,2455,37,1600,0.2,False,1290,1000,unlabeled_pool,False,False,strict_complete_cells,paper_protocol_strict_feasible_subset
spambase,2456,38,1600,0.2,False,1276,1000,unlabeled_pool,False,False,strict_complete_cells,paper_protocol_strict_feasible_subset
spambase,2457,39,1600,0.2,False,1262,1000,unlabeled_pool,False,False,strict_complete_cells,paper_protocol_strict_feasible_subset
spambase,2458,40,1600,0.2,False,1318,1000,unlabeled_pool,False,False,strict_complete_cells,paper_protocol_strict_feasible_subset
spambase,2459,41,1600,0.2,False,1265,1000,unlabeled_pool,False,False,strict_complete_cells,paper_protocol_strict_feasible_subset
spambase,2460,42,1600,0.2,False,1266,1000,unlabeled_pool,False,False,strict_complete_cells,paper_protocol_strict_feasible_subset
spambase,2461,43,1600,0.2,False,1279,1000,unlabeled_pool,False,False,strict_complete_cells,paper_protocol_strict_feasible_subset
spambase,2462,44,1600,0.2,False,1285,1000,unlabeled_pool,False,False,strict_complete_cells,paper_protocol_strict_feasible_subset
spambase,2463,45,1600,0.2,False,1305,1000,unlabeled_pool,False,False,strict_complete_cells,paper_protocol_strict_feasible_subset
spambase,2464,46,1600,0.2,False,1297,1000,unlabeled_pool,False,False,strict_complete_cells,paper_protocol_strict_feasible_subset
spambase,2465,47,1600,0.2,False,1259,1000,unlabeled_pool,False,False,strict_complete_cells,paper_protocol_strict_feasible_subset
spambase,2466,48,1600,0.2,False,1285,1000,unlabeled_pool,False,False,strict_complete_cells,paper_protocol_strict_feasible_subset
spambase,2467,49,1600,0.2,False,1292,1000,unlabeled_pool,False,False,strict_complete_cells,paper_protocol_strict_feasible_subset
spambase,2468,50,1600,0.2,False,1329,1000,unlabeled_pool,False,False,strict_complete_cells,paper_protocol_strict_feasible_subset
spambase,2469,51,1600,0.2,False,1257,1000,unlabeled_pool,False,False,strict_complete_cells,paper_protocol_strict_feasible_subset
spambase,2470,52,1600,0.2,False,1314,1000,unlabeled_pool,False,False,strict_complete_cells,paper_protocol_strict_feasible_subset
spambase,2471,53,1600,0.2,False,1281,1000,unlabeled_pool,False,False,strict_complete_cells,paper_protocol_strict_feasible_subset
spambase,2472,54,1600,0.2,False,1285,1000,unlabeled_pool,False,False,strict_complete_cells,paper_protocol_strict_feasible_subset
spambase,2473,55,1600,0.2,False,1279,1000,unlabeled_pool,False,False,strict_complete_cells,paper_protocol_strict_feasible_subset
spambase,2474,56,1600,0.2,False,1296,1000,unlabeled_pool,False,False,strict_complete_cells,paper_protocol_strict_feasible_subset
spambase,2475,57,1600,0.2,False,1302,1000,unlabeled_pool,False,False,strict_complete_cells,paper_protocol_strict_feasible_subset
spambase,2476,58,1600,0.2,False,1300,1000,unlabeled_pool,False,False,strict_complete_cells,paper_protocol_strict_feasible_subset
spambase,2477,59,1600,0.2,False,1281,1000,unlabeled_pool,False,False,strict_complete_cells,paper_protocol_strict_feasible_subset
spambase,2478,60,1600,0.2,False,1295,1000,unlabeled_pool,False,False,strict_complete_cells,paper_protocol_strict_feasible_subset
spambase,2479,61,1600,0.2,False,1267,1000,unlabeled_pool,False,False,strict_complete_cells,paper_protocol_strict_feasible_subset
spambase,2480,62,1600,0.2,False,1316,1000,unlabeled_pool,False,False,strict_complete_cells,paper_protocol_strict_feasible_subset
spambase,2481,63,1600,0.2,False,1290,1000,unlabeled_pool,False,False,strict_complete_cells,paper_protocol_strict_feasible_subset
spambase,2482,64,1600,0.2,False,1301,1000,unlabeled_pool,False,False,strict_complete_cells,paper_protocol_strict_feasible_subset
spambase,2483,65,1600,0.2,False,1287,1000,unlabeled_pool,False,False,strict_complete_cells,paper_protocol_strict_feasible_subset
spambase,2484,66,1600,0.2,False,1280,1000,unlabeled_pool,False,False,strict_complete_cells,paper_protocol_strict_feasible_subset
spambase,2485,67,1600,0.2,False,1283,1000,unlabeled_pool,False,False,strict_complete_cells,paper_protocol_strict_feasible_subset
spambase,2486,68,1600,0.2,False,1311,1000,unlabeled_pool,False,False,strict_complete_cells,paper_protocol_strict_feasible_subset
spambase,2487,69,1600,0.2,False,1279,1000,unlabeled_pool,False,False,strict_complete_cells,paper_protocol_strict_feasible_subset
spambase,2488,70,1600,0.2,False,1307,1000,unlabeled_pool,False,False,strict_complete_cells,paper_protocol_strict_feasible_subset
spambase,2489,71,1600,0.2,False,1285,1000,unlabeled_pool,False,False,strict_complete_cells,paper_protocol_strict_feasible_subset
spambase,2490,72,1600,0.2,False,1299,1000,unlabeled_pool,False,False,strict_complete_cells,paper_protocol_strict_feasible_subset
spambase,2491,73,1600,0.2,False,1281,1000,unlabeled_pool,False,False,strict_complete_cells,paper_protocol_strict_feasible_subset
spambase,2492,74,1600,0.2,False,1275,1000,unlabeled_pool,False,False,strict_complete_cells,paper_protocol_strict_feasible_subset
spambase,2493,75,1600,0.2,False,1303,1000,unlabeled_pool,False,False,strict_complete_cells,paper_protocol_strict_feasible_subset
spambase,2494,76,1600,0.2,False,1305,1000,unlabeled_pool,False,False,strict_complete_cells,paper_protocol_strict_feasible_subset
spambase,2495,77,1600,0.2,False,1295,1000,unlabeled_pool,False,False,strict_complete_cells,paper_protocol_strict_feasible_subset
spambase,2496,78,1600,0.2,False,1312,1000,unlabeled_pool,False,False,strict_complete_cells,paper_protocol_strict_feasible_subset
spambase,2497,79,1600,0.2,False,1301,1000,unlabeled_pool,False,False,strict_complete_cells,paper_protocol_strict_feasible_subset
spambase,2498,80,1600,0.2,False,1290,1000,unlabeled_pool,False,False,strict_complete_cells,paper_protocol_strict_feasible_subset
spambase,2499,81,1600,0.2,False,1274,1000,unlabeled_pool,False,False,strict_complete_cells,paper_protocol_strict_feasible_subset
spambase,2500,82,1600,0.2,False,1279,1000,unlabeled_pool,False,False,strict_complete_cells,paper_protocol_strict_feasible_subset
spambase,2501,83,1600,0.2,False,1300,1000,unlabeled_pool,False,False,strict_complete_cells,paper_protocol_strict_feasible_subset
spambase,2502,84,1600,0.2,False,1281,1000,unlabeled_pool,False,False,strict_complete_cells,paper_protocol_strict_feasible_subset
spambase,2503,85,1600,0.2,False,1295,1000,unlabeled_pool,False,False,strict_complete_cells,paper_protocol_strict_feasible_subset
spambase,2504,86,1600,0.2,False,1305,1000,unlabeled_pool,False,False,strict_complete_cells,paper_protocol_strict_feasible_subset
spambase,2505,87,1600,0.2,False,1294,1000,unlabeled_pool,False,False,strict_complete_cells,paper_protocol_strict_feasible_subset
spambase,2506,88,1600,0.2,False,1285,1000,unlabeled_pool,False,False,strict_complete_cells,paper_protocol_strict_feasible_subset
spambase,2507,89,1600,0.2,False,1280,1000,unlabeled_pool,False,False,strict_complete_cells,paper_protocol_strict_feasible_subset
spambase,2508,90,1600,0.2,False,1286,1000,unlabeled_pool,False,False,strict_complete_cells,paper_protocol_strict_feasible_subset
spambase,2509,91,1600,0.2,False,1284,1000,unlabeled_pool,False,False,strict_complete_cells,paper_protocol_strict_feasible_subset
spambase,2510,92,1600,0.2,False,1311,1000,unlabeled_pool,False,False,strict_complete_cells,paper_protocol_strict_feasible_subset
spambase,2511,93,1600,0.2,False,1263,1000,unlabeled_pool,False,False,strict_complete_cells,paper_protocol_strict_feasible_subset
spambase,2512,94,1600,0.2,False,1298,1000,unlabeled_pool,False,False,strict_complete_cells,paper_protocol_strict_feasible_subset
spambase,2513,95,1600,0.2,False,1311,1000,unlabeled_pool,False,False,strict_complete_cells,paper_protocol_strict_feasible_subset
spambase,2514,96,1600,0.2,False,1290,1000,unlabeled_pool,False,False,strict_complete_cells,paper_protocol_strict_feasible_subset
spambase,2515,97,1600,0.2,False,1314,1000,unlabeled_pool,False,False,strict_complete_cells,paper_protocol_strict_feasible_subset
spambase,2516,98,1600,0.2,False,1298,1000,unlabeled_pool,False,False,strict_complete_cells,paper_protocol_strict_feasible_subset
spambase,2517,99,1600,0.2,False,1284,1000,unlabeled_pool,False,False,strict_complete_cells,paper_protocol_strict_feasible_subset
spambase,2518,0,1600,0.4,True,1600,1000,,False,False,strict_complete_cells,paper_protocol_strict_feasible_subset
spambase,2519,1,1600,0.4,False,1576,1000,unlabeled_pool,False,False,strict_complete_cells,paper_protocol_strict_feasible_subset
spambase,2520,2,1600,0.4,False,1594,1000,unlabeled_pool,False,False,strict_complete_cells,paper_protocol_strict_feasible_subset
spambase,2521,3,1600,0.4,False,1586,1000,unlabeled_pool,False,False,strict_complete_cells,paper_protocol_strict_feasible_subset
spambase,2522,4,1600,0.4,False,1596,1000,unlabeled_pool,False,False,strict_complete_cells,paper_protocol_strict_feasible_subset
spambase,2523,5,1600,0.4,False,1597,1000,unlabeled_pool,False,False,strict_complete_cells,paper_protocol_strict_feasible_subset
spambase,2524,6,1600,0.4,False,1596,1000,unlabeled_pool,False,False,strict_complete_cells,paper_protocol_strict_feasible_subset
spambase,2525,7,1600,0.4,False,1593,1000,unlabeled_pool,False,False,strict_complete_cells,paper_protocol_strict_feasible_subset
spambase,2526,8,1600,0.4,False,1557,1000,unlabeled_pool,False,False,strict_complete_cells,paper_protocol_strict_feasible_subset
spambase,2527,9,1600,0.4,False,1570,1000,unlabeled_pool,False,False,strict_complete_cells,paper_protocol_strict_feasible_subset
spambase,2528,10,1600,0.4,True,1600,1000,,False,False,strict_complete_cells,paper_protocol_strict_feasible_subset
spambase,2529,11,1600,0.4,False,1592,1000,unlabeled_pool,False,False,strict_complete_cells,paper_protocol_strict_feasible_subset
spambase,2530,12,1600,0.4,False,1595,1000,unlabeled_pool,False,False,strict_complete_cells,paper_protocol_strict_feasible_subset
spambase,2531,13,1600,0.4,False,1589,1000,unlabeled_pool,False,False,strict_complete_cells,paper_protocol_strict_feasible_subset
spambase,2532,14,1600,0.4,False,1589,1000,unlabeled_pool,False,False,strict_complete_cells,paper_protocol_strict_feasible_subset
spambase,2533,15,1600,0.4,False,1587,1000,unlabeled_pool,False,False,strict_complete_cells,paper_protocol_strict_feasible_subset
spambase,2534,16,1600,0.4,False,1597,1000,unlabeled_pool,False,False,strict_complete_cells,paper_protocol_strict_feasible_subset
spambase,2535,17,1600,0.4,False,1567,1000,unlabeled_pool,False,False,strict_complete_cells,paper_protocol_strict_feasible_subset
spambase,2536,18,1600,0.4,True,1600,1000,,False,False,strict_complete_cells,paper_protocol_strict_feasible_subset
spambase,2537,19,1600,0.4,False,1589,1000,unlabeled_pool,False,False,strict_complete_cells,paper_protocol_strict_feasible_subset
spambase,2538,20,1600,0.4,False,1574,1000,unlabeled_pool,False,False,strict_complete_cells,paper_protocol_strict_feasible_subset
spambase,2539,21,1600,0.4,False,1572,1000,unlabeled_pool,False,False,strict_complete_cells,paper_protocol_strict_feasible_subset
spambase,2540,22,1600,0.4,False,1594,1000,unlabeled_pool,False,False,strict_complete_cells,paper_protocol_strict_feasible_subset
spambase,2541,23,1600,0.4,False,1575,1000,unlabeled_pool,False,False,strict_complete_cells,paper_protocol_strict_feasible_subset
spambase,2542,24,1600,0.4,False,1591,1000,unlabeled_pool,False,False,strict_complete_cells,paper_protocol_strict_feasible_subset
spambase,2543,25,1600,0.4,False,1595,1000,unlabeled_pool,False,False,strict_complete_cells,paper_protocol_strict_feasible_subset
spambase,2544,26,1600,0.4,False,1583,1000,unlabeled_pool,False,False,strict_complete_cells,paper_protocol_strict_feasible_subset
spambase,2545,27,1600,0.4,False,1559,1000,unlabeled_pool,False,False,strict_complete_cells,paper_protocol_strict_feasible_subset
spambase,2546,28,1600,0.4,False,1593,1000,unlabeled_pool,False,False,strict_complete_cells,paper_protocol_strict_feasible_subset
spambase,2547,29,1600,0.4,False,1598,1000,unlabeled_pool,False,False,strict_complete_cells,paper_protocol_strict_feasible_subset
spambase,2548,30,1600,0.4,False,1588,1000,unlabeled_pool,False,False,strict_complete_cells,paper_protocol_strict_feasible_subset
spambase,2549,31,1600,0.4,False,1565,1000,unlabeled_pool,False,False,strict_complete_cells,paper_protocol_strict_feasible_subset
spambase,2550,32,1600,0.4,False,1573,1000,unlabeled_pool,False,False,strict_complete_cells,paper_protocol_strict_feasible_subset
spambase,2551,33,1600,0.4,False,1593,1000,unlabeled_pool,False,False,strict_complete_cells,paper_protocol_strict_feasible_subset
spambase,2552,34,1600,0.4,False,1590,1000,unlabeled_pool,False,False,strict_complete_cells,paper_protocol_strict_feasible_subset
spambase,2553,35,1600,0.4,True,1600,1000,,False,False,strict_complete_cells,paper_protocol_strict_feasible_subset
spambase,2554,36,1600,0.4,False,1582,1000,unlabeled_pool,False,False,strict_complete_cells,paper_protocol_strict_feasible_subset
spambase,2555,37,1600,0.4,False,1598,1000,unlabeled_pool,False,False,strict_complete_cells,paper_protocol_strict_feasible_subset
spambase,2556,38,1600,0.4,False,1594,1000,unlabeled_pool,False,False,strict_complete_cells,paper_protocol_strict_feasible_subset
spambase,2557,39,1600,0.4,False,1591,1000,unlabeled_pool,False,False,strict_complete_cells,paper_protocol_strict_feasible_subset
spambase,2558,40,1600,0.4,False,1583,1000,unlabeled_pool,False,False,strict_complete_cells,paper_protocol_strict_feasible_subset
spambase,2559,41,1600,0.4,False,1599,1000,unlabeled_pool,False,False,strict_complete_cells,paper_protocol_strict_feasible_subset
spambase,2560,42,1600,0.4,False,1584,1000,unlabeled_pool,False,False,strict_complete_cells,paper_protocol_strict_feasible_subset
spambase,2561,43,1600,0.4,False,1579,1000,unlabeled_pool,False,False,strict_complete_cells,paper_protocol_strict_feasible_subset
spambase,2562,44,1600,0.4,False,1571,1000,unlabeled_pool,False,False,strict_complete_cells,paper_protocol_strict_feasible_subset
spambase,2563,45,1600,0.4,False,1584,1000,unlabeled_pool,False,False,strict_complete_cells,paper_protocol_strict_feasible_subset
spambase,2564,46,1600,0.4,False,1593,1000,unlabeled_pool,False,False,strict_complete_cells,paper_protocol_strict_feasible_subset
spambase,2565,47,1600,0.4,False,1568,1000,unlabeled_pool,False,False,strict_complete_cells,paper_protocol_strict_feasible_subset
spambase,2566,48,1600,0.4,False,1591,1000,unlabeled_pool,False,False,strict_complete_cells,paper_protocol_strict_feasible_subset
spambase,2567,49,1600,0.4,False,1592,1000,unlabeled_pool,False,False,strict_complete_cells,paper_protocol_strict_feasible_subset
spambase,2568,50,1600,0.4,False,1589,1000,unlabeled_pool,False,False,strict_complete_cells,paper_protocol_strict_feasible_subset
spambase,2569,51,1600,0.4,False,1576,1000,unlabeled_pool,False,False,strict_complete_cells,paper_protocol_strict_feasible_subset
spambase,2570,52,1600,0.4,False,1588,1000,unlabeled_pool,False,False,strict_complete_cells,paper_protocol_strict_feasible_subset
spambase,2571,53,1600,0.4,False,1578,1000,unlabeled_pool,False,False,strict_complete_cells,paper_protocol_strict_feasible_subset
spambase,2572,54,1600,0.4,False,1584,1000,unlabeled_pool,False,False,strict_complete_cells,paper_protocol_strict_feasible_subset
spambase,2573,55,1600,0.4,False,1591,1000,unlabeled_pool,False,False,strict_complete_cells,paper_protocol_strict_feasible_subset
spambase,2574,56,1600,0.4,False,1573,1000,unlabeled_pool,False,False,strict_complete_cells,paper_protocol_strict_feasible_subset
spambase,2575,57,1600,0.4,False,1595,1000,unlabeled_pool,False,False,strict_complete_cells,paper_protocol_strict_feasible_subset
spambase,2576,58,1600,0.4,False,1596,1000,unlabeled_pool,False,False,strict_complete_cells,paper_protocol_strict_feasible_subset
spambase,2577,59,1600,0.4,False,1598,1000,unlabeled_pool,False,False,strict_complete_cells,paper_protocol_strict_feasible_subset
spambase,2578,60,1600,0.4,False,1583,1000,unlabeled_pool,False,False,strict_complete_cells,paper_protocol_strict_feasible_subset
spambase,2579,61,1600,0.4,False,1586,1000,unlabeled_pool,False,False,strict_complete_cells,paper_protocol_strict_feasible_subset
spambase,2580,62,1600,0.4,False,1574,1000,unlabeled_pool,False,False,strict_complete_cells,paper_protocol_strict_feasible_subset
spambase,2581,63,1600,0.4,False,1580,1000,unlabeled_pool,False,False,strict_complete_cells,paper_protocol_strict_feasible_subset
spambase,2582,64,1600,0.4,False,1596,1000,unlabeled_pool,False,False,strict_complete_cells,paper_protocol_strict_feasible_subset
spambase,2583,65,1600,0.4,False,1583,1000,unlabeled_pool,False,False,strict_complete_cells,paper_protocol_strict_feasible_subset
spambase,2584,66,1600,0.4,False,1590,1000,unlabeled_pool,False,False,strict_complete_cells,paper_protocol_strict_feasible_subset
spambase,2585,67,1600,0.4,False,1589,1000,unlabeled_pool,False,False,strict_complete_cells,paper_protocol_strict_feasible_subset
spambase,2586,68,1600,0.4,False,1596,1000,unlabeled_pool,False,False,strict_complete_cells,paper_protocol_strict_feasible_subset
spambase,2587,69,1600,0.4,False,1590,1000,unlabeled_pool,False,False,strict_complete_cells,paper_protocol_strict_feasible_subset
spambase,2588,70,1600,0.4,False,1562,1000,unlabeled_pool,False,False,strict_complete_cells,paper_protocol_strict_feasible_subset
spambase,2589,71,1600,0.4,False,1596,1000,unlabeled_pool,False,False,strict_complete_cells,paper_protocol_strict_feasible_subset
spambase,2590,72,1600,0.4,False,1589,1000,unlabeled_pool,False,False,strict_complete_cells,paper_protocol_strict_feasible_subset
spambase,2591,73,1600,0.4,False,1591,1000,unlabeled_pool,False,False,strict_complete_cells,paper_protocol_strict_feasible_subset
spambase,2592,74,1600,0.4,False,1598,1000,unlabeled_pool,False,False,strict_complete_cells,paper_protocol_strict_feasible_subset
spambase,2593,75,1600,0.4,False,1573,1000,unlabeled_pool,False,False,strict_complete_cells,paper_protocol_strict_feasible_subset
spambase,2594,76,1600,0.4,False,1566,1000,unlabeled_pool,False,False,strict_complete_cells,paper_protocol_strict_feasible_subset
spambase,2595,77,1600,0.4,False,1565,1000,unlabeled_pool,False,False,strict_complete_cells,paper_protocol_strict_feasible_subset
spambase,2596,78,1600,0.4,False,1574,1000,unlabeled_pool,False,False,strict_complete_cells,paper_protocol_strict_feasible_subset
spambase,2597,79,1600,0.4,False,1582,1000,unlabeled_pool,False,False,strict_complete_cells,paper_protocol_strict_feasible_subset
spambase,2598,80,1600,0.4,False,1593,1000,unlabeled_pool,False,False,strict_complete_cells,paper_protocol_strict_feasible_subset
spambase,2599,81,1600,0.4,False,1572,1000,unlabeled_pool,False,False,strict_complete_cells,paper_protocol_strict_feasible_subset
spambase,2600,82,1600,0.4,False,1580,1000,unlabeled_pool,False,False,strict_complete_cells,paper_protocol_strict_feasible_subset
spambase,2601,83,1600,0.4,False,1562,1000,unlabeled_pool,False,False,strict_complete_cells,paper_protocol_strict_feasible_subset
spambase,2602,84,1600,0.4,False,1571,1000,unlabeled_pool,False,False,strict_complete_cells,paper_protocol_strict_feasible_subset
spambase,2603,85,1600,0.4,False,1587,1000,unlabeled_pool,False,False,strict_complete_cells,paper_protocol_strict_feasible_subset
spambase,2604,86,1600,0.4,False,1585,1000,unlabeled_pool,False,False,strict_complete_cells,paper_protocol_strict_feasible_subset
spambase,2605,87,1600,0.4,False,1591,1000,unlabeled_pool,False,False,strict_complete_cells,paper_protocol_strict_feasible_subset
spambase,2606,88,1600,0.4,False,1598,1000,unlabeled_pool,False,False,strict_complete_cells,paper_protocol_strict_feasible_subset
spambase,2607,89,1600,0.4,False,1596,1000,unlabeled_pool,False,False,strict_complete_cells,paper_protocol_strict_feasible_subset
spambase,2608,90,1600,0.4,False,1549,1000,unlabeled_pool,False,False,strict_complete_cells,paper_protocol_strict_feasible_subset
spambase,2609,91,1600,0.4,False,1587,1000,unlabeled_pool,False,False,strict_complete_cells,paper_protocol_strict_feasible_subset
spambase,2610,92,1600,0.4,False,1594,1000,unlabeled_pool,False,False,strict_complete_cells,paper_protocol_strict_feasible_subset
spambase,2611,93,1600,0.4,False,1590,1000,unlabeled_pool,False,False,strict_complete_cells,paper_protocol_strict_feasible_subset
spambase,2612,94,1600,0.4,False,1565,1000,unlabeled_pool,False,False,strict_complete_cells,paper_protocol_strict_feasible_subset
spambase,2613,95,1600,0.4,False,1595,1000,unlabeled_pool,False,False,strict_complete_cells,paper_protocol_strict_feasible_subset
spambase,2614,96,1600,0.4,False,1597,1000,unlabeled_pool,False,False,strict_complete_cells,paper_protocol_strict_feasible_subset
spambase,2615,97,1600,0.4,False,1597,1000,unlabeled_pool,False,False,strict_complete_cells,paper_protocol_strict_feasible_subset
spambase,2616,98,1600,0.4,False,1563,1000,unlabeled_pool,False,False,strict_complete_cells,paper_protocol_strict_feasible_subset
spambase,2617,99,1600,0.4,False,1585,1000,unlabeled_pool,False,False,strict_complete_cells,paper_protocol_strict_feasible_subset
spambase,2618,0,1600,0.6,False,1264,1000,unlabeled_pool,False,False,strict_complete_cells,paper_protocol_strict_feasible_subset
spambase,2619,1,1600,0.6,False,1274,1000,unlabeled_pool,False,False,strict_complete_cells,paper_protocol_strict_feasible_subset
spambase,2620,2,1600,0.6,False,1261,1000,unlabeled_pool,False,False,strict_complete_cells,paper_protocol_strict_feasible_subset
spambase,2621,3,1600,0.6,False,1301,1000,unlabeled_pool,False,False,strict_complete_cells,paper_protocol_strict_feasible_subset
spambase,2622,4,1600,0.6,False,1264,1000,unlabeled_pool,False,False,strict_complete_cells,paper_protocol_strict_feasible_subset
spambase,2623,5,1600,0.6,False,1284,1000,unlabeled_pool,False,False,strict_complete_cells,paper_protocol_strict_feasible_subset
spambase,2624,6,1600,0.6,False,1277,1000,unlabeled_pool,False,False,strict_complete_cells,paper_protocol_strict_feasible_subset
spambase,2625,7,1600,0.6,False,1244,1000,unlabeled_pool,False,False,strict_complete_cells,paper_protocol_strict_feasible_subset
spambase,2626,8,1600,0.6,False,1257,1000,unlabeled_pool,False,False,strict_complete_cells,paper_protocol_strict_feasible_subset
spambase,2627,9,1600,0.6,False,1282,1000,unlabeled_pool,False,False,strict_complete_cells,paper_protocol_strict_feasible_subset
spambase,2628,10,1600,0.6,False,1275,1000,unlabeled_pool,False,False,strict_complete_cells,paper_protocol_strict_feasible_subset
spambase,2629,11,1600,0.6,False,1301,1000,unlabeled_pool,False,False,strict_complete_cells,paper_protocol_strict_feasible_subset
spambase,2630,12,1600,0.6,False,1248,1000,unlabeled_pool,False,False,strict_complete_cells,paper_protocol_strict_feasible_subset
spambase,2631,13,1600,0.6,False,1261,1000,unlabeled_pool,False,False,strict_complete_cells,paper_protocol_strict_feasible_subset
spambase,2632,14,1600,0.6,False,1286,1000,unlabeled_pool,False,False,strict_complete_cells,paper_protocol_strict_feasible_subset
spambase,2633,15,1600,0.6,False,1272,1000,unlabeled_pool,False,False,strict_complete_cells,paper_protocol_strict_feasible_subset
spambase,2634,16,1600,0.6,False,1288,1000,unlabeled_pool,False,False,strict_complete_cells,paper_protocol_strict_feasible_subset
spambase,2635,17,1600,0.6,False,1255,1000,unlabeled_pool,False,False,strict_complete_cells,paper_protocol_strict_feasible_subset
spambase,2636,18,1600,0.6,False,1276,1000,unlabeled_pool,False,False,strict_complete_cells,paper_protocol_strict_feasible_subset
spambase,2637,19,1600,0.6,False,1281,1000,unlabeled_pool,False,False,strict_complete_cells,paper_protocol_strict_feasible_subset
spambase,2638,20,1600,0.6,False,1260,1000,unlabeled_pool,False,False,strict_complete_cells,paper_protocol_strict_feasible_subset
spambase,2639,21,1600,0.6,False,1258,1000,unlabeled_pool,False,False,strict_complete_cells,paper_protocol_strict_feasible_subset
spambase,2640,22,1600,0.6,False,1266,1000,unlabeled_pool,False,False,strict_complete_cells,paper_protocol_strict_feasible_subset
spambase,2641,23,1600,0.6,False,1283,1000,unlabeled_pool,False,False,strict_complete_cells,paper_protocol_strict_feasible_subset
spambase,2642,24,1600,0.6,False,1267,1000,unlabeled_pool,False,False,strict_complete_cells,paper_protocol_strict_feasible_subset
spambase,2643,25,1600,0.6,False,1279,1000,unlabeled_pool,False,False,strict_complete_cells,paper_protocol_strict_feasible_subset
spambase,2644,26,1600,0.6,False,1279,1000,unlabeled_pool,False,False,strict_complete_cells,paper_protocol_strict_feasible_subset
spambase,2645,27,1600,0.6,False,1278,1000,unlabeled_pool,False,False,strict_complete_cells,paper_protocol_strict_feasible_subset
spambase,2646,28,1600,0.6,False,1296,1000,unlabeled_pool,False,False,strict_complete_cells,paper_protocol_strict_feasible_subset
spambase,2647,29,1600,0.6,False,1275,1000,unlabeled_pool,False,False,strict_complete_cells,paper_protocol_strict_feasible_subset
spambase,2648,30,1600,0.6,False,1258,1000,unlabeled_pool,False,False,strict_complete_cells,paper_protocol_strict_feasible_subset
spambase,2649,31,1600,0.6,False,1233,1000,unlabeled_pool,False,False,strict_complete_cells,paper_protocol_strict_feasible_subset
spambase,2650,32,1600,0.6,False,1274,1000,unlabeled_pool,False,False,strict_complete_cells,paper_protocol_strict_feasible_subset
spambase,2651,33,1600,0.6,False,1286,1000,unlabeled_pool,False,False,strict_complete_cells,paper_protocol_strict_feasible_subset
spambase,2652,34,1600,0.6,False,1265,1000,unlabeled_pool,False,False,strict_complete_cells,paper_protocol_strict_feasible_subset
spambase,2653,35,1600,0.6,False,1273,1000,unlabeled_pool,False,False,strict_complete_cells,paper_protocol_strict_feasible_subset
spambase,2654,36,1600,0.6,False,1244,1000,unlabeled_pool,False,False,strict_complete_cells,paper_protocol_strict_feasible_subset
spambase,2655,37,1600,0.6,False,1274,1000,unlabeled_pool,False,False,strict_complete_cells,paper_protocol_strict_feasible_subset
spambase,2656,38,1600,0.6,False,1278,1000,unlabeled_pool,False,False,strict_complete_cells,paper_protocol_strict_feasible_subset
spambase,2657,39,1600,0.6,False,1260,1000,unlabeled_pool,False,False,strict_complete_cells,paper_protocol_strict_feasible_subset
spambase,2658,40,1600,0.6,False,1285,1000,unlabeled_pool,False,False,strict_complete_cells,paper_protocol_strict_feasible_subset
spambase,2659,41,1600,0.6,False,1265,1000,unlabeled_pool,False,False,strict_complete_cells,paper_protocol_strict_feasible_subset
spambase,2660,42,1600,0.6,False,1261,1000,unlabeled_pool,False,False,strict_complete_cells,paper_protocol_strict_feasible_subset
spambase,2661,43,1600,0.6,False,1268,1000,unlabeled_pool,False,False,strict_complete_cells,paper_protocol_strict_feasible_subset
spambase,2662,44,1600,0.6,False,1258,1000,unlabeled_pool,False,False,strict_complete_cells,paper_protocol_strict_feasible_subset
spambase,2663,45,1600,0.6,False,1273,1000,unlabeled_pool,False,False,strict_complete_cells,paper_protocol_strict_feasible_subset
spambase,2664,46,1600,0.6,False,1254,1000,unlabeled_pool,False,False,strict_complete_cells,paper_protocol_strict_feasible_subset
spambase,2665,47,1600,0.6,False,1231,1000,unlabeled_pool,False,False,strict_complete_cells,paper_protocol_strict_feasible_subset
spambase,2666,48,1600,0.6,False,1250,1000,unlabeled_pool,False,False,strict_complete_cells,paper_protocol_strict_feasible_subset
spambase,2667,49,1600,0.6,False,1255,1000,unlabeled_pool,False,False,strict_complete_cells,paper_protocol_strict_feasible_subset
spambase,2668,50,1600,0.6,False,1292,1000,unlabeled_pool,False,False,strict_complete_cells,paper_protocol_strict_feasible_subset
spambase,2669,51,1600,0.6,False,1275,1000,unlabeled_pool,False,False,strict_complete_cells,paper_protocol_strict_feasible_subset
spambase,2670,52,1600,0.6,False,1284,1000,unlabeled_pool,False,False,strict_complete_cells,paper_protocol_strict_feasible_subset
spambase,2671,53,1600,0.6,False,1257,1000,unlabeled_pool,False,False,strict_complete_cells,paper_protocol_strict_feasible_subset
spambase,2672,54,1600,0.6,False,1278,1000,unlabeled_pool,False,False,strict_complete_cells,paper_protocol_strict_feasible_subset
spambase,2673,55,1600,0.6,False,1274,1000,unlabeled_pool,False,False,strict_complete_cells,paper_protocol_strict_feasible_subset
spambase,2674,56,1600,0.6,False,1276,1000,unlabeled_pool,False,False,strict_complete_cells,paper_protocol_strict_feasible_subset
spambase,2675,57,1600,0.6,False,1260,1000,unlabeled_pool,False,False,strict_complete_cells,paper_protocol_strict_feasible_subset
spambase,2676,58,1600,0.6,False,1260,1000,unlabeled_pool,False,False,strict_complete_cells,paper_protocol_strict_feasible_subset
spambase,2677,59,1600,0.6,False,1264,1000,unlabeled_pool,False,False,strict_complete_cells,paper_protocol_strict_feasible_subset
spambase,2678,60,1600,0.6,False,1281,1000,unlabeled_pool,False,False,strict_complete_cells,paper_protocol_strict_feasible_subset
spambase,2679,61,1600,0.6,False,1295,1000,unlabeled_pool,False,False,strict_complete_cells,paper_protocol_strict_feasible_subset
spambase,2680,62,1600,0.6,False,1261,1000,unlabeled_pool,False,False,strict_complete_cells,paper_protocol_strict_feasible_subset
spambase,2681,63,1600,0.6,False,1276,1000,unlabeled_pool,False,False,strict_complete_cells,paper_protocol_strict_feasible_subset
spambase,2682,64,1600,0.6,False,1264,1000,unlabeled_pool,False,False,strict_complete_cells,paper_protocol_strict_feasible_subset
spambase,2683,65,1600,0.6,False,1270,1000,unlabeled_pool,False,False,strict_complete_cells,paper_protocol_strict_feasible_subset
spambase,2684,66,1600,0.6,False,1275,1000,unlabeled_pool,False,False,strict_complete_cells,paper_protocol_strict_feasible_subset
spambase,2685,67,1600,0.6,False,1290,1000,unlabeled_pool,False,False,strict_complete_cells,paper_protocol_strict_feasible_subset
spambase,2686,68,1600,0.6,False,1261,1000,unlabeled_pool,False,False,strict_complete_cells,paper_protocol_strict_feasible_subset
spambase,2687,69,1600,0.6,False,1285,1000,unlabeled_pool,False,False,strict_complete_cells,paper_protocol_strict_feasible_subset
spambase,2688,70,1600,0.6,False,1292,1000,unlabeled_pool,False,False,strict_complete_cells,paper_protocol_strict_feasible_subset
spambase,2689,71,1600,0.6,False,1287,1000,unlabeled_pool,False,False,strict_complete_cells,paper_protocol_strict_feasible_subset
spambase,2690,72,1600,0.6,False,1239,1000,unlabeled_pool,False,False,strict_complete_cells,paper_protocol_strict_feasible_subset
spambase,2691,73,1600,0.6,False,1271,1000,unlabeled_pool,False,False,strict_complete_cells,paper_protocol_strict_feasible_subset
spambase,2692,74,1600,0.6,False,1281,1000,unlabeled_pool,False,False,strict_complete_cells,paper_protocol_strict_feasible_subset
spambase,2693,75,1600,0.6,False,1278,1000,unlabeled_pool,False,False,strict_complete_cells,paper_protocol_strict_feasible_subset
spambase,2694,76,1600,0.6,False,1262,1000,unlabeled_pool,False,False,strict_complete_cells,paper_protocol_strict_feasible_subset
spambase,2695,77,1600,0.6,False,1276,1000,unlabeled_pool,False,False,strict_complete_cells,paper_protocol_strict_feasible_subset
spambase,2696,78,1600,0.6,False,1256,1000,unlabeled_pool,False,False,strict_complete_cells,paper_protocol_strict_feasible_subset
spambase,2697,79,1600,0.6,False,1273,1000,unlabeled_pool,False,False,strict_complete_cells,paper_protocol_strict_feasible_subset
spambase,2698,80,1600,0.6,False,1303,1000,unlabeled_pool,False,False,strict_complete_cells,paper_protocol_strict_feasible_subset
spambase,2699,81,1600,0.6,False,1253,1000,unlabeled_pool,False,False,strict_complete_cells,paper_protocol_strict_feasible_subset
spambase,2700,82,1600,0.6,False,1281,1000,unlabeled_pool,False,False,strict_complete_cells,paper_protocol_strict_feasible_subset
spambase,2701,83,1600,0.6,False,1266,1000,unlabeled_pool,False,False,strict_complete_cells,paper_protocol_strict_feasible_subset
spambase,2702,84,1600,0.6,False,1265,1000,unlabeled_pool,False,False,strict_complete_cells,paper_protocol_strict_feasible_subset
spambase,2703,85,1600,0.6,False,1270,1000,unlabeled_pool,False,False,strict_complete_cells,paper_protocol_strict_feasible_subset
spambase,2704,86,1600,0.6,False,1280,1000,unlabeled_pool,False,False,strict_complete_cells,paper_protocol_strict_feasible_subset
spambase,2705,87,1600,0.6,False,1275,1000,unlabeled_pool,False,False,strict_complete_cells,paper_protocol_strict_feasible_subset
spambase,2706,88,1600,0.6,False,1272,1000,unlabeled_pool,False,False,strict_complete_cells,paper_protocol_strict_feasible_subset
spambase,2707,89,1600,0.6,False,1272,1000,unlabeled_pool,False,False,strict_complete_cells,paper_protocol_strict_feasible_subset
spambase,2708,90,1600,0.6,False,1247,1000,unlabeled_pool,False,False,strict_complete_cells,paper_protocol_strict_feasible_subset
spambase,2709,91,1600,0.6,False,1299,1000,unlabeled_pool,False,False,strict_complete_cells,paper_protocol_strict_feasible_subset
spambase,2710,92,1600,0.6,False,1292,1000,unlabeled_pool,False,False,strict_complete_cells,paper_protocol_strict_feasible_subset
spambase,2711,93,1600,0.6,False,1261,1000,unlabeled_pool,False,False,strict_complete_cells,paper_protocol_strict_feasible_subset
spambase,2712,94,1600,0.6,False,1261,1000,unlabeled_pool,False,False,strict_complete_cells,paper_protocol_strict_feasible_subset
spambase,2713,95,1600,0.6,False,1277,1000,unlabeled_pool,False,False,strict_complete_cells,paper_protocol_strict_feasible_subset
spambase,2714,96,1600,0.6,False,1298,1000,unlabeled_pool,False,False,strict_complete_cells,paper_protocol_strict_feasible_subset
spambase,2715,97,1600,0.6,False,1269,1000,unlabeled_pool,False,False,strict_complete_cells,paper_protocol_strict_feasible_subset
spambase,2716,98,1600,0.6,False,1270,1000,unlabeled_pool,False,False,strict_complete_cells,paper_protocol_strict_feasible_subset
spambase,2717,99,1600,0.6,False,1289,1000,unlabeled_pool,False,False,strict_complete_cells,paper_protocol_strict_feasible_subset
spambase,2718,0,1600,0.8,False,951,1000,unlabeled_pool,False,False,strict_complete_cells,paper_protocol_strict_feasible_subset
spambase,2719,1,1600,0.8,False,938,1000,unlabeled_pool,False,False,strict_complete_cells,paper_protocol_strict_feasible_subset
spambase,2720,2,1600,0.8,False,943,1000,unlabeled_pool,False,False,strict_complete_cells,paper_protocol_strict_feasible_subset
spambase,2721,3,1600,0.8,False,942,1000,unlabeled_pool,False,False,strict_complete_cells,paper_protocol_strict_feasible_subset
spambase,2722,4,1600,0.8,False,962,1000,unlabeled_pool,False,False,strict_complete_cells,paper_protocol_strict_feasible_subset
spambase,2723,5,1600,0.8,False,950,1000,unlabeled_pool,False,False,strict_complete_cells,paper_protocol_strict_feasible_subset
spambase,2724,6,1600,0.8,False,953,1000,unlabeled_pool,False,False,strict_complete_cells,paper_protocol_strict_feasible_subset
spambase,2725,7,1600,0.8,False,963,1000,unlabeled_pool,False,False,strict_complete_cells,paper_protocol_strict_feasible_subset
spambase,2726,8,1600,0.8,False,941,1000,unlabeled_pool,False,False,strict_complete_cells,paper_protocol_strict_feasible_subset
spambase,2727,9,1600,0.8,False,976,1000,unlabeled_pool,False,False,strict_complete_cells,paper_protocol_strict_feasible_subset
spambase,2728,10,1600,0.8,False,945,1000,unlabeled_pool,False,False,strict_complete_cells,paper_protocol_strict_feasible_subset
spambase,2729,11,1600,0.8,False,959,1000,unlabeled_pool,False,False,strict_complete_cells,paper_protocol_strict_feasible_subset
spambase,2730,12,1600,0.8,False,936,1000,unlabeled_pool,False,False,strict_complete_cells,paper_protocol_strict_feasible_subset
spambase,2731,13,1600,0.8,False,964,1000,unlabeled_pool,False,False,strict_complete_cells,paper_protocol_strict_feasible_subset
spambase,2732,14,1600,0.8,False,931,1000,unlabeled_pool,False,False,strict_complete_cells,paper_protocol_strict_feasible_subset
spambase,2733,15,1600,0.8,False,958,1000,unlabeled_pool,False,False,strict_complete_cells,paper_protocol_strict_feasible_subset
spambase,2734,16,1600,0.8,False,954,1000,unlabeled_pool,False,False,strict_complete_cells,paper_protocol_strict_feasible_subset
spambase,2735,17,1600,0.8,False,949,1000,unlabeled_pool,False,False,strict_complete_cells,paper_protocol_strict_feasible_subset
spambase,2736,18,1600,0.8,False,948,1000,unlabeled_pool,False,False,strict_complete_cells,paper_protocol_strict_feasible_subset
spambase,2737,19,1600,0.8,False,955,1000,unlabeled_pool,False,False,strict_complete_cells,paper_protocol_strict_feasible_subset
spambase,2738,20,1600,0.8,False,927,1000,unlabeled_pool,False,False,strict_complete_cells,paper_protocol_strict_feasible_subset
spambase,2739,21,1600,0.8,False,951,1000,unlabeled_pool,False,False,strict_complete_cells,paper_protocol_strict_feasible_subset
spambase,2740,22,1600,0.8,False,924,1000,unlabeled_pool,False,False,strict_complete_cells,paper_protocol_strict_feasible_subset
spambase,2741,23,1600,0.8,False,953,1000,unlabeled_pool,False,False,strict_complete_cells,paper_protocol_strict_feasible_subset
spambase,2742,24,1600,0.8,False,966,1000,unlabeled_pool,False,False,strict_complete_cells,paper_protocol_strict_feasible_subset
spambase,2743,25,1600,0.8,False,928,1000,unlabeled_pool,False,False,strict_complete_cells,paper_protocol_strict_feasible_subset
spambase,2744,26,1600,0.8,False,926,1000,unlabeled_pool,False,False,strict_complete_cells,paper_protocol_strict_feasible_subset
spambase,2745,27,1600,0.8,False,956,1000,unlabeled_pool,False,False,strict_complete_cells,paper_protocol_strict_feasible_subset
spambase,2746,28,1600,0.8,False,952,1000,unlabeled_pool,False,False,strict_complete_cells,paper_protocol_strict_feasible_subset
spambase,2747,29,1600,0.8,False,933,1000,unlabeled_pool,False,False,strict_complete_cells,paper_protocol_strict_feasible_subset
spambase,2748,30,1600,0.8,False,958,1000,unlabeled_pool,False,False,strict_complete_cells,paper_protocol_strict_feasible_subset
spambase,2749,31,1600,0.8,False,974,1000,unlabeled_pool,False,False,strict_complete_cells,paper_protocol_strict_feasible_subset
spambase,2750,32,1600,0.8,False,953,1000,unlabeled_pool,False,False,strict_complete_cells,paper_protocol_strict_feasible_subset
spambase,2751,33,1600,0.8,False,966,1000,unlabeled_pool,False,False,strict_complete_cells,paper_protocol_strict_feasible_subset
spambase,2752,34,1600,0.8,False,967,1000,unlabeled_pool,False,False,strict_complete_cells,paper_protocol_strict_feasible_subset
spambase,2753,35,1600,0.8,False,995,1000,unlabeled_pool,False,False,strict_complete_cells,paper_protocol_strict_feasible_subset
spambase,2754,36,1600,0.8,False,919,1000,unlabeled_pool,False,False,strict_complete_cells,paper_protocol_strict_feasible_subset
spambase,2755,37,1600,0.8,False,967,1000,unlabeled_pool,False,False,strict_complete_cells,paper_protocol_strict_feasible_subset
spambase,2756,38,1600,0.8,False,933,1000,unlabeled_pool,False,False,strict_complete_cells,paper_protocol_strict_feasible_subset
spambase,2757,39,1600,0.8,False,962,1000,unlabeled_pool,False,False,strict_complete_cells,paper_protocol_strict_feasible_subset
spambase,2758,40,1600,0.8,False,939,1000,unlabeled_pool,False,False,strict_complete_cells,paper_protocol_strict_feasible_subset
spambase,2759,41,1600,0.8,False,946,1000,unlabeled_pool,False,False,strict_complete_cells,paper_protocol_strict_feasible_subset
spambase,2760,42,1600,0.8,False,933,1000,unlabeled_pool,False,False,strict_complete_cells,paper_protocol_strict_feasible_subset
spambase,2761,43,1600,0.8,False,947,1000,unlabeled_pool,False,False,strict_complete_cells,paper_protocol_strict_feasible_subset
spambase,2762,44,1600,0.8,False,927,1000,unlabeled_pool,False,False,strict_complete_cells,paper_protocol_strict_feasible_subset
spambase,2763,45,1600,0.8,False,948,1000,unlabeled_pool,False,False,strict_complete_cells,paper_protocol_strict_feasible_subset
spambase,2764,46,1600,0.8,False,951,1000,unlabeled_pool,False,False,strict_complete_cells,paper_protocol_strict_feasible_subset
spambase,2765,47,1600,0.8,False,939,1000,unlabeled_pool,False,False,strict_complete_cells,paper_protocol_strict_feasible_subset
spambase,2766,48,1600,0.8,False,919,1000,unlabeled_pool,False,False,strict_complete_cells,paper_protocol_strict_feasible_subset
spambase,2767,49,1600,0.8,False,935,1000,unlabeled_pool,False,False,strict_complete_cells,paper_protocol_strict_feasible_subset
spambase,2768,50,1600,0.8,False,959,1000,unlabeled_pool,False,False,strict_complete_cells,paper_protocol_strict_feasible_subset
spambase,2769,51,1600,0.8,False,970,1000,unlabeled_pool,False,False,strict_complete_cells,paper_protocol_strict_feasible_subset
spambase,2770,52,1600,0.8,False,962,1000,unlabeled_pool,False,False,strict_complete_cells,paper_protocol_strict_feasible_subset
spambase,2771,53,1600,0.8,False,957,1000,unlabeled_pool,False,False,strict_complete_cells,paper_protocol_strict_feasible_subset
spambase,2772,54,1600,0.8,False,943,1000,unlabeled_pool,False,False,strict_complete_cells,paper_protocol_strict_feasible_subset
spambase,2773,55,1600,0.8,False,929,1000,unlabeled_pool,False,False,strict_complete_cells,paper_protocol_strict_feasible_subset
spambase,2774,56,1600,0.8,False,945,1000,unlabeled_pool,False,False,strict_complete_cells,paper_protocol_strict_feasible_subset
spambase,2775,57,1600,0.8,False,928,1000,unlabeled_pool,False,False,strict_complete_cells,paper_protocol_strict_feasible_subset
spambase,2776,58,1600,0.8,False,977,1000,unlabeled_pool,False,False,strict_complete_cells,paper_protocol_strict_feasible_subset
spambase,2777,59,1600,0.8,False,956,1000,unlabeled_pool,False,False,strict_complete_cells,paper_protocol_strict_feasible_subset
spambase,2778,60,1600,0.8,False,957,1000,unlabeled_pool,False,False,strict_complete_cells,paper_protocol_strict_feasible_subset
spambase,2779,61,1600,0.8,False,964,1000,unlabeled_pool,False,False,strict_complete_cells,paper_protocol_strict_feasible_subset
spambase,2780,62,1600,0.8,False,952,1000,unlabeled_pool,False,False,strict_complete_cells,paper_protocol_strict_feasible_subset
spambase,2781,63,1600,0.8,False,951,1000,unlabeled_pool,False,False,strict_complete_cells,paper_protocol_strict_feasible_subset
spambase,2782,64,1600,0.8,False,954,1000,unlabeled_pool,False,False,strict_complete_cells,paper_protocol_strict_feasible_subset
spambase,2783,65,1600,0.8,False,982,1000,unlabeled_pool,False,False,strict_complete_cells,paper_protocol_strict_feasible_subset
spambase,2784,66,1600,0.8,False,949,1000,unlabeled_pool,False,False,strict_complete_cells,paper_protocol_strict_feasible_subset
spambase,2785,67,1600,0.8,False,946,1000,unlabeled_pool,False,False,strict_complete_cells,paper_protocol_strict_feasible_subset
spambase,2786,68,1600,0.8,False,958,1000,unlabeled_pool,False,False,strict_complete_cells,paper_protocol_strict_feasible_subset
spambase,2787,69,1600,0.8,False,963,1000,unlabeled_pool,False,False,strict_complete_cells,paper_protocol_strict_feasible_subset
spambase,2788,70,1600,0.8,False,956,1000,unlabeled_pool,False,False,strict_complete_cells,paper_protocol_strict_feasible_subset
spambase,2789,71,1600,0.8,False,914,1000,unlabeled_pool,False,False,strict_complete_cells,paper_protocol_strict_feasible_subset
spambase,2790,72,1600,0.8,False,939,1000,unlabeled_pool,False,False,strict_complete_cells,paper_protocol_strict_feasible_subset
spambase,2791,73,1600,0.8,False,933,1000,unlabeled_pool,False,False,strict_complete_cells,paper_protocol_strict_feasible_subset
spambase,2792,74,1600,0.8,False,962,1000,unlabeled_pool,False,False,strict_complete_cells,paper_protocol_strict_feasible_subset
spambase,2793,75,1600,0.8,False,956,1000,unlabeled_pool,False,False,strict_complete_cells,paper_protocol_strict_feasible_subset
spambase,2794,76,1600,0.8,False,970,1000,unlabeled_pool,False,False,strict_complete_cells,paper_protocol_strict_feasible_subset
spambase,2795,77,1600,0.8,False,933,1000,unlabeled_pool,False,False,strict_complete_cells,paper_protocol_strict_feasible_subset
spambase,2796,78,1600,0.8,False,951,1000,unlabeled_pool,False,False,strict_complete_cells,paper_protocol_strict_feasible_subset
spambase,2797,79,1600,0.8,False,973,1000,unlabeled_pool,False,False,strict_complete_cells,paper_protocol_strict_feasible_subset
spambase,2798,80,1600,0.8,False,964,1000,unlabeled_pool,False,False,strict_complete_cells,paper_protocol_strict_feasible_subset
spambase,2799,81,1600,0.8,False,955,1000,unlabeled_pool,False,False,strict_complete_cells,paper_protocol_strict_feasible_subset
spambase,2800,82,1600,0.8,False,947,1000,unlabeled_pool,False,False,strict_complete_cells,paper_protocol_strict_feasible_subset
spambase,2801,83,1600,0.8,False,949,1000,unlabeled_pool,False,False,strict_complete_cells,paper_protocol_strict_feasible_subset
spambase,2802,84,1600,0.8,False,950,1000,unlabeled_pool,False,False,strict_complete_cells,paper_protocol_strict_feasible_subset
spambase,2803,85,1600,0.8,False,934,1000,unlabeled_pool,False,False,strict_complete_cells,paper_protocol_strict_feasible_subset
spambase,2804,86,1600,0.8,False,955,1000,unlabeled_pool,False,False,strict_complete_cells,paper_protocol_strict_feasible_subset
spambase,2805,87,1600,0.8,False,977,1000,unlabeled_pool,False,False,strict_complete_cells,paper_protocol_strict_feasible_subset
spambase,2806,88,1600,0.8,False,964,1000,unlabeled_pool,False,False,strict_complete_cells,paper_protocol_strict_feasible_subset
spambase,2807,89,1600,0.8,False,944,1000,unlabeled_pool,False,False,strict_complete_cells,paper_protocol_strict_feasible_subset
spambase,2808,90,1600,0.8,False,977,1000,unlabeled_pool,False,False,strict_complete_cells,paper_protocol_strict_feasible_subset
spambase,2809,91,1600,0.8,False,935,1000,unlabeled_pool,False,False,strict_complete_cells,paper_protocol_strict_feasible_subset
spambase,2810,92,1600,0.8,False,963,1000,unlabeled_pool,False,False,strict_complete_cells,paper_protocol_strict_feasible_subset
spambase,2811,93,1600,0.8,False,958,1000,unlabeled_pool,False,False,strict_complete_cells,paper_protocol_strict_feasible_subset
spambase,2812,94,1600,0.8,False,929,1000,unlabeled_pool,False,False,strict_complete_cells,paper_protocol_strict_feasible_subset
spambase,2813,95,1600,0.8,False,967,1000,unlabeled_pool,False,False,strict_complete_cells,paper_protocol_strict_feasible_subset
spambase,2814,96,1600,0.8,False,960,1000,unlabeled_pool,False,False,strict_complete_cells,paper_protocol_strict_feasible_subset
spambase,2815,97,1600,0.8,False,991,1000,unlabeled_pool,False,False,strict_complete_cells,paper_protocol_strict_feasible_subset
spambase,2816,98,1600,0.8,False,969,1000,unlabeled_pool,False,False,strict_complete_cells,paper_protocol_strict_feasible_subset
spambase,2817,99,1600,0.8,False,939,1000,unlabeled_pool,False,False,strict_complete_cells,paper_protocol_strict_feasible_subset
spambase,2818,0,3200,0.2,False,1601,1000,unlabeled_pool,False,False,strict_complete_cells,paper_protocol_strict_feasible_subset
spambase,2819,1,3200,0.2,False,1578,1000,unlabeled_pool,False,False,strict_complete_cells,paper_protocol_strict_feasible_subset
spambase,2820,2,3200,0.2,False,1579,1000,unlabeled_pool,False,False,strict_complete_cells,paper_protocol_strict_feasible_subset
spambase,2821,3,3200,0.2,False,1599,1000,unlabeled_pool,False,False,strict_complete_cells,paper_protocol_strict_feasible_subset
spambase,2822,4,3200,0.2,False,1601,1000,unlabeled_pool,False,False,strict_complete_cells,paper_protocol_strict_feasible_subset
spambase,2823,5,3200,0.2,False,1601,1000,unlabeled_pool,False,False,strict_complete_cells,paper_protocol_strict_feasible_subset
spambase,2824,6,3200,0.2,False,1601,1000,unlabeled_pool,False,False,strict_complete_cells,paper_protocol_strict_feasible_subset
spambase,2825,7,3200,0.2,False,1601,1000,unlabeled_pool,False,False,strict_complete_cells,paper_protocol_strict_feasible_subset
spambase,2826,8,3200,0.2,False,1569,1000,unlabeled_pool,False,False,strict_complete_cells,paper_protocol_strict_feasible_subset
spambase,2827,9,3200,0.2,False,1597,1000,unlabeled_pool,False,False,strict_complete_cells,paper_protocol_strict_feasible_subset
spambase,2828,10,3200,0.2,False,1592,1000,unlabeled_pool,False,False,strict_complete_cells,paper_protocol_strict_feasible_subset
spambase,2829,11,3200,0.2,False,1601,1000,unlabeled_pool,False,False,strict_complete_cells,paper_protocol_strict_feasible_subset
spambase,2830,12,3200,0.2,False,1589,1000,unlabeled_pool,False,False,strict_complete_cells,paper_protocol_strict_feasible_subset
spambase,2831,13,3200,0.2,False,1601,1000,unlabeled_pool,False,False,strict_complete_cells,paper_protocol_strict_feasible_subset
spambase,2832,14,3200,0.2,False,1601,1000,unlabeled_pool,False,False,strict_complete_cells,paper_protocol_strict_feasible_subset
spambase,2833,15,3200,0.2,False,1584,1000,unlabeled_pool,False,False,strict_complete_cells,paper_protocol_strict_feasible_subset
spambase,2834,16,3200,0.2,False,1580,1000,unlabeled_pool,False,False,strict_complete_cells,paper_protocol_strict_feasible_subset
spambase,2835,17,3200,0.2,False,1601,1000,unlabeled_pool,False,False,strict_complete_cells,paper_protocol_strict_feasible_subset
spambase,2836,18,3200,0.2,False,1601,1000,unlabeled_pool,False,False,strict_complete_cells,paper_protocol_strict_feasible_subset
spambase,2837,19,3200,0.2,False,1601,1000,unlabeled_pool,False,False,strict_complete_cells,paper_protocol_strict_feasible_subset
spambase,2838,20,3200,0.2,False,1601,1000,unlabeled_pool,False,False,strict_complete_cells,paper_protocol_strict_feasible_subset
spambase,2839,21,3200,0.2,False,1601,1000,unlabeled_pool,False,False,strict_complete_cells,paper_protocol_strict_feasible_subset
spambase,2840,22,3200,0.2,False,1601,1000,unlabeled_pool,False,False,strict_complete_cells,paper_protocol_strict_feasible_subset
spambase,2841,23,3200,0.2,False,1601,1000,unlabeled_pool,False,False,strict_complete_cells,paper_protocol_strict_feasible_subset
spambase,2842,24,3200,0.2,False,1601,1000,unlabeled_pool,False,False,strict_complete_cells,paper_protocol_strict_feasible_subset
spambase,2843,25,3200,0.2,False,1601,1000,unlabeled_pool,False,False,strict_complete_cells,paper_protocol_strict_feasible_subset
spambase,2844,26,3200,0.2,False,1586,1000,unlabeled_pool,False,False,strict_complete_cells,paper_protocol_strict_feasible_subset
spambase,2845,27,3200,0.2,False,1601,1000,unlabeled_pool,False,False,strict_complete_cells,paper_protocol_strict_feasible_subset
spambase,2846,28,3200,0.2,False,1578,1000,unlabeled_pool,False,False,strict_complete_cells,paper_protocol_strict_feasible_subset
spambase,2847,29,3200,0.2,False,1592,1000,unlabeled_pool,False,False,strict_complete_cells,paper_protocol_strict_feasible_subset
spambase,2848,30,3200,0.2,False,1601,1000,unlabeled_pool,False,False,strict_complete_cells,paper_protocol_strict_feasible_subset
spambase,2849,31,3200,0.2,False,1601,1000,unlabeled_pool,False,False,strict_complete_cells,paper_protocol_strict_feasible_subset
spambase,2850,32,3200,0.2,False,1601,1000,unlabeled_pool,False,False,strict_complete_cells,paper_protocol_strict_feasible_subset
spambase,2851,33,3200,0.2,False,1586,1000,unlabeled_pool,False,False,strict_complete_cells,paper_protocol_strict_feasible_subset
spambase,2852,34,3200,0.2,False,1601,1000,unlabeled_pool,False,False,strict_complete_cells,paper_protocol_strict_feasible_subset
spambase,2853,35,3200,0.2,False,1580,1000,unlabeled_pool,False,False,strict_complete_cells,paper_protocol_strict_feasible_subset
spambase,2854,36,3200,0.2,False,1601,1000,unlabeled_pool,False,False,strict_complete_cells,paper_protocol_strict_feasible_subset
spambase,2855,37,3200,0.2,False,1601,1000,unlabeled_pool,False,False,strict_complete_cells,paper_protocol_strict_feasible_subset
spambase,2856,38,3200,0.2,False,1600,1000,unlabeled_pool,False,False,strict_complete_cells,paper_protocol_strict_feasible_subset
spambase,2857,39,3200,0.2,False,1601,1000,unlabeled_pool,False,False,strict_complete_cells,paper_protocol_strict_feasible_subset
spambase,2858,40,3200,0.2,False,1601,1000,unlabeled_pool,False,False,strict_complete_cells,paper_protocol_strict_feasible_subset
spambase,2859,41,3200,0.2,False,1601,1000,unlabeled_pool,False,False,strict_complete_cells,paper_protocol_strict_feasible_subset
spambase,2860,42,3200,0.2,False,1601,1000,unlabeled_pool,False,False,strict_complete_cells,paper_protocol_strict_feasible_subset
spambase,2861,43,3200,0.2,False,1596,1000,unlabeled_pool,False,False,strict_complete_cells,paper_protocol_strict_feasible_subset
spambase,2862,44,3200,0.2,False,1601,1000,unlabeled_pool,False,False,strict_complete_cells,paper_protocol_strict_feasible_subset
spambase,2863,45,3200,0.2,False,1601,1000,unlabeled_pool,False,False,strict_complete_cells,paper_protocol_strict_feasible_subset
spambase,2864,46,3200,0.2,False,1601,1000,unlabeled_pool,False,False,strict_complete_cells,paper_protocol_strict_feasible_subset
spambase,2865,47,3200,0.2,False,1601,1000,unlabeled_pool,False,False,strict_complete_cells,paper_protocol_strict_feasible_subset
spambase,2866,48,3200,0.2,False,1601,1000,unlabeled_pool,False,False,strict_complete_cells,paper_protocol_strict_feasible_subset
spambase,2867,49,3200,0.2,False,1601,1000,unlabeled_pool,False,False,strict_complete_cells,paper_protocol_strict_feasible_subset
spambase,2868,50,3200,0.2,False,1598,1000,unlabeled_pool,False,False,strict_complete_cells,paper_protocol_strict_feasible_subset
spambase,2869,51,3200,0.2,False,1601,1000,unlabeled_pool,False,False,strict_complete_cells,paper_protocol_strict_feasible_subset
spambase,2870,52,3200,0.2,False,1601,1000,unlabeled_pool,False,False,strict_complete_cells,paper_protocol_strict_feasible_subset
spambase,2871,53,3200,0.2,False,1601,1000,unlabeled_pool,False,False,strict_complete_cells,paper_protocol_strict_feasible_subset
spambase,2872,54,3200,0.2,False,1600,1000,unlabeled_pool,False,False,strict_complete_cells,paper_protocol_strict_feasible_subset
spambase,2873,55,3200,0.2,False,1601,1000,unlabeled_pool,False,False,strict_complete_cells,paper_protocol_strict_feasible_subset
spambase,2874,56,3200,0.2,False,1593,1000,unlabeled_pool,False,False,strict_complete_cells,paper_protocol_strict_feasible_subset
spambase,2875,57,3200,0.2,False,1601,1000,unlabeled_pool,False,False,strict_complete_cells,paper_protocol_strict_feasible_subset
spambase,2876,58,3200,0.2,False,1601,1000,unlabeled_pool,False,False,strict_complete_cells,paper_protocol_strict_feasible_subset
spambase,2877,59,3200,0.2,False,1601,1000,unlabeled_pool,False,False,strict_complete_cells,paper_protocol_strict_feasible_subset
spambase,2878,60,3200,0.2,False,1597,1000,unlabeled_pool,False,False,strict_complete_cells,paper_protocol_strict_feasible_subset
spambase,2879,61,3200,0.2,False,1596,1000,unlabeled_pool,False,False,strict_complete_cells,paper_protocol_strict_feasible_subset
spambase,2880,62,3200,0.2,False,1601,1000,unlabeled_pool,False,False,strict_complete_cells,paper_protocol_strict_feasible_subset
spambase,2881,63,3200,0.2,False,1601,1000,unlabeled_pool,False,False,strict_complete_cells,paper_protocol_strict_feasible_subset
spambase,2882,64,3200,0.2,False,1601,1000,unlabeled_pool,False,False,strict_complete_cells,paper_protocol_strict_feasible_subset
spambase,2883,65,3200,0.2,False,1592,1000,unlabeled_pool,False,False,strict_complete_cells,paper_protocol_strict_feasible_subset
spambase,2884,66,3200,0.2,False,1593,1000,unlabeled_pool,False,False,strict_complete_cells,paper_protocol_strict_feasible_subset
spambase,2885,67,3200,0.2,False,1601,1000,unlabeled_pool,False,False,strict_complete_cells,paper_protocol_strict_feasible_subset
spambase,2886,68,3200,0.2,False,1601,1000,unlabeled_pool,False,False,strict_complete_cells,paper_protocol_strict_feasible_subset
spambase,2887,69,3200,0.2,False,1600,1000,unlabeled_pool,False,False,strict_complete_cells,paper_protocol_strict_feasible_subset
spambase,2888,70,3200,0.2,False,1588,1000,unlabeled_pool,False,False,strict_complete_cells,paper_protocol_strict_feasible_subset
spambase,2889,71,3200,0.2,False,1601,1000,unlabeled_pool,False,False,strict_complete_cells,paper_protocol_strict_feasible_subset
spambase,2890,72,3200,0.2,False,1599,1000,unlabeled_pool,False,False,strict_complete_cells,paper_protocol_strict_feasible_subset
spambase,2891,73,3200,0.2,False,1601,1000,unlabeled_pool,False,False,strict_complete_cells,paper_protocol_strict_feasible_subset
spambase,2892,74,3200,0.2,False,1594,1000,unlabeled_pool,False,False,strict_complete_cells,paper_protocol_strict_feasible_subset
spambase,2893,75,3200,0.2,False,1600,1000,unlabeled_pool,False,False,strict_complete_cells,paper_protocol_strict_feasible_subset
spambase,2894,76,3200,0.2,False,1601,1000,unlabeled_pool,False,False,strict_complete_cells,paper_protocol_strict_feasible_subset
spambase,2895,77,3200,0.2,False,1601,1000,unlabeled_pool,False,False,strict_complete_cells,paper_protocol_strict_feasible_subset
spambase,2896,78,3200,0.2,False,1601,1000,unlabeled_pool,False,False,strict_complete_cells,paper_protocol_strict_feasible_subset
spambase,2897,79,3200,0.2,False,1601,1000,unlabeled_pool,False,False,strict_complete_cells,paper_protocol_strict_feasible_subset
spambase,2898,80,3200,0.2,False,1601,1000,unlabeled_pool,False,False,strict_complete_cells,paper_protocol_strict_feasible_subset
spambase,2899,81,3200,0.2,False,1601,1000,unlabeled_pool,False,False,strict_complete_cells,paper_protocol_strict_feasible_subset
spambase,2900,82,3200,0.2,False,1601,1000,unlabeled_pool,False,False,strict_complete_cells,paper_protocol_strict_feasible_subset
spambase,2901,83,3200,0.2,False,1601,1000,unlabeled_pool,False,False,strict_complete_cells,paper_protocol_strict_feasible_subset
spambase,2902,84,3200,0.2,False,1597,1000,unlabeled_pool,False,False,strict_complete_cells,paper_protocol_strict_feasible_subset
spambase,2903,85,3200,0.2,False,1593,1000,unlabeled_pool,False,False,strict_complete_cells,paper_protocol_strict_feasible_subset
spambase,2904,86,3200,0.2,False,1601,1000,unlabeled_pool,False,False,strict_complete_cells,paper_protocol_strict_feasible_subset
spambase,2905,87,3200,0.2,False,1601,1000,unlabeled_pool,False,False,strict_complete_cells,paper_protocol_strict_feasible_subset
spambase,2906,88,3200,0.2,False,1601,1000,unlabeled_pool,False,False,strict_complete_cells,paper_protocol_strict_feasible_subset
spambase,2907,89,3200,0.2,False,1601,1000,unlabeled_pool,False,False,strict_complete_cells,paper_protocol_strict_feasible_subset
spambase,2908,90,3200,0.2,False,1601,1000,unlabeled_pool,False,False,strict_complete_cells,paper_protocol_strict_feasible_subset
spambase,2909,91,3200,0.2,False,1601,1000,unlabeled_pool,False,False,strict_complete_cells,paper_protocol_strict_feasible_subset
spambase,2910,92,3200,0.2,False,1601,1000,unlabeled_pool,False,False,strict_complete_cells,paper_protocol_strict_feasible_subset
spambase,2911,93,3200,0.2,False,1601,1000,unlabeled_pool,False,False,strict_complete_cells,paper_protocol_strict_feasible_subset
spambase,2912,94,3200,0.2,False,1601,1000,unlabeled_pool,False,False,strict_complete_cells,paper_protocol_strict_feasible_subset
spambase,2913,95,3200,0.2,False,1598,1000,unlabeled_pool,False,False,strict_complete_cells,paper_protocol_strict_feasible_subset
spambase,2914,96,3200,0.2,False,1601,1000,unlabeled_pool,False,False,strict_complete_cells,paper_protocol_strict_feasible_subset
spambase,2915,97,3200,0.2,False,1601,1000,unlabeled_pool,False,False,strict_complete_cells,paper_protocol_strict_feasible_subset
spambase,2916,98,3200,0.2,False,1601,1000,unlabeled_pool,False,False,strict_complete_cells,paper_protocol_strict_feasible_subset
spambase,2917,99,3200,0.2,False,1601,1000,unlabeled_pool,False,False,strict_complete_cells,paper_protocol_strict_feasible_subset
spambase,2918,0,3200,0.4,False,1601,1000,unlabeled_pool,False,False,strict_complete_cells,paper_protocol_strict_feasible_subset
spambase,2919,1,3200,0.4,False,1601,1000,unlabeled_pool,False,False,strict_complete_cells,paper_protocol_strict_feasible_subset
spambase,2920,2,3200,0.4,False,1601,1000,unlabeled_pool,False,False,strict_complete_cells,paper_protocol_strict_feasible_subset
spambase,2921,3,3200,0.4,False,1601,1000,unlabeled_pool,False,False,strict_complete_cells,paper_protocol_strict_feasible_subset
spambase,2922,4,3200,0.4,False,1601,1000,unlabeled_pool,False,False,strict_complete_cells,paper_protocol_strict_feasible_subset
spambase,2923,5,3200,0.4,False,1601,1000,unlabeled_pool,False,False,strict_complete_cells,paper_protocol_strict_feasible_subset
spambase,2924,6,3200,0.4,False,1601,1000,unlabeled_pool,False,False,strict_complete_cells,paper_protocol_strict_feasible_subset
spambase,2925,7,3200,0.4,False,1601,1000,unlabeled_pool,False,False,strict_complete_cells,paper_protocol_strict_feasible_subset
spambase,2926,8,3200,0.4,False,1601,1000,unlabeled_pool,False,False,strict_complete_cells,paper_protocol_strict_feasible_subset
spambase,2927,9,3200,0.4,False,1601,1000,unlabeled_pool,False,False,strict_complete_cells,paper_protocol_strict_feasible_subset
spambase,2928,10,3200,0.4,False,1601,1000,unlabeled_pool,False,False,strict_complete_cells,paper_protocol_strict_feasible_subset
spambase,2929,11,3200,0.4,False,1601,1000,unlabeled_pool,False,False,strict_complete_cells,paper_protocol_strict_feasible_subset
spambase,2930,12,3200,0.4,False,1601,1000,unlabeled_pool,False,False,strict_complete_cells,paper_protocol_strict_feasible_subset
spambase,2931,13,3200,0.4,False,1601,1000,unlabeled_pool,False,False,strict_complete_cells,paper_protocol_strict_feasible_subset
spambase,2932,14,3200,0.4,False,1601,1000,unlabeled_pool,False,False,strict_complete_cells,paper_protocol_strict_feasible_subset
spambase,2933,15,3200,0.4,False,1601,1000,unlabeled_pool,False,False,strict_complete_cells,paper_protocol_strict_feasible_subset
spambase,2934,16,3200,0.4,False,1601,1000,unlabeled_pool,False,False,strict_complete_cells,paper_protocol_strict_feasible_subset
spambase,2935,17,3200,0.4,False,1601,1000,unlabeled_pool,False,False,strict_complete_cells,paper_protocol_strict_feasible_subset
spambase,2936,18,3200,0.4,False,1601,1000,unlabeled_pool,False,False,strict_complete_cells,paper_protocol_strict_feasible_subset
spambase,2937,19,3200,0.4,False,1601,1000,unlabeled_pool,False,False,strict_complete_cells,paper_protocol_strict_feasible_subset
spambase,2938,20,3200,0.4,False,1601,1000,unlabeled_pool,False,False,strict_complete_cells,paper_protocol_strict_feasible_subset
spambase,2939,21,3200,0.4,False,1601,1000,unlabeled_pool,False,False,strict_complete_cells,paper_protocol_strict_feasible_subset
spambase,2940,22,3200,0.4,False,1601,1000,unlabeled_pool,False,False,strict_complete_cells,paper_protocol_strict_feasible_subset
spambase,2941,23,3200,0.4,False,1601,1000,unlabeled_pool,False,False,strict_complete_cells,paper_protocol_strict_feasible_subset
spambase,2942,24,3200,0.4,False,1601,1000,unlabeled_pool,False,False,strict_complete_cells,paper_protocol_strict_feasible_subset
spambase,2943,25,3200,0.4,False,1601,1000,unlabeled_pool,False,False,strict_complete_cells,paper_protocol_strict_feasible_subset
spambase,2944,26,3200,0.4,False,1601,1000,unlabeled_pool,False,False,strict_complete_cells,paper_protocol_strict_feasible_subset
spambase,2945,27,3200,0.4,False,1601,1000,unlabeled_pool,False,False,strict_complete_cells,paper_protocol_strict_feasible_subset
spambase,2946,28,3200,0.4,False,1601,1000,unlabeled_pool,False,False,strict_complete_cells,paper_protocol_strict_feasible_subset
spambase,2947,29,3200,0.4,False,1601,1000,unlabeled_pool,False,False,strict_complete_cells,paper_protocol_strict_feasible_subset
spambase,2948,30,3200,0.4,False,1601,1000,unlabeled_pool,False,False,strict_complete_cells,paper_protocol_strict_feasible_subset
spambase,2949,31,3200,0.4,False,1601,1000,unlabeled_pool,False,False,strict_complete_cells,paper_protocol_strict_feasible_subset
spambase,2950,32,3200,0.4,False,1601,1000,unlabeled_pool,False,False,strict_complete_cells,paper_protocol_strict_feasible_subset
spambase,2951,33,3200,0.4,False,1601,1000,unlabeled_pool,False,False,strict_complete_cells,paper_protocol_strict_feasible_subset
spambase,2952,34,3200,0.4,False,1601,1000,unlabeled_pool,False,False,strict_complete_cells,paper_protocol_strict_feasible_subset
spambase,2953,35,3200,0.4,False,1601,1000,unlabeled_pool,False,False,strict_complete_cells,paper_protocol_strict_feasible_subset
spambase,2954,36,3200,0.4,False,1601,1000,unlabeled_pool,False,False,strict_complete_cells,paper_protocol_strict_feasible_subset
spambase,2955,37,3200,0.4,False,1601,1000,unlabeled_pool,False,False,strict_complete_cells,paper_protocol_strict_feasible_subset
spambase,2956,38,3200,0.4,False,1601,1000,unlabeled_pool,False,False,strict_complete_cells,paper_protocol_strict_feasible_subset
spambase,2957,39,3200,0.4,False,1601,1000,unlabeled_pool,False,False,strict_complete_cells,paper_protocol_strict_feasible_subset
spambase,2958,40,3200,0.4,False,1601,1000,unlabeled_pool,False,False,strict_complete_cells,paper_protocol_strict_feasible_subset
spambase,2959,41,3200,0.4,False,1601,1000,unlabeled_pool,False,False,strict_complete_cells,paper_protocol_strict_feasible_subset
spambase,2960,42,3200,0.4,False,1601,1000,unlabeled_pool,False,False,strict_complete_cells,paper_protocol_strict_feasible_subset
spambase,2961,43,3200,0.4,False,1601,1000,unlabeled_pool,False,False,strict_complete_cells,paper_protocol_strict_feasible_subset
spambase,2962,44,3200,0.4,False,1601,1000,unlabeled_pool,False,False,strict_complete_cells,paper_protocol_strict_feasible_subset
spambase,2963,45,3200,0.4,False,1601,1000,unlabeled_pool,False,False,strict_complete_cells,paper_protocol_strict_feasible_subset
spambase,2964,46,3200,0.4,False,1601,1000,unlabeled_pool,False,False,strict_complete_cells,paper_protocol_strict_feasible_subset
spambase,2965,47,3200,0.4,False,1601,1000,unlabeled_pool,False,False,strict_complete_cells,paper_protocol_strict_feasible_subset
spambase,2966,48,3200,0.4,False,1601,1000,unlabeled_pool,False,False,strict_complete_cells,paper_protocol_strict_feasible_subset
spambase,2967,49,3200,0.4,False,1601,1000,unlabeled_pool,False,False,strict_complete_cells,paper_protocol_strict_feasible_subset
spambase,2968,50,3200,0.4,False,1601,1000,unlabeled_pool,False,False,strict_complete_cells,paper_protocol_strict_feasible_subset
spambase,2969,51,3200,0.4,False,1601,1000,unlabeled_pool,False,False,strict_complete_cells,paper_protocol_strict_feasible_subset
spambase,2970,52,3200,0.4,False,1601,1000,unlabeled_pool,False,False,strict_complete_cells,paper_protocol_strict_feasible_subset
spambase,2971,53,3200,0.4,False,1601,1000,unlabeled_pool,False,False,strict_complete_cells,paper_protocol_strict_feasible_subset
spambase,2972,54,3200,0.4,False,1601,1000,unlabeled_pool,False,False,strict_complete_cells,paper_protocol_strict_feasible_subset
spambase,2973,55,3200,0.4,False,1601,1000,unlabeled_pool,False,False,strict_complete_cells,paper_protocol_strict_feasible_subset
spambase,2974,56,3200,0.4,False,1601,1000,unlabeled_pool,False,False,strict_complete_cells,paper_protocol_strict_feasible_subset
spambase,2975,57,3200,0.4,False,1601,1000,unlabeled_pool,False,False,strict_complete_cells,paper_protocol_strict_feasible_subset
spambase,2976,58,3200,0.4,False,1601,1000,unlabeled_pool,False,False,strict_complete_cells,paper_protocol_strict_feasible_subset
spambase,2977,59,3200,0.4,False,1601,1000,unlabeled_pool,False,False,strict_complete_cells,paper_protocol_strict_feasible_subset
spambase,2978,60,3200,0.4,False,1601,1000,unlabeled_pool,False,False,strict_complete_cells,paper_protocol_strict_feasible_subset
spambase,2979,61,3200,0.4,False,1601,1000,unlabeled_pool,False,False,strict_complete_cells,paper_protocol_strict_feasible_subset
spambase,2980,62,3200,0.4,False,1601,1000,unlabeled_pool,False,False,strict_complete_cells,paper_protocol_strict_feasible_subset
spambase,2981,63,3200,0.4,False,1601,1000,unlabeled_pool,False,False,strict_complete_cells,paper_protocol_strict_feasible_subset
spambase,2982,64,3200,0.4,False,1601,1000,unlabeled_pool,False,False,strict_complete_cells,paper_protocol_strict_feasible_subset
spambase,2983,65,3200,0.4,False,1601,1000,unlabeled_pool,False,False,strict_complete_cells,paper_protocol_strict_feasible_subset
spambase,2984,66,3200,0.4,False,1601,1000,unlabeled_pool,False,False,strict_complete_cells,paper_protocol_strict_feasible_subset
spambase,2985,67,3200,0.4,False,1601,1000,unlabeled_pool,False,False,strict_complete_cells,paper_protocol_strict_feasible_subset
spambase,2986,68,3200,0.4,False,1601,1000,unlabeled_pool,False,False,strict_complete_cells,paper_protocol_strict_feasible_subset
spambase,2987,69,3200,0.4,False,1601,1000,unlabeled_pool,False,False,strict_complete_cells,paper_protocol_strict_feasible_subset
spambase,2988,70,3200,0.4,False,1601,1000,unlabeled_pool,False,False,strict_complete_cells,paper_protocol_strict_feasible_subset
spambase,2989,71,3200,0.4,False,1601,1000,unlabeled_pool,False,False,strict_complete_cells,paper_protocol_strict_feasible_subset
spambase,2990,72,3200,0.4,False,1601,1000,unlabeled_pool,False,False,strict_complete_cells,paper_protocol_strict_feasible_subset
spambase,2991,73,3200,0.4,False,1601,1000,unlabeled_pool,False,False,strict_complete_cells,paper_protocol_strict_feasible_subset
spambase,2992,74,3200,0.4,False,1601,1000,unlabeled_pool,False,False,strict_complete_cells,paper_protocol_strict_feasible_subset
spambase,2993,75,3200,0.4,False,1601,1000,unlabeled_pool,False,False,strict_complete_cells,paper_protocol_strict_feasible_subset
spambase,2994,76,3200,0.4,False,1601,1000,unlabeled_pool,False,False,strict_complete_cells,paper_protocol_strict_feasible_subset
spambase,2995,77,3200,0.4,False,1601,1000,unlabeled_pool,False,False,strict_complete_cells,paper_protocol_strict_feasible_subset
spambase,2996,78,3200,0.4,False,1601,1000,unlabeled_pool,False,False,strict_complete_cells,paper_protocol_strict_feasible_subset
spambase,2997,79,3200,0.4,False,1601,1000,unlabeled_pool,False,False,strict_complete_cells,paper_protocol_strict_feasible_subset
spambase,2998,80,3200,0.4,False,1601,1000,unlabeled_pool,False,False,strict_complete_cells,paper_protocol_strict_feasible_subset
spambase,2999,81,3200,0.4,False,1601,1000,unlabeled_pool,False,False,strict_complete_cells,paper_protocol_strict_feasible_subset
spambase,3000,82,3200,0.4,False,1601,1000,unlabeled_pool,False,False,strict_complete_cells,paper_protocol_strict_feasible_subset
spambase,3001,83,3200,0.4,False,1601,1000,unlabeled_pool,False,False,strict_complete_cells,paper_protocol_strict_feasible_subset
spambase,3002,84,3200,0.4,False,1601,1000,unlabeled_pool,False,False,strict_complete_cells,paper_protocol_strict_feasible_subset
spambase,3003,85,3200,0.4,False,1601,1000,unlabeled_pool,False,False,strict_complete_cells,paper_protocol_strict_feasible_subset
spambase,3004,86,3200,0.4,False,1601,1000,unlabeled_pool,False,False,strict_complete_cells,paper_protocol_strict_feasible_subset
spambase,3005,87,3200,0.4,False,1601,1000,unlabeled_pool,False,False,strict_complete_cells,paper_protocol_strict_feasible_subset
spambase,3006,88,3200,0.4,False,1601,1000,unlabeled_pool,False,False,strict_complete_cells,paper_protocol_strict_feasible_subset
spambase,3007,89,3200,0.4,False,1601,1000,unlabeled_pool,False,False,strict_complete_cells,paper_protocol_strict_feasible_subset
spambase,3008,90,3200,0.4,False,1601,1000,unlabeled_pool,False,False,strict_complete_cells,paper_protocol_strict_feasible_subset
spambase,3009,91,3200,0.4,False,1601,1000,unlabeled_pool,False,False,strict_complete_cells,paper_protocol_strict_feasible_subset
spambase,3010,92,3200,0.4,False,1601,1000,unlabeled_pool,False,False,strict_complete_cells,paper_protocol_strict_feasible_subset
spambase,3011,93,3200,0.4,False,1601,1000,unlabeled_pool,False,False,strict_complete_cells,paper_protocol_strict_feasible_subset
spambase,3012,94,3200,0.4,False,1601,1000,unlabeled_pool,False,False,strict_complete_cells,paper_protocol_strict_feasible_subset
spambase,3013,95,3200,0.4,False,1601,1000,unlabeled_pool,False,False,strict_complete_cells,paper_protocol_strict_feasible_subset
spambase,3014,96,3200,0.4,False,1601,1000,unlabeled_pool,False,False,strict_complete_cells,paper_protocol_strict_feasible_subset
spambase,3015,97,3200,0.4,False,1601,1000,unlabeled_pool,False,False,strict_complete_cells,paper_protocol_strict_feasible_subset
spambase,3016,98,3200,0.4,False,1601,1000,unlabeled_pool,False,False,strict_complete_cells,paper_protocol_strict_feasible_subset
spambase,3017,99,3200,0.4,False,1601,1000,unlabeled_pool,False,False,strict_complete_cells,paper_protocol_strict_feasible_subset
spambase,3018,0,3200,0.6,False,1601,1000,unlabeled_pool,False,False,strict_complete_cells,paper_protocol_strict_feasible_subset
spambase,3019,1,3200,0.6,False,1601,1000,unlabeled_pool,False,False,strict_complete_cells,paper_protocol_strict_feasible_subset
spambase,3020,2,3200,0.6,False,1601,1000,unlabeled_pool,False,False,strict_complete_cells,paper_protocol_strict_feasible_subset
spambase,3021,3,3200,0.6,False,1601,1000,unlabeled_pool,False,False,strict_complete_cells,paper_protocol_strict_feasible_subset
spambase,3022,4,3200,0.6,False,1601,1000,unlabeled_pool,False,False,strict_complete_cells,paper_protocol_strict_feasible_subset
spambase,3023,5,3200,0.6,False,1601,1000,unlabeled_pool,False,False,strict_complete_cells,paper_protocol_strict_feasible_subset
spambase,3024,6,3200,0.6,False,1601,1000,unlabeled_pool,False,False,strict_complete_cells,paper_protocol_strict_feasible_subset
spambase,3025,7,3200,0.6,False,1601,1000,unlabeled_pool,False,False,strict_complete_cells,paper_protocol_strict_feasible_subset
spambase,3026,8,3200,0.6,False,1601,1000,unlabeled_pool,False,False,strict_complete_cells,paper_protocol_strict_feasible_subset
spambase,3027,9,3200,0.6,False,1601,1000,unlabeled_pool,False,False,strict_complete_cells,paper_protocol_strict_feasible_subset
spambase,3028,10,3200,0.6,False,1601,1000,unlabeled_pool,False,False,strict_complete_cells,paper_protocol_strict_feasible_subset
spambase,3029,11,3200,0.6,False,1601,1000,unlabeled_pool,False,False,strict_complete_cells,paper_protocol_strict_feasible_subset
spambase,3030,12,3200,0.6,False,1601,1000,unlabeled_pool,False,False,strict_complete_cells,paper_protocol_strict_feasible_subset
spambase,3031,13,3200,0.6,False,1601,1000,unlabeled_pool,False,False,strict_complete_cells,paper_protocol_strict_feasible_subset
spambase,3032,14,3200,0.6,False,1601,1000,unlabeled_pool,False,False,strict_complete_cells,paper_protocol_strict_feasible_subset
spambase,3033,15,3200,0.6,False,1601,1000,unlabeled_pool,False,False,strict_complete_cells,paper_protocol_strict_feasible_subset
spambase,3034,16,3200,0.6,False,1601,1000,unlabeled_pool,False,False,strict_complete_cells,paper_protocol_strict_feasible_subset
spambase,3035,17,3200,0.6,False,1601,1000,unlabeled_pool,False,False,strict_complete_cells,paper_protocol_strict_feasible_subset
spambase,3036,18,3200,0.6,False,1601,1000,unlabeled_pool,False,False,strict_complete_cells,paper_protocol_strict_feasible_subset
spambase,3037,19,3200,0.6,False,1601,1000,unlabeled_pool,False,False,strict_complete_cells,paper_protocol_strict_feasible_subset
spambase,3038,20,3200,0.6,False,1601,1000,unlabeled_pool,False,False,strict_complete_cells,paper_protocol_strict_feasible_subset
spambase,3039,21,3200,0.6,False,1601,1000,unlabeled_pool,False,False,strict_complete_cells,paper_protocol_strict_feasible_subset
spambase,3040,22,3200,0.6,False,1601,1000,unlabeled_pool,False,False,strict_complete_cells,paper_protocol_strict_feasible_subset
spambase,3041,23,3200,0.6,False,1601,1000,unlabeled_pool,False,False,strict_complete_cells,paper_protocol_strict_feasible_subset
spambase,3042,24,3200,0.6,False,1601,1000,unlabeled_pool,False,False,strict_complete_cells,paper_protocol_strict_feasible_subset
spambase,3043,25,3200,0.6,False,1601,1000,unlabeled_pool,False,False,strict_complete_cells,paper_protocol_strict_feasible_subset
spambase,3044,26,3200,0.6,False,1601,1000,unlabeled_pool,False,False,strict_complete_cells,paper_protocol_strict_feasible_subset
spambase,3045,27,3200,0.6,False,1601,1000,unlabeled_pool,False,False,strict_complete_cells,paper_protocol_strict_feasible_subset
spambase,3046,28,3200,0.6,False,1601,1000,unlabeled_pool,False,False,strict_complete_cells,paper_protocol_strict_feasible_subset
spambase,3047,29,3200,0.6,False,1601,1000,unlabeled_pool,False,False,strict_complete_cells,paper_protocol_strict_feasible_subset
spambase,3048,30,3200,0.6,False,1601,1000,unlabeled_pool,False,False,strict_complete_cells,paper_protocol_strict_feasible_subset
spambase,3049,31,3200,0.6,False,1601,1000,unlabeled_pool,False,False,strict_complete_cells,paper_protocol_strict_feasible_subset
spambase,3050,32,3200,0.6,False,1601,1000,unlabeled_pool,False,False,strict_complete_cells,paper_protocol_strict_feasible_subset
spambase,3051,33,3200,0.6,False,1601,1000,unlabeled_pool,False,False,strict_complete_cells,paper_protocol_strict_feasible_subset
spambase,3052,34,3200,0.6,False,1601,1000,unlabeled_pool,False,False,strict_complete_cells,paper_protocol_strict_feasible_subset
spambase,3053,35,3200,0.6,False,1601,1000,unlabeled_pool,False,False,strict_complete_cells,paper_protocol_strict_feasible_subset
spambase,3054,36,3200,0.6,False,1601,1000,unlabeled_pool,False,False,strict_complete_cells,paper_protocol_strict_feasible_subset
spambase,3055,37,3200,0.6,False,1601,1000,unlabeled_pool,False,False,strict_complete_cells,paper_protocol_strict_feasible_subset
spambase,3056,38,3200,0.6,False,1601,1000,unlabeled_pool,False,False,strict_complete_cells,paper_protocol_strict_feasible_subset
spambase,3057,39,3200,0.6,False,1601,1000,unlabeled_pool,False,False,strict_complete_cells,paper_protocol_strict_feasible_subset
spambase,3058,40,3200,0.6,False,1601,1000,unlabeled_pool,False,False,strict_complete_cells,paper_protocol_strict_feasible_subset
spambase,3059,41,3200,0.6,False,1601,1000,unlabeled_pool,False,False,strict_complete_cells,paper_protocol_strict_feasible_subset
spambase,3060,42,3200,0.6,False,1601,1000,unlabeled_pool,False,False,strict_complete_cells,paper_protocol_strict_feasible_subset
spambase,3061,43,3200,0.6,False,1601,1000,unlabeled_pool,False,False,strict_complete_cells,paper_protocol_strict_feasible_subset
spambase,3062,44,3200,0.6,False,1601,1000,unlabeled_pool,False,False,strict_complete_cells,paper_protocol_strict_feasible_subset
spambase,3063,45,3200,0.6,False,1601,1000,unlabeled_pool,False,False,strict_complete_cells,paper_protocol_strict_feasible_subset
spambase,3064,46,3200,0.6,False,1601,1000,unlabeled_pool,False,False,strict_complete_cells,paper_protocol_strict_feasible_subset
spambase,3065,47,3200,0.6,False,1601,1000,unlabeled_pool,False,False,strict_complete_cells,paper_protocol_strict_feasible_subset
spambase,3066,48,3200,0.6,False,1601,1000,unlabeled_pool,False,False,strict_complete_cells,paper_protocol_strict_feasible_subset
spambase,3067,49,3200,0.6,False,1601,1000,unlabeled_pool,False,False,strict_complete_cells,paper_protocol_strict_feasible_subset
spambase,3068,50,3200,0.6,False,1601,1000,unlabeled_pool,False,False,strict_complete_cells,paper_protocol_strict_feasible_subset
spambase,3069,51,3200,0.6,False,1601,1000,unlabeled_pool,False,False,strict_complete_cells,paper_protocol_strict_feasible_subset
spambase,3070,52,3200,0.6,False,1601,1000,unlabeled_pool,False,False,strict_complete_cells,paper_protocol_strict_feasible_subset
spambase,3071,53,3200,0.6,False,1601,1000,unlabeled_pool,False,False,strict_complete_cells,paper_protocol_strict_feasible_subset
spambase,3072,54,3200,0.6,False,1601,1000,unlabeled_pool,False,False,strict_complete_cells,paper_protocol_strict_feasible_subset
spambase,3073,55,3200,0.6,False,1601,1000,unlabeled_pool,False,False,strict_complete_cells,paper_protocol_strict_feasible_subset
spambase,3074,56,3200,0.6,False,1601,1000,unlabeled_pool,False,False,strict_complete_cells,paper_protocol_strict_feasible_subset
spambase,3075,57,3200,0.6,False,1601,1000,unlabeled_pool,False,False,strict_complete_cells,paper_protocol_strict_feasible_subset
spambase,3076,58,3200,0.6,False,1601,1000,unlabeled_pool,False,False,strict_complete_cells,paper_protocol_strict_feasible_subset
spambase,3077,59,3200,0.6,False,1601,1000,unlabeled_pool,False,False,strict_complete_cells,paper_protocol_strict_feasible_subset
spambase,3078,60,3200,0.6,False,1601,1000,unlabeled_pool,False,False,strict_complete_cells,paper_protocol_strict_feasible_subset
spambase,3079,61,3200,0.6,False,1601,1000,unlabeled_pool,False,False,strict_complete_cells,paper_protocol_strict_feasible_subset
spambase,3080,62,3200,0.6,False,1601,1000,unlabeled_pool,False,False,strict_complete_cells,paper_protocol_strict_feasible_subset
spambase,3081,63,3200,0.6,False,1601,1000,unlabeled_pool,False,False,strict_complete_cells,paper_protocol_strict_feasible_subset
spambase,3082,64,3200,0.6,False,1601,1000,unlabeled_pool,False,False,strict_complete_cells,paper_protocol_strict_feasible_subset
spambase,3083,65,3200,0.6,False,1601,1000,unlabeled_pool,False,False,strict_complete_cells,paper_protocol_strict_feasible_subset
spambase,3084,66,3200,0.6,False,1601,1000,unlabeled_pool,False,False,strict_complete_cells,paper_protocol_strict_feasible_subset
spambase,3085,67,3200,0.6,False,1601,1000,unlabeled_pool,False,False,strict_complete_cells,paper_protocol_strict_feasible_subset
spambase,3086,68,3200,0.6,False,1601,1000,unlabeled_pool,False,False,strict_complete_cells,paper_protocol_strict_feasible_subset
spambase,3087,69,3200,0.6,False,1601,1000,unlabeled_pool,False,False,strict_complete_cells,paper_protocol_strict_feasible_subset
spambase,3088,70,3200,0.6,False,1601,1000,unlabeled_pool,False,False,strict_complete_cells,paper_protocol_strict_feasible_subset
spambase,3089,71,3200,0.6,False,1601,1000,unlabeled_pool,False,False,strict_complete_cells,paper_protocol_strict_feasible_subset
spambase,3090,72,3200,0.6,False,1601,1000,unlabeled_pool,False,False,strict_complete_cells,paper_protocol_strict_feasible_subset
spambase,3091,73,3200,0.6,False,1601,1000,unlabeled_pool,False,False,strict_complete_cells,paper_protocol_strict_feasible_subset
spambase,3092,74,3200,0.6,False,1601,1000,unlabeled_pool,False,False,strict_complete_cells,paper_protocol_strict_feasible_subset
spambase,3093,75,3200,0.6,False,1601,1000,unlabeled_pool,False,False,strict_complete_cells,paper_protocol_strict_feasible_subset
spambase,3094,76,3200,0.6,False,1601,1000,unlabeled_pool,False,False,strict_complete_cells,paper_protocol_strict_feasible_subset
spambase,3095,77,3200,0.6,False,1601,1000,unlabeled_pool,False,False,strict_complete_cells,paper_protocol_strict_feasible_subset
spambase,3096,78,3200,0.6,False,1601,1000,unlabeled_pool,False,False,strict_complete_cells,paper_protocol_strict_feasible_subset
spambase,3097,79,3200,0.6,False,1601,1000,unlabeled_pool,False,False,strict_complete_cells,paper_protocol_strict_feasible_subset
spambase,3098,80,3200,0.6,False,1601,1000,unlabeled_pool,False,False,strict_complete_cells,paper_protocol_strict_feasible_subset
spambase,3099,81,3200,0.6,False,1601,1000,unlabeled_pool,False,False,strict_complete_cells,paper_protocol_strict_feasible_subset
spambase,3100,82,3200,0.6,False,1601,1000,unlabeled_pool,False,False,strict_complete_cells,paper_protocol_strict_feasible_subset
spambase,3101,83,3200,0.6,False,1601,1000,unlabeled_pool,False,False,strict_complete_cells,paper_protocol_strict_feasible_subset
spambase,3102,84,3200,0.6,False,1601,1000,unlabeled_pool,False,False,strict_complete_cells,paper_protocol_strict_feasible_subset
spambase,3103,85,3200,0.6,False,1601,1000,unlabeled_pool,False,False,strict_complete_cells,paper_protocol_strict_feasible_subset
spambase,3104,86,3200,0.6,False,1601,1000,unlabeled_pool,False,False,strict_complete_cells,paper_protocol_strict_feasible_subset
spambase,3105,87,3200,0.6,False,1601,1000,unlabeled_pool,False,False,strict_complete_cells,paper_protocol_strict_feasible_subset
spambase,3106,88,3200,0.6,False,1601,1000,unlabeled_pool,False,False,strict_complete_cells,paper_protocol_strict_feasible_subset
spambase,3107,89,3200,0.6,False,1601,1000,unlabeled_pool,False,False,strict_complete_cells,paper_protocol_strict_feasible_subset
spambase,3108,90,3200,0.6,False,1601,1000,unlabeled_pool,False,False,strict_complete_cells,paper_protocol_strict_feasible_subset
spambase,3109,91,3200,0.6,False,1601,1000,unlabeled_pool,False,False,strict_complete_cells,paper_protocol_strict_feasible_subset
spambase,3110,92,3200,0.6,False,1601,1000,unlabeled_pool,False,False,strict_complete_cells,paper_protocol_strict_feasible_subset
spambase,3111,93,3200,0.6,False,1601,1000,unlabeled_pool,False,False,strict_complete_cells,paper_protocol_strict_feasible_subset
spambase,3112,94,3200,0.6,False,1601,1000,unlabeled_pool,False,False,strict_complete_cells,paper_protocol_strict_feasible_subset
spambase,3113,95,3200,0.6,False,1601,1000,unlabeled_pool,False,False,strict_complete_cells,paper_protocol_strict_feasible_subset
spambase,3114,96,3200,0.6,False,1601,1000,unlabeled_pool,False,False,strict_complete_cells,paper_protocol_strict_feasible_subset
spambase,3115,97,3200,0.6,False,1601,1000,unlabeled_pool,False,False,strict_complete_cells,paper_protocol_strict_feasible_subset
spambase,3116,98,3200,0.6,False,1601,1000,unlabeled_pool,False,False,strict_complete_cells,paper_protocol_strict_feasible_subset
spambase,3117,99,3200,0.6,False,1601,1000,unlabeled_pool,False,False,strict_complete_cells,paper_protocol_strict_feasible_subset
spambase,3118,0,3200,0.8,False,1277,1000,unlabeled_pool,False,False,strict_complete_cells,paper_protocol_strict_feasible_subset
spambase,3119,1,3200,0.8,False,1245,1000,unlabeled_pool,False,False,strict_complete_cells,paper_protocol_strict_feasible_subset
spambase,3120,2,3200,0.8,False,1280,1000,unlabeled_pool,False,False,strict_complete_cells,paper_protocol_strict_feasible_subset
spambase,3121,3,3200,0.8,False,1236,1000,unlabeled_pool,False,False,strict_complete_cells,paper_protocol_strict_feasible_subset
spambase,3122,4,3200,0.8,False,1273,1000,unlabeled_pool,False,False,strict_complete_cells,paper_protocol_strict_feasible_subset
spambase,3123,5,3200,0.8,False,1273,1000,unlabeled_pool,False,False,strict_complete_cells,paper_protocol_strict_feasible_subset
spambase,3124,6,3200,0.8,False,1296,1000,unlabeled_pool,False,False,strict_complete_cells,paper_protocol_strict_feasible_subset
spambase,3125,7,3200,0.8,False,1274,1000,unlabeled_pool,False,False,strict_complete_cells,paper_protocol_strict_feasible_subset
spambase,3126,8,3200,0.8,False,1299,1000,unlabeled_pool,False,False,strict_complete_cells,paper_protocol_strict_feasible_subset
spambase,3127,9,3200,0.8,False,1257,1000,unlabeled_pool,False,False,strict_complete_cells,paper_protocol_strict_feasible_subset
spambase,3128,10,3200,0.8,False,1287,1000,unlabeled_pool,False,False,strict_complete_cells,paper_protocol_strict_feasible_subset
spambase,3129,11,3200,0.8,False,1275,1000,unlabeled_pool,False,False,strict_complete_cells,paper_protocol_strict_feasible_subset
spambase,3130,12,3200,0.8,False,1294,1000,unlabeled_pool,False,False,strict_complete_cells,paper_protocol_strict_feasible_subset
spambase,3131,13,3200,0.8,False,1279,1000,unlabeled_pool,False,False,strict_complete_cells,paper_protocol_strict_feasible_subset
spambase,3132,14,3200,0.8,False,1277,1000,unlabeled_pool,False,False,strict_complete_cells,paper_protocol_strict_feasible_subset
spambase,3133,15,3200,0.8,False,1226,1000,unlabeled_pool,False,False,strict_complete_cells,paper_protocol_strict_feasible_subset
spambase,3134,16,3200,0.8,False,1279,1000,unlabeled_pool,False,False,strict_complete_cells,paper_protocol_strict_feasible_subset
spambase,3135,17,3200,0.8,False,1277,1000,unlabeled_pool,False,False,strict_complete_cells,paper_protocol_strict_feasible_subset
spambase,3136,18,3200,0.8,False,1260,1000,unlabeled_pool,False,False,strict_complete_cells,paper_protocol_strict_feasible_subset
spambase,3137,19,3200,0.8,False,1260,1000,unlabeled_pool,False,False,strict_complete_cells,paper_protocol_strict_feasible_subset
spambase,3138,20,3200,0.8,False,1267,1000,unlabeled_pool,False,False,strict_complete_cells,paper_protocol_strict_feasible_subset
spambase,3139,21,3200,0.8,False,1267,1000,unlabeled_pool,False,False,strict_complete_cells,paper_protocol_strict_feasible_subset
spambase,3140,22,3200,0.8,False,1279,1000,unlabeled_pool,False,False,strict_complete_cells,paper_protocol_strict_feasible_subset
spambase,3141,23,3200,0.8,False,1288,1000,unlabeled_pool,False,False,strict_complete_cells,paper_protocol_strict_feasible_subset
spambase,3142,24,3200,0.8,False,1285,1000,unlabeled_pool,False,False,strict_complete_cells,paper_protocol_strict_feasible_subset
spambase,3143,25,3200,0.8,False,1272,1000,unlabeled_pool,False,False,strict_complete_cells,paper_protocol_strict_feasible_subset
spambase,3144,26,3200,0.8,False,1271,1000,unlabeled_pool,False,False,strict_complete_cells,paper_protocol_strict_feasible_subset
spambase,3145,27,3200,0.8,False,1265,1000,unlabeled_pool,False,False,strict_complete_cells,paper_protocol_strict_feasible_subset
spambase,3146,28,3200,0.8,False,1258,1000,unlabeled_pool,False,False,strict_complete_cells,paper_protocol_strict_feasible_subset
spambase,3147,29,3200,0.8,False,1278,1000,unlabeled_pool,False,False,strict_complete_cells,paper_protocol_strict_feasible_subset
spambase,3148,30,3200,0.8,False,1255,1000,unlabeled_pool,False,False,strict_complete_cells,paper_protocol_strict_feasible_subset
spambase,3149,31,3200,0.8,False,1251,1000,unlabeled_pool,False,False,strict_complete_cells,paper_protocol_strict_feasible_subset
spambase,3150,32,3200,0.8,False,1270,1000,unlabeled_pool,False,False,strict_complete_cells,paper_protocol_strict_feasible_subset
spambase,3151,33,3200,0.8,False,1295,1000,unlabeled_pool,False,False,strict_complete_cells,paper_protocol_strict_feasible_subset
spambase,3152,34,3200,0.8,False,1267,1000,unlabeled_pool,False,False,strict_complete_cells,paper_protocol_strict_feasible_subset
spambase,3153,35,3200,0.8,False,1262,1000,unlabeled_pool,False,False,strict_complete_cells,paper_protocol_strict_feasible_subset
spambase,3154,36,3200,0.8,False,1250,1000,unlabeled_pool,False,False,strict_complete_cells,paper_protocol_strict_feasible_subset
spambase,3155,37,3200,0.8,False,1260,1000,unlabeled_pool,False,False,strict_complete_cells,paper_protocol_strict_feasible_subset
spambase,3156,38,3200,0.8,False,1270,1000,unlabeled_pool,False,False,strict_complete_cells,paper_protocol_strict_feasible_subset
spambase,3157,39,3200,0.8,False,1277,1000,unlabeled_pool,False,False,strict_complete_cells,paper_protocol_strict_feasible_subset
spambase,3158,40,3200,0.8,False,1268,1000,unlabeled_pool,False,False,strict_complete_cells,paper_protocol_strict_feasible_subset
spambase,3159,41,3200,0.8,False,1269,1000,unlabeled_pool,False,False,strict_complete_cells,paper_protocol_strict_feasible_subset
spambase,3160,42,3200,0.8,False,1283,1000,unlabeled_pool,False,False,strict_complete_cells,paper_protocol_strict_feasible_subset
spambase,3161,43,3200,0.8,False,1286,1000,unlabeled_pool,False,False,strict_complete_cells,paper_protocol_strict_feasible_subset
spambase,3162,44,3200,0.8,False,1270,1000,unlabeled_pool,False,False,strict_complete_cells,paper_protocol_strict_feasible_subset
spambase,3163,45,3200,0.8,False,1260,1000,unlabeled_pool,False,False,strict_complete_cells,paper_protocol_strict_feasible_subset
spambase,3164,46,3200,0.8,False,1283,1000,unlabeled_pool,False,False,strict_complete_cells,paper_protocol_strict_feasible_subset
spambase,3165,47,3200,0.8,False,1270,1000,unlabeled_pool,False,False,strict_complete_cells,paper_protocol_strict_feasible_subset
spambase,3166,48,3200,0.8,False,1262,1000,unlabeled_pool,False,False,strict_complete_cells,paper_protocol_strict_feasible_subset
spambase,3167,49,3200,0.8,False,1256,1000,unlabeled_pool,False,False,strict_complete_cells,paper_protocol_strict_feasible_subset
spambase,3168,50,3200,0.8,False,1274,1000,unlabeled_pool,False,False,strict_complete_cells,paper_protocol_strict_feasible_subset
spambase,3169,51,3200,0.8,False,1273,1000,unlabeled_pool,False,False,strict_complete_cells,paper_protocol_strict_feasible_subset
spambase,3170,52,3200,0.8,False,1269,1000,unlabeled_pool,False,False,strict_complete_cells,paper_protocol_strict_feasible_subset
spambase,3171,53,3200,0.8,False,1246,1000,unlabeled_pool,False,False,strict_complete_cells,paper_protocol_strict_feasible_subset
spambase,3172,54,3200,0.8,False,1277,1000,unlabeled_pool,False,False,strict_complete_cells,paper_protocol_strict_feasible_subset
spambase,3173,55,3200,0.8,False,1266,1000,unlabeled_pool,False,False,strict_complete_cells,paper_protocol_strict_feasible_subset
spambase,3174,56,3200,0.8,False,1302,1000,unlabeled_pool,False,False,strict_complete_cells,paper_protocol_strict_feasible_subset
spambase,3175,57,3200,0.8,False,1276,1000,unlabeled_pool,False,False,strict_complete_cells,paper_protocol_strict_feasible_subset
spambase,3176,58,3200,0.8,False,1259,1000,unlabeled_pool,False,False,strict_complete_cells,paper_protocol_strict_feasible_subset
spambase,3177,59,3200,0.8,False,1243,1000,unlabeled_pool,False,False,strict_complete_cells,paper_protocol_strict_feasible_subset
spambase,3178,60,3200,0.8,False,1259,1000,unlabeled_pool,False,False,strict_complete_cells,paper_protocol_strict_feasible_subset
spambase,3179,61,3200,0.8,False,1279,1000,unlabeled_pool,False,False,strict_complete_cells,paper_protocol_strict_feasible_subset
spambase,3180,62,3200,0.8,False,1274,1000,unlabeled_pool,False,False,strict_complete_cells,paper_protocol_strict_feasible_subset
spambase,3181,63,3200,0.8,False,1250,1000,unlabeled_pool,False,False,strict_complete_cells,paper_protocol_strict_feasible_subset
spambase,3182,64,3200,0.8,False,1268,1000,unlabeled_pool,False,False,strict_complete_cells,paper_protocol_strict_feasible_subset
spambase,3183,65,3200,0.8,False,1267,1000,unlabeled_pool,False,False,strict_complete_cells,paper_protocol_strict_feasible_subset
spambase,3184,66,3200,0.8,False,1274,1000,unlabeled_pool,False,False,strict_complete_cells,paper_protocol_strict_feasible_subset
spambase,3185,67,3200,0.8,False,1279,1000,unlabeled_pool,False,False,strict_complete_cells,paper_protocol_strict_feasible_subset
spambase,3186,68,3200,0.8,False,1275,1000,unlabeled_pool,False,False,strict_complete_cells,paper_protocol_strict_feasible_subset
spambase,3187,69,3200,0.8,False,1255,1000,unlabeled_pool,False,False,strict_complete_cells,paper_protocol_strict_feasible_subset
spambase,3188,70,3200,0.8,False,1257,1000,unlabeled_pool,False,False,strict_complete_cells,paper_protocol_strict_feasible_subset
spambase,3189,71,3200,0.8,False,1269,1000,unlabeled_pool,False,False,strict_complete_cells,paper_protocol_strict_feasible_subset
spambase,3190,72,3200,0.8,False,1270,1000,unlabeled_pool,False,False,strict_complete_cells,paper_protocol_strict_feasible_subset
spambase,3191,73,3200,0.8,False,1283,1000,unlabeled_pool,False,False,strict_complete_cells,paper_protocol_strict_feasible_subset
spambase,3192,74,3200,0.8,False,1285,1000,unlabeled_pool,False,False,strict_complete_cells,paper_protocol_strict_feasible_subset
spambase,3193,75,3200,0.8,False,1282,1000,unlabeled_pool,False,False,strict_complete_cells,paper_protocol_strict_feasible_subset
spambase,3194,76,3200,0.8,False,1286,1000,unlabeled_pool,False,False,strict_complete_cells,paper_protocol_strict_feasible_subset
spambase,3195,77,3200,0.8,False,1276,1000,unlabeled_pool,False,False,strict_complete_cells,paper_protocol_strict_feasible_subset
spambase,3196,78,3200,0.8,False,1264,1000,unlabeled_pool,False,False,strict_complete_cells,paper_protocol_strict_feasible_subset
spambase,3197,79,3200,0.8,False,1242,1000,unlabeled_pool,False,False,strict_complete_cells,paper_protocol_strict_feasible_subset
spambase,3198,80,3200,0.8,False,1255,1000,unlabeled_pool,False,False,strict_complete_cells,paper_protocol_strict_feasible_subset
spambase,3199,81,3200,0.8,False,1279,1000,unlabeled_pool,False,False,strict_complete_cells,paper_protocol_strict_feasible_subset
spambase,3200,82,3200,0.8,False,1288,1000,unlabeled_pool,False,False,strict_complete_cells,paper_protocol_strict_feasible_subset
spambase,3201,83,3200,0.8,False,1292,1000,unlabeled_pool,False,False,strict_complete_cells,paper_protocol_strict_feasible_subset
spambase,3202,84,3200,0.8,False,1269,1000,unlabeled_pool,False,False,strict_complete_cells,paper_protocol_strict_feasible_subset
spambase,3203,85,3200,0.8,False,1249,1000,unlabeled_pool,False,False,strict_complete_cells,paper_protocol_strict_feasible_subset
spambase,3204,86,3200,0.8,False,1306,1000,unlabeled_pool,False,False,strict_complete_cells,paper_protocol_strict_feasible_subset
spambase,3205,87,3200,0.8,False,1283,1000,unlabeled_pool,False,False,strict_complete_cells,paper_protocol_strict_feasible_subset
spambase,3206,88,3200,0.8,False,1269,1000,unlabeled_pool,False,False,strict_complete_cells,paper_protocol_strict_feasible_subset
spambase,3207,89,3200,0.8,False,1300,1000,unlabeled_pool,False,False,strict_complete_cells,paper_protocol_strict_feasible_subset
spambase,3208,90,3200,0.8,False,1267,1000,unlabeled_pool,False,False,strict_complete_cells,paper_protocol_strict_feasible_subset
spambase,3209,91,3200,0.8,False,1313,1000,unlabeled_pool,False,False,strict_complete_cells,paper_protocol_strict_feasible_subset
spambase,3210,92,3200,0.8,False,1286,1000,unlabeled_pool,False,False,strict_complete_cells,paper_protocol_strict_feasible_subset
spambase,3211,93,3200,0.8,False,1270,1000,unlabeled_pool,False,False,strict_complete_cells,paper_protocol_strict_feasible_subset
spambase,3212,94,3200,0.8,False,1270,1000,unlabeled_pool,False,False,strict_complete_cells,paper_protocol_strict_feasible_subset
spambase,3213,95,3200,0.8,False,1261,1000,unlabeled_pool,False,False,strict_complete_cells,paper_protocol_strict_feasible_subset
spambase,3214,96,3200,0.8,False,1283,1000,unlabeled_pool,False,False,strict_complete_cells,paper_protocol_strict_feasible_subset
spambase,3215,97,3200,0.8,False,1267,1000,unlabeled_pool,False,False,strict_complete_cells,paper_protocol_strict_feasible_subset
spambase,3216,98,3200,0.8,False,1292,1000,unlabeled_pool,False,False,strict_complete_cells,paper_protocol_strict_feasible_subset
spambase,3217,99,3200,0.8,False,1279,1000,unlabeled_pool,False,False,strict_complete_cells,paper_protocol_strict_feasible_subset
