algorithm,scenario,seed,params,mechanism,class_prior,label_frequency,real_h,pi_h_well_conditioned,warning_count,diag_converged,diag_n_iter,diag_c_estimate,diag_cond_number,diag_correction_fraction,diag_n_epochs,diag_n_acs_iter,pu_zero_one_risk,pu_recall,pu_estimated_precision,pu_auc_roc,pu_accuracy,pu_f1,pu_negative_rate,average_precision,balanced_accuracy,brier_score,brier_score_unavailable_reason,expected_calibration_error,expected_calibration_error_unavailable_reason,ece_buckets_api,elapsed_seconds,status,failure_reason
elkan_noto,scar-pi0.1-scalesmall,100,{},scar,0.1,0.5,0.5,True,0,,,0.7032458825270961,,,,,0.9,0.6842105263157895,1.0,1.0,0.955,0.7096774193548387,0.9763779527559056,1.0,0.775,,"invalid probability output (not in [0,1])",,"invalid probability output (not in [0,1])",,0.016000000000531145,success,
elkan_noto,scar-pi0.1-scalesmall,101,{},scar,0.1,0.5,0.5,True,0,,,0.7123057947003312,,,,,0.9,0.7777777777777778,1.0,0.9984722222222222,0.9575,0.7301587301587301,0.9764397905759162,0.9843422354865451,0.7875,,"invalid probability output (not in [0,1])",,"invalid probability output (not in [0,1])",,0.015000000000327418,success,
elkan_noto,scar-pi0.1-scalesmall,102,{},scar,0.1,0.5,0.5,True,0,,,0.6566323443439929,,,,,0.9,0.7142857142857143,1.0,0.9791666666666666,0.9525,0.6885245901639344,0.9841688654353562,0.9195645987043719,0.7625,,"invalid probability output (not in [0,1])",,"invalid probability output (not in [0,1])",,0.03099999999994907,success,
elkan_noto,scar-pi0.1-scalesmall,103,{},scar,0.1,0.5,0.5,True,0,,,0.6778684110365424,,,,,0.9,0.76,0.9806451612903228,0.9977083333333333,0.9775,0.8732394366197183,0.968,0.9836377455001689,0.8875,,"invalid probability output (not in [0,1])",,"invalid probability output (not in [0,1])",,0.01599999999962165,success,
elkan_noto,scar-pi0.1-scalesmall,104,{},scar,0.1,0.5,0.5,True,0,,,0.6999143746579141,,,,,0.9,0.76,1.0,1.0,0.975,0.8571428571428571,0.9706666666666667,1.0,0.875,,"invalid probability output (not in [0,1])",,"invalid probability output (not in [0,1])",,0.03099999999994907,success,
elkan_noto,scar-pi0.1-scalesmall,105,{},scar,0.1,0.5,0.5,True,0,,,0.6724795154930538,,,,,0.9,0.76,0.9806451612903228,0.999375,0.9775,0.8732394366197183,0.968,0.9952083333333333,0.8875,,"invalid probability output (not in [0,1])",,"invalid probability output (not in [0,1])",,0.016000000000531145,success,
elkan_noto,scar-pi0.1-scalesmall,106,{},scar,0.1,0.5,0.5,True,0,,,0.710063447944433,,,,,0.9,0.6,1.0,0.9986111111111111,0.95,0.6666666666666666,0.9789473684210527,0.9892228630582668,0.75,,"invalid probability output (not in [0,1])",,"invalid probability output (not in [0,1])",,0.015000000000327418,success,
elkan_noto,scar-pi0.1-scalesmall,107,{},scar,0.1,0.5,0.5,True,0,,,0.652327403807606,,,,,0.9,0.6111111111111112,1.0,0.9947222222222223,0.9525,0.6885245901639344,0.9738219895287958,0.9720422590322161,0.7625,,"invalid probability output (not in [0,1])",,"invalid probability output (not in [0,1])",,0.03099999999994907,success,
elkan_noto,scar-pi0.1-scalesmall,108,{},scar,0.1,0.5,0.5,True,0,,,0.69753134151608,,,,,0.9,0.8181818181818182,1.0,0.9995138888888888,0.965,0.7878787878787878,0.9788359788359788,0.9961141304347825,0.825,,"invalid probability output (not in [0,1])",,"invalid probability output (not in [0,1])",,0.01599999999962165,success,
elkan_noto,scar-pi0.1-scalesmall,109,{},scar,0.1,0.5,0.5,True,0,,,0.623372697765682,,,,,0.9,0.8235294117647058,1.0,0.9897222222222222,0.9575,0.7301587301587301,0.9765013054830287,0.9672071162904384,0.7875,,"invalid probability output (not in [0,1])",,"invalid probability output (not in [0,1])",,0.014999999999417923,success,
elkan_noto,scar-pi0.1-scalesmall,110,{},scar,0.1,0.5,0.5,True,0,,,0.8044400605842439,,,,,0.9,0.8571428571428571,1.0,1.0,0.98,0.8888888888888888,0.978494623655914,1.0,0.9,,"invalid probability output (not in [0,1])",,"invalid probability output (not in [0,1])",,0.032000000000152795,success,
elkan_noto,scar-pi0.1-scalesmall,111,{},scar,0.1,0.5,0.5,True,0,,,0.6359321107881651,,,,,0.9,0.7368421052631579,1.0,0.9997222222222223,0.9675,0.8059701492537313,0.9658792650918635,0.9976308139534884,0.8375,,"invalid probability output (not in [0,1])",,"invalid probability output (not in [0,1])",,0.03099999999994907,success,
elkan_noto,scar-pi0.1-scalesmall,112,{},scar,0.1,0.5,0.5,True,0,,,0.7299285551599202,,,,,0.9,0.68,0.9379310344827587,0.9983333333333333,0.9725,0.8405797101449275,0.968,0.9867468762799787,0.8625,,"invalid probability output (not in [0,1])",,"invalid probability output (not in [0,1])",,0.03099999999994907,success,
elkan_noto,scar-pi0.1-scalesmall,113,{},scar,0.1,0.5,0.5,True,0,,,0.7269855097487545,,,,,0.9,0.6363636363636364,1.0,0.999375,0.96,0.75,0.9735449735449735,0.9952083333333333,0.8,,"invalid probability output (not in [0,1])",,"invalid probability output (not in [0,1])",,0.016000000000531145,success,
elkan_noto,scar-pi0.1-scalesmall,114,{},scar,0.1,0.5,0.5,True,0,,,0.6537707304045737,,,,,0.9,0.6842105263157895,1.0,0.9986111111111111,0.9575,0.7301587301587301,0.973753280839895,0.9871253944346577,0.7875,,"invalid probability output (not in [0,1])",,"invalid probability output (not in [0,1])",,0.03099999999994907,success,
elkan_noto,scar-pi0.1-scalesmall,115,{},scar,0.1,0.5,0.5,True,0,,,0.5920046398263934,,,,,0.9,0.5294117647058824,0.9625668449197862,0.9963194444444444,0.955,0.7096774193548387,0.9660574412532638,0.9753743699481536,0.775,,"invalid probability output (not in [0,1])",,"invalid probability output (not in [0,1])",,0.03099999999994907,success,
elkan_noto,scar-pi0.1-scalesmall,116,{},scar,0.1,0.5,0.5,True,0,,,0.7292258605663015,,,,,0.9,0.6956521739130435,1.0,0.999375,0.965,0.7878787878787878,0.9734748010610079,0.9945331644786074,0.825,,"invalid probability output (not in [0,1])",,"invalid probability output (not in [0,1])",,0.03099999999994907,success,
elkan_noto,scar-pi0.1-scalesmall,117,{},scar,0.1,0.5,0.5,True,0,,,0.6373725635629788,,,,,0.9,0.631578947368421,1.0,0.9977083333333333,0.9625,0.7692307692307693,0.9658792650918635,0.9832438593761638,0.8125,,"invalid probability output (not in [0,1])",,"invalid probability output (not in [0,1])",,0.01599999999962165,success,
elkan_noto,scar-pi0.1-scalesmall,118,{},scar,0.1,0.5,0.5,True,0,,,0.6436852204686632,,,,,0.9,0.7,1.0,0.9998611111111111,0.965,0.7878787878787878,0.968421052631579,0.9988095238095238,0.825,,"invalid probability output (not in [0,1])",,"invalid probability output (not in [0,1])",,0.03099999999994907,success,
elkan_noto,scar-pi0.1-scalesmall,119,{},scar,0.1,0.5,0.5,True,0,,,0.5129758770486124,,,,,0.9,0.26666666666666666,0.463768115942029,0.9999305555555555,0.9575,0.7301587301587301,0.9506493506493506,0.999390243902439,0.7875,,"invalid probability output (not in [0,1])",,"invalid probability output (not in [0,1])",,0.032000000000152795,success,
elkan_noto,scar-pi0.1-scalemid,100,{},scar,0.1,0.5,0.5,True,0,,,0.7291518073390838,,,,,0.9,0.6153846153846154,1.0,0.9990222222222221,0.9575,0.7301587301587301,0.9731012658227848,0.992996500973859,0.7875,,"invalid probability output (not in [0,1])",,"invalid probability output (not in [0,1])",,0.03099999999994907,success,
elkan_noto,scar-pi0.1-scalemid,101,{},scar,0.1,0.5,0.5,True,0,,,0.7102548420853181,,,,,0.9,0.6063829787234043,1.0,0.9993083333333334,0.957,0.7261146496815286,0.9700944386149003,0.9949428835914734,0.7849999999999999,,"invalid probability output (not in [0,1])",,"invalid probability output (not in [0,1])",,0.03099999999994907,success,
elkan_noto,scar-pi0.1-scalemid,102,{},scar,0.1,0.5,0.5,True,0,,,0.7016416496320819,,,,,0.9,0.6153846153846154,1.0,0.9990444444444445,0.9605,0.7538940809968847,0.9699367088607594,0.9920489713280943,0.8025,,"invalid probability output (not in [0,1])",,"invalid probability output (not in [0,1])",,0.03099999999994907,success,
elkan_noto,scar-pi0.1-scalemid,103,{},scar,0.1,0.5,0.5,True,0,,,0.7475624135464934,,,,,0.9,0.6880733944954128,1.0,0.9989138888888889,0.9655,0.7915407854984894,0.970386039132734,0.9947978909043539,0.8275,,"invalid probability output (not in [0,1])",,"invalid probability output (not in [0,1])",,0.032000000000152795,success,
elkan_noto,scar-pi0.1-scalemid,104,{},scar,0.1,0.5,0.5,True,0,,,0.7041391394707405,,,,,0.9,0.5728155339805825,0.9238960225493267,0.9982194444444444,0.962,0.7654320987654321,0.9657353716394307,0.9893355429336744,0.81,,"invalid probability output (not in [0,1])",,"invalid probability output (not in [0,1])",,0.03099999999994907,success,
elkan_noto,scar-pi0.1-scalemid,105,{},scar,0.1,0.5,0.5,True,0,,,0.6742475635541503,,,,,0.9,0.5057471264367817,1.0,0.9993,0.9495,0.6622073578595318,0.9712493465760585,0.9942827749657533,0.7475,,"invalid probability output (not in [0,1])",,"invalid probability output (not in [0,1])",,0.03099999999994907,success,
elkan_noto,scar-pi0.1-scalemid,106,{},scar,0.1,0.5,0.5,True,0,,,0.7698787515637879,,,,,0.9,0.7083333333333334,1.0,0.99905,0.969,0.8165680473372781,0.9718085106382979,0.9918895676777131,0.845,,"invalid probability output (not in [0,1])",,"invalid probability output (not in [0,1])",,0.03099999999994907,success,
elkan_noto,scar-pi0.1-scalemid,107,{},scar,0.1,0.5,0.5,True,0,,,0.7190823365801728,,,,,0.9,0.6415094339622641,1.0,0.9984472222222223,0.9595,0.7460815047021944,0.9730728616684267,0.9893956554803592,0.7975,,"invalid probability output (not in [0,1])",,"invalid probability output (not in [0,1])",,0.032000000000152795,success,
elkan_noto,scar-pi0.1-scalemid,108,{},scar,0.1,0.5,0.5,True,0,,,0.7013097447472924,,,,,0.9,0.5376344086021505,1.0,0.9994333333333334,0.952,0.6842105263157895,0.9716832721552177,0.9952777678261273,0.76,,"invalid probability output (not in [0,1])",,"invalid probability output (not in [0,1])",,0.03099999999994907,success,
elkan_noto,scar-pi0.1-scalemid,109,{},scar,0.1,0.5,0.5,True,0,,,0.7027709758579591,,,,,0.9,0.6261682242990654,1.0,0.9985333333333333,0.9615,0.7616099071207431,0.9704173269941891,0.9917093122719807,0.8075,,"invalid probability output (not in [0,1])",,"invalid probability output (not in [0,1])",,0.015000000000327418,success,
elkan_noto,scar-pi0.1-scalemid,110,{},scar,0.1,0.5,0.5,True,0,,,0.6747842729866266,,,,,0.9,0.5517241379310345,1.0,0.9973972222222223,0.9515,0.6798679867986799,0.9712493465760585,0.9876647117982059,0.7575000000000001,,"invalid probability output (not in [0,1])",,"invalid probability output (not in [0,1])",,0.03099999999994907,success,
elkan_noto,scar-pi0.1-scalemid,111,{},scar,0.1,0.5,0.5,True,0,,,0.7003273443878646,,,,,0.9,0.6571428571428571,0.9881847475832437,0.9993777777777778,0.9665,0.7987987987987988,0.9662269129287598,0.9944059393937521,0.8325,,"invalid probability output (not in [0,1])",,"invalid probability output (not in [0,1])",,0.032000000000152795,success,
elkan_noto,scar-pi0.1-scalemid,112,{},scar,0.1,0.5,0.5,True,0,,,0.6835285894355435,,,,,0.9,0.5742574257425742,0.9987085665088247,0.9995527777777777,0.9575,0.7301587301587301,0.9699842022116903,0.9959277432513962,0.7875,,"invalid probability output (not in [0,1])",,"invalid probability output (not in [0,1])",,0.03099999999994907,success,
elkan_noto,scar-pi0.1-scalemid,113,{},scar,0.1,0.5,0.5,True,0,,,0.6930885894271234,,,,,0.9,0.6310679611650486,1.0,0.9989416666666666,0.962,0.7654320987654321,0.9688982604111755,0.9915960770459862,0.81,,"invalid probability output (not in [0,1])",,"invalid probability output (not in [0,1])",,0.03099999999994907,success,
elkan_noto,scar-pi0.1-scalemid,114,{},scar,0.1,0.5,0.5,True,0,,,0.7455009419219257,,,,,0.9,0.7777777777777778,1.0,0.9987972222222222,0.9715,0.8347826086956521,0.9713223579394583,0.988990887435899,0.8597222222222223,,"invalid probability output (not in [0,1])",,"invalid probability output (not in [0,1])",,0.03099999999994907,success,
elkan_noto,scar-pi0.1-scalemid,115,{},scar,0.1,0.5,0.5,True,0,,,0.7116630944196198,,,,,0.9,0.616822429906542,1.0,0.9994638888888889,0.9605,0.7538940809968847,0.97094558901215,0.9956014993250604,0.8025,,"invalid probability output (not in [0,1])",,"invalid probability output (not in [0,1])",,0.032000000000152795,success,
elkan_noto,scar-pi0.1-scalemid,116,{},scar,0.1,0.5,0.5,True,0,,,0.7136721341351983,,,,,0.9,0.6161616161616161,1.0,0.9995833333333333,0.961,0.7577639751552795,0.9679116254602841,0.9963573045467278,0.8049999999999999,,"invalid probability output (not in [0,1])",,"invalid probability output (not in [0,1])",,0.01599999999962165,success,
elkan_noto,scar-pi0.1-scalemid,117,{},scar,0.1,0.5,0.5,True,0,,,0.712503990686626,,,,,0.9,0.6288659793814433,1.0,0.9988333333333332,0.956,0.717948717948718,0.9732002101944298,0.9908207394276378,0.78,,"invalid probability output (not in [0,1])",,"invalid probability output (not in [0,1])",,0.032000000000152795,success,
elkan_noto,scar-pi0.1-scalemid,118,{},scar,0.1,0.5,0.5,True,0,,,0.7448475886805908,,,,,0.9,0.6116504854368932,1.0,0.9997222222222222,0.9585,0.7381703470031545,0.9715340010542962,0.9975006994825829,0.7925,,"invalid probability output (not in [0,1])",,"invalid probability output (not in [0,1])",,0.03099999999994907,success,
elkan_noto,scar-pi0.1-scalemid,119,{},scar,0.1,0.5,0.5,True,0,,,0.6948910822110224,,,,,0.9,0.5789473684210527,1.0,0.9989333333333333,0.957,0.7261146496815286,0.9690288713910761,0.9924937610290158,0.7849999999999999,,"invalid probability output (not in [0,1])",,"invalid probability output (not in [0,1])",,0.03099999999994907,success,
elkan_noto,scar-pi0.3-scalesmall,100,{},scar,0.3,0.5,0.5,True,0,,,0.5689302920849455,,,,,0.7,0.8275862068965517,1.0,0.9998511904761905,0.94,0.8888888888888888,0.8596491228070176,0.9996617383512545,0.9,,"invalid probability output (not in [0,1])",,"invalid probability output (not in [0,1])",,0.03099999999994907,success,
elkan_noto,scar-pi0.3-scalesmall,101,{},scar,0.3,0.5,0.5,True,0,,,0.6031901340105681,,,,,0.7,0.8,1.0,0.9988392857142857,0.9225,0.8530805687203792,0.8735294117647059,0.9970193947888151,0.8732142857142857,,"invalid probability output (not in [0,1])",,"invalid probability output (not in [0,1])",,0.01599999999962165,success,
elkan_noto,scar-pi0.3-scalesmall,102,{},scar,0.3,0.5,0.5,True,0,,,0.5671401568918776,,,,,0.7,0.7272727272727273,1.0,0.9914880952380953,0.8925,0.7817258883248731,0.8927536231884058,0.9852779273205731,0.8208333333333333,,"invalid probability output (not in [0,1])",,"invalid probability output (not in [0,1])",,0.03099999999994907,success,
elkan_noto,scar-pi0.3-scalesmall,103,{},scar,0.3,0.5,0.5,True,0,,,0.6260060706583053,,,,,0.7,0.855072463768116,1.0,0.9986309523809523,0.9475,0.9041095890410958,0.879154078549849,0.996927637818275,0.9125,,"invalid probability output (not in [0,1])",,"invalid probability output (not in [0,1])",,0.04699999999957072,success,
elkan_noto,scar-pi0.3-scalesmall,104,{},scar,0.3,0.5,0.5,True,0,,,0.6320246559586655,,,,,0.7,0.8615384615384616,1.0,0.9991071428571429,0.9375,0.8837209302325582,0.8835820895522388,0.9980207810690258,0.8958333333333333,,"invalid probability output (not in [0,1])",,"invalid probability output (not in [0,1])",,0.032000000000152795,success,
elkan_noto,scar-pi0.3-scalesmall,105,{},scar,0.3,0.5,0.5,True,0,,,0.5419522701109828,,,,,0.7,0.7333333333333333,0.9263157894736841,0.9976488095238096,0.9375,0.8837209302325582,0.85,0.9952983941444458,0.8958333333333333,,"invalid probability output (not in [0,1])",,"invalid probability output (not in [0,1])",,0.032000000000152795,success,
elkan_noto,scar-pi0.3-scalesmall,106,{},scar,0.3,0.5,0.5,True,0,,,0.6221610904376066,,,,,0.7,0.7741935483870968,1.0,0.9979464285714286,0.9275,0.8625592417061612,0.8727810650887574,0.9956908069813891,0.8791666666666667,,"invalid probability output (not in [0,1])",,"invalid probability output (not in [0,1])",,0.04699999999957072,success,
elkan_noto,scar-pi0.3-scalesmall,107,{},scar,0.3,0.5,0.5,True,0,,,0.5695716346861436,,,,,0.7,0.6666666666666666,1.0,0.9987202380952381,0.87,0.723404255319149,0.8977272727272727,0.9972999242151867,0.7833333333333333,,"invalid probability output (not in [0,1])",,"invalid probability output (not in [0,1])",,0.04700000000048021,success,
elkan_noto,scar-pi0.3-scalesmall,108,{},scar,0.3,0.5,0.5,True,0,,,0.588471330770252,,,,,0.7,0.8269230769230769,1.0,0.9991369047619048,0.9175,0.8405797101449275,0.8735632183908046,0.9981259169471555,0.8625,,"invalid probability output (not in [0,1])",,"invalid probability output (not in [0,1])",,0.03099999999994907,success,
elkan_noto,scar-pi0.3-scalesmall,109,{},scar,0.3,0.5,0.5,True,0,,,0.6655530218523411,,,,,0.7,0.8208955223880597,1.0,0.9941964285714286,0.925,0.8571428571428571,0.8948948948948949,0.9911099286028744,0.875,,"invalid probability output (not in [0,1])",,"invalid probability output (not in [0,1])",,0.03099999999994907,success,
elkan_noto,scar-pi0.3-scalesmall,110,{},scar,0.3,0.5,0.5,True,0,,,0.6374255302092687,,,,,0.7,0.8253968253968254,1.0,0.997529761904762,0.935,0.8785046728971962,0.8753709198813057,0.9950726011438864,0.8916666666666666,,"invalid probability output (not in [0,1])",,"invalid probability output (not in [0,1])",,0.04699999999957072,success,
elkan_noto,scar-pi0.3-scalesmall,111,{},scar,0.3,0.5,0.5,True,0,,,0.6025233405134206,,,,,0.7,0.7333333333333333,0.9999999999999999,0.9985416666666667,0.92,0.8461538461538461,0.8705882352941177,0.99671424876916,0.8666666666666667,,"invalid probability output (not in [0,1])",,"invalid probability output (not in [0,1])",,0.046000000000276486,success,
elkan_noto,scar-pi0.3-scalesmall,112,{},scar,0.3,0.5,0.5,True,0,,,0.556405284455367,,,,,0.7,0.7258064516129032,0.9897360703812317,0.9977380952380953,0.92,0.8461538461538461,0.8727810650887574,0.9947135707998962,0.8666666666666667,,"invalid probability output (not in [0,1])",,"invalid probability output (not in [0,1])",,0.04699999999957072,success,
elkan_noto,scar-pi0.3-scalesmall,113,{},scar,0.3,0.5,0.5,True,0,,,0.62027060783323,,,,,0.7,0.8,0.9795918367346939,0.9991666666666666,0.945,0.8990825688073395,0.8727272727272727,0.9981200427716038,0.9083333333333333,,"invalid probability output (not in [0,1])",,"invalid probability output (not in [0,1])",,0.032000000000152795,success,
elkan_noto,scar-pi0.3-scalesmall,114,{},scar,0.3,0.5,0.5,True,0,,,0.604233623862345,,,,,0.7,0.6842105263157895,1.0,0.9975595238095238,0.8925,0.7839195979899497,0.8833819241982507,0.9941841918932792,0.8232142857142857,,"invalid probability output (not in [0,1])",,"invalid probability output (not in [0,1])",,0.03099999999994907,success,
elkan_noto,scar-pi0.3-scalesmall,115,{},scar,0.3,0.5,0.5,True,0,,,0.6246425305776163,,,,,0.7,0.7169811320754716,1.0,0.9969345238095239,0.88,0.75,0.9020172910662824,0.9935494186498126,0.8,,"invalid probability output (not in [0,1])",,"invalid probability output (not in [0,1])",,0.032000000000152795,success,
elkan_noto,scar-pi0.3-scalesmall,116,{},scar,0.3,0.5,0.5,True,0,,,0.5906729139470371,,,,,0.7,0.7777777777777778,1.0,0.9991071428571429,0.9225,0.8516746411483254,0.8813056379821959,0.9979556682255897,0.8708333333333333,,"invalid probability output (not in [0,1])",,"invalid probability output (not in [0,1])",,0.03099999999994907,success,
elkan_noto,scar-pi0.3-scalesmall,117,{},scar,0.3,0.5,0.5,True,0,,,0.6051987251191792,,,,,0.7,0.7878787878787878,0.9848484848484848,0.9985416666666667,0.94,0.8888888888888888,0.8682634730538922,0.9967342994081766,0.9,,"invalid probability output (not in [0,1])",,"invalid probability output (not in [0,1])",,0.04699999999957072,success,
elkan_noto,scar-pi0.3-scalesmall,118,{},scar,0.3,0.5,0.5,True,0,,,0.556216265166001,,,,,0.7,0.7037037037037037,1.0,0.9995535714285714,0.9075,0.8177339901477833,0.869942196531792,0.9989563022690046,0.8458333333333333,,"invalid probability output (not in [0,1])",,"invalid probability output (not in [0,1])",,0.03099999999994907,success,
elkan_noto,scar-pi0.3-scalesmall,119,{},scar,0.3,0.5,0.5,True,0,,,0.5460445019542648,,,,,0.7,0.6964285714285714,0.9831932773109243,0.9994642857142857,0.9125,0.8292682926829268,0.8662790697674418,0.998841656737472,0.8541666666666667,,"invalid probability output (not in [0,1])",,"invalid probability output (not in [0,1])",,0.03099999999994907,success,
elkan_noto,scar-pi0.3-scalemid,100,{},scar,0.3,0.5,0.5,True,0,,,0.6225870874417415,,,,,0.7,0.7631578947368421,1.0,0.9987380952380951,0.9185,0.8428158148505304,0.879127358490566,0.9975823390124662,0.8641666666666667,,"invalid probability output (not in [0,1])",,"invalid probability output (not in [0,1])",,0.032000000000152795,success,
elkan_noto,scar-pi0.3-scalemid,101,{},scar,0.3,0.5,0.5,True,0,,,0.5944763512885303,,,,,0.7,0.703971119133574,1.0,0.9994607142857143,0.9085,0.8200589970501475,0.8711549622751016,0.998755115886357,0.8474999999999999,,"invalid probability output (not in [0,1])",,"invalid probability output (not in [0,1])",,0.03099999999994907,success,
elkan_noto,scar-pi0.3-scalemid,102,{},scar,0.3,0.5,0.5,True,0,,,0.6308189234044431,,,,,0.7,0.7784810126582279,1.0,0.9990654761904761,0.926,0.8593155893536122,0.8776722090261283,0.9979607116447404,0.8766666666666667,,"invalid probability output (not in [0,1])",,"invalid probability output (not in [0,1])",,0.032000000000152795,success,
elkan_noto,scar-pi0.3-scalemid,103,{},scar,0.3,0.5,0.5,True,0,,,0.6054954716138377,,,,,0.7,0.7708333333333334,1.0,0.9993035714285714,0.923,0.8527724665391969,0.8691588785046729,0.9986129480013495,0.8716666666666666,,"invalid probability output (not in [0,1])",,"invalid probability output (not in [0,1])",,0.03099999999994907,success,
elkan_noto,scar-pi0.3-scalemid,104,{},scar,0.3,0.5,0.5,True,0,,,0.6094181691969212,,,,,0.7,0.742671009771987,0.9793463865125103,0.9987928571428571,0.9265,0.8606635071090047,0.8659184878913172,0.9972633829451744,0.8779761904761905,,"invalid probability output (not in [0,1])",,"invalid probability output (not in [0,1])",,0.03099999999994907,success,
elkan_noto,scar-pi0.3-scalemid,105,{},scar,0.3,0.5,0.5,True,0,,,0.6043693850557327,,,,,0.7,0.7568493150684932,1.0,0.999477380952381,0.9205,0.8472622478386167,0.8711943793911007,0.9988036583591287,0.8674999999999999,,"invalid probability output (not in [0,1])",,"invalid probability output (not in [0,1])",,0.04700000000048021,success,
elkan_noto,scar-pi0.3-scalemid,106,{},scar,0.3,0.5,0.5,True,0,,,0.6161860760505058,,,,,0.7,0.7652733118971061,1.0,0.9987297619047619,0.929,0.8657844990548205,0.8697454114860864,0.9970733147110766,0.8816666666666666,,"invalid probability output (not in [0,1])",,"invalid probability output (not in [0,1])",,0.03099999999994907,success,
elkan_noto,scar-pi0.3-scalemid,107,{},scar,0.3,0.5,0.5,True,0,,,0.5953234542905116,,,,,0.7,0.7386759581881533,1.0,0.9991666666666666,0.9155,0.8360814742967992,0.87215411558669,0.9981545373745966,0.8591666666666666,,"invalid probability output (not in [0,1])",,"invalid probability output (not in [0,1])",,0.04699999999957072,success,
elkan_noto,scar-pi0.3-scalemid,108,{},scar,0.3,0.5,0.5,True,0,,,0.6006896276040696,,,,,0.7,0.7591973244147158,1.0,0.9992857142857143,0.9265,0.8603988603988604,0.8671369782480893,0.9984467642018635,0.8775,,"invalid probability output (not in [0,1])",,"invalid probability output (not in [0,1])",,0.04699999999957072,success,
elkan_noto,scar-pi0.3-scalemid,109,{},scar,0.3,0.5,0.5,True,0,,,0.6263567539829438,,,,,0.7,0.7929936305732485,1.0,0.9992380952380953,0.9355,0.8795518207282913,0.8683274021352313,0.9984188776967997,0.8925000000000001,,"invalid probability output (not in [0,1])",,"invalid probability output (not in [0,1])",,0.04700000000048021,success,
elkan_noto,scar-pi0.3-scalemid,110,{},scar,0.3,0.5,0.5,True,0,,,0.5842149625970816,,,,,0.7,0.7272727272727273,0.9850194951775086,0.9989880952380952,0.9215,0.8494726749760306,0.8628938156359394,0.9978674569024887,0.8691666666666666,,"invalid probability output (not in [0,1])",,"invalid probability output (not in [0,1])",,0.04699999999957072,success,
elkan_noto,scar-pi0.3-scalemid,111,{},scar,0.3,0.5,0.5,True,0,,,0.6059284930159718,,,,,0.7,0.7474048442906575,1.0,0.9995059523809523,0.9175,0.8405797101449275,0.8720046756282875,0.9988551569236758,0.8625,,"invalid probability output (not in [0,1])",,"invalid probability output (not in [0,1])",,0.06300000000010186,success,
elkan_noto,scar-pi0.3-scalemid,112,{},scar,0.3,0.5,0.5,True,0,,,0.6117613343464965,,,,,0.7,0.7266666666666667,0.9977116704805492,0.9992071428571428,0.9175,0.840887174541948,0.8711764705882353,0.9982043127991105,0.8629761904761906,,"invalid probability output (not in [0,1])",,"invalid probability output (not in [0,1])",,0.03099999999994907,success,
elkan_noto,scar-pi0.3-scalemid,113,{},scar,0.3,0.5,0.5,True,0,,,0.6065566224799719,,,,,0.7,0.7702265372168284,1.0,0.9990738095238095,0.927,0.8617424242424242,0.8710821998817267,0.9978292380960467,0.8788095238095238,,"invalid probability output (not in [0,1])",,"invalid probability output (not in [0,1])",,0.032000000000152795,success,
elkan_noto,scar-pi0.3-scalemid,114,{},scar,0.3,0.5,0.5,True,0,,,0.6396423846778362,,,,,0.7,0.7832817337461301,1.0,0.9987678571428571,0.928,0.8638941398865785,0.877757901013715,0.9969268724403025,0.8804761904761905,,"invalid probability output (not in [0,1])",,"invalid probability output (not in [0,1])",,0.03099999999994907,success,
elkan_noto,scar-pi0.3-scalemid,115,{},scar,0.3,0.5,0.5,True,0,,,0.6144691495777332,,,,,0.7,0.7596153846153846,0.9865134865134864,0.9990940476190476,0.931,0.8700564971751412,0.8667061611374408,0.998051805500095,0.885,,"invalid probability output (not in [0,1])",,"invalid probability output (not in [0,1])",,0.03099999999994907,success,
elkan_noto,scar-pi0.3-scalemid,116,{},scar,0.3,0.5,0.5,True,0,,,0.6177196836468819,,,,,0.7,0.759075907590759,1.0,0.9996964285714286,0.9245,0.8560533841754051,0.8709487330583382,0.9992876664198578,0.8741666666666666,,"invalid probability output (not in [0,1])",,"invalid probability output (not in [0,1])",,0.03099999999994907,success,
elkan_noto,scar-pi0.3-scalemid,117,{},scar,0.3,0.5,0.5,True,0,,,0.5895525469537238,,,,,0.7,0.7491749174917491,0.9879229681209878,0.9992940476190476,0.9275,0.8625592417061612,0.8656452563347083,0.9983503344229293,0.8791666666666667,,"invalid probability output (not in [0,1])",,"invalid probability output (not in [0,1])",,0.016000000000531145,success,
elkan_noto,scar-pi0.3-scalemid,118,{},scar,0.3,0.5,0.5,True,0,,,0.6242235351642014,,,,,0.7,0.7799352750809061,1.0,0.9996011904761904,0.9275,0.8625592417061612,0.8734476641040805,0.9990724957750077,0.8791666666666667,,"invalid probability output (not in [0,1])",,"invalid probability output (not in [0,1])",,0.016000000000531145,success,
elkan_noto,scar-pi0.3-scalemid,119,{},scar,0.3,0.5,0.5,True,0,,,0.6016195124656969,,,,,0.7,0.7162629757785467,1.0,0.9991273809523809,0.9105,0.8246816846229187,0.874926943308007,0.9980405364232364,0.8508333333333333,,"invalid probability output (not in [0,1])",,"invalid probability output (not in [0,1])",,0.015000000000327418,success,
elkan_noto,scar-pi0.5-scalesmall,100,{},scar,0.5,0.5,0.5,True,0,,,0.4937281092572387,,,,,0.5,0.8172043010752689,0.9728622631848439,0.998525,0.92,0.9130434782608695,0.7003257328990228,0.9985678252965965,0.9199999999999999,,"invalid probability output (not in [0,1])",,"invalid probability output (not in [0,1])",,0.03099999999994907,success,
elkan_noto,scar-pi0.5-scalesmall,101,{},scar,0.5,0.5,0.5,True,0,,,0.5262175028879437,,,,,0.5,0.8556701030927835,1.0,0.998475,0.9225,0.9159891598915989,0.7161716171617162,0.9984261059805634,0.9225,,"invalid probability output (not in [0,1])",,"invalid probability output (not in [0,1])",,0.032000000000152795,success,
elkan_noto,scar-pi0.5-scalesmall,102,{},scar,0.5,0.5,0.5,True,0,,,0.5435712639802491,,,,,0.5,0.8383838383838383,1.0,0.995525,0.8975,0.8864265927977839,0.7408637873754153,0.995788909416727,0.8975,,"invalid probability output (not in [0,1])",,"invalid probability output (not in [0,1])",,0.03099999999994907,success,
elkan_noto,scar-pi0.5-scalesmall,103,{},scar,0.5,0.5,0.5,True,0,,,0.5488496018206696,,,,,0.5,0.8878504672897196,0.9975847947075501,0.99885,0.945,0.9417989417989417,0.7167235494880546,0.9988585007042876,0.9450000000000001,,"invalid probability output (not in [0,1])",,"invalid probability output (not in [0,1])",,0.01599999999962165,success,
elkan_noto,scar-pi0.5-scalesmall,104,{},scar,0.5,0.5,0.5,True,0,,,0.5401487731678457,,,,,0.5,0.875,1.0,0.99895,0.9325,0.9276139410187667,0.722972972972973,0.9989466295629691,0.9325,,"invalid probability output (not in [0,1])",,"invalid probability output (not in [0,1])",,0.03099999999994907,success,
elkan_noto,scar-pi0.5-scalesmall,105,{},scar,0.5,0.5,0.5,True,0,,,0.5080341757869421,,,,,0.5,0.8712871287128713,0.9900990099009901,0.99875,0.94,0.9361702127659575,0.705685618729097,0.9987957034096414,0.94,,"invalid probability output (not in [0,1])",,"invalid probability output (not in [0,1])",,0.015000000000327418,success,
elkan_noto,scar-pi0.5-scalesmall,106,{},scar,0.5,0.5,0.5,True,0,,,0.5199317698419554,,,,,0.5,0.8842105263157894,1.0,0.997625,0.9275,0.921832884097035,0.7147540983606557,0.9977380215227976,0.9275,,"invalid probability output (not in [0,1])",,"invalid probability output (not in [0,1])",,0.016000000000531145,success,
elkan_noto,scar-pi0.5-scalesmall,107,{},scar,0.5,0.5,0.5,True,0,,,0.48544474914104135,,,,,0.5,0.7407407407407407,0.9746588693957114,0.9991749999999999,0.88,0.8636363636363636,0.7115987460815048,0.9992034624813728,0.88,,"invalid probability output (not in [0,1])",,"invalid probability output (not in [0,1])",,0.03099999999994907,success,
elkan_noto,scar-pi0.5-scalesmall,108,{},scar,0.5,0.5,0.5,True,0,,,0.5477701907459196,,,,,0.5,0.9032258064516129,1.0,0.9994749999999999,0.915,0.907103825136612,0.7328990228013029,0.9994930968406613,0.915,,"invalid probability output (not in [0,1])",,"invalid probability output (not in [0,1])",,0.01599999999962165,success,
elkan_noto,scar-pi0.5-scalesmall,109,{},scar,0.5,0.5,0.5,True,0,,,0.5895611544408313,,,,,0.5,0.8349514563106796,1.0,0.9953749999999999,0.89,0.8764044943820225,0.7643097643097643,0.9961452004309088,0.89,,"invalid probability output (not in [0,1])",,"invalid probability output (not in [0,1])",,0.03099999999994907,success,
elkan_noto,scar-pi0.5-scalesmall,110,{},scar,0.5,0.5,0.5,True,0,,,0.5927837201123807,,,,,0.5,0.8640776699029126,1.0,0.99905,0.9225,0.9159891598915989,0.7306397306397306,0.9991078934694714,0.9225,,"invalid probability output (not in [0,1])",,"invalid probability output (not in [0,1])",,0.015000000000327418,success,
elkan_noto,scar-pi0.5-scalesmall,111,{},scar,0.5,0.5,0.5,True,0,,,0.5556936497847047,,,,,0.5,0.85,1.0,0.9988499999999999,0.9175,0.9100817438692098,0.7266666666666667,0.9988717737416599,0.9175,,"invalid probability output (not in [0,1])",,"invalid probability output (not in [0,1])",,0.016000000000531145,success,
elkan_noto,scar-pi0.5-scalesmall,112,{},scar,0.5,0.5,0.5,True,0,,,0.5061012376698568,,,,,0.5,0.8383838383838383,0.9863339275103981,0.997875,0.925,0.918918918918919,0.7109634551495017,0.9978812165880943,0.925,,"invalid probability output (not in [0,1])",,"invalid probability output (not in [0,1])",,0.016000000000531145,success,
elkan_noto,scar-pi0.5-scalesmall,113,{},scar,0.5,0.5,0.5,True,0,,,0.5419761182034927,,,,,0.5,0.9166666666666666,1.0,0.99985,0.9575,0.9556135770234987,0.7123287671232876,0.9998530487804878,0.9575,,"invalid probability output (not in [0,1])",,"invalid probability output (not in [0,1])",,0.03099999999994907,success,
elkan_noto,scar-pi0.5-scalesmall,114,{},scar,0.5,0.5,0.5,True,0,,,0.5527277599222834,,,,,0.5,0.8725490196078431,1.0,0.9981749999999999,0.915,0.907608695652174,0.7348993288590604,0.9979328498061828,0.915,,"invalid probability output (not in [0,1])",,"invalid probability output (not in [0,1])",,0.03099999999994907,success,
elkan_noto,scar-pi0.5-scalesmall,115,{},scar,0.5,0.5,0.5,True,0,,,0.5449108629077155,,,,,0.5,0.8736842105263158,1.0,0.9994999999999999,0.905,0.8950276243093923,0.740983606557377,0.9995015374958116,0.905,,"invalid probability output (not in [0,1])",,"invalid probability output (not in [0,1])",,0.032000000000152795,success,
elkan_noto,scar-pi0.5-scalesmall,116,{},scar,0.5,0.5,0.5,True,0,,,0.540649200246939,,,,,0.5,0.8761904761904762,0.9844836811128945,0.9989,0.945,0.9417989417989417,0.7084745762711865,0.9990009821869661,0.9450000000000001,,"invalid probability output (not in [0,1])",,"invalid probability output (not in [0,1])",,0.03099999999994907,success,
elkan_noto,scar-pi0.5-scalesmall,117,{},scar,0.5,0.5,0.5,True,0,,,0.5280904520580215,,,,,0.5,0.8383838383838383,0.9863339275103981,0.9978750000000001,0.925,0.918918918918919,0.7109634551495017,0.9980824009610662,0.925,,"invalid probability output (not in [0,1])",,"invalid probability output (not in [0,1])",,0.01599999999962165,success,
elkan_noto,scar-pi0.5-scalesmall,118,{},scar,0.5,0.5,0.5,True,0,,,0.5053332852845926,,,,,0.5,0.8913043478260869,1.0,0.999475,0.9375,0.9333333333333333,0.698051948051948,0.9994725280180969,0.9375,,"invalid probability output (not in [0,1])",,"invalid probability output (not in [0,1])",,0.01599999999962165,success,
elkan_noto,scar-pi0.5-scalesmall,119,{},scar,0.5,0.5,0.5,True,0,,,0.47914420721516326,,,,,0.5,0.8255813953488372,1.0,0.99785,0.9025,0.8919667590027701,0.7133757961783439,0.9981292572315249,0.9025000000000001,,"invalid probability output (not in [0,1])",,"invalid probability output (not in [0,1])",,0.03099999999994907,success,
elkan_noto,scar-pi0.5-scalemid,100,{},scar,0.5,0.5,0.5,True,0,,,0.536780567165143,,,,,0.5,0.8724279835390947,1.0,0.998808,0.9325,0.9276139410187667,0.7087186261558784,0.9988996728413828,0.9325,,"invalid probability output (not in [0,1])",,"invalid probability output (not in [0,1])",,0.016000000000531145,success,
elkan_noto,scar-pi0.5-scalemid,101,{},scar,0.5,0.5,0.5,True,0,,,0.5439589166725547,,,,,0.5,0.8418803418803419,1.0,0.99935,0.9065,0.8968560397131826,0.7265013054830287,0.9993439830686404,0.9065,,"invalid probability output (not in [0,1])",,"invalid probability output (not in [0,1])",,0.016000000000531145,success,
elkan_noto,scar-pi0.5-scalemid,102,{},scar,0.5,0.5,0.5,True,0,,,0.5563250528061982,,,,,0.5,0.877906976744186,0.9987565150673334,0.999018,0.9385,0.9345396487493347,0.7129380053908356,0.9990102570913495,0.9385,,"invalid probability output (not in [0,1])",,"invalid probability output (not in [0,1])",,0.03099999999994907,success,
elkan_noto,scar-pi0.5-scalemid,103,{},scar,0.5,0.5,0.5,True,0,,,0.5427796472422226,,,,,0.5,0.855072463768116,1.0,0.999285,0.924,0.9177489177489178,0.7132498352010547,0.9993195129328527,0.9239999999999999,,"invalid probability output (not in [0,1])",,"invalid probability output (not in [0,1])",,0.015000000000327418,success,
elkan_noto,scar-pi0.5-scalemid,104,{},scar,0.5,0.5,0.5,True,0,,,0.5442135708739778,,,,,0.5,0.8703339882121808,0.998089436023143,0.99894,0.935,0.9305555555555556,0.7122736418511066,0.9989447061033145,0.935,,"invalid probability output (not in [0,1])",,"invalid probability output (not in [0,1])",,0.032000000000152795,success,
elkan_noto,scar-pi0.5-scalemid,105,{},scar,0.5,0.5,0.5,True,0,,,0.546177498165925,,,,,0.5,0.872255489021956,1.0,0.9992779999999999,0.9335,0.9287627209426889,0.7131420947298199,0.9992768327690303,0.9335,,"invalid probability output (not in [0,1])",,"invalid probability output (not in [0,1])",,0.03099999999994907,success,
elkan_noto,scar-pi0.5-scalemid,106,{},scar,0.5,0.5,0.5,True,0,,,0.5557381460340228,,,,,0.5,0.87279843444227,1.0,0.999198,0.928,0.922497308934338,0.7233042310275353,0.9991951675082422,0.9279999999999999,,"invalid probability output (not in [0,1])",,"invalid probability output (not in [0,1])",,0.03099999999994907,success,
elkan_noto,scar-pi0.5-scalemid,107,{},scar,0.5,0.5,0.5,True,0,,,0.5299043495999021,,,,,0.5,0.8809034907597536,1.0,0.999194,0.9355,0.9310529128808124,0.7078651685393258,0.9991896821042421,0.9355,,"invalid probability output (not in [0,1])",,"invalid probability output (not in [0,1])",,0.03099999999994907,success,
elkan_noto,scar-pi0.5-scalemid,108,{},scar,0.5,0.5,0.5,True,0,,,0.5579720864821472,,,,,0.5,0.9133709981167608,0.9993118141321234,0.9994200000000001,0.956,0.9540229885057471,0.7079646017699115,0.9994218823570937,0.956,,"invalid probability output (not in [0,1])",,"invalid probability output (not in [0,1])",,0.01599999999962165,success,
elkan_noto,scar-pi0.5-scalemid,109,{},scar,0.5,0.5,0.5,True,0,,,0.5490786349722896,,,,,0.5,0.8621359223300971,0.9774783699887721,0.999598,0.941,0.9373007438894793,0.705050505050505,0.999622310369292,0.9410000000000001,,"invalid probability output (not in [0,1])",,"invalid probability output (not in [0,1])",,0.014999999999417923,success,
elkan_noto,scar-pi0.5-scalemid,110,{},scar,0.5,0.5,0.5,True,0,,,0.533499913790305,,,,,0.5,0.8669438669438669,1.0,0.999262,0.93,0.9247311827956989,0.7083607636603029,0.999282216069323,0.9299999999999999,,"invalid probability output (not in [0,1])",,"invalid probability output (not in [0,1])",,0.032000000000152795,success,
elkan_noto,scar-pi0.5-scalemid,111,{},scar,0.5,0.5,0.5,True,0,,,0.5495979146508868,,,,,0.5,0.8662674650698603,1.0,0.9993000000000001,0.9295,0.9241527703066165,0.7164776517678453,0.9993047777212246,0.9295,,"invalid probability output (not in [0,1])",,"invalid probability output (not in [0,1])",,0.03099999999994907,success,
elkan_noto,scar-pi0.5-scalemid,112,{},scar,0.5,0.5,0.5,True,0,,,0.5468994284503824,,,,,0.5,0.854,0.9895712630359212,0.9989269999999999,0.9305,0.9253891572732152,0.7093333333333334,0.9989445207231569,0.9305,,"invalid probability output (not in [0,1])",,"invalid probability output (not in [0,1])",,0.03099999999994907,success,
elkan_noto,scar-pi0.5-scalemid,113,{},scar,0.5,0.5,0.5,True,0,,,0.5517348924417056,,,,,0.5,0.8518518518518519,0.9859396433470508,0.9984390000000001,0.931,0.9259656652360515,0.7128446536650975,0.9987035123602737,0.931,,"invalid probability output (not in [0,1])",,"invalid probability output (not in [0,1])",,0.03099999999994907,success,
elkan_noto,scar-pi0.5-scalemid,114,{},scar,0.5,0.5,0.5,True,0,,,0.5603662417491674,,,,,0.5,0.8640776699029126,1.0,0.998336,0.926,0.9202586206896551,0.7232323232323232,0.9981255540266689,0.9259999999999999,,"invalid probability output (not in [0,1])",,"invalid probability output (not in [0,1])",,0.032000000000152795,success,
elkan_noto,scar-pi0.5-scalemid,115,{},scar,0.5,0.5,0.5,True,0,,,0.5403359820003525,,,,,0.5,0.8649706457925636,0.9862835185776095,0.999113,0.9385,0.9344698987746404,0.7078576225654802,0.9991349829337105,0.9385,,"invalid probability output (not in [0,1])",,"invalid probability output (not in [0,1])",,0.015000000000327418,success,
elkan_noto,scar-pi0.5-scalemid,116,{},scar,0.5,0.5,0.5,True,0,,,0.5410946475719816,,,,,0.5,0.8641975308641975,1.0,0.999487,0.9295,0.9241527703066165,0.7100396301188904,0.9995245428866631,0.9295,,"invalid probability output (not in [0,1])",,"invalid probability output (not in [0,1])",,0.015000000000327418,success,
elkan_noto,scar-pi0.5-scalemid,117,{},scar,0.5,0.5,0.5,True,0,,,0.5135028673432476,,,,,0.5,0.8785425101214575,0.9882367942873537,0.998534,0.9425,0.9391212281630492,0.6978751660026561,0.9985568472271147,0.9425,,"invalid probability output (not in [0,1])",,"invalid probability output (not in [0,1])",,0.032000000000152795,success,
elkan_noto,scar-pi0.5-scalemid,118,{},scar,0.5,0.5,0.5,True,0,,,0.551783455631999,,,,,0.5,0.9032882011605415,1.0,0.999408,0.94,0.9361702127659575,0.7215104517869184,0.9994018852343448,0.94,,"invalid probability output (not in [0,1])",,"invalid probability output (not in [0,1])",,0.016000000000531145,success,
elkan_noto,scar-pi0.5-scalemid,119,{},scar,0.5,0.5,0.5,True,0,,,0.5240171611650725,,,,,0.5,0.8622129436325678,0.9979316477228795,0.998784,0.932,0.927038626609442,0.7034845496383958,0.9987999549301643,0.9319999999999999,,"invalid probability output (not in [0,1])",,"invalid probability output (not in [0,1])",,0.03099999999994907,success,
elkan_noto,sar-pi0.1-scalesmall,100,{},linear,0.1,0.5,0.5,True,0,,,0.7780143341436981,,,,,0.9,0.8181818181818182,1.0,0.9998611111111111,0.9675,0.8059701492537313,0.9761904761904762,0.9988095238095238,0.8375,,"invalid probability output (not in [0,1])",,"invalid probability output (not in [0,1])",,0.01599999999962165,success,
elkan_noto,sar-pi0.1-scalesmall,101,{},linear,0.1,0.5,0.5,True,0,,,0.7033586377453378,,,,,0.9,0.9375,1.0,0.9984722222222223,0.9575,0.7301587301587301,0.9791666666666666,0.9843929625530123,0.7875,,"invalid probability output (not in [0,1])",,"invalid probability output (not in [0,1])",,0.01599999999962165,success,
elkan_noto,sar-pi0.1-scalesmall,102,{},linear,0.1,0.5,0.5,True,0,,,0.7188368313728409,,,,,0.9,0.8947368421052632,1.0,0.9859027777777778,0.9525,0.6885245901639344,0.989501312335958,0.9439612262119285,0.7625,,"invalid probability output (not in [0,1])",,"invalid probability output (not in [0,1])",,0.014999999999417923,success,
elkan_noto,sar-pi0.1-scalesmall,103,{},linear,0.1,0.5,0.5,True,0,,,0.8333897761722507,,,,,0.9,0.8571428571428571,1.0,0.9977083333333333,0.9575,0.7301587301587301,0.9868073878627969,0.9834955982392958,0.7875,,"invalid probability output (not in [0,1])",,"invalid probability output (not in [0,1])",,0.032000000000152795,success,
elkan_noto,sar-pi0.1-scalesmall,104,{},linear,0.1,0.5,0.5,True,0,,,0.8248730024312786,,,,,0.9,0.9130434782608695,1.0,0.9998611111111111,0.9675,0.8059701492537313,0.9840848806366048,0.998765243902439,0.8375,,"invalid probability output (not in [0,1])",,"invalid probability output (not in [0,1])",,0.015000000000327418,success,
elkan_noto,sar-pi0.1-scalesmall,105,{},linear,0.1,0.5,0.5,True,0,,,0.8207525405595733,,,,,0.9,0.8181818181818182,1.0,0.9942361111111111,0.9575,0.7301587301587301,0.9867724867724867,0.9738637560564566,0.7875,,"invalid probability output (not in [0,1])",,"invalid probability output (not in [0,1])",,0.015000000000327418,success,
elkan_noto,sar-pi0.1-scalesmall,106,{},linear,0.1,0.5,0.5,True,0,,,0.8103016301567425,,,,,0.9,0.75,1.0,0.9985416666666667,0.9475,0.6440677966101694,0.9894736842105263,0.9892456412032793,0.7375,,"invalid probability output (not in [0,1])",,"invalid probability output (not in [0,1])",,0.032000000000152795,success,
elkan_noto,sar-pi0.1-scalesmall,107,{},linear,0.1,0.5,0.5,True,0,,,0.7742781675720771,,,,,0.9,0.7222222222222222,1.0,0.9970138888888889,0.9475,0.6440677966101694,0.9842931937172775,0.9788163050947654,0.7375,,"invalid probability output (not in [0,1])",,"invalid probability output (not in [0,1])",,0.016000000000531145,success,
elkan_noto,sar-pi0.1-scalesmall,108,{},linear,0.1,0.5,0.5,True,0,,,0.6988723596387326,,,,,0.9,0.8636363636363636,1.0,0.9994444444444444,0.9625,0.7692307692307693,0.9841269841269841,0.995473104793757,0.8125,,"invalid probability output (not in [0,1])",,"invalid probability output (not in [0,1])",,0.03099999999994907,success,
elkan_noto,sar-pi0.1-scalesmall,109,{},linear,0.1,0.5,0.5,True,0,,,0.7069460048431231,,,,,0.9,0.8235294117647058,1.0,0.9918055555555555,0.955,0.7096774193548387,0.97911227154047,0.9728372149083332,0.775,,"invalid probability output (not in [0,1])",,"invalid probability output (not in [0,1])",,0.03099999999994907,success,
elkan_noto,sar-pi0.1-scalesmall,110,{},linear,0.1,0.5,0.5,True,0,,,0.8289535687402246,,,,,0.9,0.8,1.0,1.0,0.965,0.7878787878787878,0.984,1.0,0.825,,"invalid probability output (not in [0,1])",,"invalid probability output (not in [0,1])",,0.032000000000152795,success,
elkan_noto,sar-pi0.1-scalesmall,111,{},linear,0.1,0.5,0.5,True,0,,,0.7625502507261934,,,,,0.9,0.8,1.0,0.9996527777777778,0.96,0.75,0.9789473684210527,0.996885603431656,0.8,,"invalid probability output (not in [0,1])",,"invalid probability output (not in [0,1])",,0.014999999999417923,success,
elkan_noto,sar-pi0.1-scalesmall,112,{},linear,0.1,0.5,0.5,True,0,,,0.733126498899881,,,,,0.9,0.782608695652174,1.0,0.9984722222222222,0.9725,0.8405797101449275,0.9708222811671088,0.9880263093609538,0.8625,,"invalid probability output (not in [0,1])",,"invalid probability output (not in [0,1])",,0.01599999999962165,success,
elkan_noto,sar-pi0.1-scalesmall,113,{},linear,0.1,0.5,0.5,True,0,,,0.7580273517929615,,,,,0.9,0.65,1.0,0.9990972222222222,0.955,0.7096774193548387,0.9763157894736842,0.9936057692307692,0.775,,"invalid probability output (not in [0,1])",,"invalid probability output (not in [0,1])",,0.03099999999994907,success,
elkan_noto,sar-pi0.1-scalesmall,114,{},linear,0.1,0.5,0.5,True,0,,,0.7333069152678549,,,,,0.9,0.8421052631578947,1.0,0.999375,0.955,0.7096774193548387,0.984251968503937,0.9943672612603786,0.775,,"invalid probability output (not in [0,1])",,"invalid probability output (not in [0,1])",,0.03099999999994907,success,
elkan_noto,sar-pi0.1-scalesmall,115,{},linear,0.1,0.5,0.5,True,0,,,0.7445161786820556,,,,,0.9,0.7619047619047619,1.0,0.9997916666666667,0.9675,0.8059701492537313,0.9709762532981531,0.9982558139534884,0.8375,,"invalid probability output (not in [0,1])",,"invalid probability output (not in [0,1])",,0.016000000000531145,success,
elkan_noto,sar-pi0.1-scalesmall,116,{},linear,0.1,0.5,0.5,True,0,,,0.7754465123242156,,,,,0.9,0.7142857142857143,1.0,0.9976388888888889,0.96,0.75,0.9762532981530343,0.9806842197112611,0.8,,"invalid probability output (not in [0,1])",,"invalid probability output (not in [0,1])",,0.016000000000531145,success,
elkan_noto,sar-pi0.1-scalesmall,117,{},linear,0.1,0.5,0.5,True,0,,,0.7340240681030121,,,,,0.9,0.8,1.0,0.9985416666666667,0.95,0.6666666666666666,0.9792207792207792,0.988454822616408,0.75,,"invalid probability output (not in [0,1])",,"invalid probability output (not in [0,1])",,0.03099999999994907,success,
elkan_noto,sar-pi0.1-scalesmall,118,{},linear,0.1,0.5,0.5,True,0,,,0.7524127323278919,,,,,0.9,0.7619047619047619,1.0,1.0,0.9675,0.8059701492537313,0.9709762532981531,1.0,0.8375,,"invalid probability output (not in [0,1])",,"invalid probability output (not in [0,1])",,0.03099999999994907,success,
elkan_noto,sar-pi0.1-scalesmall,119,{},linear,0.1,0.5,0.5,True,0,,,0.6964111646403718,,,,,0.9,0.631578947368421,1.0,0.9998611111111111,0.96,0.75,0.968503937007874,0.9988095238095238,0.8,,"invalid probability output (not in [0,1])",,"invalid probability output (not in [0,1])",,0.01599999999962165,success,
elkan_noto,sar-pi0.1-scalemid,100,{},linear,0.1,0.5,0.5,True,0,,,0.826275876779703,,,,,0.9,0.7835051546391752,1.0,0.9987499999999999,0.953,0.6928104575163399,0.9842354177614293,0.9906402670401695,0.765,,"invalid probability output (not in [0,1])",,"invalid probability output (not in [0,1])",,0.014999999999417923,success,
elkan_noto,sar-pi0.1-scalemid,101,{},linear,0.1,0.5,0.5,True,0,,,0.7944417944974601,,,,,0.9,0.7204301075268817,1.0,0.9992444444444444,0.954,0.7012987012987013,0.9785002621919245,0.9943623509509926,0.77,,"invalid probability output (not in [0,1])",,"invalid probability output (not in [0,1])",,0.01599999999962165,success,
elkan_noto,sar-pi0.1-scalemid,102,{},linear,0.1,0.5,0.5,True,0,,,0.8020242319793413,,,,,0.9,0.819047619047619,1.0,0.9995416666666667,0.9615,0.7616099071207431,0.9804749340369393,0.9960152025202006,0.8075,,"invalid probability output (not in [0,1])",,"invalid probability output (not in [0,1])",,0.01599999999962165,success,
elkan_noto,sar-pi0.1-scalemid,103,{},linear,0.1,0.5,0.5,True,0,,,0.8094714178222219,,,,,0.9,0.8018867924528302,1.0,0.9987638888888889,0.9615,0.7616099071207431,0.9799366420274551,0.9944203266898164,0.8075,,"invalid probability output (not in [0,1])",,"invalid probability output (not in [0,1])",,0.01599999999962165,success,
elkan_noto,sar-pi0.1-scalemid,104,{},linear,0.1,0.5,0.5,True,0,,,0.7881867312388984,,,,,0.9,0.77,1.0,0.9983805555555555,0.961,0.7577639751552795,0.9763157894736842,0.9906133656870209,0.8049999999999999,,"invalid probability output (not in [0,1])",,"invalid probability output (not in [0,1])",,0.014999999999417923,success,
elkan_noto,sar-pi0.1-scalemid,105,{},linear,0.1,0.5,0.5,True,0,,,0.7687489766482709,,,,,0.9,0.7272727272727273,1.0,0.9991472222222223,0.95,0.6666666666666666,0.9811715481171548,0.9930491001616363,0.75,,"invalid probability output (not in [0,1])",,"invalid probability output (not in [0,1])",,0.01599999999962165,success,
elkan_noto,sar-pi0.1-scalemid,106,{},linear,0.1,0.5,0.5,True,0,,,0.8340736981806126,,,,,0.9,0.8181818181818182,1.0,0.9991583333333334,0.964,0.7804878048780488,0.9798941798941799,0.9928216290767438,0.8200000000000001,,"invalid probability output (not in [0,1])",,"invalid probability output (not in [0,1])",,0.01599999999962165,success,
elkan_noto,sar-pi0.1-scalemid,107,{},linear,0.1,0.5,0.5,True,0,,,0.7946619684351137,,,,,0.9,0.7373737373737373,1.0,0.9988638888888889,0.955,0.7096774193548387,0.9805365597054182,0.9917957381081188,0.775,,"invalid probability output (not in [0,1])",,"invalid probability output (not in [0,1])",,0.01599999999962165,success,
elkan_noto,sar-pi0.1-scalemid,108,{},linear,0.1,0.5,0.5,True,0,,,0.790548922890399,,,,,0.9,0.7272727272727273,1.0,0.9994555555555555,0.9545,0.7055016181229773,0.9805365597054182,0.9957361968861186,0.7725,,"invalid probability output (not in [0,1])",,"invalid probability output (not in [0,1])",,0.03099999999994907,success,
elkan_noto,sar-pi0.1-scalemid,109,{},linear,0.1,0.5,0.5,True,0,,,0.8098016695282844,,,,,0.9,0.7714285714285715,1.0,0.9982555555555555,0.9585,0.7381703470031545,0.9810026385224274,0.989844460157328,0.7925,,"invalid probability output (not in [0,1])",,"invalid probability output (not in [0,1])",,0.032000000000152795,success,
elkan_noto,sar-pi0.1-scalemid,110,{},linear,0.1,0.5,0.5,True,0,,,0.7689589501040939,,,,,0.9,0.7209302325581395,1.0,0.9983277777777777,0.9485,0.6531986531986532,0.9817136886102403,0.9910643153191105,0.7424999999999999,,"invalid probability output (not in [0,1])",,"invalid probability output (not in [0,1])",,0.03099999999994907,success,
elkan_noto,sar-pi0.1-scalemid,111,{},linear,0.1,0.5,0.5,True,0,,,0.808211910602033,,,,,0.9,0.82,1.0,0.9994527777777777,0.962,0.7654320987654321,0.9778947368421053,0.9951406314396631,0.81,,"invalid probability output (not in [0,1])",,"invalid probability output (not in [0,1])",,0.03099999999994907,success,
elkan_noto,sar-pi0.1-scalemid,112,{},linear,0.1,0.5,0.5,True,0,,,0.797636058566933,,,,,0.9,0.77,1.0,0.9996166666666666,0.956,0.717948717948718,0.9815789473684211,0.99673807172172,0.78,,"invalid probability output (not in [0,1])",,"invalid probability output (not in [0,1])",,0.03099999999994907,success,
elkan_noto,sar-pi0.1-scalemid,113,{},linear,0.1,0.5,0.5,True,0,,,0.7612445670560333,,,,,0.9,0.7472527472527473,1.0,0.9990194444444443,0.954,0.7012987012987013,0.9790466212676794,0.9920838156679788,0.77,,"invalid probability output (not in [0,1])",,"invalid probability output (not in [0,1])",,0.032000000000152795,success,
elkan_noto,sar-pi0.1-scalemid,114,{},linear,0.1,0.5,0.5,True,0,,,0.834963682275806,,,,,0.9,0.8440366972477065,1.0,0.9989055555555555,0.9625,0.7706422018348624,0.9814912744579588,0.9894738387496224,0.8147222222222222,,"invalid probability output (not in [0,1])",,"invalid probability output (not in [0,1])",,0.03099999999994907,success,
elkan_noto,sar-pi0.1-scalemid,115,{},linear,0.1,0.5,0.5,True,0,,,0.7994246001777724,,,,,0.9,0.7333333333333333,1.0,0.9995027777777777,0.958,0.7341772151898734,0.9794195250659631,0.995749460646394,0.79,,"invalid probability output (not in [0,1])",,"invalid probability output (not in [0,1])",,0.03099999999994907,success,
elkan_noto,sar-pi0.1-scalemid,116,{},linear,0.1,0.5,0.5,True,0,,,0.8138309094380868,,,,,0.9,0.7924528301886793,1.0,0.9998,0.961,0.7577639751552795,0.9799366420274551,0.9982188017826849,0.8049999999999999,,"invalid probability output (not in [0,1])",,"invalid probability output (not in [0,1])",,0.03099999999994907,success,
elkan_noto,sar-pi0.1-scalemid,117,{},linear,0.1,0.5,0.5,True,0,,,0.8116308728737037,,,,,0.9,0.8113207547169812,1.0,0.9994388888888889,0.9595,0.7460815047021944,0.9825765575501584,0.9954441333997448,0.7975,,"invalid probability output (not in [0,1])",,"invalid probability output (not in [0,1])",,0.032000000000152795,success,
elkan_noto,sar-pi0.1-scalemid,118,{},linear,0.1,0.5,0.5,True,0,,,0.7782160711202902,,,,,0.9,0.7216494845360825,1.0,0.9996166666666666,0.9555,0.7138263665594855,0.9784550709406201,0.9965768846544606,0.7775000000000001,,"invalid probability output (not in [0,1])",,"invalid probability output (not in [0,1])",,0.03099999999994907,success,
elkan_noto,sar-pi0.1-scalemid,119,{},linear,0.1,0.5,0.5,True,0,,,0.7844231875854488,,,,,0.9,0.7216494845360825,1.0,0.9986277777777778,0.956,0.717948717948718,0.977929584866001,0.9920373694962754,0.78,,"invalid probability output (not in [0,1])",,"invalid probability output (not in [0,1])",,0.03099999999994907,success,
elkan_noto,sar-pi0.3-scalesmall,100,{},linear,0.3,0.5,0.5,True,0,,,0.6609942425271991,,,,,0.7,0.8620689655172413,1.0,0.9999404761904762,0.92,0.8461538461538461,0.8888888888888888,0.9998616850321396,0.8666666666666667,,"invalid probability output (not in [0,1])",,"invalid probability output (not in [0,1])",,0.016000000000531145,success,
elkan_noto,sar-pi0.3-scalesmall,101,{},linear,0.3,0.5,0.5,True,0,,,0.7321437623188927,,,,,0.7,0.85,1.0,0.9991369047619048,0.8825,0.7564766839378239,0.9352941176470588,0.9979520389692083,0.8041666666666667,,"invalid probability output (not in [0,1])",,"invalid probability output (not in [0,1])",,0.016000000000531145,success,
elkan_noto,sar-pi0.3-scalesmall,102,{},linear,0.3,0.5,0.5,True,0,,,0.7460512299395102,,,,,0.7,0.8596491228070176,1.0,0.998095238095238,0.865,0.7096774193548387,0.9504373177842566,0.9961511773331765,0.775,,"invalid probability output (not in [0,1])",,"invalid probability output (not in [0,1])",,0.03099999999994907,success,
elkan_noto,sar-pi0.3-scalesmall,103,{},linear,0.3,0.5,0.5,True,0,,,0.7381059456097597,,,,,0.7,0.8714285714285714,1.0,0.9983333333333333,0.9275,0.8625592417061612,0.9090909090909091,0.9963060613831387,0.8791666666666667,,"invalid probability output (not in [0,1])",,"invalid probability output (not in [0,1])",,0.015000000000327418,success,
elkan_noto,sar-pi0.3-scalesmall,104,{},linear,0.3,0.5,0.5,True,0,,,0.744208391773927,,,,,0.7,0.8181818181818182,1.0,0.9997321428571428,0.8975,0.7939698492462312,0.9251497005988024,0.9993930806785991,0.8291666666666666,,"invalid probability output (not in [0,1])",,"invalid probability output (not in [0,1])",,0.016000000000531145,success,
elkan_noto,sar-pi0.3-scalesmall,105,{},linear,0.3,0.5,0.5,True,0,,,0.6790409760011115,,,,,0.7,0.8135593220338984,1.0,0.9988988095238095,0.8975,0.7939698492462312,0.9090909090909091,0.9977029746181909,0.8291666666666666,,"invalid probability output (not in [0,1])",,"invalid probability output (not in [0,1])",,0.03099999999994907,success,
elkan_noto,sar-pi0.3-scalesmall,106,{},linear,0.3,0.5,0.5,True,0,,,0.7211208386810343,,,,,0.7,0.8412698412698413,1.0,0.998422619047619,0.9175,0.8405797101449275,0.8991097922848664,0.9967162534875776,0.8625,,"invalid probability output (not in [0,1])",,"invalid probability output (not in [0,1])",,0.01599999999962165,success,
elkan_noto,sar-pi0.3-scalesmall,107,{},linear,0.3,0.5,0.5,True,0,,,0.6916125653524843,,,,,0.7,0.7777777777777778,1.0,0.9994345238095238,0.8725,0.7301587301587301,0.9219653179190751,0.9987855463121551,0.7875,,"invalid probability output (not in [0,1])",,"invalid probability output (not in [0,1])",,0.03099999999994907,success,
elkan_noto,sar-pi0.3-scalesmall,108,{},linear,0.3,0.5,0.5,True,0,,,0.7290696129068461,,,,,0.7,0.8688524590163934,1.0,0.9988392857142857,0.905,0.8118811881188119,0.9144542772861357,0.9975496133204176,0.8416666666666667,,"invalid probability output (not in [0,1])",,"invalid probability output (not in [0,1])",,0.032000000000152795,success,
elkan_noto,sar-pi0.3-scalesmall,109,{},linear,0.3,0.5,0.5,True,0,,,0.737781534303039,,,,,0.7,0.8095238095238095,1.0,0.9964583333333334,0.895,0.7878787878787878,0.9198813056379822,0.9946258384923483,0.825,,"invalid probability output (not in [0,1])",,"invalid probability output (not in [0,1])",,0.03099999999994907,success,
elkan_noto,sar-pi0.3-scalesmall,110,{},linear,0.3,0.5,0.5,True,0,,,0.7051957588621869,,,,,0.7,0.8360655737704918,1.0,0.9986904761904761,0.905,0.8118811881188119,0.9085545722713865,0.9972723575557171,0.8416666666666667,,"invalid probability output (not in [0,1])",,"invalid probability output (not in [0,1])",,0.01599999999962165,success,
elkan_noto,sar-pi0.3-scalesmall,111,{},linear,0.3,0.5,0.5,True,0,,,0.6816213714203231,,,,,0.7,0.864406779661017,1.0,0.9986309523809523,0.9,0.8,0.9149560117302052,0.9969065782605409,0.8333333333333333,,"invalid probability output (not in [0,1])",,"invalid probability output (not in [0,1])",,0.01599999999962165,success,
elkan_noto,sar-pi0.3-scalesmall,112,{},linear,0.3,0.5,0.5,True,0,,,0.7467840510925379,,,,,0.7,0.828125,1.0,0.9985119047619048,0.8925,0.7817258883248731,0.9285714285714286,0.9965494868796072,0.8208333333333333,,"invalid probability output (not in [0,1])",,"invalid probability output (not in [0,1])",,0.03099999999994907,success,
elkan_noto,sar-pi0.3-scalesmall,113,{},linear,0.3,0.5,0.5,True,0,,,0.6623764240211729,,,,,0.7,0.796875,1.0,0.9992559523809523,0.9175,0.8405797101449275,0.8928571428571429,0.9983102827067869,0.8625,,"invalid probability output (not in [0,1])",,"invalid probability output (not in [0,1])",,0.03099999999994907,success,
elkan_noto,sar-pi0.3-scalesmall,114,{},linear,0.3,0.5,0.5,True,0,,,0.6879718304608996,,,,,0.7,0.7777777777777778,1.0,0.9981845238095237,0.9,0.8,0.9080118694362018,0.9959735714563218,0.8333333333333333,,"invalid probability output (not in [0,1])",,"invalid probability output (not in [0,1])",,0.016000000000531145,success,
elkan_noto,sar-pi0.3-scalesmall,115,{},linear,0.3,0.5,0.5,True,0,,,0.6963178041817831,,,,,0.7,0.8148148148148148,1.0,0.9993154761904762,0.8675,0.7165775401069518,0.9335260115606936,0.9984898641553479,0.7791666666666667,,"invalid probability output (not in [0,1])",,"invalid probability output (not in [0,1])",,0.015000000000327418,success,
elkan_noto,sar-pi0.3-scalesmall,116,{},linear,0.3,0.5,0.5,True,0,,,0.6991007018500273,,,,,0.7,0.8225806451612904,1.0,0.9998214285714286,0.8975,0.7939698492462312,0.9171597633136095,0.99959171034005,0.8291666666666666,,"invalid probability output (not in [0,1])",,"invalid probability output (not in [0,1])",,0.015000000000327418,success,
elkan_noto,sar-pi0.3-scalesmall,117,{},linear,0.3,0.5,0.5,True,0,,,0.6926101773983784,,,,,0.7,0.8305084745762712,1.0,0.9986011904761904,0.9025,0.8059701492537313,0.906158357771261,0.9968547167910964,0.8375,,"invalid probability output (not in [0,1])",,"invalid probability output (not in [0,1])",,0.032000000000152795,success,
elkan_noto,sar-pi0.3-scalesmall,118,{},linear,0.3,0.5,0.5,True,0,,,0.6684005673534797,,,,,0.7,0.8035714285714286,1.0,0.9996726190476191,0.8925,0.7817258883248731,0.9069767441860465,0.9992500165269143,0.8208333333333333,,"invalid probability output (not in [0,1])",,"invalid probability output (not in [0,1])",,0.03099999999994907,success,
elkan_noto,sar-pi0.3-scalesmall,119,{},linear,0.3,0.5,0.5,True,0,,,0.7052431484925507,,,,,0.7,0.796875,1.0,0.9995238095238096,0.9025,0.8059701492537313,0.9107142857142857,0.9989657943067034,0.8375,,"invalid probability output (not in [0,1])",,"invalid probability output (not in [0,1])",,0.01599999999962165,success,
elkan_noto,sar-pi0.3-scalemid,100,{},linear,0.3,0.5,0.5,True,0,,,0.7407731182762409,,,,,0.7,0.8208469055374593,1.0,0.9988011904761905,0.888,0.7704918032786885,0.9267572356763142,0.9976793173307291,0.8133333333333334,,"invalid probability output (not in [0,1])",,"invalid probability output (not in [0,1])",,0.03099999999994907,success,
elkan_noto,sar-pi0.3-scalemid,101,{},linear,0.3,0.5,0.5,True,0,,,0.6941409286125809,,,,,0.7,0.7676056338028169,1.0,0.9995178571428571,0.89,0.7755102040816326,0.9055944055944056,0.9989033043067274,0.8166666666666667,,"invalid probability output (not in [0,1])",,"invalid probability output (not in [0,1])",,0.032000000000152795,success,
elkan_noto,sar-pi0.3-scalemid,102,{},linear,0.3,0.5,0.5,True,0,,,0.7368537176876693,,,,,0.7,0.834920634920635,1.0,0.9992619047619048,0.8955,0.7891019172552977,0.9240356083086053,0.9983591434694774,0.8258333333333333,,"invalid probability output (not in [0,1])",,"invalid probability output (not in [0,1])",,0.03099999999994907,success,
elkan_noto,sar-pi0.3-scalemid,103,{},linear,0.3,0.5,0.5,True,0,,,0.7084872698271487,,,,,0.7,0.8166089965397924,1.0,0.9991726190476191,0.8905,0.7767584097859327,0.9152542372881356,0.9983787762607501,0.8175,,"invalid probability output (not in [0,1])",,"invalid probability output (not in [0,1])",,0.03099999999994907,success,
elkan_noto,sar-pi0.3-scalemid,104,{},linear,0.3,0.5,0.5,True,0,,,0.7043496671564549,,,,,0.7,0.8006756756756757,1.0,0.9988547619047619,0.891,0.7780040733197556,0.914906103286385,0.9974887456945977,0.8183333333333334,,"invalid probability output (not in [0,1])",,"invalid probability output (not in [0,1])",,0.03099999999994907,success,
elkan_noto,sar-pi0.3-scalemid,105,{},linear,0.3,0.5,0.5,True,0,,,0.6929573806900179,,,,,0.7,0.8041237113402062,1.0,0.9994369047619048,0.895,0.7878787878787878,0.9087185488589818,0.9986795260276595,0.825,,"invalid probability output (not in [0,1])",,"invalid probability output (not in [0,1])",,0.032000000000152795,success,
elkan_noto,sar-pi0.3-scalemid,106,{},linear,0.3,0.5,0.5,True,0,,,0.7234051541491382,,,,,0.7,0.8469055374592834,1.0,0.9987702380952381,0.9005,0.8011988011988012,0.9167158889545186,0.9972323694108229,0.8341666666666667,,"invalid probability output (not in [0,1])",,"invalid probability output (not in [0,1])",,0.04699999999957072,success,
elkan_noto,sar-pi0.3-scalemid,107,{},linear,0.3,0.5,0.5,True,0,,,0.7120039822062206,,,,,0.7,0.8062283737024222,1.0,0.9991452380952381,0.886,0.7654320987654321,0.9187609585037989,0.9981107380069756,0.81,,"invalid probability output (not in [0,1])",,"invalid probability output (not in [0,1])",,0.03099999999994907,success,
elkan_noto,sar-pi0.3-scalemid,108,{},linear,0.3,0.5,0.5,True,0,,,0.7123043718337884,,,,,0.7,0.81,1.0,0.9993095238095238,0.892,0.7804878048780488,0.9170588235294118,0.9984952417481181,0.8200000000000001,,"invalid probability output (not in [0,1])",,"invalid probability output (not in [0,1])",,0.03099999999994907,success,
elkan_noto,sar-pi0.3-scalemid,109,{},linear,0.3,0.5,0.5,True,0,,,0.7195693137837657,,,,,0.7,0.8483870967741935,1.0,0.999277380952381,0.9105,0.8246816846229187,0.906508875739645,0.9984996406118933,0.8508333333333333,,"invalid probability output (not in [0,1])",,"invalid probability output (not in [0,1])",,0.03099999999994907,success,
elkan_noto,sar-pi0.3-scalemid,110,{},linear,0.3,0.5,0.5,True,0,,,0.7046030980603958,,,,,0.7,0.7816901408450704,1.0,0.999077380952381,0.8815,0.7538940809968847,0.9178321678321678,0.9980477856610342,0.8025,,"invalid probability output (not in [0,1])",,"invalid probability output (not in [0,1])",,0.01599999999962165,success,
elkan_noto,sar-pi0.3-scalemid,111,{},linear,0.3,0.5,0.5,True,0,,,0.7275138745945772,,,,,0.7,0.8093645484949833,1.0,0.9995511904761905,0.8915,0.7792472024415056,0.9171075837742504,0.9989544187138797,0.8191666666666666,,"invalid probability output (not in [0,1])",,"invalid probability output (not in [0,1])",,0.03099999999994907,success,
elkan_noto,sar-pi0.3-scalemid,112,{},linear,0.3,0.5,0.5,True,0,,,0.7112790173391687,,,,,0.7,0.8122866894197952,1.0,0.9993928571428571,0.8865,0.7667009249743063,0.9209138840070299,0.9986442229448632,0.8108333333333333,,"invalid probability output (not in [0,1])",,"invalid probability output (not in [0,1])",,0.032000000000152795,success,
elkan_noto,sar-pi0.3-scalemid,113,{},linear,0.3,0.5,0.5,True,0,,,0.7066470922551729,,,,,0.7,0.8221476510067114,1.0,0.9990238095238095,0.8945,0.7866531850353893,0.9153936545240893,0.9976992426452105,0.8241666666666667,,"invalid probability output (not in [0,1])",,"invalid probability output (not in [0,1])",,0.03099999999994907,success,
elkan_noto,sar-pi0.3-scalemid,114,{},linear,0.3,0.5,0.5,True,0,,,0.7483140161812069,,,,,0.7,0.8557692307692307,1.0,0.998647619047619,0.895,0.7883064516129032,0.9259478672985783,0.9965125473809965,0.8254761904761905,,"invalid probability output (not in [0,1])",,"invalid probability output (not in [0,1])",,0.03099999999994907,success,
elkan_noto,sar-pi0.3-scalemid,115,{},linear,0.3,0.5,0.5,True,0,,,0.7225850025057748,,,,,0.7,0.7993421052631579,1.0,0.9991142857142857,0.892,0.7804878048780488,0.9168632075471698,0.9980976516634773,0.8200000000000001,,"invalid probability output (not in [0,1])",,"invalid probability output (not in [0,1])",,0.03099999999994907,success,
elkan_noto,sar-pi0.3-scalemid,116,{},linear,0.3,0.5,0.5,True,0,,,0.7190816262713282,,,,,0.7,0.8167202572347267,1.0,0.9997440476190476,0.899,0.7975951903807615,0.9147424511545293,0.9994046784102555,0.8316666666666667,,"invalid probability output (not in [0,1])",,"invalid probability output (not in [0,1])",,0.03099999999994907,success,
elkan_noto,sar-pi0.3-scalemid,117,{},linear,0.3,0.5,0.5,True,0,,,0.7365347883742465,,,,,0.7,0.8364197530864198,1.0,0.9993464285714286,0.9065,0.8153998025666338,0.9152744630071599,0.9984900532912684,0.8441666666666667,,"invalid probability output (not in [0,1])",,"invalid probability output (not in [0,1])",,0.032000000000152795,success,
elkan_noto,sar-pi0.3-scalemid,118,{},linear,0.3,0.5,0.5,True,0,,,0.7117425360822409,,,,,0.7,0.8122866894197952,1.0,0.9996380952380953,0.8895,0.7742594484167518,0.9173989455184535,0.9991588859708233,0.8158333333333334,,"invalid probability output (not in [0,1])",,"invalid probability output (not in [0,1])",,0.03099999999994907,success,
elkan_noto,sar-pi0.3-scalemid,119,{},linear,0.3,0.5,0.5,True,0,,,0.7037976994669729,,,,,0.7,0.8215488215488216,1.0,0.9994000000000001,0.897,0.7927565392354124,0.9119201409277745,0.9986431191233034,0.8283333333333334,,"invalid probability output (not in [0,1])",,"invalid probability output (not in [0,1])",,0.01599999999962165,success,
elkan_noto,sar-pi0.5-scalesmall,100,{},linear,0.5,0.5,0.5,True,0,,,0.6071401177304397,,,,,0.5,0.8681318681318682,1.0,0.99905,0.8475,0.8200589970501475,0.8058252427184466,0.9991135086435743,0.8474999999999999,,"invalid probability output (not in [0,1])",,"invalid probability output (not in [0,1])",,0.03099999999994907,success,
elkan_noto,sar-pi0.5-scalesmall,101,{},linear,0.5,0.5,0.5,True,0,,,0.6919758884520564,,,,,0.5,0.8556701030927835,1.0,0.998825,0.8125,0.7692307692307693,0.8613861386138614,0.9987983905723412,0.8125,,"invalid probability output (not in [0,1])",,"invalid probability output (not in [0,1])",,0.01599999999962165,success,
elkan_noto,sar-pi0.5-scalesmall,102,{},linear,0.5,0.5,0.5,True,0,,,0.653450346570543,,,,,0.5,0.8709677419354839,1.0,0.9976750000000001,0.82,0.7804878048780488,0.8469055374592834,0.9977105894244074,0.8200000000000001,,"invalid probability output (not in [0,1])",,"invalid probability output (not in [0,1])",,0.01599999999962165,success,
elkan_noto,sar-pi0.5-scalesmall,103,{},linear,0.5,0.5,0.5,True,0,,,0.6929419139925854,,,,,0.5,0.8727272727272727,1.0,0.998525,0.8725,0.8538681948424068,0.8172413793103448,0.998548336057883,0.8725,,"invalid probability output (not in [0,1])",,"invalid probability output (not in [0,1])",,0.01599999999962165,success,
elkan_noto,sar-pi0.5-scalesmall,104,{},linear,0.5,0.5,0.5,True,0,,,0.6615731490166635,,,,,0.5,0.8613861386138614,1.0,0.999125,0.8475,0.8200589970501475,0.8260869565217391,0.9991375054788222,0.8474999999999999,,"invalid probability output (not in [0,1])",,"invalid probability output (not in [0,1])",,0.03099999999994907,success,
elkan_noto,sar-pi0.5-scalesmall,105,{},linear,0.5,0.5,0.5,True,0,,,0.6082807942813412,,,,,0.5,0.92,1.0,0.999175,0.885,0.8700564971751412,0.7933333333333333,0.9992197491197549,0.885,,"invalid probability output (not in [0,1])",,"invalid probability output (not in [0,1])",,0.032000000000152795,success,
elkan_noto,sar-pi0.5-scalesmall,106,{},linear,0.5,0.5,0.5,True,0,,,0.6358030404775948,,,,,0.5,0.8571428571428571,1.0,0.997825,0.855,0.8304093567251462,0.8079470198675497,0.997923381310233,0.855,,"invalid probability output (not in [0,1])",,"invalid probability output (not in [0,1])",,0.015000000000327418,success,
elkan_noto,sar-pi0.5-scalesmall,107,{},linear,0.5,0.5,0.5,True,0,,,0.6543004996998452,,,,,0.5,0.8131868131868132,1.0,0.999525,0.8075,0.7616099071207431,0.8414239482200647,0.9995329171015365,0.8075,,"invalid probability output (not in [0,1])",,"invalid probability output (not in [0,1])",,0.015000000000327418,success,
elkan_noto,sar-pi0.5-scalesmall,108,{},linear,0.5,0.5,0.5,True,0,,,0.6870416324726109,,,,,0.5,0.8673469387755102,1.0,0.999225,0.845,0.8165680473372781,0.8245033112582781,0.9992368220470557,0.845,,"invalid probability output (not in [0,1])",,"invalid probability output (not in [0,1])",,0.016000000000531145,success,
elkan_noto,sar-pi0.5-scalesmall,109,{},linear,0.5,0.5,0.5,True,0,,,0.6735566157142407,,,,,0.5,0.8585858585858586,1.0,0.9982249999999999,0.8275,0.7915407854984894,0.8471760797342193,0.9985445925479037,0.8275,,"invalid probability output (not in [0,1])",,"invalid probability output (not in [0,1])",,0.016000000000531145,success,
elkan_noto,sar-pi0.5-scalesmall,110,{},linear,0.5,0.5,0.5,True,0,,,0.6752512501219936,,,,,0.5,0.8666666666666667,1.0,0.9994,0.855,0.8304093567251462,0.8271186440677966,0.9994222344340487,0.855,,"invalid probability output (not in [0,1])",,"invalid probability output (not in [0,1])",,0.03099999999994907,success,
elkan_noto,sar-pi0.5-scalesmall,111,{},linear,0.5,0.5,0.5,True,0,,,0.668439949136975,,,,,0.5,0.9019607843137255,1.0,0.999425,0.87,0.8505747126436781,0.8120805369127517,0.9994376373230579,0.87,,"invalid probability output (not in [0,1])",,"invalid probability output (not in [0,1])",,0.03099999999994907,success,
elkan_noto,sar-pi0.5-scalesmall,112,{},linear,0.5,0.5,0.5,True,0,,,0.6647301670270356,,,,,0.5,0.8411214953271028,1.0,0.99895,0.8575,0.8338192419825073,0.8191126279863481,0.9989463714416202,0.8574999999999999,,"invalid probability output (not in [0,1])",,"invalid probability output (not in [0,1])",,0.01599999999962165,success,
elkan_noto,sar-pi0.5-scalesmall,113,{},linear,0.5,0.5,0.5,True,0,,,0.6404115383349553,,,,,0.5,0.8285714285714286,1.0,0.99945,0.86,0.8372093023255814,0.8067796610169492,0.9994529023917532,0.86,,"invalid probability output (not in [0,1])",,"invalid probability output (not in [0,1])",,0.014999999999417923,success,
elkan_noto,sar-pi0.5-scalesmall,114,{},linear,0.5,0.5,0.5,True,0,,,0.6769420131363119,,,,,0.5,0.8857142857142857,1.0,0.9983,0.86,0.8372093023255814,0.8271186440677966,0.9981251411328784,0.86,,"invalid probability output (not in [0,1])",,"invalid probability output (not in [0,1])",,0.01599999999962165,success,
elkan_noto,sar-pi0.5-scalesmall,115,{},linear,0.5,0.5,0.5,True,0,,,0.6510992572381715,,,,,0.5,0.8369565217391305,1.0,0.9998,0.8125,0.7692307692307693,0.8441558441558441,0.9997974410884574,0.8125,,"invalid probability output (not in [0,1])",,"invalid probability output (not in [0,1])",,0.03099999999994907,success,
elkan_noto,sar-pi0.5-scalesmall,116,{},linear,0.5,0.5,0.5,True,0,,,0.6448140871193567,,,,,0.5,0.8725490196078431,1.0,0.9988250000000001,0.8625,0.8405797101449275,0.8120805369127517,0.9989951995751113,0.8625,,"invalid probability output (not in [0,1])",,"invalid probability output (not in [0,1])",,0.03099999999994907,success,
elkan_noto,sar-pi0.5-scalesmall,117,{},linear,0.5,0.5,0.5,True,0,,,0.6402221360457115,,,,,0.5,0.8350515463917526,1.0,0.9972,0.845,0.8165680473372781,0.8118811881188119,0.9975750603599034,0.845,,"invalid probability output (not in [0,1])",,"invalid probability output (not in [0,1])",,0.03099999999994907,success,
elkan_noto,sar-pi0.5-scalesmall,118,{},linear,0.5,0.5,0.5,True,0,,,0.5978102437024531,,,,,0.5,0.8709677419354839,1.0,0.999725,0.865,0.8439306358381503,0.7882736156351792,0.999726138686712,0.865,,"invalid probability output (not in [0,1])",,"invalid probability output (not in [0,1])",,0.032000000000152795,success,
elkan_noto,sar-pi0.5-scalesmall,119,{},linear,0.5,0.5,0.5,True,0,,,0.6192126705354166,,,,,0.5,0.8723404255319149,1.0,0.9979,0.85,0.8235294117647058,0.8104575163398693,0.9982164382506111,0.85,,"invalid probability output (not in [0,1])",,"invalid probability output (not in [0,1])",,0.03099999999994907,success,
elkan_noto,sar-pi0.5-scalemid,100,{},linear,0.5,0.5,0.5,True,0,,,0.6572471082473187,,,,,0.5,0.8463114754098361,1.0,0.9989,0.8385,0.8073941562313656,0.8253968253968254,0.9989781081884913,0.8385,,"invalid probability output (not in [0,1])",,"invalid probability output (not in [0,1])",,0.03099999999994907,success,
elkan_noto,sar-pi0.5-scalemid,101,{},linear,0.5,0.5,0.5,True,0,,,0.6573764515892285,,,,,0.5,0.8285123966942148,1.0,0.9993869999999999,0.833,0.7995198079231692,0.825197889182058,0.9993831778010487,0.833,,"invalid probability output (not in [0,1])",,"invalid probability output (not in [0,1])",,0.03099999999994907,success,
elkan_noto,sar-pi0.5-scalemid,102,{},linear,0.5,0.5,0.5,True,0,,,0.6643009289669599,,,,,0.5,0.8815533980582524,1.0,0.9992,0.864,0.8425925925925926,0.8154882154882155,0.9991883393366314,0.864,,"invalid probability output (not in [0,1])",,"invalid probability output (not in [0,1])",,0.032000000000152795,success,
elkan_noto,sar-pi0.5-scalemid,103,{},linear,0.5,0.5,0.5,True,0,,,0.6560590999436124,,,,,0.5,0.8649789029535865,1.0,0.999296,0.8375,0.8059701492537313,0.8263433813892529,0.9993278743372784,0.8375,,"invalid probability output (not in [0,1])",,"invalid probability output (not in [0,1])",,0.01599999999962165,success,
elkan_noto,sar-pi0.5-scalemid,104,{},linear,0.5,0.5,0.5,True,0,,,0.6479067714175658,,,,,0.5,0.8356997971602435,1.0,0.999147,0.851,0.8249118683901293,0.807564698075647,0.9991582595716189,0.851,,"invalid probability output (not in [0,1])",,"invalid probability output (not in [0,1])",,0.032000000000152795,success,
elkan_noto,sar-pi0.5-scalemid,105,{},linear,0.5,0.5,0.5,True,0,,,0.6525156050140007,,,,,0.5,0.873015873015873,1.0,0.9992709999999999,0.861,0.8385598141695703,0.8114973262032086,0.9992624538178795,0.861,,"invalid probability output (not in [0,1])",,"invalid probability output (not in [0,1])",,0.03099999999994907,success,
elkan_noto,sar-pi0.5-scalemid,106,{},linear,0.5,0.5,0.5,True,0,,,0.6621576805726368,,,,,0.5,0.8720472440944882,1.0,0.999234,0.8575,0.8338192419825073,0.8176943699731903,0.9992408502688048,0.8574999999999999,,"invalid probability output (not in [0,1])",,"invalid probability output (not in [0,1])",,0.03099999999994907,success,
elkan_noto,sar-pi0.5-scalemid,107,{},linear,0.5,0.5,0.5,True,0,,,0.6561160876018381,,,,,0.5,0.8577319587628865,1.0,0.999193,0.839,0.8081048867699643,0.8270627062706271,0.9991879194759467,0.839,,"invalid probability output (not in [0,1])",,"invalid probability output (not in [0,1])",,0.03099999999994907,success,
elkan_noto,sar-pi0.5-scalemid,108,{},linear,0.5,0.5,0.5,True,0,,,0.6643761618652758,,,,,0.5,0.8532289628180039,1.0,0.999459,0.8545,0.8297249853715624,0.816655473472129,0.9994699167769371,0.8545,,"invalid probability output (not in [0,1])",,"invalid probability output (not in [0,1])",,0.03099999999994907,success,
elkan_noto,sar-pi0.5-scalemid,109,{},linear,0.5,0.5,0.5,True,0,,,0.6498759502434476,,,,,0.5,0.884313725490196,1.0,0.999592,0.879,0.8623435722411832,0.7939597315436242,0.9996147379537642,0.879,,"invalid probability output (not in [0,1])",,"invalid probability output (not in [0,1])",,0.01599999999962165,success,
elkan_noto,sar-pi0.5-scalemid,110,{},linear,0.5,0.5,0.5,True,0,,,0.6479209634955085,,,,,0.5,0.837160751565762,1.0,0.9993620000000001,0.837,0.8052568697729988,0.8205128205128205,0.9993769582343409,0.837,,"invalid probability output (not in [0,1])",,"invalid probability output (not in [0,1])",,0.03099999999994907,success,
elkan_noto,sar-pi0.5-scalemid,111,{},linear,0.5,0.5,0.5,True,0,,,0.6770465703767439,,,,,0.5,0.8549323017408124,1.0,0.999344,0.853,0.8276670574443142,0.8219824679703304,0.9993399124677396,0.853,,"invalid probability output (not in [0,1])",,"invalid probability output (not in [0,1])",,0.032000000000152795,success,
elkan_noto,sar-pi0.5-scalemid,112,{},linear,0.5,0.5,0.5,True,0,,,0.6667273581514862,,,,,0.5,0.8346774193548387,1.0,0.999232,0.8385,0.8073941562313656,0.8251329787234043,0.9992563811012015,0.8385,,"invalid probability output (not in [0,1])",,"invalid probability output (not in [0,1])",,0.032000000000152795,success,
elkan_noto,sar-pi0.5-scalemid,113,{},linear,0.5,0.5,0.5,True,0,,,0.6589170433936831,,,,,0.5,0.862,1.0,0.9984280000000001,0.853,0.8276670574443142,0.8166666666666667,0.9986688869225955,0.853,,"invalid probability output (not in [0,1])",,"invalid probability output (not in [0,1])",,0.03099999999994907,success,
elkan_noto,sar-pi0.5-scalemid,114,{},linear,0.5,0.5,0.5,True,0,,,0.6674546115615823,,,,,0.5,0.8697394789579158,1.0,0.99844,0.8465,0.8188790560471977,0.8261159227181879,0.9982177065534076,0.8465,,"invalid probability output (not in [0,1])",,"invalid probability output (not in [0,1])",,0.03099999999994907,success,
elkan_noto,sar-pi0.5-scalemid,115,{},linear,0.5,0.5,0.5,True,0,,,0.6636777724177898,,,,,0.5,0.852,1.0,0.999139,0.851,0.8249118683901293,0.816,0.9991627153382502,0.851,,"invalid probability output (not in [0,1])",,"invalid probability output (not in [0,1])",,0.03099999999994907,success,
elkan_noto,sar-pi0.5-scalemid,116,{},linear,0.5,0.5,0.5,True,0,,,0.6589636011353214,,,,,0.5,0.862,1.0,0.999537,0.8515,0.8256018790369936,0.8186666666666667,0.9995713877728137,0.8514999999999999,,"invalid probability output (not in [0,1])",,"invalid probability output (not in [0,1])",,0.03099999999994907,success,
elkan_noto,sar-pi0.5-scalemid,117,{},linear,0.5,0.5,0.5,True,0,,,0.6612812724420357,,,,,0.5,0.8728323699421965,1.0,0.998638,0.866,0.8452655889145496,0.8116137744767049,0.9986841090393621,0.866,,"invalid probability output (not in [0,1])",,"invalid probability output (not in [0,1])",,0.03099999999994907,success,
elkan_noto,sar-pi0.5-scalemid,118,{},linear,0.5,0.5,0.5,True,0,,,0.6670773793736616,,,,,0.5,0.8648111332007953,1.0,0.999485,0.845,0.8165680473372781,0.8296593186372746,0.9994780696387036,0.845,,"invalid probability output (not in [0,1])",,"invalid probability output (not in [0,1])",,0.03099999999994907,success,
elkan_noto,sar-pi0.5-scalemid,119,{},linear,0.5,0.5,0.5,True,0,,,0.6390638591612203,,,,,0.5,0.8469387755102041,1.0,0.999098,0.856,0.8317757009345794,0.8033112582781456,0.9991110588748582,0.856,,"invalid probability output (not in [0,1])",,"invalid probability output (not in [0,1])",,0.03099999999994907,success,
upu,scar-pi0.1-scalesmall,100,{},scar,0.1,0.5,0.5,True,0,,,,,,,,0.002362204724409442,1.0,0.6896551724137931,0.9999305555555555,0.955,0.8163265306122449,0.8976377952755905,0.999390243902439,0.975,,requires predict_proba,,requires predict_proba,,0.03099999999994907,success,
upu,scar-pi0.1-scalesmall,101,{},scar,0.1,0.5,0.5,True,0,,,,,,,,-0.0005235602094240954,1.0,0.7142857142857143,0.9991666666666666,0.96,0.8333333333333334,0.900523560209424,0.9919733678659919,0.9777777777777779,,requires predict_proba,,requires predict_proba,,0.01599999999962165,success,
upu,scar-pi0.1-scalesmall,102,{},scar,0.1,0.5,0.5,True,0,,,,,,,,0.009787661766553574,0.9523809523809523,0.6568144499178982,0.9934027777777779,0.945,0.7755102040816326,0.899736147757256,0.9639214300061824,0.9472222222222222,,requires predict_proba,,requires predict_proba,,0.014999999999417923,success,
upu,scar-pi0.1-scalesmall,103,{},scar,0.1,0.5,0.5,True,0,,,,,,,,-0.0013333333333333391,1.0,0.6451612903225807,0.9979166666666667,0.945,0.7843137254901961,0.9013333333333333,0.9844528304042782,0.9694444444444444,,requires predict_proba,,requires predict_proba,,0.01599999999962165,success,
upu,scar-pi0.1-scalesmall,104,{},scar,0.1,0.5,0.5,True,0,,,,,,,,-0.0013333333333333391,1.0,0.6451612903225807,1.0,0.945,0.7843137254901961,0.9013333333333333,1.0,0.9694444444444444,,requires predict_proba,,requires predict_proba,,0.03099999999994907,success,
upu,scar-pi0.1-scalesmall,105,{},scar,0.1,0.5,0.5,True,0,,,,,,,,-0.0013333333333333391,1.0,0.6451612903225807,0.9995833333333334,0.945,0.7843137254901961,0.9013333333333333,0.9965972222222221,0.9694444444444444,,requires predict_proba,,requires predict_proba,,0.01599999999962165,success,
upu,scar-pi0.1-scalesmall,106,{},scar,0.1,0.5,0.5,True,0,,,,,,,,0.0,1.0,0.6896551724137931,0.9984027777777778,0.955,0.8163265306122449,0.9,0.987630780692885,0.975,,requires predict_proba,,requires predict_proba,,0.03099999999994907,success,
upu,scar-pi0.1-scalesmall,107,{},scar,0.1,0.5,0.5,True,0,,,,,,,,0.002094240837696326,1.0,0.7017543859649124,0.9980555555555556,0.9575,0.8247422680412371,0.8979057591623036,0.9846677290662874,0.9763888888888889,,requires predict_proba,,requires predict_proba,,0.016000000000531145,success,
upu,scar-pi0.1-scalesmall,108,{},scar,0.1,0.5,0.5,True,0,,,,,,,,0.000529100529100518,1.0,0.6666666666666667,0.9995833333333334,0.95,0.8,0.8994708994708994,0.9964612470862471,0.9722222222222222,,requires predict_proba,,requires predict_proba,,0.015000000000327418,success,
upu,scar-pi0.1-scalesmall,109,{},scar,0.1,0.5,0.5,True,0,,,,,,,,0.010981416065120556,0.9411764705882353,0.6971677559912853,0.9927083333333333,0.96,0.8297872340425532,0.9007832898172323,0.9813194444444444,0.9666666666666667,,requires predict_proba,,requires predict_proba,,0.015000000000327418,success,
upu,scar-pi0.1-scalesmall,110,{},scar,0.1,0.5,0.5,True,0,,,,,,,,-0.0032258064516129115,1.0,0.625,1.0,0.94,0.7692307692307693,0.9032258064516129,1.0,0.9666666666666667,,requires predict_proba,,requires predict_proba,,0.01599999999962165,success,
upu,scar-pi0.1-scalesmall,111,{},scar,0.1,0.5,0.5,True,0,,,,,,,,-0.0002624671916010568,1.0,0.7017543859649124,0.9994444444444445,0.9575,0.8247422680412371,0.9002624671916011,0.9948011975972502,0.9763888888888889,,requires predict_proba,,requires predict_proba,,0.014999999999417923,success,
upu,scar-pi0.1-scalesmall,112,{},scar,0.1,0.5,0.5,True,0,,,,,,,,0.0013333333333333253,1.0,0.634920634920635,0.9984027777777778,0.9425,0.7766990291262136,0.8986666666666666,0.9876850599833079,0.9680555555555556,,requires predict_proba,,requires predict_proba,,0.01599999999962165,success,
upu,scar-pi0.1-scalesmall,113,{},scar,0.1,0.5,0.5,True,0,,,,,,,,-0.0021164021164021274,1.0,0.6779661016949153,0.9995833333333333,0.9525,0.8080808080808081,0.9021164021164021,0.9967391304347826,0.9736111111111111,,requires predict_proba,,requires predict_proba,,0.01599999999962165,success,
upu,scar-pi0.1-scalesmall,114,{},scar,0.1,0.5,0.5,True,0,,,,,,,,-0.0002624671916010568,1.0,0.7017543859649124,0.9992361111111111,0.9575,0.8247422680412371,0.9002624671916011,0.9925270777220274,0.9763888888888889,,requires predict_proba,,requires predict_proba,,0.015000000000327418,success,
upu,scar-pi0.1-scalesmall,115,{},scar,0.1,0.5,0.5,True,0,,,,,,,,-0.0007832898172323854,1.0,0.7272727272727273,0.9989583333333334,0.9625,0.8421052631578947,0.9007832898172323,0.9924450549450549,0.9791666666666667,,requires predict_proba,,requires predict_proba,,0.03099999999994907,success,
upu,scar-pi0.1-scalesmall,116,{},scar,0.1,0.5,0.5,True,0,,,,,,,,0.0007957559681697618,1.0,0.6557377049180328,0.9997916666666666,0.9475,0.7920792079207921,0.8992042440318302,0.9981242182614134,0.9708333333333333,,requires predict_proba,,requires predict_proba,,0.032000000000152795,success,
upu,scar-pi0.1-scalesmall,117,{},scar,0.1,0.5,0.5,True,0,,,,,,,,-0.0028871391076115555,1.0,0.7142857142857143,0.9989583333333334,0.96,0.8333333333333334,0.9028871391076115,0.9923702313946215,0.9777777777777779,,requires predict_proba,,requires predict_proba,,0.015000000000327418,success,
upu,scar-pi0.1-scalesmall,118,{},scar,0.1,0.5,0.5,True,0,,,,,,,,0.0,1.0,0.6896551724137931,0.9999305555555555,0.955,0.8163265306122449,0.9,0.999390243902439,0.975,,requires predict_proba,,requires predict_proba,,0.03099999999994907,success,
upu,scar-pi0.1-scalesmall,119,{},scar,0.1,0.5,0.5,True,0,,,,,,,,0.0012987012987012991,1.0,0.7407407407407407,0.9999305555555555,0.965,0.851063829787234,0.8987012987012987,0.999390243902439,0.9805555555555556,,requires predict_proba,,requires predict_proba,,0.016000000000531145,success,
upu,scar-pi0.1-scalemid,100,{},scar,0.1,0.5,0.5,True,0,,,,,,,,0.00021097046413501297,1.0,0.6802721088435375,0.9991194444444444,0.953,0.8097165991902834,0.8997890295358649,0.9934415570922003,0.9738888888888889,,requires predict_proba,,requires predict_proba,,0.03099999999994907,success,
upu,scar-pi0.1-scalemid,101,{},scar,0.1,0.5,0.5,True,0,,,,,,,,-0.00031479538300105414,1.0,0.7042253521126761,0.9993277777777778,0.957,0.8223140495867769,0.9003147953830011,0.9953631655824046,0.9738888888888888,,requires predict_proba,,requires predict_proba,,0.015000000000327418,success,
upu,scar-pi0.1-scalemid,102,{},scar,0.1,0.5,0.5,True,0,,,,,,,,0.0007383966244725731,1.0,0.6779661016949153,0.999488888888889,0.9525,0.8080808080808081,0.8992616033755274,0.9955367489938134,0.9736111111111111,,requires predict_proba,,requires predict_proba,,0.015000000000327418,success,
upu,scar-pi0.1-scalemid,103,{},scar,0.1,0.5,0.5,True,0,,,,,,,,0.0023108010421164366,0.9908256880733946,0.6649836832707346,0.9988833333333333,0.95,0.7991967871485943,0.8995240613432046,0.9947815572438887,0.97,,requires predict_proba,,requires predict_proba,,0.01599999999962165,success,
upu,scar-pi0.1-scalemid,104,{},scar,0.1,0.5,0.5,True,0,,,,,,,,0.0015727438827786294,0.9902912621359223,0.6806125512961666,0.9988444444444444,0.9525,0.8065173116089613,0.9003690036900369,0.9922360148262205,0.9691666666666667,,requires predict_proba,,requires predict_proba,,0.0,success,
upu,scar-pi0.1-scalemid,105,{},scar,0.1,0.5,0.5,True,0,,,,,,,,0.0008886565603763719,1.0,0.7142857142857143,0.9992,0.96,0.8333333333333334,0.8991113434396236,0.9935596682179831,0.9777777777777779,,requires predict_proba,,requires predict_proba,,0.016000000000531145,success,
upu,scar-pi0.1-scalemid,106,{},scar,0.1,0.5,0.5,True,0,,,,,,,,0.0,1.0,0.6493506493506493,0.9991527777777778,0.946,0.7874015748031497,0.9,0.992730562714498,0.97,,requires predict_proba,,requires predict_proba,,0.015000000000327418,success,
upu,scar-pi0.1-scalemid,107,{},scar,0.1,0.5,0.5,True,0,,,,,,,,0.0003167898627243898,1.0,0.6756756756756758,0.9990055555555556,0.951,0.8024193548387096,0.8996832101372756,0.9922288102540683,0.9705555555555556,,requires predict_proba,,requires predict_proba,,0.01599999999962165,success,
upu,scar-pi0.1-scalemid,108,{},scar,0.1,0.5,0.5,True,0,,,,,,,,0.0006816990036706827,1.0,0.7017543859649124,0.9995083333333333,0.9575,0.8247422680412371,0.8993183009963294,0.9959717970940906,0.9763888888888889,,requires predict_proba,,requires predict_proba,,0.01599999999962165,success,
upu,scar-pi0.1-scalemid,109,{},scar,0.1,0.5,0.5,True,0,,,,,,,,0.002238942291077295,0.9906542056074766,0.6693609497347816,0.9986333333333334,0.951,0.8024193548387096,0.8996302165874274,0.992378482168101,0.9705555555555556,,requires predict_proba,,requires predict_proba,,0.03099999999994907,success,
upu,scar-pi0.1-scalemid,110,{},scar,0.1,0.5,0.5,True,0,,,,,,,,0.0016192896756012931,0.9885057471264368,0.7163085124104615,0.9987027777777778,0.961,0.8361344537815126,0.9006795608991114,0.9928763532957462,0.9761111111111112,,requires predict_proba,,requires predict_proba,,0.016000000000531145,success,
upu,scar-pi0.1-scalemid,111,{},scar,0.1,0.5,0.5,True,0,,,,,,,,0.0013192612137203075,1.0,0.6734006734006734,0.999475,0.9515,0.8048289738430584,0.8986807387862796,0.9953546423478778,0.9730555555555556,,requires predict_proba,,requires predict_proba,,0.015000000000327418,success,
upu,scar-pi0.1-scalemid,112,{},scar,0.1,0.5,0.5,True,0,,,,,,,,0.0005792522380200088,1.0,0.6849315068493151,0.9996416666666667,0.954,0.8130081300813008,0.89942074776198,0.9970067123123121,0.9744444444444444,,requires predict_proba,,requires predict_proba,,0.03099999999994907,success,
upu,scar-pi0.1-scalemid,113,{},scar,0.1,0.5,0.5,True,0,,,,,,,,0.00015814443858723493,1.0,0.6825938566552902,0.9990638888888889,0.9535,0.8113590263691683,0.8998418555614127,0.9925736452308537,0.9741666666666666,,requires predict_proba,,requires predict_proba,,0.01599999999962165,success,
upu,scar-pi0.1-scalemid,114,{},scar,0.1,0.5,0.5,True,0,,,,,,,,0.0003717472118959092,1.0,0.6535947712418301,0.9990472222222222,0.947,0.7905138339920948,0.8996282527881041,0.9911618147493862,0.9705555555555556,,requires predict_proba,,requires predict_proba,,0.014999999999417923,success,
upu,scar-pi0.1-scalemid,115,{},scar,0.1,0.5,0.5,True,0,,,,,,,,-0.00015847860538828473,1.0,0.6756756756756758,0.9994999999999999,0.952,0.8064516129032258,0.9001584786053882,0.995815537507164,0.9733333333333334,,requires predict_proba,,requires predict_proba,,0.016000000000531145,success,
upu,scar-pi0.1-scalemid,116,{},scar,0.1,0.5,0.5,True,0,,,,,,,,0.0004734350341925181,1.0,0.6896551724137931,0.999788888888889,0.955,0.8163265306122449,0.8995265649658075,0.9981413780414098,0.975,,requires predict_proba,,requires predict_proba,,0.015000000000327418,success,
upu,scar-pi0.1-scalemid,117,{},scar,0.1,0.5,0.5,True,0,,,,,,,,0.00036784025223331185,1.0,0.6944444444444445,0.9995333333333333,0.956,0.819672131147541,0.8996321597477667,0.9961716277246981,0.9755555555555555,,requires predict_proba,,requires predict_proba,,0.01599999999962165,success,
upu,scar-pi0.1-scalemid,118,{},scar,0.1,0.5,0.5,True,0,,,,,,,,0.0012124406958355233,1.0,0.6779661016949153,0.9997583333333333,0.9525,0.8080808080808081,0.8987875593041644,0.9978138067838034,0.9736111111111111,,requires predict_proba,,requires predict_proba,,0.01599999999962165,success,
upu,scar-pi0.1-scalemid,119,{},scar,0.1,0.5,0.5,True,0,,,,,,,,-0.0002624671916010568,1.0,0.7017543859649124,0.9990722222222221,0.9565,0.8206185567010309,0.9002624671916011,0.9936361992445415,0.9736111111111111,,requires predict_proba,,requires predict_proba,,0.014999999999417923,success,
upu,scar-pi0.3-scalesmall,100,{},scar,0.3,0.5,0.5,True,0,,,,,,,,0.001169590643274876,1.0,0.7453416149068323,0.9999404761904762,0.8975,0.8540925266903915,0.6988304093567251,0.999863387978142,0.9267857142857143,,requires predict_proba,,requires predict_proba,,0.016000000000531145,success,
upu,scar-pi0.3-scalesmall,101,{},scar,0.3,0.5,0.5,True,0,,,,,,,,0.0,1.0,0.7407407407407407,0.9994047619047619,0.895,0.851063829787234,0.7,0.9985893643364799,0.925,,requires predict_proba,,requires predict_proba,,0.015000000000327418,success,
upu,scar-pi0.3-scalesmall,102,{},scar,0.3,0.5,0.5,True,0,,,,,,,,0.0014492753623188692,1.0,0.7547169811320754,0.998095238095238,0.9025,0.8602150537634409,0.6985507246376812,0.996195252198219,0.9303571428571429,,requires predict_proba,,requires predict_proba,,0.03099999999994907,success,
upu,scar-pi0.3-scalesmall,103,{},scar,0.3,0.5,0.5,True,0,,,,,,,,0.002114803625377637,1.0,0.7100591715976331,0.9986904761904762,0.8775,0.8304498269896193,0.6978851963746223,0.9970591847474113,0.9125,,requires predict_proba,,requires predict_proba,,0.032000000000152795,success,
upu,scar-pi0.3-scalesmall,104,{},scar,0.3,0.5,0.5,True,0,,,,,,,,-0.0014925373134328512,1.0,0.7272727272727273,0.9997916666666667,0.8875,0.8421052631578947,0.7014925373134329,0.9995218019234883,0.9196428571428572,,requires predict_proba,,requires predict_proba,,0.014999999999417923,success,
upu,scar-pi0.3-scalesmall,105,{},scar,0.3,0.5,0.5,True,0,,,,,,,,0.0,1.0,0.7407407407407407,0.9994047619047619,0.895,0.851063829787234,0.7,0.9986966420098322,0.925,,requires predict_proba,,requires predict_proba,,0.01599999999962165,success,
upu,scar-pi0.3-scalesmall,106,{},scar,0.3,0.5,0.5,True,0,,,,,,,,0.0017751479289940808,1.0,0.7317073170731707,0.9980059523809524,0.89,0.8450704225352113,0.6982248520710059,0.9957766304320306,0.9214285714285715,,requires predict_proba,,requires predict_proba,,0.03099999999994907,success,
upu,scar-pi0.3-scalesmall,107,{},scar,0.3,0.5,0.5,True,0,,,,,,,,-0.0017045454545454586,1.0,0.7843137254901961,0.9995238095238095,0.9175,0.8791208791208791,0.7017045454545454,0.9989259415640002,0.9410714285714286,,requires predict_proba,,requires predict_proba,,0.03099999999994907,success,
upu,scar-pi0.3-scalesmall,108,{},scar,0.3,0.5,0.5,True,0,,,,,,,,0.0017241379310344862,1.0,0.7643312101910827,0.999077380952381,0.9075,0.8664259927797834,0.6982758620689655,0.9979650196413852,0.9339285714285714,,requires predict_proba,,requires predict_proba,,0.016000000000531145,success,
upu,scar-pi0.3-scalesmall,109,{},scar,0.3,0.5,0.5,True,0,,,,,,,,0.009255524180897312,0.9850746268656716,0.7121021399028952,0.9972321428571428,0.88,0.8321678321678322,0.6996996996996997,0.9959913393039681,0.911904761904762,,requires predict_proba,,requires predict_proba,,0.032000000000152795,success,
upu,scar-pi0.3-scalesmall,110,{},scar,0.3,0.5,0.5,True,0,,,,,,,,-0.0002967359050444762,1.0,0.7317073170731707,0.9986011904761904,0.89,0.8450704225352113,0.7002967359050445,0.997092078079334,0.9214285714285715,,requires predict_proba,,requires predict_proba,,0.015000000000327418,success,
upu,scar-pi0.3-scalesmall,111,{},scar,0.3,0.5,0.5,True,0,,,,,,,,0.0,1.0,0.7407407407407407,0.9986904761904762,0.895,0.851063829787234,0.7,0.9969802996469528,0.925,,requires predict_proba,,requires predict_proba,,0.015000000000327418,success,
upu,scar-pi0.3-scalesmall,112,{},scar,0.3,0.5,0.5,True,0,,,,,,,,0.0017751479289940808,1.0,0.7317073170731707,0.9985714285714286,0.89,0.8450704225352113,0.6982248520710059,0.9966248368715884,0.9214285714285715,,requires predict_proba,,requires predict_proba,,0.016000000000531145,success,
upu,scar-pi0.3-scalesmall,113,{},scar,0.3,0.5,0.5,True,0,,,,,,,,0.0,1.0,0.7100591715976331,0.9997321428571428,0.8775,0.8304498269896193,0.7,0.9993900367309458,0.9125,,requires predict_proba,,requires predict_proba,,0.032000000000152795,success,
upu,scar-pi0.3-scalesmall,114,{},scar,0.3,0.5,0.5,True,0,,,,,,,,0.0002915451895043608,1.0,0.7499999999999999,0.9982440476190476,0.9,0.8571428571428571,0.6997084548104956,0.9956173834322378,0.9285714285714286,,requires predict_proba,,requires predict_proba,,0.03099999999994907,success,
upu,scar-pi0.3-scalesmall,115,{},scar,0.3,0.5,0.5,True,0,,,,,,,,-0.0002881844380403509,1.0,0.7643312101910827,0.9995833333333334,0.9075,0.8664259927797834,0.7002881844380403,0.999046900019547,0.9339285714285714,,requires predict_proba,,requires predict_proba,,0.03099999999994907,success,
upu,scar-pi0.3-scalesmall,116,{},scar,0.3,0.5,0.5,True,0,,,,,,,,-0.0002967359050444762,1.0,0.7317073170731707,0.9999107142857143,0.89,0.8450704225352113,0.7002967359050445,0.9997967479674796,0.9214285714285715,,requires predict_proba,,requires predict_proba,,0.016000000000531145,success,
upu,scar-pi0.3-scalesmall,117,{},scar,0.3,0.5,0.5,True,0,,,,,,,,0.002395209580838331,1.0,0.718562874251497,0.9993452380952381,0.8825,0.8362369337979094,0.6976047904191617,0.9985180660108828,0.9160714285714286,,requires predict_proba,,requires predict_proba,,0.03099999999994907,success,
upu,scar-pi0.3-scalesmall,118,{},scar,0.3,0.5,0.5,True,0,,,,,,,,-0.0023121387283236983,1.0,0.7643312101910827,0.9996726190476191,0.9075,0.8664259927797834,0.7023121387283237,0.999232461536118,0.9339285714285714,,requires predict_proba,,requires predict_proba,,0.015000000000327418,success,
upu,scar-pi0.3-scalesmall,119,{},scar,0.3,0.5,0.5,True,0,,,,,,,,-0.0005813953488372214,1.0,0.7547169811320754,0.9996130952380953,0.9025,0.8602150537634409,0.7005813953488372,0.9991729797979798,0.9303571428571429,,requires predict_proba,,requires predict_proba,,0.01599999999962165,success,
upu,scar-pi0.3-scalemid,100,{},scar,0.3,0.5,0.5,True,0,,,,,,,,-0.0004716981132075193,1.0,0.7389162561576353,0.9988023809523809,0.893,0.8484419263456091,0.7004716981132075,0.9976975563500593,0.9230952380952381,,requires predict_proba,,requires predict_proba,,0.01599999999962165,success,
upu,scar-pi0.3-scalemid,101,{},scar,0.3,0.5,0.5,True,0,,,,,,,,0.0006384213580963305,1.0,0.7547169811320754,0.9995464285714286,0.9025,0.8602150537634409,0.6993615786419036,0.9989696197282588,0.9303571428571429,,requires predict_proba,,requires predict_proba,,0.03099999999994907,success,
upu,scar-pi0.3-scalemid,102,{},scar,0.3,0.5,0.5,True,0,,,,,,,,0.00047505938242281553,1.0,0.7299270072992701,0.999347619047619,0.889,0.8438818565400844,0.6995249406175772,0.9985069726025482,0.9207142857142857,,requires predict_proba,,requires predict_proba,,0.016000000000531145,success,
upu,scar-pi0.3-scalemid,103,{},scar,0.3,0.5,0.5,True,0,,,,,,,,0.002316978193146413,0.9965277777777778,0.7464627548897211,0.9993261904761905,0.8985,0.8551034975017845,0.6997663551401869,0.9986600188656475,0.9270238095238095,,requires predict_proba,,requires predict_proba,,0.015000000000327418,success,
upu,scar-pi0.3-scalemid,104,{},scar,0.3,0.5,0.5,True,0,,,,,,,,0.0006497341996455908,1.0,0.7352941176470589,0.9990940476190476,0.892,0.847457627118644,0.6993502658003544,0.9979379094101286,0.9228571428571428,,requires predict_proba,,requires predict_proba,,0.015000000000327418,success,
upu,scar-pi0.3-scalemid,105,{},scar,0.3,0.5,0.5,True,0,,,,,,,,-0.00023419203747071515,1.0,0.7462686567164178,0.9994904761904762,0.898,0.8547008547008547,0.7002341920374707,0.9988362671947963,0.9271428571428572,,requires predict_proba,,requires predict_proba,,0.01599999999962165,success,
upu,scar-pi0.3-scalemid,106,{},scar,0.3,0.5,0.5,True,0,,,,,,,,-0.000414446417998815,1.0,0.7343941248470013,0.9988142857142857,0.8915,0.8468595624558928,0.7004144464179988,0.9972952755718452,0.9225,,requires predict_proba,,requires predict_proba,,0.014999999999417923,success,
upu,scar-pi0.3-scalemid,107,{},scar,0.3,0.5,0.5,True,0,,,,,,,,5.8377116170460486e-05,1.0,0.749063670411985,0.9992047619047619,0.8995,0.8565310492505354,0.6999416228838296,0.9982344706847484,0.9282142857142857,,requires predict_proba,,requires predict_proba,,0.01599999999962165,success,
upu,scar-pi0.3-scalemid,108,{},scar,0.3,0.5,0.5,True,0,,,,,,,,0.0004115226337448874,1.0,0.7407407407407407,0.9994023809523809,0.895,0.851063829787234,0.6995884773662552,0.9986959847314397,0.925,,requires predict_proba,,requires predict_proba,,0.01599999999962165,success,
upu,scar-pi0.3-scalemid,109,{},scar,0.3,0.5,0.5,True,0,,,,,,,,0.00011862396204032066,1.0,0.7317073170731707,0.9992702380952381,0.89,0.8450704225352113,0.6998813760379596,0.9984711286457475,0.9214285714285715,,requires predict_proba,,requires predict_proba,,0.03099999999994907,success,
upu,scar-pi0.3-scalemid,110,{},scar,0.3,0.5,0.5,True,0,,,,,,,,0.0004667444574095736,1.0,0.749063670411985,0.9991261904761904,0.8995,0.8565310492505354,0.6995332555425904,0.9981409435282931,0.9282142857142857,,requires predict_proba,,requires predict_proba,,0.014999999999417923,success,
upu,scar-pi0.3-scalemid,111,{},scar,0.3,0.5,0.5,True,0,,,,,,,,0.00040911747516075847,1.0,0.74719800747198,0.99955,0.8985,0.8553100498930862,0.6995908825248393,0.9989537551173714,0.9275,,requires predict_proba,,requires predict_proba,,0.01599999999962165,success,
upu,scar-pi0.3-scalemid,112,{},scar,0.3,0.5,0.5,True,0,,,,,,,,-0.0005882352941176117,1.0,0.7416563658838071,0.999495238095238,0.8955,0.8516678495386799,0.7005882352941176,0.998912624418266,0.9253571428571429,,requires predict_proba,,requires predict_proba,,0.03099999999994907,success,
upu,scar-pi0.3-scalemid,113,{},scar,0.3,0.5,0.5,True,0,,,,,,,,-0.00017740981667652145,1.0,0.7352941176470589,0.9992619047619048,0.892,0.847457627118644,0.7001774098166765,0.9982702694931911,0.9228571428571428,,requires predict_proba,,requires predict_proba,,0.03099999999994907,success,
upu,scar-pi0.3-scalemid,114,{},scar,0.3,0.5,0.5,True,0,,,,,,,,-5.963029218841731e-05,1.0,0.7263922518159807,0.9988702380952381,0.887,0.8415147265077139,0.7000596302921884,0.9972154831929838,0.9192857142857143,,requires predict_proba,,requires predict_proba,,0.03099999999994907,success,
upu,scar-pi0.3-scalemid,115,{},scar,0.3,0.5,0.5,True,0,,,,,,,,0.00035545023696681444,1.0,0.7326007326007327,0.9992130952380953,0.8905,0.8456659619450317,0.6996445497630331,0.99828022249073,0.9217857142857142,,requires predict_proba,,requires predict_proba,,0.016000000000531145,success,
upu,scar-pi0.3-scalemid,116,{},scar,0.3,0.5,0.5,True,0,,,,,,,,-5.892751915143046e-05,1.0,0.7389162561576353,0.9997642857142858,0.894,0.8498583569405099,0.7000589275191514,0.9994416514394928,0.9242857142857143,,requires predict_proba,,requires predict_proba,,0.015000000000327418,success,
upu,scar-pi0.3-scalemid,117,{},scar,0.3,0.5,0.5,True,0,,,,,,,,0.0011196228638774564,1.0,0.7371007371007371,0.9992369047619047,0.893,0.8486562942008486,0.6988803771361226,0.998211158715745,0.9235714285714286,,requires predict_proba,,requires predict_proba,,0.015000000000327418,success,
upu,scar-pi0.3-scalemid,118,{},scar,0.3,0.5,0.5,True,0,,,,,,,,0.0004139562389118834,1.0,0.7343941248470013,0.9996559523809524,0.8915,0.8468595624558928,0.6995860437610881,0.9991982733545066,0.9225,,requires predict_proba,,requires predict_proba,,0.016000000000531145,success,
upu,scar-pi0.3-scalemid,119,{},scar,0.3,0.5,0.5,True,0,,,,,,,,-0.0001753360607831822,1.0,0.7481296758104737,0.9993964285714285,0.899,0.8559201141226819,0.7001753360607832,0.9986447883448898,0.9278571428571429,,requires predict_proba,,requires predict_proba,,0.016000000000531145,success,
upu,scar-pi0.5-scalesmall,100,{},scar,0.5,0.5,0.5,True,0,,,,,,,,-0.0016286644951140072,1.0,0.8130081300813008,0.999375,0.885,0.8968609865470852,0.501628664495114,0.9994198685822475,0.885,,requires predict_proba,,requires predict_proba,,0.015000000000327418,success,
upu,scar-pi0.5-scalesmall,101,{},scar,0.5,0.5,0.5,True,0,,,,,,,,-0.0016501650165016701,1.0,0.8064516129032259,0.9988999999999999,0.88,0.8928571428571429,0.5016501650165016,0.9988980888193221,0.88,,requires predict_proba,,requires predict_proba,,0.015000000000327418,success,
upu,scar-pi0.5-scalesmall,102,{},scar,0.5,0.5,0.5,True,0,,,,,,,,-0.0016611295681063232,1.0,0.8032128514056224,0.997425,0.8775,0.89086859688196,0.5016611295681063,0.9975419873332001,0.8775,,requires predict_proba,,requires predict_proba,,0.032000000000152795,success,
upu,scar-pi0.5-scalesmall,103,{},scar,0.5,0.5,0.5,True,0,,,,,,,,-0.0017064846416382506,1.0,0.790513833992095,0.998775,0.8675,0.8830022075055187,0.5017064846416383,0.9987851946625567,0.8674999999999999,,requires predict_proba,,requires predict_proba,,0.03099999999994907,success,
upu,scar-pi0.5-scalesmall,104,{},scar,0.5,0.5,0.5,True,0,,,,,,,,0.0,1.0,0.7936507936507936,0.9993249999999999,0.87,0.8849557522123894,0.5,0.999339760628806,0.87,,requires predict_proba,,requires predict_proba,,0.015000000000327418,success,
upu,scar-pi0.5-scalesmall,105,{},scar,0.5,0.5,0.5,True,0,,,,,,,,0.0016722408026755842,1.0,0.7968127490039841,0.99945,0.8725,0.8869179600886918,0.4983277591973244,0.9994653223517852,0.8725,,requires predict_proba,,requires predict_proba,,0.01599999999962165,success,
upu,scar-pi0.5-scalesmall,106,{},scar,0.5,0.5,0.5,True,0,,,,,,,,-0.0016393442622950616,1.0,0.8097165991902834,0.997675,0.8825,0.8948545861297539,0.5016393442622951,0.9977795971771187,0.8825000000000001,,requires predict_proba,,requires predict_proba,,0.01599999999962165,success,
upu,scar-pi0.5-scalesmall,107,{},scar,0.5,0.5,0.5,True,0,,,,,,,,0.0015673981191222097,1.0,0.8298755186721991,0.99965,0.8975,0.9070294784580499,0.49843260188087773,0.9996492945561014,0.8975,,requires predict_proba,,requires predict_proba,,0.014999999999417923,success,
upu,scar-pi0.5-scalesmall,108,{},scar,0.5,0.5,0.5,True,0,,,,,,,,-0.0016286644951140072,1.0,0.8130081300813008,0.9993,0.885,0.8968609865470852,0.501628664495114,0.9993114612983248,0.885,,requires predict_proba,,requires predict_proba,,0.016000000000531145,success,
upu,scar-pi0.5-scalesmall,109,{},scar,0.5,0.5,0.5,True,0,,,,,,,,0.011392239547579397,0.9902912621359223,0.7890767028971494,0.998275,0.8675,0.8824833702882483,0.4983164983164983,0.9986738336618793,0.8674999999999999,,requires predict_proba,,requires predict_proba,,0.03099999999994907,success,
upu,scar-pi0.5-scalesmall,110,{},scar,0.5,0.5,0.5,True,0,,,,,,,,0.0016835016835017313,1.0,0.7936507936507936,0.9993,0.87,0.8849557522123894,0.4983164983164983,0.9993316729204624,0.87,,requires predict_proba,,requires predict_proba,,0.03099999999994907,success,
upu,scar-pi0.5-scalesmall,111,{},scar,0.5,0.5,0.5,True,0,,,,,,,,-0.003333333333333355,1.0,0.8032128514056224,0.99945,0.8775,0.89086859688196,0.5033333333333333,0.9994671606076115,0.8775,,requires predict_proba,,requires predict_proba,,0.016000000000531145,success,
upu,scar-pi0.5-scalesmall,112,{},scar,0.5,0.5,0.5,True,0,,,,,,,,-0.0016611295681063232,1.0,0.8032128514056224,0.9992,0.8775,0.89086859688196,0.5016611295681063,0.9991949866310882,0.8775,,requires predict_proba,,requires predict_proba,,0.016000000000531145,success,
upu,scar-pi0.5-scalesmall,113,{},scar,0.5,0.5,0.5,True,0,,,,,,,,0.0,1.0,0.7874015748031495,0.9999,0.865,0.8810572687224669,0.5,0.9999011083743842,0.865,,requires predict_proba,,requires predict_proba,,0.015000000000327418,success,
upu,scar-pi0.5-scalesmall,114,{},scar,0.5,0.5,0.5,True,0,,,,,,,,0.0,1.0,0.7968127490039841,0.9985999999999999,0.8725,0.8869179600886918,0.5,0.9984588075551701,0.8725,,requires predict_proba,,requires predict_proba,,0.03099999999994907,success,
upu,scar-pi0.5-scalesmall,115,{},scar,0.5,0.5,0.5,True,0,,,,,,,,0.0016393442622950616,1.0,0.8064516129032259,0.999775,0.88,0.8928571428571429,0.49836065573770494,0.999771534352706,0.88,,requires predict_proba,,requires predict_proba,,0.016000000000531145,success,
upu,scar-pi0.5-scalesmall,116,{},scar,0.5,0.5,0.5,True,0,,,,,,,,-0.0016949152542372614,1.0,0.7936507936507936,0.99905,0.87,0.8849557522123894,0.5016949152542373,0.9991692964739544,0.87,,requires predict_proba,,requires predict_proba,,0.016000000000531145,success,
upu,scar-pi0.5-scalesmall,117,{},scar,0.5,0.5,0.5,True,0,,,,,,,,0.0016611295681062677,1.0,0.8,0.998525,0.875,0.8888888888888888,0.4983388704318937,0.9986418123572859,0.875,,requires predict_proba,,requires predict_proba,,0.015000000000327418,success,
upu,scar-pi0.5-scalesmall,118,{},scar,0.5,0.5,0.5,True,0,,,,,,,,0.0032467532467532756,1.0,0.8097165991902834,0.9998,0.8825,0.8948545861297539,0.4967532467532468,0.9997998393062494,0.8825000000000001,,requires predict_proba,,requires predict_proba,,0.015000000000327418,success,
upu,scar-pi0.5-scalesmall,119,{},scar,0.5,0.5,0.5,True,0,,,,,,,,0.0,1.0,0.8230452674897119,0.9985499999999999,0.8925,0.9029345372460497,0.5,0.9986866487815167,0.8925000000000001,,requires predict_proba,,requires predict_proba,,0.03099999999994907,success,
upu,scar-pi0.5-scalemid,100,{},scar,0.5,0.5,0.5,True,0,,,,,,,,0.0,1.0,0.8045052292839903,0.998912,0.8775,0.8907712884529648,0.5,0.998994275446973,0.8775,,requires predict_proba,,requires predict_proba,,0.032000000000152795,success,
upu,scar-pi0.5-scalemid,101,{},scar,0.5,0.5,0.5,True,0,,,,,,,,-0.0006527415143602888,1.0,0.8110300081103,0.9994259999999999,0.8835,0.8956560680698612,0.5006527415143603,0.999424570212515,0.8835,,requires predict_proba,,requires predict_proba,,0.015000000000327418,success,
upu,scar-pi0.5-scalemid,102,{},scar,0.5,0.5,0.5,True,0,,,,,,,,0.0,1.0,0.794912559618442,0.999266,0.871,0.8857395925597874,0.5,0.9992582518448664,0.871,,requires predict_proba,,requires predict_proba,,0.015000000000327418,success,
upu,scar-pi0.5-scalemid,103,{},scar,0.5,0.5,0.5,True,0,,,,,,,,0.0003295978905735186,1.0,0.8051529790660226,0.99938,0.879,0.8920606601248885,0.4996704021094265,0.9994083463691998,0.879,,requires predict_proba,,requires predict_proba,,0.016000000000531145,success,
upu,scar-pi0.5-scalemid,104,{},scar,0.5,0.5,0.5,True,0,,,,,,,,0.001006036217303774,1.0,0.7961783439490446,0.999173,0.872,0.8865248226950354,0.49899396378269617,0.9991810595580095,0.872,,requires predict_proba,,requires predict_proba,,0.016000000000531145,success,
upu,scar-pi0.5-scalemid,105,{},scar,0.5,0.5,0.5,True,0,,,,,,,,0.00033355570380255717,1.0,0.7993605115907275,0.999295,0.8745,0.8884940026654821,0.49966644429619744,0.999293788863066,0.8745,,requires predict_proba,,requires predict_proba,,0.015000000000327418,success,
upu,scar-pi0.5-scalemid,106,{},scar,0.5,0.5,0.5,True,0,,,,,,,,-0.000335795836131636,1.0,0.7968127490039841,0.999303,0.8725,0.8869179600886918,0.5003357958361316,0.9993053920721396,0.8725,,requires predict_proba,,requires predict_proba,,0.03099999999994907,success,
upu,scar-pi0.5-scalemid,107,{},scar,0.5,0.5,0.5,True,0,,,,,,,,-0.000991407799074695,1.0,0.8051529790660226,0.999133,0.879,0.8920606601248885,0.5009914077990747,0.9991295990371295,0.879,,requires predict_proba,,requires predict_proba,,0.032000000000152795,success,
upu,scar-pi0.5-scalemid,108,{},scar,0.5,0.5,0.5,True,0,,,,,,,,0.0003403675970047315,1.0,0.7898894154818326,0.9994890000000001,0.867,0.8826125330979699,0.4996596324029952,0.9994935453495074,0.867,,requires predict_proba,,requires predict_proba,,0.03099999999994907,success,
upu,scar-pi0.5-scalemid,109,{},scar,0.5,0.5,0.5,True,0,,,,,,,,-0.00033670033670035737,1.0,0.7955449482895784,0.999606,0.8715,0.8861320336730173,0.5003367003367003,0.999626647591252,0.8714999999999999,,requires predict_proba,,requires predict_proba,,0.03099999999994907,success,
upu,scar-pi0.5-scalemid,110,{},scar,0.5,0.5,0.5,True,0,,,,,,,,-0.0003291639236339683,1.0,0.8064516129032259,0.999367,0.88,0.8928571428571429,0.500329163923634,0.9993776960196867,0.88,,requires predict_proba,,requires predict_proba,,0.03099999999994907,success,
upu,scar-pi0.5-scalemid,111,{},scar,0.5,0.5,0.5,True,0,,,,,,,,-0.00033355570380255717,1.0,0.8,0.999367,0.875,0.8888888888888888,0.5003335557038026,0.9993685479070115,0.875,,requires predict_proba,,requires predict_proba,,0.032000000000152795,success,
upu,scar-pi0.5-scalemid,112,{},scar,0.5,0.5,0.5,True,0,,,,,,,,0.0,1.0,0.8,0.9993380000000001,0.875,0.8888888888888888,0.5,0.9993653787780099,0.875,,requires predict_proba,,requires predict_proba,,0.014999999999417923,success,
upu,scar-pi0.5-scalemid,113,{},scar,0.5,0.5,0.5,True,0,,,,,,,,-0.0003362474781439251,1.0,0.7961783439490446,0.9985620000000001,0.871,0.8856382978723404,0.5003362474781439,0.9987794258844184,0.871,,requires predict_proba,,requires predict_proba,,0.01599999999962165,success,
upu,scar-pi0.5-scalemid,114,{},scar,0.5,0.5,0.5,True,0,,,,,,,,-0.00033670033670035737,1.0,0.7955449482895784,0.9985850000000001,0.8715,0.8861320336730173,0.5003367003367003,0.99840906747855,0.8714999999999999,,requires predict_proba,,requires predict_proba,,0.01599999999962165,success,
upu,scar-pi0.5-scalemid,115,{},scar,0.5,0.5,0.5,True,0,,,,,,,,0.000335795836131636,1.0,0.7961783439490446,0.999155,0.872,0.8865248226950354,0.49966420416386836,0.9991765422169006,0.872,,requires predict_proba,,requires predict_proba,,0.01599999999962165,success,
upu,scar-pi0.5-scalemid,116,{},scar,0.5,0.5,0.5,True,0,,,,,,,,-0.0006605019815059676,1.0,0.8051529790660226,0.999534,0.879,0.8920606601248885,0.5006605019815059,0.9995693872151944,0.879,,requires predict_proba,,requires predict_proba,,0.014999999999417923,success,
upu,scar-pi0.5-scalemid,117,{},scar,0.5,0.5,0.5,True,0,,,,,,,,0.0,1.0,0.8019246190858058,0.99858,0.8765,0.8900756564307967,0.5,0.9986031217289942,0.8765000000000001,,requires predict_proba,,requires predict_proba,,0.016000000000531145,success,
upu,scar-pi0.5-scalemid,118,{},scar,0.5,0.5,0.5,True,0,,,,,,,,-0.0003371544167228846,1.0,0.794912559618442,0.99949,0.871,0.8857395925597874,0.5003371544167229,0.99948379669438,0.871,,requires predict_proba,,requires predict_proba,,0.015000000000327418,success,
upu,scar-pi0.5-scalemid,119,{},scar,0.5,0.5,0.5,True,0,,,,,,,,-0.0003287310979618874,1.0,0.8071025020177562,0.999136,0.8805,0.8932559178204555,0.5003287310979618,0.9991471728507426,0.8805000000000001,,requires predict_proba,,requires predict_proba,,0.015000000000327418,success,
upu,sar-pi0.1-scalesmall,100,{},linear,0.1,0.5,0.5,True,0,,,,,,,,0.000529100529100518,1.0,0.6666666666666667,0.9999305555555555,0.95,0.8,0.8994708994708994,0.999390243902439,0.9722222222222222,,requires predict_proba,,requires predict_proba,,0.016000000000531145,success,
upu,sar-pi0.1-scalesmall,101,{},linear,0.1,0.5,0.5,True,0,,,,,,,,-0.0010416666666666768,1.0,0.7407407407407407,0.9990972222222222,0.965,0.851063829787234,0.9010416666666666,0.9925392928353455,0.9805555555555556,,requires predict_proba,,requires predict_proba,,0.016000000000531145,success,
upu,sar-pi0.1-scalesmall,102,{},linear,0.1,0.5,0.5,True,0,,,,,,,,-0.0002624671916010568,1.0,0.7017543859649124,0.9956944444444444,0.9525,0.8041237113402062,0.9002624671916011,0.9732450744335757,0.9624999999999999,,requires predict_proba,,requires predict_proba,,0.015000000000327418,success,
upu,sar-pi0.1-scalesmall,103,{},linear,0.1,0.5,0.5,True,0,,,,,,,,0.00026385224274405594,1.0,0.6779661016949153,0.9977777777777778,0.9525,0.8080808080808081,0.899736147757256,0.9834075745682889,0.9736111111111111,,requires predict_proba,,requires predict_proba,,0.015000000000327418,success,
upu,sar-pi0.1-scalesmall,104,{},linear,0.1,0.5,0.5,True,0,,,,,,,,-0.0018567639257294488,1.0,0.6666666666666667,0.9997916666666667,0.95,0.8,0.9018567639257294,0.9982558139534884,0.9722222222222222,,requires predict_proba,,requires predict_proba,,0.016000000000531145,success,
upu,sar-pi0.1-scalesmall,105,{},linear,0.1,0.5,0.5,True,0,,,,,,,,-0.0021164021164021274,1.0,0.6779661016949153,0.9992361111111111,0.9525,0.8080808080808081,0.9021164021164021,0.9940476190476191,0.9736111111111111,,requires predict_proba,,requires predict_proba,,0.032000000000152795,success,
upu,sar-pi0.1-scalesmall,106,{},linear,0.1,0.5,0.5,True,0,,,,,,,,0.0,1.0,0.6896551724137931,0.9984722222222222,0.955,0.8163265306122449,0.9,0.9881017951856386,0.975,,requires predict_proba,,requires predict_proba,,0.03099999999994907,success,
upu,sar-pi0.1-scalesmall,107,{},linear,0.1,0.5,0.5,True,0,,,,,,,,-0.0005235602094240954,1.0,0.7142857142857143,0.998125,0.96,0.8333333333333334,0.900523560209424,0.9850954804998923,0.9777777777777779,,requires predict_proba,,requires predict_proba,,0.03099999999994907,success,
upu,sar-pi0.1-scalesmall,108,{},linear,0.1,0.5,0.5,True,0,,,,,,,,0.000529100529100518,1.0,0.6666666666666667,0.9995833333333334,0.95,0.8,0.8994708994708994,0.9965077605321507,0.9722222222222222,,requires predict_proba,,requires predict_proba,,0.03099999999994907,success,
upu,sar-pi0.1-scalesmall,109,{},linear,0.1,0.5,0.5,True,0,,,,,,,,-0.0007832898172323854,1.0,0.7272727272727273,0.9934027777777779,0.9575,0.8210526315789474,0.9007832898172323,0.9824074074074074,0.9652777777777778,,requires predict_proba,,requires predict_proba,,0.032000000000152795,success,
upu,sar-pi0.1-scalesmall,110,{},linear,0.1,0.5,0.5,True,0,,,,,,,,0.0013333333333333253,1.0,0.634920634920635,1.0,0.9425,0.7766990291262136,0.8986666666666666,1.0,0.9680555555555556,,requires predict_proba,,requires predict_proba,,0.015000000000327418,success,
upu,sar-pi0.1-scalesmall,111,{},linear,0.1,0.5,0.5,True,0,,,,,,,,0.0,1.0,0.6896551724137931,0.999375,0.955,0.8163265306122449,0.9,0.9940659034796031,0.975,,requires predict_proba,,requires predict_proba,,0.03099999999994907,success,
upu,sar-pi0.1-scalesmall,112,{},linear,0.1,0.5,0.5,True,0,,,,,,,,0.0007957559681697618,1.0,0.6557377049180328,0.9980555555555556,0.9475,0.7920792079207921,0.8992042440318302,0.9852588500258106,0.9708333333333333,,requires predict_proba,,requires predict_proba,,0.03099999999994907,success,
upu,sar-pi0.1-scalesmall,113,{},linear,0.1,0.5,0.5,True,0,,,,,,,,0.0,1.0,0.6896551724137931,0.9995833333333333,0.955,0.8163265306122449,0.9,0.9967391304347826,0.975,,requires predict_proba,,requires predict_proba,,0.032000000000152795,success,
upu,sar-pi0.1-scalesmall,114,{},linear,0.1,0.5,0.5,True,0,,,,,,,,-0.0002624671916010568,1.0,0.7017543859649124,0.9992361111111111,0.9575,0.8247422680412371,0.9002624671916011,0.9923013462020394,0.9763888888888889,,requires predict_proba,,requires predict_proba,,0.03099999999994907,success,
upu,sar-pi0.1-scalesmall,115,{},linear,0.1,0.5,0.5,True,0,,,,,,,,0.00026385224274405594,1.0,0.6779661016949153,0.9997222222222223,0.9525,0.8080808080808081,0.899736147757256,0.9975434981684981,0.9736111111111111,,requires predict_proba,,requires predict_proba,,0.03099999999994907,success,
upu,sar-pi0.1-scalesmall,116,{},linear,0.1,0.5,0.5,True,0,,,,,,,,0.00026385224274405594,1.0,0.6779661016949153,0.9994444444444445,0.9525,0.8080808080808081,0.899736147757256,0.9950064412018841,0.9736111111111111,,requires predict_proba,,requires predict_proba,,0.03099999999994907,success,
upu,sar-pi0.1-scalesmall,117,{},linear,0.1,0.5,0.5,True,0,,,,,,,,0.0038961038961038974,1.0,0.7272727272727273,0.9991666666666666,0.9625,0.8421052631578947,0.8961038961038961,0.9937339743589744,0.9791666666666667,,requires predict_proba,,requires predict_proba,,0.016000000000531145,success,
upu,sar-pi0.1-scalesmall,118,{},linear,0.1,0.5,0.5,True,0,,,,,,,,0.00026385224274405594,1.0,0.6779661016949153,0.9999305555555555,0.9525,0.8080808080808081,0.899736147757256,0.999390243902439,0.9736111111111111,,requires predict_proba,,requires predict_proba,,0.015000000000327418,success,
upu,sar-pi0.1-scalesmall,119,{},linear,0.1,0.5,0.5,True,0,,,,,,,,0.002362204724409442,1.0,0.6896551724137931,0.9998611111111111,0.955,0.8163265306122449,0.8976377952755905,0.9988095238095238,0.975,,requires predict_proba,,requires predict_proba,,0.015000000000327418,success,
upu,sar-pi0.1-scalemid,100,{},linear,0.1,0.5,0.5,True,0,,,,,,,,-0.000157645822385713,1.0,0.6968641114982579,0.9990833333333333,0.9565,0.8213552361396304,0.9001576458223857,0.9929713572383206,0.9758333333333333,,requires predict_proba,,requires predict_proba,,0.032000000000152795,success,
upu,sar-pi0.1-scalemid,101,{},linear,0.1,0.5,0.5,True,0,,,,,,,,0.00015731515469323554,1.0,0.7042253521126761,0.999325,0.957,0.8223140495867769,0.8998426848453067,0.9952845046207243,0.9738888888888888,,requires predict_proba,,requires predict_proba,,0.03099999999994907,success,
upu,sar-pi0.1-scalemid,102,{},linear,0.1,0.5,0.5,True,0,,,,,,,,-0.0002638522427440698,1.0,0.6802721088435375,0.9995972222222222,0.953,0.8097165991902834,0.9002638522427441,0.9964443750392599,0.9738888888888889,,requires predict_proba,,requires predict_proba,,0.01599999999962165,success,
upu,sar-pi0.1-scalemid,103,{},linear,0.1,0.5,0.5,True,0,,,,,,,,-0.00021119324181627375,1.0,0.6779661016949153,0.9987916666666666,0.9515,0.804040404040404,0.9002111932418163,0.9942620538376037,0.9708333333333333,,requires predict_proba,,requires predict_proba,,0.015000000000327418,success,
upu,sar-pi0.1-scalemid,104,{},linear,0.1,0.5,0.5,True,0,,,,,,,,0.0,1.0,0.6896551724137931,0.9988694444444444,0.954,0.8122448979591836,0.9,0.9925976258654382,0.9722222222222222,,requires predict_proba,,requires predict_proba,,0.032000000000152795,success,
upu,sar-pi0.1-scalemid,105,{},linear,0.1,0.5,0.5,True,0,,,,,,,,0.00041841004184099695,1.0,0.7142857142857143,0.999275,0.96,0.8333333333333334,0.899581589958159,0.9940765266047787,0.9777777777777779,,requires predict_proba,,requires predict_proba,,0.03099999999994907,success,
upu,sar-pi0.1-scalemid,106,{},linear,0.1,0.5,0.5,True,0,,,,,,,,0.000529100529100518,1.0,0.6666666666666667,0.9991,0.95,0.8,0.8994708994708994,0.9923201564177692,0.9722222222222222,,requires predict_proba,,requires predict_proba,,0.015000000000327418,success,
upu,sar-pi0.1-scalemid,107,{},linear,0.1,0.5,0.5,True,0,,,,,,,,-5.260389268806065e-05,1.0,0.6920415224913495,0.9990749999999999,0.9545,0.8139059304703476,0.900052603892688,0.9927295958835364,0.9724999999999999,,requires predict_proba,,requires predict_proba,,0.015000000000327418,success,
upu,sar-pi0.1-scalemid,108,{},linear,0.1,0.5,0.5,True,0,,,,,,,,-0.0005786428195686533,1.0,0.6944444444444445,0.9995083333333333,0.956,0.819672131147541,0.9005786428195687,0.9960739433592692,0.9755555555555555,,requires predict_proba,,requires predict_proba,,0.016000000000531145,success,
upu,sar-pi0.1-scalemid,109,{},linear,0.1,0.5,0.5,True,0,,,,,,,,0.0016409096620178393,0.9904761904761905,0.6760929627823826,0.9986277777777778,0.9525,0.8073022312373225,0.9002638522427441,0.9923540231524646,0.9713888888888889,,requires predict_proba,,requires predict_proba,,0.014999999999417923,success,
upu,sar-pi0.1-scalemid,110,{},linear,0.1,0.5,0.5,True,0,,,,,,,,-0.00020898641588297517,1.0,0.7220216606498194,0.999,0.9605,0.8343815513626834,0.900208986415883,0.9937706407960991,0.9758333333333333,,requires predict_proba,,requires predict_proba,,0.03099999999994907,success,
upu,sar-pi0.1-scalemid,111,{},linear,0.1,0.5,0.5,True,0,,,,,,,,0.0010526315789473606,1.0,0.6849315068493151,0.9994500000000001,0.954,0.8130081300813008,0.8989473684210526,0.9952530569597919,0.9744444444444444,,requires predict_proba,,requires predict_proba,,0.03099999999994907,success,
upu,sar-pi0.1-scalemid,112,{},linear,0.1,0.5,0.5,True,0,,,,,,,,0.0,1.0,0.6896551724137931,0.9995277777777778,0.955,0.8163265306122449,0.9,0.9962742622631847,0.975,,requires predict_proba,,requires predict_proba,,0.01599999999962165,success,
upu,sar-pi0.1-scalemid,113,{},linear,0.1,0.5,0.5,True,0,,,,,,,,5.238344683079765e-05,1.0,0.7092198581560285,0.9991194444444444,0.959,0.8298755186721992,0.8999476165531692,0.9930394051272762,0.9772222222222222,,requires predict_proba,,requires predict_proba,,0.03099999999994907,success,
upu,sar-pi0.1-scalemid,114,{},linear,0.1,0.5,0.5,True,0,,,,,,,,-5.2882072977267214e-05,1.0,0.6711409395973155,0.9991027777777777,0.951,0.8032128514056225,0.9000528820729773,0.99138434954321,0.9727777777777777,,requires predict_proba,,requires predict_proba,,0.03099999999994907,success,
upu,sar-pi0.1-scalemid,115,{},linear,0.1,0.5,0.5,True,0,,,,,,,,-0.0002638522427440698,1.0,0.6802721088435375,0.9995055555555555,0.953,0.8097165991902834,0.9002638522427441,0.9958329664851501,0.9738888888888889,,requires predict_proba,,requires predict_proba,,0.03099999999994907,success,
upu,sar-pi0.1-scalemid,116,{},linear,0.1,0.5,0.5,True,0,,,,,,,,-0.0007391763463569234,1.0,0.6802721088435375,0.9997777777777779,0.953,0.8097165991902834,0.9007391763463569,0.9980896354580443,0.9738888888888889,,requires predict_proba,,requires predict_proba,,0.032000000000152795,success,
upu,sar-pi0.1-scalemid,117,{},linear,0.1,0.5,0.5,True,0,,,,,,,,-0.00021119324181627375,1.0,0.6779661016949153,0.9995361111111111,0.9525,0.8080808080808081,0.9002111932418163,0.9962737748909025,0.9736111111111111,,requires predict_proba,,requires predict_proba,,0.016000000000531145,success,
upu,sar-pi0.1-scalemid,118,{},linear,0.1,0.5,0.5,True,0,,,,,,,,-0.000157645822385713,1.0,0.6968641114982579,0.9997444444444444,0.9565,0.8213552361396304,0.9001576458223857,0.9976895645308756,0.9758333333333333,,requires predict_proba,,requires predict_proba,,0.015000000000327418,success,
upu,sar-pi0.1-scalemid,119,{},linear,0.1,0.5,0.5,True,0,,,,,,,,-0.000157645822385713,1.0,0.6968641114982579,0.9988972222222222,0.9555,0.8172484599589322,0.9001576458223857,0.9928802561137348,0.9730555555555556,,requires predict_proba,,requires predict_proba,,0.015000000000327418,success,
upu,sar-pi0.3-scalesmall,100,{},linear,0.3,0.5,0.5,True,0,,,,,,,,0.001169590643274876,1.0,0.7453416149068323,0.9999404761904762,0.8975,0.8540925266903915,0.6988304093567251,0.999863387978142,0.9267857142857143,,requires predict_proba,,requires predict_proba,,0.016000000000531145,success,
upu,sar-pi0.3-scalesmall,101,{},linear,0.3,0.5,0.5,True,0,,,,,,,,0.0,1.0,0.7407407407407407,0.9994345238095238,0.895,0.851063829787234,0.7,0.9987034357146052,0.925,,requires predict_proba,,requires predict_proba,,0.016000000000531145,success,
upu,sar-pi0.3-scalesmall,102,{},linear,0.3,0.5,0.5,True,0,,,,,,,,0.0002915451895043608,1.0,0.7499999999999999,0.9989880952380952,0.9,0.8571428571428571,0.6997084548104956,0.9977818917666668,0.9285714285714286,,requires predict_proba,,requires predict_proba,,0.01599999999962165,success,
upu,sar-pi0.3-scalesmall,103,{},linear,0.3,0.5,0.5,True,0,,,,,,,,0.0,1.0,0.7100591715976331,0.9985714285714286,0.8775,0.8304498269896193,0.7,0.9968109548263546,0.9125,,requires predict_proba,,requires predict_proba,,0.01599999999962165,success,
upu,sar-pi0.3-scalesmall,104,{},linear,0.3,0.5,0.5,True,0,,,,,,,,0.002395209580838331,1.0,0.718562874251497,0.999702380952381,0.8825,0.8362369337979094,0.6976047904191617,0.9993145968955183,0.9160714285714286,,requires predict_proba,,requires predict_proba,,0.01599999999962165,success,
upu,sar-pi0.3-scalesmall,105,{},linear,0.3,0.5,0.5,True,0,,,,,,,,0.002052785923753686,1.0,0.7407407407407407,0.9990476190476191,0.895,0.851063829787234,0.6979472140762464,0.9979573552543118,0.925,,requires predict_proba,,requires predict_proba,,0.014999999999417923,success,
upu,sar-pi0.3-scalesmall,106,{},linear,0.3,0.5,0.5,True,0,,,,,,,,-0.0002967359050444762,1.0,0.7317073170731707,0.998095238095238,0.89,0.8450704225352113,0.7002967359050445,0.9959364975601888,0.9214285714285715,,requires predict_proba,,requires predict_proba,,0.01599999999962165,success,
upu,sar-pi0.3-scalesmall,107,{},linear,0.3,0.5,0.5,True,0,,,,,,,,-0.005202312138728293,1.0,0.7692307692307692,0.9997321428571428,0.91,0.8695652173913043,0.7052023121387283,0.9993917206226753,0.9357142857142857,,requires predict_proba,,requires predict_proba,,0.03099999999994907,success,
upu,sar-pi0.3-scalesmall,108,{},linear,0.3,0.5,0.5,True,0,,,,,,,,0.0008849557522124241,1.0,0.7361963190184049,0.9989880952380953,0.8925,0.8480565371024735,0.6991150442477876,0.9977956035818368,0.9232142857142858,,requires predict_proba,,requires predict_proba,,0.032000000000152795,success,
upu,sar-pi0.3-scalesmall,109,{},linear,0.3,0.5,0.5,True,0,,,,,,,,0.002670623145400619,1.0,0.7272727272727273,0.9977083333333334,0.8825,0.8350877192982457,0.6973293768545994,0.9966553993392229,0.9136904761904763,,requires predict_proba,,requires predict_proba,,0.016000000000531145,success,
upu,sar-pi0.3-scalesmall,110,{},linear,0.3,0.5,0.5,True,0,,,,,,,,0.0008849557522124241,1.0,0.7361963190184049,0.9988095238095238,0.8925,0.8480565371024735,0.6991150442477876,0.9974920943763357,0.9232142857142858,,requires predict_proba,,requires predict_proba,,0.015000000000327418,success,
upu,sar-pi0.3-scalesmall,111,{},linear,0.3,0.5,0.5,True,0,,,,,,,,-0.0008797653958944052,1.0,0.7453416149068323,0.9985714285714286,0.8975,0.8540925266903915,0.7008797653958945,0.9966692883978353,0.9267857142857143,,requires predict_proba,,requires predict_proba,,0.03099999999994907,success,
upu,sar-pi0.3-scalesmall,112,{},linear,0.3,0.5,0.5,True,0,,,,,,,,0.0005952380952380931,1.0,0.7272727272727273,0.9988095238095238,0.8875,0.8421052631578947,0.6994047619047619,0.9971930562719654,0.9196428571428572,,requires predict_proba,,requires predict_proba,,0.03099999999994907,success,
upu,sar-pi0.3-scalesmall,113,{},linear,0.3,0.5,0.5,True,0,,,,,,,,0.0005952380952380931,1.0,0.7272727272727273,0.9997321428571428,0.8875,0.8421052631578947,0.6994047619047619,0.9993900367309458,0.9196428571428572,,requires predict_proba,,requires predict_proba,,0.01599999999962165,success,
upu,sar-pi0.3-scalesmall,114,{},linear,0.3,0.5,0.5,True,0,,,,,,,,-0.0002967359050444762,1.0,0.7317073170731707,0.9985714285714286,0.89,0.8450704225352113,0.7002967359050445,0.9965974317116246,0.9214285714285715,,requires predict_proba,,requires predict_proba,,0.03099999999994907,success,
upu,sar-pi0.3-scalesmall,115,{},linear,0.3,0.5,0.5,True,0,,,,,,,,0.0005780346820809523,1.0,0.7594936708860759,0.9997321428571428,0.905,0.8633093525179856,0.6994219653179191,0.9993799553833367,0.9321428571428572,,requires predict_proba,,requires predict_proba,,0.015000000000327418,success,
upu,sar-pi0.3-scalesmall,116,{},linear,0.3,0.5,0.5,True,0,,,,,,,,-0.0011834319526626835,1.0,0.7361963190184049,0.9999404761904762,0.8925,0.8480565371024735,0.7011834319526628,0.999863387978142,0.9232142857142858,,requires predict_proba,,requires predict_proba,,0.016000000000531145,success,
upu,sar-pi0.3-scalesmall,117,{},linear,0.3,0.5,0.5,True,0,,,,,,,,-0.0008797653958944052,1.0,0.7453416149068323,0.9994642857142857,0.8975,0.8540925266903915,0.7008797653958945,0.9987753840941853,0.9267857142857143,,requires predict_proba,,requires predict_proba,,0.032000000000152795,success,
upu,sar-pi0.3-scalesmall,118,{},linear,0.3,0.5,0.5,True,0,,,,,,,,-0.0005813953488372214,1.0,0.7547169811320754,0.999702380952381,0.9025,0.8602150537634409,0.7005813953488372,0.9993135085904064,0.9303571428571429,,requires predict_proba,,requires predict_proba,,0.015000000000327418,success,
upu,sar-pi0.3-scalesmall,119,{},linear,0.3,0.5,0.5,True,0,,,,,,,,0.0005952380952380931,1.0,0.7272727272727273,0.9995833333333334,0.8875,0.8421052631578947,0.6994047619047619,0.9991029517867753,0.9196428571428572,,requires predict_proba,,requires predict_proba,,0.015000000000327418,success,
upu,sar-pi0.3-scalemid,100,{},linear,0.3,0.5,0.5,True,0,,,,,,,,0.0006497341996455908,1.0,0.7352941176470589,0.9988047619047619,0.891,0.846045197740113,0.6993502658003544,0.9976854594772497,0.9216666666666666,,requires predict_proba,,requires predict_proba,,0.016000000000531145,success,
upu,sar-pi0.3-scalemid,101,{},linear,0.3,0.5,0.5,True,0,,,,,,,,0.0006993006993006867,1.0,0.7499999999999999,0.9995571428571429,0.9,0.8571428571428571,0.6993006993006993,0.9989985360292871,0.9285714285714286,,requires predict_proba,,requires predict_proba,,0.032000000000152795,success,
upu,sar-pi0.3-scalemid,102,{},linear,0.3,0.5,0.5,True,0,,,,,,,,-0.0002967359050444762,1.0,0.7317073170731707,0.9993857142857143,0.89,0.8450704225352113,0.7002967359050445,0.9985939347833981,0.9214285714285715,,requires predict_proba,,requires predict_proba,,0.03099999999994907,success,
upu,sar-pi0.3-scalemid,103,{},linear,0.3,0.5,0.5,True,0,,,,,,,,-0.0001753360607831822,1.0,0.7481296758104737,0.9992904761904762,0.898,0.854493580599144,0.7001753360607832,0.9985959442607869,0.9266666666666666,,requires predict_proba,,requires predict_proba,,0.03099999999994907,success,
upu,sar-pi0.3-scalemid,104,{},linear,0.3,0.5,0.5,True,0,,,,,,,,-0.00011737089201874218,1.0,0.7434944237918215,0.9990857142857144,0.8965,0.8528784648187633,0.7001173708920188,0.9979380275350183,0.9260714285714285,,requires predict_proba,,requires predict_proba,,0.014999999999417923,success,
upu,sar-pi0.3-scalemid,105,{},linear,0.3,0.5,0.5,True,0,,,,,,,,0.0007606787595084707,1.0,0.7453416149068323,0.999479761904762,0.8975,0.8540925266903915,0.6992393212404915,0.9988019316604708,0.9267857142857143,,requires predict_proba,,requires predict_proba,,0.01599999999962165,success,
upu,sar-pi0.3-scalemid,106,{},linear,0.3,0.5,0.5,True,0,,,,,,,,5.906674542233148e-05,1.0,0.7361963190184049,0.9987809523809523,0.8925,0.8480565371024735,0.6999409332545776,0.9972482270176655,0.9232142857142858,,requires predict_proba,,requires predict_proba,,0.03099999999994907,success,
upu,sar-pi0.3-scalemid,107,{},linear,0.3,0.5,0.5,True,0,,,,,,,,-0.0001753360607831822,1.0,0.7481296758104737,0.9992119047619048,0.899,0.8559201141226819,0.7001753360607832,0.9982462191533463,0.9278571428571429,,requires predict_proba,,requires predict_proba,,0.032000000000152795,success,
upu,sar-pi0.3-scalemid,108,{},linear,0.3,0.5,0.5,True,0,,,,,,,,0.0,1.0,0.7407407407407407,0.9994321428571429,0.895,0.851063829787234,0.7,0.9987543860259532,0.925,,requires predict_proba,,requires predict_proba,,0.032000000000152795,success,
upu,sar-pi0.3-scalemid,109,{},linear,0.3,0.5,0.5,True,0,,,,,,,,0.0005917159763313973,1.0,0.7334963325183375,0.9992761904761904,0.891,0.846262341325811,0.6994082840236686,0.9984819832713248,0.9221428571428572,,requires predict_proba,,requires predict_proba,,0.03099999999994907,success,
upu,sar-pi0.3-scalemid,110,{},linear,0.3,0.5,0.5,True,0,,,,,,,,-0.0004662004662004393,1.0,0.7518796992481203,0.9991880952380953,0.901,0.8583690987124464,0.7004662004662005,0.9982563771226267,0.9292857142857143,,requires predict_proba,,requires predict_proba,,0.03099999999994907,success,
upu,sar-pi0.3-scalemid,111,{},linear,0.3,0.5,0.5,True,0,,,,,,,,-0.00017636684303351524,1.0,0.7416563658838071,0.9995904761904761,0.8955,0.8516678495386799,0.7001763668430335,0.9990460091571629,0.9253571428571429,,requires predict_proba,,requires predict_proba,,0.03099999999994907,success,
upu,sar-pi0.3-scalemid,112,{},linear,0.3,0.5,0.5,True,0,,,,,,,,-5.858230814292931e-05,1.0,0.7453416149068323,0.9995345238095238,0.8975,0.8540925266903915,0.700058582308143,0.9989938974815,0.9267857142857143,,requires predict_proba,,requires predict_proba,,0.032000000000152795,success,
upu,sar-pi0.3-scalemid,113,{},linear,0.3,0.5,0.5,True,0,,,,,,,,0.0002350176263219983,1.0,0.7416563658838071,0.9992583333333332,0.8955,0.8516678495386799,0.699764982373678,0.9982580669532722,0.9253571428571429,,requires predict_proba,,requires predict_proba,,0.01599999999962165,success,
upu,sar-pi0.3-scalemid,114,{},linear,0.3,0.5,0.5,True,0,,,,,,,,0.0015402843601896032,1.0,0.730816077953715,0.9988559523809524,0.8895,0.844475721323012,0.6984597156398105,0.9971332186315379,0.9210714285714285,,requires predict_proba,,requires predict_proba,,0.01599999999962165,success,
upu,sar-pi0.3-scalemid,115,{},linear,0.3,0.5,0.5,True,0,,,,,,,,0.0001179245283018937,1.0,0.7380073800738007,0.9992011904761904,0.8935,0.8492569002123143,0.6998820754716981,0.9982543258683072,0.9239285714285714,,requires predict_proba,,requires predict_proba,,0.03099999999994907,success,
upu,sar-pi0.3-scalemid,116,{},linear,0.3,0.5,0.5,True,0,,,,,,,,0.0001776198934280715,1.0,0.7334963325183375,0.9997357142857143,0.891,0.846262341325811,0.6998223801065719,0.999376030158851,0.9221428571428572,,requires predict_proba,,requires predict_proba,,0.03099999999994907,success,
upu,sar-pi0.3-scalemid,117,{},linear,0.3,0.5,0.5,True,0,,,,,,,,-0.0004773269689737347,1.0,0.7263922518159807,0.9992833333333333,0.887,0.8415147265077139,0.7004773269689738,0.998329744468786,0.9192857142857143,,requires predict_proba,,requires predict_proba,,0.01599999999962165,success,
upu,sar-pi0.3-scalemid,118,{},linear,0.3,0.5,0.5,True,0,,,,,,,,-5.858230814292931e-05,1.0,0.7453416149068323,0.9996583333333333,0.8975,0.8540925266903915,0.700058582308143,0.9992045803133505,0.9267857142857143,,requires predict_proba,,requires predict_proba,,0.032000000000152795,success,
upu,sar-pi0.3-scalemid,119,{},linear,0.3,0.5,0.5,True,0,,,,,,,,5.871990604816579e-05,1.0,0.7425742574257425,0.9993916666666667,0.896,0.8522727272727273,0.6999412800939518,0.9986435914974061,0.9257142857142857,,requires predict_proba,,requires predict_proba,,0.03099999999994907,success,
upu,sar-pi0.5-scalesmall,100,{},linear,0.5,0.5,0.5,True,0,,,,,,,,-0.001618122977346259,1.0,0.8163265306122448,0.99935,0.8875,0.898876404494382,0.5016181229773463,0.9994059823370168,0.8875,,requires predict_proba,,requires predict_proba,,0.015000000000327418,success,
upu,sar-pi0.5-scalesmall,101,{},linear,0.5,0.5,0.5,True,0,,,,,,,,0.0016501650165016146,1.0,0.8032128514056224,0.999,0.8775,0.89086859688196,0.49834983498349833,0.9990118882111961,0.8775,,requires predict_proba,,requires predict_proba,,0.015000000000327418,success,
upu,sar-pi0.5-scalesmall,102,{},linear,0.5,0.5,0.5,True,0,,,,,,,,-0.0016286644951140072,1.0,0.8130081300813008,0.9983500000000001,0.885,0.8968609865470852,0.501628664495114,0.9983923976805512,0.885,,requires predict_proba,,requires predict_proba,,0.016000000000531145,success,
upu,sar-pi0.5-scalesmall,103,{},linear,0.5,0.5,0.5,True,0,,,,,,,,0.0,1.0,0.7843137254901962,0.998625,0.8625,0.8791208791208791,0.5,0.9986386838591511,0.8625,,requires predict_proba,,requires predict_proba,,0.016000000000531145,success,
upu,sar-pi0.5-scalesmall,104,{},linear,0.5,0.5,0.5,True,0,,,,,,,,0.0016722408026755842,1.0,0.7968127490039841,0.9993749999999999,0.8725,0.8869179600886918,0.4983277591973244,0.9993866919610416,0.8725,,requires predict_proba,,requires predict_proba,,0.015000000000327418,success,
upu,sar-pi0.5-scalesmall,105,{},linear,0.5,0.5,0.5,True,0,,,,,,,,0.0,1.0,0.8,0.999225,0.875,0.8888888888888888,0.5,0.9992557261729872,0.875,,requires predict_proba,,requires predict_proba,,0.015000000000327418,success,
upu,sar-pi0.5-scalesmall,106,{},linear,0.5,0.5,0.5,True,0,,,,,,,,0.0,1.0,0.8032128514056224,0.997725,0.8775,0.89086859688196,0.5,0.9978145151709649,0.8775,,requires predict_proba,,requires predict_proba,,0.016000000000531145,success,
upu,sar-pi0.5-scalesmall,107,{},linear,0.5,0.5,0.5,True,0,,,,,,,,-0.001618122977346259,1.0,0.8163265306122448,0.999675,0.8875,0.898876404494382,0.5016181229773463,0.999674449594094,0.8875,,requires predict_proba,,requires predict_proba,,0.016000000000531145,success,
upu,sar-pi0.5-scalesmall,108,{},linear,0.5,0.5,0.5,True,0,,,,,,,,0.0,1.0,0.8032128514056224,0.9991500000000001,0.8775,0.89086859688196,0.5,0.9991589555597634,0.8775,,requires predict_proba,,requires predict_proba,,0.015000000000327418,success,
upu,sar-pi0.5-scalesmall,109,{},linear,0.5,0.5,0.5,True,0,,,,,,,,-0.0016611295681063232,1.0,0.8032128514056224,0.998725,0.8725,0.8864142538975501,0.5016611295681063,0.9989840637450199,0.8725,,requires predict_proba,,requires predict_proba,,0.015000000000327418,success,
upu,sar-pi0.5-scalesmall,110,{},linear,0.5,0.5,0.5,True,0,,,,,,,,0.0016949152542372614,1.0,0.790513833992095,0.9995499999999999,0.8675,0.8830022075055187,0.49830508474576274,0.9995627493585048,0.8674999999999999,,requires predict_proba,,requires predict_proba,,0.016000000000531145,success,
upu,sar-pi0.5-scalesmall,111,{},linear,0.5,0.5,0.5,True,0,,,,,,,,0.0,1.0,0.7968127490039841,0.9995499999999999,0.8725,0.8869179600886918,0.5,0.9995622605846833,0.8725,,requires predict_proba,,requires predict_proba,,0.032000000000152795,success,
upu,sar-pi0.5-scalesmall,112,{},linear,0.5,0.5,0.5,True,0,,,,,,,,0.0017064846416382506,1.0,0.7874015748031495,0.99945,0.865,0.8810572687224669,0.49829351535836175,0.9994526847803877,0.865,,requires predict_proba,,requires predict_proba,,0.015000000000327418,success,
upu,sar-pi0.5-scalesmall,113,{},linear,0.5,0.5,0.5,True,0,,,,,,,,0.0016949152542372614,1.0,0.790513833992095,0.999875,0.8675,0.8830022075055187,0.49830508474576274,0.9998763571306032,0.8674999999999999,,requires predict_proba,,requires predict_proba,,0.015000000000327418,success,
upu,sar-pi0.5-scalesmall,114,{},linear,0.5,0.5,0.5,True,0,,,,,,,,-0.0016949152542372614,1.0,0.7936507936507936,0.998725,0.87,0.8849557522123894,0.5016949152542373,0.9986007515812829,0.87,,requires predict_proba,,requires predict_proba,,0.016000000000531145,success,
upu,sar-pi0.5-scalesmall,115,{},linear,0.5,0.5,0.5,True,0,,,,,,,,0.0,1.0,0.8130081300813008,0.9998,0.885,0.8968609865470852,0.5,0.9997974410884574,0.885,,requires predict_proba,,requires predict_proba,,0.016000000000531145,success,
upu,sar-pi0.5-scalesmall,116,{},linear,0.5,0.5,0.5,True,0,,,,,,,,0.0,1.0,0.7968127490039841,0.9989000000000001,0.8725,0.8869179600886918,0.5,0.9990540060245203,0.8725,,requires predict_proba,,requires predict_proba,,0.015000000000327418,success,
upu,sar-pi0.5-scalesmall,117,{},linear,0.5,0.5,0.5,True,0,,,,,,,,0.0016501650165016146,1.0,0.8032128514056224,0.9985499999999999,0.8775,0.89086859688196,0.49834983498349833,0.9986752157503822,0.8775,,requires predict_proba,,requires predict_proba,,0.03099999999994907,success,
upu,sar-pi0.5-scalesmall,118,{},linear,0.5,0.5,0.5,True,0,,,,,,,,-0.0016286644951140072,1.0,0.8130081300813008,0.999775,0.885,0.8968609865470852,0.501628664495114,0.9997756917161789,0.885,,requires predict_proba,,requires predict_proba,,0.03099999999994907,success,
upu,sar-pi0.5-scalesmall,119,{},linear,0.5,0.5,0.5,True,0,,,,,,,,0.0032679738562091387,1.0,0.8064516129032259,0.9984999999999999,0.88,0.8928571428571429,0.49673202614379086,0.9986127236141839,0.88,,requires predict_proba,,requires predict_proba,,0.03099999999994907,success,
upu,sar-pi0.5-scalemid,100,{},linear,0.5,0.5,0.5,True,0,,,,,,,,-0.0006613756613756405,1.0,0.8045052292839903,0.99892,0.8785,0.8916629514043691,0.5006613756613757,0.9989966417373536,0.8785000000000001,,requires predict_proba,,requires predict_proba,,0.04700000000048021,success,
upu,sar-pi0.5-scalemid,101,{},linear,0.5,0.5,0.5,True,0,,,,,,,,0.0,1.0,0.8051529790660226,0.999431,0.879,0.8920606601248885,0.5,0.9994305241624862,0.879,,requires predict_proba,,requires predict_proba,,0.04700000000048021,success,
upu,sar-pi0.5-scalemid,102,{},linear,0.5,0.5,0.5,True,0,,,,,,,,0.00033670033670030186,1.0,0.794912559618442,0.999269,0.871,0.8857395925597874,0.49966329966329964,0.9992606377771984,0.871,,requires predict_proba,,requires predict_proba,,0.03099999999994907,success,
upu,sar-pi0.5-scalemid,103,{},linear,0.5,0.5,0.5,True,0,,,,,,,,0.0,1.0,0.8084074373484236,0.999379,0.8815,0.894054537326777,0.5,0.9994056721536384,0.8815,,requires predict_proba,,requires predict_proba,,0.03099999999994907,success,
upu,sar-pi0.5-scalemid,104,{},linear,0.5,0.5,0.5,True,0,,,,,,,,-0.00033178500331787486,1.0,0.8025682182985554,0.999177,0.877,0.8904719501335708,0.5003317850033179,0.999184486234692,0.877,,requires predict_proba,,requires predict_proba,,0.046000000000276486,success,
upu,sar-pi0.5-scalemid,105,{},linear,0.5,0.5,0.5,True,0,,,,,,,,0.0006684491978609097,1.0,0.7980845969672786,0.999283,0.8735,0.8877052818464269,0.49933155080213903,0.999279056115007,0.8734999999999999,,requires predict_proba,,requires predict_proba,,0.03099999999994907,success,
upu,sar-pi0.5-scalemid,106,{},linear,0.5,0.5,0.5,True,0,,,,,,,,-0.0006702412868632712,1.0,0.7980845969672786,0.999295,0.8735,0.8877052818464269,0.5006702412868632,0.9993019683181916,0.8734999999999999,,requires predict_proba,,requires predict_proba,,0.032000000000152795,success,
upu,sar-pi0.5-scalemid,107,{},linear,0.5,0.5,0.5,True,0,,,,,,,,-0.0003300330033003118,1.0,0.8051529790660226,0.999135,0.879,0.8920606601248885,0.5003300330033004,0.9991325330643169,0.879,,requires predict_proba,,requires predict_proba,,0.03099999999994907,success,
upu,sar-pi0.5-scalemid,108,{},linear,0.5,0.5,0.5,True,0,,,,,,,,0.001007387508394908,1.0,0.7955449482895784,0.9994930000000001,0.8715,0.8861320336730173,0.4989926124916051,0.9995005039832915,0.8714999999999999,,requires predict_proba,,requires predict_proba,,0.03099999999994907,success,
upu,sar-pi0.5-scalemid,109,{},linear,0.5,0.5,0.5,True,0,,,,,,,,0.0,1.0,0.7968127490039841,0.999609,0.8725,0.8869179600886918,0.5,0.9996292195311526,0.8725,,requires predict_proba,,requires predict_proba,,0.032000000000152795,success,
upu,sar-pi0.5-scalemid,110,{},linear,0.5,0.5,0.5,True,0,,,,,,,,-0.0003287310979618874,1.0,0.8071025020177562,0.9993989999999999,0.8805,0.8932559178204555,0.5003287310979618,0.9994081024605467,0.8805000000000001,,requires predict_proba,,requires predict_proba,,0.03099999999994907,success,
upu,sar-pi0.5-scalemid,111,{},linear,0.5,0.5,0.5,True,0,,,,,,,,0.0003371544167228846,1.0,0.7942811755361399,0.9993770000000001,0.8705,0.8853474988933157,0.4996628455832771,0.9993747484206884,0.8705,,requires predict_proba,,requires predict_proba,,0.01599999999962165,success,
upu,sar-pi0.5-scalemid,112,{},linear,0.5,0.5,0.5,True,0,,,,,,,,0.0,1.0,0.8012820512820513,0.999411,0.876,0.8896797153024911,0.5,0.9994346769812492,0.876,,requires predict_proba,,requires predict_proba,,0.04699999999957072,success,
upu,sar-pi0.5-scalemid,113,{},linear,0.5,0.5,0.5,True,0,,,,,,,,0.0,1.0,0.8,0.998564,0.874,0.888,0.5,0.9987706071283555,0.874,,requires predict_proba,,requires predict_proba,,0.03099999999994907,success,
upu,sar-pi0.5-scalemid,114,{},linear,0.5,0.5,0.5,True,0,,,,,,,,0.0009993337774816258,1.0,0.7993605115907275,0.9986090000000001,0.8745,0.8884940026654821,0.4990006662225183,0.9984276462173568,0.8745,,requires predict_proba,,requires predict_proba,,0.01599999999962165,success,
upu,sar-pi0.5-scalemid,115,{},linear,0.5,0.5,0.5,True,0,,,,,,,,0.0,1.0,0.8,0.999153,0.875,0.8888888888888888,0.5,0.9991749211813601,0.875,,requires predict_proba,,requires predict_proba,,0.03099999999994907,success,
upu,sar-pi0.5-scalemid,116,{},linear,0.5,0.5,0.5,True,0,,,,,,,,0.0006666666666667043,1.0,0.7993605115907275,0.999542,0.8745,0.8884940026654821,0.49933333333333335,0.999576664931329,0.8745,,requires predict_proba,,requires predict_proba,,0.03099999999994907,success,
upu,sar-pi0.5-scalemid,117,{},linear,0.5,0.5,0.5,True,0,,,,,,,,0.0003376097231599928,1.0,0.7936507936507936,0.998642,0.87,0.8849557522123894,0.49966239027683995,0.998676306781489,0.87,,requires predict_proba,,requires predict_proba,,0.03099999999994907,success,
upu,sar-pi0.5-scalemid,118,{},linear,0.5,0.5,0.5,True,0,,,,,,,,-0.00033400133600536286,1.0,0.7993605115907275,0.9994909999999999,0.8745,0.8884940026654821,0.5003340013360054,0.9994841391789929,0.8745,,requires predict_proba,,requires predict_proba,,0.016000000000531145,success,
upu,sar-pi0.5-scalemid,119,{},linear,0.5,0.5,0.5,True,0,,,,,,,,0.0,1.0,0.8032128514056224,0.9991620000000001,0.8775,0.89086859688196,0.5,0.9991750426829732,0.8775,,requires predict_proba,,requires predict_proba,,0.032000000000152795,success,
nnpu,scar-pi0.1-scalesmall,100,{},scar,0.1,0.5,0.5,True,0,,,,,0.0,,,-0.013358198646221855,0.9473684210526315,0.8062709966405376,0.9960416666666667,0.9725,0.8735632183908046,0.9238845144356955,0.9724305548837715,0.9624999999999999,,requires predict_proba,,requires predict_proba,,1.9530000000004293,success,
nnpu,scar-pi0.1-scalesmall,101,{},scar,0.1,0.5,0.5,True,0,,,,,0.0,,,-0.01884816753926702,1.0,0.8163265306122449,0.997361111111111,0.9775,0.898876404494382,0.918848167539267,0.9745792097968733,0.9875,,requires predict_proba,,requires predict_proba,,0.5320000000001528,success,
nnpu,scar-pi0.1-scalesmall,102,{},scar,0.1,0.5,0.5,True,0,,,,,0.0,,,-0.03242869707249654,0.9523809523809523,0.9070294784580498,0.9927083333333333,0.98,0.9024390243902439,0.941952506596306,0.9636204969954253,0.9555555555555556,,requires predict_proba,,requires predict_proba,,0.5779999999995198,success,
nnpu,scar-pi0.1-scalesmall,103,{},scar,0.1,0.5,0.5,True,0,,,,,0.0,,,-0.01733333333333334,0.88,0.8,0.9945138888888889,0.97,0.8571428571428571,0.9413333333333334,0.9605114295858144,0.9388888888888889,,requires predict_proba,,requires predict_proba,,0.4529999999995198,success,
nnpu,scar-pi0.1-scalesmall,104,{},scar,0.1,0.5,0.5,True,0,,,,,0.0,,,-0.0013333333333333391,0.64,0.9846153846153846,0.9957638888888889,0.965,0.7878787878787878,0.9733333333333334,0.9717581271954734,0.825,,requires predict_proba,,requires predict_proba,,0.4679999999998472,success,
nnpu,scar-pi0.1-scalesmall,105,{},scar,0.1,0.5,0.5,True,0,,,,,0.0,,,-0.04133333333333334,0.92,0.9435897435897437,0.999375,0.9925,0.9620253164556962,0.9573333333333334,0.9946426380636906,0.9736111111111111,,requires predict_proba,,requires predict_proba,,0.46900000000005093,success,
nnpu,scar-pi0.1-scalesmall,106,{},scar,0.1,0.5,0.5,True,0,,,,,0.0,,,0.009999999999999995,0.7,0.8484848484848484,0.9818055555555556,0.9525,0.7397260273972602,0.95,0.8717640905283477,0.8291666666666666,,requires predict_proba,,requires predict_proba,,0.4849999999996726,success,
nnpu,scar-pi0.1-scalesmall,107,{},scar,0.1,0.5,0.5,True,0,,,,,0.0,,,-0.022164048865619554,0.8333333333333334,1.0,0.9871527777777778,0.975,0.8611111111111112,0.9554973821989529,0.9307331739577639,0.8861111111111111,,requires predict_proba,,requires predict_proba,,0.4849999999996726,success,
nnpu,scar-pi0.1-scalesmall,108,{},scar,0.1,0.5,0.5,True,0,,,,,0.0,,,-0.04444444444444445,1.0,0.930232558139535,0.9998611111111111,0.9925,0.963855421686747,0.9444444444444444,0.998765243902439,0.9958333333333333,,requires predict_proba,,requires predict_proba,,0.4849999999996726,success,
nnpu,scar-pi0.1-scalesmall,109,{},scar,0.1,0.5,0.5,True,0,,,,,0.0,,,-0.03469513131623407,0.8823529411764706,1.0,0.9845138888888889,0.9675,0.8169014084507042,0.95822454308094,0.9103830812984288,0.8597222222222223,,requires predict_proba,,requires predict_proba,,0.46900000000005093,success,
nnpu,scar-pi0.1-scalesmall,110,{},scar,0.1,0.5,0.5,True,0,,,,,0.0,,,-0.05161290322580646,1.0,0.8695652173913043,0.999375,0.985,0.9302325581395349,0.9516129032258065,0.994562204930932,0.9916666666666667,,requires predict_proba,,requires predict_proba,,0.7809999999999491,success,
nnpu,scar-pi0.1-scalesmall,111,{},scar,0.1,0.5,0.5,True,0,,,,,0.0,,,-0.005511811023622054,1.0,0.7272727272727273,0.9754861111111112,0.9475,0.7789473684210526,0.905511811023622,0.9062846484701925,0.9375,,requires predict_proba,,requires predict_proba,,0.5469999999995707,success,
nnpu,scar-pi0.1-scalesmall,112,{},scar,0.1,0.5,0.5,True,0,,,,,0.0,,,-0.02266666666666667,0.88,0.8380952380952382,0.9932638888888888,0.97,0.8536585365853658,0.9466666666666667,0.9517899490544581,0.9277777777777778,,requires predict_proba,,requires predict_proba,,0.5,success,
nnpu,scar-pi0.1-scalesmall,113,{},scar,0.1,0.5,0.5,True,0,,,,,0.0,,,-0.0341991341991342,0.9090909090909091,0.9569377990430622,0.9983333333333333,0.99,0.9487179487179487,0.9523809523809523,0.9891971544715445,0.9611111111111111,,requires predict_proba,,requires predict_proba,,0.48400000000037835,success,
nnpu,scar-pi0.1-scalesmall,114,{},scar,0.1,0.5,0.5,True,0,,,,,0.0,,,-0.03700787401574804,1.0,0.930232558139535,0.9995833333333334,0.9925,0.963855421686747,0.937007874015748,0.9960962034044512,0.9958333333333333,,requires predict_proba,,requires predict_proba,,0.5159999999996217,success,
nnpu,scar-pi0.1-scalesmall,115,{},scar,0.1,0.5,0.5,True,0,,,,,0.0,,,0.011012133312855166,0.8235294117647058,0.7660738714090287,0.9911111111111112,0.9625,0.8192771084337349,0.9242819843342036,0.9386752932354225,0.9125,,requires predict_proba,,requires predict_proba,,0.5469999999995707,success,
nnpu,scar-pi0.1-scalesmall,116,{},scar,0.1,0.5,0.5,True,0,,,,,0.0,,,-0.002733248760235271,0.7391304347826086,0.8695652173913043,0.99625,0.98,0.8918918918918919,0.9549071618037135,0.9713094278006845,0.9111111111111111,,requires predict_proba,,requires predict_proba,,0.48399999999946886,success,
nnpu,scar-pi0.1-scalesmall,117,{},scar,0.1,0.5,0.5,True,0,,,,,0.0,,,-0.01592761431136898,0.8421052631578947,0.9356725146198831,0.9929861111111111,0.975,0.868421052631579,0.94750656167979,0.9544880566880358,0.9083333333333333,,requires predict_proba,,requires predict_proba,,0.5780000000004293,success,
nnpu,scar-pi0.1-scalesmall,118,{},scar,0.1,0.5,0.5,True,0,,,,,0.0,,,-0.02105263157894738,1.0,0.8,0.9950694444444446,0.97,0.8666666666666667,0.9210526315789473,0.9729365515834312,0.9722222222222222,,requires predict_proba,,requires predict_proba,,0.4530000000004293,success,
nnpu,scar-pi0.1-scalesmall,119,{},scar,0.1,0.5,0.5,True,0,,,,,0.0,,,0.02051948051948052,0.8,0.744186046511628,0.9904861111111112,0.9625,0.8192771084337349,0.9194805194805195,0.925026284892469,0.9125,,requires predict_proba,,requires predict_proba,,0.46900000000005093,success,
nnpu,scar-pi0.1-scalemid,100,{},scar,0.1,0.5,0.5,True,0,,,,,0.375,,,-0.03730120090879585,0.9423076923076923,0.9664694280078895,0.9987222222222222,0.9905,0.9518987341772152,0.9488396624472574,0.9904123635658076,0.9680555555555554,,requires predict_proba,,requires predict_proba,,2.0780000000004293,success,
nnpu,scar-pi0.1-scalemid,101,{},scar,0.1,0.5,0.5,True,0,,,,,0.5,,,-0.03593355808086446,0.9787234042553191,0.9502168973352614,0.9990055555555556,0.991,0.9556650246305419,0.9401888772298006,0.9928441047848443,0.9816666666666667,,requires predict_proba,,requires predict_proba,,2.342999999999847,success,
nnpu,scar-pi0.1-scalemid,102,{},scar,0.1,0.5,0.5,True,0,,,,,0.25,,,-0.037796170074651095,0.9711538461538461,0.9338017751479291,0.9994583333333333,0.992,0.9607843137254902,0.9435654008438819,0.9953784709801442,0.9866666666666666,,requires predict_proba,,requires predict_proba,,2.155999999999949,success,
nnpu,scar-pi0.1-scalemid,103,{},scar,0.1,0.5,0.5,True,0,,,,,0.5,,,-0.04637272643472946,0.9724770642201835,0.9872863596143995,0.9984999999999999,0.9945,0.9722921914357683,0.9518773135906927,0.9929517854976642,0.9813888888888889,,requires predict_proba,,requires predict_proba,,1.9219999999995707,success,
nnpu,scar-pi0.1-scalemid,104,{},scar,0.1,0.5,0.5,True,0,,,,,0.5,,,-0.03807698409855112,0.9223300970873787,1.0,0.9985027777777777,0.9895,0.9451697127937336,0.9536109646810754,0.9907044239086352,0.9519444444444445,,requires predict_proba,,requires predict_proba,,2.1090000000003783,success,
nnpu,scar-pi0.1-scalemid,105,{},scar,0.1,0.5,0.5,True,0,,,,,0.625,,,-0.036332774543204105,0.9770114942528736,0.9868802972251248,0.999175,0.991,0.9547738693467337,0.9409304756926293,0.9933212661448519,0.9727777777777777,,requires predict_proba,,requires predict_proba,,2.094000000000051,success,
nnpu,scar-pi0.1-scalemid,106,{},scar,0.1,0.5,0.5,True,0,,,,,0.625,,,-0.045709219858156035,0.9333333333333333,0.9876543209876544,0.9988388888888889,0.9895,0.9460154241645244,0.9590425531914893,0.991123817084865,0.9586111111111111,,requires predict_proba,,requires predict_proba,,2.1099999999996726,success,
nnpu,scar-pi0.1-scalemid,107,{},scar,0.1,0.5,0.5,True,0,,,,,0.375,,,-0.026672112530134878,0.8867924528301887,0.9334657398212514,0.9977055555555556,0.987,0.9333333333333333,0.9493136219640972,0.9868741340607894,0.9527777777777777,,requires predict_proba,,requires predict_proba,,2.094000000000051,success,
nnpu,scar-pi0.1-scalemid,108,{},scar,0.1,0.5,0.5,True,0,,,,,0.5,,,-0.040167238978071736,0.989247311827957,0.9794527839880763,0.9994777777777778,0.993,0.9651741293532339,0.9423177766124803,0.9956481156155046,0.9827777777777778,,requires predict_proba,,requires predict_proba,,2.375,success,
nnpu,scar-pi0.1-scalemid,109,{},scar,0.1,0.5,0.5,True,0,,,,,0.5,,,-0.03213955991330579,0.8878504672897196,0.9810502400991379,0.9981305555555555,0.9875,0.9343832020997376,0.9545694664553619,0.988757996506035,0.9441666666666666,,requires predict_proba,,requires predict_proba,,2.233999999999469,success,
nnpu,scar-pi0.1-scalemid,110,{},scar,0.1,0.5,0.5,True,0,,,,,0.25,,,-0.030582643858415803,0.9770114942528736,0.9349392289501184,0.9989916666666667,0.9895,0.9486552567237164,0.9351803450078411,0.992897351626062,0.9808333333333333,,requires predict_proba,,requires predict_proba,,2.108999999999469,success,
nnpu,scar-pi0.1-scalemid,111,{},scar,0.1,0.5,0.5,True,0,,,,,0.125,,,-0.04342002764166353,0.9809523809523809,0.9664555477363359,0.9989222222222222,0.9925,0.9627791563275434,0.9472295514511874,0.9902604335189139,0.9824999999999999,,requires predict_proba,,requires predict_proba,,2.07799999999952,success,
nnpu,scar-pi0.1-scalemid,112,{},scar,0.1,0.5,0.5,True,0,,,,,0.375,,,-0.0374397155355346,0.9504950495049505,0.9698929076581128,0.9988611111111111,0.993,0.9646464646464646,0.9473407056345445,0.992643803819276,0.9761111111111112,,requires predict_proba,,requires predict_proba,,1.9369999999998981,success,
nnpu,scar-pi0.1-scalemid,113,{},scar,0.1,0.5,0.5,True,0,,,,,0.5,,,-0.03846390058907525,0.9611650485436893,0.9563831328792929,0.9988111111111111,0.9925,0.9625935162094763,0.9462308908803374,0.9905183532565613,0.9802777777777778,,requires predict_proba,,requires predict_proba,,1.9530000000004293,success,
nnpu,scar-pi0.1-scalemid,114,{},scar,0.1,0.5,0.5,True,0,,,,,0.625,,,-0.04612978925246584,0.9829059829059829,0.9361009361009361,0.9991555555555555,0.99,0.9512195121951219,0.9495485926712692,0.9928879839908433,0.9833333333333334,,requires predict_proba,,requires predict_proba,,1.8590000000003783,success,
nnpu,scar-pi0.1-scalemid,115,{},scar,0.1,0.5,0.5,True,0,,,,,0.5,,,-0.04075368672581227,0.9626168224299065,0.9578276840098572,0.9981,0.9905,0.9526184538653366,0.948230322239831,0.9890530953793354,0.9747222222222223,,requires predict_proba,,requires predict_proba,,1.9679999999998472,success,
nnpu,scar-pi0.1-scalemid,116,{},scar,0.1,0.5,0.5,True,0,,,,,0.25,,,-0.03159262270256484,0.9393939393939394,0.9393939393939394,0.9991861111111111,0.992,0.96,0.9437138348237769,0.9937086899124834,0.9777777777777777,,requires predict_proba,,requires predict_proba,,2.0159999999996217,success,
nnpu,scar-pi0.1-scalemid,117,{},scar,0.1,0.5,0.5,True,0,,,,,0.375,,,-0.04021485337855042,0.9690721649484536,0.9888491479065853,0.9991694444444444,0.994,0.9696969696969697,0.9464004203888597,0.9936053359388387,0.9788888888888889,,requires predict_proba,,requires predict_proba,,3.1719999999995707,success,
nnpu,scar-pi0.1-scalemid,118,{},scar,0.1,0.5,0.5,True,0,,,,,0.5,,,-0.04287454386333046,0.9805825242718447,0.9708737864077669,0.9996138888888889,0.994,0.9701492537313433,0.9467580390089615,0.9964746410856922,0.9855555555555555,,requires predict_proba,,requires predict_proba,,3.405999999999949,success,
nnpu,scar-pi0.1-scalemid,119,{},scar,0.1,0.5,0.5,True,0,,,,,0.25,,,-0.026984390109131104,0.9052631578947369,0.9579504316346422,0.9976277777777778,0.9875,0.9357326478149101,0.9459317585301837,0.9857191483707561,0.9530555555555555,,requires predict_proba,,requires predict_proba,,3.45299999999952,success,
nnpu,scar-pi0.3-scalesmall,100,{},scar,0.3,0.5,0.5,True,0,,,,,0.0,,,-0.061141359144988916,0.9137931034482759,0.9372236958443856,0.9923511904761905,0.9575,0.9282700421940928,0.8128654970760234,0.9837371845535041,0.9458333333333333,,requires predict_proba,,requires predict_proba,,0.8119999999998981,success,
nnpu,scar-pi0.3-scalesmall,101,{},scar,0.3,0.5,0.5,True,0,,,,,0.0,,,-0.08705882352941174,0.9833333333333333,0.9218749999999999,0.9963988095238095,0.975,0.9596774193548387,0.7970588235294118,0.9908355778345697,0.9797619047619048,,requires predict_proba,,requires predict_proba,,0.8130000000001019,success,
nnpu,scar-pi0.3-scalesmall,102,{},scar,0.3,0.5,0.5,True,0,,,,,0.0,,,-0.10068511198945981,0.9818181818181818,0.9900687547746372,0.9972619047619048,0.9825,0.9707112970711297,0.8115942028985508,0.9946906488558096,0.9779761904761906,,requires predict_proba,,requires predict_proba,,0.875,success,
nnpu,scar-pi0.3-scalesmall,103,{},scar,0.3,0.5,0.5,True,0,,,,,0.0,,,-0.0994220412452384,0.927536231884058,0.9595202398800601,0.9958928571428571,0.96,0.9322033898305084,0.8429003021148036,0.9905659389945217,0.9476190476190476,,requires predict_proba,,requires predict_proba,,0.9530000000004293,success,
nnpu,scar-pi0.3-scalesmall,104,{},scar,0.3,0.5,0.5,True,0,,,,,0.0,,,-0.03859931113662457,0.7384615384615385,1.0,0.995297619047619,0.9075,0.8177339901477833,0.8955223880597015,0.9897810096312585,0.8458333333333333,,requires predict_proba,,requires predict_proba,,0.8119999999998981,success,
nnpu,scar-pi0.3-scalesmall,105,{},scar,0.3,0.5,0.5,True,0,,,,,0.5,,,-0.0776470588235294,0.9333333333333333,0.9491525423728813,0.998720238095238,0.98,0.9663865546218487,0.8176470588235294,0.9972768486575334,0.9738095238095239,,requires predict_proba,,requires predict_proba,,0.8119999999998981,success,
nnpu,scar-pi0.3-scalesmall,106,{},scar,0.3,0.5,0.5,True,0,,,,,0.0,,,-0.018190494369154375,0.8064516129032258,0.9129640900791234,0.9801785714285715,0.93,0.8761061946902655,0.834319526627219,0.960368751751192,0.8999999999999999,,requires predict_proba,,requires predict_proba,,0.8599999999996726,success,
nnpu,scar-pi0.3-scalesmall,107,{},scar,0.3,0.5,0.5,True,0,,,,,0.0,,,-0.06420454545454543,0.8958333333333334,1.0,0.9944345238095238,0.955,0.9196428571428571,0.8267045454545454,0.9882795379135911,0.9273809523809524,,requires predict_proba,,requires predict_proba,,0.8289999999997235,success,
nnpu,scar-pi0.3-scalesmall,108,{},scar,0.3,0.5,0.5,True,0,,,,,0.5,,,-0.10172413793103446,1.0,0.9917355371900827,0.99875,0.9875,0.979253112033195,0.8017241379310345,0.9973691384853246,0.9863095238095239,,requires predict_proba,,requires predict_proba,,0.8279999999995198,success,
nnpu,scar-pi0.3-scalesmall,109,{},scar,0.3,0.5,0.5,True,0,,,,,0.0,,,-0.07536641118730669,0.835820895522388,1.0,0.988452380952381,0.94,0.8899082568807339,0.8738738738738738,0.9772235721379053,0.9023809523809524,,requires predict_proba,,requires predict_proba,,0.7960000000002765,success,
nnpu,scar-pi0.3-scalesmall,110,{},scar,0.3,0.5,0.5,True,0,,,,,0.0,,,-0.0904196693514201,0.9523809523809523,0.9445100354191263,0.9954761904761904,0.9725,0.9543568464730291,0.8189910979228486,0.9913899441188421,0.968452380952381,,requires predict_proba,,requires predict_proba,,0.8130000000001019,success,
nnpu,scar-pi0.3-scalesmall,111,{},scar,0.3,0.5,0.5,True,0,,,,,0.0,,,-0.07529411764705882,0.9833333333333333,0.8939393939393938,0.9846428571428572,0.94,0.9047619047619048,0.7852941176470588,0.9721846560784594,0.9428571428571428,,requires predict_proba,,requires predict_proba,,0.9529999999995198,success,
nnpu,scar-pi0.3-scalesmall,112,{},scar,0.3,0.5,0.5,True,0,,,,,0.0,,,-0.06066043138003435,0.8870967741935484,0.9420496717099629,0.9913095238095238,0.9525,0.9184549356223176,0.8284023668639053,0.9819970654259289,0.9351190476190476,,requires predict_proba,,requires predict_proba,,0.8279999999995198,success,
nnpu,scar-pi0.3-scalesmall,113,{},scar,0.3,0.5,0.5,True,0,,,,,0.5,,,-0.08545454545454545,0.9,0.9473684210526317,0.9977678571428572,0.975,0.9572649572649573,0.8454545454545455,0.995391177076439,0.9630952380952381,,requires predict_proba,,requires predict_proba,,0.8279999999995198,success,
nnpu,scar-pi0.3-scalesmall,114,{},scar,0.3,0.5,0.5,True,0,,,,,0.5,,,-0.10288476292772747,0.9824561403508771,0.9824561403508771,0.9979166666666667,0.99,0.9833333333333333,0.8134110787172012,0.9956622475856209,0.9880952380952381,,requires predict_proba,,requires predict_proba,,0.9070000000001528,success,
nnpu,scar-pi0.3-scalesmall,115,{},scar,0.3,0.5,0.5,True,0,,,,,0.0,,,-0.06739709640585068,0.9245283018867925,0.9731876861966237,0.9914583333333333,0.95,0.9145299145299145,0.8126801152737753,0.9832461994146879,0.9333333333333333,,requires predict_proba,,requires predict_proba,,0.8280000000004293,success,
nnpu,scar-pi0.3-scalesmall,116,{},scar,0.3,0.5,0.5,True,0,,,,,0.0,,,-0.03500070651405962,0.8253968253968254,0.9344115004492362,0.9965773809523809,0.96,0.9292035398230089,0.8397626112759644,0.9924330836425659,0.9357142857142857,,requires predict_proba,,requires predict_proba,,0.8130000000001019,success,
nnpu,scar-pi0.3-scalesmall,117,{},scar,0.3,0.5,0.5,True,0,,,,,0.0,,,-0.023026673924877505,0.7878787878787878,0.926916221033868,0.995625,0.95,0.9099099099099099,0.8502994011976048,0.9903168867263452,0.9190476190476191,,requires predict_proba,,requires predict_proba,,0.8900000000003274,success,
nnpu,scar-pi0.3-scalesmall,118,{},scar,0.3,0.5,0.5,True,0,,,,,0.0,,,-0.0894669235709698,0.9814814814814815,0.9653916211293261,0.9930654761904761,0.97,0.9504132231404959,0.8005780346820809,0.9862436174730725,0.9666666666666667,,requires predict_proba,,requires predict_proba,,0.875,success,
nnpu,scar-pi0.3-scalesmall,119,{},scar,0.3,0.5,0.5,True,0,,,,,0.0,,,-0.020431893687707647,0.8392857142857143,0.9155844155844155,0.9889583333333333,0.925,0.8695652173913043,0.8168604651162791,0.9736093350493754,0.8988095238095238,,requires predict_proba,,requires predict_proba,,0.9529999999995198,success,
nnpu,scar-pi0.3-scalemid,100,{},scar,0.3,0.5,0.5,True,0,,,,,0.42857142857142855,,,-0.09865938430983118,0.9671052631578947,0.9638922888616891,0.9972988095238096,0.98,0.9667221297836939,0.8183962264150944,0.9945903590891594,0.9766666666666667,,requires predict_proba,,requires predict_proba,,3.2659999999996217,success,
nnpu,scar-pi0.3-scalemid,101,{},scar,0.3,0.5,0.5,True,0,,,,,0.5714285714285714,,,-0.0867714568871773,0.9783393501805054,0.9529279384875053,0.9986845238095238,0.98,0.9671052631578947,0.799767846778874,0.9970559897585324,0.98,,requires predict_proba,,requires predict_proba,,3.0780000000004293,success,
nnpu,scar-pi0.3-scalemid,102,{},scar,0.3,0.5,0.5,True,0,,,,,0.42857142857142855,,,-0.11259358369163233,0.990506329113924,0.9601030653769861,0.9989,0.9825,0.9712879409351928,0.8182897862232779,0.9975471353190143,0.9836904761904762,,requires predict_proba,,requires predict_proba,,3.219000000000051,success,
nnpu,scar-pi0.3-scalemid,103,{},scar,0.3,0.5,0.5,True,0,,,,,0.5714285714285714,,,-0.08907710280373832,0.96875,0.9560032894736841,0.9980404761904762,0.979,0.9652317880794702,0.8078271028037384,0.9959970072342007,0.9769047619047619,,requires predict_proba,,requires predict_proba,,3.2039999999997235,success,
nnpu,scar-pi0.3-scalemid,104,{},scar,0.3,0.5,0.5,True,0,,,,,0.5714285714285714,,,-0.09993766245759989,0.9609120521172638,0.9706182344618826,0.9982357142857143,0.98,0.966499162479062,0.8233904311872415,0.9961194022016052,0.9747619047619047,,requires predict_proba,,requires predict_proba,,3.217999999999847,success,
nnpu,scar-pi0.3-scalemid,105,{},scar,0.3,0.5,0.5,True,0,,,,,0.5714285714285714,,,-0.10679156908665105,1.0,0.9646302250803859,0.999375,0.985,0.9754500818330606,0.8067915690866511,0.9985880471014477,0.9873809523809524,,requires predict_proba,,requires predict_proba,,3.20299999999952,success,
nnpu,scar-pi0.3-scalemid,106,{},scar,0.3,0.5,0.5,True,0,,,,,0.5714285714285714,,,-0.105608828831916,0.9710610932475884,0.9694453509959284,0.9972095238095238,0.9765,0.9608659450457951,0.8229721728833629,0.9940317106120191,0.9722619047619048,,requires predict_proba,,requires predict_proba,,3.20299999999952,success,
nnpu,scar-pi0.3-scalemid,107,{},scar,0.3,0.5,0.5,True,0,,,,,0.5714285714285714,,,-0.08810612024058692,0.9581881533101045,0.9662401545984247,0.9969607142857142,0.9755,0.9589958158995816,0.8131932282545242,0.9936105170866065,0.9696428571428571,,requires predict_proba,,requires predict_proba,,3.6409999999996217,success,
nnpu,scar-pi0.3-scalemid,108,{},scar,0.3,0.5,0.5,True,0,,,,,0.5714285714285714,,,-0.10208494314774505,0.9866220735785953,0.9578855083287332,0.9991511904761905,0.983,0.9720853858784894,0.8101116990005879,0.9980490433394552,0.9840476190476191,,requires predict_proba,,requires predict_proba,,3.717999999999847,success,
nnpu,scar-pi0.3-scalemid,109,{},scar,0.3,0.5,0.5,True,0,,,,,0.5714285714285714,,,-0.1099417458122719,0.964968152866242,0.9846613804757572,0.9969845238095238,0.978,0.9629629629629629,0.8309608540925267,0.9940823337475023,0.970952380952381,,requires predict_proba,,requires predict_proba,,3.25,success,
nnpu,scar-pi0.3-scalemid,110,{},scar,0.3,0.5,0.5,True,0,,,,,0.7142857142857143,,,-0.0903248443505153,0.986013986013986,0.9435540536019005,0.9979273809523809,0.9735,0.9568052159739201,0.7987164527421237,0.9953830770273207,0.9748809523809524,,requires predict_proba,,requires predict_proba,,3.2659999999996217,success,
nnpu,scar-pi0.3-scalemid,111,{},scar,0.3,0.5,0.5,True,0,,,,,0.5714285714285714,,,-0.09914859882826163,0.9896193771626297,0.9592433381220967,0.9984416666666667,0.9775,0.963084495488105,0.8053769725306839,0.9965774127202779,0.9777380952380952,,requires predict_proba,,requires predict_proba,,3.25,success,
nnpu,scar-pi0.3-scalemid,112,{},scar,0.3,0.5,0.5,True,0,,,,,0.5714285714285714,,,-0.08399999999999999,0.9566666666666667,0.940983606557377,0.9972083333333333,0.972,0.9537190082644628,0.81,0.9939519874902035,0.969047619047619,,requires predict_proba,,requires predict_proba,,3.155999999999949,success,
nnpu,scar-pi0.3-scalemid,113,{},scar,0.3,0.5,0.5,True,0,,,,,0.7142857142857143,,,-0.1077268003651542,0.9870550161812298,0.959859010873157,0.9985630952380953,0.9835,0.9728841413311422,0.8154937906564164,0.9965961271136876,0.9844047619047619,,requires predict_proba,,requires predict_proba,,3.233999999999469,success,
nnpu,scar-pi0.3-scalemid,114,{},scar,0.3,0.5,0.5,True,0,,,,,0.5714285714285714,,,-0.10354163320539589,0.9876160990712074,0.931713301010573,0.9986047619047619,0.975,0.959546925566343,0.8109719737626714,0.996875347315483,0.9788095238095238,,requires predict_proba,,requires predict_proba,,3.344000000000051,success,
nnpu,scar-pi0.3-scalemid,115,{},scar,0.3,0.5,0.5,True,0,,,,,0.5714285714285714,,,-0.1014126868392271,0.9711538461538461,0.9568018188707843,0.9968309523809524,0.9775,0.9627791563275434,0.8187203791469194,0.9938143325056004,0.9753571428571428,,requires predict_proba,,requires predict_proba,,2.358999999999469,success,
nnpu,scar-pi0.3-scalemid,116,{},scar,0.3,0.5,0.5,True,0,,,,,0.42857142857142855,,,-0.1011540458701144,0.9867986798679867,0.95036790998522,0.9978154761904762,0.9765,0.9615699100572364,0.8090748379493223,0.9949041902010193,0.9775,,requires predict_proba,,requires predict_proba,,3.125,success,
nnpu,scar-pi0.3-scalemid,117,{},scar,0.3,0.5,0.5,True,0,,,,,0.7142857142857143,,,-0.10186000921836438,0.9702970297029703,0.9702970297029703,0.9984857142857143,0.982,0.97,0.8196817913965821,0.9963991677431823,0.9785714285714285,,requires predict_proba,,requires predict_proba,,2.125,success,
nnpu,scar-pi0.3-scalemid,118,{},scar,0.3,0.5,0.5,True,0,,,,,0.5714285714285714,,,-0.11110734729263433,0.9838187702265372,0.9724732489883399,0.9987464285714286,0.9865,0.9776304888152444,0.820816085156712,0.9971024329220228,0.9855952380952381,,requires predict_proba,,requires predict_proba,,2.42200000000048,success,
nnpu,scar-pi0.3-scalemid,119,{},scar,0.3,0.5,0.5,True,0,,,,,0.42857142857142855,,,-0.08390912455331773,0.9515570934256056,0.959553371521619,0.9970571428571429,0.9755,0.9589958158995816,0.8129748684979544,0.9939412229812576,0.9696428571428571,,requires predict_proba,,requires predict_proba,,4.125,success,
nnpu,scar-pi0.5-scalesmall,100,{},scar,0.5,0.5,0.5,True,0,,,,,0.0,,,-0.08565374242583446,0.956989247311828,0.9428465490756927,0.98955,0.9425,0.9429280397022333,0.6286644951140065,0.9910228937047489,0.9425,,requires predict_proba,,requires predict_proba,,1.0160000000005311,success,
nnpu,scar-pi0.5-scalesmall,101,{},scar,0.5,0.5,0.5,True,0,,,,,0.0,,,-0.11304480963560276,0.979381443298969,0.9508557701931738,0.9936999999999999,0.97,0.9704433497536946,0.6336633663366337,0.9929174745444027,0.97,,requires predict_proba,,requires predict_proba,,1.0,success,
nnpu,scar-pi0.5-scalesmall,102,{},scar,0.5,0.5,0.5,True,0,,,,,0.0,,,-0.1377395214604517,0.98989898989899,0.9704892057833234,0.9972749999999999,0.97,0.9702970297029703,0.6478405315614618,0.9974581980704681,0.97,,requires predict_proba,,requires predict_proba,,0.9690000000000509,success,
nnpu,scar-pi0.5-scalesmall,103,{},scar,0.5,0.5,0.5,True,0,,,,,0.0,,,-0.12903894612612038,0.9532710280373832,0.9677878457232316,0.9917750000000001,0.9475,0.947103274559194,0.6757679180887372,0.9916321346342113,0.9475,,requires predict_proba,,requires predict_proba,,0.9219999999995707,success,
nnpu,scar-pi0.5-scalesmall,104,{},scar,0.5,0.5,0.5,True,0,,,,,0.5,,,-0.10940748440748438,0.9134615384615384,0.9875259875259874,0.99545,0.9475,0.9454545454545454,0.6959459459459459,0.995490330525406,0.9475,,requires predict_proba,,requires predict_proba,,1.0159999999996217,success,
nnpu,scar-pi0.5-scalesmall,105,{},scar,0.5,0.5,0.5,True,0,,,,,0.5,,,-0.1588628762541806,1.0,0.9852216748768474,0.998875,0.9875,0.9875930521091811,0.6588628762541806,0.9989285104743432,0.9875,,requires predict_proba,,requires predict_proba,,1.094000000000051,success,
nnpu,scar-pi0.5-scalesmall,106,{},scar,0.5,0.5,0.5,True,0,,,,,0.0,,,-0.04460742018981878,0.9052631578947369,0.9237379162191193,0.9832000000000001,0.92,0.9191919191919192,0.639344262295082,0.9839996647723713,0.92,,requires predict_proba,,requires predict_proba,,1.0929999999998472,success,
nnpu,scar-pi0.5-scalesmall,107,{},scar,0.5,0.5,0.5,True,0,,,,,0.5,,,-0.13655714230426874,0.9876543209876543,1.0,0.995425,0.96,0.9591836734693877,0.6489028213166145,0.9957238931533146,0.96,,requires predict_proba,,requires predict_proba,,0.9070000000001528,success,
nnpu,scar-pi0.5-scalesmall,108,{},scar,0.5,0.5,0.5,True,0,,,,,0.5,,,-0.12116913593219153,0.989247311827957,0.965119328612641,0.9981,0.9775,0.9777777777777777,0.6319218241042345,0.9981234187872248,0.9775,,requires predict_proba,,requires predict_proba,,0.7969999999995707,success,
nnpu,scar-pi0.5-scalesmall,109,{},scar,0.5,0.5,0.5,True,0,,,,,0.0,,,-0.07968029812690003,0.9029126213592233,0.9554630913854216,0.9897750000000001,0.9325,0.9305912596401028,0.6767676767676768,0.9900851569155739,0.9325,,requires predict_proba,,requires predict_proba,,0.8280000000004293,success,
nnpu,scar-pi0.5-scalesmall,110,{},scar,0.5,0.5,0.5,True,0,,,,,0.5,,,-0.13080644634042693,0.970873786407767,0.9660435685649424,0.99555,0.9725,0.972568578553616,0.6599326599326599,0.9958769809731289,0.9724999999999999,,requires predict_proba,,requires predict_proba,,0.8280000000004293,success,
nnpu,scar-pi0.5-scalesmall,111,{},scar,0.5,0.5,0.5,True,0,,,,,0.0,,,-0.11333333333333334,0.98,0.9423076923076923,0.987975,0.945,0.946078431372549,0.6333333333333333,0.9898956541404609,0.9450000000000001,,requires predict_proba,,requires predict_proba,,0.8590000000003783,success,
nnpu,scar-pi0.5-scalesmall,112,{},scar,0.5,0.5,0.5,True,0,,,,,0.5,,,-0.08750293634014567,0.9595959595959596,0.9271458546820867,0.989975,0.9525,0.9533169533169533,0.627906976744186,0.9895930539451608,0.9525,,requires predict_proba,,requires predict_proba,,0.9679999999998472,success,
nnpu,scar-pi0.5-scalesmall,113,{},scar,0.5,0.5,0.5,True,0,,,,,0.5,,,-0.13318112633181123,0.9722222222222222,0.9531590413943355,0.9977,0.975,0.9752475247524752,0.660958904109589,0.9977878285982342,0.975,,requires predict_proba,,requires predict_proba,,0.7969999999995707,success,
nnpu,scar-pi0.5-scalesmall,114,{},scar,0.5,0.5,0.5,True,0,,,,,0.5,,,-0.1313988682721411,0.9803921568627451,0.9611687812379853,0.9979499999999999,0.975,0.9752475247524752,0.6510067114093959,0.9980137446453253,0.975,,requires predict_proba,,requires predict_proba,,0.9690000000000509,success,
nnpu,scar-pi0.5-scalesmall,115,{},scar,0.5,0.5,0.5,True,0,,,,,0.5,,,-0.09654874892148402,0.9473684210526315,0.9617953513224685,0.989275,0.9425,0.9420654911838791,0.6491803278688525,0.9898266844653099,0.9425,,requires predict_proba,,requires predict_proba,,0.8130000000001019,success,
nnpu,scar-pi0.5-scalesmall,116,{},scar,0.5,0.5,0.5,True,0,,,,,0.0,,,-0.12631154156577884,0.9619047619047619,0.9619047619047619,0.99545,0.97,0.97,0.6644067796610169,0.9957345864112428,0.97,,requires predict_proba,,requires predict_proba,,0.8599999999996726,success,
nnpu,scar-pi0.5-scalesmall,117,{},scar,0.5,0.5,0.5,True,0,,,,,0.0,,,-0.09733548105641132,0.9494949494949495,0.9494949494949495,0.992675,0.965,0.965,0.6478405315614618,0.9930592146761903,0.965,,requires predict_proba,,requires predict_proba,,1.030999999999949,success,
nnpu,scar-pi0.5-scalesmall,118,{},scar,0.5,0.5,0.5,True,0,,,,,0.0,,,-0.08215697346132128,0.9782608695652174,0.9228876127973749,0.99215,0.95,0.9514563106796117,0.6038961038961039,0.9922010780145912,0.95,,requires predict_proba,,requires predict_proba,,1.2660000000005311,success,
nnpu,scar-pi0.5-scalesmall,119,{},scar,0.5,0.5,0.5,True,0,,,,,0.0,,,-0.0818397274477855,0.9767441860465116,0.9391771019677996,0.984375,0.945,0.946078431372549,0.6050955414012739,0.983213423903491,0.9450000000000001,,requires predict_proba,,requires predict_proba,,0.9530000000004293,success,
nnpu,scar-pi0.5-scalemid,100,{},scar,0.5,0.5,0.5,True,0,,,,,0.6666666666666666,,,-0.09419899864637865,0.9753086419753086,0.927981581327601,0.996633,0.9565,0.9575816674792784,0.6188903566710701,0.9969559692102617,0.9565,,requires predict_proba,,requires predict_proba,,3.936999999999898,success,
nnpu,scar-pi0.5-scalemid,101,{},scar,0.5,0.5,0.5,True,0,,,,,0.3333333333333333,,,-0.10538707013902837,0.9957264957264957,0.9358331726752779,0.997624,0.963,0.9641472868217055,0.6096605744125326,0.9976302042468196,0.9630000000000001,,requires predict_proba,,requires predict_proba,,3.2340000000003783,success,
nnpu,scar-pi0.5-scalemid,102,{},scar,0.5,0.5,0.5,True,0,,,,,0.5,,,-0.12938005390835577,1.0,0.9380863039399624,0.998795,0.966,0.9670861568247822,0.6293800539083558,0.9987760294127325,0.966,,requires predict_proba,,requires predict_proba,,3.139999999999418,success,
nnpu,scar-pi0.5-scalemid,103,{},scar,0.5,0.5,0.5,True,0,,,,,0.16666666666666666,,,-0.10062971621826339,0.9875776397515528,0.9281744734507075,0.997025,0.958,0.9593023255813954,0.6130520764667106,0.9971632261572356,0.958,,requires predict_proba,,requires predict_proba,,3.3590000000003783,success,
nnpu,scar-pi0.5-scalemid,104,{},scar,0.5,0.5,0.5,True,0,,,,,0.5,,,-0.12647265386688172,0.9980353634577603,0.9397696454404523,0.998016,0.964,0.965082444228904,0.6284372904091214,0.9980315957590634,0.964,,requires predict_proba,,requires predict_proba,,3.280999999999949,success,
nnpu,scar-pi0.5-scalemid,105,{},scar,0.5,0.5,0.5,True,0,,,,,0.16666666666666666,,,-0.1277518345563709,1.0,0.9442870632672333,0.9991260000000001,0.9685,0.9694026226323458,0.627751834556371,0.999126339863053,0.9684999999999999,,requires predict_proba,,requires predict_proba,,3.344000000000051,success,
nnpu,scar-pi0.5-scalemid,106,{},scar,0.5,0.5,0.5,True,0,,,,,0.5,,,-0.12145360826097185,0.9921722113502935,0.9368953837113254,0.997784,0.9625,0.9635745507527926,0.6292813969106783,0.9978593041280064,0.9625,,requires predict_proba,,requires predict_proba,,3.280999999999949,success,
nnpu,scar-pi0.5-scalemid,107,{},scar,0.5,0.5,0.5,True,0,,,,,0.3333333333333333,,,-0.1070496491054258,0.9897330595482546,0.9328304048522664,0.996637,0.9615,0.9626394953905871,0.6173165895571712,0.9967532432814428,0.9615,,requires predict_proba,,requires predict_proba,,3.3909999999996217,success,
nnpu,scar-pi0.5-scalemid,108,{},scar,0.5,0.5,0.5,True,0,,,,,0.3333333333333333,,,-0.12915828567545978,0.9981167608286252,0.9310790679371503,0.998891,0.963,0.9642857142857143,0.6310415248468346,0.9988971329345846,0.9630000000000001,,requires predict_proba,,requires predict_proba,,3.405999999999949,success,
nnpu,scar-pi0.5-scalemid,109,{},scar,0.5,0.5,0.5,True,0,,,,,0.16666666666666666,,,-0.12776633650420055,0.996116504854369,0.9397325517494046,0.9977309999999999,0.963,0.9640776699029127,0.6316498316498317,0.9978596708746077,0.9630000000000001,,requires predict_proba,,requires predict_proba,,3.530999999999949,success,
nnpu,scar-pi0.5-scalemid,110,{},scar,0.5,0.5,0.5,True,0,,,,,0.5,,,-0.10413692671757185,0.9958419958419958,0.9272271842104244,0.997315,0.958,0.9594985535197685,0.6082949308755761,0.9973807193002094,0.958,,requires predict_proba,,requires predict_proba,,3.842999999999847,success,
nnpu,scar-pi0.5-scalemid,111,{},scar,0.5,0.5,0.5,True,0,,,,,0.5,,,-0.10508069917536511,0.9960079840319361,0.9179797087851946,0.9968109999999999,0.9495,0.951558752997602,0.609072715143429,0.9968999828341202,0.9495,,requires predict_proba,,requires predict_proba,,3.311999999999898,success,
nnpu,scar-pi0.5-scalemid,112,{},scar,0.5,0.5,0.5,True,0,,,,,0.6666666666666666,,,-0.10533333333333333,0.996,0.9188191881918818,0.997309,0.955,0.9568138195777351,0.6093333333333333,0.9973565243618318,0.9550000000000001,,requires predict_proba,,requires predict_proba,,3.391000000000531,success,
nnpu,scar-pi0.5-scalemid,113,{},scar,0.5,0.5,0.5,True,0,,,,,0.5,,,-0.12555664360782404,0.9961013645224172,0.9379485541642345,0.9980110000000001,0.966,0.9670223084384093,0.6294552790854069,0.9981421384391879,0.966,,requires predict_proba,,requires predict_proba,,3.186999999999898,success,
nnpu,scar-pi0.5-scalemid,114,{},scar,0.5,0.5,0.5,True,0,,,,,0.5,,,-0.11572357883037498,0.9941747572815534,0.9256748205601055,0.998366,0.96,0.9614271938283511,0.6215488215488215,0.998335364237082,0.96,,requires predict_proba,,requires predict_proba,,2.891000000000531,success,
nnpu,scar-pi0.5-scalemid,115,{},scar,0.5,0.5,0.5,True,0,,,,,0.8333333333333334,,,-0.10685207503426958,0.9863013698630136,0.9226392608634366,0.995783,0.9545,0.9560173997100049,0.6205507051712559,0.9961654876333248,0.9545,,requires predict_proba,,requires predict_proba,,3.061999999999898,success,
nnpu,scar-pi0.5-scalemid,116,{},scar,0.5,0.5,0.5,True,0,,,,,0.5,,,-0.10677299933134365,0.9938271604938271,0.9296792895171442,0.99701,0.9615,0.9627839536007733,0.6129458388375165,0.9969627084169053,0.9615,,requires predict_proba,,requires predict_proba,,3.063000000000102,success,
nnpu,scar-pi0.5-scalemid,117,{},scar,0.5,0.5,0.5,True,0,,,,,0.5,,,-0.11604056110241895,0.9898785425101214,0.9409491848955527,0.997729,0.967,0.9678362573099415,0.6261620185922975,0.9977112426570173,0.967,,requires predict_proba,,requires predict_proba,,3.1090000000003783,success,
nnpu,scar-pi0.5-scalemid,118,{},scar,0.5,0.5,0.5,True,0,,,,,0.6666666666666666,,,-0.12535036017482465,0.9941972920696325,0.9370379755604453,0.99849,0.9645,0.9655507035419699,0.6311530681051922,0.998493094423244,0.9645,,requires predict_proba,,requires predict_proba,,3.2030000000004293,success,
nnpu,scar-pi0.5-scalemid,119,{},scar,0.5,0.5,0.5,True,0,,,,,0.5,,,-0.11229358226307001,0.9916492693110647,0.9426323852766774,0.996173,0.965,0.9658869395711501,0.6206443129520053,0.9963534729061605,0.965,,requires predict_proba,,requires predict_proba,,3.092999999999847,success,
nnpu,sar-pi0.1-scalesmall,100,{},linear,0.1,0.5,0.5,True,0,,,,,0.0,,,-0.022126022126022132,0.9545454545454546,0.8123791102514507,0.9959722222222223,0.9725,0.8735632183908046,0.9312169312169312,0.9719911469281748,0.9624999999999999,,requires predict_proba,,requires predict_proba,,0.8279999999995198,success,
nnpu,sar-pi0.1-scalesmall,101,{},linear,0.1,0.5,0.5,True,0,,,,,0.0,,,-0.014062500000000006,1.0,0.8163265306122449,0.997361111111111,0.9775,0.898876404494382,0.9140625,0.9745792097968733,0.9875,,requires predict_proba,,requires predict_proba,,0.7969999999995707,success,
nnpu,sar-pi0.1-scalesmall,102,{},linear,0.1,0.5,0.5,True,0,,,,,0.0,,,-0.03963254593175854,1.0,0.9523809523809524,0.9927777777777778,0.98,0.9024390243902439,0.9396325459317585,0.9641845213856692,0.9555555555555556,,requires predict_proba,,requires predict_proba,,0.9219999999995707,success,
nnpu,sar-pi0.1-scalesmall,103,{},linear,0.1,0.5,0.5,True,0,,,,,0.0,,,-0.03931398416886544,1.0,0.9090909090909092,0.9945138888888889,0.97,0.8571428571428571,0.9393139841688655,0.9605114295858144,0.9388888888888889,,requires predict_proba,,requires predict_proba,,0.7820000000001528,success,
nnpu,sar-pi0.1-scalesmall,104,{},linear,0.1,0.5,0.5,True,0,,,,,0.0,,,-0.05534540422096644,0.8695652173913043,1.0,0.9959722222222223,0.9675,0.8059701492537313,0.9814323607427056,0.9727733846865438,0.8375,,requires predict_proba,,requires predict_proba,,0.8119999999998981,success,
nnpu,sar-pi0.1-scalesmall,105,{},linear,0.1,0.5,0.5,True,0,,,,,0.0,,,-0.055026455026455035,1.0,1.0,0.999375,0.9925,0.9620253164556962,0.955026455026455,0.9946426380636906,0.9736111111111111,,requires predict_proba,,requires predict_proba,,0.7960000000002765,success,
nnpu,sar-pi0.1-scalesmall,106,{},linear,0.1,0.5,0.5,True,0,,,,,0.0,,,-0.027894736842105278,0.85,1.0,0.9818749999999999,0.9525,0.7397260273972602,0.9578947368421052,0.8720940301965224,0.8291666666666666,,requires predict_proba,,requires predict_proba,,0.7970000000004802,success,
nnpu,sar-pi0.1-scalesmall,107,{},linear,0.1,0.5,0.5,True,0,,,,,0.0,,,-0.04962187318208261,0.9444444444444444,1.0,0.9868055555555555,0.975,0.8611111111111112,0.9607329842931938,0.9294945548696969,0.8861111111111111,,requires predict_proba,,requires predict_proba,,0.7960000000002765,success,
nnpu,sar-pi0.1-scalesmall,108,{},linear,0.1,0.5,0.5,True,0,,,,,0.0,,,-0.04444444444444445,1.0,0.930232558139535,0.9998611111111111,0.9925,0.963855421686747,0.9444444444444444,0.998765243902439,0.9958333333333333,,requires predict_proba,,requires predict_proba,,0.7809999999999491,success,
nnpu,sar-pi0.1-scalesmall,109,{},linear,0.1,0.5,0.5,True,0,,,,,0.0,,,-0.049070803256028264,0.9411764705882353,1.0,0.9844444444444445,0.9675,0.8169014084507042,0.9608355091383812,0.9099039872217738,0.8597222222222223,,requires predict_proba,,requires predict_proba,,0.8119999999998981,success,
nnpu,sar-pi0.1-scalesmall,110,{},linear,0.1,0.5,0.5,True,0,,,,,0.0,,,-0.044000000000000004,1.0,0.8695652173913043,0.999375,0.985,0.9302325581395349,0.944,0.994562204930932,0.9916666666666667,,requires predict_proba,,requires predict_proba,,0.9529999999995198,success,
nnpu,sar-pi0.1-scalesmall,111,{},linear,0.1,0.5,0.5,True,0,,,,,0.0,,,-0.007894736842105274,1.0,0.7272727272727273,0.9752083333333333,0.9475,0.7789473684210526,0.9078947368421053,0.9057431538092351,0.9375,,requires predict_proba,,requires predict_proba,,0.8130000000001019,success,
nnpu,sar-pi0.1-scalesmall,112,{},linear,0.1,0.5,0.5,True,0,,,,,0.0,,,-0.038253949948102876,0.9565217391304348,0.9109730848861284,0.993125,0.97,0.8536585365853658,0.946949602122016,0.9505526642344269,0.9277777777777778,,requires predict_proba,,requires predict_proba,,1.1099999999996726,success,
nnpu,sar-pi0.1-scalesmall,113,{},linear,0.1,0.5,0.5,True,0,,,,,0.0,,,-0.052631578947368425,1.0,1.0,0.9983333333333333,0.99,0.9487179487179487,0.9526315789473684,0.9891971544715445,0.9611111111111111,,requires predict_proba,,requires predict_proba,,0.8280000000004293,success,
nnpu,sar-pi0.1-scalesmall,114,{},linear,0.1,0.5,0.5,True,0,,,,,0.0,,,-0.03700787401574804,1.0,0.930232558139535,0.9995833333333334,0.9925,0.963855421686747,0.937007874015748,0.9960962034044512,0.9958333333333333,,requires predict_proba,,requires predict_proba,,0.875,success,
nnpu,sar-pi0.1-scalesmall,115,{},linear,0.1,0.5,0.5,True,0,,,,,0.0,,,0.006696821208694553,0.8095238095238095,0.753045404208195,0.9911111111111112,0.9625,0.8192771084337349,0.9313984168865436,0.9386752932354225,0.9125,,requires predict_proba,,requires predict_proba,,0.8279999999995198,success,
nnpu,sar-pi0.1-scalesmall,116,{},linear,0.1,0.5,0.5,True,0,,,,,0.0,,,-0.029212212589521308,0.8571428571428571,1.0,0.9961805555555555,0.98,0.8918918918918919,0.9577836411609498,0.9710362037569686,0.9111111111111111,,requires predict_proba,,requires predict_proba,,0.8279999999995198,success,
nnpu,sar-pi0.1-scalesmall,117,{},linear,0.1,0.5,0.5,True,0,,,,,0.0,,,-0.029523809523809535,0.9333333333333333,1.0,0.9931944444444445,0.975,0.868421052631579,0.9428571428571428,0.9556094311098327,0.9083333333333333,,requires predict_proba,,requires predict_proba,,0.9369999999998981,success,
nnpu,sar-pi0.1-scalesmall,118,{},linear,0.1,0.5,0.5,True,0,,,,,0.0,,,-0.023482849604221645,1.0,0.8,0.9949305555555555,0.97,0.8666666666666667,0.9234828496042217,0.9727002287664632,0.9722222222222222,,requires predict_proba,,requires predict_proba,,0.8119999999998981,success,
nnpu,sar-pi0.1-scalesmall,119,{},linear,0.1,0.5,0.5,True,0,,,,,0.0,,,-0.008081226688769177,0.8947368421052632,0.8133971291866029,0.9898611111111111,0.96,0.8095238095238095,0.9291338582677166,0.9210291489047024,0.9111111111111111,,requires predict_proba,,requires predict_proba,,0.8119999999998981,success,
nnpu,sar-pi0.1-scalemid,100,{},linear,0.1,0.5,0.5,True,0,,,,,0.5,,,-0.049027850761954817,1.0,1.0,0.9985611111111111,0.99,0.949238578680203,0.9490278507619548,0.989405098252861,0.9655555555555555,,requires predict_proba,,requires predict_proba,,3.469000000000051,success,
nnpu,sar-pi0.1-scalemid,101,{},linear,0.1,0.5,0.5,True,0,,,,,0.625,,,-0.040220241216570536,1.0,0.9661835748792271,0.9989277777777779,0.9905,0.9533169533169533,0.9402202412165706,0.992343472167216,0.9813888888888889,,requires predict_proba,,requires predict_proba,,3.391000000000531,success,
nnpu,sar-pi0.1-scalemid,102,{},linear,0.1,0.5,0.5,True,0,,,,,0.375,,,-0.044269380575449185,0.9904761904761905,0.9616273693943598,0.9994527777777777,0.992,0.9605911330049262,0.946174142480211,0.9953666982569184,0.9844444444444445,,requires predict_proba,,requires predict_proba,,3.405999999999949,success,
nnpu,sar-pi0.1-scalemid,103,{},linear,0.1,0.5,0.5,True,0,,,,,0.625,,,-0.05006674503397024,0.9905660377358491,1.0,0.9984527777777777,0.994,0.9696969696969697,0.9519535374868004,0.9927148830985337,0.9788888888888889,,requires predict_proba,,requires predict_proba,,3.29700000000048,success,
nnpu,sar-pi0.1-scalemid,104,{},linear,0.1,0.5,0.5,True,0,,,,,0.625,,,-0.047789473684210534,0.96,1.0,0.9983361111111111,0.988,0.9368421052631579,0.9557894736842105,0.9897338790201642,0.9444444444444444,,requires predict_proba,,requires predict_proba,,3.407000000000153,success,
nnpu,sar-pi0.1-scalemid,105,{},linear,0.1,0.5,0.5,True,0,,,,,0.375,,,-0.04246861924686193,1.0,1.0,0.9992,0.991,0.9547738693467337,0.9424686192468619,0.9935042471397074,0.9727777777777777,,requires predict_proba,,requires predict_proba,,3.436999999999898,success,
nnpu,sar-pi0.1-scalemid,106,{},linear,0.1,0.5,0.5,True,0,,,,,0.625,,,-0.05327561327561328,0.9727272727272728,1.0,0.998786111111111,0.9885,0.9402597402597402,0.9587301587301588,0.9908740081854305,0.9513888888888888,,requires predict_proba,,requires predict_proba,,3.469000000000051,success,
nnpu,sar-pi0.1-scalemid,107,{},linear,0.1,0.5,0.5,True,0,,,,,0.625,,,-0.04501777373949915,0.9696969696969697,1.0,0.9974916666666667,0.9865,0.9305912596401028,0.9510783798001052,0.9859202963056607,0.9502777777777778,,requires predict_proba,,requires predict_proba,,3.532000000000153,success,
nnpu,sar-pi0.1-scalemid,108,{},linear,0.1,0.5,0.5,True,0,,,,,0.5,,,-0.0437977885110973,0.98989898989899,0.9849741193024776,0.9994583333333333,0.9925,0.9625935162094763,0.9458179905312993,0.9954811245782639,0.9802777777777778,,requires predict_proba,,requires predict_proba,,3.6099999999996726,success,
nnpu,sar-pi0.1-scalemid,109,{},linear,0.1,0.5,0.5,True,0,,,,,0.375,,,-0.054180173388616665,0.9714285714285714,1.0,0.9979388888888889,0.987,0.9312169312169312,0.9598944591029024,0.987434177696132,0.9394444444444445,,requires predict_proba,,requires predict_proba,,3.530999999999949,success,
nnpu,sar-pi0.1-scalemid,110,{},linear,0.1,0.5,0.5,True,0,,,,,0.5,,,-0.035736677115987464,1.0,0.9569377990430623,0.9989027777777778,0.9895,0.9486552567237164,0.9357366771159875,0.9923356224588556,0.9808333333333333,,requires predict_proba,,requires predict_proba,,3.514999999999418,success,
nnpu,sar-pi0.1-scalemid,111,{},linear,0.1,0.5,0.5,True,0,,,,,0.375,,,-0.04631578947368421,1.0,0.9900990099009901,0.99885,0.993,0.9651741293532339,0.9463157894736842,0.9895301487825262,0.9827777777777778,,requires predict_proba,,requires predict_proba,,3.5,success,
nnpu,sar-pi0.1-scalemid,112,{},linear,0.1,0.5,0.5,True,0,,,,,0.625,,,-0.05052631578947369,1.0,1.0,0.9986388888888889,0.992,0.9593908629441624,0.9505263157894737,0.9914675930108847,0.971111111111111,,requires predict_proba,,requires predict_proba,,4.265999999999622,success,
nnpu,sar-pi0.1-scalemid,113,{},linear,0.1,0.5,0.5,True,0,,,,,0.5,,,-0.04070424075662421,0.989010989010989,0.9939808934783809,0.9987583333333333,0.9925,0.9624060150375939,0.9429020429544264,0.9900921733232815,0.9780555555555555,,requires predict_proba,,requires predict_proba,,4.359000000000378,success,
nnpu,sar-pi0.1-scalemid,114,{},linear,0.1,0.5,0.5,True,0,,,,,0.5,,,-0.04658910629296669,1.0,0.9523809523809524,0.9991472222222223,0.99,0.9512195121951219,0.9465891062929667,0.9928585866585548,0.9833333333333334,,requires predict_proba,,requires predict_proba,,4.25,success,
nnpu,sar-pi0.1-scalemid,115,{},linear,0.1,0.5,0.5,True,0,,,,,0.625,,,-0.04447543661263978,0.9809523809523809,0.9760720208481402,0.997925,0.9905,0.9526184538653366,0.9482849604221636,0.988451181265043,0.9747222222222223,,requires predict_proba,,requires predict_proba,,5.030999999999949,success,
nnpu,sar-pi0.1-scalemid,116,{},linear,0.1,0.5,0.5,True,0,,,,,0.5,,,-0.043653244605606586,0.9716981132075472,0.9765810182990424,0.9988638888888889,0.9915,0.9573934837092731,0.9493136219640972,0.9915141235342232,0.9752777777777777,,requires predict_proba,,requires predict_proba,,3.9210000000002765,success,
nnpu,sar-pi0.1-scalemid,117,{},linear,0.1,0.5,0.5,True,0,,,,,0.625,,,-0.05006674503397024,0.9905660377358491,1.0,0.9990833333333333,0.994,0.9696969696969697,0.9519535374868004,0.9929442032287082,0.9788888888888889,,requires predict_proba,,requires predict_proba,,4.030999999999949,success,
nnpu,sar-pi0.1-scalemid,118,{},linear,0.1,0.5,0.5,True,0,,,,,0.25,,,-0.04276210649489954,0.9896907216494846,0.9847668872134174,0.9996138888888889,0.9945,0.972568578553616,0.9448239621650026,0.9964649282221009,0.9858333333333333,,requires predict_proba,,requires predict_proba,,4.280999999999949,success,
nnpu,sar-pi0.1-scalemid,119,{},linear,0.1,0.5,0.5,True,0,,,,,0.375,,,-0.04441874197550261,0.9690721649484536,1.0,0.9971333333333333,0.987,0.9329896907216495,0.9506043089858118,0.9832840877120261,0.9505555555555556,,requires predict_proba,,requires predict_proba,,5.311999999999898,success,
nnpu,sar-pi0.3-scalesmall,100,{},linear,0.3,0.5,0.5,True,0,,,,,0.0,,,-0.10094777172817099,0.9655172413793104,0.9902740937223697,0.9919940476190476,0.9575,0.9282700421940928,0.8216374269005848,0.9830934361873307,0.9458333333333333,,requires predict_proba,,requires predict_proba,,0.8900000000003274,success,
nnpu,sar-pi0.3-scalesmall,101,{},linear,0.3,0.5,0.5,True,0,,,,,0.0,,,-0.08999999999999997,0.9833333333333333,0.9291338582677164,0.9963392857142856,0.9775,0.9635627530364372,0.8,0.9906372969523736,0.9815476190476191,,requires predict_proba,,requires predict_proba,,0.875,success,
nnpu,sar-pi0.3-scalesmall,102,{},linear,0.3,0.5,0.5,True,0,,,,,0.0,,,-0.1250728862973761,1.0,1.0,0.9971726190476191,0.9875,0.9789029535864979,0.8250728862973761,0.9945294206065556,0.9815476190476191,,requires predict_proba,,requires predict_proba,,0.8440000000000509,success,
nnpu,sar-pi0.3-scalesmall,103,{},linear,0.3,0.5,0.5,True,0,,,,,0.0,,,-0.11722943722943721,0.9428571428571428,0.9838509316770188,0.9953869047619047,0.9575,0.9276595744680851,0.8515151515151516,0.9893598208515041,0.9434523809523809,,requires predict_proba,,requires predict_proba,,1.110000000000582,success,
nnpu,sar-pi0.3-scalesmall,104,{},linear,0.3,0.5,0.5,True,0,,,,,0.0,,,-0.14643440391943385,0.8787878787878788,1.0,0.995625,0.9125,0.8292682926829268,0.9191616766467066,0.9904515510025501,0.8541666666666667,,requires predict_proba,,requires predict_proba,,1.0779999999995198,success,
nnpu,sar-pi0.3-scalesmall,105,{},linear,0.3,0.5,0.5,True,0,,,,,0.5,,,-0.12697947214076244,1.0,1.0,0.998422619047619,0.98,0.9663865546218487,0.8269794721407625,0.99679221298597,0.9738095238095239,,requires predict_proba,,requires predict_proba,,1.0320000000001528,success,
nnpu,sar-pi0.3-scalesmall,106,{},linear,0.3,0.5,0.5,True,0,,,,,0.0,,,-0.07544157128726864,0.873015873015873,0.9977324263038548,0.980327380952381,0.9325,0.88,0.8516320474777448,0.960621111595876,0.9017857142857142,,requires predict_proba,,requires predict_proba,,0.8440000000000509,success,
nnpu,sar-pi0.3-scalesmall,107,{},linear,0.3,0.5,0.5,True,0,,,,,0.5,,,-0.11637764932562619,0.9444444444444444,1.0,0.9932142857142857,0.9525,0.9147982062780269,0.8497109826589595,0.9859033139808596,0.9232142857142858,,requires predict_proba,,requires predict_proba,,0.8590000000003783,success,
nnpu,sar-pi0.3-scalesmall,108,{},linear,0.3,0.5,0.5,True,0,,,,,0.5,,,-0.12300884955752212,1.0,0.9917355371900827,0.9985416666666667,0.9875,0.979253112033195,0.8230088495575221,0.996903002372616,0.9863095238095239,,requires predict_proba,,requires predict_proba,,0.7969999999995707,success,
nnpu,sar-pi0.3-scalesmall,109,{},linear,0.3,0.5,0.5,True,0,,,,,0.5,,,-0.13368659036314823,0.9206349206349206,1.0,0.9874404761904763,0.94,0.8899082568807339,0.8813056379821959,0.9754666469957188,0.9023809523809524,,requires predict_proba,,requires predict_proba,,0.8130000000001019,success,
nnpu,sar-pi0.3-scalesmall,110,{},linear,0.3,0.5,0.5,True,0,,,,,0.0,,,-0.09743701339523186,0.9672131147540983,0.9592196179379489,0.9955654761904762,0.9725,0.9543568464730291,0.8171091445427728,0.9915037947643403,0.968452380952381,,requires predict_proba,,requires predict_proba,,0.7970000000004802,success,
nnpu,sar-pi0.3-scalesmall,111,{},linear,0.3,0.5,0.5,True,0,,,,,0.0,,,-0.07868681345991349,0.9830508474576272,0.9074315514993481,0.9841964285714286,0.945,0.912,0.7888563049853372,0.9714089891219658,0.9464285714285714,,requires predict_proba,,requires predict_proba,,0.9530000000004293,success,
nnpu,sar-pi0.3-scalesmall,112,{},linear,0.3,0.5,0.5,True,0,,,,,0.5,,,-0.1324404761904762,0.96875,1.0,0.985922619047619,0.945,0.9051724137931034,0.8511904761904762,0.9711922732802797,0.925,,requires predict_proba,,requires predict_proba,,0.8119999999998981,success,
nnpu,sar-pi0.3-scalesmall,113,{},linear,0.3,0.5,0.5,True,0,,,,,0.5,,,-0.10178571428571426,0.9375,0.986842105263158,0.9975892857142856,0.975,0.9572649572649573,0.8392857142857143,0.9950365929146158,0.9630952380952381,,requires predict_proba,,requires predict_proba,,0.8280000000004293,success,
nnpu,sar-pi0.3-scalesmall,114,{},linear,0.3,0.5,0.5,True,0,,,,,0.5,,,-0.11836936555037444,0.9841269841269841,0.984126984126984,0.9977380952380953,0.99,0.9833333333333333,0.827893175074184,0.9953276179542543,0.9880952380952381,,requires predict_proba,,requires predict_proba,,0.9849999999996726,success,
nnpu,sar-pi0.3-scalesmall,115,{},linear,0.3,0.5,0.5,True,0,,,,,0.0,,,-0.08747591522157996,0.9444444444444444,1.0,0.990297619047619,0.9525,0.9184549356223176,0.8208092485549133,0.9811210149550417,0.9351190476190476,,requires predict_proba,,requires predict_proba,,1.0780000000004293,success,
nnpu,sar-pi0.3-scalesmall,116,{},linear,0.3,0.5,0.5,True,0,,,,,0.0,,,-0.09400648978812748,0.9032258064516129,1.0,0.99625,0.96,0.9292035398230089,0.8520710059171598,0.9917254356475792,0.9357142857142857,,requires predict_proba,,requires predict_proba,,0.9539999999997235,success,
nnpu,sar-pi0.3-scalesmall,117,{},linear,0.3,0.5,0.5,True,0,,,,,0.0,,,-0.06908395049455737,0.864406779661017,1.0,0.9957142857142858,0.95,0.9099099099099099,0.8504398826979472,0.9905019079075312,0.9190476190476191,,requires predict_proba,,requires predict_proba,,0.8599999999996726,success,
nnpu,sar-pi0.3-scalesmall,118,{},linear,0.3,0.5,0.5,True,0,,,,,0.0,,,-0.09451827242524916,0.9821428571428571,0.9660421545667446,0.9930357142857142,0.97,0.9504132231404959,0.8052325581395349,0.9861444111238661,0.9666666666666667,,requires predict_proba,,requires predict_proba,,1.030999999999949,success,
nnpu,sar-pi0.3-scalesmall,119,{},linear,0.3,0.5,0.5,True,0,,,,,0.0,,,-0.07663690476190477,0.890625,0.9715909090909088,0.98875,0.925,0.8695652173913043,0.8422619047619048,0.9731736092484728,0.8988095238095238,,requires predict_proba,,requires predict_proba,,0.7660000000005311,success,
nnpu,sar-pi0.3-scalemid,100,{},linear,0.3,0.5,0.5,True,0,,,,,0.7142857142857143,,,-0.12084536633888149,0.996742671009772,0.9868739316928435,0.9964023809523809,0.975,0.9585406301824212,0.8227997637330183,0.9928749178921518,0.9716666666666667,,requires predict_proba,,requires predict_proba,,3.20299999999952,success,
nnpu,sar-pi0.3-scalemid,101,{},linear,0.3,0.5,0.5,True,0,,,,,0.5714285714285714,,,-0.09669227486128895,0.9894366197183099,0.9590661903570047,0.9982702380952381,0.9775,0.963084495488105,0.803030303030303,0.996164239216931,0.9777380952380952,,requires predict_proba,,requires predict_proba,,3.217999999999847,success,
nnpu,sar-pi0.3-scalemid,102,{},linear,0.3,0.5,0.5,True,0,,,,,0.42857142857142855,,,-0.11767980782817578,0.9968253968253968,0.9677916474032979,0.998727380952381,0.982,0.9704433497536946,0.8195845697329377,0.9971816236329942,0.9828571428571429,,requires predict_proba,,requires predict_proba,,3.4210000000002765,success,
nnpu,sar-pi0.3-scalemid,103,{},linear,0.3,0.5,0.5,True,0,,,,,0.42857142857142855,,,-0.1002564315168086,0.9826989619377162,0.9697687124385357,0.9972916666666667,0.976,0.9602649006622517,0.8106370543541789,0.9945251181250994,0.9733333333333334,,requires predict_proba,,requires predict_proba,,3.32799999999952,success,
nnpu,sar-pi0.3-scalemid,104,{},linear,0.3,0.5,0.5,True,0,,,,,0.5714285714285714,,,-0.11615594467707141,0.9831081081081081,1.0,0.9978559523809524,0.9795,0.9654591406908172,0.8262910798122066,0.9952990286333226,0.9724999999999999,,requires predict_proba,,requires predict_proba,,3.3909999999996217,success,
nnpu,sar-pi0.3-scalemid,105,{},linear,0.3,0.5,0.5,True,0,,,,,0.5714285714285714,,,-0.10807489760093622,1.0,0.9693053311793215,0.9993333333333334,0.9855,0.9762100082034455,0.8080748976009362,0.9984920544229384,0.9872619047619048,,requires predict_proba,,requires predict_proba,,3.780999999999949,success,
nnpu,sar-pi0.3-scalemid,106,{},linear,0.3,0.5,0.5,True,0,,,,,0.7142857142857143,,,-0.12166191118439407,0.990228013029316,0.9968738386201168,0.9963380952380951,0.971,0.9515050167224081,0.8275251033668045,0.992283124963482,0.9645238095238096,,requires predict_proba,,requires predict_proba,,3.3900000000003274,success,
nnpu,sar-pi0.3-scalemid,107,{},linear,0.3,0.5,0.5,True,0,,,,,0.5714285714285714,,,-0.11103828474010019,0.9792387543252595,1.0,0.9952321428571428,0.9705,0.950210970464135,0.8234950321449445,0.990045654430258,0.9613095238095238,,requires predict_proba,,requires predict_proba,,3.92200000000048,success,
nnpu,sar-pi0.3-scalemid,108,{},linear,0.3,0.5,0.5,True,0,,,,,0.42857142857142855,,,-0.11352941176470588,1.0,0.9724473257698542,0.9989833333333333,0.9835,0.9728841413311422,0.8135294117647058,0.9976697974966393,0.9844047619047619,,requires predict_proba,,requires predict_proba,,4.094000000000051,success,
nnpu,sar-pi0.3-scalemid,109,{},linear,0.3,0.5,0.5,True,0,,,,,0.2857142857142857,,,-0.1314716548959725,0.9903225806451613,1.0,0.9957535714285715,0.973,0.9543147208121827,0.8372781065088757,0.9917094707335635,0.9635714285714285,,requires predict_proba,,requires predict_proba,,4.17200000000048,success,
nnpu,sar-pi0.3-scalemid,110,{},linear,0.3,0.5,0.5,True,0,,,,,0.5714285714285714,,,-0.10186480186480185,1.0,0.9615384615384615,0.99735,0.972,0.954248366013072,0.8018648018648019,0.9941017476031092,0.9723809523809523,,requires predict_proba,,requires predict_proba,,4.375,success,
nnpu,sar-pi0.3-scalemid,111,{},linear,0.3,0.5,0.5,True,0,,,,,0.5714285714285714,,,-0.10928078899093391,0.9966555183946488,0.9660635073292234,0.9976357142857144,0.9755,0.9598031173092699,0.8112874779541446,0.9948940930442935,0.9753571428571428,,requires predict_proba,,requires predict_proba,,3.467999999999847,success,
nnpu,sar-pi0.3-scalemid,112,{},linear,0.3,0.5,0.5,True,0,,,,,0.42857142857142855,,,-0.10288352917418936,0.9829351535836177,0.9715998223231805,0.9955761904761905,0.9655,0.9428334714167357,0.8131224370240188,0.9904958711532863,0.9605952380952381,,requires predict_proba,,requires predict_proba,,3.25,success,
nnpu,sar-pi0.3-scalemid,113,{},linear,0.3,0.5,0.5,True,0,,,,,0.42857142857142855,,,-0.11089677363386144,0.9932885906040269,0.9754061446193388,0.9982357142857143,0.9815,0.9694467382328654,0.8149236192714454,0.9958716542648687,0.9805952380952381,,requires predict_proba,,requires predict_proba,,3.5,success,
nnpu,sar-pi0.3-scalemid,114,{},linear,0.3,0.5,0.5,True,0,,,,,0.42857142857142855,,,-0.10672621217644915,0.9967948717948718,0.9433389953894685,0.9985154761904761,0.976,0.9611021069692058,0.808649289099526,0.9966956754042475,0.9795238095238095,,requires predict_proba,,requires predict_proba,,3.5,success,
nnpu,sar-pi0.3-scalemid,115,{},linear,0.3,0.5,0.5,True,0,,,,,0.2857142857142857,,,-0.11621772591856999,0.993421052631579,0.981964796670424,0.9956833333333334,0.9745,0.9577464788732394,0.8201650943396226,0.9916770655577991,0.9713095238095238,,requires predict_proba,,requires predict_proba,,3.2650000000003274,success,
nnpu,sar-pi0.3-scalemid,116,{},linear,0.3,0.5,0.5,True,0,,,,,0.42857142857142855,,,-0.10444487596115587,0.9839228295819936,0.9521833834664454,0.9966249999999999,0.97,0.9508196721311475,0.8140911782119598,0.9922060327806188,0.969047619047619,,requires predict_proba,,requires predict_proba,,3.2969999999995707,success,
nnpu,sar-pi0.3-scalemid,117,{},linear,0.3,0.5,0.5,True,0,,,,,0.5714285714285714,,,-0.12916998143728453,0.9907407407407407,0.9940542549238202,0.9977761904761905,0.978,0.9632721202003339,0.8347255369928401,0.9947535639645677,0.9733333333333334,,requires predict_proba,,requires predict_proba,,3.280999999999949,success,
nnpu,sar-pi0.3-scalemid,118,{},linear,0.3,0.5,0.5,True,0,,,,,0.5714285714285714,,,-0.1145895939426293,0.9965870307167235,0.9883507742645192,0.9984630952380953,0.9865,0.9775933609958506,0.8166373755125952,0.9964619315551146,0.9851190476190477,,requires predict_proba,,requires predict_proba,,3.57799999999952,success,
nnpu,sar-pi0.3-scalemid,119,{},linear,0.3,0.5,0.5,True,0,,,,,0.5714285714285714,,,-0.1108032764521314,0.9831649831649831,0.9881055107185759,0.9954214285714286,0.9715,0.9523809523809523,0.8209042865531415,0.9906165947294944,0.9653571428571428,,requires predict_proba,,requires predict_proba,,3.3590000000003783,success,
nnpu,sar-pi0.5-scalesmall,100,{},linear,0.5,0.5,0.5,True,0,,,,,0.0,,,-0.1317436608698745,0.978021978021978,0.9979816102265082,0.9891,0.955,0.9545454545454546,0.6537216828478964,0.9905857101563275,0.955,,requires predict_proba,,requires predict_proba,,0.7969999999995707,success,
nnpu,sar-pi0.5-scalesmall,101,{},linear,0.5,0.5,0.5,True,0,,,,,0.5,,,-0.12665441801912147,0.9896907216494846,0.9608647783004705,0.992075,0.965,0.9655172413793104,0.636963696369637,0.9908541724643442,0.965,,requires predict_proba,,requires predict_proba,,0.7970000000004802,success,
nnpu,sar-pi0.5-scalesmall,102,{},linear,0.5,0.5,0.5,True,0,,,,,0.5,,,-0.13843648208469056,1.0,0.9803921568627451,0.9965999999999999,0.965,0.9653465346534653,0.6384364820846905,0.9968492734963861,0.965,,requires predict_proba,,requires predict_proba,,0.8280000000004293,success,
nnpu,sar-pi0.5-scalesmall,103,{},linear,0.5,0.5,0.5,True,0,,,,,0.5,,,-0.15109717868338557,0.9545454545454546,0.9891662741403675,0.984275,0.9375,0.9363867684478372,0.696551724137931,0.9840136293754744,0.9375,,requires predict_proba,,requires predict_proba,,0.875,success,
nnpu,sar-pi0.5-scalesmall,104,{},linear,0.5,0.5,0.5,True,0,,,,,0.5,,,-0.2027385012748767,0.9702970297029703,1.0,0.993625,0.93,0.9259259259259259,0.7324414715719063,0.9937042613947968,0.9299999999999999,,requires predict_proba,,requires predict_proba,,0.9059999999999491,success,
nnpu,sar-pi0.5-scalesmall,105,{},linear,0.5,0.5,0.5,True,0,,,,,0.5,,,-0.15999999999999998,1.0,0.9900990099009901,0.998425,0.985,0.9850746268656716,0.66,0.9984990586567495,0.985,,requires predict_proba,,requires predict_proba,,0.7820000000001528,success,
nnpu,sar-pi0.5-scalesmall,106,{},linear,0.5,0.5,0.5,True,0,,,,,0.5,,,-0.11427219894580348,0.9387755102040817,0.9881847475832439,0.9823500000000001,0.925,0.9230769230769231,0.6754966887417219,0.9831860459201679,0.925,,requires predict_proba,,requires predict_proba,,0.7969999999995707,success,
nnpu,sar-pi0.5-scalesmall,107,{},linear,0.5,0.5,0.5,True,0,,,,,0.5,,,-0.16538639354173335,0.989010989010989,1.0,0.9910500000000001,0.95,0.9487179487179487,0.6763754045307443,0.9917143564799044,0.95,,requires predict_proba,,requires predict_proba,,0.7970000000004802,success,
nnpu,sar-pi0.5-scalesmall,108,{},linear,0.5,0.5,0.5,True,0,,,,,0.5,,,-0.14569536423841062,1.0,0.9756097560975611,0.99685,0.9725,0.9728395061728395,0.6456953642384106,0.9968239376574078,0.9724999999999999,,requires predict_proba,,requires predict_proba,,0.875,success,
nnpu,sar-pi0.5-scalesmall,109,{},linear,0.5,0.5,0.5,True,0,,,,,0.5,,,-0.12018859693278294,0.9191919191919192,1.0,0.98295,0.9125,0.9081364829396326,0.7009966777408638,0.983725744033164,0.9125,,requires predict_proba,,requires predict_proba,,0.8119999999998981,success,
nnpu,sar-pi0.5-scalesmall,110,{},linear,0.5,0.5,0.5,True,0,,,,,0.5,,,-0.14535916061339793,0.9809523809523809,0.9712399811409712,0.993925,0.97,0.9701492537313433,0.6644067796610169,0.9942924980885222,0.97,,requires predict_proba,,requires predict_proba,,0.8429999999998472,success,
nnpu,sar-pi0.5-scalesmall,111,{},linear,0.5,0.5,0.5,True,0,,,,,0.5,,,-0.13449138044479536,0.9901960784313726,0.9567111868902152,0.9869,0.9425,0.9434889434889435,0.6442953020134228,0.9890396906256964,0.9425,,requires predict_proba,,requires predict_proba,,0.8280000000004293,success,
nnpu,sar-pi0.5-scalesmall,112,{},linear,0.5,0.5,0.5,True,0,,,,,0.5,,,-0.11449395553570857,0.9626168224299065,0.9391383633462503,0.97615,0.9275,0.928395061728395,0.6518771331058021,0.9756523270659889,0.9275,,requires predict_proba,,requires predict_proba,,0.7970000000004802,success,
nnpu,sar-pi0.5-scalesmall,113,{},linear,0.5,0.5,0.5,True,0,,,,,0.5,,,-0.12566585956416465,0.9714285714285714,0.9523809523809523,0.9948250000000001,0.965,0.9653465346534653,0.6542372881355932,0.9951154280562923,0.965,,requires predict_proba,,requires predict_proba,,0.46900000000005093,success,
nnpu,sar-pi0.5-scalesmall,114,{},linear,0.5,0.5,0.5,True,0,,,,,0.5,,,-0.1351896690879742,0.9809523809523809,0.9570267131242741,0.99765,0.9725,0.9728395061728395,0.6542372881355932,0.9977674793428586,0.9724999999999999,,requires predict_proba,,requires predict_proba,,0.4849999999996726,success,
nnpu,sar-pi0.5-scalesmall,115,{},linear,0.5,0.5,0.5,True,0,,,,,0.5,,,-0.06888763410502541,0.9130434782608695,0.9610983981693364,0.981575,0.925,0.9230769230769231,0.6558441558441559,0.9825522624324979,0.925,,requires predict_proba,,requires predict_proba,,0.4849999999996726,success,
nnpu,sar-pi0.5-scalesmall,116,{},linear,0.5,0.5,0.5,True,0,,,,,0.5,,,-0.14508487958941968,0.9705882352941176,0.9903961584633854,0.9916499999999999,0.955,0.9545454545454546,0.674496644295302,0.9921834566423811,0.955,,requires predict_proba,,requires predict_proba,,0.4849999999996726,success,
nnpu,sar-pi0.5-scalesmall,117,{},linear,0.5,0.5,0.5,True,0,,,,,0.5,,,-0.16295804838215777,0.9896907216494846,1.0,0.9925249999999999,0.9625,0.9620253164556962,0.6732673267326733,0.9928990228783937,0.9624999999999999,,requires predict_proba,,requires predict_proba,,0.46900000000005093,success,
nnpu,sar-pi0.5-scalesmall,118,{},linear,0.5,0.5,0.5,True,0,,,,,0.0,,,-0.09087247381878044,0.978494623655914,0.931899641577061,0.991725,0.95,0.9512195121951219,0.6123778501628665,0.9917740947822337,0.95,,requires predict_proba,,requires predict_proba,,0.48400000000037835,success,
nnpu,sar-pi0.5-scalesmall,119,{},linear,0.5,0.5,0.5,True,0,,,,,0.5,,,-0.12167987762480881,0.9680851063829787,0.9828275191705368,0.9819249999999999,0.9275,0.9269521410579346,0.6535947712418301,0.9805543295048583,0.9275,,requires predict_proba,,requires predict_proba,,0.48400000000037835,success,
nnpu,sar-pi0.5-scalemid,100,{},linear,0.5,0.5,0.5,True,0,,,,,0.6666666666666666,,,-0.11759476103738398,0.9959016393442623,0.941305897300815,0.994476,0.951,0.9523809523809523,0.6216931216931217,0.9950655453322985,0.9510000000000001,,requires predict_proba,,requires predict_proba,,1.9679999999998472,success,
nnpu,sar-pi0.5-scalemid,101,{},linear,0.5,0.5,0.5,True,0,,,,,0.5,,,-0.10941145685688741,0.9979338842975206,0.9309084741581348,0.996187,0.957,0.9584942084942085,0.6114775725593667,0.9962284086829586,0.9570000000000001,,requires predict_proba,,requires predict_proba,,1.75,success,
nnpu,sar-pi0.5-scalemid,102,{},linear,0.5,0.5,0.5,True,0,,,,,0.3333333333333333,,,-0.12895622895622894,1.0,0.9380863039399624,0.9985740000000001,0.966,0.9670861568247822,0.6289562289562289,0.9985456218783024,0.966,,requires predict_proba,,requires predict_proba,,1.8429999999998472,success,
nnpu,sar-pi0.5-scalemid,103,{},linear,0.5,0.5,0.5,True,0,,,,,0.5,,,-0.10783825782083822,0.9957805907172996,0.9358840138320484,0.9949809999999999,0.951,0.9525193798449613,0.6120576671035387,0.9952291248501874,0.9510000000000001,,requires predict_proba,,requires predict_proba,,1.7969999999995707,success,
nnpu,sar-pi0.5-scalemid,104,{},linear,0.5,0.5,0.5,True,0,,,,,0.3333333333333333,,,-0.12235329113225502,0.9959432048681541,0.9449176516775656,0.997137,0.965,0.9659201557935735,0.6264100862641009,0.9971352038015114,0.965,,requires predict_proba,,requires predict_proba,,1.844000000000051,success,
nnpu,sar-pi0.5-scalemid,105,{},linear,0.5,0.5,0.5,True,0,,,,,0.5,,,-0.13302139037433153,1.0,0.9496676163342831,0.999055,0.9705,0.9712615684364345,0.6330213903743316,0.9990556624068098,0.9704999999999999,,requires predict_proba,,requires predict_proba,,1.8280000000004293,success,
nnpu,sar-pi0.5-scalemid,106,{},linear,0.5,0.5,0.5,True,0,,,,,0.6666666666666666,,,-0.12001541027210744,0.9980314960629921,0.9318688105163325,0.9963740000000001,0.9545,0.9560598744567842,0.6219839142091153,0.9965082512218556,0.9545,,requires predict_proba,,requires predict_proba,,1.875,success,
nnpu,sar-pi0.5-scalemid,107,{},linear,0.5,0.5,0.5,True,0,,,,,0.5,,,-0.11518151815181515,1.0,0.9363295880149812,0.994258,0.956,0.9574468085106383,0.6151815181518152,0.9944376887790625,0.956,,requires predict_proba,,requires predict_proba,,1.875,success,
nnpu,sar-pi0.5-scalemid,108,{},linear,0.5,0.5,0.5,True,0,,,,,0.5,,,-0.12458025520483546,1.0,0.9345794392523364,0.998266,0.962,0.9632850241545894,0.6245802552048355,0.9982866968937303,0.962,,requires predict_proba,,requires predict_proba,,1.8280000000004293,success,
nnpu,sar-pi0.5-scalemid,109,{},linear,0.5,0.5,0.5,True,0,,,,,0.6666666666666666,,,-0.12225292801684434,0.996078431372549,0.9352849120869006,0.9956830000000001,0.9555,0.9569007263922518,0.6261744966442953,0.9959116252592946,0.9555,,requires predict_proba,,requires predict_proba,,1.8590000000003783,success,
nnpu,sar-pi0.5-scalemid,110,{},linear,0.5,0.5,0.5,True,0,,,,,0.6666666666666666,,,-0.10749506903353057,1.0,0.929368029739777,0.9957229999999999,0.952,0.953757225433526,0.6074950690335306,0.9958302049342904,0.952,,requires predict_proba,,requires predict_proba,,1.8119999999998981,success,
nnpu,sar-pi0.5-scalemid,111,{},linear,0.5,0.5,0.5,True,0,,,,,0.16666666666666666,,,-0.10687795010114631,1.0,0.9090909090909091,0.995155,0.939,0.9419047619047619,0.6068779501011463,0.9953154863377796,0.9390000000000001,,requires predict_proba,,requires predict_proba,,1.8429999999998472,success,
nnpu,sar-pi0.5-scalemid,112,{},linear,0.5,0.5,0.5,True,0,,,,,0.5,,,-0.09833991077556625,0.9939516129032258,0.9135584677419354,0.994256,0.944,0.946360153256705,0.6043882978723404,0.9943483411507553,0.944,,requires predict_proba,,requires predict_proba,,2.405999999999949,success,
nnpu,sar-pi0.5-scalemid,113,{},linear,0.5,0.5,0.5,True,0,,,,,0.3333333333333333,,,-0.12733333333333335,0.998,0.9459715639810428,0.99737,0.9675,0.9683698296836983,0.6293333333333333,0.99746833794146,0.9675,,requires predict_proba,,requires predict_proba,,1.875,success,
nnpu,sar-pi0.5-scalemid,114,{},linear,0.5,0.5,0.5,True,0,,,,,0.5,,,-0.1135855989126821,0.9979959919839679,0.9283683646362493,0.998043,0.9595,0.9609638554216867,0.6155896069287142,0.9980225005428164,0.9595,,requires predict_proba,,requires predict_proba,,1.8280000000004293,success,
nnpu,sar-pi0.5-scalemid,115,{},linear,0.5,0.5,0.5,True,0,,,,,0.5,,,-0.10866666666666669,0.996,0.9230769230769231,0.9924799999999999,0.9455,0.9475709475709476,0.6126666666666667,0.9931065683167335,0.9455,,requires predict_proba,,requires predict_proba,,2.407000000000153,success,
nnpu,sar-pi0.5-scalemid,116,{},linear,0.5,0.5,0.5,True,0,,,,,0.5,,,-0.11733333333333335,1.0,0.9310986964618249,0.994841,0.954,0.9556412729026037,0.6173333333333333,0.9946891753696087,0.954,,requires predict_proba,,requires predict_proba,,2.0469999999995707,success,
nnpu,sar-pi0.5-scalemid,117,{},linear,0.5,0.5,0.5,True,0,,,,,0.6666666666666666,,,-0.12815183720836443,0.9961464354527938,0.9379909938350224,0.9966759999999999,0.96,0.9612027158098934,0.6320054017555705,0.9966507322041498,0.96,,requires predict_proba,,requires predict_proba,,2.07799999999952,success,
nnpu,sar-pi0.5-scalemid,118,{},linear,0.5,0.5,0.5,True,0,,,,,0.5,,,-0.1272545090180361,1.0,0.942507068803016,0.997744,0.9625,0.9636098981077147,0.627254509018036,0.9977706595889598,0.9625,,requires predict_proba,,requires predict_proba,,1.875,success,
nnpu,sar-pi0.5-scalemid,119,{},linear,0.5,0.5,0.5,True,0,,,,,0.6666666666666666,,,-0.12180024327611838,0.9979591836734694,0.9441430309115132,0.9934700000000001,0.9565,0.95770539620807,0.623841059602649,0.993817309140832,0.9565,,requires predict_proba,,requires predict_proba,,1.8910000000005311,success,
ldce,scar-pi0.1-scalesmall,100,"{""max_iter"": 10000}",scar,0.1,0.5,0.5,True,0,True,156.0,,1839.761696795681,,,,0.35945572592899566,0.7368421052631579,0.17440049828713794,0.6604861111111111,0.6075,0.24880382775119617,0.5931758530183727,0.18074980254150158,0.6263888888888889,,requires predict_proba,,requires predict_proba,,0.2970000000004802,success,
ldce,scar-pi0.1-scalesmall,101,"{""max_iter"": 10000}",scar,0.1,0.5,0.5,True,0,True,541.0,,1394.3332018736962,,,,0.41169284467713796,0.6666666666666666,0.14652014652014653,0.6213194444444445,0.58,0.24324324324324326,0.5549738219895288,0.1612716063858602,0.6222222222222222,,requires predict_proba,,requires predict_proba,,1.0780000000004293,success,
ldce,scar-pi0.1-scalesmall,102,"{""max_iter"": 10000}",scar,0.1,0.5,0.5,True,0,True,674.0,,1726.8230042292332,,,,0.39513758009800226,0.7142857142857143,0.1578531965272297,0.6922916666666667,0.6025,0.28054298642533937,0.5620052770448549,0.2051097986022298,0.6791666666666667,,requires predict_proba,,requires predict_proba,,1.3119999999998981,success,
ldce,scar-pi0.1-scalesmall,103,"{""max_iter"": 10000}",scar,0.1,0.5,0.5,True,0,True,304.0,,1638.2497463188768,,,,0.43333333333333335,0.6,0.1297297297297297,0.625,0.5675,0.2311111111111111,0.5466666666666666,0.17622484134138178,0.6041666666666667,,requires predict_proba,,requires predict_proba,,0.5929999999998472,success,
ldce,scar-pi0.1-scalesmall,104,"{""max_iter"": 10000}",scar,0.1,0.5,0.5,True,0,True,758.0,,1713.140018292003,,,,0.372,0.68,0.16,0.6364583333333333,0.59,0.21904761904761905,0.592,0.20096883079101477,0.5833333333333333,,requires predict_proba,,requires predict_proba,,1.4840000000003783,success,
ldce,scar-pi0.1-scalesmall,105,"{""max_iter"": 10000}",scar,0.1,0.5,0.5,True,0,True,1272.0,,1650.3946723329848,,,,0.42800000000000005,0.52,0.11885714285714287,0.5956944444444444,0.5825,0.22325581395348837,0.568,0.19687766545211274,0.5902777777777778,,requires predict_proba,,requires predict_proba,,3.0,success,
ldce,scar-pi0.1-scalesmall,106,"{""max_iter"": 10000}",scar,0.1,0.5,0.5,True,0,True,434.0,,1583.8621597740894,,,,0.4147368421052632,0.65,0.14285714285714285,0.6365972222222223,0.575,0.23423423423423423,0.5552631578947368,0.13311932717854463,0.6083333333333334,,requires predict_proba,,requires predict_proba,,0.875,success,
ldce,scar-pi0.1-scalesmall,107,"{""max_iter"": 10000}",scar,0.1,0.5,0.5,True,0,True,2645.0,,1573.6739180766353,,,,0.378999418266434,0.7777777777777778,0.1728395061728395,0.6782638888888889,0.58,0.23636363636363636,0.5654450261780105,0.2360432328754177,0.6111111111111112,,requires predict_proba,,requires predict_proba,,5.875,success,
ldce,scar-pi0.1-scalesmall,108,"{""max_iter"": 10000}",scar,0.1,0.5,0.5,True,0,True,310.0,,1834.8671459962384,,,,0.3725348725348725,0.7272727272727273,0.16718913270637412,0.631875,0.59,0.2336448598130841,0.582010582010582,0.20858657138991163,0.6055555555555556,,requires predict_proba,,requires predict_proba,,1.0320000000001528,success,
ldce,scar-pi0.1-scalesmall,109,"{""max_iter"": 10000}",scar,0.1,0.5,0.5,True,0,True,803.0,,1378.3938993985053,,,,0.42489632928889576,0.6470588235294118,0.1399046104928458,0.630625,0.5725,0.24,0.5456919060052219,0.1851108277564216,0.6180555555555556,,requires predict_proba,,requires predict_proba,,2.8280000000004293,success,
ldce,scar-pi0.1-scalesmall,110,"{""max_iter"": 10000}",scar,0.1,0.5,0.5,True,0,True,256.0,,1853.951237307809,,,,0.42119815668202765,0.5714285714285714,0.12841091492776885,0.6229861111111111,0.57,0.21100917431192662,0.5645161290322581,0.22357855582026934,0.5722222222222222,,requires predict_proba,,requires predict_proba,,0.9679999999998472,success,
ldce,scar-pi0.1-scalesmall,111,"{""max_iter"": 10000}",scar,0.1,0.5,0.5,True,0,True,646.0,,1499.0127151614822,,,,0.3962287608785744,0.6842105263157895,0.1537551744529864,0.6674305555555555,0.58,0.22935779816513763,0.5669291338582677,0.1811808831036945,0.6,,requires predict_proba,,requires predict_proba,,2.32799999999952,success,
ldce,scar-pi0.1-scalesmall,112,"{""max_iter"": 10000}",scar,0.1,0.5,0.5,True,0,True,333.0,,1690.3195780803633,,,,0.38,0.68,0.15722543352601157,0.5935416666666666,0.5825,0.215962441314554,0.584,0.14331472224488886,0.5791666666666666,,requires predict_proba,,requires predict_proba,,1.139999999999418,success,
ldce,scar-pi0.1-scalesmall,113,"{""max_iter"": 10000}",scar,0.1,0.5,0.5,True,0,True,435.0,,1790.7556051529962,,,,0.43997113997114,0.36363636363636365,0.0886917960088692,0.5540972222222222,0.565,0.14705882352941177,0.5873015873015873,0.124021357931952,0.48055555555555557,,requires predict_proba,,requires predict_proba,,1.4840000000003783,success,
ldce,scar-pi0.1-scalesmall,114,"{""max_iter"": 10000}",scar,0.1,0.5,0.5,True,0,True,456.0,,1806.8805389032916,,,,0.4198784362481006,0.631578947368421,0.13880855986119145,0.6484027777777777,0.575,0.23423423423423423,0.5538057742782152,0.19672937791230527,0.6083333333333334,,requires predict_proba,,requires predict_proba,,1.5619999999998981,success,
ldce,scar-pi0.1-scalesmall,115,"{""max_iter"": 10000}",scar,0.1,0.5,0.5,True,0,True,347.0,,1822.1062787390733,,,,0.47066502841345415,0.35294117647058826,0.08067226890756304,0.5241666666666668,0.5525,0.16744186046511628,0.5587467362924282,0.14588299739029253,0.5069444444444444,,requires predict_proba,,requires predict_proba,,1.2029999999995198,success,
ldce,scar-pi0.1-scalesmall,116,"{""max_iter"": 10000}",scar,0.1,0.5,0.5,True,0,True,2451.0,,1537.9621701315132,,,,0.41018336985353476,0.4782608695652174,0.1166489925768823,0.6186111111111111,0.595,0.20588235294117646,0.5941644562334217,0.16905023215260262,0.5638888888888889,,requires predict_proba,,requires predict_proba,,8.578999999999724,success,
ldce,scar-pi0.1-scalesmall,117,"{""max_iter"": 10000}",scar,0.1,0.5,0.5,True,0,True,901.0,,1541.1634853339488,,,,0.43305705207901646,0.5263157894736842,0.11894142134998513,0.6072916666666667,0.5675,0.20276497695852536,0.5616797900262467,0.15981110104012955,0.5597222222222222,,requires predict_proba,,requires predict_proba,,3.125,success,
ldce,scar-pi0.1-scalesmall,118,"{""max_iter"": 10000}",scar,0.1,0.5,0.5,True,0,True,879.0,,1614.5930212169837,,,,0.4342105263157895,0.5,0.1142857142857143,0.642986111111111,0.5725,0.20465116279069767,0.5657894736842105,0.2122929893505268,0.5625,,requires predict_proba,,requires predict_proba,,3.0,success,
ldce,scar-pi0.1-scalesmall,119,"{""max_iter"": 10000}",scar,0.1,0.5,0.5,True,0,True,3874.0,,1597.4741982396404,,,,0.37151515151515146,0.7333333333333333,0.17054263565891473,0.6838194444444443,0.615,0.27358490566037735,0.5818181818181818,0.232963321113656,0.6638888888888889,,requires predict_proba,,requires predict_proba,,14.375,success,
ldce,scar-pi0.1-scalemid,100,"{""max_iter"": 10000}",scar,0.1,0.5,0.5,True,0,True,1687.0,,6851.543794465669,,,,0.45240993184031164,0.5480769230769231,0.11748701459312393,0.5692472222222222,0.5385,0.1853486319505737,0.5379746835443038,0.1326451031322728,0.5325,,requires predict_proba,,requires predict_proba,,12.45299999999952,success,
ldce,scar-pi0.1-scalemid,101,"{""max_iter"": 10000}",scar,0.1,0.5,0.5,True,0,True,763.0,,6597.3949678224735,,,,0.4308923667701101,0.6382978723404256,0.13668048658253223,0.615525,0.56,0.2239858906525573,0.5414480587618048,0.13960892673001862,0.5933333333333333,,requires predict_proba,,requires predict_proba,,5.438000000000102,success,
ldce,scar-pi0.1-scalemid,102,"{""max_iter"": 10000}",scar,0.1,0.5,0.5,True,0,True,2806.0,,6625.935889232248,,,,0.4526290165530672,0.5865384615384616,0.12322236586942471,0.5774972222222223,0.536,0.19444444444444445,0.5300632911392406,0.13661214533365285,0.5466666666666666,,requires predict_proba,,requires predict_proba,,19.563000000000102,success,
ldce,scar-pi0.1-scalemid,103,"{""max_iter"": 10000}",scar,0.1,0.5,0.5,True,0,True,419.0,,6633.349165514534,,,,0.47287392234582937,0.48623853211009177,0.1032353571359006,0.5497055555555556,0.532,0.18038528896672504,0.5298783712321523,0.11962781196066309,0.5244444444444445,,requires predict_proba,,requires predict_proba,,3.2659999999996217,success,
ldce,scar-pi0.1-scalemid,104,"{""max_iter"": 10000}",scar,0.1,0.5,0.5,True,0,True,1039.0,,6605.6834715378,,,,0.4493272463931297,0.5728155339805825,0.12200543854751492,0.5599583333333333,0.5385,0.18964003511852504,0.5361096468107538,0.11845506822213166,0.5391666666666667,,requires predict_proba,,requires predict_proba,,7.609000000000378,success,
ldce,scar-pi0.1-scalemid,105,"{""max_iter"": 10000}",scar,0.1,0.5,0.5,True,0,True,2086.0,,6504.62604459649,,,,0.45834429883855776,0.5632183908045977,0.11857229280096794,0.5606833333333333,0.535,0.19130434782608696,0.5290120230005227,0.12376845686964627,0.5416666666666667,,requires predict_proba,,requires predict_proba,,14.719000000000051,success,
ldce,scar-pi0.1-scalemid,106,"{""max_iter"": 10000}",scar,0.1,0.5,0.5,True,0,True,3126.0,,6531.498444528677,,,,0.45085106382978724,0.525,0.1141304347826087,0.5578166666666666,0.542,0.18214285714285713,0.5441489361702128,0.13402874548120214,0.5277777777777778,,requires predict_proba,,requires predict_proba,,21.76599999999962,success,
ldce,scar-pi0.1-scalemid,107,"{""max_iter"": 10000}",scar,0.1,0.5,0.5,True,0,True,946.0,,6790.375158188868,,,,0.43209938036699813,0.6415094339622641,0.13649136892814132,0.5848611111111112,0.546,0.20350877192982456,0.5395987328405492,0.14375741502235945,0.5611111111111111,,requires predict_proba,,requires predict_proba,,7.078000000000429,success,
ldce,scar-pi0.1-scalemid,108,"{""max_iter"": 10000}",scar,0.1,0.5,0.5,True,0,True,4196.0,,6881.543085131364,,,,0.46992743204154475,0.4838709677419355,0.10350181128169744,0.5543638888888889,0.5375,0.18502202643171806,0.5332983744100682,0.1270123121748266,0.5319444444444444,,requires predict_proba,,requires predict_proba,,28.92199999999957,success,
ldce,scar-pi0.1-scalemid,109,"{""max_iter"": 10000}",scar,0.1,0.5,0.5,True,0,True,1195.0,,6778.927416692812,,,,0.45759685215081636,0.5046728971962616,0.10947351349159688,0.5542944444444444,0.542,0.1836007130124777,0.5414685684099313,0.11944372318939948,0.53,,requires predict_proba,,requires predict_proba,,8.734000000000378,success,
ldce,scar-pi0.1-scalemid,110,"{""max_iter"": 10000}",scar,0.1,0.5,0.5,True,0,True,1301.0,,6331.250518561511,,,,0.4662803203730075,0.47126436781609193,0.10222654399481387,0.5441777777777778,0.537,0.1746880570409982,0.5394668060637742,0.12053955954774365,0.5161111111111112,,requires predict_proba,,requires predict_proba,,9.07800000000043,success,
ldce,scar-pi0.1-scalemid,111,"{""max_iter"": 10000}",scar,0.1,0.5,0.5,True,0,True,1677.0,,7024.870990187102,,,,0.45193366000753865,0.4857142857142857,0.10769718086791256,0.5638916666666667,0.555,0.19237749546279492,0.5509234828496042,0.11495447839778644,0.5438888888888889,,requires predict_proba,,requires predict_proba,,11.969000000000051,success,
ldce,scar-pi0.1-scalemid,112,"{""max_iter"": 10000}",scar,0.1,0.5,0.5,True,0,True,220.0,,6485.119991246391,,,,0.4473490477009786,0.6039603960396039,0.12714955706096925,0.5681055555555555,0.544,0.20695652173913043,0.5318588730911006,0.14005307255123983,0.5666666666666667,,requires predict_proba,,requires predict_proba,,1.5470000000004802,success,
ldce,scar-pi0.1-scalemid,113,"{""max_iter"": 10000}",scar,0.1,0.5,0.5,True,0,True,2746.0,,6580.48690513302,,,,0.4534041997840229,0.5339805825242718,0.11508202209574825,0.570675,0.543,0.18971631205673758,0.5397996837111229,0.14767634661647294,0.5394444444444444,,requires predict_proba,,requires predict_proba,,18.73400000000038,success,
ldce,scar-pi0.1-scalemid,114,"{""max_iter"": 10000}",scar,0.1,0.5,0.5,True,0,True,2038.0,,6924.879311979586,,,,0.43022227669067814,0.6324786324786325,0.1354343966763667,0.5824583333333333,0.551,0.20811287477954143,0.5432819968135953,0.12907162897278773,0.5683333333333334,,requires predict_proba,,requires predict_proba,,14.063000000000102,success,
ldce,scar-pi0.1-scalemid,115,"{""max_iter"": 10000}",scar,0.1,0.5,0.5,True,0,True,260.0,,7192.818052135549,,,,0.43289097560614365,0.5700934579439252,0.12570969304165935,0.5699166666666667,0.5535,0.1933152664859982,0.5530903328050714,0.13062431688423198,0.5452777777777778,,requires predict_proba,,requires predict_proba,,1.8119999999998981,success,
ldce,scar-pi0.1-scalemid,116,"{""max_iter"": 10000}",scar,0.1,0.5,0.5,True,0,True,1908.0,,6654.230579908162,,,,0.44275421229655854,0.6060606060606061,0.1286752879109567,0.5868666666666666,0.543,0.19964973730297722,0.5360336664913203,0.13593538380873915,0.5549999999999999,,requires predict_proba,,requires predict_proba,,13.25,success,
ldce,scar-pi0.1-scalemid,117,"{""max_iter"": 10000}",scar,0.1,0.5,0.5,True,0,True,1363.0,,6536.361860826879,,,,0.47740626574426714,0.4329896907216495,0.09361939258846476,0.5356444444444444,0.5355,0.17422222222222222,0.535995796111403,0.11552594786854807,0.5152777777777777,,requires predict_proba,,requires predict_proba,,9.515999999999622,success,
ldce,scar-pi0.1-scalemid,118,"{""max_iter"": 10000}",scar,0.1,0.5,0.5,True,0,True,1807.0,,7073.888780173791,,,,0.44563720949276076,0.5728155339805825,0.12292178840785031,0.5563,0.545,0.196113074204947,0.5397996837111229,0.12857678901998187,0.5494444444444444,,requires predict_proba,,requires predict_proba,,12.890999999999622,success,
ldce,scar-pi0.1-scalemid,119,"{""max_iter"": 10000}",scar,0.1,0.5,0.5,True,0,True,594.0,,6959.553947009086,,,,0.4340571902196436,0.6210526315789474,0.13327309690535352,0.5765527777777778,0.549,0.20318021201413428,0.5417322834645669,0.12499200711948139,0.5605555555555555,,requires predict_proba,,requires predict_proba,,4.530999999999949,success,
ldce,scar-pi0.3-scalesmall,100,"{""max_iter"": 10000}",scar,0.3,0.5,0.5,True,0,True,425.0,,840.0354841792375,,,,0.3704577535793507,0.6379310344827587,0.3987068965517242,0.6471428571428571,0.595,0.4807692307692308,0.5467836257309941,0.42269362191549525,0.6035714285714286,,requires predict_proba,,requires predict_proba,,1.6400000000003274,success,
ldce,scar-pi0.3-scalesmall,101,"{""max_iter"": 10000}",scar,0.3,0.5,0.5,True,0,True,347.0,,626.3746211811242,,,,0.3505882352941177,0.7,0.4158415841584158,0.656279761904762,0.6,0.5031055900621118,0.5294117647058824,0.4747824096143326,0.6214285714285714,,requires predict_proba,,requires predict_proba,,1.2030000000004293,success,
ldce,scar-pi0.3-scalesmall,102,"{""max_iter"": 10000}",scar,0.3,0.5,0.5,True,0,True,165.0,,759.4707293753218,,,,0.4271146245059288,0.5272727272727272,0.34765234765234765,0.6333928571428572,0.62,0.4966887417218543,0.5565217391304348,0.4265456661516668,0.6214285714285714,,requires predict_proba,,requires predict_proba,,0.6880000000001019,success,
ldce,scar-pi0.3-scalesmall,103,"{""max_iter"": 10000}",scar,0.3,0.5,0.5,True,0,True,439.0,,778.5424529465561,,,,0.36680677787994226,0.6086956521739131,0.39482961222091656,0.6440773809523809,0.5825,0.4524590163934426,0.56797583081571,0.4310248501545153,0.5803571428571428,,requires predict_proba,,requires predict_proba,,1.6409999999996217,success,
ldce,scar-pi0.3-scalesmall,104,"{""max_iter"": 10000}",scar,0.3,0.5,0.5,True,0,True,1659.0,,816.5647305476849,,,,0.39400688863375427,0.5846153846153846,0.37515425750719866,0.6189880952380952,0.5875,0.46254071661237783,0.5552238805970149,0.4112165316249339,0.5886904761904762,,requires predict_proba,,requires predict_proba,,6.42200000000048,success,
ldce,scar-pi0.3-scalesmall,105,"{""max_iter"": 10000}",scar,0.3,0.5,0.5,True,0,True,1543.0,,676.926123658844,,,,0.42882352941176466,0.55,0.34920634920634924,0.613125,0.5625,0.4336569579288026,0.5411764705882353,0.39282118013102424,0.5613095238095238,,requires predict_proba,,requires predict_proba,,5.20299999999952,success,
ldce,scar-pi0.3-scalesmall,106,"{""max_iter"": 10000}",scar,0.3,0.5,0.5,True,0,True,323.0,,722.637095362247,,,,0.4206718839473182,0.5483870967741935,0.35379812695109253,0.5947619047619047,0.555,0.41830065359477125,0.5502958579881657,0.3656143739503007,0.5488095238095239,,requires predict_proba,,requires predict_proba,,1.1089999999994689,success,
ldce,scar-pi0.3-scalesmall,107,"{""max_iter"": 10000}",scar,0.3,0.5,0.5,True,0,True,260.0,,663.9972752590514,,,,0.5034090909090909,0.4375,0.28378378378378377,0.5311904761904762,0.5325,0.38688524590163936,0.5340909090909091,0.3146417493256042,0.5208333333333334,,requires predict_proba,,requires predict_proba,,0.9220000000004802,success,
ldce,scar-pi0.3-scalesmall,108,"{""max_iter"": 10000}",scar,0.3,0.5,0.5,True,0,True,345.0,,796.4704953201301,,,,0.4425287356321839,0.5,0.3333333333333333,0.5376785714285715,0.55,0.4,0.5574712643678161,0.3380132047532145,0.5357142857142857,,requires predict_proba,,requires predict_proba,,1.1719999999995707,success,
ldce,scar-pi0.3-scalesmall,109,"{""max_iter"": 10000}",scar,0.3,0.5,0.5,True,0,True,290.0,,774.2115879509821,,,,0.43095782349513695,0.5074626865671642,0.34019844909530556,0.5758630952380952,0.5725,0.4280936454849498,0.5645645645645646,0.4015184225277244,0.5613095238095238,,requires predict_proba,,requires predict_proba,,1.0,success,
ldce,scar-pi0.3-scalesmall,110,"{""max_iter"": 10000}",scar,0.3,0.5,0.5,True,0,True,454.0,,808.4926447739246,,,,0.40038151759220014,0.6190476190476191,0.37518037518037517,0.6546428571428572,0.585,0.4779874213836478,0.5281899109792285,0.4869997520872975,0.5988095238095238,,requires predict_proba,,requires predict_proba,,1.5469999999995707,success,
ldce,scar-pi0.3-scalesmall,111,"{""max_iter"": 10000}",scar,0.3,0.5,0.5,True,0,True,4971.0,,685.6646967663315,,,,0.4758823529411765,0.4666666666666667,0.3060109289617486,0.5264880952380951,0.5475,0.40264026402640263,0.5441176470588235,0.3326066922539097,0.5363095238095238,,requires predict_proba,,requires predict_proba,,12.610000000000582,success,
ldce,scar-pi0.3-scalesmall,112,"{""max_iter"": 10000}",scar,0.3,0.5,0.5,True,0,True,208.0,,782.7791380122297,,,,0.3418973086466884,0.6451612903225806,0.4184829991281604,0.6846726190476191,0.6375,0.5245901639344263,0.5710059171597633,0.4871315016221063,0.6458333333333333,,requires predict_proba,,requires predict_proba,,0.39100000000053114,success,
ldce,scar-pi0.3-scalesmall,113,"{""max_iter"": 10000}",scar,0.3,0.5,0.5,True,0,True,156.0,,958.4253497537462,,,,0.44190476190476186,0.4857142857142857,0.32929782082324455,0.6000595238095238,0.5725,0.42424242424242425,0.5666666666666667,0.4074009665394678,0.5589285714285714,,requires predict_proba,,requires predict_proba,,0.2960000000002765,success,
ldce,scar-pi0.3-scalesmall,114,"{""max_iter"": 10000}",scar,0.3,0.5,0.5,True,0,True,290.0,,873.9652085494577,,,,0.4746509129967777,0.49122807017543857,0.31189083820662766,0.5774107142857143,0.5425,0.4077669902912621,0.5306122448979592,0.3769961404943311,0.5375000000000001,,requires predict_proba,,requires predict_proba,,0.5630000000001019,success,
ldce,scar-pi0.3-scalesmall,115,"{""max_iter"": 10000}",scar,0.3,0.5,0.5,True,0,True,213.0,,854.9986209911667,,,,0.2598934261323474,0.8113207547169812,0.4917095483133219,0.6314583333333333,0.59,0.48427672955974843,0.553314121037464,0.42685144434490824,0.6047619047619048,,requires predict_proba,,requires predict_proba,,0.4849999999996726,success,
ldce,scar-pi0.3-scalesmall,116,"{""max_iter"": 10000}",scar,0.3,0.5,0.5,True,0,True,1547.0,,715.3497353081582,,,,0.41239225660590645,0.5396825396825397,0.3578005787950539,0.6302380952380953,0.6025,0.4717607973421927,0.5637982195845698,0.42077894983394637,0.5994047619047619,,requires predict_proba,,requires predict_proba,,4.046999999999571,success,
ldce,scar-pi0.3-scalesmall,117,"{""max_iter"": 10000}",scar,0.3,0.5,0.5,True,0,True,979.0,,774.6019986246888,,,,0.3309199782253674,0.696969696969697,0.42671614100185534,0.624375,0.59,0.4810126582278481,0.5508982035928144,0.41475375333044484,0.6023809523809524,,requires predict_proba,,requires predict_proba,,3.375,success,
ldce,scar-pi0.3-scalesmall,118,"{""max_iter"": 10000}",scar,0.3,0.5,0.5,True,0,True,794.0,,695.659656457889,,,,0.43153500321130384,0.5370370370370371,0.34647550776583036,0.6132440476190477,0.585,0.45751633986928103,0.546242774566474,0.4106066140483579,0.5845238095238096,,requires predict_proba,,requires predict_proba,,2.4530000000004293,success,
ldce,scar-pi0.3-scalesmall,119,"{""max_iter"": 10000}",scar,0.3,0.5,0.5,True,0,True,614.0,,765.6934982779029,,,,0.3220099667774086,0.7142857142857143,0.43956043956043955,0.6623809523809523,0.6025,0.49523809523809526,0.5494186046511628,0.4716649229796216,0.6160714285714286,,requires predict_proba,,requires predict_proba,,1.4220000000004802,success,
ldce,scar-pi0.3-scalemid,100,"{""max_iter"": 10000}",scar,0.3,0.5,0.5,True,0,True,573.0,,3393.763568926185,,,,0.4748013902681231,0.5164473684210527,0.31651524111606905,0.5510821428571429,0.5315,0.4065864471184294,0.5153301886792453,0.34969097931474513,0.5325,,requires predict_proba,,requires predict_proba,,3.813000000000102,success,
ldce,scar-pi0.3-scalemid,101,"{""max_iter"": 10000}",scar,0.3,0.5,0.5,True,0,True,653.0,,3043.908065409112,,,,0.417622063775088,0.5884476534296029,0.36249342100386217,0.5546488095238096,0.538,0.41296060991105465,0.5293093441671504,0.3416530505994919,0.539047619047619,,requires predict_proba,,requires predict_proba,,4.578000000000429,success,
ldce,scar-pi0.3-scalemid,102,"{""max_iter"": 10000}",scar,0.3,0.5,0.5,True,0,True,2721.0,,3265.891122443995,,,,0.4457500225502871,0.5537974683544303,0.3390596745027124,0.5586845238095237,0.541,0.4189873417721519,0.5219714964370546,0.3592785650947544,0.5440476190476191,,requires predict_proba,,requires predict_proba,,18.438000000000102,success,
ldce,scar-pi0.3-scalemid,103,"{""max_iter"": 10000}",scar,0.3,0.5,0.5,True,0,True,1941.0,,2977.435043429846,,,,0.4844820872274143,0.5034722222222222,0.3088786639400136,0.5558595238095239,0.531,0.4055766793409379,0.5134345794392523,0.33959402239651426,0.5316666666666667,,requires predict_proba,,requires predict_proba,,13.625,success,
ldce,scar-pi0.3-scalemid,104,"{""max_iter"": 10000}",scar,0.3,0.5,0.5,True,0,True,2314.0,,3077.619808651924,,,,0.4466013533403495,0.5570032573289903,0.33929132426131386,0.5697380952380953,0.5405,0.4201892744479495,0.5191966922622564,0.3550388782131973,0.5446428571428572,,requires predict_proba,,requires predict_proba,,16.17200000000048,success,
ldce,scar-pi0.3-scalemid,105,"{""max_iter"": 10000}",scar,0.3,0.5,0.5,True,0,True,965.0,,3105.1860784989285,,,,0.4372638028937153,0.5547945205479452,0.34494996096245295,0.5418654761904762,0.5415,0.41405750798722046,0.5298594847775175,0.3323486747644511,0.5410714285714286,,requires predict_proba,,requires predict_proba,,6.594000000000051,success,
ldce,scar-pi0.3-scalemid,106,"{""max_iter"": 10000}",scar,0.3,0.5,0.5,True,0,True,1018.0,,2938.4564844634606,,,,0.4526506865875087,0.5369774919614148,0.3324938030720834,0.5576154761904761,0.5395,0.4130019120458891,0.5251628182356424,0.3367149148312497,0.5396428571428571,,requires predict_proba,,requires predict_proba,,6.890999999999622,success,
ldce,scar-pi0.3-scalemid,107,"{""max_iter"": 10000}",scar,0.3,0.5,0.5,True,0,True,2438.0,,3076.8228547053322,,,,0.44269075790582774,0.5609756097560976,0.3427549550444588,0.5355988095238096,0.53,0.40581542351453853,0.5207238762405137,0.33932216579299673,0.5314285714285714,,requires predict_proba,,requires predict_proba,,17.125,success,
ldce,scar-pi0.3-scalemid,108,"{""max_iter"": 10000}",scar,0.3,0.5,0.5,True,0,True,656.0,,3348.2648165977625,,,,0.4740113527553141,0.5016722408026756,0.3141997332793375,0.5465059523809523,0.525,0.3902439024390244,0.5249853027630805,0.35474013983609287,0.5197619047619048,,requires predict_proba,,requires predict_proba,,4.733999999999469,success,
ldce,scar-pi0.3-scalemid,109,"{""max_iter"": 10000}",scar,0.3,0.5,0.5,True,0,True,461.0,,3444.2741131937823,,,,0.44075828667709344,0.5414012738853503,0.34014739720545567,0.5405547619047619,0.5435,0.41286173633440515,0.5344009489916963,0.34883834446027656,0.5410714285714286,,requires predict_proba,,requires predict_proba,,4.094000000000051,success,
ldce,scar-pi0.3-scalemid,110,"{""max_iter"": 10000}",scar,0.3,0.5,0.5,True,0,True,1399.0,,2902.370562484177,,,,0.4605747811115373,0.5209790209790209,0.3256118881118881,0.5399678571428571,0.536,0.40512820512820513,0.5268378063010501,0.32581607620825714,0.5333333333333333,,requires predict_proba,,requires predict_proba,,10.530999999999949,success,
ldce,scar-pi0.3-scalemid,111,"{""max_iter"": 10000}",scar,0.3,0.5,0.5,True,0,True,670.0,,3358.235968436139,,,,0.4559609204839841,0.5397923875432526,0.3314999309375144,0.553177380952381,0.5385,0.41471147748890297,0.5201636469900643,0.33580373670592367,0.5403571428571429,,requires predict_proba,,requires predict_proba,,3.5159999999996217,success,
ldce,scar-pi0.3-scalemid,112,"{""max_iter"": 10000}",scar,0.3,0.5,0.5,True,0,True,713.0,,3016.7774199050255,,,,0.43341176470588244,0.5766666666666667,0.35020242914979755,0.5511964285714286,0.537,0.4168765743073048,0.5205882352941177,0.348675254328376,0.5411904761904762,,requires predict_proba,,requires predict_proba,,2.983999999999469,success,
ldce,scar-pi0.3-scalemid,113,"{""max_iter"": 10000}",scar,0.3,0.5,0.5,True,0,True,502.0,,3137.649436344349,,,,0.4622455834141917,0.5210355987055016,0.324296015791806,0.5631833333333334,0.543,0.4156010230179028,0.5251330573625074,0.35252133881277764,0.5426190476190476,,requires predict_proba,,requires predict_proba,,1.9529999999995198,success,
ldce,scar-pi0.3-scalemid,114,"{""max_iter"": 10000}",scar,0.3,0.5,0.5,True,0,True,938.0,,3388.5437856279104,,,,0.4109138203817447,0.5913312693498453,0.3650193020678057,0.582202380952381,0.562,0.44274809160305345,0.5342874180083482,0.361072439155353,0.5671428571428572,,requires predict_proba,,requires predict_proba,,3.5789999999997235,success,
ldce,scar-pi0.3-scalemid,115,"{""max_iter"": 10000}",scar,0.3,0.5,0.5,True,0,True,443.0,,3471.447736263636,,,,0.45025519504192496,0.5256410256410257,0.3319838056680162,0.5641416666666667,0.542,0.40903225806451615,0.5343601895734598,0.346316521208058,0.5380952380952381,,requires predict_proba,,requires predict_proba,,2.030999999999949,success,
ldce,scar-pi0.3-scalemid,116,"{""max_iter"": 10000}",scar,0.3,0.5,0.5,True,0,True,2302.0,,3216.27241261559,,,,0.4422346948896421,0.5643564356435643,0.3430738210599175,0.5582369047619048,0.5395,0.41965973534971646,0.5191514437242192,0.3491111554786849,0.5439285714285714,,requires predict_proba,,requires predict_proba,,13.889999999999418,success,
ldce,scar-pi0.3-scalemid,117,"{""max_iter"": 10000}",scar,0.3,0.5,0.5,True,0,True,830.0,,3045.764112705564,,,,0.478844437183848,0.5082508250825083,0.31276973851231277,0.5600499999999999,0.5405,0.4165079365079365,0.516205067766647,0.35749128804544883,0.5422619047619047,,requires predict_proba,,requires predict_proba,,5.719000000000051,success,
ldce,scar-pi0.3-scalemid,118,"{""max_iter"": 10000}",scar,0.3,0.5,0.5,True,0,True,711.0,,3465.680043791504,,,,0.427973910996538,0.5889967637540453,0.35481732756267786,0.5840178571428571,0.553,0.4398496240601504,0.5186280307510349,0.3716241427075089,0.562142857142857,,requires predict_proba,,requires predict_proba,,4.766000000000531,success,
ldce,scar-pi0.3-scalemid,119,"{""max_iter"": 10000}",scar,0.3,0.5,0.5,True,0,True,443.0,,3288.95495500499,,,,0.4496714723982212,0.5570934256055363,0.33797376679810087,0.5388273809523809,0.5265,0.4040276903713027,0.5160724722384571,0.3330793055687838,0.5289285714285714,,requires predict_proba,,requires predict_proba,,3.5460000000002765,success,
ldce,scar-pi0.5-scalesmall,100,"{""max_iter"": 10000}",scar,0.5,0.5,0.5,True,0,True,252.0,,169.7113620623264,,,,0.4346782949809114,0.5376344086021505,0.5514199062586159,0.56205,0.5225,0.5164556962025316,0.5276872964169381,0.5550611802638847,0.5225,,requires predict_proba,,requires predict_proba,,0.9059999999999491,success,
ldce,scar-pi0.5-scalesmall,101,"{""max_iter"": 10000}",scar,0.5,0.5,0.5,True,0,True,252.0,,110.17281480282466,,,,0.283709298764928,0.711340206185567,0.6496257590735772,0.6417999999999999,0.6025,0.6205250596658711,0.504950495049505,0.6418966794042014,0.6025,,requires predict_proba,,requires predict_proba,,1.030999999999949,success,
ldce,scar-pi0.5-scalesmall,102,"{""max_iter"": 10000}",scar,0.5,0.5,0.5,True,0,True,287.0,,183.8383314653519,,,,0.43959528843249773,0.5454545454545454,0.5454545454545454,0.50885,0.48,0.48,0.5149501661129569,0.5574177991110598,0.48,,requires predict_proba,,requires predict_proba,,1.1099999999996726,success,
ldce,scar-pi0.5-scalesmall,103,"{""max_iter"": 10000}",scar,0.5,0.5,0.5,True,0,True,629.0,,164.92162859327993,,,,0.39155050875570163,0.5794392523364486,0.5794392523364486,0.624475,0.555,0.555,0.5290102389078498,0.610231275780783,0.555,,requires predict_proba,,requires predict_proba,,2.4219999999995707,success,
ldce,scar-pi0.5-scalesmall,104,"{""max_iter"": 10000}",scar,0.5,0.5,0.5,True,0,True,489.0,,189.73407178110142,,,,0.4384095634095635,0.5480769230769231,0.5453501722158439,0.582725,0.5475,0.5486284289276808,0.5135135135135135,0.5741392209645162,0.5475000000000001,,requires predict_proba,,requires predict_proba,,1.7650000000003274,success,
ldce,scar-pi0.5-scalesmall,105,"{""max_iter"": 10000}",scar,0.5,0.5,0.5,True,0,True,246.0,,160.03739401899185,,,,0.5494387231365279,0.44554455445544555,0.46170420150823377,0.537025,0.5325,0.5241730279898219,0.5050167224080268,0.5557094608677946,0.5325,,requires predict_proba,,requires predict_proba,,1.3429999999998472,success,
ldce,scar-pi0.5-scalesmall,106,"{""max_iter"": 10000}",scar,0.5,0.5,0.5,True,0,True,296.0,,125.26044551167321,,,,0.4708369283865401,0.49473684210526314,0.5235310498468393,0.50805,0.5175,0.5038560411311054,0.5344262295081967,0.5029748145794258,0.5175000000000001,,requires predict_proba,,requires predict_proba,,1.0320000000001528,success,
ldce,scar-pi0.5-scalesmall,107,"{""max_iter"": 10000}",scar,0.5,0.5,0.5,True,0,True,166.0,,101.09786845084096,,,,0.4705096946476257,0.5185185185185185,0.5237560793116348,0.535275,0.52,0.5175879396984925,0.5109717868338558,0.538753177639502,0.52,,requires predict_proba,,requires predict_proba,,0.5780000000004293,success,
ldce,scar-pi0.5-scalesmall,108,"{""max_iter"": 10000}",scar,0.5,0.5,0.5,True,0,True,1303.0,,187.5236239749601,,,,0.5369864453083955,0.45161290322580644,0.47043010752688175,0.463,0.48,0.46938775510204084,0.511400651465798,0.48590405287165184,0.48,,requires predict_proba,,requires predict_proba,,5.561999999999898,success,
ldce,scar-pi0.5-scalesmall,109,"{""max_iter"": 10000}",scar,0.5,0.5,0.5,True,0,True,114.0,,174.58791247675603,,,,0.4534503612173515,0.5145631067961165,0.5360032362459547,0.5452750000000001,0.54,0.5306122448979592,0.531986531986532,0.5723750085855828,0.54,,requires predict_proba,,requires predict_proba,,0.43800000000010186,success,
ldce,scar-pi0.5-scalesmall,110,"{""max_iter"": 10000}",scar,0.5,0.5,0.5,True,0,True,278.0,,210.7723486764051,,,,0.3892484717727436,0.5922330097087378,0.5806205977536645,0.624225,0.58,0.5841584158415841,0.5185185185185185,0.641760721316394,0.58,,requires predict_proba,,requires predict_proba,,0.9380000000001019,success,
ldce,scar-pi0.5-scalesmall,111,"{""max_iter"": 10000}",scar,0.5,0.5,0.5,True,0,True,624.0,,164.80532436227003,,,,0.5166666666666666,0.47,0.48704663212435234,0.5101,0.5075,0.49872773536895676,0.5133333333333333,0.5165079171168871,0.5075000000000001,,requires predict_proba,,requires predict_proba,,2.1409999999996217,success,
ldce,scar-pi0.5-scalesmall,112,"{""max_iter"": 10000}",scar,0.5,0.5,0.5,True,0,True,1787.0,,161.79578706019586,,,,0.37207624416926743,0.6262626262626263,0.5908137983609681,0.686175,0.61,0.6213592233009708,0.5016611295681063,0.701018216432262,0.61,,requires predict_proba,,requires predict_proba,,5.891000000000531,success,
ldce,scar-pi0.5-scalesmall,113,"{""max_iter"": 10000}",scar,0.5,0.5,0.5,True,0,True,197.0,,242.11771314567144,,,,0.38926940639269403,0.5833333333333334,0.580431177446103,0.56355,0.5575,0.5586034912718204,0.5273972602739726,0.5599371320530815,0.5575000000000001,,requires predict_proba,,requires predict_proba,,0.6570000000001528,success,
ldce,scar-pi0.5-scalesmall,114,"{""max_iter"": 10000}",scar,0.5,0.5,0.5,True,0,True,51.0,,240.537622031076,,,,0.46414001842347674,0.5392156862745098,0.5260640841702535,0.552825,0.5325,0.5382716049382716,0.4966442953020134,0.5368853314612618,0.5325,,requires predict_proba,,requires predict_proba,,0.18699999999989814,success,
ldce,scar-pi0.5-scalesmall,115,"{""max_iter"": 10000}",scar,0.5,0.5,0.5,True,0,True,150.0,,215.12022195894284,,,,0.5043140638481449,0.4842105263157895,0.4966261808367072,0.52615,0.5225,0.5164556962025316,0.5114754098360655,0.5307662929765214,0.5225,,requires predict_proba,,requires predict_proba,,0.5159999999996217,success,
ldce,scar-pi0.5-scalesmall,116,"{""max_iter"": 10000}",scar,0.5,0.5,0.5,True,0,True,2907.0,,169.5774464288415,,,,0.4649717514124294,0.5333333333333333,0.5254515599343186,0.5359,0.5225,0.5260545905707196,0.5016949152542373,0.5355605798875194,0.5225,,requires predict_proba,,requires predict_proba,,9.57800000000043,success,
ldce,scar-pi0.5-scalesmall,117,"{""max_iter"": 10000}",scar,0.5,0.5,0.5,True,0,True,609.0,,159.5547036547934,,,,0.5036578408671433,0.47474747474747475,0.49711777460468565,0.5431750000000001,0.5125,0.5012787723785166,0.521594684385382,0.5711300332555266,0.5125,,requires predict_proba,,requires predict_proba,,2.030999999999949,success,
ldce,scar-pi0.5-scalesmall,118,"{""max_iter"": 10000}",scar,0.5,0.5,0.5,True,0,True,452.0,,144.691905870858,,,,0.4597684923771881,0.5434782608695652,0.5302226935312832,0.591675,0.5625,0.5679012345679012,0.4967532467532468,0.5821015242396315,0.5625,,requires predict_proba,,requires predict_proba,,1.0159999999996217,success,
ldce,scar-pi0.5-scalesmall,119,"{""max_iter"": 10000}",scar,0.5,0.5,0.5,True,0,True,138.0,,140.1046216029655,,,,0.5718412087098208,0.4186046511627907,0.4406364749082008,0.48475,0.5,0.48717948717948717,0.5095541401273885,0.5032821001211732,0.5,,requires predict_proba,,requires predict_proba,,0.28099999999994907,success,
ldce,scar-pi0.5-scalemid,100,"{""max_iter"": 10000}",scar,0.5,0.5,0.5,True,0,True,714.0,,750.2710993237748,,,,0.47523253475110216,0.5267489711934157,0.518453711804543,0.552433,0.534,0.5376984126984127,0.49801849405548215,0.5525248207201323,0.534,,requires predict_proba,,requires predict_proba,,4.561999999999898,success,
ldce,scar-pi0.5-scalemid,101,"{""max_iter"": 10000}",scar,0.5,0.5,0.5,True,0,True,2038.0,,677.6628588846013,,,,0.4702639976791413,0.5277777777777778,0.5225522552255225,0.5597169999999999,0.547,0.5492537313432836,0.5019582245430809,0.5561276166229979,0.547,,requires predict_proba,,requires predict_proba,,14.32800000000043,success,
ldce,scar-pi0.5-scalemid,102,"{""max_iter"": 10000}",scar,0.5,0.5,0.5,True,0,True,1667.0,,795.1695184782375,,,,0.4798679454230135,0.501937984496124,0.5153367397290801,0.5265390000000001,0.522,0.5157041540020263,0.5181940700808625,0.5335246394694166,0.522,,requires predict_proba,,requires predict_proba,,12.264999999999418,success,
ldce,scar-pi0.5-scalemid,103,"{""max_iter"": 10000}",scar,0.5,0.5,0.5,True,0,True,2662.0,,676.5561288306849,,,,0.4947823903285198,0.5134575569358178,0.5038837653933443,0.5409889999999999,0.5255,0.5299653293709757,0.4917600527356625,0.5421552077967952,0.5255000000000001,,requires predict_proba,,requires predict_proba,,18.65599999999995,success,
ldce,scar-pi0.5-scalemid,104,"{""max_iter"": 10000}",scar,0.5,0.5,0.5,True,0,True,1773.0,,742.0311576068876,,,,0.48406944614642666,0.5068762278978389,0.5119961897957969,0.5225329999999999,0.52,0.5175879396984925,0.5090543259557344,0.5073906746710194,0.52,,requires predict_proba,,requires predict_proba,,9.265999999999622,success,
ldce,scar-pi0.5-scalemid,105,"{""max_iter"": 10000}",scar,0.5,0.5,0.5,True,0,True,734.0,,721.1497301486495,,,,0.4713594825026398,0.5169660678642715,0.5216610170174283,0.5306090000000001,0.5185,0.5163234555499749,0.5116744496330887,0.517584685612829,0.5185,,requires predict_proba,,requires predict_proba,,5.235000000000582,success,
ldce,scar-pi0.5-scalemid,106,"{""max_iter"": 10000}",scar,0.5,0.5,0.5,True,0,True,883.0,,695.9457808096977,,,,0.49033749124368,0.4911937377690802,0.5074315472821077,0.479796,0.495,0.4867886178861789,0.5184687709872398,0.4929531019777834,0.495,,requires predict_proba,,requires predict_proba,,5.844000000000051,success,
ldce,scar-pi0.5-scalemid,107,"{""max_iter"": 10000}",scar,0.5,0.5,0.5,True,0,True,1414.0,,685.2251312275014,,,,0.46314487311201624,0.5338809034907598,0.5275502998920552,0.556307,0.534,0.536779324055666,0.5029742233972241,0.5537012543902555,0.534,,requires predict_proba,,requires predict_proba,,9.688000000000102,success,
ldce,scar-pi0.5-scalemid,108,"{""max_iter"": 10000}",scar,0.5,0.5,0.5,True,0,True,919.0,,941.3293744622146,,,,0.4626634052912739,0.5254237288135594,0.527533864270642,0.5615350000000001,0.543,0.5420841683366734,0.5119128658951668,0.571599947244944,0.543,,requires predict_proba,,requires predict_proba,,3.407000000000153,success,
ldce,scar-pi0.5-scalemid,109,"{""max_iter"": 10000}",scar,0.5,0.5,0.5,True,0,True,248.0,,880.8167873446895,,,,0.48328266483606286,0.5029126213592233,0.5126530289084845,0.49989900000000004,0.5025,0.4977284199899041,0.5138047138047138,0.5158221844876735,0.5025,,requires predict_proba,,requires predict_proba,,0.9220000000004802,success,
ldce,scar-pi0.5-scalemid,110,"{""max_iter"": 10000}",scar,0.5,0.5,0.5,True,0,True,1071.0,,624.8466205937852,,,,0.4629762440822349,0.5426195426195426,0.5273270579393029,0.540578,0.5315,0.5381961557417447,0.49440421329822254,0.5429613177623994,0.5315000000000001,,requires predict_proba,,requires predict_proba,,3.936999999999898,success,
ldce,scar-pi0.5-scalemid,111,"{""max_iter"": 10000}",scar,0.5,0.5,0.5,True,0,True,972.0,,854.0660278798393,,,,0.4866870661612066,0.5109780439121756,0.5099581276568619,0.534926,0.52,0.5204795204795205,0.5023348899266178,0.524463039030787,0.52,,requires predict_proba,,requires predict_proba,,3.625,success,
ldce,scar-pi0.5-scalemid,112,"{""max_iter"": 10000}",scar,0.5,0.5,0.5,True,0,True,4032.0,,717.4166683696409,,,,0.4713333333333334,0.516,0.5217391304347826,0.5271589999999999,0.5195,0.5168426344896934,0.5126666666666667,0.5313184328485042,0.5195000000000001,,requires predict_proba,,requires predict_proba,,14.734999999999673,success,
ldce,scar-pi0.5-scalemid,113,"{""max_iter"": 10000}",scar,0.5,0.5,0.5,True,0,True,1527.0,,778.9873188291785,,,,0.471866638875452,0.5224171539961013,0.5208545902254251,0.5283209999999999,0.5175,0.5182226660009985,0.5057162071284466,0.5241067453776858,0.5175000000000001,,requires predict_proba,,requires predict_proba,,5.563000000000102,success,
ldce,scar-pi0.5-scalemid,114,"{""max_iter"": 10000}",scar,0.5,0.5,0.5,True,0,True,1231.0,,818.7584764221049,,,,0.3947141316073355,0.5941747572815534,0.5757507337999549,0.5922620000000001,0.567,0.5738188976377953,0.5111111111111111,0.581984823917477,0.567,,requires predict_proba,,requires predict_proba,,4.453000000000429,success,
ldce,scar-pi0.5-scalemid,115,"{""max_iter"": 10000}",scar,0.5,0.5,0.5,True,0,True,1109.0,,829.5500170632089,,,,0.45975575617148057,0.5244618395303327,0.5302950854705083,0.532486,0.5225,0.5198592257415787,0.5157824042981867,0.5280820664243742,0.5225,,requires predict_proba,,requires predict_proba,,4.109000000000378,success,
ldce,scar-pi0.5-scalemid,116,"{""max_iter"": 10000}",scar,0.5,0.5,0.5,True,0,True,498.0,,691.3222434521535,,,,0.4761213584052275,0.5205761316872428,0.5179862006838237,0.536564,0.5245,0.5256857855361596,0.5033025099075297,0.5278359479989527,0.5245,,requires predict_proba,,requires predict_proba,,1.8280000000004293,success,
ldce,scar-pi0.5-scalemid,117,"{""max_iter"": 10000}",scar,0.5,0.5,0.5,True,0,True,890.0,,642.3919014530859,,,,0.46173201929125596,0.5263157894736842,0.5289605924358635,0.523556,0.5145,0.5132832080200501,0.5119521912350598,0.5323425321418171,0.5145,,requires predict_proba,,requires predict_proba,,3.29700000000048,success,
ldce,scar-pi0.5-scalemid,118,"{""max_iter"": 10000}",scar,0.5,0.5,0.5,True,0,True,530.0,,885.8444735757463,,,,0.3939809132776235,0.5996131528046421,0.57544448445743,0.586999,0.566,0.574926542605289,0.5064059339177344,0.5820869605814865,0.5660000000000001,,requires predict_proba,,requires predict_proba,,1.969000000000051,success,
ldce,scar-pi0.5-scalemid,119,"{""max_iter"": 10000}",scar,0.5,0.5,0.5,True,0,True,1276.0,,711.3657036540659,,,,0.4690882962121119,0.524008350730689,0.5234848658648242,0.508092,0.4985,0.4987506246876562,0.5069033530571992,0.5112089694172969,0.4985,,requires predict_proba,,requires predict_proba,,4.70299999999952,success,
llsvm,scar-pi0.1-scalesmall,100,{},scar,0.1,0.5,0.5,True,0,,,,,,1781.0,,0.0078049454344522595,0.631578947368421,1.0,0.9849305555555555,0.9625,0.7692307692307693,0.9658792650918635,0.9637213597253798,0.8125,,requires predict_proba,,requires predict_proba,,1.375,success,
llsvm,scar-pi0.1-scalesmall,101,{},scar,0.1,0.5,0.5,True,0,,,,,,2036.0,,-0.026759744037230956,0.7777777777777778,1.0,0.9966666666666666,0.9625,0.7692307692307693,0.9712041884816754,0.9747194200516376,0.8125,,requires predict_proba,,requires predict_proba,,1.5470000000004802,success,
llsvm,scar-pi0.1-scalesmall,102,{},scar,0.1,0.5,0.5,True,0,,,,,,3000.0,,-0.005917828872973999,0.7142857142857143,0.9852216748768475,0.9793055555555555,0.9725,0.8405797101449275,0.9630606860158312,0.913973404913915,0.8625,,requires predict_proba,,requires predict_proba,,2.342999999999847,success,
llsvm,scar-pi0.1-scalesmall,103,{},scar,0.1,0.5,0.5,True,0,,,,,,2714.0,,-0.027999999999999997,0.76,1.0,0.9958333333333333,0.97,0.8235294117647058,0.976,0.9712107462978571,0.85,,requires predict_proba,,requires predict_proba,,2.1409999999996217,success,
llsvm,scar-pi0.1-scalesmall,104,{},scar,0.1,0.5,0.5,True,0,,,,,,1627.0,,-0.020000000000000004,0.76,0.9806451612903228,0.9996527777777778,0.9775,0.8732394366197183,0.968,0.9969489859733762,0.8875,,requires predict_proba,,requires predict_proba,,1.2659999999996217,success,
llsvm,scar-pi0.1-scalesmall,105,{},scar,0.1,0.5,0.5,True,0,,,,,,1284.0,,0.006666666666666682,0.6,0.96,0.9988194444444445,0.9625,0.7692307692307693,0.9733333333333334,0.9894146290311245,0.8125,,requires predict_proba,,requires predict_proba,,1.0160000000005311,success,
llsvm,scar-pi0.1-scalesmall,106,{},scar,0.1,0.5,0.5,True,0,,,,,,3000.0,,-0.01105263157894737,0.7,1.0,0.9918055555555556,0.9625,0.7692307692307693,0.9710526315789474,0.9340671232130894,0.8125,,requires predict_proba,,requires predict_proba,,2.2969999999995707,success,
llsvm,scar-pi0.1-scalesmall,107,{},scar,0.1,0.5,0.5,True,0,,,,,,2484.0,,0.003955788248981962,0.6111111111111112,1.0,0.9804861111111112,0.9525,0.6885245901639344,0.9738219895287958,0.9411029434272231,0.7625,,requires predict_proba,,requires predict_proba,,1.8900000000003274,success,
llsvm,scar-pi0.1-scalesmall,108,{},scar,0.1,0.5,0.5,True,0,,,,,,2776.0,,-0.018999518999519016,0.7272727272727273,1.0,0.9972222222222222,0.965,0.7878787878787878,0.9735449735449735,0.9783680164172288,0.825,,requires predict_proba,,requires predict_proba,,2.141000000000531,success,
llsvm,scar-pi0.1-scalesmall,109,{},scar,0.1,0.5,0.5,True,0,,,,,,235.0,,0.024128398095530634,0.5882352941176471,0.904977375565611,0.9393055555555556,0.945,0.6666666666666666,0.95822454308094,0.773761450392346,0.7694444444444445,,requires predict_proba,,requires predict_proba,,0.2029999999995198,success,
llsvm,scar-pi0.1-scalesmall,110,{},scar,0.1,0.5,0.5,True,0,,,,,,3000.0,,-0.04992319508448541,0.8571428571428571,1.0,0.9989583333333334,0.98,0.8888888888888888,0.978494623655914,0.9911032982743508,0.9,,requires predict_proba,,requires predict_proba,,2.3909999999996217,success,
llsvm,scar-pi0.1-scalesmall,111,{},scar,0.1,0.5,0.5,True,0,,,,,,2532.0,,-0.0237463738085371,0.7368421052631579,1.0,0.9960416666666666,0.9575,0.7301587301587301,0.9763779527559056,0.9699712310460342,0.7875,,requires predict_proba,,requires predict_proba,,1.9369999999998981,success,
llsvm,scar-pi0.1-scalesmall,112,{},scar,0.1,0.5,0.5,True,0,,,,,,2600.0,,-0.020000000000000004,0.76,0.9806451612903228,0.9944444444444445,0.9775,0.8732394366197183,0.968,0.960411619466629,0.8875,,requires predict_proba,,requires predict_proba,,2.0159999999996217,success,
llsvm,scar-pi0.1-scalesmall,113,{},scar,0.1,0.5,0.5,True,0,,,,,,203.0,,0.13506493506493508,0.18181818181818182,0.23460410557184755,0.7124305555555556,0.8675,0.2535211267605634,0.9285714285714286,0.25815545655722033,0.5819444444444445,,requires predict_proba,,requires predict_proba,,0.17199999999957072,success,
llsvm,scar-pi0.1-scalesmall,114,{},scar,0.1,0.5,0.5,True,0,,,,,,1308.0,,0.026232905097389153,0.5263157894736842,0.9569377990430622,0.9965277777777778,0.955,0.7096774193548387,0.968503937007874,0.9759986107097238,0.775,,requires predict_proba,,requires predict_proba,,1.0159999999996217,success,
llsvm,scar-pi0.1-scalesmall,115,{},scar,0.1,0.5,0.5,True,0,,,,,,3000.0,,0.04114575334050069,0.4117647058823529,1.0,0.993125,0.94,0.5714285714285714,0.9765013054830287,0.9554603204218357,0.7,,requires predict_proba,,requires predict_proba,,2.282000000000153,success,
llsvm,scar-pi0.1-scalesmall,116,{},scar,0.1,0.5,0.5,True,0,,,,,,1770.0,,0.013481720678122477,0.5652173913043478,0.9829867674858223,0.9993055555555556,0.9575,0.7301587301587301,0.9734748010610079,0.9940336637047162,0.7875,,requires predict_proba,,requires predict_proba,,1.360000000000582,success,
llsvm,scar-pi0.1-scalesmall,117,{},scar,0.1,0.5,0.5,True,0,,,,,,2676.0,,-0.002693742229589735,0.631578947368421,1.0,0.9940972222222222,0.9525,0.6885245901639344,0.9763779527559056,0.9593976327173988,0.7625,,requires predict_proba,,requires predict_proba,,2.061999999999898,success,
llsvm,scar-pi0.1-scalesmall,118,{},scar,0.1,0.5,0.5,True,0,,,,,,983.0,,-0.0010526315789473883,0.65,1.0,0.9993055555555556,0.96,0.75,0.9710526315789474,0.9937189465149991,0.8,,requires predict_proba,,requires predict_proba,,0.75,success,
llsvm,scar-pi0.1-scalesmall,119,{},scar,0.1,0.5,0.5,True,0,,,,,,2118.0,,0.07264069264069264,0.26666666666666666,0.7619047619047619,0.995,0.935,0.5185185185185185,0.974025974025974,0.9791987882751807,0.675,,requires predict_proba,,requires predict_proba,,1.6089999999994689,success,
llsvm,scar-pi0.1-scalemid,100,{},scar,0.1,0.5,0.5,True,0,,,,,,2271.0,,-0.044311911716975017,0.9615384615384616,1.0,0.9981972222222222,0.9935,0.9667519181585678,0.9520042194092827,0.9892467500504071,0.9719444444444445,,requires predict_proba,,requires predict_proba,,2.20299999999952,success,
llsvm,scar-pi0.1-scalemid,101,{},scar,0.1,0.5,0.5,True,0,,,,,,2114.0,,-0.03374785113080753,0.9468085106382979,0.9710856519367157,0.9988722222222223,0.9905,0.9518987341772152,0.944386149003148,0.9913342614784044,0.9680555555555554,,requires predict_proba,,requires predict_proba,,2.063000000000102,success,
llsvm,scar-pi0.1-scalemid,102,{},scar,0.1,0.5,0.5,True,0,,,,,,2226.0,,-0.027653359298928926,0.9230769230769231,0.904977375565611,0.99905,0.988,0.9405940594059405,0.9430379746835443,0.9922047602545622,0.971111111111111,,requires predict_proba,,requires predict_proba,,2.1400000000003274,success,
llsvm,scar-pi0.1-scalemid,103,{},scar,0.1,0.5,0.5,True,0,,,,,,2509.0,,-0.0422062012720807,0.9357798165137615,1.0,0.9989055555555555,0.9925,0.9612403100775194,0.9550502379693284,0.994718853166067,0.9647222222222223,,requires predict_proba,,requires predict_proba,,2.5,success,
llsvm,scar-pi0.1-scalemid,104,{},scar,0.1,0.5,0.5,True,0,,,,,,1108.0,,-0.03613523652573558,0.912621359223301,1.0,0.9987944444444445,0.989,0.9424083769633508,0.9536109646810754,0.9919806229113688,0.9494444444444445,,requires predict_proba,,requires predict_proba,,1.0779999999995198,success,
llsvm,scar-pi0.1-scalemid,105,{},scar,0.1,0.5,0.5,True,0,,,,,,1177.0,,-0.025990951205003887,0.896551724137931,0.9961685823754791,0.9991861111111111,0.988,0.9368421052631579,0.9466806063774177,0.9934296424565274,0.9444444444444444,,requires predict_proba,,requires predict_proba,,1.1869999999998981,success,
llsvm,scar-pi0.1-scalemid,106,{},scar,0.1,0.5,0.5,True,0,,,,,,2296.0,,-0.04851063829787235,0.95,0.9895833333333334,0.9983305555555556,0.988,0.9387755102040817,0.9585106382978723,0.985330074710776,0.9577777777777778,,requires predict_proba,,requires predict_proba,,2.219000000000051,success,
llsvm,scar-pi0.1-scalemid,107,{},scar,0.1,0.5,0.5,True,0,,,,,,1222.0,,-0.03089597736646013,0.8867924528301887,0.9744972009122954,0.9987444444444444,0.989,0.9424083769633508,0.9535374868004224,0.9907943681883455,0.9494444444444445,,requires predict_proba,,requires predict_proba,,1.1869999999998981,success,
llsvm,scar-pi0.1-scalemid,108,{},scar,0.1,0.5,0.5,True,0,,,,,,2060.0,,-0.03895946456462045,0.956989247311828,1.0,0.9992083333333334,0.9925,0.961439588688946,0.9475616151022549,0.9939128591727111,0.9669444444444445,,requires predict_proba,,requires predict_proba,,1.9840000000003783,success,
llsvm,scar-pi0.1-scalemid,109,{},scar,0.1,0.5,0.5,True,0,,,,,,3000.0,,-0.036162250494937084,0.9158878504672897,0.9795591983607377,0.9981888888888889,0.9885,0.9405684754521964,0.9529846804014791,0.9872417866234395,0.9536111111111112,,requires predict_proba,,requires predict_proba,,2.905999999999949,success,
llsvm,scar-pi0.1-scalemid,110,{},scar,0.1,0.5,0.5,True,0,,,,,,2606.0,,-0.030588652354429174,0.9195402298850575,1.0,0.9981222222222224,0.99,0.9476439790575916,0.9466806063774177,0.9901582630813811,0.9522222222222223,,requires predict_proba,,requires predict_proba,,2.530999999999949,success,
llsvm,scar-pi0.1-scalemid,111,{},scar,0.1,0.5,0.5,True,0,,,,,,1988.0,,-0.03547933157431839,0.9333333333333333,0.9572649572649573,0.9990805555555555,0.9915,0.9569620253164557,0.9488126649076517,0.9927443005367709,0.9708333333333333,,requires predict_proba,,requires predict_proba,,1.9539999999997235,success,
llsvm,scar-pi0.1-scalemid,112,{},scar,0.1,0.5,0.5,True,0,,,,,,2038.0,,-0.03663887715785796,0.9306930693069307,0.9900990099009902,0.9993194444444444,0.993,0.9639175257731959,0.9505002632964719,0.9948956589708956,0.9672222222222222,,requires predict_proba,,requires predict_proba,,1.9849999999996726,success,
llsvm,scar-pi0.1-scalemid,113,{},scar,0.1,0.5,0.5,True,0,,,,,,1296.0,,-0.029976303923926903,0.9029126213592233,0.9554630913854216,0.9988666666666667,0.9915,0.9562982005141388,0.9493937796520823,0.9906942354936263,0.9641666666666666,,requires predict_proba,,requires predict_proba,,1.280999999999949,success,
llsvm,scar-pi0.1-scalemid,114,{},scar,0.1,0.5,0.5,True,0,,,,,,1832.0,,-0.04607985983450668,0.9401709401709402,0.9948898837787726,0.998975,0.9925,0.961439588688946,0.9580456718003186,0.9891511385136981,0.9669444444444445,,requires predict_proba,,requires predict_proba,,1.780999999999949,success,
llsvm,scar-pi0.1-scalemid,115,{},scar,0.1,0.5,0.5,True,0,,,,,,2517.0,,-0.042297989148412006,0.9439252336448598,0.9988626811056718,0.9988055555555556,0.9915,0.9562982005141388,0.9535129424194401,0.9909046534586078,0.9641666666666666,,requires predict_proba,,requires predict_proba,,2.4219999999995707,success,
llsvm,scar-pi0.1-scalemid,116,{},scar,0.1,0.5,0.5,True,0,,,,,,1212.0,,-0.04000924553265427,0.9393939393939394,1.0,0.9995444444444445,0.99,0.9479166666666666,0.9521304576538664,0.9960416064594646,0.9544444444444444,,requires predict_proba,,requires predict_proba,,1.1570000000001528,success,
llsvm,scar-pi0.1-scalemid,117,{},scar,0.1,0.5,0.5,True,0,,,,,,1224.0,,-0.030956547177273003,0.9175257731958762,0.9709267441226205,0.9985611111111111,0.9865,0.9305912596401028,0.9474513925380977,0.9879456844733544,0.9502777777777778,,requires predict_proba,,requires predict_proba,,1.1720000000004802,success,
llsvm,scar-pi0.1-scalemid,118,{},scar,0.1,0.5,0.5,True,0,,,,,,581.0,,-0.040906182986933895,0.941747572815534,1.0,0.9994916666666667,0.9915,0.9560723514211886,0.9525566684238271,0.9954435518765561,0.9619444444444445,,requires predict_proba,,requires predict_proba,,0.5619999999998981,success,
llsvm,scar-pi0.1-scalemid,119,{},scar,0.1,0.5,0.5,True,0,,,,,,1501.0,,-0.03434452272413317,0.9263157894736842,1.0,0.9979111111111112,0.9885,0.9402597402597402,0.9490813648293963,0.9866065856485752,0.9513888888888888,,requires predict_proba,,requires predict_proba,,1.469000000000051,success,
llsvm,scar-pi0.3-scalesmall,100,{},scar,0.3,0.5,0.5,True,0,,,,,,1541.0,,-0.010324662230288328,0.7413793103448276,0.9996125532739248,0.9987797619047619,0.9225,0.8516746411483254,0.8654970760233918,0.9971960429023032,0.8708333333333333,,requires predict_proba,,requires predict_proba,,1.235000000000582,success,
llsvm,scar-pi0.3-scalesmall,101,{},scar,0.3,0.5,0.5,True,0,,,,,,1471.0,,-0.008235294117647063,0.7,1.0,0.993095238095238,0.9,0.8,0.888235294117647,0.9854795378642037,0.8333333333333333,,requires predict_proba,,requires predict_proba,,1.1719999999995707,success,
llsvm,scar-pi0.3-scalesmall,102,{},scar,0.3,0.5,0.5,True,0,,,,,,675.0,,0.00924901185770749,0.7454545454545455,0.9416267942583733,0.9885714285714285,0.9325,0.8744186046511628,0.8434782608695652,0.9786562109848453,0.8898809523809523,,requires predict_proba,,requires predict_proba,,0.5470000000004802,success,
llsvm,scar-pi0.3-scalesmall,103,{},scar,0.3,0.5,0.5,True,0,,,,,,2005.0,,-0.0725206882963352,0.7971014492753623,1.0,0.9960416666666667,0.925,0.8571428571428571,0.8942598187311178,0.992682586901934,0.875,,requires predict_proba,,requires predict_proba,,1.625,success,
llsvm,scar-pi0.3-scalesmall,104,{},scar,0.3,0.5,0.5,True,0,,,,,,975.0,,-0.07253731343283581,0.8,1.0,0.999672619047619,0.92,0.8461538461538461,0.8925373134328358,0.9992452119880189,0.8666666666666667,,requires predict_proba,,requires predict_proba,,0.7969999999995707,success,
llsvm,scar-pi0.3-scalesmall,105,{},scar,0.3,0.5,0.5,True,0,,,,,,949.0,,0.0911764705882353,0.5833333333333334,0.8433734939759038,0.9991964285714285,0.9075,0.8177339901477833,0.8588235294117647,0.9982263301060099,0.8458333333333333,,requires predict_proba,,requires predict_proba,,0.7649999999994179,success,
llsvm,scar-pi0.3-scalesmall,106,{},scar,0.3,0.5,0.5,True,0,,,,,,1996.0,,-0.017140675701469765,0.7258064516129032,1.0,0.9958630952380954,0.9125,0.8292682926829268,0.8816568047337278,0.9910544561159564,0.8541666666666667,,requires predict_proba,,requires predict_proba,,1.6089999999994689,success,
llsvm,scar-pi0.3-scalesmall,107,{},scar,0.3,0.5,0.5,True,0,,,,,,1127.0,,0.08693181818181817,0.5208333333333334,1.0,0.9963690476190477,0.85,0.6666666666666666,0.9005681818181818,0.9927862858681622,0.75,,requires predict_proba,,requires predict_proba,,0.9219999999995707,success,
llsvm,scar-pi0.3-scalesmall,108,{},scar,0.3,0.5,0.5,True,0,,,,,,1520.0,,-0.026392572944297088,0.7307692307692307,1.0,0.9958035714285715,0.8925,0.7817258883248731,0.8879310344827587,0.9911754718274459,0.8208333333333333,,requires predict_proba,,requires predict_proba,,1.219000000000051,success,
llsvm,scar-pi0.3-scalesmall,109,{},scar,0.3,0.5,0.5,True,0,,,,,,1925.0,,-0.07252476356953969,0.7910447761194029,1.0,0.9926190476190476,0.9125,0.8309178743961353,0.8978978978978979,0.985917749148295,0.8565476190476191,,requires predict_proba,,requires predict_proba,,1.5619999999998981,success,
llsvm,scar-pi0.3-scalesmall,110,{},scar,0.3,0.5,0.5,True,0,,,,,,2029.0,,-0.06405256464603648,0.8095238095238095,1.0,0.9950595238095238,0.93,0.8679245283018868,0.8783382789317508,0.990620760498192,0.8833333333333333,,requires predict_proba,,requires predict_proba,,1.6409999999996217,success,
llsvm,scar-pi0.3-scalesmall,111,{},scar,0.3,0.5,0.5,True,0,,,,,,1342.0,,0.013529411764705845,0.6833333333333333,0.9879518072289156,0.9963690476190477,0.9075,0.8177339901477833,0.8764705882352941,0.9928281422511391,0.8458333333333333,,requires predict_proba,,requires predict_proba,,1.0780000000004293,success,
llsvm,scar-pi0.3-scalesmall,112,{},scar,0.3,0.5,0.5,True,0,,,,,,1471.0,,0.03796526054590571,0.6290322580645161,0.9677419354838709,0.9927976190476191,0.895,0.7878787878787878,0.8846153846153846,0.9835865939210666,0.825,,requires predict_proba,,requires predict_proba,,1.2030000000004293,success,
llsvm,scar-pi0.3-scalesmall,113,{},scar,0.3,0.5,0.5,True,0,,,,,,1049.0,,-0.0386147186147186,0.7714285714285715,0.974436090225564,0.999375,0.9375,0.8837209302325582,0.8757575757575757,0.9987052744202245,0.8958333333333333,,requires predict_proba,,requires predict_proba,,0.8590000000003783,success,
llsvm,scar-pi0.3-scalesmall,114,{},scar,0.3,0.5,0.5,True,0,,,,,,1188.0,,0.01192266380236301,0.6842105263157895,1.0,0.9981845238095237,0.9025,0.8059701492537313,0.8775510204081632,0.9960641823145493,0.8375,,requires predict_proba,,requires predict_proba,,0.9530000000004293,success,
llsvm,scar-pi0.3-scalesmall,115,{},scar,0.3,0.5,0.5,True,0,,,,,,1631.0,,0.027692893263009055,0.660377358490566,1.0,0.999375,0.895,0.7878787878787878,0.8760806916426513,0.9985932143143853,0.825,,requires predict_proba,,requires predict_proba,,1.2970000000004802,success,
llsvm,scar-pi0.3-scalesmall,116,{},scar,0.3,0.5,0.5,True,0,,,,,,789.0,,-0.020022608449908164,0.746031746031746,0.9947089947089948,0.9994642857142857,0.925,0.8571428571428571,0.8724035608308606,0.9987744573198559,0.875,,requires predict_proba,,requires predict_proba,,0.6409999999996217,success,
llsvm,scar-pi0.3-scalesmall,117,{},scar,0.3,0.5,0.5,True,0,,,,,,1291.0,,-0.01970604246053348,0.7424242424242424,0.979020979020979,0.9985416666666667,0.9275,0.8625592417061612,0.874251497005988,0.9968122179154415,0.8791666666666667,,requires predict_proba,,requires predict_proba,,1.0469999999995707,success,
llsvm,scar-pi0.3-scalesmall,118,{},scar,0.3,0.5,0.5,True,0,,,,,,575.0,,0.024277456647398832,0.6666666666666666,1.0,0.9976190476190476,0.8975,0.7939698492462312,0.8757225433526011,0.9946430684200247,0.8291666666666666,,requires predict_proba,,requires predict_proba,,0.4679999999998472,success,
llsvm,scar-pi0.3-scalesmall,119,{},scar,0.3,0.5,0.5,True,0,,,,,,1183.0,,0.045099667774086416,0.6428571428571429,0.9523809523809523,0.9994047619047619,0.9025,0.8059701492537313,0.8691860465116279,0.9986704864764835,0.8375,,requires predict_proba,,requires predict_proba,,0.9369999999998981,success,
llsvm,scar-pi0.3-scalemid,100,{},scar,0.3,0.5,0.5,True,0,,,,,,900.0,,-0.10137785501489571,0.9539473684210527,0.9868421052631579,0.9962666666666666,0.975,0.9576271186440678,0.8290094339622641,0.9926349578852482,0.9654761904761905,,requires predict_proba,,requires predict_proba,,0.8599999999996726,success,
llsvm,scar-pi0.3-scalemid,101,{},scar,0.3,0.5,0.5,True,0,,,,,,1334.0,,-0.08844011054516199,0.9530685920577617,0.9859330262666501,0.9989916666666667,0.982,0.9694915254237289,0.816598955310505,0.997664055021696,0.9738095238095239,,requires predict_proba,,requires predict_proba,,1.2820000000001528,success,
llsvm,scar-pi0.3-scalemid,102,{},scar,0.3,0.5,0.5,True,0,,,,,,1362.0,,-0.09646561832887338,0.939873417721519,0.9739620909031286,0.998502380952381,0.9765,0.9601357082273113,0.832541567695962,0.9966425956643356,0.9670238095238095,,requires predict_proba,,requires predict_proba,,1.2969999999995707,success,
llsvm,scar-pi0.3-scalemid,103,{},scar,0.3,0.5,0.5,True,0,,,,,,1734.0,,-0.10243380062305293,0.9618055555555556,1.0,0.9994107142857143,0.987,0.9778911564625851,0.8253504672897196,0.9987808731446219,0.9788095238095238,,requires predict_proba,,requires predict_proba,,1.7039999999997235,success,
llsvm,scar-pi0.3-scalemid,104,{},scar,0.3,0.5,0.5,True,0,,,,,,962.0,,-0.10784221675379171,0.9543973941368078,1.0,0.9990880952380953,0.981,0.9675767918088737,0.835203780271707,0.9978820137192586,0.9707142857142856,,requires predict_proba,,requires predict_proba,,0.9380000000001019,success,
llsvm,scar-pi0.3-scalemid,105,{},scar,0.3,0.5,0.5,True,0,,,,,,527.0,,-0.08794392223541111,0.9315068493150684,0.9909647333139027,0.9991797619047619,0.978,0.9621993127147767,0.8290398126463701,0.9981462206028511,0.9652380952380952,,requires predict_proba,,requires predict_proba,,0.5,success,
llsvm,scar-pi0.3-scalemid,106,{},scar,0.3,0.5,0.5,True,0,,,,,,1406.0,,-0.09473803445407106,0.9292604501607717,0.9885749469795445,0.9974869047619048,0.972,0.9518900343642611,0.837181764357608,0.9942775033569332,0.9580952380952381,,requires predict_proba,,requires predict_proba,,1.3589999999994689,success,
llsvm,scar-pi0.3-scalemid,107,{},scar,0.3,0.5,0.5,True,0,,,,,,628.0,,-0.09141917413670009,0.9442508710801394,0.9922075703118802,0.9990571428571429,0.9815,0.968403074295474,0.8248686514886164,0.9978693597029744,0.9710714285714286,,requires predict_proba,,requires predict_proba,,0.6089999999994689,success,
llsvm,scar-pi0.3-scalemid,108,{},scar,0.3,0.5,0.5,True,0,,,,,,921.0,,-0.09965473781898901,0.9531772575250836,0.989457360752682,0.9987690476190476,0.984,0.9728353140916808,0.8277483833039389,0.9973726294417897,0.9757142857142858,,requires predict_proba,,requires predict_proba,,0.8909999999996217,success,
llsvm,scar-pi0.3-scalemid,109,{},scar,0.3,0.5,0.5,True,0,,,,,,1562.0,,-0.11145816805313144,0.9585987261146497,0.996809767190277,0.9979476190476191,0.9795,0.9651656754460493,0.8362989323843416,0.995646946599166,0.9701190476190475,,requires predict_proba,,requires predict_proba,,1.5,success,
llsvm,scar-pi0.3-scalemid,110,{},scar,0.3,0.5,0.5,True,0,,,,,,1328.0,,-0.09968421310311623,0.951048951048951,1.0,0.9983690476190475,0.9785,0.9630901287553648,0.8290548424737456,0.9967395558936979,0.9660714285714286,,requires predict_proba,,requires predict_proba,,1.2659999999996217,success,
llsvm,scar-pi0.3-scalemid,111,{},scar,0.3,0.5,0.5,True,0,,,,,,927.0,,-0.1041643831183933,0.9619377162629758,1.0,0.9994059523809524,0.984,0.9727427597955707,0.8270017533606079,0.9986176684371852,0.9747619047619047,,requires predict_proba,,requires predict_proba,,0.9059999999999491,success,
llsvm,scar-pi0.3-scalemid,112,{},scar,0.3,0.5,0.5,True,0,,,,,,888.0,,-0.0968235294117647,0.9466666666666667,0.9878260869565217,0.9988726190476191,0.9835,0.9719148936170213,0.8288235294117647,0.9975317814236552,0.9744047619047619,,requires predict_proba,,requires predict_proba,,0.8429999999998472,success,
llsvm,scar-pi0.3-scalemid,113,{},scar,0.3,0.5,0.5,True,0,,,,,,802.0,,-0.09929839871851548,0.9385113268608414,0.9931336792178217,0.9988321428571428,0.9795,0.9648671808054842,0.8361916026020106,0.997203067245202,0.9677380952380952,,requires predict_proba,,requires predict_proba,,0.7809999999999491,success,
llsvm,scar-pi0.3-scalemid,114,{},scar,0.3,0.5,0.5,True,0,,,,,,838.0,,-0.11464357515909102,0.9504643962848297,1.0,0.9983059523809524,0.982,0.9691780821917808,0.8443649373881932,0.995038010818984,0.970952380952381,,requires predict_proba,,requires predict_proba,,0.8130000000001019,success,
llsvm,scar-pi0.3-scalemid,115,{},scar,0.3,0.5,0.5,True,0,,,,,,1079.0,,-0.11504739336492892,0.9583333333333334,1.0,0.997777380952381,0.9775,0.9615055603079555,0.840047393364929,0.9954046457115929,0.9658333333333333,,requires predict_proba,,requires predict_proba,,1.0630000000001019,success,
llsvm,scar-pi0.3-scalemid,116,{},scar,0.3,0.5,0.5,True,0,,,,,,661.0,,-0.10593709341470386,0.9603960396039604,0.9935131444178901,0.999527380952381,0.986,0.976271186440678,0.8296994696523277,0.9988763149911754,0.9785714285714285,,requires predict_proba,,requires predict_proba,,0.6409999999996217,success,
llsvm,scar-pi0.3-scalemid,117,{},scar,0.3,0.5,0.5,True,0,,,,,,746.0,,-0.10256597256661434,0.9537953795379538,0.9918149527257751,0.9988571428571429,0.9825,0.9702633814783348,0.8302887448438421,0.9973307614521655,0.9736904761904761,,requires predict_proba,,requires predict_proba,,0.7179999999998472,success,
llsvm,scar-pi0.3-scalemid,118,{},scar,0.3,0.5,0.5,True,0,,,,,,246.0,,-0.11289063172822422,0.9611650485436893,1.0,0.999175,0.983,0.9710391822827938,0.8361916026020106,0.9981123457594427,0.9735714285714285,,requires predict_proba,,requires predict_proba,,0.23400000000037835,success,
llsvm,scar-pi0.3-scalemid,119,{},scar,0.3,0.5,0.5,True,0,,,,,,685.0,,-0.0867092434663555,0.9377162629757786,0.9836184576669006,0.9981547619047619,0.975,0.9573378839590444,0.8240794856808884,0.9959429697849305,0.9635714285714285,,requires predict_proba,,requires predict_proba,,0.6880000000001019,success,
llsvm,scar-pi0.5-scalesmall,100,{},scar,0.5,0.5,0.5,True,0,,,,,,1242.0,,0.027442121116598384,0.7526881720430108,0.9649848359525779,0.9986250000000001,0.89,0.8764044943820225,0.7198697068403909,0.9986464814603027,0.89,,requires predict_proba,,requires predict_proba,,1.0,success,
llsvm,scar-pi0.5-scalesmall,101,{},scar,0.5,0.5,0.5,True,0,,,,,,405.0,,-0.08585961688952398,0.8762886597938144,1.0,0.991425,0.9275,0.9222520107238605,0.7095709570957096,0.9928193412977372,0.9275,,requires predict_proba,,requires predict_proba,,0.31199999999989814,success,
llsvm,scar-pi0.5-scalesmall,102,{},scar,0.5,0.5,0.5,True,0,,,,,,236.0,,-0.01239974495788454,0.8080808080808081,0.9563086486163409,0.9825,0.9075,0.8997289972899729,0.7043189368770764,0.9841824187908068,0.9075,,requires predict_proba,,requires predict_proba,,0.20300000000042928,success,
llsvm,scar-pi0.5-scalesmall,103,{},scar,0.5,0.5,0.5,True,0,,,,,,1899.0,,-0.11822589391088001,0.8878504672897196,1.0,0.9984999999999999,0.935,0.93048128342246,0.7303754266211604,0.9985216428198419,0.935,,requires predict_proba,,requires predict_proba,,1.5320000000001528,success,
llsvm,scar-pi0.5-scalesmall,104,{},scar,0.5,0.5,0.5,True,0,,,,,,762.0,,-0.07588357588357586,0.8461538461538461,1.0,0.999175,0.92,0.9130434782608695,0.7297297297297297,0.9992203491333064,0.9199999999999999,,requires predict_proba,,requires predict_proba,,0.625,success,
llsvm,scar-pi0.5-scalesmall,105,{},scar,0.5,0.5,0.5,True,0,,,,,,760.0,,-0.0506142587502898,0.8415841584158416,0.9785862307160949,0.999425,0.93,0.9247311827956989,0.7090301003344481,0.9994413821169529,0.9299999999999999,,requires predict_proba,,requires predict_proba,,0.6090000000003783,success,
llsvm,scar-pi0.5-scalesmall,106,{},scar,0.5,0.5,0.5,True,0,,,,,,1491.0,,-0.04564279551337358,0.8210526315789474,1.0,0.996625,0.905,0.8950276243093923,0.7245901639344262,0.9967512743892409,0.905,,requires predict_proba,,requires predict_proba,,1.2030000000004293,success,
llsvm,scar-pi0.5-scalesmall,107,{},scar,0.5,0.5,0.5,True,0,,,,,,980.0,,0.013371260497697213,0.7530864197530864,1.0,0.99875,0.865,0.8439306358381503,0.7335423197492164,0.9987953556204431,0.865,,requires predict_proba,,requires predict_proba,,0.875,success,
llsvm,scar-pi0.5-scalesmall,108,{},scar,0.5,0.5,0.5,True,0,,,,,,1129.0,,-0.10614339252565586,0.8602150537634409,1.0,0.9973000000000001,0.895,0.88268156424581,0.745928338762215,0.9974869594789628,0.895,,requires predict_proba,,requires predict_proba,,0.9380000000001019,success,
llsvm,scar-pi0.5-scalesmall,109,{},scar,0.5,0.5,0.5,True,0,,,,,,354.0,,-0.019237684286227963,0.8155339805825242,0.9482953262587491,0.962975,0.875,0.8655913978494624,0.7037037037037037,0.9658594615789206,0.875,,requires predict_proba,,requires predict_proba,,0.2820000000001528,success,
llsvm,scar-pi0.5-scalesmall,110,{},scar,0.5,0.5,0.5,True,0,,,,,,1430.0,,-0.12047661076787292,0.8932038834951457,1.0,0.998775,0.9325,0.9276139410187667,0.7272727272727273,0.99886319142063,0.9325,,requires predict_proba,,requires predict_proba,,1.155999999999949,success,
llsvm,scar-pi0.5-scalesmall,111,{},scar,0.5,0.5,0.5,True,0,,,,,,1086.0,,-0.09333333333333332,0.87,1.0,0.9987999999999999,0.925,0.918918918918919,0.7233333333333334,0.9988434717507613,0.925,,requires predict_proba,,requires predict_proba,,0.9059999999999491,success,
llsvm,scar-pi0.5-scalesmall,112,{},scar,0.5,0.5,0.5,True,0,,,,,,1191.0,,0.0014262223564549537,0.7676767676767676,0.9779321881232709,0.9974999999999999,0.8925,0.8795518207282913,0.7308970099667774,0.9974620616782268,0.8925000000000001,,requires predict_proba,,requires predict_proba,,1.0,success,
llsvm,scar-pi0.5-scalesmall,113,{},scar,0.5,0.5,0.5,True,0,,,,,,948.0,,-0.08130390664637238,0.8518518518518519,0.9963179553822828,0.999825,0.9275,0.921832884097035,0.7294520547945206,0.999827923152347,0.9275,,requires predict_proba,,requires predict_proba,,0.7809999999999491,success,
llsvm,scar-pi0.5-scalesmall,114,{},scar,0.5,0.5,0.5,True,0,,,,,,798.0,,-0.015857349651269892,0.7843137254901961,0.9803921568627451,0.998025,0.9,0.8888888888888888,0.7315436241610739,0.9980011282158252,0.9,,requires predict_proba,,requires predict_proba,,0.6559999999999491,success,
llsvm,scar-pi0.5-scalesmall,115,{},scar,0.5,0.5,0.5,True,0,,,,,,1316.0,,-0.06272648835202765,0.8315789473684211,1.0,0.999775,0.9025,0.8919667590027701,0.7311475409836066,0.999771534352706,0.9025000000000001,,requires predict_proba,,requires predict_proba,,1.0779999999995198,success,
llsvm,scar-pi0.5-scalesmall,116,{},scar,0.5,0.5,0.5,True,0,,,,,,714.0,,-0.0512510088781275,0.819047619047619,0.9927849927849928,0.998275,0.9125,0.9041095890410958,0.7322033898305085,0.9985120940180383,0.9125,,requires predict_proba,,requires predict_proba,,0.5929999999998472,success,
llsvm,scar-pi0.5-scalesmall,117,{},scar,0.5,0.5,0.5,True,0,,,,,,893.0,,-0.03924628343232994,0.8282828282828283,0.9802163648317495,0.9984500000000001,0.9225,0.9159891598915989,0.7109634551495017,0.9985064885417242,0.9225,,requires predict_proba,,requires predict_proba,,0.7190000000000509,success,
llsvm,scar-pi0.5-scalesmall,118,{},scar,0.5,0.5,0.5,True,0,,,,,,574.0,,-0.0870976849237719,0.8695652173913043,1.0,0.999,0.9175,0.9100817438692098,0.7175324675324676,0.9989844387939579,0.9175,,requires predict_proba,,requires predict_proba,,0.4530000000004293,success,
llsvm,scar-pi0.5-scalesmall,119,{},scar,0.5,0.5,0.5,True,0,,,,,,1036.0,,-0.03051399792623316,0.813953488372093,1.0,0.9983,0.8975,0.8857938718662952,0.7165605095541401,0.9984682215901041,0.8975,,requires predict_proba,,requires predict_proba,,0.8440000000000509,success,
llsvm,scar-pi0.5-scalemid,100,{},scar,0.5,0.5,0.5,True,0,,,,,,728.0,,-0.11345684448575977,0.9423868312757202,0.9857602837612136,0.9970330000000001,0.966,0.9652351738241309,0.6710700132100397,0.9972111053201665,0.966,,requires predict_proba,,requires predict_proba,,0.6869999999998981,success,
llsvm,scar-pi0.5-scalemid,101,{},scar,0.5,0.5,0.5,True,0,,,,,,234.0,,-0.12965008591640448,0.9658119658119658,0.9987714227631498,0.996503,0.9675,0.9669547534316217,0.6638381201044387,0.9964980952437998,0.9675,,requires predict_proba,,requires predict_proba,,0.21900000000005093,success,
llsvm,scar-pi0.5-scalemid,102,{},scar,0.5,0.5,0.5,True,0,,,,,,977.0,,-0.1321433795106458,0.9515503875968992,0.986062577820621,0.9970870000000001,0.9695,0.9689567430025445,0.6805929919137467,0.9970820022704109,0.9695,,requires predict_proba,,requires predict_proba,,0.9529999999995198,success,
llsvm,scar-pi0.5-scalemid,103,{},scar,0.5,0.5,0.5,True,0,,,,,,1612.0,,-0.13896543111813525,0.9751552795031055,0.9940420790041851,0.9994210000000001,0.9865,0.9863705199394245,0.6638101516150297,0.999443040818341,0.9864999999999999,,requires predict_proba,,requires predict_proba,,1.5619999999998981,success,
llsvm,scar-pi0.5-scalemid,104,{},scar,0.5,0.5,0.5,True,0,,,,,,656.0,,-0.1485039905444454,0.9744597249508841,0.992321512169943,0.9991340000000001,0.983,0.9828456104944501,0.6740442655935613,0.9991436437835977,0.983,,requires predict_proba,,requires predict_proba,,0.6400000000003274,success,
llsvm,scar-pi0.5-scalemid,105,{},scar,0.5,0.5,0.5,True,0,,,,,,430.0,,-0.13918327454497276,0.9660678642714571,0.9918561234819888,0.9991680000000001,0.981,0.9807497467071935,0.6731154102735156,0.9991722929361607,0.981,,requires predict_proba,,requires predict_proba,,0.4220000000004802,success,
llsvm,scar-pi0.5-scalemid,106,{},scar,0.5,0.5,0.5,True,0,,,,,,689.0,,-0.14252660409868062,0.9608610567514677,0.9957109396388267,0.9935859999999999,0.9545,0.9536895674300254,0.6816655473472129,0.9937147529225375,0.9545,,requires predict_proba,,requires predict_proba,,0.6710000000002765,success,
llsvm,scar-pi0.5-scalemid,107,{},scar,0.5,0.5,0.5,True,0,,,,,,511.0,,-0.1334424040248035,0.9691991786447639,0.9889787537191469,0.998932,0.982,0.9818181818181818,0.6642432253800397,0.9989090997523103,0.982,,requires predict_proba,,requires predict_proba,,0.48400000000037835,success,
llsvm,scar-pi0.5-scalemid,108,{},scar,0.5,0.5,0.5,True,0,,,,,,671.0,,-0.1611771975503789,0.9736346516007532,0.9975764872958538,0.998799,0.981,0.9807692307692307,0.6875425459496256,0.9988156705254038,0.981,,requires predict_proba,,requires predict_proba,,0.6720000000004802,success,
llsvm,scar-pi0.5-scalemid,109,{},scar,0.5,0.5,0.5,True,0,,,,,,785.0,,-0.13187211925076003,0.9611650485436893,0.9767937485200096,0.9959389999999999,0.967,0.9667338709677419,0.6707070707070707,0.996128812931243,0.967,,requires predict_proba,,requires predict_proba,,0.75,success,
llsvm,scar-pi0.5-scalemid,110,{},scar,0.5,0.5,0.5,True,0,,,,,,916.0,,-0.12246471923891278,0.9542619542619543,0.9909262245710844,0.9964870000000001,0.9695,0.9689251146204788,0.6682027649769585,0.9968410733229767,0.9695,,requires predict_proba,,requires predict_proba,,0.9059999999999491,success,
llsvm,scar-pi0.5-scalemid,111,{},scar,0.5,0.5,0.5,True,0,,,,,,874.0,,-0.15049753728034254,0.9760479041916168,0.9990254904724839,0.999368,0.9845,0.9843196762771876,0.6744496330887259,0.9993670344961357,0.9844999999999999,,requires predict_proba,,requires predict_proba,,0.8440000000000509,success,
llsvm,scar-pi0.5-scalemid,112,{},scar,0.5,0.5,0.5,True,0,,,,,,714.0,,-0.1326666666666667,0.956,0.9927310488058152,0.999194,0.9805,0.9801324503311258,0.6766666666666666,0.9992182960251019,0.9804999999999999,,requires predict_proba,,requires predict_proba,,0.6880000000001019,success,
llsvm,scar-pi0.5-scalemid,113,{},scar,0.5,0.5,0.5,True,0,,,,,,619.0,,-0.1459451700311078,0.9707602339181286,0.9895619102121597,0.998153,0.9815,0.9813225643614336,0.6751849361129791,0.9983253292323025,0.9815,,requires predict_proba,,requires predict_proba,,0.5779999999995198,success,
llsvm,scar-pi0.5-scalemid,114,{},scar,0.5,0.5,0.5,True,0,,,,,,397.0,,-0.13099604458827757,0.9495145631067962,0.98702137537089,0.995369,0.967,0.9663608562691132,0.6814814814814815,0.9936958327115479,0.967,,requires predict_proba,,requires predict_proba,,0.375,success,
llsvm,scar-pi0.5-scalemid,115,{},scar,0.5,0.5,0.5,True,0,,,,,,952.0,,-0.13726952642930085,0.9569471624266145,0.991655090597528,0.998715,0.9775,0.9770992366412213,0.6803223640026864,0.9987790960106926,0.9775,,requires predict_proba,,requires predict_proba,,0.9219999999995707,success,
llsvm,scar-pi0.5-scalemid,116,{},scar,0.5,0.5,0.5,True,0,,,,,,579.0,,-0.14536208011916218,0.9835390946502057,0.9934738329800058,0.999431,0.99,0.9899497487437185,0.6618229854689565,0.9994654126099907,0.99,,requires predict_proba,,requires predict_proba,,0.5630000000001019,success,
llsvm,scar-pi0.5-scalemid,117,{},scar,0.5,0.5,0.5,True,0,,,,,,762.0,,-0.1343102623245211,0.9696356275303644,0.9854020604983378,0.998641,0.981,0.9808467741935484,0.6646746347941567,0.9986844664377218,0.981,,requires predict_proba,,requires predict_proba,,0.7349999999996726,success,
llsvm,scar-pi0.5-scalemid,118,{},scar,0.5,0.5,0.5,True,0,,,,,,457.0,,-0.14983807458090465,0.9748549323017408,0.9886966859044024,0.9994919999999999,0.987,0.9869083585095669,0.6749831422791639,0.9994849777348691,0.987,,requires predict_proba,,requires predict_proba,,0.4539999999997235,success,
llsvm,scar-pi0.5-scalemid,119,{},scar,0.5,0.5,0.5,True,0,,,,,,522.0,,-0.11930742740121253,0.9519832985386222,0.9895876284185262,0.998266,0.971,0.9704383282364933,0.6673241288625904,0.998315094032526,0.971,,requires predict_proba,,requires predict_proba,,0.5150000000003274,success,
llsvm,sar-pi0.1-scalesmall,100,{},linear,0.1,0.5,0.5,True,0,,,,,,2226.0,,-0.02544492544492545,0.7727272727272727,1.0,0.9879166666666667,0.97,0.8235294117647058,0.9708994708994709,0.9717866849359984,0.85,,requires predict_proba,,requires predict_proba,,1.7039999999997235,success,
llsvm,sar-pi0.1-scalesmall,101,{},linear,0.1,0.5,0.5,True,0,,,,,,208.0,,-0.028645833333333343,0.8125,1.0,0.9900694444444444,0.965,0.7878787878787878,0.9661458333333334,0.9368344745191424,0.825,,requires predict_proba,,requires predict_proba,,0.1720000000004802,success,
llsvm,sar-pi0.1-scalesmall,102,{},linear,0.1,0.5,0.5,True,0,,,,,,286.0,,-0.026398673849979293,0.7894736842105263,1.0,0.9856944444444444,0.9625,0.7761194029850746,0.968503937007874,0.9208988610522088,0.8236111111111111,,requires predict_proba,,requires predict_proba,,0.21900000000005093,success,
llsvm,sar-pi0.1-scalesmall,103,{},linear,0.1,0.5,0.5,True,0,,,,,,2878.0,,-0.08153034300791558,1.0,1.0,0.9956944444444444,0.97,0.8235294117647058,0.9815303430079155,0.973299000067868,0.85,,requires predict_proba,,requires predict_proba,,2.20299999999952,success,
llsvm,sar-pi0.1-scalesmall,104,{},linear,0.1,0.5,0.5,True,0,,,,,,2724.0,,-0.06404105639487949,0.9130434782608695,1.0,0.9976388888888889,0.97,0.8235294117647058,0.9814323607427056,0.9828702499688654,0.85,,requires predict_proba,,requires predict_proba,,2.1099999999996726,success,
llsvm,sar-pi0.1-scalesmall,105,{},linear,0.1,0.5,0.5,True,0,,,,,,2350.0,,-0.04511784511784512,0.8181818181818182,1.0,0.997638888888889,0.9625,0.7692307692307693,0.9814814814814815,0.9857061416844026,0.8125,,requires predict_proba,,requires predict_proba,,1.8130000000001019,success,
llsvm,sar-pi0.1-scalesmall,106,{},linear,0.1,0.5,0.5,True,0,,,,,,3000.0,,-0.04157894736842105,0.8,1.0,0.9940277777777777,0.9575,0.7301587301587301,0.9815789473684211,0.9497315964219761,0.7875,,requires predict_proba,,requires predict_proba,,2.29700000000048,success,
llsvm,sar-pi0.1-scalesmall,107,{},linear,0.1,0.5,0.5,True,0,,,,,,2330.0,,-0.03723094822571263,0.7777777777777778,1.0,0.9814583333333333,0.9525,0.6885245901639344,0.981675392670157,0.9432159682289227,0.7625,,requires predict_proba,,requires predict_proba,,1.7820000000001528,success,
llsvm,sar-pi0.1-scalesmall,108,{},linear,0.1,0.5,0.5,True,0,,,,,,3000.0,,-0.047763347763347765,0.8181818181818182,1.0,0.9986805555555556,0.96,0.75,0.9841269841269841,0.9890059918631348,0.8,,requires predict_proba,,requires predict_proba,,2.32799999999952,success,
llsvm,sar-pi0.1-scalesmall,109,{},linear,0.1,0.5,0.5,True,0,,,,,,3000.0,,-0.03466441406849946,0.7647058823529411,1.0,0.9851388888888889,0.95,0.6666666666666666,0.9817232375979112,0.9289184108430719,0.75,,requires predict_proba,,requires predict_proba,,2.2659999999996217,success,
llsvm,sar-pi0.1-scalesmall,110,{},linear,0.1,0.5,0.5,True,0,,,,,,3000.0,,-0.05733333333333333,0.88,1.0,0.9990972222222223,0.9725,0.8405797101449275,0.9813333333333333,0.9918985308038433,0.8625,,requires predict_proba,,requires predict_proba,,2.3280000000004293,success,
llsvm,sar-pi0.1-scalesmall,111,{},linear,0.1,0.5,0.5,True,0,,,,,,2178.0,,-0.03894736842105263,0.8,1.0,0.9978472222222222,0.96,0.75,0.9789473684210527,0.9825081194685232,0.8,,requires predict_proba,,requires predict_proba,,1.6710000000002765,success,
llsvm,sar-pi0.1-scalesmall,112,{},linear,0.1,0.5,0.5,True,0,,,,,,3000.0,,-0.02130088801752969,0.7391304347826086,1.0,0.992638888888889,0.9675,0.8059701492537313,0.9734748010610079,0.9492260519220925,0.8375,,requires predict_proba,,requires predict_proba,,2.313000000000102,success,
llsvm,sar-pi0.1-scalesmall,113,{},linear,0.1,0.5,0.5,True,0,,,,,,1851.0,,-0.0036842105263158037,0.65,1.0,0.9959722222222223,0.9575,0.7301587301587301,0.9736842105263158,0.9797035473298201,0.7875,,requires predict_proba,,requires predict_proba,,1.4210000000002765,success,
llsvm,sar-pi0.1-scalesmall,114,{},linear,0.1,0.5,0.5,True,0,,,,,,2771.0,,-0.034272689598010775,0.7894736842105263,1.0,0.9995833333333334,0.96,0.75,0.9763779527559056,0.9960962034044512,0.8,,requires predict_proba,,requires predict_proba,,2.139999999999418,success,
llsvm,sar-pi0.1-scalesmall,115,{},linear,0.1,0.5,0.5,True,0,,,,,,3000.0,,-0.0217489634376178,0.7142857142857143,1.0,0.9902777777777778,0.9575,0.7301587301587301,0.978891820580475,0.9452217461618211,0.7875,,requires predict_proba,,requires predict_proba,,2.311999999999898,success,
llsvm,sar-pi0.1-scalesmall,116,{},linear,0.1,0.5,0.5,True,0,,,,,,1740.0,,-0.01911044101017717,0.7142857142857143,1.0,0.9988888888888888,0.96,0.75,0.9762532981530343,0.9913172541743969,0.8,,requires predict_proba,,requires predict_proba,,1.344000000000051,success,
llsvm,sar-pi0.1-scalesmall,117,{},linear,0.1,0.5,0.5,True,0,,,,,,2336.0,,-0.012554112554112568,0.6666666666666666,1.0,0.9936805555555556,0.945,0.6206896551724138,0.9792207792207792,0.9575707208904869,0.725,,requires predict_proba,,requires predict_proba,,1.7349999999996726,success,
llsvm,sar-pi0.1-scalesmall,118,{},linear,0.1,0.5,0.5,True,0,,,,,,1302.0,,-0.016471918582736528,0.7142857142857143,1.0,0.9996527777777778,0.9625,0.7692307692307693,0.9736147757255936,0.9967906478488956,0.8125,,requires predict_proba,,requires predict_proba,,1.0160000000005311,success,
llsvm,sar-pi0.1-scalesmall,119,{},linear,0.1,0.5,0.5,True,0,,,,,,1865.0,,0.005180273518441761,0.631578947368421,1.0,0.9972222222222221,0.96,0.75,0.968503937007874,0.9870332278481012,0.8,,requires predict_proba,,requires predict_proba,,1.405999999999949,success,
llsvm,sar-pi0.1-scalemid,100,{},linear,0.1,0.5,0.5,True,0,,,,,,1959.0,,-0.04558998000985964,0.9381443298969072,1.0,0.9976583333333333,0.9845,0.9164420485175202,0.9579611140304782,0.9872600244050899,0.9247222222222222,,requires predict_proba,,requires predict_proba,,1.8900000000003274,success,
llsvm,sar-pi0.1-scalemid,101,{},linear,0.1,0.5,0.5,True,0,,,,,,1448.0,,-0.043101533117941265,0.946236559139785,1.0,0.9989444444444444,0.986,0.925531914893617,0.9538542212899843,0.9915075920516739,0.9344444444444444,,requires predict_proba,,requires predict_proba,,1.4220000000004802,success,
llsvm,sar-pi0.1-scalemid,102,{},linear,0.1,0.5,0.5,True,0,,,,,,2052.0,,-0.047732127151652225,0.9523809523809523,1.0,0.998325,0.9865,0.9291338582677166,0.9572559366754617,0.987492129422706,0.9413888888888888,,requires predict_proba,,requires predict_proba,,1.9679999999998472,success,
llsvm,sar-pi0.1-scalemid,103,{},linear,0.1,0.5,0.5,True,0,,,,,,3000.0,,-0.0533820804526708,0.9622641509433962,1.0,0.9986555555555556,0.988,0.9361702127659575,0.9609292502639916,0.9942247541258892,0.94,,requires predict_proba,,requires predict_proba,,2.9530000000004293,success,
llsvm,sar-pi0.1-scalemid,104,{},linear,0.1,0.5,0.5,True,0,,,,,,1764.0,,-0.048526315789473695,0.94,1.0,0.9986222222222222,0.9835,0.9105691056910569,0.9605263157894737,0.9919195077389508,0.9197222222222222,,requires predict_proba,,requires predict_proba,,1.6880000000001019,success,
llsvm,sar-pi0.1-scalemid,105,{},linear,0.1,0.5,0.5,True,0,,,,,,1009.0,,-0.04311525294788894,0.9090909090909091,1.0,0.9973944444444444,0.977,0.8700564971751412,0.9612970711297071,0.9823983967948862,0.885,,requires predict_proba,,requires predict_proba,,0.9849999999996726,success,
llsvm,sar-pi0.1-scalemid,106,{},linear,0.1,0.5,0.5,True,0,,,,,,1860.0,,-0.05357383357383358,0.9636363636363636,1.0,0.9977527777777777,0.986,0.9263157894736842,0.9608465608465608,0.9803774508031011,0.9388888888888889,,requires predict_proba,,requires predict_proba,,1.7970000000004802,success,
llsvm,sar-pi0.1-scalemid,107,{},linear,0.1,0.5,0.5,True,0,,,,,,1698.0,,-0.04878399991498361,0.9595959595959596,1.0,0.9987388888888888,0.9865,0.9283819628647215,0.9568648079957917,0.9911993497499285,0.9369444444444445,,requires predict_proba,,requires predict_proba,,1.655999999999949,success,
llsvm,sar-pi0.1-scalemid,108,{},linear,0.1,0.5,0.5,True,0,,,,,,2555.0,,-0.05027816300830504,0.9696969696969697,1.0,0.9992666666666667,0.9885,0.9393139841688655,0.9563387690689111,0.9942228878261878,0.9447222222222222,,requires predict_proba,,requires predict_proba,,2.438000000000102,success,
llsvm,sar-pi0.1-scalemid,109,{},linear,0.1,0.5,0.5,True,0,,,,,,1300.0,,-0.041078024877497184,0.9428571428571428,0.997732426303855,0.9954388888888889,0.9795,0.8946015424164524,0.9525065963060686,0.9679377935594314,0.9308333333333334,,requires predict_proba,,requires predict_proba,,1.25,success,
llsvm,sar-pi0.1-scalemid,110,{},linear,0.1,0.5,0.5,True,0,,,,,,3000.0,,-0.05075453816432165,0.9418604651162791,1.0,0.996425,0.9765,0.8668555240793201,0.9623824451410659,0.9839718124661322,0.8825000000000001,,requires predict_proba,,requires predict_proba,,2.907000000000153,success,
llsvm,sar-pi0.1-scalemid,111,{},linear,0.1,0.5,0.5,True,0,,,,,,1812.0,,-0.048105263157894734,0.93,1.0,0.9986305555555555,0.9805,0.8931506849315068,0.9621052631578947,0.9892708239934834,0.9069444444444444,,requires predict_proba,,requires predict_proba,,1.75,success,
llsvm,sar-pi0.1-scalemid,112,{},linear,0.1,0.5,0.5,True,0,,,,,,988.0,,-0.04189473684210527,0.92,1.0,0.9953638888888888,0.98,0.8924731182795699,0.9578947368421052,0.9750247094135119,0.9133333333333333,,requires predict_proba,,requires predict_proba,,0.9529999999995198,success,
llsvm,sar-pi0.1-scalemid,113,{},linear,0.1,0.5,0.5,True,0,,,,,,1602.0,,-0.041660958214127415,0.9230769230769231,1.0,0.9986499999999999,0.982,0.9016393442622951,0.9570455735987428,0.9887801367680756,0.9122222222222223,,requires predict_proba,,requires predict_proba,,1.5470000000004802,success,
llsvm,sar-pi0.1-scalemid,114,{},linear,0.1,0.5,0.5,True,0,,,,,,1482.0,,-0.06198894813190439,0.963302752293578,1.0,0.99825,0.9805,0.8925619834710744,0.9693283976731888,0.9798174370866944,0.9047222222222222,,requires predict_proba,,requires predict_proba,,1.4380000000001019,success,
llsvm,sar-pi0.1-scalemid,115,{},linear,0.1,0.5,0.5,True,0,,,,,,1336.0,,-0.04614901369518784,0.9523809523809523,1.0,0.9966833333333334,0.985,0.921875,0.9556728232189974,0.977882829983745,0.9405555555555556,,requires predict_proba,,requires predict_proba,,1.2960000000002765,success,
llsvm,sar-pi0.1-scalemid,116,{},linear,0.1,0.5,0.5,True,0,,,,,,1696.0,,-0.04885537247713734,0.9528301886792453,1.0,0.999561111111111,0.988,0.9368421052631579,0.9582893347412883,0.9963488147748848,0.9444444444444444,,requires predict_proba,,requires predict_proba,,1.6410000000005311,success,
llsvm,sar-pi0.1-scalemid,117,{},linear,0.1,0.5,0.5,True,0,,,,,,1916.0,,-0.05255125420892193,0.9528301886792453,1.0,0.9992472222222222,0.9855,0.9222520107238605,0.9619852164730729,0.9937377487766645,0.9297222222222222,,requires predict_proba,,requires predict_proba,,1.8589999999994689,success,
llsvm,sar-pi0.1-scalemid,118,{},linear,0.1,0.5,0.5,True,0,,,,,,971.0,,-0.048662719200827785,0.9587628865979382,1.0,0.9994805555555555,0.9865,0.928,0.9569101418812401,0.9953518444848687,0.9347222222222222,,requires predict_proba,,requires predict_proba,,0.9529999999995198,success,
llsvm,sar-pi0.1-scalemid,119,{},linear,0.1,0.5,0.5,True,0,,,,,,1602.0,,-0.04457909648899459,0.9278350515463918,1.0,0.997425,0.983,0.907608695652174,0.9590120861797162,0.9851751265017872,0.9172222222222222,,requires predict_proba,,requires predict_proba,,1.5469999999995707,success,
llsvm,sar-pi0.3-scalesmall,100,{},linear,0.3,0.5,0.5,True,0,,,,,,1741.0,,-0.10613026819923371,0.8620689655172413,1.0,0.9998809523809524,0.92,0.8461538461538461,0.8888888888888888,0.9997210355520085,0.8666666666666667,,requires predict_proba,,requires predict_proba,,1.405999999999949,success,
llsvm,sar-pi0.3-scalesmall,101,{},linear,0.3,0.5,0.5,True,0,,,,,,1094.0,,-0.1064705882352941,0.8,1.0,0.9972619047619047,0.8825,0.7564766839378239,0.9264705882352942,0.9941082310276356,0.8041666666666667,,requires predict_proba,,requires predict_proba,,0.9380000000001019,success,
llsvm,sar-pi0.3-scalesmall,102,{},linear,0.3,0.5,0.5,True,0,,,,,,207.0,,-0.04653981893509285,0.7719298245614035,1.0,0.9867559523809524,0.91,0.8235294117647058,0.8833819241982507,0.9751776087220293,0.85,,requires predict_proba,,requires predict_proba,,0.1720000000004802,success,
llsvm,sar-pi0.3-scalesmall,103,{},linear,0.3,0.5,0.5,True,0,,,,,,2174.0,,-0.14103896103896102,0.8714285714285714,1.0,0.9960714285714286,0.92,0.8461538461538461,0.9181818181818182,0.9925272214915792,0.8666666666666667,,requires predict_proba,,requires predict_proba,,1.860000000000582,success,
llsvm,sar-pi0.3-scalesmall,104,{},linear,0.3,0.5,0.5,True,0,,,,,,1235.0,,-0.1403375068045727,0.8636363636363636,1.0,0.9991369047619048,0.9075,0.8177339901477833,0.9221556886227545,0.9980188032114709,0.8458333333333333,,requires predict_proba,,requires predict_proba,,1.0,success,
llsvm,sar-pi0.3-scalesmall,105,{},linear,0.3,0.5,0.5,True,0,,,,,,969.0,,-0.08256374571300759,0.8135593220338984,1.0,0.9992261904761905,0.91,0.8235294117647058,0.8944281524926686,0.9982709824588167,0.85,,requires predict_proba,,requires predict_proba,,0.7960000000002765,success,
llsvm,sar-pi0.3-scalesmall,106,{},linear,0.3,0.5,0.5,True,0,,,,,,2288.0,,-0.09793697894588102,0.8412698412698413,1.0,0.9980654761904761,0.9225,0.8516746411483254,0.8931750741839762,0.9959751457537052,0.8708333333333333,,requires predict_proba,,requires predict_proba,,1.875,success,
llsvm,sar-pi0.3-scalesmall,107,{},linear,0.3,0.5,0.5,True,0,,,,,,1222.0,,-0.06640976236351959,0.7407407407407407,1.0,0.9990178571428572,0.8675,0.7165775401069518,0.9219653179190751,0.9978553751064492,0.7791666666666667,,requires predict_proba,,requires predict_proba,,1.0,success,
llsvm,sar-pi0.3-scalesmall,108,{},linear,0.3,0.5,0.5,True,0,,,,,,1696.0,,-0.09347163789351515,0.8032786885245902,1.0,0.998095238095238,0.8975,0.7939698492462312,0.911504424778761,0.9958232954458126,0.8291666666666666,,requires predict_proba,,requires predict_proba,,1.375,success,
llsvm,sar-pi0.3-scalesmall,109,{},linear,0.3,0.5,0.5,True,0,,,,,,2503.0,,-0.12464321039988696,0.8412698412698413,1.0,0.996547619047619,0.9,0.8,0.9198813056379822,0.9943151148967413,0.8333333333333333,,requires predict_proba,,requires predict_proba,,2.0469999999995707,success,
llsvm,sar-pi0.3-scalesmall,110,{},linear,0.3,0.5,0.5,True,0,,,,,,2270.0,,-0.12691619517384783,0.8688524590163934,1.0,0.9983333333333333,0.9125,0.8292682926829268,0.9056047197640118,0.99659871254492,0.8541666666666667,,requires predict_proba,,requires predict_proba,,1.844000000000051,success,
llsvm,sar-pi0.3-scalesmall,111,{},linear,0.3,0.5,0.5,True,0,,,,,,1697.0,,-0.1103285451563199,0.8305084745762712,1.0,0.99875,0.8975,0.7939698492462312,0.9120234604105572,0.9971498158690757,0.8291666666666666,,requires predict_proba,,requires predict_proba,,1.375,success,
llsvm,sar-pi0.3-scalesmall,112,{},linear,0.3,0.5,0.5,True,0,,,,,,2168.0,,-0.11264880952380951,0.796875,1.0,0.9961904761904762,0.8825,0.7564766839378239,0.9345238095238095,0.9913741077385901,0.8041666666666667,,requires predict_proba,,requires predict_proba,,1.75,success,
llsvm,sar-pi0.3-scalesmall,113,{},linear,0.3,0.5,0.5,True,0,,,,,,1204.0,,-0.06205357142857143,0.796875,1.0,0.9995833333333333,0.925,0.8571428571428571,0.8839285714285714,0.9991160192147035,0.875,,requires predict_proba,,requires predict_proba,,0.9839999999994689,success,
llsvm,sar-pi0.3-scalesmall,114,{},linear,0.3,0.5,0.5,True,0,,,,,,1343.0,,-0.08716970467712307,0.7936507936507936,1.0,0.9984226190476191,0.9,0.8,0.9109792284866469,0.9967275832475805,0.8333333333333333,,requires predict_proba,,requires predict_proba,,1.0780000000004293,success,
llsvm,sar-pi0.3-scalesmall,115,{},linear,0.3,0.5,0.5,True,0,,,,,,2364.0,,-0.08863198458574179,0.7777777777777778,1.0,0.9996130952380953,0.8725,0.7301587301587301,0.9219653179190751,0.9991113198593308,0.7875,,requires predict_proba,,requires predict_proba,,1.905999999999949,success,
llsvm,sar-pi0.3-scalesmall,116,{},linear,0.3,0.5,0.5,True,0,,,,,,808.0,,-0.09295667112044281,0.8225806451612904,1.0,0.9997619047619047,0.9125,0.8292682926829268,0.8994082840236687,0.9994419332994943,0.8541666666666667,,requires predict_proba,,requires predict_proba,,0.6720000000004802,success,
llsvm,sar-pi0.3-scalesmall,117,{},linear,0.3,0.5,0.5,True,0,,,,,,1321.0,,-0.10876783140315124,0.847457627118644,1.0,0.9981547619047619,0.91,0.8235294117647058,0.9002932551319648,0.9959348318632892,0.85,,requires predict_proba,,requires predict_proba,,1.0780000000004293,success,
llsvm,sar-pi0.3-scalesmall,118,{},linear,0.3,0.5,0.5,True,0,,,,,,842.0,,-0.09493355481727572,0.8035714285714286,1.0,0.999047619047619,0.8875,0.7692307692307693,0.9127906976744186,0.9978067647392235,0.8125,,requires predict_proba,,requires predict_proba,,0.6880000000001019,success,
llsvm,sar-pi0.3-scalesmall,119,{},linear,0.3,0.5,0.5,True,0,,,,,,1228.0,,-0.07693452380952381,0.796875,1.0,0.9988690476190477,0.9125,0.8292682926829268,0.8988095238095238,0.9975038620484299,0.8541666666666667,,requires predict_proba,,requires predict_proba,,1.0159999999996217,success,
llsvm,sar-pi0.3-scalemid,100,{},linear,0.3,0.5,0.5,True,0,,,,,,558.0,,-0.1313300022510779,0.9413680781758957,1.0,0.9937809523809524,0.9495,0.9094170403587444,0.8665091553455405,0.9875785498492181,0.9196428571428572,,requires predict_proba,,requires predict_proba,,0.5320000000001528,success,
llsvm,sar-pi0.3-scalemid,101,{},linear,0.3,0.5,0.5,True,0,,,,,,233.0,,-0.11220657276995305,0.9647887323943662,1.0,0.9972809523809524,0.97,0.9482758620689655,0.8333333333333334,0.9938683516323537,0.9547619047619047,,requires predict_proba,,requires predict_proba,,0.23399999999946886,success,
llsvm,sar-pi0.3-scalemid,102,{},linear,0.3,0.5,0.5,True,0,,,,,,929.0,,-0.12709057510244454,0.9492063492063492,1.0,0.9971083333333334,0.9615,0.932396839332748,0.857566765578635,0.9936658829136844,0.9396428571428572,,requires predict_proba,,requires predict_proba,,0.9840000000003783,success,
llsvm,sar-pi0.3-scalemid,103,{},linear,0.3,0.5,0.5,True,0,,,,,,1956.0,,-0.12448071606680972,0.9792387543252595,1.0,0.9993928571428572,0.98,0.9655765920826161,0.836937463471654,0.9987943357561333,0.9671428571428572,,requires predict_proba,,requires predict_proba,,1.905999999999949,success,
llsvm,sar-pi0.3-scalemid,104,{},linear,0.3,0.5,0.5,True,0,,,,,,851.0,,-0.12512054307828954,0.9628378378378378,1.0,0.9985416666666667,0.9685,0.9449781659388646,0.8474178403755869,0.9968867493119551,0.9494047619047619,,requires predict_proba,,requires predict_proba,,0.8599999999996726,success,
llsvm,sar-pi0.3-scalemid,105,{},linear,0.3,0.5,0.5,True,0,,,,,,661.0,,-0.1263541107417975,0.9621993127147767,1.0,0.9986928571428572,0.967,0.9420035149384886,0.8490345231129316,0.9971152040695078,0.9459523809523809,,requires predict_proba,,requires predict_proba,,0.6880000000001019,success,
llsvm,sar-pi0.3-scalemid,106,{},linear,0.3,0.5,0.5,True,0,,,,,,1201.0,,-0.13792277455935628,0.9641693811074918,1.0,0.9968023809523809,0.961,0.9312169312169312,0.8594211458948612,0.9926207900054679,0.9378571428571428,,requires predict_proba,,requires predict_proba,,1.1719999999995707,success,
llsvm,sar-pi0.3-scalemid,107,{},linear,0.3,0.5,0.5,True,0,,,,,,940.0,,-0.1396765080013509,0.9792387543252595,1.0,0.9991630952380952,0.966,0.9401408450704225,0.8521332554061952,0.9981357266120682,0.9442857142857143,,requires predict_proba,,requires predict_proba,,0.9219999999995707,success,
llsvm,sar-pi0.3-scalemid,108,{},linear,0.3,0.5,0.5,True,0,,,,,,1526.0,,-0.13270588235294115,0.98,1.0,0.9991130952380953,0.978,0.9620034542314335,0.8447058823529412,0.998083717691467,0.9638095238095239,,requires predict_proba,,requires predict_proba,,1.5159999999996217,success,
llsvm,sar-pi0.3-scalemid,109,{},linear,0.3,0.5,0.5,True,0,,,,,,846.0,,-0.1282534834892155,0.9612903225806452,1.0,0.9955,0.9635,0.9364664926022629,0.8514792899408284,0.9907881432751291,0.9444047619047619,,requires predict_proba,,requires predict_proba,,0.8130000000001019,success,
llsvm,sar-pi0.3-scalemid,110,{},linear,0.3,0.5,0.5,True,0,,,,,,1628.0,,-0.1360271184214846,0.9753521126760564,1.0,0.9988404761904762,0.9665,0.940864960282436,0.8508158508158508,0.9976293458902329,0.9441666666666666,,requires predict_proba,,requires predict_proba,,1.5619999999998981,success,
llsvm,sar-pi0.3-scalemid,111,{},linear,0.3,0.5,0.5,True,0,,,,,,1328.0,,-0.13721713963259857,0.9765886287625418,1.0,0.9991869047619047,0.9695,0.9467248908296944,0.8512639623750735,0.9980930048748204,0.950595238095238,,requires predict_proba,,requires predict_proba,,1.3429999999998472,success,
llsvm,sar-pi0.3-scalemid,112,{},linear,0.3,0.5,0.5,True,0,,,,,,769.0,,-0.12516559998880336,0.9556313993174061,1.0,0.997047619047619,0.9615,0.9320388349514563,0.8517867603983597,0.9939653206151312,0.9382142857142857,,requires predict_proba,,requires predict_proba,,0.75,success,
llsvm,sar-pi0.3-scalemid,113,{},linear,0.3,0.5,0.5,True,0,,,,,,789.0,,-0.12383693877711968,0.9463087248322147,1.0,0.9980892857142858,0.9605,0.929902395740905,0.8560517038777908,0.9954556937264861,0.9355952380952381,,requires predict_proba,,requires predict_proba,,0.7809999999999491,success,
llsvm,sar-pi0.3-scalemid,114,{},linear,0.3,0.5,0.5,True,0,,,,,,726.0,,-0.15637076193948232,0.9551282051282052,1.0,0.9968654761904762,0.9465,0.902283105022831,0.8832938388625592,0.9910357511844652,0.9113095238095239,,requires predict_proba,,requires predict_proba,,0.7179999999998472,success,
llsvm,sar-pi0.3-scalemid,115,{},linear,0.3,0.5,0.5,True,0,,,,,,938.0,,-0.13975297914597815,0.9736842105263158,1.0,0.996117857142857,0.9645,0.9377738825591586,0.8555424528301887,0.9921392659419961,0.9436904761904762,,requires predict_proba,,requires predict_proba,,0.8909999999996217,success,
llsvm,sar-pi0.3-scalemid,116,{},linear,0.3,0.5,0.5,True,0,,,,,,870.0,,-0.1303225523959648,0.9678456591639871,1.0,0.9996166666666667,0.9755,0.9575757575757575,0.8496151568975725,0.9990888563021636,0.9601190476190475,,requires predict_proba,,requires predict_proba,,0.8119999999998981,success,
llsvm,sar-pi0.3-scalemid,117,{},linear,0.3,0.5,0.5,True,0,,,,,,943.0,,-0.14246000176787765,0.9691358024691358,1.0,0.9990261904761905,0.9705,0.948561464690497,0.8609785202863962,0.9977294996471077,0.9522619047619048,,requires predict_proba,,requires predict_proba,,0.9210000000002765,success,
llsvm,sar-pi0.3-scalemid,118,{},linear,0.3,0.5,0.5,True,0,,,,,,325.0,,-0.1315940585943045,0.9761092150170648,1.0,0.9991369047619048,0.9725,0.9521322889469104,0.8459285295840656,0.998014572802568,0.9551190476190476,,requires predict_proba,,requires predict_proba,,0.34400000000005093,success,
llsvm,sar-pi0.3-scalemid,119,{},linear,0.3,0.5,0.5,True,0,,,,,,944.0,,-0.12510602205258692,0.9629629629629629,1.0,0.9989488095238095,0.972,0.9511343804537522,0.8473282442748091,0.9977077574862648,0.9538095238095239,,requires predict_proba,,requires predict_proba,,0.9059999999999491,success,
llsvm,sar-pi0.5-scalesmall,100,{},linear,0.5,0.5,0.5,True,0,,,,,,1364.0,,-0.1500231160425335,0.8571428571428571,1.0,0.9987250000000001,0.855,0.8304093567251462,0.7928802588996764,0.99875528399386,0.855,,requires predict_proba,,requires predict_proba,,1.094000000000051,success,
llsvm,sar-pi0.5-scalesmall,101,{},linear,0.5,0.5,0.5,True,0,,,,,,266.0,,-0.17415195127760197,0.8556701030927835,1.0,0.9904249999999999,0.845,0.8165680473372781,0.8184818481848185,0.9920210475475744,0.845,,requires predict_proba,,requires predict_proba,,0.2179999999998472,success,
llsvm,sar-pi0.5-scalesmall,102,{},linear,0.5,0.5,0.5,True,0,,,,,,767.0,,-0.1263178172393261,0.7956989247311828,1.0,0.9949250000000001,0.815,0.7730061349693251,0.8306188925081434,0.9953158698463278,0.815,,requires predict_proba,,requires predict_proba,,0.6089999999994689,success,
llsvm,sar-pi0.5-scalesmall,103,{},linear,0.5,0.5,0.5,True,0,,,,,,1955.0,,-0.21818181818181814,0.9181818181818182,1.0,0.9979,0.8975,0.8857938718662952,0.8,0.9979650720289496,0.8975,,requires predict_proba,,requires predict_proba,,1.5780000000004293,success,
llsvm,sar-pi0.5-scalesmall,104,{},linear,0.5,0.5,0.5,True,0,,,,,,983.0,,-0.17075068710884467,0.8613861386138614,1.0,0.9986,0.86,0.8372093023255814,0.8093645484949833,0.9986792348590642,0.86,,requires predict_proba,,requires predict_proba,,0.8130000000001019,success,
llsvm,sar-pi0.5-scalesmall,105,{},linear,0.5,0.5,0.5,True,0,,,,,,882.0,,-0.19666666666666666,0.93,1.0,0.9992500000000001,0.9075,0.8980716253443526,0.7666666666666667,0.9992788180343265,0.9075,,requires predict_proba,,requires predict_proba,,0.7190000000000509,success,
llsvm,sar-pi0.5-scalesmall,106,{},linear,0.5,0.5,0.5,True,0,,,,,,1672.0,,-0.18934991215029057,0.8979591836734694,1.0,0.997475,0.8775,0.8603988603988604,0.7913907284768212,0.9975838372682788,0.8775,,requires predict_proba,,requires predict_proba,,1.3599999999996726,success,
llsvm,sar-pi0.5-scalesmall,107,{},linear,0.5,0.5,0.5,True,0,,,,,,1009.0,,-0.13970980475834843,0.8241758241758241,1.0,0.9993749999999999,0.83,0.7951807228915663,0.8155339805825242,0.9993898852668622,0.8300000000000001,,requires predict_proba,,requires predict_proba,,0.8279999999995198,success,
llsvm,sar-pi0.5-scalesmall,108,{},linear,0.5,0.5,0.5,True,0,,,,,,1172.0,,-0.16813082849033656,0.8469387755102041,1.0,0.998525,0.8425,0.8130563798219584,0.8211920529801324,0.998572030256376,0.8425,,requires predict_proba,,requires predict_proba,,0.9529999999995198,success,
llsvm,sar-pi0.5-scalesmall,109,{},linear,0.5,0.5,0.5,True,0,,,,,,1842.0,,-0.20935266284103493,0.8787878787878788,1.0,0.997425,0.845,0.8165680473372781,0.8305647840531561,0.9976396346613903,0.845,,requires predict_proba,,requires predict_proba,,1.5160000000005311,success,
llsvm,sar-pi0.5-scalesmall,110,{},linear,0.5,0.5,0.5,True,0,,,,,,1893.0,,-0.1926553672316384,0.9333333333333333,1.0,0.99945,0.9225,0.9159891598915989,0.7593220338983051,0.999470169686225,0.9225,,requires predict_proba,,requires predict_proba,,1.530999999999949,success,
llsvm,sar-pi0.5-scalesmall,111,{},linear,0.5,0.5,0.5,True,0,,,,,,1486.0,,-0.20371101460718516,0.9117647058823529,1.0,0.99945,0.8875,0.8732394366197183,0.7919463087248322,0.9994539811747493,0.8875,,requires predict_proba,,requires predict_proba,,1.2340000000003783,success,
llsvm,sar-pi0.5-scalesmall,112,{},linear,0.5,0.5,0.5,True,0,,,,,,1370.0,,-0.13902267870243373,0.8130841121495327,1.0,0.99665,0.845,0.8165680473372781,0.825938566552901,0.9965053191466878,0.845,,requires predict_proba,,requires predict_proba,,1.125,success,
llsvm,sar-pi0.5-scalesmall,113,{},linear,0.5,0.5,0.5,True,0,,,,,,967.0,,-0.1443906376109766,0.8952380952380953,1.0,0.999575,0.92,0.9130434782608695,0.7491525423728813,0.9995883161809751,0.9199999999999999,,requires predict_proba,,requires predict_proba,,0.8130000000001019,success,
llsvm,sar-pi0.5-scalesmall,114,{},linear,0.5,0.5,0.5,True,0,,,,,,1002.0,,-0.13470540758676353,0.8380952380952381,1.0,0.9985249999999999,0.87,0.8505747126436781,0.7966101694915254,0.9984784264395477,0.87,,requires predict_proba,,requires predict_proba,,0.8130000000001019,success,
llsvm,sar-pi0.5-scalesmall,115,{},linear,0.5,0.5,0.5,True,0,,,,,,1653.0,,-0.1616318464144551,0.8369565217391305,1.0,0.99935,0.8275,0.7915407854984894,0.8246753246753247,0.9993479781025852,0.8275,,requires predict_proba,,requires predict_proba,,1.3119999999998981,success,
llsvm,sar-pi0.5-scalesmall,116,{},linear,0.5,0.5,0.5,True,0,,,,,,1054.0,,-0.17686537702329252,0.9117647058823529,1.0,0.998425,0.9075,0.8980716253443526,0.7651006711409396,0.9987347829084446,0.9075,,requires predict_proba,,requires predict_proba,,0.875,success,
llsvm,sar-pi0.5-scalesmall,117,{},linear,0.5,0.5,0.5,True,0,,,,,,950.0,,-0.15227450580109558,0.8865979381443299,1.0,0.998575,0.8925,0.8795518207282913,0.7656765676567657,0.9986389572267197,0.8925000000000001,,requires predict_proba,,requires predict_proba,,0.7809999999999491,success,
llsvm,sar-pi0.5-scalesmall,118,{},linear,0.5,0.5,0.5,True,0,,,,,,900.0,,-0.14067808483065392,0.8817204301075269,1.0,0.9994999999999999,0.89,0.8764044943820225,0.758957654723127,0.9995025635032004,0.89,,requires predict_proba,,requires predict_proba,,0.7340000000003783,success,
llsvm,sar-pi0.5-scalesmall,119,{},linear,0.5,0.5,0.5,True,0,,,,,,1015.0,,-0.13864552913363926,0.851063829787234,1.0,0.99855,0.8625,0.8405797101449275,0.7875816993464052,0.998622943988811,0.8625,,requires predict_proba,,requires predict_proba,,0.8280000000004293,success,
llsvm,sar-pi0.5-scalemid,100,{},linear,0.5,0.5,0.5,True,0,,,,,,519.0,,-0.16636308439587133,0.9487704918032787,1.0,0.994983,0.938,0.9343915343915344,0.7175925925925926,0.9952759960348094,0.938,,requires predict_proba,,requires predict_proba,,0.5309999999999491,success,
llsvm,sar-pi0.5-scalemid,101,{},linear,0.5,0.5,0.5,True,0,,,,,,1306.0,,-0.20208137988181163,0.9586776859504132,1.0,0.999201,0.9265,0.9206691851052348,0.7434036939313984,0.9991904634771959,0.9265,,requires predict_proba,,requires predict_proba,,1.2969999999995707,success,
llsvm,sar-pi0.5-scalemid,102,{},linear,0.5,0.5,0.5,True,0,,,,,,729.0,,-0.18424046288123963,0.9650485436893204,1.0,0.996882,0.948,0.9456635318704284,0.7191919191919192,0.9968807910731958,0.948,,requires predict_proba,,requires predict_proba,,0.7190000000000509,success,
llsvm,sar-pi0.5-scalemid,103,{},linear,0.5,0.5,0.5,True,0,,,,,,1732.0,,-0.17519120062378685,0.9936708860759493,1.0,0.999405,0.9775,0.977005620848237,0.6815203145478375,0.9994298829086041,0.9775,,requires predict_proba,,requires predict_proba,,1.75,success,
llsvm,sar-pi0.5-scalemid,104,{},linear,0.5,0.5,0.5,True,0,,,,,,685.0,,-0.1771657888609074,0.9817444219066938,1.0,0.999063,0.9685,0.9675759135357694,0.6954213669542136,0.9990761316239577,0.9684999999999999,,requires predict_proba,,requires predict_proba,,0.6880000000001019,success,
llsvm,sar-pi0.5-scalemid,105,{},linear,0.5,0.5,0.5,True,0,,,,,,564.0,,-0.16870384517443338,0.9761904761904762,1.0,0.999057,0.972,0.9713114754098361,0.6925133689839572,0.9990667035470384,0.972,,requires predict_proba,,requires predict_proba,,0.5780000000004293,success,
llsvm,sar-pi0.5-scalemid,106,{},linear,0.5,0.5,0.5,True,0,,,,,,410.0,,-0.1532847100546748,0.9468503937007874,1.0,0.987864,0.9345,0.931735278791037,0.7064343163538874,0.9880655693812924,0.9345,,requires predict_proba,,requires predict_proba,,0.4220000000004802,success,
llsvm,sar-pi0.5-scalemid,107,{},linear,0.5,0.5,0.5,True,0,,,,,,743.0,,-0.19134088666598614,0.9896907216494846,1.0,0.999128,0.964,0.9627329192546584,0.7016501650165017,0.9991158115923513,0.964,,requires predict_proba,,requires predict_proba,,0.75,success,
llsvm,sar-pi0.5-scalemid,108,{},linear,0.5,0.5,0.5,True,0,,,,,,917.0,,-0.18688713974232435,0.9823874755381604,1.0,0.999139,0.969,0.9680741503604532,0.7044996642041639,0.9991576107891281,0.969,,requires predict_proba,,requires predict_proba,,0.9059999999999491,success,
llsvm,sar-pi0.5-scalemid,109,{},linear,0.5,0.5,0.5,True,0,,,,,,1035.0,,-0.18148440584287406,0.9647058823529412,1.0,0.997946,0.954,0.9519331243469175,0.7167785234899329,0.9980377026080851,0.954,,requires predict_proba,,requires predict_proba,,1.014999999999418,success,
llsvm,sar-pi0.5-scalemid,110,{},linear,0.5,0.5,0.5,True,0,,,,,,1261.0,,-0.19270024802383884,0.9832985386221295,1.0,0.999069,0.9565,0.9545216936748563,0.7094017094017094,0.9991154081480412,0.9565,,requires predict_proba,,requires predict_proba,,1.25,success,
llsvm,sar-pi0.5-scalemid,111,{},linear,0.5,0.5,0.5,True,0,,,,,,808.0,,-0.1775734272757271,0.9729206963249516,1.0,0.9991169999999999,0.9665,0.9654817104585265,0.7046527309507754,0.9990863617605691,0.9665,,requires predict_proba,,requires predict_proba,,0.7970000000004802,success,
llsvm,sar-pi0.5-scalemid,112,{},linear,0.5,0.5,0.5,True,0,,,,,,934.0,,-0.20191317776252576,0.9798387096774194,1.0,0.999417,0.952,0.9495798319327731,0.7220744680851063,0.9994299040384821,0.952,,requires predict_proba,,requires predict_proba,,0.9220000000004802,success,
llsvm,sar-pi0.5-scalemid,113,{},linear,0.5,0.5,0.5,True,0,,,,,,900.0,,-0.172,0.98,1.0,0.9983500000000001,0.973,0.9723360655737705,0.692,0.9985416533483472,0.973,,requires predict_proba,,requires predict_proba,,0.8900000000003274,success,
llsvm,sar-pi0.5-scalemid,114,{},linear,0.5,0.5,0.5,True,0,,,,,,497.0,,-0.2061104220432871,0.9679358717434869,1.0,0.996815,0.936,0.9317697228144989,0.7381745502998002,0.9954792673961594,0.9359999999999999,,requires predict_proba,,requires predict_proba,,0.48399999999946886,success,
llsvm,sar-pi0.5-scalemid,115,{},linear,0.5,0.5,0.5,True,0,,,,,,816.0,,-0.1826666666666667,0.96,1.0,0.996143,0.944,0.9409282700421941,0.7226666666666667,0.9964854944531989,0.944,,requires predict_proba,,requires predict_proba,,0.875,success,
llsvm,sar-pi0.5-scalemid,116,{},linear,0.5,0.5,0.5,True,0,,,,,,699.0,,-0.17733333333333334,0.994,1.0,0.999496,0.985,0.9847870182555781,0.6833333333333333,0.9995301462537488,0.985,,requires predict_proba,,requires predict_proba,,0.6880000000001019,success,
llsvm,sar-pi0.5-scalemid,117,{},linear,0.5,0.5,0.5,True,0,,,,,,646.0,,-0.18296040143682535,0.9807321772639692,1.0,0.9984440000000001,0.971,0.9702564102564103,0.7022282241728561,0.9985058885249226,0.971,,requires predict_proba,,requires predict_proba,,0.6410000000005311,success,
llsvm,sar-pi0.5-scalemid,118,{},linear,0.5,0.5,0.5,True,0,,,,,,223.0,,-0.20087823094831148,0.9821073558648111,1.0,0.998997,0.9545,0.9524804177545692,0.7187708750835003,0.9989589874030268,0.9545,,requires predict_proba,,requires predict_proba,,0.21900000000005093,success,
llsvm,sar-pi0.5-scalemid,119,{},linear,0.5,0.5,0.5,True,0,,,,,,643.0,,-0.17479389106636034,0.9734693877551021,1.0,0.998259,0.959,0.9574688796680498,0.7013245033112583,0.9983120578084421,0.9590000000000001,,requires predict_proba,,requires predict_proba,,0.6410000000005311,success,
