algorithm,scenario,seed,params,mechanism,class_prior,label_frequency,real_h,pi_h_well_conditioned,warning_count,diag_converged,diag_n_iter,diag_c_estimate,diag_cond_number,diag_correction_fraction,diag_n_epochs,diag_n_acs_iter,pred_positive_rate,degenerate_prediction,pu_zero_one_risk,pu_recall,pu_estimated_precision,pu_auc_roc,pu_accuracy,pu_f1,pu_negative_rate,average_precision,balanced_accuracy,brier_score,brier_score_unavailable_reason,expected_calibration_error,expected_calibration_error_unavailable_reason,ece_buckets_api,elapsed_seconds,status,failure_reason
elkan_noto,scar-pi0.1-scalesmall,100,"{""base_estimator"": null, ""calibration_method"": ""sigmoid"", ""eps"": 1e-12, ""mode"": ""probability_correction"", ""n_cv_folds"": 3}",scar,0.1,0.5,0.5,True,0,,,0.7032458825270961,,,,,0.055,False,-0.01322005801906341,0.6842105263157895,1.0,1.0,0.955,0.7096774193548387,0.9763779527559056,1.0,0.775,,"invalid probability output (not in [0,1])",,"invalid probability output (not in [0,1])",,0.03099999999994907,success,
elkan_noto,scar-pi0.1-scalesmall,101,"{""base_estimator"": null, ""calibration_method"": ""sigmoid"", ""eps"": 1e-12, ""mode"": ""probability_correction"", ""n_cv_folds"": 3}",scar,0.1,0.5,0.5,True,0,,,0.7123057947003312,,,,,0.0575,False,-0.031995346131471786,0.7777777777777778,1.0,0.9984722222222222,0.9575,0.7301587301587301,0.9764397905759162,0.9843422354865451,0.7875,,"invalid probability output (not in [0,1])",,"invalid probability output (not in [0,1])",,0.032000000000152795,success,
elkan_noto,scar-pi0.1-scalesmall,102,"{""base_estimator"": null, ""calibration_method"": ""sigmoid"", ""eps"": 1e-12, ""mode"": ""probability_correction"", ""n_cv_folds"": 3}",scar,0.1,0.5,0.5,True,0,,,0.6566323443439929,,,,,0.0525,False,-0.02702600829249907,0.7142857142857143,1.0,0.9791666666666666,0.9525,0.6885245901639344,0.9841688654353562,0.9195645987043719,0.7625,,"invalid probability output (not in [0,1])",,"invalid probability output (not in [0,1])",,0.03099999999994907,success,
elkan_noto,scar-pi0.1-scalesmall,103,"{""base_estimator"": null, ""calibration_method"": ""sigmoid"", ""eps"": 1e-12, ""mode"": ""probability_correction"", ""n_cv_folds"": 3}",scar,0.1,0.5,0.5,True,0,,,0.6778684110365424,,,,,0.0775,False,-0.020000000000000004,0.76,0.9806451612903228,0.9977083333333333,0.9775,0.8732394366197183,0.968,0.9836377455001689,0.8875,,"invalid probability output (not in [0,1])",,"invalid probability output (not in [0,1])",,0.03099999999994907,success,
elkan_noto,scar-pi0.1-scalesmall,104,"{""base_estimator"": null, ""calibration_method"": ""sigmoid"", ""eps"": 1e-12, ""mode"": ""probability_correction"", ""n_cv_folds"": 3}",scar,0.1,0.5,0.5,True,0,,,0.6999143746579141,,,,,0.075,False,-0.02266666666666667,0.76,1.0,1.0,0.975,0.8571428571428571,0.9706666666666667,1.0,0.875,,"invalid probability output (not in [0,1])",,"invalid probability output (not in [0,1])",,0.03099999999994907,success,
elkan_noto,scar-pi0.1-scalesmall,105,"{""base_estimator"": null, ""calibration_method"": ""sigmoid"", ""eps"": 1e-12, ""mode"": ""probability_correction"", ""n_cv_folds"": 3}",scar,0.1,0.5,0.5,True,0,,,0.6724795154930538,,,,,0.0775,False,-0.020000000000000004,0.76,0.9806451612903228,0.999375,0.9775,0.8732394366197183,0.968,0.9952083333333333,0.8875,,"invalid probability output (not in [0,1])",,"invalid probability output (not in [0,1])",,0.03099999999994907,success,
elkan_noto,scar-pi0.1-scalesmall,106,"{""base_estimator"": null, ""calibration_method"": ""sigmoid"", ""eps"": 1e-12, ""mode"": ""probability_correction"", ""n_cv_folds"": 3}",scar,0.1,0.5,0.5,True,0,,,0.710063447944433,,,,,0.05,False,0.0010526315789473745,0.6,1.0,0.9986111111111111,0.95,0.6666666666666666,0.9789473684210527,0.9892228630582668,0.75,,"invalid probability output (not in [0,1])",,"invalid probability output (not in [0,1])",,0.016000000000531145,success,
elkan_noto,scar-pi0.1-scalesmall,107,"{""base_estimator"": null, ""calibration_method"": ""sigmoid"", ""eps"": 1e-12, ""mode"": ""probability_correction"", ""n_cv_folds"": 3}",scar,0.1,0.5,0.5,True,0,,,0.652327403807606,,,,,0.0525,False,0.003955788248981962,0.6111111111111112,1.0,0.9947222222222223,0.9525,0.6885245901639344,0.9738219895287958,0.9720422590322161,0.7625,,"invalid probability output (not in [0,1])",,"invalid probability output (not in [0,1])",,0.04699999999957072,success,
elkan_noto,scar-pi0.1-scalesmall,108,"{""base_estimator"": null, ""calibration_method"": ""sigmoid"", ""eps"": 1e-12, ""mode"": ""probability_correction"", ""n_cv_folds"": 3}",scar,0.1,0.5,0.5,True,0,,,0.69753134151608,,,,,0.065,False,-0.042472342472342474,0.8181818181818182,1.0,0.9995138888888888,0.965,0.7878787878787878,0.9788359788359788,0.9961141304347825,0.825,,"invalid probability output (not in [0,1])",,"invalid probability output (not in [0,1])",,0.03099999999994907,success,
elkan_noto,scar-pi0.1-scalesmall,109,"{""base_estimator"": null, ""calibration_method"": ""sigmoid"", ""eps"": 1e-12, ""mode"": ""probability_correction"", ""n_cv_folds"": 3}",scar,0.1,0.5,0.5,True,0,,,0.623372697765682,,,,,0.0575,False,-0.0412071878359699,0.8235294117647058,1.0,0.9897222222222222,0.9575,0.7301587301587301,0.9765013054830287,0.9672071162904384,0.7875,,"invalid probability output (not in [0,1])",,"invalid probability output (not in [0,1])",,0.03099999999994907,success,
elkan_noto,scar-pi0.1-scalesmall,110,"{""base_estimator"": null, ""calibration_method"": ""sigmoid"", ""eps"": 1e-12, ""mode"": ""probability_correction"", ""n_cv_folds"": 3}",scar,0.1,0.5,0.5,True,0,,,0.8044400605842439,,,,,0.08,False,-0.04992319508448541,0.8571428571428571,1.0,1.0,0.98,0.8888888888888888,0.978494623655914,1.0,0.9,,"invalid probability output (not in [0,1])",,"invalid probability output (not in [0,1])",,0.03099999999994907,success,
elkan_noto,scar-pi0.1-scalesmall,111,"{""base_estimator"": null, ""calibration_method"": ""sigmoid"", ""eps"": 1e-12, ""mode"": ""probability_correction"", ""n_cv_folds"": 3}",scar,0.1,0.5,0.5,True,0,,,0.6359321107881651,,,,,0.0675,False,-0.013247686144495105,0.7368421052631579,1.0,0.9997222222222223,0.9675,0.8059701492537313,0.9658792650918635,0.9976308139534884,0.8375,,"invalid probability output (not in [0,1])",,"invalid probability output (not in [0,1])",,0.03099999999994907,success,
elkan_noto,scar-pi0.1-scalesmall,112,"{""base_estimator"": null, ""calibration_method"": ""sigmoid"", ""eps"": 1e-12, ""mode"": ""probability_correction"", ""n_cv_folds"": 3}",scar,0.1,0.5,0.5,True,0,,,0.7299285551599202,,,,,0.0725,False,-0.0040000000000000036,0.68,0.9379310344827587,0.9983333333333333,0.9725,0.8405797101449275,0.968,0.9867468762799787,0.8625,,"invalid probability output (not in [0,1])",,"invalid probability output (not in [0,1])",,0.016000000000531145,success,
elkan_noto,scar-pi0.1-scalesmall,113,"{""base_estimator"": null, ""calibration_method"": ""sigmoid"", ""eps"": 1e-12, ""mode"": ""probability_correction"", ""n_cv_folds"": 3}",scar,0.1,0.5,0.5,True,0,,,0.7269855097487545,,,,,0.06,False,-0.0008177008177008144,0.6363636363636364,1.0,0.999375,0.96,0.75,0.9735449735449735,0.9952083333333333,0.8,,"invalid probability output (not in [0,1])",,"invalid probability output (not in [0,1])",,0.032000000000152795,success,
elkan_noto,scar-pi0.1-scalesmall,114,"{""base_estimator"": null, ""calibration_method"": ""sigmoid"", ""eps"": 1e-12, ""mode"": ""probability_correction"", ""n_cv_folds"": 3}",scar,0.1,0.5,0.5,True,0,,,0.6537707304045737,,,,,0.0575,False,-0.010595386103052912,0.6842105263157895,1.0,0.9986111111111111,0.9575,0.7301587301587301,0.973753280839895,0.9871253944346577,0.7875,,"invalid probability output (not in [0,1])",,"invalid probability output (not in [0,1])",,0.03099999999994907,success,
elkan_noto,scar-pi0.1-scalesmall,115,"{""base_estimator"": null, ""calibration_method"": ""sigmoid"", ""eps"": 1e-12, ""mode"": ""probability_correction"", ""n_cv_folds"": 3}",scar,0.1,0.5,0.5,True,0,,,0.5920046398263934,,,,,0.055,False,0.028060205805559818,0.5294117647058824,0.9625668449197862,0.9963194444444444,0.955,0.7096774193548387,0.9660574412532638,0.9753743699481536,0.775,,"invalid probability output (not in [0,1])",,"invalid probability output (not in [0,1])",,0.03099999999994907,success,
elkan_noto,scar-pi0.1-scalesmall,116,"{""base_estimator"": null, ""calibration_method"": ""sigmoid"", ""eps"": 1e-12, ""mode"": ""probability_correction"", ""n_cv_folds"": 3}",scar,0.1,0.5,0.5,True,0,,,0.7292258605663015,,,,,0.065,False,-0.012605235843616641,0.6956521739130435,1.0,0.999375,0.965,0.7878787878787878,0.9734748010610079,0.9945331644786074,0.825,,"invalid probability output (not in [0,1])",,"invalid probability output (not in [0,1])",,0.03099999999994907,success,
elkan_noto,scar-pi0.1-scalesmall,117,"{""base_estimator"": null, ""calibration_method"": ""sigmoid"", ""eps"": 1e-12, ""mode"": ""probability_correction"", ""n_cv_folds"": 3}",scar,0.1,0.5,0.5,True,0,,,0.6373725635629788,,,,,0.0625,False,0.0078049454344522595,0.631578947368421,1.0,0.9977083333333333,0.9625,0.7692307692307693,0.9658792650918635,0.9832438593761638,0.8125,,"invalid probability output (not in [0,1])",,"invalid probability output (not in [0,1])",,0.032000000000152795,success,
elkan_noto,scar-pi0.1-scalesmall,118,"{""base_estimator"": null, ""calibration_method"": ""sigmoid"", ""eps"": 1e-12, ""mode"": ""probability_correction"", ""n_cv_folds"": 3}",scar,0.1,0.5,0.5,True,0,,,0.6436852204686632,,,,,0.065,False,-0.008421052631578954,0.7,1.0,0.9998611111111111,0.965,0.7878787878787878,0.968421052631579,0.9988095238095238,0.825,,"invalid probability output (not in [0,1])",,"invalid probability output (not in [0,1])",,0.03099999999994907,success,
elkan_noto,scar-pi0.1-scalesmall,119,"{""base_estimator"": null, ""calibration_method"": ""sigmoid"", ""eps"": 1e-12, ""mode"": ""probability_correction"", ""n_cv_folds"": 3}",scar,0.1,0.5,0.5,True,0,,,0.5129758770486124,,,,,0.0575,False,0.09601731601731603,0.26666666666666666,0.463768115942029,0.9999305555555555,0.9575,0.7301587301587301,0.9506493506493506,0.999390243902439,0.7875,,"invalid probability output (not in [0,1])",,"invalid probability output (not in [0,1])",,0.032000000000152795,success,
elkan_noto,scar-pi0.1-scalemid,100,"{""base_estimator"": null, ""calibration_method"": ""sigmoid"", ""eps"": 1e-12, ""mode"": ""probability_correction"", ""n_cv_folds"": 3}",scar,0.1,0.5,0.5,True,0,,,0.7291518073390838,,,,,0.0575,False,0.0038218111002921162,0.6153846153846154,1.0,0.9990222222222221,0.9575,0.7301587301587301,0.9731012658227848,0.992996500973859,0.7875,,"invalid probability output (not in [0,1])",,"invalid probability output (not in [0,1])",,0.04699999999957072,success,
elkan_noto,scar-pi0.1-scalemid,101,"{""base_estimator"": null, ""calibration_method"": ""sigmoid"", ""eps"": 1e-12, ""mode"": ""probability_correction"", ""n_cv_folds"": 3}",scar,0.1,0.5,0.5,True,0,,,0.7102548420853181,,,,,0.057,False,0.008628965640418831,0.6063829787234043,1.0,0.9993083333333334,0.957,0.7261146496815286,0.9700944386149003,0.9949428835914734,0.7849999999999999,,"invalid probability output (not in [0,1])",,"invalid probability output (not in [0,1])",,0.03099999999994907,success,
elkan_noto,scar-pi0.1-scalemid,102,"{""base_estimator"": null, ""calibration_method"": ""sigmoid"", ""eps"": 1e-12, ""mode"": ""probability_correction"", ""n_cv_folds"": 3}",scar,0.1,0.5,0.5,True,0,,,0.7016416496320819,,,,,0.0605,False,0.006986368062317422,0.6153846153846154,1.0,0.9990444444444445,0.9605,0.7538940809968847,0.9699367088607594,0.9920489713280943,0.8025,,"invalid probability output (not in [0,1])",,"invalid probability output (not in [0,1])",,0.03099999999994907,success,
elkan_noto,scar-pi0.1-scalemid,103,"{""base_estimator"": null, ""calibration_method"": ""sigmoid"", ""eps"": 1e-12, ""mode"": ""probability_correction"", ""n_cv_folds"": 3}",scar,0.1,0.5,0.5,True,0,,,0.7475624135464934,,,,,0.0655,False,-0.008000718031816567,0.6880733944954128,1.0,0.9989138888888889,0.9655,0.7915407854984894,0.970386039132734,0.9947978909043539,0.8275,,"invalid probability output (not in [0,1])",,"invalid probability output (not in [0,1])",,0.03099999999994907,success,
elkan_noto,scar-pi0.1-scalemid,104,"{""base_estimator"": null, ""calibration_method"": ""sigmoid"", ""eps"": 1e-12, ""mode"": ""probability_correction"", ""n_cv_folds"": 3}",scar,0.1,0.5,0.5,True,0,,,0.7041391394707405,,,,,0.062,False,0.019701521564452817,0.5728155339805825,0.9238960225493267,0.9982194444444444,0.962,0.7654320987654321,0.9657353716394307,0.9893355429336744,0.81,,"invalid probability output (not in [0,1])",,"invalid probability output (not in [0,1])",,0.03099999999994907,success,
elkan_noto,scar-pi0.1-scalemid,105,"{""base_estimator"": null, ""calibration_method"": ""sigmoid"", ""eps"": 1e-12, ""mode"": ""probability_correction"", ""n_cv_folds"": 3}",scar,0.1,0.5,0.5,True,0,,,0.6742475635541503,,,,,0.0495,False,0.027601228136585138,0.5057471264367817,1.0,0.9993,0.9495,0.6622073578595318,0.9712493465760585,0.9942827749657533,0.7475,,"invalid probability output (not in [0,1])",,"invalid probability output (not in [0,1])",,0.03099999999994907,success,
elkan_noto,scar-pi0.1-scalemid,106,"{""base_estimator"": null, ""calibration_method"": ""sigmoid"", ""eps"": 1e-12, ""mode"": ""probability_correction"", ""n_cv_folds"": 3}",scar,0.1,0.5,0.5,True,0,,,0.7698787515637879,,,,,0.069,False,-0.01347517730496453,0.7083333333333334,1.0,0.99905,0.969,0.8165680473372781,0.9718085106382979,0.9918895676777131,0.845,,"invalid probability output (not in [0,1])",,"invalid probability output (not in [0,1])",,0.04700000000048021,success,
elkan_noto,scar-pi0.1-scalemid,107,"{""base_estimator"": null, ""calibration_method"": ""sigmoid"", ""eps"": 1e-12, ""mode"": ""probability_correction"", ""n_cv_folds"": 3}",scar,0.1,0.5,0.5,True,0,,,0.7190823365801728,,,,,0.0595,False,-0.0013747484608794547,0.6415094339622641,1.0,0.9984472222222223,0.9595,0.7460815047021944,0.9730728616684267,0.9893956554803592,0.7975,,"invalid probability output (not in [0,1])",,"invalid probability output (not in [0,1])",,0.03099999999994907,success,
elkan_noto,scar-pi0.1-scalemid,108,"{""base_estimator"": null, ""calibration_method"": ""sigmoid"", ""eps"": 1e-12, ""mode"": ""probability_correction"", ""n_cv_folds"": 3}",scar,0.1,0.5,0.5,True,0,,,0.7013097447472924,,,,,0.052,False,0.020789846124352265,0.5376344086021505,1.0,0.9994333333333334,0.952,0.6842105263157895,0.9716832721552177,0.9952777678261273,0.76,,"invalid probability output (not in [0,1])",,"invalid probability output (not in [0,1])",,0.04699999999957072,success,
elkan_noto,scar-pi0.1-scalemid,109,"{""base_estimator"": null, ""calibration_method"": ""sigmoid"", ""eps"": 1e-12, ""mode"": ""probability_correction"", ""n_cv_folds"": 3}",scar,0.1,0.5,0.5,True,0,,,0.7027709758579591,,,,,0.0615,False,0.004349028145997788,0.6261682242990654,1.0,0.9985333333333333,0.9615,0.7616099071207431,0.9704173269941891,0.9917093122719807,0.8075,,"invalid probability output (not in [0,1])",,"invalid probability output (not in [0,1])",,0.03099999999994907,success,
elkan_noto,scar-pi0.1-scalemid,110,"{""base_estimator"": null, ""calibration_method"": ""sigmoid"", ""eps"": 1e-12, ""mode"": ""probability_correction"", ""n_cv_folds"": 3}",scar,0.1,0.5,0.5,True,0,,,0.6747842729866266,,,,,0.0515,False,0.018405825837734563,0.5517241379310345,1.0,0.9973972222222223,0.9515,0.6798679867986799,0.9712493465760585,0.9876647117982059,0.7575000000000001,,"invalid probability output (not in [0,1])",,"invalid probability output (not in [0,1])",,0.03099999999994907,success,
elkan_noto,scar-pi0.1-scalemid,111,"{""base_estimator"": null, ""calibration_method"": ""sigmoid"", ""eps"": 1e-12, ""mode"": ""probability_correction"", ""n_cv_folds"": 3}",scar,0.1,0.5,0.5,True,0,,,0.7003273443878646,,,,,0.0665,False,0.0023445156426686736,0.6571428571428571,0.9881847475832437,0.9993777777777778,0.9665,0.7987987987987988,0.9662269129287598,0.9944059393937521,0.8325,,"invalid probability output (not in [0,1])",,"invalid probability output (not in [0,1])",,0.03099999999994907,success,
elkan_noto,scar-pi0.1-scalemid,112,"{""base_estimator"": null, ""calibration_method"": ""sigmoid"", ""eps"": 1e-12, ""mode"": ""probability_correction"", ""n_cv_folds"": 3}",scar,0.1,0.5,0.5,True,0,,,0.6835285894355435,,,,,0.0575,False,0.015164312639794786,0.5742574257425742,0.9987085665088247,0.9995527777777777,0.9575,0.7301587301587301,0.9699842022116903,0.9959277432513962,0.7875,,"invalid probability output (not in [0,1])",,"invalid probability output (not in [0,1])",,0.03099999999994907,success,
elkan_noto,scar-pi0.1-scalemid,113,"{""base_estimator"": null, ""calibration_method"": ""sigmoid"", ""eps"": 1e-12, ""mode"": ""probability_correction"", ""n_cv_folds"": 3}",scar,0.1,0.5,0.5,True,0,,,0.6930885894271234,,,,,0.062,False,0.004888147355814748,0.6310679611650486,1.0,0.9989416666666666,0.962,0.7654320987654321,0.9688982604111755,0.9915960770459862,0.81,,"invalid probability output (not in [0,1])",,"invalid probability output (not in [0,1])",,0.032000000000152795,success,
elkan_noto,scar-pi0.1-scalemid,114,"{""base_estimator"": null, ""calibration_method"": ""sigmoid"", ""eps"": 1e-12, ""mode"": ""probability_correction"", ""n_cv_folds"": 3}",scar,0.1,0.5,0.5,True,0,,,0.7455009419219257,,,,,0.0725,False,-0.026877913495013867,0.7777777777777778,1.0,0.9987972222222222,0.9715,0.8347826086956521,0.9713223579394583,0.988990887435899,0.8597222222222223,,"invalid probability output (not in [0,1])",,"invalid probability output (not in [0,1])",,0.03099999999994907,success,
elkan_noto,scar-pi0.1-scalemid,115,"{""base_estimator"": null, ""calibration_method"": ""sigmoid"", ""eps"": 1e-12, ""mode"": ""probability_correction"", ""n_cv_folds"": 3}",scar,0.1,0.5,0.5,True,0,,,0.7116630944196198,,,,,0.0605,False,0.005689925006541557,0.616822429906542,1.0,0.9994638888888889,0.9605,0.7538940809968847,0.97094558901215,0.9956014993250604,0.8025,,"invalid probability output (not in [0,1])",,"invalid probability output (not in [0,1])",,0.04699999999957072,success,
elkan_noto,scar-pi0.1-scalemid,116,"{""base_estimator"": null, ""calibration_method"": ""sigmoid"", ""eps"": 1e-12, ""mode"": ""probability_correction"", ""n_cv_folds"": 3}",scar,0.1,0.5,0.5,True,0,,,0.7136721341351983,,,,,0.061,False,0.008856051307392698,0.6161616161616161,1.0,0.9995833333333333,0.961,0.7577639751552795,0.9679116254602841,0.9963573045467278,0.8049999999999999,,"invalid probability output (not in [0,1])",,"invalid probability output (not in [0,1])",,0.032000000000152795,success,
elkan_noto,scar-pi0.1-scalemid,117,"{""base_estimator"": null, ""calibration_method"": ""sigmoid"", ""eps"": 1e-12, ""mode"": ""probability_correction"", ""n_cv_folds"": 3}",scar,0.1,0.5,0.5,True,0,,,0.712503990686626,,,,,0.056,False,0.0010265939292814913,0.6288659793814433,1.0,0.9988333333333332,0.956,0.717948717948718,0.9732002101944298,0.9908207394276378,0.78,,"invalid probability output (not in [0,1])",,"invalid probability output (not in [0,1])",,0.046000000000276486,success,
elkan_noto,scar-pi0.1-scalemid,118,"{""base_estimator"": null, ""calibration_method"": ""sigmoid"", ""eps"": 1e-12, ""mode"": ""probability_correction"", ""n_cv_folds"": 3}",scar,0.1,0.5,0.5,True,0,,,0.7448475886805908,,,,,0.0585,False,0.006135901858325105,0.6116504854368932,1.0,0.9997222222222222,0.9585,0.7381703470031545,0.9715340010542962,0.9975006994825829,0.7925,,"invalid probability output (not in [0,1])",,"invalid probability output (not in [0,1])",,0.032000000000152795,success,
elkan_noto,scar-pi0.1-scalemid,119,"{""base_estimator"": null, ""calibration_method"": ""sigmoid"", ""eps"": 1e-12, ""mode"": ""probability_correction"", ""n_cv_folds"": 3}",scar,0.1,0.5,0.5,True,0,,,0.6948910822110224,,,,,0.057,False,0.01518165492471335,0.5789473684210527,1.0,0.9989333333333333,0.957,0.7261146496815286,0.9690288713910761,0.9924937610290158,0.7849999999999999,,"invalid probability output (not in [0,1])",,"invalid probability output (not in [0,1])",,0.04699999999957072,success,
elkan_noto,scar-pi0.3-scalesmall,100,"{""base_estimator"": null, ""calibration_method"": ""sigmoid"", ""eps"": 1e-12, ""mode"": ""probability_correction"", ""n_cv_folds"": 3}",scar,0.3,0.5,0.5,True,0,,,0.5689302920849455,,,,,0.24,False,-0.05620084694494859,0.8275862068965517,1.0,0.9998511904761905,0.94,0.8888888888888888,0.8596491228070176,0.9996617383512545,0.9,,"invalid probability output (not in [0,1])",,"invalid probability output (not in [0,1])",,0.03099999999994907,success,
elkan_noto,scar-pi0.3-scalesmall,101,"{""base_estimator"": null, ""calibration_method"": ""sigmoid"", ""eps"": 1e-12, ""mode"": ""probability_correction"", ""n_cv_folds"": 3}",scar,0.3,0.5,0.5,True,0,,,0.6031901340105681,,,,,0.2275,False,-0.05352941176470588,0.8,1.0,0.9988392857142857,0.9225,0.8530805687203792,0.8735294117647059,0.9970193947888151,0.8732142857142857,,"invalid probability output (not in [0,1])",,"invalid probability output (not in [0,1])",,0.04700000000048021,success,
elkan_noto,scar-pi0.3-scalesmall,102,"{""base_estimator"": null, ""calibration_method"": ""sigmoid"", ""eps"": 1e-12, ""mode"": ""probability_correction"", ""n_cv_folds"": 3}",scar,0.3,0.5,0.5,True,0,,,0.5671401568918776,,,,,0.1925,False,-0.029117259552042196,0.7272727272727273,1.0,0.9914880952380953,0.8925,0.7817258883248731,0.8927536231884058,0.9852779273205731,0.8208333333333333,,"invalid probability output (not in [0,1])",,"invalid probability output (not in [0,1])",,0.03099999999994907,success,
elkan_noto,scar-pi0.3-scalesmall,103,"{""base_estimator"": null, ""calibration_method"": ""sigmoid"", ""eps"": 1e-12, ""mode"": ""probability_correction"", ""n_cv_folds"": 3}",scar,0.3,0.5,0.5,True,0,,,0.6260060706583053,,,,,0.2475,False,-0.0921975568107185,0.855072463768116,1.0,0.9986309523809523,0.9475,0.9041095890410958,0.879154078549849,0.996927637818275,0.9125,,"invalid probability output (not in [0,1])",,"invalid probability output (not in [0,1])",,0.03099999999994907,success,
elkan_noto,scar-pi0.3-scalesmall,104,"{""base_estimator"": null, ""calibration_method"": ""sigmoid"", ""eps"": 1e-12, ""mode"": ""probability_correction"", ""n_cv_folds"": 3}",scar,0.3,0.5,0.5,True,0,,,0.6320246559586655,,,,,0.2375,False,-0.10050516647531571,0.8615384615384616,1.0,0.9991071428571429,0.9375,0.8837209302325582,0.8835820895522388,0.9980207810690258,0.8958333333333333,,"invalid probability output (not in [0,1])",,"invalid probability output (not in [0,1])",,0.03099999999994907,success,
elkan_noto,scar-pi0.3-scalesmall,105,"{""base_estimator"": null, ""calibration_method"": ""sigmoid"", ""eps"": 1e-12, ""mode"": ""probability_correction"", ""n_cv_folds"": 3}",scar,0.3,0.5,0.5,True,0,,,0.5419522701109828,,,,,0.2375,False,0.010000000000000009,0.7333333333333333,0.9263157894736841,0.9976488095238096,0.9375,0.8837209302325582,0.85,0.9952983941444458,0.8958333333333333,,"invalid probability output (not in [0,1])",,"invalid probability output (not in [0,1])",,0.03099999999994907,success,
elkan_noto,scar-pi0.3-scalesmall,106,"{""base_estimator"": null, ""calibration_method"": ""sigmoid"", ""eps"": 1e-12, ""mode"": ""probability_correction"", ""n_cv_folds"": 3}",scar,0.3,0.5,0.5,True,0,,,0.6221610904376066,,,,,0.2275,False,-0.03729719412101545,0.7741935483870968,1.0,0.9979464285714286,0.9275,0.8625592417061612,0.8727810650887574,0.9956908069813891,0.8791666666666667,,"invalid probability output (not in [0,1])",,"invalid probability output (not in [0,1])",,0.032000000000152795,success,
elkan_noto,scar-pi0.3-scalesmall,107,"{""base_estimator"": null, ""calibration_method"": ""sigmoid"", ""eps"": 1e-12, ""mode"": ""probability_correction"", ""n_cv_folds"": 3}",scar,0.3,0.5,0.5,True,0,,,0.5695716346861436,,,,,0.17,False,0.0022727272727272596,0.6666666666666666,1.0,0.9987202380952381,0.87,0.723404255319149,0.8977272727272727,0.9972999242151867,0.7833333333333333,,"invalid probability output (not in [0,1])",,"invalid probability output (not in [0,1])",,0.03099999999994907,success,
elkan_noto,scar-pi0.3-scalesmall,108,"{""base_estimator"": null, ""calibration_method"": ""sigmoid"", ""eps"": 1e-12, ""mode"": ""probability_correction"", ""n_cv_folds"": 3}",scar,0.3,0.5,0.5,True,0,,,0.588471330770252,,,,,0.2175,False,-0.06971706454465074,0.8269230769230769,1.0,0.9991369047619048,0.9175,0.8405797101449275,0.8735632183908046,0.9981259169471555,0.8625,,"invalid probability output (not in [0,1])",,"invalid probability output (not in [0,1])",,0.032000000000152795,success,
elkan_noto,scar-pi0.3-scalesmall,109,"{""base_estimator"": null, ""calibration_method"": ""sigmoid"", ""eps"": 1e-12, ""mode"": ""probability_correction"", ""n_cv_folds"": 3}",scar,0.3,0.5,0.5,True,0,,,0.6655530218523411,,,,,0.225,False,-0.08743220832773071,0.8208955223880597,1.0,0.9941964285714286,0.925,0.8571428571428571,0.8948948948948949,0.9911099286028744,0.875,,"invalid probability output (not in [0,1])",,"invalid probability output (not in [0,1])",,0.016000000000531145,success,
elkan_noto,scar-pi0.3-scalesmall,110,"{""base_estimator"": null, ""calibration_method"": ""sigmoid"", ""eps"": 1e-12, ""mode"": ""probability_correction"", ""n_cv_folds"": 3}",scar,0.3,0.5,0.5,True,0,,,0.6374255302092687,,,,,0.235,False,-0.07060901511940088,0.8253968253968254,1.0,0.997529761904762,0.935,0.8785046728971962,0.8753709198813057,0.9950726011438864,0.8916666666666666,,"invalid probability output (not in [0,1])",,"invalid probability output (not in [0,1])",,0.015000000000327418,success,
elkan_noto,scar-pi0.3-scalesmall,111,"{""base_estimator"": null, ""calibration_method"": ""sigmoid"", ""eps"": 1e-12, ""mode"": ""probability_correction"", ""n_cv_folds"": 3}",scar,0.3,0.5,0.5,True,0,,,0.6025233405134206,,,,,0.22,False,-0.01058823529411762,0.7333333333333333,0.9999999999999999,0.9985416666666667,0.92,0.8461538461538461,0.8705882352941177,0.99671424876916,0.8666666666666667,,"invalid probability output (not in [0,1])",,"invalid probability output (not in [0,1])",,0.03099999999994907,success,
elkan_noto,scar-pi0.3-scalesmall,112,"{""base_estimator"": null, ""calibration_method"": ""sigmoid"", ""eps"": 1e-12, ""mode"": ""probability_correction"", ""n_cv_folds"": 3}",scar,0.3,0.5,0.5,True,0,,,0.556405284455367,,,,,0.22,False,-0.008264936056499306,0.7258064516129032,0.9897360703812317,0.9977380952380953,0.92,0.8461538461538461,0.8727810650887574,0.9947135707998962,0.8666666666666667,,"invalid probability output (not in [0,1])",,"invalid probability output (not in [0,1])",,0.03099999999994907,success,
elkan_noto,scar-pi0.3-scalesmall,113,"{""base_estimator"": null, ""calibration_method"": ""sigmoid"", ""eps"": 1e-12, ""mode"": ""probability_correction"", ""n_cv_folds"": 3}",scar,0.3,0.5,0.5,True,0,,,0.62027060783323,,,,,0.245,False,-0.052727272727272734,0.8,0.9795918367346939,0.9991666666666666,0.945,0.8990825688073395,0.8727272727272727,0.9981200427716038,0.9083333333333333,,"invalid probability output (not in [0,1])",,"invalid probability output (not in [0,1])",,0.01599999999962165,success,
elkan_noto,scar-pi0.3-scalesmall,114,"{""base_estimator"": null, ""calibration_method"": ""sigmoid"", ""eps"": 1e-12, ""mode"": ""probability_correction"", ""n_cv_folds"": 3}",scar,0.3,0.5,0.5,True,0,,,0.604233623862345,,,,,0.1975,False,0.006091760012275571,0.6842105263157895,1.0,0.9975595238095238,0.8925,0.7839195979899497,0.8833819241982507,0.9941841918932792,0.8232142857142857,,"invalid probability output (not in [0,1])",,"invalid probability output (not in [0,1])",,0.03099999999994907,success,
elkan_noto,scar-pi0.3-scalesmall,115,"{""base_estimator"": null, ""calibration_method"": ""sigmoid"", ""eps"": 1e-12, ""mode"": ""probability_correction"", ""n_cv_folds"": 3}",scar,0.3,0.5,0.5,True,0,,,0.6246425305776163,,,,,0.18,False,-0.03220597031156541,0.7169811320754716,1.0,0.9969345238095239,0.88,0.75,0.9020172910662824,0.9935494186498126,0.8,,"invalid probability output (not in [0,1])",,"invalid probability output (not in [0,1])",,0.032000000000152795,success,
elkan_noto,scar-pi0.3-scalesmall,116,"{""base_estimator"": null, ""calibration_method"": ""sigmoid"", ""eps"": 1e-12, ""mode"": ""probability_correction"", ""n_cv_folds"": 3}",scar,0.3,0.5,0.5,True,0,,,0.5906729139470371,,,,,0.2225,False,-0.047972304648862485,0.7777777777777778,1.0,0.9991071428571429,0.9225,0.8516746411483254,0.8813056379821959,0.9979556682255897,0.8708333333333333,,"invalid probability output (not in [0,1])",,"invalid probability output (not in [0,1])",,0.03099999999994907,success,
elkan_noto,scar-pi0.3-scalesmall,117,"{""base_estimator"": null, ""calibration_method"": ""sigmoid"", ""eps"": 1e-12, ""mode"": ""probability_correction"", ""n_cv_folds"": 3}",scar,0.3,0.5,0.5,True,0,,,0.6051987251191792,,,,,0.24,False,-0.04099074578116496,0.7878787878787878,0.9848484848484848,0.9985416666666667,0.94,0.8888888888888888,0.8682634730538922,0.9967342994081766,0.9,,"invalid probability output (not in [0,1])",,"invalid probability output (not in [0,1])",,0.03099999999994907,success,
elkan_noto,scar-pi0.3-scalesmall,118,"{""base_estimator"": null, ""calibration_method"": ""sigmoid"", ""eps"": 1e-12, ""mode"": ""probability_correction"", ""n_cv_folds"": 3}",scar,0.3,0.5,0.5,True,0,,,0.556216265166001,,,,,0.2075,False,0.007835581245985879,0.7037037037037037,1.0,0.9995535714285714,0.9075,0.8177339901477833,0.869942196531792,0.9989563022690046,0.8458333333333333,,"invalid probability output (not in [0,1])",,"invalid probability output (not in [0,1])",,0.04699999999957072,success,
elkan_noto,scar-pi0.3-scalesmall,119,"{""base_estimator"": null, ""calibration_method"": ""sigmoid"", ""eps"": 1e-12, ""mode"": ""probability_correction"", ""n_cv_folds"": 3}",scar,0.3,0.5,0.5,True,0,,,0.5460445019542648,,,,,0.2125,False,0.015863787375415273,0.6964285714285714,0.9831932773109243,0.9994642857142857,0.9125,0.8292682926829268,0.8662790697674418,0.998841656737472,0.8541666666666667,,"invalid probability output (not in [0,1])",,"invalid probability output (not in [0,1])",,0.03099999999994907,success,
elkan_noto,scar-pi0.3-scalemid,100,"{""base_estimator"": null, ""calibration_method"": ""sigmoid"", ""eps"": 1e-12, ""mode"": ""probability_correction"", ""n_cv_folds"": 3}",scar,0.3,0.5,0.5,True,0,,,0.6225870874417415,,,,,0.2185,False,-0.03702209533267131,0.7631578947368421,1.0,0.9987380952380951,0.9185,0.8428158148505304,0.879127358490566,0.9975823390124662,0.8641666666666667,,"invalid probability output (not in [0,1])",,"invalid probability output (not in [0,1])",,0.04700000000048021,success,
elkan_noto,scar-pi0.3-scalemid,101,"{""base_estimator"": null, ""calibration_method"": ""sigmoid"", ""eps"": 1e-12, ""mode"": ""probability_correction"", ""n_cv_folds"": 3}",scar,0.3,0.5,0.5,True,0,,,0.5944763512885303,,,,,0.2085,False,0.0064623662447540475,0.703971119133574,1.0,0.9994607142857143,0.9085,0.8200589970501475,0.8711549622751016,0.998755115886357,0.8474999999999999,,"invalid probability output (not in [0,1])",,"invalid probability output (not in [0,1])",,0.03099999999994907,success,
elkan_noto,scar-pi0.3-scalemid,102,"{""base_estimator"": null, ""calibration_method"": ""sigmoid"", ""eps"": 1e-12, ""mode"": ""probability_correction"", ""n_cv_folds"": 3}",scar,0.3,0.5,0.5,True,0,,,0.6308189234044431,,,,,0.226,False,-0.04476081662106496,0.7784810126582279,1.0,0.9990654761904761,0.926,0.8593155893536122,0.8776722090261283,0.9979607116447404,0.8766666666666667,,"invalid probability output (not in [0,1])",,"invalid probability output (not in [0,1])",,0.03099999999994907,success,
elkan_noto,scar-pi0.3-scalemid,103,"{""base_estimator"": null, ""calibration_method"": ""sigmoid"", ""eps"": 1e-12, ""mode"": ""probability_correction"", ""n_cv_folds"": 3}",scar,0.3,0.5,0.5,True,0,,,0.6054954716138377,,,,,0.223,False,-0.031658878504672916,0.7708333333333334,1.0,0.9993035714285714,0.923,0.8527724665391969,0.8691588785046729,0.9986129480013495,0.8716666666666666,,"invalid probability output (not in [0,1])",,"invalid probability output (not in [0,1])",,0.04700000000048021,success,
elkan_noto,scar-pi0.3-scalemid,104,"{""base_estimator"": null, ""calibration_method"": ""sigmoid"", ""eps"": 1e-12, ""mode"": ""probability_correction"", ""n_cv_folds"": 3}",scar,0.3,0.5,0.5,True,0,,,0.6094181691969212,,,,,0.2275,False,-0.011521093754509382,0.742671009771987,0.9793463865125103,0.9987928571428571,0.9265,0.8606635071090047,0.8659184878913172,0.9972633829451744,0.8779761904761905,,"invalid probability output (not in [0,1])",,"invalid probability output (not in [0,1])",,0.03099999999994907,success,
elkan_noto,scar-pi0.3-scalemid,105,"{""base_estimator"": null, ""calibration_method"": ""sigmoid"", ""eps"": 1e-12, ""mode"": ""probability_correction"", ""n_cv_folds"": 3}",scar,0.3,0.5,0.5,True,0,,,0.6043693850557327,,,,,0.2205,False,-0.025303968432196566,0.7568493150684932,1.0,0.999477380952381,0.9205,0.8472622478386167,0.8711943793911007,0.9988036583591287,0.8674999999999999,,"invalid probability output (not in [0,1])",,"invalid probability output (not in [0,1])",,0.03099999999994907,success,
elkan_noto,scar-pi0.3-scalemid,106,"{""base_estimator"": null, ""calibration_method"": ""sigmoid"", ""eps"": 1e-12, ""mode"": ""probability_correction"", ""n_cv_folds"": 3}",scar,0.3,0.5,0.5,True,0,,,0.6161860760505058,,,,,0.229,False,-0.028909398624350102,0.7652733118971061,1.0,0.9987297619047619,0.929,0.8657844990548205,0.8697454114860864,0.9970733147110766,0.8816666666666666,,"invalid probability output (not in [0,1])",,"invalid probability output (not in [0,1])",,0.03099999999994907,success,
elkan_noto,scar-pi0.3-scalemid,107,"{""base_estimator"": null, ""calibration_method"": ""sigmoid"", ""eps"": 1e-12, ""mode"": ""probability_correction"", ""n_cv_folds"": 3}",scar,0.3,0.5,0.5,True,0,,,0.5953234542905116,,,,,0.2155,False,-0.015359690499581968,0.7386759581881533,1.0,0.9991666666666666,0.9155,0.8360814742967992,0.87215411558669,0.9981545373745966,0.8591666666666666,,"invalid probability output (not in [0,1])",,"invalid probability output (not in [0,1])",,0.04699999999957072,success,
elkan_noto,scar-pi0.3-scalemid,108,"{""base_estimator"": null, ""calibration_method"": ""sigmoid"", ""eps"": 1e-12, ""mode"": ""probability_correction"", ""n_cv_folds"": 3}",scar,0.3,0.5,0.5,True,0,,,0.6006896276040696,,,,,0.2265,False,-0.02265537289691877,0.7591973244147158,1.0,0.9992857142857143,0.9265,0.8603988603988604,0.8671369782480893,0.9984467642018635,0.8775,,"invalid probability output (not in [0,1])",,"invalid probability output (not in [0,1])",,0.03099999999994907,success,
elkan_noto,scar-pi0.3-scalemid,109,"{""base_estimator"": null, ""calibration_method"": ""sigmoid"", ""eps"": 1e-12, ""mode"": ""probability_correction"", ""n_cv_folds"": 3}",scar,0.3,0.5,0.5,True,0,,,0.6263567539829438,,,,,0.2355,False,-0.04412358047918036,0.7929936305732485,1.0,0.9992380952380953,0.9355,0.8795518207282913,0.8683274021352313,0.9984188776967997,0.8925000000000001,,"invalid probability output (not in [0,1])",,"invalid probability output (not in [0,1])",,0.03099999999994907,success,
elkan_noto,scar-pi0.3-scalemid,110,"{""base_estimator"": null, ""calibration_method"": ""sigmoid"", ""eps"": 1e-12, ""mode"": ""probability_correction"", ""n_cv_folds"": 3}",scar,0.3,0.5,0.5,True,0,,,0.5842149625970816,,,,,0.2215,False,0.0007425480004243368,0.7272727272727273,0.9850194951775086,0.9989880952380952,0.9215,0.8494726749760306,0.8628938156359394,0.9978674569024887,0.8691666666666666,,"invalid probability output (not in [0,1])",,"invalid probability output (not in [0,1])",,0.04699999999957072,success,
elkan_noto,scar-pi0.3-scalemid,111,"{""base_estimator"": null, ""calibration_method"": ""sigmoid"", ""eps"": 1e-12, ""mode"": ""probability_correction"", ""n_cv_folds"": 3}",scar,0.3,0.5,0.5,True,0,,,0.6059284930159718,,,,,0.2175,False,-0.020447582202682002,0.7474048442906575,1.0,0.9995059523809523,0.9175,0.8405797101449275,0.8720046756282875,0.9988551569236758,0.8625,,"invalid probability output (not in [0,1])",,"invalid probability output (not in [0,1])",,0.03099999999994907,success,
elkan_noto,scar-pi0.3-scalemid,112,"{""base_estimator"": null, ""calibration_method"": ""sigmoid"", ""eps"": 1e-12, ""mode"": ""probability_correction"", ""n_cv_folds"": 3}",scar,0.3,0.5,0.5,True,0,,,0.6117613343464965,,,,,0.2185,False,-0.007176470588235284,0.7266666666666667,0.9977116704805492,0.9992071428571428,0.9175,0.840887174541948,0.8711764705882353,0.9982043127991105,0.8629761904761906,,"invalid probability output (not in [0,1])",,"invalid probability output (not in [0,1])",,0.03099999999994907,success,
elkan_noto,scar-pi0.3-scalemid,113,"{""base_estimator"": null, ""calibration_method"": ""sigmoid"", ""eps"": 1e-12, ""mode"": ""probability_correction"", ""n_cv_folds"": 3}",scar,0.3,0.5,0.5,True,0,,,0.6065566224799719,,,,,0.228,False,-0.03321812221182385,0.7702265372168284,1.0,0.9990738095238095,0.927,0.8617424242424242,0.8710821998817267,0.9978292380960467,0.8788095238095238,,"invalid probability output (not in [0,1])",,"invalid probability output (not in [0,1])",,0.03099999999994907,success,
elkan_noto,scar-pi0.3-scalemid,114,"{""base_estimator"": null, ""calibration_method"": ""sigmoid"", ""eps"": 1e-12, ""mode"": ""probability_correction"", ""n_cv_folds"": 3}",scar,0.3,0.5,0.5,True,0,,,0.6396423846778362,,,,,0.229,False,-0.047726941261392986,0.7832817337461301,1.0,0.9987678571428571,0.928,0.8638941398865785,0.877757901013715,0.9969268724403025,0.8804761904761905,,"invalid probability output (not in [0,1])",,"invalid probability output (not in [0,1])",,0.03099999999994907,success,
elkan_noto,scar-pi0.3-scalemid,115,"{""base_estimator"": null, ""calibration_method"": ""sigmoid"", ""eps"": 1e-12, ""mode"": ""probability_correction"", ""n_cv_folds"": 3}",scar,0.3,0.5,0.5,True,0,,,0.6144691495777332,,,,,0.231,False,-0.022475391906671527,0.7596153846153846,0.9865134865134864,0.9990940476190476,0.931,0.8700564971751412,0.8667061611374408,0.998051805500095,0.885,,"invalid probability output (not in [0,1])",,"invalid probability output (not in [0,1])",,0.04699999999957072,success,
elkan_noto,scar-pi0.3-scalemid,116,"{""base_estimator"": null, ""calibration_method"": ""sigmoid"", ""eps"": 1e-12, ""mode"": ""probability_correction"", ""n_cv_folds"": 3}",scar,0.3,0.5,0.5,True,0,,,0.6177196836468819,,,,,0.2245,False,-0.026394277612793726,0.759075907590759,1.0,0.9996964285714286,0.9245,0.8560533841754051,0.8709487330583382,0.9992876664198578,0.8741666666666666,,"invalid probability output (not in [0,1])",,"invalid probability output (not in [0,1])",,0.03099999999994907,success,
elkan_noto,scar-pi0.3-scalemid,117,"{""base_estimator"": null, ""calibration_method"": ""sigmoid"", ""eps"": 1e-12, ""mode"": ""probability_correction"", ""n_cv_folds"": 3}",scar,0.3,0.5,0.5,True,0,,,0.5895525469537238,,,,,0.2275,False,-0.015150206829757817,0.7491749174917491,0.9879229681209878,0.9992940476190476,0.9275,0.8625592417061612,0.8656452563347083,0.9983503344229293,0.8791666666666667,,"invalid probability output (not in [0,1])",,"invalid probability output (not in [0,1])",,0.03099999999994907,success,
elkan_noto,scar-pi0.3-scalemid,118,"{""base_estimator"": null, ""calibration_method"": ""sigmoid"", ""eps"": 1e-12, ""mode"": ""probability_correction"", ""n_cv_folds"": 3}",scar,0.3,0.5,0.5,True,0,,,0.6242235351642014,,,,,0.2275,False,-0.041408829152624116,0.7799352750809061,1.0,0.9996011904761904,0.9275,0.8625592417061612,0.8734476641040805,0.9990724957750077,0.8791666666666667,,"invalid probability output (not in [0,1])",,"invalid probability output (not in [0,1])",,0.03099999999994907,success,
elkan_noto,scar-pi0.3-scalemid,119,"{""base_estimator"": null, ""calibration_method"": ""sigmoid"", ""eps"": 1e-12, ""mode"": ""probability_correction"", ""n_cv_folds"": 3}",scar,0.3,0.5,0.5,True,0,,,0.6016195124656969,,,,,0.2105,False,-0.004684728775135039,0.7162629757785467,1.0,0.9991273809523809,0.9105,0.8246816846229187,0.874926943308007,0.9980405364232364,0.8508333333333333,,"invalid probability output (not in [0,1])",,"invalid probability output (not in [0,1])",,0.03099999999994907,success,
elkan_noto,scar-pi0.5-scalesmall,100,"{""base_estimator"": null, ""calibration_method"": ""sigmoid"", ""eps"": 1e-12, ""mode"": ""probability_correction"", ""n_cv_folds"": 3}",scar,0.5,0.5,0.5,True,0,,,0.4937281092572387,,,,,0.42,False,-0.017530033974291592,0.8172043010752689,0.9728622631848439,0.998525,0.92,0.9130434782608695,0.7003257328990228,0.9985678252965965,0.9199999999999999,,"invalid probability output (not in [0,1])",,"invalid probability output (not in [0,1])",,0.04700000000048021,success,
elkan_noto,scar-pi0.5-scalesmall,101,"{""base_estimator"": null, ""calibration_method"": ""sigmoid"", ""eps"": 1e-12, ""mode"": ""probability_correction"", ""n_cv_folds"": 3}",scar,0.5,0.5,0.5,True,0,,,0.5262175028879437,,,,,0.4225,False,-0.0718417202544997,0.8556701030927835,1.0,0.998475,0.9225,0.9159891598915989,0.7161716171617162,0.9984261059805634,0.9225,,"invalid probability output (not in [0,1])",,"invalid probability output (not in [0,1])",,0.03099999999994907,success,
elkan_noto,scar-pi0.5-scalesmall,102,"{""base_estimator"": null, ""calibration_method"": ""sigmoid"", ""eps"": 1e-12, ""mode"": ""probability_correction"", ""n_cv_folds"": 3}",scar,0.5,0.5,0.5,True,0,,,0.5435712639802491,,,,,0.4025,False,-0.0792476257592537,0.8383838383838383,1.0,0.995525,0.8975,0.8864265927977839,0.7408637873754153,0.995788909416727,0.8975,,"invalid probability output (not in [0,1])",,"invalid probability output (not in [0,1])",,0.03099999999994907,success,
elkan_noto,scar-pi0.5-scalesmall,103,"{""base_estimator"": null, ""calibration_method"": ""sigmoid"", ""eps"": 1e-12, ""mode"": ""probability_correction"", ""n_cv_folds"": 3}",scar,0.5,0.5,0.5,True,0,,,0.5488496018206696,,,,,0.445,False,-0.10457401677777423,0.8878504672897196,0.9975847947075501,0.99885,0.945,0.9417989417989417,0.7167235494880546,0.9988585007042876,0.9450000000000001,,"invalid probability output (not in [0,1])",,"invalid probability output (not in [0,1])",,0.03099999999994907,success,
elkan_noto,scar-pi0.5-scalesmall,104,"{""base_estimator"": null, ""calibration_method"": ""sigmoid"", ""eps"": 1e-12, ""mode"": ""probability_correction"", ""n_cv_folds"": 3}",scar,0.5,0.5,0.5,True,0,,,0.5401487731678457,,,,,0.4325,False,-0.09797297297297297,0.875,1.0,0.99895,0.9325,0.9276139410187667,0.722972972972973,0.9989466295629691,0.9325,,"invalid probability output (not in [0,1])",,"invalid probability output (not in [0,1])",,0.032000000000152795,success,
elkan_noto,scar-pi0.5-scalesmall,105,"{""base_estimator"": null, ""calibration_method"": ""sigmoid"", ""eps"": 1e-12, ""mode"": ""probability_correction"", ""n_cv_folds"": 3}",scar,0.5,0.5,0.5,True,0,,,0.5080341757869421,,,,,0.44,False,-0.07697274744196825,0.8712871287128713,0.9900990099009901,0.99875,0.94,0.9361702127659575,0.705685618729097,0.9987957034096414,0.94,,"invalid probability output (not in [0,1])",,"invalid probability output (not in [0,1])",,0.03099999999994907,success,
elkan_noto,scar-pi0.5-scalesmall,106,"{""base_estimator"": null, ""calibration_method"": ""sigmoid"", ""eps"": 1e-12, ""mode"": ""probability_correction"", ""n_cv_folds"": 3}",scar,0.5,0.5,0.5,True,0,,,0.5199317698419554,,,,,0.4275,False,-0.09896462467644518,0.8842105263157894,1.0,0.997625,0.9275,0.921832884097035,0.7147540983606557,0.9977380215227976,0.9275,,"invalid probability output (not in [0,1])",,"invalid probability output (not in [0,1])",,0.032000000000152795,success,
elkan_noto,scar-pi0.5-scalesmall,107,"{""base_estimator"": null, ""calibration_method"": ""sigmoid"", ""eps"": 1e-12, ""mode"": ""probability_correction"", ""n_cv_folds"": 3}",scar,0.5,0.5,0.5,True,0,,,0.48544474914104135,,,,,0.38,False,0.04766051317775455,0.7407407407407407,0.9746588693957114,0.9991749999999999,0.88,0.8636363636363636,0.7115987460815048,0.9992034624813728,0.88,,"invalid probability output (not in [0,1])",,"invalid probability output (not in [0,1])",,0.03099999999994907,success,
elkan_noto,scar-pi0.5-scalesmall,108,"{""base_estimator"": null, ""calibration_method"": ""sigmoid"", ""eps"": 1e-12, ""mode"": ""probability_correction"", ""n_cv_folds"": 3}",scar,0.5,0.5,0.5,True,0,,,0.5477701907459196,,,,,0.415,False,-0.1361248292529158,0.9032258064516129,1.0,0.9994749999999999,0.915,0.907103825136612,0.7328990228013029,0.9994930968406613,0.915,,"invalid probability output (not in [0,1])",,"invalid probability output (not in [0,1])",,0.04699999999957072,success,
elkan_noto,scar-pi0.5-scalesmall,109,"{""base_estimator"": null, ""calibration_method"": ""sigmoid"", ""eps"": 1e-12, ""mode"": ""probability_correction"", ""n_cv_folds"": 3}",scar,0.5,0.5,0.5,True,0,,,0.5895611544408313,,,,,0.39,False,-0.0992612206204439,0.8349514563106796,1.0,0.9953749999999999,0.89,0.8764044943820225,0.7643097643097643,0.9961452004309088,0.89,,"invalid probability output (not in [0,1])",,"invalid probability output (not in [0,1])",,0.03099999999994907,success,
elkan_noto,scar-pi0.5-scalesmall,110,"{""base_estimator"": null, ""calibration_method"": ""sigmoid"", ""eps"": 1e-12, ""mode"": ""probability_correction"", ""n_cv_folds"": 3}",scar,0.5,0.5,0.5,True,0,,,0.5927837201123807,,,,,0.4225,False,-0.09471740054264327,0.8640776699029126,1.0,0.99905,0.9225,0.9159891598915989,0.7306397306397306,0.9991078934694714,0.9225,,"invalid probability output (not in [0,1])",,"invalid probability output (not in [0,1])",,0.03099999999994907,success,
elkan_noto,scar-pi0.5-scalesmall,111,"{""base_estimator"": null, ""calibration_method"": ""sigmoid"", ""eps"": 1e-12, ""mode"": ""probability_correction"", ""n_cv_folds"": 3}",scar,0.5,0.5,0.5,True,0,,,0.5556936497847047,,,,,0.4175,False,-0.07666666666666666,0.85,1.0,0.9988499999999999,0.9175,0.9100817438692098,0.7266666666666667,0.9988717737416599,0.9175,,"invalid probability output (not in [0,1])",,"invalid probability output (not in [0,1])",,0.03099999999994907,success,
elkan_noto,scar-pi0.5-scalesmall,112,"{""base_estimator"": null, ""calibration_method"": ""sigmoid"", ""eps"": 1e-12, ""mode"": ""probability_correction"", ""n_cv_folds"": 3}",scar,0.5,0.5,0.5,True,0,,,0.5061012376698568,,,,,0.425,False,-0.04934729353334,0.8383838383838383,0.9863339275103981,0.997875,0.925,0.918918918918919,0.7109634551495017,0.9978812165880943,0.925,,"invalid probability output (not in [0,1])",,"invalid probability output (not in [0,1])",,0.03099999999994907,success,
elkan_noto,scar-pi0.5-scalesmall,113,"{""base_estimator"": null, ""calibration_method"": ""sigmoid"", ""eps"": 1e-12, ""mode"": ""probability_correction"", ""n_cv_folds"": 3}",scar,0.5,0.5,0.5,True,0,,,0.5419761182034927,,,,,0.4575,False,-0.12899543378995437,0.9166666666666666,1.0,0.99985,0.9575,0.9556135770234987,0.7123287671232876,0.9998530487804878,0.9575,,"invalid probability output (not in [0,1])",,"invalid probability output (not in [0,1])",,0.03099999999994907,success,
elkan_noto,scar-pi0.5-scalesmall,114,"{""base_estimator"": null, ""calibration_method"": ""sigmoid"", ""eps"": 1e-12, ""mode"": ""probability_correction"", ""n_cv_folds"": 3}",scar,0.5,0.5,0.5,True,0,,,0.5527277599222834,,,,,0.42,False,-0.10744834846690354,0.8725490196078431,1.0,0.9981749999999999,0.915,0.907608695652174,0.7348993288590604,0.9979328498061828,0.915,,"invalid probability output (not in [0,1])",,"invalid probability output (not in [0,1])",,0.01599999999962165,success,
elkan_noto,scar-pi0.5-scalesmall,115,"{""base_estimator"": null, ""calibration_method"": ""sigmoid"", ""eps"": 1e-12, ""mode"": ""probability_correction"", ""n_cv_folds"": 3}",scar,0.5,0.5,0.5,True,0,,,0.5449108629077155,,,,,0.405,False,-0.11466781708369284,0.8736842105263158,1.0,0.9994999999999999,0.905,0.8950276243093923,0.740983606557377,0.9995015374958116,0.905,,"invalid probability output (not in [0,1])",,"invalid probability output (not in [0,1])",,0.03099999999994907,success,
elkan_noto,scar-pi0.5-scalesmall,116,"{""base_estimator"": null, ""calibration_method"": ""sigmoid"", ""eps"": 1e-12, ""mode"": ""probability_correction"", ""n_cv_folds"": 3}",scar,0.5,0.5,0.5,True,0,,,0.540649200246939,,,,,0.445,False,-0.08466505246166262,0.8761904761904762,0.9844836811128945,0.9989,0.945,0.9417989417989417,0.7084745762711865,0.9990009821869661,0.9450000000000001,,"invalid probability output (not in [0,1])",,"invalid probability output (not in [0,1])",,0.03099999999994907,success,
elkan_noto,scar-pi0.5-scalesmall,117,"{""base_estimator"": null, ""calibration_method"": ""sigmoid"", ""eps"": 1e-12, ""mode"": ""probability_correction"", ""n_cv_folds"": 3}",scar,0.5,0.5,0.5,True,0,,,0.5280904520580215,,,,,0.425,False,-0.04934729353334,0.8383838383838383,0.9863339275103981,0.9978750000000001,0.925,0.918918918918919,0.7109634551495017,0.9980824009610662,0.925,,"invalid probability output (not in [0,1])",,"invalid probability output (not in [0,1])",,0.04700000000048021,success,
elkan_noto,scar-pi0.5-scalesmall,118,"{""base_estimator"": null, ""calibration_method"": ""sigmoid"", ""eps"": 1e-12, ""mode"": ""probability_correction"", ""n_cv_folds"": 3}",scar,0.5,0.5,0.5,True,0,,,0.5053332852845926,,,,,0.4375,False,-0.08935629587803501,0.8913043478260869,1.0,0.999475,0.9375,0.9333333333333333,0.698051948051948,0.9994725280180969,0.9375,,"invalid probability output (not in [0,1])",,"invalid probability output (not in [0,1])",,0.03099999999994907,success,
elkan_noto,scar-pi0.5-scalesmall,119,"{""base_estimator"": null, ""calibration_method"": ""sigmoid"", ""eps"": 1e-12, ""mode"": ""probability_correction"", ""n_cv_folds"": 3}",scar,0.5,0.5,0.5,True,0,,,0.47914420721516326,,,,,0.4025,False,-0.038957191527181134,0.8255813953488372,1.0,0.99785,0.9025,0.8919667590027701,0.7133757961783439,0.9981292572315249,0.9025000000000001,,"invalid probability output (not in [0,1])",,"invalid probability output (not in [0,1])",,0.032000000000152795,success,
elkan_noto,scar-pi0.5-scalemid,100,"{""base_estimator"": null, ""calibration_method"": ""sigmoid"", ""eps"": 1e-12, ""mode"": ""probability_correction"", ""n_cv_folds"": 3}",scar,0.5,0.5,0.5,True,0,,,0.536780567165143,,,,,0.4325,False,-0.08114660969497312,0.8724279835390947,1.0,0.998808,0.9325,0.9276139410187667,0.7087186261558784,0.9988996728413828,0.9325,,"invalid probability output (not in [0,1])",,"invalid probability output (not in [0,1])",,0.032000000000152795,success,
elkan_noto,scar-pi0.5-scalemid,101,"{""base_estimator"": null, ""calibration_method"": ""sigmoid"", ""eps"": 1e-12, ""mode"": ""probability_correction"", ""n_cv_folds"": 3}",scar,0.5,0.5,0.5,True,0,,,0.5439589166725547,,,,,0.4065,False,-0.0683816473633706,0.8418803418803419,1.0,0.99935,0.9065,0.8968560397131826,0.7265013054830287,0.9993439830686404,0.9065,,"invalid probability output (not in [0,1])",,"invalid probability output (not in [0,1])",,0.046000000000276486,success,
elkan_noto,scar-pi0.5-scalemid,102,"{""base_estimator"": null, ""calibration_method"": ""sigmoid"", ""eps"": 1e-12, ""mode"": ""probability_correction"", ""n_cv_folds"": 3}",scar,0.5,0.5,0.5,True,0,,,0.5563250528061982,,,,,0.4395,False,-0.09084498213502162,0.877906976744186,0.9987565150673334,0.999018,0.9385,0.9345396487493347,0.7129380053908356,0.9990102570913495,0.9385,,"invalid probability output (not in [0,1])",,"invalid probability output (not in [0,1])",,0.032000000000152795,success,
elkan_noto,scar-pi0.5-scalemid,103,"{""base_estimator"": null, ""calibration_method"": ""sigmoid"", ""eps"": 1e-12, ""mode"": ""probability_correction"", ""n_cv_folds"": 3}",scar,0.5,0.5,0.5,True,0,,,0.5427796472422226,,,,,0.424,False,-0.06832229896917064,0.855072463768116,1.0,0.999285,0.924,0.9177489177489178,0.7132498352010547,0.9993195129328527,0.9239999999999999,,"invalid probability output (not in [0,1])",,"invalid probability output (not in [0,1])",,0.032000000000152795,success,
elkan_noto,scar-pi0.5-scalemid,104,"{""base_estimator"": null, ""calibration_method"": ""sigmoid"", ""eps"": 1e-12, ""mode"": ""probability_correction"", ""n_cv_folds"": 3}",scar,0.5,0.5,0.5,True,0,,,0.5442135708739778,,,,,0.436,False,-0.08260763006328742,0.8703339882121808,0.998089436023143,0.99894,0.935,0.9305555555555556,0.7122736418511066,0.9989447061033145,0.935,,"invalid probability output (not in [0,1])",,"invalid probability output (not in [0,1])",,0.03099999999994907,success,
elkan_noto,scar-pi0.5-scalemid,105,"{""base_estimator"": null, ""calibration_method"": ""sigmoid"", ""eps"": 1e-12, ""mode"": ""probability_correction"", ""n_cv_folds"": 3}",scar,0.5,0.5,0.5,True,0,,,0.546177498165925,,,,,0.4335,False,-0.08539758375177597,0.872255489021956,1.0,0.9992779999999999,0.9335,0.9287627209426889,0.7131420947298199,0.9992768327690303,0.9335,,"invalid probability output (not in [0,1])",,"invalid probability output (not in [0,1])",,0.032000000000152795,success,
elkan_noto,scar-pi0.5-scalemid,106,"{""base_estimator"": null, ""calibration_method"": ""sigmoid"", ""eps"": 1e-12, ""mode"": ""probability_correction"", ""n_cv_folds"": 3}",scar,0.5,0.5,0.5,True,0,,,0.5557381460340228,,,,,0.429,False,-0.09610266546980534,0.87279843444227,1.0,0.999198,0.928,0.922497308934338,0.7233042310275353,0.9991951675082422,0.9279999999999999,,"invalid probability output (not in [0,1])",,"invalid probability output (not in [0,1])",,0.032000000000152795,success,
elkan_noto,scar-pi0.5-scalemid,107,"{""base_estimator"": null, ""calibration_method"": ""sigmoid"", ""eps"": 1e-12, ""mode"": ""probability_correction"", ""n_cv_folds"": 3}",scar,0.5,0.5,0.5,True,0,,,0.5299043495999021,,,,,0.4355,False,-0.08876865929907946,0.8809034907597536,1.0,0.999194,0.9355,0.9310529128808124,0.7078651685393258,0.9991896821042421,0.9355,,"invalid probability output (not in [0,1])",,"invalid probability output (not in [0,1])",,0.03099999999994907,success,
elkan_noto,scar-pi0.5-scalemid,108,"{""base_estimator"": null, ""calibration_method"": ""sigmoid"", ""eps"": 1e-12, ""mode"": ""probability_correction"", ""n_cv_folds"": 3}",scar,0.5,0.5,0.5,True,0,,,0.5579720864821472,,,,,0.457,False,-0.12133559988667231,0.9133709981167608,0.9993118141321234,0.9994200000000001,0.956,0.9540229885057471,0.7079646017699115,0.9994218823570937,0.956,,"invalid probability output (not in [0,1])",,"invalid probability output (not in [0,1])",,0.04699999999957072,success,
elkan_noto,scar-pi0.5-scalemid,109,"{""base_estimator"": null, ""calibration_method"": ""sigmoid"", ""eps"": 1e-12, ""mode"": ""probability_correction"", ""n_cv_folds"": 3}",scar,0.5,0.5,0.5,True,0,,,0.5490786349722896,,,,,0.441,False,-0.0671864273806021,0.8621359223300971,0.9774783699887721,0.999598,0.941,0.9373007438894793,0.705050505050505,0.999622310369292,0.9410000000000001,,"invalid probability output (not in [0,1])",,"invalid probability output (not in [0,1])",,0.032000000000152795,success,
elkan_noto,scar-pi0.5-scalemid,110,"{""base_estimator"": null, ""calibration_method"": ""sigmoid"", ""eps"": 1e-12, ""mode"": ""probability_correction"", ""n_cv_folds"": 3}",scar,0.5,0.5,0.5,True,0,,,0.533499913790305,,,,,0.43,False,-0.07530463060416975,0.8669438669438669,1.0,0.999262,0.93,0.9247311827956989,0.7083607636603029,0.999282216069323,0.9299999999999999,,"invalid probability output (not in [0,1])",,"invalid probability output (not in [0,1])",,0.03099999999994907,success,
elkan_noto,scar-pi0.5-scalemid,111,"{""base_estimator"": null, ""calibration_method"": ""sigmoid"", ""eps"": 1e-12, ""mode"": ""probability_correction"", ""n_cv_folds"": 3}",scar,0.5,0.5,0.5,True,0,,,0.5495979146508868,,,,,0.4295,False,-0.08274511683770547,0.8662674650698603,1.0,0.9993000000000001,0.9295,0.9241527703066165,0.7164776517678453,0.9993047777212246,0.9295,,"invalid probability output (not in [0,1])",,"invalid probability output (not in [0,1])",,0.04699999999957072,success,
elkan_noto,scar-pi0.5-scalemid,112,"{""base_estimator"": null, ""calibration_method"": ""sigmoid"", ""eps"": 1e-12, ""mode"": ""probability_correction"", ""n_cv_folds"": 3}",scar,0.5,0.5,0.5,True,0,,,0.5468994284503824,,,,,0.4315,False,-0.06333333333333335,0.854,0.9895712630359212,0.9989269999999999,0.9305,0.9253891572732152,0.7093333333333334,0.9989445207231569,0.9305,,"invalid probability output (not in [0,1])",,"invalid probability output (not in [0,1])",,0.04700000000048021,success,
elkan_noto,scar-pi0.5-scalemid,113,"{""base_estimator"": null, ""calibration_method"": ""sigmoid"", ""eps"": 1e-12, ""mode"": ""probability_correction"", ""n_cv_folds"": 3}",scar,0.5,0.5,0.5,True,0,,,0.5517348924417056,,,,,0.432,False,-0.06469650551694939,0.8518518518518519,0.9859396433470508,0.9984390000000001,0.931,0.9259656652360515,0.7128446536650975,0.9987035123602737,0.931,,"invalid probability output (not in [0,1])",,"invalid probability output (not in [0,1])",,0.04699999999957072,success,
elkan_noto,scar-pi0.5-scalemid,114,"{""base_estimator"": null, ""calibration_method"": ""sigmoid"", ""eps"": 1e-12, ""mode"": ""probability_correction"", ""n_cv_folds"": 3}",scar,0.5,0.5,0.5,True,0,,,0.5603662417491674,,,,,0.428,False,-0.08730999313523585,0.8640776699029126,1.0,0.998336,0.926,0.9202586206896551,0.7232323232323232,0.9981255540266689,0.9259999999999999,,"invalid probability output (not in [0,1])",,"invalid probability output (not in [0,1])",,0.03099999999994907,success,
elkan_noto,scar-pi0.5-scalemid,115,"{""base_estimator"": null, ""calibration_method"": ""sigmoid"", ""eps"": 1e-12, ""mode"": ""probability_correction"", ""n_cv_folds"": 3}",scar,0.5,0.5,0.5,True,0,,,0.5403359820003525,,,,,0.4385,False,-0.07282826835804379,0.8649706457925636,0.9862835185776095,0.999113,0.9385,0.9344698987746404,0.7078576225654802,0.9991349829337105,0.9385,,"invalid probability output (not in [0,1])",,"invalid probability output (not in [0,1])",,0.03099999999994907,success,
elkan_noto,scar-pi0.5-scalemid,116,"{""base_estimator"": null, ""calibration_method"": ""sigmoid"", ""eps"": 1e-12, ""mode"": ""probability_correction"", ""n_cv_folds"": 3}",scar,0.5,0.5,0.5,True,0,,,0.5410946475719816,,,,,0.4295,False,-0.07423716098308791,0.8641975308641975,1.0,0.999487,0.9295,0.9241527703066165,0.7100396301188904,0.9995245428866631,0.9295,,"invalid probability output (not in [0,1])",,"invalid probability output (not in [0,1])",,0.03099999999994907,success,
elkan_noto,scar-pi0.5-scalemid,117,"{""base_estimator"": null, ""calibration_method"": ""sigmoid"", ""eps"": 1e-12, ""mode"": ""probability_correction"", ""n_cv_folds"": 3}",scar,0.5,0.5,0.5,True,0,,,0.5135028673432476,,,,,0.4445,False,-0.07641767612411354,0.8785425101214575,0.9882367942873537,0.998534,0.9425,0.9391212281630492,0.6978751660026561,0.9985568472271147,0.9425,,"invalid probability output (not in [0,1])",,"invalid probability output (not in [0,1])",,0.03099999999994907,success,
elkan_noto,scar-pi0.5-scalemid,118,"{""base_estimator"": null, ""calibration_method"": ""sigmoid"", ""eps"": 1e-12, ""mode"": ""probability_correction"", ""n_cv_folds"": 3}",scar,0.5,0.5,0.5,True,0,,,0.551783455631999,,,,,0.44,False,-0.12479865294746001,0.9032882011605415,1.0,0.999408,0.94,0.9361702127659575,0.7215104517869184,0.9994018852343448,0.94,,"invalid probability output (not in [0,1])",,"invalid probability output (not in [0,1])",,0.03099999999994907,success,
elkan_noto,scar-pi0.5-scalemid,119,"{""base_estimator"": null, ""calibration_method"": ""sigmoid"", ""eps"": 1e-12, ""mode"": ""probability_correction"", ""n_cv_folds"": 3}",scar,0.5,0.5,0.5,True,0,,,0.5240171611650725,,,,,0.432,False,-0.06569749327096364,0.8622129436325678,0.9979316477228795,0.998784,0.932,0.927038626609442,0.7034845496383958,0.9987999549301643,0.9319999999999999,,"invalid probability output (not in [0,1])",,"invalid probability output (not in [0,1])",,0.03099999999994907,success,
elkan_noto,sar-pi0.1-scalesmall,100,"{""base_estimator"": null, ""calibration_method"": ""sigmoid"", ""eps"": 1e-12, ""mode"": ""probability_correction"", ""n_cv_folds"": 3}",linear,0.1,0.5,0.5,True,0,,,0.7780143341436981,,,,,0.0675,False,-0.03982683982683983,0.8181818181818182,1.0,0.9998611111111111,0.9675,0.8059701492537313,0.9761904761904762,0.9988095238095238,0.8375,,"invalid probability output (not in [0,1])",,"invalid probability output (not in [0,1])",,0.03099999999994907,success,
elkan_noto,sar-pi0.1-scalesmall,101,"{""base_estimator"": null, ""calibration_method"": ""sigmoid"", ""eps"": 1e-12, ""mode"": ""probability_correction"", ""n_cv_folds"": 3}",linear,0.1,0.5,0.5,True,0,,,0.7033586377453378,,,,,0.0575,False,-0.06666666666666668,0.9375,1.0,0.9984722222222223,0.9575,0.7301587301587301,0.9791666666666666,0.9843929625530123,0.7875,,"invalid probability output (not in [0,1])",,"invalid probability output (not in [0,1])",,0.03099999999994907,success,
elkan_noto,sar-pi0.1-scalesmall,102,"{""base_estimator"": null, ""calibration_method"": ""sigmoid"", ""eps"": 1e-12, ""mode"": ""probability_correction"", ""n_cv_folds"": 3}",linear,0.1,0.5,0.5,True,0,,,0.7188368313728409,,,,,0.0525,False,-0.06844868075701065,0.8947368421052632,1.0,0.9859027777777778,0.9525,0.6885245901639344,0.989501312335958,0.9439612262119285,0.7625,,"invalid probability output (not in [0,1])",,"invalid probability output (not in [0,1])",,0.032000000000152795,success,
elkan_noto,sar-pi0.1-scalesmall,103,"{""base_estimator"": null, ""calibration_method"": ""sigmoid"", ""eps"": 1e-12, ""mode"": ""probability_correction"", ""n_cv_folds"": 3}",linear,0.1,0.5,0.5,True,0,,,0.8333897761722507,,,,,0.0575,False,-0.05823595929136827,0.8571428571428571,1.0,0.9977083333333333,0.9575,0.7301587301587301,0.9868073878627969,0.9834955982392958,0.7875,,"invalid probability output (not in [0,1])",,"invalid probability output (not in [0,1])",,0.016000000000531145,success,
elkan_noto,sar-pi0.1-scalesmall,104,"{""base_estimator"": null, ""calibration_method"": ""sigmoid"", ""eps"": 1e-12, ""mode"": ""probability_correction"", ""n_cv_folds"": 3}",linear,0.1,0.5,0.5,True,0,,,0.8248730024312786,,,,,0.0675,False,-0.0666935762887787,0.9130434782608695,1.0,0.9998611111111111,0.9675,0.8059701492537313,0.9840848806366048,0.998765243902439,0.8375,,"invalid probability output (not in [0,1])",,"invalid probability output (not in [0,1])",,0.03099999999994907,success,
elkan_noto,sar-pi0.1-scalesmall,105,"{""base_estimator"": null, ""calibration_method"": ""sigmoid"", ""eps"": 1e-12, ""mode"": ""probability_correction"", ""n_cv_folds"": 3}",linear,0.1,0.5,0.5,True,0,,,0.8207525405595733,,,,,0.0575,False,-0.05040885040885041,0.8181818181818182,1.0,0.9942361111111111,0.9575,0.7301587301587301,0.9867724867724867,0.9738637560564566,0.7875,,"invalid probability output (not in [0,1])",,"invalid probability output (not in [0,1])",,0.032000000000152795,success,
elkan_noto,sar-pi0.1-scalesmall,106,"{""base_estimator"": null, ""calibration_method"": ""sigmoid"", ""eps"": 1e-12, ""mode"": ""probability_correction"", ""n_cv_folds"": 3}",linear,0.1,0.5,0.5,True,0,,,0.8103016301567425,,,,,0.0475,False,-0.03947368421052632,0.75,1.0,0.9985416666666667,0.9475,0.6440677966101694,0.9894736842105263,0.9892456412032793,0.7375,,"invalid probability output (not in [0,1])",,"invalid probability output (not in [0,1])",,0.032000000000152795,success,
elkan_noto,sar-pi0.1-scalesmall,107,"{""base_estimator"": null, ""calibration_method"": ""sigmoid"", ""eps"": 1e-12, ""mode"": ""probability_correction"", ""n_cv_folds"": 3}",linear,0.1,0.5,0.5,True,0,,,0.7742781675720771,,,,,0.0475,False,-0.028737638161721937,0.7222222222222222,1.0,0.9970138888888889,0.9475,0.6440677966101694,0.9842931937172775,0.9788163050947654,0.7375,,"invalid probability output (not in [0,1])",,"invalid probability output (not in [0,1])",,0.046000000000276486,success,
elkan_noto,sar-pi0.1-scalesmall,108,"{""base_estimator"": null, ""calibration_method"": ""sigmoid"", ""eps"": 1e-12, ""mode"": ""probability_correction"", ""n_cv_folds"": 3}",linear,0.1,0.5,0.5,True,0,,,0.6988723596387326,,,,,0.0625,False,-0.056854256854256865,0.8636363636363636,1.0,0.9994444444444444,0.9625,0.7692307692307693,0.9841269841269841,0.995473104793757,0.8125,,"invalid probability output (not in [0,1])",,"invalid probability output (not in [0,1])",,0.032000000000152795,success,
elkan_noto,sar-pi0.1-scalesmall,109,"{""base_estimator"": null, ""calibration_method"": ""sigmoid"", ""eps"": 1e-12, ""mode"": ""probability_correction"", ""n_cv_folds"": 3}",linear,0.1,0.5,0.5,True,0,,,0.7069460048431231,,,,,0.055,False,-0.04381815389341115,0.8235294117647058,1.0,0.9918055555555555,0.955,0.7096774193548387,0.97911227154047,0.9728372149083332,0.775,,"invalid probability output (not in [0,1])",,"invalid probability output (not in [0,1])",,0.032000000000152795,success,
elkan_noto,sar-pi0.1-scalesmall,110,"{""base_estimator"": null, ""calibration_method"": ""sigmoid"", ""eps"": 1e-12, ""mode"": ""probability_correction"", ""n_cv_folds"": 3}",linear,0.1,0.5,0.5,True,0,,,0.8289535687402246,,,,,0.065,False,-0.044,0.8,1.0,1.0,0.965,0.7878787878787878,0.984,1.0,0.825,,"invalid probability output (not in [0,1])",,"invalid probability output (not in [0,1])",,0.03099999999994907,success,
elkan_noto,sar-pi0.1-scalesmall,111,"{""base_estimator"": null, ""calibration_method"": ""sigmoid"", ""eps"": 1e-12, ""mode"": ""probability_correction"", ""n_cv_folds"": 3}",linear,0.1,0.5,0.5,True,0,,,0.7625502507261934,,,,,0.06,False,-0.03894736842105263,0.8,1.0,0.9996527777777778,0.96,0.75,0.9789473684210527,0.996885603431656,0.8,,"invalid probability output (not in [0,1])",,"invalid probability output (not in [0,1])",,0.032000000000152795,success,
elkan_noto,sar-pi0.1-scalesmall,112,"{""base_estimator"": null, ""calibration_method"": ""sigmoid"", ""eps"": 1e-12, ""mode"": ""probability_correction"", ""n_cv_folds"": 3}",linear,0.1,0.5,0.5,True,0,,,0.733126498899881,,,,,0.0725,False,-0.027344020297543542,0.782608695652174,1.0,0.9984722222222222,0.9725,0.8405797101449275,0.9708222811671088,0.9880263093609538,0.8625,,"invalid probability output (not in [0,1])",,"invalid probability output (not in [0,1])",,0.032000000000152795,success,
elkan_noto,sar-pi0.1-scalesmall,113,"{""base_estimator"": null, ""calibration_method"": ""sigmoid"", ""eps"": 1e-12, ""mode"": ""probability_correction"", ""n_cv_folds"": 3}",linear,0.1,0.5,0.5,True,0,,,0.7580273517929615,,,,,0.055,False,-0.006315789473684219,0.65,1.0,0.9990972222222222,0.955,0.7096774193548387,0.9763157894736842,0.9936057692307692,0.775,,"invalid probability output (not in [0,1])",,"invalid probability output (not in [0,1])",,0.01599999999962165,success,
elkan_noto,sar-pi0.1-scalesmall,114,"{""base_estimator"": null, ""calibration_method"": ""sigmoid"", ""eps"": 1e-12, ""mode"": ""probability_correction"", ""n_cv_folds"": 3}",linear,0.1,0.5,0.5,True,0,,,0.7333069152678549,,,,,0.055,False,-0.05267302113551596,0.8421052631578947,1.0,0.999375,0.955,0.7096774193548387,0.984251968503937,0.9943672612603786,0.775,,"invalid probability output (not in [0,1])",,"invalid probability output (not in [0,1])",,0.032000000000152795,success,
elkan_noto,sar-pi0.1-scalesmall,115,"{""base_estimator"": null, ""calibration_method"": ""sigmoid"", ""eps"": 1e-12, ""mode"": ""probability_correction"", ""n_cv_folds"": 3}",linear,0.1,0.5,0.5,True,0,,,0.7445161786820556,,,,,0.0675,False,-0.02335720567910543,0.7619047619047619,1.0,0.9997916666666667,0.9675,0.8059701492537313,0.9709762532981531,0.9982558139534884,0.8375,,"invalid probability output (not in [0,1])",,"invalid probability output (not in [0,1])",,0.032000000000152795,success,
elkan_noto,sar-pi0.1-scalesmall,116,"{""base_estimator"": null, ""calibration_method"": ""sigmoid"", ""eps"": 1e-12, ""mode"": ""probability_correction"", ""n_cv_folds"": 3}",linear,0.1,0.5,0.5,True,0,,,0.7754465123242156,,,,,0.06,False,-0.01911044101017717,0.7142857142857143,1.0,0.9976388888888889,0.96,0.75,0.9762532981530343,0.9806842197112611,0.8,,"invalid probability output (not in [0,1])",,"invalid probability output (not in [0,1])",,0.03099999999994907,success,
elkan_noto,sar-pi0.1-scalesmall,117,"{""base_estimator"": null, ""calibration_method"": ""sigmoid"", ""eps"": 1e-12, ""mode"": ""probability_correction"", ""n_cv_folds"": 3}",linear,0.1,0.5,0.5,True,0,,,0.7340240681030121,,,,,0.05,False,-0.03922077922077922,0.8,1.0,0.9985416666666667,0.95,0.6666666666666666,0.9792207792207792,0.988454822616408,0.75,,"invalid probability output (not in [0,1])",,"invalid probability output (not in [0,1])",,0.032000000000152795,success,
elkan_noto,sar-pi0.1-scalesmall,118,"{""base_estimator"": null, ""calibration_method"": ""sigmoid"", ""eps"": 1e-12, ""mode"": ""probability_correction"", ""n_cv_folds"": 3}",linear,0.1,0.5,0.5,True,0,,,0.7524127323278919,,,,,0.0675,False,-0.02335720567910543,0.7619047619047619,1.0,1.0,0.9675,0.8059701492537313,0.9709762532981531,1.0,0.8375,,"invalid probability output (not in [0,1])",,"invalid probability output (not in [0,1])",,0.032000000000152795,success,
elkan_noto,sar-pi0.1-scalesmall,119,"{""base_estimator"": null, ""calibration_method"": ""sigmoid"", ""eps"": 1e-12, ""mode"": ""probability_correction"", ""n_cv_folds"": 3}",linear,0.1,0.5,0.5,True,0,,,0.6964111646403718,,,,,0.06,False,0.005180273518441761,0.631578947368421,1.0,0.9998611111111111,0.96,0.75,0.968503937007874,0.9988095238095238,0.8,,"invalid probability output (not in [0,1])",,"invalid probability output (not in [0,1])",,0.03099999999994907,success,
elkan_noto,sar-pi0.1-scalemid,100,"{""base_estimator"": null, ""calibration_method"": ""sigmoid"", ""eps"": 1e-12, ""mode"": ""probability_correction"", ""n_cv_folds"": 3}",linear,0.1,0.5,0.5,True,0,,,0.826275876779703,,,,,0.053,False,-0.040936448689264375,0.7835051546391752,1.0,0.9987499999999999,0.953,0.6928104575163399,0.9842354177614293,0.9906402670401695,0.765,,"invalid probability output (not in [0,1])",,"invalid probability output (not in [0,1])",,0.04699999999957072,success,
elkan_noto,sar-pi0.1-scalemid,101,"{""base_estimator"": null, ""calibration_method"": ""sigmoid"", ""eps"": 1e-12, ""mode"": ""probability_correction"", ""n_cv_folds"": 3}",linear,0.1,0.5,0.5,True,0,,,0.7944417944974601,,,,,0.054,False,-0.02258628369730084,0.7204301075268817,1.0,0.9992444444444444,0.954,0.7012987012987013,0.9785002621919245,0.9943623509509926,0.77,,"invalid probability output (not in [0,1])",,"invalid probability output (not in [0,1])",,0.03099999999994907,success,
elkan_noto,sar-pi0.1-scalemid,102,"{""base_estimator"": null, ""calibration_method"": ""sigmoid"", ""eps"": 1e-12, ""mode"": ""probability_correction"", ""n_cv_folds"": 3}",linear,0.1,0.5,0.5,True,0,,,0.8020242319793413,,,,,0.0615,False,-0.044284457846463135,0.819047619047619,1.0,0.9995416666666667,0.9615,0.7616099071207431,0.9804749340369393,0.9960152025202006,0.8075,,"invalid probability output (not in [0,1])",,"invalid probability output (not in [0,1])",,0.03099999999994907,success,
elkan_noto,sar-pi0.1-scalemid,103,"{""base_estimator"": null, ""calibration_method"": ""sigmoid"", ""eps"": 1e-12, ""mode"": ""probability_correction"", ""n_cv_folds"": 3}",linear,0.1,0.5,0.5,True,0,,,0.8094714178222219,,,,,0.0615,False,-0.040314000518021156,0.8018867924528302,1.0,0.9987638888888889,0.9615,0.7616099071207431,0.9799366420274551,0.9944203266898164,0.8075,,"invalid probability output (not in [0,1])",,"invalid probability output (not in [0,1])",,0.04699999999957072,success,
elkan_noto,sar-pi0.1-scalemid,104,"{""base_estimator"": null, ""calibration_method"": ""sigmoid"", ""eps"": 1e-12, ""mode"": ""probability_correction"", ""n_cv_folds"": 3}",linear,0.1,0.5,0.5,True,0,,,0.7881867312388984,,,,,0.061,False,-0.030315789473684213,0.77,1.0,0.9983805555555555,0.961,0.7577639751552795,0.9763157894736842,0.9906133656870209,0.8049999999999999,,"invalid probability output (not in [0,1])",,"invalid probability output (not in [0,1])",,0.046000000000276486,success,
elkan_noto,sar-pi0.1-scalemid,105,"{""base_estimator"": null, ""calibration_method"": ""sigmoid"", ""eps"": 1e-12, ""mode"": ""probability_correction"", ""n_cv_folds"": 3}",linear,0.1,0.5,0.5,True,0,,,0.7687489766482709,,,,,0.05,False,-0.026626093571700274,0.7272727272727273,1.0,0.9991472222222223,0.95,0.6666666666666666,0.9811715481171548,0.9930491001616363,0.75,,"invalid probability output (not in [0,1])",,"invalid probability output (not in [0,1])",,0.04699999999957072,success,
elkan_noto,sar-pi0.1-scalemid,106,"{""base_estimator"": null, ""calibration_method"": ""sigmoid"", ""eps"": 1e-12, ""mode"": ""probability_correction"", ""n_cv_folds"": 3}",linear,0.1,0.5,0.5,True,0,,,0.8340736981806126,,,,,0.064,False,-0.04353054353054353,0.8181818181818182,1.0,0.9991583333333334,0.964,0.7804878048780488,0.9798941798941799,0.9928216290767438,0.8200000000000001,,"invalid probability output (not in [0,1])",,"invalid probability output (not in [0,1])",,0.03099999999994907,success,
elkan_noto,sar-pi0.1-scalemid,107,"{""base_estimator"": null, ""calibration_method"": ""sigmoid"", ""eps"": 1e-12, ""mode"": ""probability_correction"", ""n_cv_folds"": 3}",linear,0.1,0.5,0.5,True,0,,,0.7946619684351137,,,,,0.055,False,-0.028011307180165673,0.7373737373737373,1.0,0.9988638888888889,0.955,0.7096774193548387,0.9805365597054182,0.9917957381081188,0.775,,"invalid probability output (not in [0,1])",,"invalid probability output (not in [0,1])",,0.03099999999994907,success,
elkan_noto,sar-pi0.1-scalemid,108,"{""base_estimator"": null, ""calibration_method"": ""sigmoid"", ""eps"": 1e-12, ""mode"": ""probability_correction"", ""n_cv_folds"": 3}",linear,0.1,0.5,0.5,True,0,,,0.790548922890399,,,,,0.0545,False,-0.025991105159963668,0.7272727272727273,1.0,0.9994555555555555,0.9545,0.7055016181229773,0.9805365597054182,0.9957361968861186,0.7725,,"invalid probability output (not in [0,1])",,"invalid probability output (not in [0,1])",,0.03099999999994907,success,
elkan_noto,sar-pi0.1-scalemid,109,"{""base_estimator"": null, ""calibration_method"": ""sigmoid"", ""eps"": 1e-12, ""mode"": ""probability_correction"", ""n_cv_folds"": 3}",linear,0.1,0.5,0.5,True,0,,,0.8098016695282844,,,,,0.0585,False,-0.03528835280814173,0.7714285714285715,1.0,0.9982555555555555,0.9585,0.7381703470031545,0.9810026385224274,0.989844460157328,0.7925,,"invalid probability output (not in [0,1])",,"invalid probability output (not in [0,1])",,0.04699999999957072,success,
elkan_noto,sar-pi0.1-scalemid,110,"{""base_estimator"": null, ""calibration_method"": ""sigmoid"", ""eps"": 1e-12, ""mode"": ""probability_correction"", ""n_cv_folds"": 3}",linear,0.1,0.5,0.5,True,0,,,0.7689589501040939,,,,,0.0485,False,-0.025899735121868245,0.7209302325581395,1.0,0.9983277777777777,0.9485,0.6531986531986532,0.9817136886102403,0.9910643153191105,0.7424999999999999,,"invalid probability output (not in [0,1])",,"invalid probability output (not in [0,1])",,0.04700000000048021,success,
elkan_noto,sar-pi0.1-scalemid,111,"{""base_estimator"": null, ""calibration_method"": ""sigmoid"", ""eps"": 1e-12, ""mode"": ""probability_correction"", ""n_cv_folds"": 3}",linear,0.1,0.5,0.5,True,0,,,0.808211910602033,,,,,0.062,False,-0.041894736842105276,0.82,1.0,0.9994527777777777,0.962,0.7654320987654321,0.9778947368421053,0.9951406314396631,0.81,,"invalid probability output (not in [0,1])",,"invalid probability output (not in [0,1])",,0.04699999999957072,success,
elkan_noto,sar-pi0.1-scalemid,112,"{""base_estimator"": null, ""calibration_method"": ""sigmoid"", ""eps"": 1e-12, ""mode"": ""probability_correction"", ""n_cv_folds"": 3}",linear,0.1,0.5,0.5,True,0,,,0.797636058566933,,,,,0.056,False,-0.03557894736842106,0.77,1.0,0.9996166666666666,0.956,0.717948717948718,0.9815789473684211,0.99673807172172,0.78,,"invalid probability output (not in [0,1])",,"invalid probability output (not in [0,1])",,0.03099999999994907,success,
elkan_noto,sar-pi0.1-scalemid,113,"{""base_estimator"": null, ""calibration_method"": ""sigmoid"", ""eps"": 1e-12, ""mode"": ""probability_correction"", ""n_cv_folds"": 3}",linear,0.1,0.5,0.5,True,0,,,0.7612445670560333,,,,,0.054,False,-0.028497170718228867,0.7472527472527473,1.0,0.9990194444444443,0.954,0.7012987012987013,0.9790466212676794,0.9920838156679788,0.77,,"invalid probability output (not in [0,1])",,"invalid probability output (not in [0,1])",,0.03099999999994907,success,
elkan_noto,sar-pi0.1-scalemid,114,"{""base_estimator"": null, ""calibration_method"": ""sigmoid"", ""eps"": 1e-12, ""mode"": ""probability_correction"", ""n_cv_folds"": 3}",linear,0.1,0.5,0.5,True,0,,,0.834963682275806,,,,,0.0635,False,-0.05029861390750004,0.8440366972477065,1.0,0.9989055555555555,0.9625,0.7706422018348624,0.9814912744579588,0.9894738387496224,0.8147222222222222,,"invalid probability output (not in [0,1])",,"invalid probability output (not in [0,1])",,0.03099999999994907,success,
elkan_noto,sar-pi0.1-scalemid,115,"{""base_estimator"": null, ""calibration_method"": ""sigmoid"", ""eps"": 1e-12, ""mode"": ""probability_correction"", ""n_cv_folds"": 3}",linear,0.1,0.5,0.5,True,0,,,0.7994246001777724,,,,,0.058,False,-0.02608619173262973,0.7333333333333333,1.0,0.9995027777777777,0.958,0.7341772151898734,0.9794195250659631,0.995749460646394,0.79,,"invalid probability output (not in [0,1])",,"invalid probability output (not in [0,1])",,0.03099999999994907,success,
elkan_noto,sar-pi0.1-scalemid,116,"{""base_estimator"": null, ""calibration_method"": ""sigmoid"", ""eps"": 1e-12, ""mode"": ""probability_correction"", ""n_cv_folds"": 3}",linear,0.1,0.5,0.5,True,0,,,0.8138309094380868,,,,,0.061,False,-0.03842720806519097,0.7924528301886793,1.0,0.9998,0.961,0.7577639751552795,0.9799366420274551,0.9982188017826849,0.8049999999999999,,"invalid probability output (not in [0,1])",,"invalid probability output (not in [0,1])",,0.03099999999994907,success,
elkan_noto,sar-pi0.1-scalemid,117,"{""base_estimator"": null, ""calibration_method"": ""sigmoid"", ""eps"": 1e-12, ""mode"": ""probability_correction"", ""n_cv_folds"": 3}",linear,0.1,0.5,0.5,True,0,,,0.8116308728737037,,,,,0.0595,False,-0.04484070849355462,0.8113207547169812,1.0,0.9994388888888889,0.9595,0.7460815047021944,0.9825765575501584,0.9954441333997448,0.7975,,"invalid probability output (not in [0,1])",,"invalid probability output (not in [0,1])",,0.03099999999994907,success,
elkan_noto,sar-pi0.1-scalemid,118,"{""base_estimator"": null, ""calibration_method"": ""sigmoid"", ""eps"": 1e-12, ""mode"": ""probability_correction"", ""n_cv_folds"": 3}",linear,0.1,0.5,0.5,True,0,,,0.7782160711202902,,,,,0.0555,False,-0.022784967847836568,0.7216494845360825,1.0,0.9996166666666666,0.9555,0.7138263665594855,0.9784550709406201,0.9965768846544606,0.7775000000000001,,"invalid probability output (not in [0,1])",,"invalid probability output (not in [0,1])",,0.04699999999957072,success,
elkan_noto,sar-pi0.1-scalemid,119,"{""base_estimator"": null, ""calibration_method"": ""sigmoid"", ""eps"": 1e-12, ""mode"": ""probability_correction"", ""n_cv_folds"": 3}",linear,0.1,0.5,0.5,True,0,,,0.7844231875854488,,,,,0.056,False,-0.022259481773217543,0.7216494845360825,1.0,0.9986277777777778,0.956,0.717948717948718,0.977929584866001,0.9920373694962754,0.78,,"invalid probability output (not in [0,1])",,"invalid probability output (not in [0,1])",,0.032000000000152795,success,
elkan_noto,sar-pi0.3-scalesmall,100,"{""base_estimator"": null, ""calibration_method"": ""sigmoid"", ""eps"": 1e-12, ""mode"": ""probability_correction"", ""n_cv_folds"": 3}",linear,0.3,0.5,0.5,True,0,,,0.6609942425271991,,,,,0.22,False,-0.10613026819923371,0.8620689655172413,1.0,0.9999404761904762,0.92,0.8461538461538461,0.8888888888888888,0.9998616850321396,0.8666666666666667,,"invalid probability output (not in [0,1])",,"invalid probability output (not in [0,1])",,0.03099999999994907,success,
elkan_noto,sar-pi0.3-scalesmall,101,"{""base_estimator"": null, ""calibration_method"": ""sigmoid"", ""eps"": 1e-12, ""mode"": ""probability_correction"", ""n_cv_folds"": 3}",linear,0.3,0.5,0.5,True,0,,,0.7321437623188927,,,,,0.1825,False,-0.1452941176470588,0.85,1.0,0.9991369047619048,0.8825,0.7564766839378239,0.9352941176470588,0.9979520389692083,0.8041666666666667,,"invalid probability output (not in [0,1])",,"invalid probability output (not in [0,1])",,0.03099999999994907,success,
elkan_noto,sar-pi0.3-scalesmall,102,"{""base_estimator"": null, ""calibration_method"": ""sigmoid"", ""eps"": 1e-12, ""mode"": ""probability_correction"", ""n_cv_folds"": 3}",linear,0.3,0.5,0.5,True,0,,,0.7460512299395102,,,,,0.165,False,-0.16622679146846708,0.8596491228070176,1.0,0.998095238095238,0.865,0.7096774193548387,0.9504373177842566,0.9961511773331765,0.775,,"invalid probability output (not in [0,1])",,"invalid probability output (not in [0,1])",,0.03099999999994907,success,
elkan_noto,sar-pi0.3-scalesmall,103,"{""base_estimator"": null, ""calibration_method"": ""sigmoid"", ""eps"": 1e-12, ""mode"": ""probability_correction"", ""n_cv_folds"": 3}",linear,0.3,0.5,0.5,True,0,,,0.7381059456097597,,,,,0.2275,False,-0.13194805194805193,0.8714285714285714,1.0,0.9983333333333333,0.9275,0.8625592417061612,0.9090909090909091,0.9963060613831387,0.8791666666666667,,"invalid probability output (not in [0,1])",,"invalid probability output (not in [0,1])",,0.03099999999994907,success,
elkan_noto,sar-pi0.3-scalesmall,104,"{""base_estimator"": null, ""calibration_method"": ""sigmoid"", ""eps"": 1e-12, ""mode"": ""probability_correction"", ""n_cv_folds"": 3}",linear,0.3,0.5,0.5,True,0,,,0.744208391773927,,,,,0.1975,False,-0.1160587915078933,0.8181818181818182,1.0,0.9997321428571428,0.8975,0.7939698492462312,0.9251497005988024,0.9993930806785991,0.8291666666666666,,"invalid probability output (not in [0,1])",,"invalid probability output (not in [0,1])",,0.03099999999994907,success,
elkan_noto,sar-pi0.3-scalesmall,105,"{""base_estimator"": null, ""calibration_method"": ""sigmoid"", ""eps"": 1e-12, ""mode"": ""probability_correction"", ""n_cv_folds"": 3}",linear,0.3,0.5,0.5,True,0,,,0.6790409760011115,,,,,0.1975,False,-0.09722650231124808,0.8135593220338984,1.0,0.9988988095238095,0.8975,0.7939698492462312,0.9090909090909091,0.9977029746181909,0.8291666666666666,,"invalid probability output (not in [0,1])",,"invalid probability output (not in [0,1])",,0.03099999999994907,success,
elkan_noto,sar-pi0.3-scalesmall,106,"{""base_estimator"": null, ""calibration_method"": ""sigmoid"", ""eps"": 1e-12, ""mode"": ""probability_correction"", ""n_cv_folds"": 3}",linear,0.3,0.5,0.5,True,0,,,0.7211208386810343,,,,,0.2175,False,-0.10387169704677124,0.8412698412698413,1.0,0.998422619047619,0.9175,0.8405797101449275,0.8991097922848664,0.9967162534875776,0.8625,,"invalid probability output (not in [0,1])",,"invalid probability output (not in [0,1])",,0.03099999999994907,success,
elkan_noto,sar-pi0.3-scalesmall,107,"{""base_estimator"": null, ""calibration_method"": ""sigmoid"", ""eps"": 1e-12, ""mode"": ""probability_correction"", ""n_cv_folds"": 3}",linear,0.3,0.5,0.5,True,0,,,0.6916125653524843,,,,,0.1725,False,-0.08863198458574179,0.7777777777777778,1.0,0.9994345238095238,0.8725,0.7301587301587301,0.9219653179190751,0.9987855463121551,0.7875,,"invalid probability output (not in [0,1])",,"invalid probability output (not in [0,1])",,0.03099999999994907,success,
elkan_noto,sar-pi0.3-scalesmall,108,"{""base_estimator"": null, ""calibration_method"": ""sigmoid"", ""eps"": 1e-12, ""mode"": ""probability_correction"", ""n_cv_folds"": 3}",linear,0.3,0.5,0.5,True,0,,,0.7290696129068461,,,,,0.205,False,-0.13576575269597174,0.8688524590163934,1.0,0.9988392857142857,0.905,0.8118811881188119,0.9144542772861357,0.9975496133204176,0.8416666666666667,,"invalid probability output (not in [0,1])",,"invalid probability output (not in [0,1])",,0.03099999999994907,success,
elkan_noto,sar-pi0.3-scalesmall,109,"{""base_estimator"": null, ""calibration_method"": ""sigmoid"", ""eps"": 1e-12, ""mode"": ""probability_correction"", ""n_cv_folds"": 3}",linear,0.3,0.5,0.5,True,0,,,0.737781534303039,,,,,0.195,False,-0.10559559135226793,0.8095238095238095,1.0,0.9964583333333334,0.895,0.7878787878787878,0.9198813056379822,0.9946258384923483,0.825,,"invalid probability output (not in [0,1])",,"invalid probability output (not in [0,1])",,0.032000000000152795,success,
elkan_noto,sar-pi0.3-scalesmall,110,"{""base_estimator"": null, ""calibration_method"": ""sigmoid"", ""eps"": 1e-12, ""mode"": ""probability_correction"", ""n_cv_folds"": 3}",linear,0.3,0.5,0.5,True,0,,,0.7051957588621869,,,,,0.205,False,-0.11019391653368152,0.8360655737704918,1.0,0.9986904761904761,0.905,0.8118811881188119,0.9085545722713865,0.9972723575557171,0.8416666666666667,,"invalid probability output (not in [0,1])",,"invalid probability output (not in [0,1])",,0.04699999999957072,success,
elkan_noto,sar-pi0.3-scalesmall,111,"{""base_estimator"": null, ""calibration_method"": ""sigmoid"", ""eps"": 1e-12, ""mode"": ""probability_correction"", ""n_cv_folds"": 3}",linear,0.3,0.5,0.5,True,0,,,0.6816213714203231,,,,,0.2,False,-0.13360007952681546,0.864406779661017,1.0,0.9986309523809523,0.9,0.8,0.9149560117302052,0.9969065782605409,0.8333333333333333,,"invalid probability output (not in [0,1])",,"invalid probability output (not in [0,1])",,0.03099999999994907,success,
elkan_noto,sar-pi0.3-scalesmall,112,"{""base_estimator"": null, ""calibration_method"": ""sigmoid"", ""eps"": 1e-12, ""mode"": ""probability_correction"", ""n_cv_folds"": 3}",linear,0.3,0.5,0.5,True,0,,,0.7467840510925379,,,,,0.1925,False,-0.12544642857142857,0.828125,1.0,0.9985119047619048,0.8925,0.7817258883248731,0.9285714285714286,0.9965494868796072,0.8208333333333333,,"invalid probability output (not in [0,1])",,"invalid probability output (not in [0,1])",,0.032000000000152795,success,
elkan_noto,sar-pi0.3-scalesmall,113,"{""base_estimator"": null, ""calibration_method"": ""sigmoid"", ""eps"": 1e-12, ""mode"": ""probability_correction"", ""n_cv_folds"": 3}",linear,0.3,0.5,0.5,True,0,,,0.6623764240211729,,,,,0.2175,False,-0.07098214285714285,0.796875,1.0,0.9992559523809523,0.9175,0.8405797101449275,0.8928571428571429,0.9983102827067869,0.8625,,"invalid probability output (not in [0,1])",,"invalid probability output (not in [0,1])",,0.032000000000152795,success,
elkan_noto,sar-pi0.3-scalesmall,114,"{""base_estimator"": null, ""calibration_method"": ""sigmoid"", ""eps"": 1e-12, ""mode"": ""probability_correction"", ""n_cv_folds"": 3}",linear,0.3,0.5,0.5,True,0,,,0.6879718304608996,,,,,0.2,False,-0.07467853610286845,0.7777777777777778,1.0,0.9981845238095237,0.9,0.8,0.9080118694362018,0.9959735714563218,0.8333333333333333,,"invalid probability output (not in [0,1])",,"invalid probability output (not in [0,1])",,0.03099999999994907,success,
elkan_noto,sar-pi0.3-scalesmall,115,"{""base_estimator"": null, ""calibration_method"": ""sigmoid"", ""eps"": 1e-12, ""mode"": ""probability_correction"", ""n_cv_folds"": 3}",linear,0.3,0.5,0.5,True,0,,,0.6963178041817831,,,,,0.1675,False,-0.12241490044958253,0.8148148148148148,1.0,0.9993154761904762,0.8675,0.7165775401069518,0.9335260115606936,0.9984898641553479,0.7791666666666667,,"invalid probability output (not in [0,1])",,"invalid probability output (not in [0,1])",,0.03099999999994907,success,
elkan_noto,sar-pi0.3-scalesmall,116,"{""base_estimator"": null, ""calibration_method"": ""sigmoid"", ""eps"": 1e-12, ""mode"": ""probability_correction"", ""n_cv_folds"": 3}",linear,0.3,0.5,0.5,True,0,,,0.6991007018500273,,,,,0.1975,False,-0.11070815041038362,0.8225806451612904,1.0,0.9998214285714286,0.8975,0.7939698492462312,0.9171597633136095,0.99959171034005,0.8291666666666666,,"invalid probability output (not in [0,1])",,"invalid probability output (not in [0,1])",,0.03099999999994907,success,
elkan_noto,sar-pi0.3-scalesmall,117,"{""base_estimator"": null, ""calibration_method"": ""sigmoid"", ""eps"": 1e-12, ""mode"": ""probability_correction"", ""n_cv_folds"": 3}",linear,0.3,0.5,0.5,True,0,,,0.6926101773983784,,,,,0.2025,False,-0.10446344251702372,0.8305084745762712,1.0,0.9986011904761904,0.9025,0.8059701492537313,0.906158357771261,0.9968547167910964,0.8375,,"invalid probability output (not in [0,1])",,"invalid probability output (not in [0,1])",,0.03099999999994907,success,
elkan_noto,sar-pi0.3-scalesmall,118,"{""base_estimator"": null, ""calibration_method"": ""sigmoid"", ""eps"": 1e-12, ""mode"": ""probability_correction"", ""n_cv_folds"": 3}",linear,0.3,0.5,0.5,True,0,,,0.6684005673534797,,,,,0.1925,False,-0.08911960132890365,0.8035714285714286,1.0,0.9996726190476191,0.8925,0.7817258883248731,0.9069767441860465,0.9992500165269143,0.8208333333333333,,"invalid probability output (not in [0,1])",,"invalid probability output (not in [0,1])",,0.03099999999994907,success,
elkan_noto,sar-pi0.3-scalesmall,119,"{""base_estimator"": null, ""calibration_method"": ""sigmoid"", ""eps"": 1e-12, ""mode"": ""probability_correction"", ""n_cv_folds"": 3}",linear,0.3,0.5,0.5,True,0,,,0.7052431484925507,,,,,0.2025,False,-0.0888392857142857,0.796875,1.0,0.9995238095238096,0.9025,0.8059701492537313,0.9107142857142857,0.9989657943067034,0.8375,,"invalid probability output (not in [0,1])",,"invalid probability output (not in [0,1])",,0.03099999999994907,success,
elkan_noto,sar-pi0.3-scalemid,100,"{""base_estimator"": null, ""calibration_method"": ""sigmoid"", ""eps"": 1e-12, ""mode"": ""probability_correction"", ""n_cv_folds"": 3}",linear,0.3,0.5,0.5,True,0,,,0.7407731182762409,,,,,0.188,False,-0.1192653789987898,0.8208469055374593,1.0,0.9988011904761905,0.888,0.7704918032786885,0.9267572356763142,0.9976793173307291,0.8133333333333334,,"invalid probability output (not in [0,1])",,"invalid probability output (not in [0,1])",,0.03099999999994907,success,
elkan_noto,sar-pi0.3-scalemid,101,"{""base_estimator"": null, ""calibration_method"": ""sigmoid"", ""eps"": 1e-12, ""mode"": ""probability_correction"", ""n_cv_folds"": 3}",linear,0.3,0.5,0.5,True,0,,,0.6941409286125809,,,,,0.19,False,-0.06615778587609575,0.7676056338028169,1.0,0.9995178571428571,0.89,0.7755102040816326,0.9055944055944056,0.9989033043067274,0.8166666666666667,,"invalid probability output (not in [0,1])",,"invalid probability output (not in [0,1])",,0.04699999999957072,success,
elkan_noto,sar-pi0.3-scalemid,102,"{""base_estimator"": null, ""calibration_method"": ""sigmoid"", ""eps"": 1e-12, ""mode"": ""probability_correction"", ""n_cv_folds"": 3}",linear,0.3,0.5,0.5,True,0,,,0.7368537176876693,,,,,0.1955,False,-0.12498798926098631,0.834920634920635,1.0,0.9992619047619048,0.8955,0.7891019172552977,0.9240356083086053,0.9983591434694774,0.8258333333333333,,"invalid probability output (not in [0,1])",,"invalid probability output (not in [0,1])",,0.03099999999994907,success,
elkan_noto,sar-pi0.3-scalemid,103,"{""base_estimator"": null, ""calibration_method"": ""sigmoid"", ""eps"": 1e-12, ""mode"": ""probability_correction"", ""n_cv_folds"": 3}",linear,0.3,0.5,0.5,True,0,,,0.7084872698271487,,,,,0.1905,False,-0.105219635212011,0.8166089965397924,1.0,0.9991726190476191,0.8905,0.7767584097859327,0.9152542372881356,0.9983787762607501,0.8175,,"invalid probability output (not in [0,1])",,"invalid probability output (not in [0,1])",,0.04700000000048021,success,
elkan_noto,sar-pi0.3-scalemid,104,"{""base_estimator"": null, ""calibration_method"": ""sigmoid"", ""eps"": 1e-12, ""mode"": ""probability_correction"", ""n_cv_folds"": 3}",linear,0.3,0.5,0.5,True,0,,,0.7043496671564549,,,,,0.191,False,-0.09531150869179039,0.8006756756756757,1.0,0.9988547619047619,0.891,0.7780040733197556,0.914906103286385,0.9974887456945977,0.8183333333333334,,"invalid probability output (not in [0,1])",,"invalid probability output (not in [0,1])",,0.03099999999994907,success,
elkan_noto,sar-pi0.3-scalemid,105,"{""base_estimator"": null, ""calibration_method"": ""sigmoid"", ""eps"": 1e-12, ""mode"": ""probability_correction"", ""n_cv_folds"": 3}",linear,0.3,0.5,0.5,True,0,,,0.6929573806900179,,,,,0.195,False,-0.09119277566310557,0.8041237113402062,1.0,0.9994369047619048,0.895,0.7878787878787878,0.9087185488589818,0.9986795260276595,0.825,,"invalid probability output (not in [0,1])",,"invalid probability output (not in [0,1])",,0.04699999999957072,success,
elkan_noto,sar-pi0.3-scalemid,106,"{""base_estimator"": null, ""calibration_method"": ""sigmoid"", ""eps"": 1e-12, ""mode"": ""probability_correction"", ""n_cv_folds"": 3}",linear,0.3,0.5,0.5,True,0,,,0.7234051541491382,,,,,0.2005,False,-0.12485921143008863,0.8469055374592834,1.0,0.9987702380952381,0.9005,0.8011988011988012,0.9167158889545186,0.9972323694108229,0.8341666666666667,,"invalid probability output (not in [0,1])",,"invalid probability output (not in [0,1])",,0.03099999999994907,success,
elkan_noto,sar-pi0.3-scalemid,107,"{""base_estimator"": null, ""calibration_method"": ""sigmoid"", ""eps"": 1e-12, ""mode"": ""probability_correction"", ""n_cv_folds"": 3}",linear,0.3,0.5,0.5,True,0,,,0.7120039822062206,,,,,0.186,False,-0.10249798272525223,0.8062283737024222,1.0,0.9991452380952381,0.886,0.7654320987654321,0.9187609585037989,0.9981107380069756,0.81,,"invalid probability output (not in [0,1])",,"invalid probability output (not in [0,1])",,0.04700000000048021,success,
elkan_noto,sar-pi0.3-scalemid,108,"{""base_estimator"": null, ""calibration_method"": ""sigmoid"", ""eps"": 1e-12, ""mode"": ""probability_correction"", ""n_cv_folds"": 3}",linear,0.3,0.5,0.5,True,0,,,0.7123043718337884,,,,,0.192,False,-0.10305882352941176,0.81,1.0,0.9993095238095238,0.892,0.7804878048780488,0.9170588235294118,0.9984952417481181,0.8200000000000001,,"invalid probability output (not in [0,1])",,"invalid probability output (not in [0,1])",,0.04699999999957072,success,
elkan_noto,sar-pi0.3-scalemid,109,"{""base_estimator"": null, ""calibration_method"": ""sigmoid"", ""eps"": 1e-12, ""mode"": ""probability_correction"", ""n_cv_folds"": 3}",linear,0.3,0.5,0.5,True,0,,,0.7195693137837657,,,,,0.2105,False,-0.11554113380416109,0.8483870967741935,1.0,0.999277380952381,0.9105,0.8246816846229187,0.906508875739645,0.9984996406118933,0.8508333333333333,,"invalid probability output (not in [0,1])",,"invalid probability output (not in [0,1])",,0.03099999999994907,success,
elkan_noto,sar-pi0.3-scalemid,110,"{""base_estimator"": null, ""calibration_method"": ""sigmoid"", ""eps"": 1e-12, ""mode"": ""probability_correction"", ""n_cv_folds"": 3}",linear,0.3,0.5,0.5,True,0,,,0.7046030980603958,,,,,0.1815,False,-0.08684625233921009,0.7816901408450704,1.0,0.999077380952381,0.8815,0.7538940809968847,0.9178321678321678,0.9980477856610342,0.8025,,"invalid probability output (not in [0,1])",,"invalid probability output (not in [0,1])",,0.04700000000048021,success,
elkan_noto,sar-pi0.3-scalemid,111,"{""base_estimator"": null, ""calibration_method"": ""sigmoid"", ""eps"": 1e-12, ""mode"": ""probability_correction"", ""n_cv_folds"": 3}",linear,0.3,0.5,0.5,True,0,,,0.7275138745945772,,,,,0.1915,False,-0.1027263128712404,0.8093645484949833,1.0,0.9995511904761905,0.8915,0.7792472024415056,0.9171075837742504,0.9989544187138797,0.8191666666666666,,"invalid probability output (not in [0,1])",,"invalid probability output (not in [0,1])",,0.04699999999957072,success,
elkan_noto,sar-pi0.3-scalemid,112,"{""base_estimator"": null, ""calibration_method"": ""sigmoid"", ""eps"": 1e-12, ""mode"": ""probability_correction"", ""n_cv_folds"": 3}",linear,0.3,0.5,0.5,True,0,,,0.7112790173391687,,,,,0.1865,False,-0.108285897658907,0.8122866894197952,1.0,0.9993928571428571,0.8865,0.7667009249743063,0.9209138840070299,0.9986442229448632,0.8108333333333333,,"invalid probability output (not in [0,1])",,"invalid probability output (not in [0,1])",,0.04699999999957072,success,
elkan_noto,sar-pi0.3-scalemid,113,"{""base_estimator"": null, ""calibration_method"": ""sigmoid"", ""eps"": 1e-12, ""mode"": ""probability_correction"", ""n_cv_folds"": 3}",linear,0.3,0.5,0.5,True,0,,,0.7066470922551729,,,,,0.1945,False,-0.10868224512811614,0.8221476510067114,1.0,0.9990238095238095,0.8945,0.7866531850353893,0.9153936545240893,0.9976992426452105,0.8241666666666667,,"invalid probability output (not in [0,1])",,"invalid probability output (not in [0,1])",,0.04700000000048021,success,
elkan_noto,sar-pi0.3-scalemid,114,"{""base_estimator"": null, ""calibration_method"": ""sigmoid"", ""eps"": 1e-12, ""mode"": ""probability_correction"", ""n_cv_folds"": 3}",linear,0.3,0.5,0.5,True,0,,,0.7483140161812069,,,,,0.196,False,-0.13940940576011668,0.8557692307692307,1.0,0.998647619047619,0.895,0.7883064516129032,0.9259478672985783,0.9965125473809965,0.8254761904761905,,"invalid probability output (not in [0,1])",,"invalid probability output (not in [0,1])",,0.03099999999994907,success,
elkan_noto,sar-pi0.3-scalemid,115,"{""base_estimator"": null, ""calibration_method"": ""sigmoid"", ""eps"": 1e-12, ""mode"": ""probability_correction"", ""n_cv_folds"": 3}",linear,0.3,0.5,0.5,True,0,,,0.7225850025057748,,,,,0.192,False,-0.09646847070506454,0.7993421052631579,1.0,0.9991142857142857,0.892,0.7804878048780488,0.9168632075471698,0.9980976516634773,0.8200000000000001,,"invalid probability output (not in [0,1])",,"invalid probability output (not in [0,1])",,0.04699999999957072,success,
elkan_noto,sar-pi0.3-scalemid,116,"{""base_estimator"": null, ""calibration_method"": ""sigmoid"", ""eps"": 1e-12, ""mode"": ""probability_correction"", ""n_cv_folds"": 3}",linear,0.3,0.5,0.5,True,0,,,0.7190816262713282,,,,,0.199,False,-0.10477460549536532,0.8167202572347267,1.0,0.9997440476190476,0.899,0.7975951903807615,0.9147424511545293,0.9994046784102555,0.8316666666666667,,"invalid probability output (not in [0,1])",,"invalid probability output (not in [0,1])",,0.046000000000276486,success,
elkan_noto,sar-pi0.3-scalemid,117,"{""base_estimator"": null, ""calibration_method"": ""sigmoid"", ""eps"": 1e-12, ""mode"": ""probability_correction"", ""n_cv_folds"": 3}",linear,0.3,0.5,0.5,True,0,,,0.7365347883742465,,,,,0.2065,False,-0.11712631485901176,0.8364197530864198,1.0,0.9993464285714286,0.9065,0.8153998025666338,0.9152744630071599,0.9984900532912684,0.8441666666666667,,"invalid probability output (not in [0,1])",,"invalid probability output (not in [0,1])",,0.03099999999994907,success,
elkan_noto,sar-pi0.3-scalemid,118,"{""base_estimator"": null, ""calibration_method"": ""sigmoid"", ""eps"": 1e-12, ""mode"": ""probability_correction"", ""n_cv_folds"": 3}",linear,0.3,0.5,0.5,True,0,,,0.7117425360822409,,,,,0.1895,False,-0.10477095917033058,0.8122866894197952,1.0,0.9996380952380953,0.8895,0.7742594484167518,0.9173989455184535,0.9991588859708233,0.8158333333333334,,"invalid probability output (not in [0,1])",,"invalid probability output (not in [0,1])",,0.04699999999957072,success,
elkan_noto,sar-pi0.3-scalemid,119,"{""base_estimator"": null, ""calibration_method"": ""sigmoid"", ""eps"": 1e-12, ""mode"": ""probability_correction"", ""n_cv_folds"": 3}",linear,0.3,0.5,0.5,True,0,,,0.7037976994669729,,,,,0.197,False,-0.10484943385706744,0.8215488215488216,1.0,0.9994000000000001,0.897,0.7927565392354124,0.9119201409277745,0.9986431191233034,0.8283333333333334,,"invalid probability output (not in [0,1])",,"invalid probability output (not in [0,1])",,0.04700000000048021,success,
elkan_noto,sar-pi0.5-scalesmall,100,"{""base_estimator"": null, ""calibration_method"": ""sigmoid"", ""eps"": 1e-12, ""mode"": ""probability_correction"", ""n_cv_folds"": 3}",linear,0.5,0.5,0.5,True,0,,,0.6071401177304397,,,,,0.3475,False,-0.17395711085031473,0.8681318681318682,1.0,0.99905,0.8475,0.8200589970501475,0.8058252427184466,0.9991135086435743,0.8474999999999999,,"invalid probability output (not in [0,1])",,"invalid probability output (not in [0,1])",,0.032000000000152795,success,
elkan_noto,sar-pi0.5-scalesmall,101,"{""base_estimator"": null, ""calibration_method"": ""sigmoid"", ""eps"": 1e-12, ""mode"": ""probability_correction"", ""n_cv_folds"": 3}",linear,0.5,0.5,0.5,True,0,,,0.6919758884520564,,,,,0.3125,False,-0.2170562417066449,0.8556701030927835,1.0,0.998825,0.8125,0.7692307692307693,0.8613861386138614,0.9987983905723412,0.8125,,"invalid probability output (not in [0,1])",,"invalid probability output (not in [0,1])",,0.03099999999994907,success,
elkan_noto,sar-pi0.5-scalesmall,102,"{""base_estimator"": null, ""calibration_method"": ""sigmoid"", ""eps"": 1e-12, ""mode"": ""probability_correction"", ""n_cv_folds"": 3}",linear,0.5,0.5,0.5,True,0,,,0.653450346570543,,,,,0.32,False,-0.21787327939476725,0.8709677419354839,1.0,0.9976750000000001,0.82,0.7804878048780488,0.8469055374592834,0.9977105894244074,0.8200000000000001,,"invalid probability output (not in [0,1])",,"invalid probability output (not in [0,1])",,0.032000000000152795,success,
elkan_noto,sar-pi0.5-scalesmall,103,"{""base_estimator"": null, ""calibration_method"": ""sigmoid"", ""eps"": 1e-12, ""mode"": ""probability_correction"", ""n_cv_folds"": 3}",linear,0.5,0.5,0.5,True,0,,,0.6929419139925854,,,,,0.3725,False,-0.1899686520376176,0.8727272727272727,1.0,0.998525,0.8725,0.8538681948424068,0.8172413793103448,0.998548336057883,0.8725,,"invalid probability output (not in [0,1])",,"invalid probability output (not in [0,1])",,0.032000000000152795,success,
elkan_noto,sar-pi0.5-scalesmall,104,"{""base_estimator"": null, ""calibration_method"": ""sigmoid"", ""eps"": 1e-12, ""mode"": ""probability_correction"", ""n_cv_folds"": 3}",linear,0.5,0.5,0.5,True,0,,,0.6615731490166635,,,,,0.3475,False,-0.1874730951356005,0.8613861386138614,1.0,0.999125,0.8475,0.8200589970501475,0.8260869565217391,0.9991375054788222,0.8474999999999999,,"invalid probability output (not in [0,1])",,"invalid probability output (not in [0,1])",,0.03099999999994907,success,
elkan_noto,sar-pi0.5-scalesmall,105,"{""base_estimator"": null, ""calibration_method"": ""sigmoid"", ""eps"": 1e-12, ""mode"": ""probability_correction"", ""n_cv_folds"": 3}",linear,0.5,0.5,0.5,True,0,,,0.6082807942813412,,,,,0.385,False,-0.21333333333333332,0.92,1.0,0.999175,0.885,0.8700564971751412,0.7933333333333333,0.9992197491197549,0.885,,"invalid probability output (not in [0,1])",,"invalid probability output (not in [0,1])",,0.03099999999994907,success,
elkan_noto,sar-pi0.5-scalesmall,106,"{""base_estimator"": null, ""calibration_method"": ""sigmoid"", ""eps"": 1e-12, ""mode"": ""probability_correction"", ""n_cv_folds"": 3}",linear,0.5,0.5,0.5,True,0,,,0.6358030404775948,,,,,0.355,False,-0.16508987701040678,0.8571428571428571,1.0,0.997825,0.855,0.8304093567251462,0.8079470198675497,0.997923381310233,0.855,,"invalid probability output (not in [0,1])",,"invalid probability output (not in [0,1])",,0.04699999999957072,success,
elkan_noto,sar-pi0.5-scalesmall,107,"{""base_estimator"": null, ""calibration_method"": ""sigmoid"", ""eps"": 1e-12, ""mode"": ""probability_correction"", ""n_cv_folds"": 3}",linear,0.5,0.5,0.5,True,0,,,0.6543004996998452,,,,,0.3075,False,-0.1546107614068779,0.8131868131868132,1.0,0.999525,0.8075,0.7616099071207431,0.8414239482200647,0.9995329171015365,0.8075,,"invalid probability output (not in [0,1])",,"invalid probability output (not in [0,1])",,0.04700000000048021,success,
elkan_noto,sar-pi0.5-scalesmall,108,"{""base_estimator"": null, ""calibration_method"": ""sigmoid"", ""eps"": 1e-12, ""mode"": ""probability_correction"", ""n_cv_folds"": 3}",linear,0.5,0.5,0.5,True,0,,,0.6870416324726109,,,,,0.345,False,-0.1918502500337883,0.8673469387755102,1.0,0.999225,0.845,0.8165680473372781,0.8245033112582781,0.9992368220470557,0.845,,"invalid probability output (not in [0,1])",,"invalid probability output (not in [0,1])",,0.04699999999957072,success,
elkan_noto,sar-pi0.5-scalesmall,109,"{""base_estimator"": null, ""calibration_method"": ""sigmoid"", ""eps"": 1e-12, ""mode"": ""probability_correction"", ""n_cv_folds"": 3}",linear,0.5,0.5,0.5,True,0,,,0.6735566157142407,,,,,0.3275,False,-0.20576193832007783,0.8585858585858586,1.0,0.9982249999999999,0.8275,0.7915407854984894,0.8471760797342193,0.9985445925479037,0.8275,,"invalid probability output (not in [0,1])",,"invalid probability output (not in [0,1])",,0.03099999999994907,success,
elkan_noto,sar-pi0.5-scalesmall,110,"{""base_estimator"": null, ""calibration_method"": ""sigmoid"", ""eps"": 1e-12, ""mode"": ""probability_correction"", ""n_cv_folds"": 3}",linear,0.5,0.5,0.5,True,0,,,0.6752512501219936,,,,,0.355,False,-0.19378531073446326,0.8666666666666667,1.0,0.9994,0.855,0.8304093567251462,0.8271186440677966,0.9994222344340487,0.855,,"invalid probability output (not in [0,1])",,"invalid probability output (not in [0,1])",,0.032000000000152795,success,
elkan_noto,sar-pi0.5-scalesmall,111,"{""base_estimator"": null, ""calibration_method"": ""sigmoid"", ""eps"": 1e-12, ""mode"": ""probability_correction"", ""n_cv_folds"": 3}",linear,0.5,0.5,0.5,True,0,,,0.668439949136975,,,,,0.37,False,-0.21404132122647718,0.9019607843137255,1.0,0.999425,0.87,0.8505747126436781,0.8120805369127517,0.9994376373230579,0.87,,"invalid probability output (not in [0,1])",,"invalid probability output (not in [0,1])",,0.04700000000048021,success,
elkan_noto,sar-pi0.5-scalesmall,112,"{""base_estimator"": null, ""calibration_method"": ""sigmoid"", ""eps"": 1e-12, ""mode"": ""probability_correction"", ""n_cv_folds"": 3}",linear,0.5,0.5,0.5,True,0,,,0.6647301670270356,,,,,0.3575,False,-0.16023412331345094,0.8411214953271028,1.0,0.99895,0.8575,0.8338192419825073,0.8191126279863481,0.9989463714416202,0.8574999999999999,,"invalid probability output (not in [0,1])",,"invalid probability output (not in [0,1])",,0.03099999999994907,success,
elkan_noto,sar-pi0.5-scalesmall,113,"{""base_estimator"": null, ""calibration_method"": ""sigmoid"", ""eps"": 1e-12, ""mode"": ""probability_correction"", ""n_cv_folds"": 3}",linear,0.5,0.5,0.5,True,0,,,0.6404115383349553,,,,,0.36,False,-0.13535108958837772,0.8285714285714286,1.0,0.99945,0.86,0.8372093023255814,0.8067796610169492,0.9994529023917532,0.86,,"invalid probability output (not in [0,1])",,"invalid probability output (not in [0,1])",,0.03099999999994907,success,
elkan_noto,sar-pi0.5-scalesmall,114,"{""base_estimator"": null, ""calibration_method"": ""sigmoid"", ""eps"": 1e-12, ""mode"": ""probability_correction"", ""n_cv_folds"": 3}",linear,0.5,0.5,0.5,True,0,,,0.6769420131363119,,,,,0.36,False,-0.21283292978208235,0.8857142857142857,1.0,0.9983,0.86,0.8372093023255814,0.8271186440677966,0.9981251411328784,0.86,,"invalid probability output (not in [0,1])",,"invalid probability output (not in [0,1])",,0.03099999999994907,success,
elkan_noto,sar-pi0.5-scalesmall,115,"{""base_estimator"": null, ""calibration_method"": ""sigmoid"", ""eps"": 1e-12, ""mode"": ""probability_correction"", ""n_cv_folds"": 3}",linear,0.5,0.5,0.5,True,0,,,0.6510992572381715,,,,,0.3125,False,-0.1811123658949746,0.8369565217391305,1.0,0.9998,0.8125,0.7692307692307693,0.8441558441558441,0.9997974410884574,0.8125,,"invalid probability output (not in [0,1])",,"invalid probability output (not in [0,1])",,0.03099999999994907,success,
elkan_noto,sar-pi0.5-scalesmall,116,"{""base_estimator"": null, ""calibration_method"": ""sigmoid"", ""eps"": 1e-12, ""mode"": ""probability_correction"", ""n_cv_folds"": 3}",linear,0.5,0.5,0.5,True,0,,,0.6448140871193567,,,,,0.3625,False,-0.18462955652059482,0.8725490196078431,1.0,0.9988250000000001,0.8625,0.8405797101449275,0.8120805369127517,0.9989951995751113,0.8625,,"invalid probability output (not in [0,1])",,"invalid probability output (not in [0,1])",,0.03099999999994907,success,
elkan_noto,sar-pi0.5-scalesmall,117,"{""base_estimator"": null, ""calibration_method"": ""sigmoid"", ""eps"": 1e-12, ""mode"": ""probability_correction"", ""n_cv_folds"": 3}",linear,0.5,0.5,0.5,True,0,,,0.6402221360457115,,,,,0.345,False,-0.14693273451056443,0.8350515463917526,1.0,0.9972,0.845,0.8165680473372781,0.8118811881188119,0.9975750603599034,0.845,,"invalid probability output (not in [0,1])",,"invalid probability output (not in [0,1])",,0.03099999999994907,success,
elkan_noto,sar-pi0.5-scalesmall,118,"{""base_estimator"": null, ""calibration_method"": ""sigmoid"", ""eps"": 1e-12, ""mode"": ""probability_correction"", ""n_cv_folds"": 3}",linear,0.5,0.5,0.5,True,0,,,0.5978102437024531,,,,,0.365,False,-0.15924135757066304,0.8709677419354839,1.0,0.999725,0.865,0.8439306358381503,0.7882736156351792,0.999726138686712,0.865,,"invalid probability output (not in [0,1])",,"invalid probability output (not in [0,1])",,0.032000000000152795,success,
elkan_noto,sar-pi0.5-scalesmall,119,"{""base_estimator"": null, ""calibration_method"": ""sigmoid"", ""eps"": 1e-12, ""mode"": ""probability_correction"", ""n_cv_folds"": 3}",linear,0.5,0.5,0.5,True,0,,,0.6192126705354166,,,,,0.35,False,-0.18279794187178422,0.8723404255319149,1.0,0.9979,0.85,0.8235294117647058,0.8104575163398693,0.9982164382506111,0.85,,"invalid probability output (not in [0,1])",,"invalid probability output (not in [0,1])",,0.04699999999957072,success,
elkan_noto,sar-pi0.5-scalemid,100,"{""base_estimator"": null, ""calibration_method"": ""sigmoid"", ""eps"": 1e-12, ""mode"": ""probability_correction"", ""n_cv_folds"": 3}",linear,0.5,0.5,0.5,True,0,,,0.6572471082473187,,,,,0.3385,False,-0.17170830080666144,0.8463114754098361,1.0,0.9989,0.8385,0.8073941562313656,0.8253968253968254,0.9989781081884913,0.8385,,"invalid probability output (not in [0,1])",,"invalid probability output (not in [0,1])",,0.03099999999994907,success,
elkan_noto,sar-pi0.5-scalemid,101,"{""base_estimator"": null, ""calibration_method"": ""sigmoid"", ""eps"": 1e-12, ""mode"": ""probability_correction"", ""n_cv_folds"": 3}",linear,0.5,0.5,0.5,True,0,,,0.6573764515892285,,,,,0.333,False,-0.1537102858762729,0.8285123966942148,1.0,0.9993869999999999,0.833,0.7995198079231692,0.825197889182058,0.9993831778010487,0.833,,"invalid probability output (not in [0,1])",,"invalid probability output (not in [0,1])",,0.04700000000048021,success,
elkan_noto,sar-pi0.5-scalemid,102,"{""base_estimator"": null, ""calibration_method"": ""sigmoid"", ""eps"": 1e-12, ""mode"": ""probability_correction"", ""n_cv_folds"": 3}",linear,0.5,0.5,0.5,True,0,,,0.6643009289669599,,,,,0.364,False,-0.19704161354646793,0.8815533980582524,1.0,0.9992,0.864,0.8425925925925926,0.8154882154882155,0.9991883393366314,0.864,,"invalid probability output (not in [0,1])",,"invalid probability output (not in [0,1])",,0.046000000000276486,success,
elkan_noto,sar-pi0.5-scalemid,103,"{""base_estimator"": null, ""calibration_method"": ""sigmoid"", ""eps"": 1e-12, ""mode"": ""probability_correction"", ""n_cv_folds"": 3}",linear,0.5,0.5,0.5,True,0,,,0.6560590999436124,,,,,0.3375,False,-0.1913222843428395,0.8649789029535865,1.0,0.999296,0.8375,0.8059701492537313,0.8263433813892529,0.9993278743372784,0.8375,,"invalid probability output (not in [0,1])",,"invalid probability output (not in [0,1])",,0.06300000000010186,success,
elkan_noto,sar-pi0.5-scalemid,104,"{""base_estimator"": null, ""calibration_method"": ""sigmoid"", ""eps"": 1e-12, ""mode"": ""probability_correction"", ""n_cv_folds"": 3}",linear,0.5,0.5,0.5,True,0,,,0.6479067714175658,,,,,0.351,False,-0.14326449523589035,0.8356997971602435,1.0,0.999147,0.851,0.8249118683901293,0.807564698075647,0.9991582595716189,0.851,,"invalid probability output (not in [0,1])",,"invalid probability output (not in [0,1])",,0.04699999999957072,success,
elkan_noto,sar-pi0.5-scalemid,105,"{""base_estimator"": null, ""calibration_method"": ""sigmoid"", ""eps"": 1e-12, ""mode"": ""probability_correction"", ""n_cv_folds"": 3}",linear,0.5,0.5,0.5,True,0,,,0.6525156050140007,,,,,0.361,False,-0.1845131992190816,0.873015873015873,1.0,0.9992709999999999,0.861,0.8385598141695703,0.8114973262032086,0.9992624538178795,0.861,,"invalid probability output (not in [0,1])",,"invalid probability output (not in [0,1])",,0.04699999999957072,success,
elkan_noto,sar-pi0.5-scalemid,106,"{""base_estimator"": null, ""calibration_method"": ""sigmoid"", ""eps"": 1e-12, ""mode"": ""probability_correction"", ""n_cv_folds"": 3}",linear,0.5,0.5,0.5,True,0,,,0.6621576805726368,,,,,0.3575,False,-0.18974161406767853,0.8720472440944882,1.0,0.999234,0.8575,0.8338192419825073,0.8176943699731903,0.9992408502688048,0.8574999999999999,,"invalid probability output (not in [0,1])",,"invalid probability output (not in [0,1])",,0.04699999999957072,success,
elkan_noto,sar-pi0.5-scalemid,107,"{""base_estimator"": null, ""calibration_method"": ""sigmoid"", ""eps"": 1e-12, ""mode"": ""probability_correction"", ""n_cv_folds"": 3}",linear,0.5,0.5,0.5,True,0,,,0.6561160876018381,,,,,0.339,False,-0.18479466503351366,0.8577319587628865,1.0,0.999193,0.839,0.8081048867699643,0.8270627062706271,0.9991879194759467,0.839,,"invalid probability output (not in [0,1])",,"invalid probability output (not in [0,1])",,0.04699999999957072,success,
elkan_noto,sar-pi0.5-scalemid,108,"{""base_estimator"": null, ""calibration_method"": ""sigmoid"", ""eps"": 1e-12, ""mode"": ""probability_correction"", ""n_cv_folds"": 3}",linear,0.5,0.5,0.5,True,0,,,0.6643761618652758,,,,,0.3545,False,-0.16988443629013283,0.8532289628180039,1.0,0.999459,0.8545,0.8297249853715624,0.816655473472129,0.9994699167769371,0.8545,,"invalid probability output (not in [0,1])",,"invalid probability output (not in [0,1])",,0.04700000000048021,success,
elkan_noto,sar-pi0.5-scalemid,109,"{""base_estimator"": null, ""calibration_method"": ""sigmoid"", ""eps"": 1e-12, ""mode"": ""probability_correction"", ""n_cv_folds"": 3}",linear,0.5,0.5,0.5,True,0,,,0.6498759502434476,,,,,0.379,False,-0.17827345703382025,0.884313725490196,1.0,0.999592,0.879,0.8623435722411832,0.7939597315436242,0.9996147379537642,0.879,,"invalid probability output (not in [0,1])",,"invalid probability output (not in [0,1])",,0.03099999999994907,success,
elkan_noto,sar-pi0.5-scalemid,110,"{""base_estimator"": null, ""calibration_method"": ""sigmoid"", ""eps"": 1e-12, ""mode"": ""probability_correction"", ""n_cv_folds"": 3}",linear,0.5,0.5,0.5,True,0,,,0.6479209634955085,,,,,0.337,False,-0.1576735720785825,0.837160751565762,1.0,0.9993620000000001,0.837,0.8052568697729988,0.8205128205128205,0.9993769582343409,0.837,,"invalid probability output (not in [0,1])",,"invalid probability output (not in [0,1])",,0.04699999999957072,success,
elkan_noto,sar-pi0.5-scalemid,111,"{""base_estimator"": null, ""calibration_method"": ""sigmoid"", ""eps"": 1e-12, ""mode"": ""probability_correction"", ""n_cv_folds"": 3}",linear,0.5,0.5,0.5,True,0,,,0.6770465703767439,,,,,0.353,False,-0.17691476971114284,0.8549323017408124,1.0,0.999344,0.853,0.8276670574443142,0.8219824679703304,0.9993399124677396,0.853,,"invalid probability output (not in [0,1])",,"invalid probability output (not in [0,1])",,0.04699999999957072,success,
elkan_noto,sar-pi0.5-scalemid,112,"{""base_estimator"": null, ""calibration_method"": ""sigmoid"", ""eps"": 1e-12, ""mode"": ""probability_correction"", ""n_cv_folds"": 3}",linear,0.5,0.5,0.5,True,0,,,0.6667273581514862,,,,,0.3385,False,-0.15981039807824293,0.8346774193548387,1.0,0.999232,0.8385,0.8073941562313656,0.8251329787234043,0.9992563811012015,0.8385,,"invalid probability output (not in [0,1])",,"invalid probability output (not in [0,1])",,0.04700000000048021,success,
elkan_noto,sar-pi0.5-scalemid,113,"{""base_estimator"": null, ""calibration_method"": ""sigmoid"", ""eps"": 1e-12, ""mode"": ""probability_correction"", ""n_cv_folds"": 3}",linear,0.5,0.5,0.5,True,0,,,0.6589170433936831,,,,,0.353,False,-0.17866666666666664,0.862,1.0,0.9984280000000001,0.853,0.8276670574443142,0.8166666666666667,0.9986688869225955,0.853,,"invalid probability output (not in [0,1])",,"invalid probability output (not in [0,1])",,0.046000000000276486,success,
elkan_noto,sar-pi0.5-scalemid,114,"{""base_estimator"": null, ""calibration_method"": ""sigmoid"", ""eps"": 1e-12, ""mode"": ""probability_correction"", ""n_cv_folds"": 3}",linear,0.5,0.5,0.5,True,0,,,0.6674546115615823,,,,,0.3475,False,-0.1958554016761037,0.8697394789579158,1.0,0.99844,0.8465,0.8188790560471977,0.8261159227181879,0.9982177065534076,0.8465,,"invalid probability output (not in [0,1])",,"invalid probability output (not in [0,1])",,0.04699999999957072,success,
elkan_noto,sar-pi0.5-scalemid,115,"{""base_estimator"": null, ""calibration_method"": ""sigmoid"", ""eps"": 1e-12, ""mode"": ""probability_correction"", ""n_cv_folds"": 3}",linear,0.5,0.5,0.5,True,0,,,0.6636777724177898,,,,,0.351,False,-0.16800000000000004,0.852,1.0,0.999139,0.851,0.8249118683901293,0.816,0.9991627153382502,0.851,,"invalid probability output (not in [0,1])",,"invalid probability output (not in [0,1])",,0.03099999999994907,success,
elkan_noto,sar-pi0.5-scalemid,116,"{""base_estimator"": null, ""calibration_method"": ""sigmoid"", ""eps"": 1e-12, ""mode"": ""probability_correction"", ""n_cv_folds"": 3}",linear,0.5,0.5,0.5,True,0,,,0.6589636011353214,,,,,0.3515,False,-0.18066666666666664,0.862,1.0,0.999537,0.8515,0.8256018790369936,0.8186666666666667,0.9995713877728137,0.8514999999999999,,"invalid probability output (not in [0,1])",,"invalid probability output (not in [0,1])",,0.04700000000048021,success,
elkan_noto,sar-pi0.5-scalemid,117,"{""base_estimator"": null, ""calibration_method"": ""sigmoid"", ""eps"": 1e-12, ""mode"": ""probability_correction"", ""n_cv_folds"": 3}",linear,0.5,0.5,0.5,True,0,,,0.6612812724420357,,,,,0.366,False,-0.1844461444189015,0.8728323699421965,1.0,0.998638,0.866,0.8452655889145496,0.8116137744767049,0.9986841090393621,0.866,,"invalid probability output (not in [0,1])",,"invalid probability output (not in [0,1])",,0.04700000000048021,success,
elkan_noto,sar-pi0.5-scalemid,118,"{""base_estimator"": null, ""calibration_method"": ""sigmoid"", ""eps"": 1e-12, ""mode"": ""probability_correction"", ""n_cv_folds"": 3}",linear,0.5,0.5,0.5,True,0,,,0.6670773793736616,,,,,0.345,False,-0.19447045183806977,0.8648111332007953,1.0,0.999485,0.845,0.8165680473372781,0.8296593186372746,0.9994780696387036,0.845,,"invalid probability output (not in [0,1])",,"invalid probability output (not in [0,1])",,0.03099999999994907,success,
elkan_noto,sar-pi0.5-scalemid,119,"{""base_estimator"": null, ""calibration_method"": ""sigmoid"", ""eps"": 1e-12, ""mode"": ""probability_correction"", ""n_cv_folds"": 3}",linear,0.5,0.5,0.5,True,0,,,0.6390638591612203,,,,,0.356,False,-0.15025003378834978,0.8469387755102041,1.0,0.999098,0.856,0.8317757009345794,0.8033112582781456,0.9991110588748582,0.856,,"invalid probability output (not in [0,1])",,"invalid probability output (not in [0,1])",,0.04699999999957072,success,
