algorithm,scenario,seed,params,mechanism,class_prior,label_frequency,real_h,pi_h_well_conditioned,warning_count,diag_converged,diag_n_iter,diag_c_estimate,diag_cond_number,diag_correction_fraction,diag_n_epochs,diag_n_acs_iter,pred_positive_rate,degenerate_prediction,pu_zero_one_risk,pu_recall,pu_estimated_precision,pu_auc_roc,pu_accuracy,pu_f1,pu_negative_rate,average_precision,balanced_accuracy,brier_score,brier_score_unavailable_reason,expected_calibration_error,expected_calibration_error_unavailable_reason,ece_buckets_api,elapsed_seconds,status,failure_reason
nnpu,scar-pi0.1-scalesmall,100,"{""batch_size"": 256, ""beta"": 0.1, ""device"": null, ""gamma"": 1.0, ""loss"": ""sigmoid"", ""max_epochs"": 200, ""model"": null, ""optimizer"": null, ""patience"": 20}",scar,0.1,0.5,0.5,True,0,,,,,0.0,,,0.1175,False,-0.013358198646221855,0.9473684210526315,0.8062709966405376,0.9960416666666667,0.9725,0.8735632183908046,0.9238845144356955,0.9724305548837715,0.9624999999999999,,requires predict_proba,,requires predict_proba,,2.936999999999898,success,
nnpu,scar-pi0.1-scalesmall,101,"{""batch_size"": 256, ""beta"": 0.1, ""device"": null, ""gamma"": 1.0, ""loss"": ""sigmoid"", ""max_epochs"": 200, ""model"": null, ""optimizer"": null, ""patience"": 20}",scar,0.1,0.5,0.5,True,0,,,,,0.0,,,0.1225,False,-0.01884816753926702,1.0,0.8163265306122449,0.997361111111111,0.9775,0.898876404494382,0.918848167539267,0.9745792097968733,0.9875,,requires predict_proba,,requires predict_proba,,0.7970000000004802,success,
nnpu,scar-pi0.1-scalesmall,102,"{""batch_size"": 256, ""beta"": 0.1, ""device"": null, ""gamma"": 1.0, ""loss"": ""sigmoid"", ""max_epochs"": 200, ""model"": null, ""optimizer"": null, ""patience"": 20}",scar,0.1,0.5,0.5,True,0,,,,,0.0,,,0.105,False,-0.03242869707249654,0.9523809523809523,0.9070294784580498,0.9927083333333333,0.98,0.9024390243902439,0.941952506596306,0.9636204969954253,0.9555555555555556,,requires predict_proba,,requires predict_proba,,1.0,success,
nnpu,scar-pi0.1-scalesmall,103,"{""batch_size"": 256, ""beta"": 0.1, ""device"": null, ""gamma"": 1.0, ""loss"": ""sigmoid"", ""max_epochs"": 200, ""model"": null, ""optimizer"": null, ""patience"": 20}",scar,0.1,0.5,0.5,True,0,,,,,0.0,,,0.11,False,-0.01733333333333334,0.88,0.8,0.9945138888888889,0.97,0.8571428571428571,0.9413333333333334,0.9605114295858144,0.9388888888888889,,requires predict_proba,,requires predict_proba,,0.7819999999992433,success,
nnpu,scar-pi0.1-scalesmall,104,"{""batch_size"": 256, ""beta"": 0.1, ""device"": null, ""gamma"": 1.0, ""loss"": ""sigmoid"", ""max_epochs"": 200, ""model"": null, ""optimizer"": null, ""patience"": 20}",scar,0.1,0.5,0.5,True,0,,,,,0.0,,,0.065,False,-0.0013333333333333391,0.64,0.9846153846153846,0.9957638888888889,0.965,0.7878787878787878,0.9733333333333334,0.9717581271954734,0.825,,requires predict_proba,,requires predict_proba,,0.8910000000014406,success,
nnpu,scar-pi0.1-scalesmall,105,"{""batch_size"": 256, ""beta"": 0.1, ""device"": null, ""gamma"": 1.0, ""loss"": ""sigmoid"", ""max_epochs"": 200, ""model"": null, ""optimizer"": null, ""patience"": 20}",scar,0.1,0.5,0.5,True,0,,,,,0.0,,,0.0975,False,-0.04133333333333334,0.92,0.9435897435897437,0.999375,0.9925,0.9620253164556962,0.9573333333333334,0.9946426380636906,0.9736111111111111,,requires predict_proba,,requires predict_proba,,0.7819999999992433,success,
nnpu,scar-pi0.1-scalesmall,106,"{""batch_size"": 256, ""beta"": 0.1, ""device"": null, ""gamma"": 1.0, ""loss"": ""sigmoid"", ""max_epochs"": 200, ""model"": null, ""optimizer"": null, ""patience"": 20}",scar,0.1,0.5,0.5,True,0,,,,,0.0,,,0.0825,False,0.009999999999999995,0.7,0.8484848484848484,0.9818055555555556,0.9525,0.7397260273972602,0.95,0.8717640905283477,0.8291666666666666,,requires predict_proba,,requires predict_proba,,0.7810000000008586,success,
nnpu,scar-pi0.1-scalesmall,107,"{""batch_size"": 256, ""beta"": 0.1, ""device"": null, ""gamma"": 1.0, ""loss"": ""sigmoid"", ""max_epochs"": 200, ""model"": null, ""optimizer"": null, ""patience"": 20}",scar,0.1,0.5,0.5,True,0,,,,,0.0,,,0.08,False,-0.022164048865619554,0.8333333333333334,1.0,0.9871527777777778,0.975,0.8611111111111112,0.9554973821989529,0.9307331739577639,0.8861111111111111,,requires predict_proba,,requires predict_proba,,0.7960000000002765,success,
nnpu,scar-pi0.1-scalesmall,108,"{""batch_size"": 256, ""beta"": 0.1, ""device"": null, ""gamma"": 1.0, ""loss"": ""sigmoid"", ""max_epochs"": 200, ""model"": null, ""optimizer"": null, ""patience"": 20}",scar,0.1,0.5,0.5,True,0,,,,,0.0,,,0.1075,False,-0.04444444444444445,1.0,0.930232558139535,0.9998611111111111,0.9925,0.963855421686747,0.9444444444444444,0.998765243902439,0.9958333333333333,,requires predict_proba,,requires predict_proba,,0.8289999999997235,success,
nnpu,scar-pi0.1-scalesmall,109,"{""batch_size"": 256, ""beta"": 0.1, ""device"": null, ""gamma"": 1.0, ""loss"": ""sigmoid"", ""max_epochs"": 200, ""model"": null, ""optimizer"": null, ""patience"": 20}",scar,0.1,0.5,0.5,True,0,,,,,0.0,,,0.0775,False,-0.03469513131623407,0.8823529411764706,1.0,0.9845138888888889,0.9675,0.8169014084507042,0.95822454308094,0.9103830812984288,0.8597222222222223,,requires predict_proba,,requires predict_proba,,0.8119999999998981,success,
nnpu,scar-pi0.1-scalesmall,110,"{""batch_size"": 256, ""beta"": 0.1, ""device"": null, ""gamma"": 1.0, ""loss"": ""sigmoid"", ""max_epochs"": 200, ""model"": null, ""optimizer"": null, ""patience"": 20}",scar,0.1,0.5,0.5,True,0,,,,,0.0,,,0.115,False,-0.05161290322580646,1.0,0.8695652173913043,0.999375,0.985,0.9302325581395349,0.9516129032258065,0.994562204930932,0.9916666666666667,,requires predict_proba,,requires predict_proba,,0.9380000000001019,success,
nnpu,scar-pi0.1-scalesmall,111,"{""batch_size"": 256, ""beta"": 0.1, ""device"": null, ""gamma"": 1.0, ""loss"": ""sigmoid"", ""max_epochs"": 200, ""model"": null, ""optimizer"": null, ""patience"": 20}",scar,0.1,0.5,0.5,True,0,,,,,0.0,,,0.1375,False,-0.005511811023622054,1.0,0.7272727272727273,0.9754861111111112,0.9475,0.7789473684210526,0.905511811023622,0.9062846484701925,0.9375,,requires predict_proba,,requires predict_proba,,0.7960000000002765,success,
nnpu,scar-pi0.1-scalesmall,112,"{""batch_size"": 256, ""beta"": 0.1, ""device"": null, ""gamma"": 1.0, ""loss"": ""sigmoid"", ""max_epochs"": 200, ""model"": null, ""optimizer"": null, ""patience"": 20}",scar,0.1,0.5,0.5,True,0,,,,,0.0,,,0.105,False,-0.02266666666666667,0.88,0.8380952380952382,0.9932638888888888,0.97,0.8536585365853658,0.9466666666666667,0.9517899490544581,0.9277777777777778,,requires predict_proba,,requires predict_proba,,0.8130000000001019,success,
nnpu,scar-pi0.1-scalesmall,113,"{""batch_size"": 256, ""beta"": 0.1, ""device"": null, ""gamma"": 1.0, ""loss"": ""sigmoid"", ""max_epochs"": 200, ""model"": null, ""optimizer"": null, ""patience"": 20}",scar,0.1,0.5,0.5,True,0,,,,,0.0,,,0.095,False,-0.0341991341991342,0.9090909090909091,0.9569377990430622,0.9983333333333333,0.99,0.9487179487179487,0.9523809523809523,0.9891971544715445,0.9611111111111111,,requires predict_proba,,requires predict_proba,,0.7970000000004802,success,
nnpu,scar-pi0.1-scalesmall,114,"{""batch_size"": 256, ""beta"": 0.1, ""device"": null, ""gamma"": 1.0, ""loss"": ""sigmoid"", ""max_epochs"": 200, ""model"": null, ""optimizer"": null, ""patience"": 20}",scar,0.1,0.5,0.5,True,0,,,,,0.0,,,0.1075,False,-0.03700787401574804,1.0,0.930232558139535,0.9995833333333334,0.9925,0.963855421686747,0.937007874015748,0.9960962034044512,0.9958333333333333,,requires predict_proba,,requires predict_proba,,0.7969999999986612,success,
nnpu,scar-pi0.1-scalesmall,115,"{""batch_size"": 256, ""beta"": 0.1, ""device"": null, ""gamma"": 1.0, ""loss"": ""sigmoid"", ""max_epochs"": 200, ""model"": null, ""optimizer"": null, ""patience"": 20}",scar,0.1,0.5,0.5,True,0,,,,,0.0,,,0.1075,False,0.011012133312855166,0.8235294117647058,0.7660738714090287,0.9911111111111112,0.9625,0.8192771084337349,0.9242819843342036,0.9386752932354225,0.9125,,requires predict_proba,,requires predict_proba,,0.7659999999996217,success,
nnpu,scar-pi0.1-scalesmall,116,"{""batch_size"": 256, ""beta"": 0.1, ""device"": null, ""gamma"": 1.0, ""loss"": ""sigmoid"", ""max_epochs"": 200, ""model"": null, ""optimizer"": null, ""patience"": 20}",scar,0.1,0.5,0.5,True,0,,,,,0.0,,,0.085,False,-0.002733248760235271,0.7391304347826086,0.8695652173913043,0.99625,0.98,0.8918918918918919,0.9549071618037135,0.9713094278006845,0.9111111111111111,,requires predict_proba,,requires predict_proba,,0.8119999999998981,success,
nnpu,scar-pi0.1-scalesmall,117,"{""batch_size"": 256, ""beta"": 0.1, ""device"": null, ""gamma"": 1.0, ""loss"": ""sigmoid"", ""max_epochs"": 200, ""model"": null, ""optimizer"": null, ""patience"": 20}",scar,0.1,0.5,0.5,True,0,,,,,0.0,,,0.09,False,-0.01592761431136898,0.8421052631578947,0.9356725146198831,0.9929861111111111,0.975,0.868421052631579,0.94750656167979,0.9544880566880358,0.9083333333333333,,requires predict_proba,,requires predict_proba,,0.9220000000004802,success,
nnpu,scar-pi0.1-scalesmall,118,"{""batch_size"": 256, ""beta"": 0.1, ""device"": null, ""gamma"": 1.0, ""loss"": ""sigmoid"", ""max_epochs"": 200, ""model"": null, ""optimizer"": null, ""patience"": 20}",scar,0.1,0.5,0.5,True,0,,,,,0.0,,,0.125,False,-0.02105263157894738,1.0,0.8,0.9950694444444446,0.97,0.8666666666666667,0.9210526315789473,0.9729365515834312,0.9722222222222222,,requires predict_proba,,requires predict_proba,,0.7960000000002765,success,
nnpu,scar-pi0.1-scalesmall,119,"{""batch_size"": 256, ""beta"": 0.1, ""device"": null, ""gamma"": 1.0, ""loss"": ""sigmoid"", ""max_epochs"": 200, ""model"": null, ""optimizer"": null, ""patience"": 20}",scar,0.1,0.5,0.5,True,0,,,,,0.0,,,0.1075,False,0.02051948051948052,0.8,0.744186046511628,0.9904861111111112,0.9625,0.8192771084337349,0.9194805194805195,0.925026284892469,0.9125,,requires predict_proba,,requires predict_proba,,0.8130000000001019,success,
nnpu,scar-pi0.1-scalemid,100,"{""batch_size"": 256, ""beta"": 0.1, ""device"": null, ""gamma"": 1.0, ""loss"": ""sigmoid"", ""max_epochs"": 200, ""model"": null, ""optimizer"": null, ""patience"": 20}",scar,0.1,0.5,0.5,True,0,,,,,0.0,,,0.098,False,-0.036773774748458304,0.9423076923076923,0.9615384615384615,0.9988555555555555,0.991,0.9545454545454546,0.9483122362869199,0.9913492950079595,0.9705555555555555,,requires predict_proba,,requires predict_proba,,3.3909999999996217,success,
nnpu,scar-pi0.1-scalemid,101,"{""batch_size"": 256, ""beta"": 0.1, ""device"": null, ""gamma"": 1.0, ""loss"": ""sigmoid"", ""max_epochs"": 200, ""model"": null, ""optimizer"": null, ""patience"": 20}",scar,0.1,0.5,0.5,True,0,,,,,0.0,,,0.103,False,-0.03593355808086446,0.9787234042553191,0.9502168973352614,0.9990583333333334,0.991,0.9556650246305419,0.9401888772298006,0.9932064338850695,0.9816666666666667,,requires predict_proba,,requires predict_proba,,3.6560000000008586,success,
nnpu,scar-pi0.1-scalemid,102,"{""batch_size"": 256, ""beta"": 0.1, ""device"": null, ""gamma"": 1.0, ""loss"": ""sigmoid"", ""max_epochs"": 200, ""model"": null, ""optimizer"": null, ""patience"": 20}",scar,0.1,0.5,0.5,True,0,,,,,0.0,,,0.102,False,-0.035004868549172355,0.9519230769230769,0.9332579185520362,0.9994861111111111,0.992,0.9603960396039604,0.944620253164557,0.995613056722706,0.9822222222222222,,requires predict_proba,,requires predict_proba,,3.3909999999996217,success,
nnpu,scar-pi0.1-scalemid,103,"{""batch_size"": 256, ""beta"": 0.1, ""device"": null, ""gamma"": 1.0, ""loss"": ""sigmoid"", ""max_epochs"": 200, ""model"": null, ""optimizer"": null, ""patience"": 20}",scar,0.1,0.5,0.5,True,0,,,,,0.0,,,0.098,False,-0.046901547164502067,0.9724770642201835,0.9923235349185546,0.9986333333333334,0.995,0.9747474747474747,0.9524061343204654,0.9937093713026759,0.9816666666666667,,requires predict_proba,,requires predict_proba,,3.4690000000009604,success,
nnpu,scar-pi0.1-scalemid,104,"{""batch_size"": 256, ""beta"": 0.1, ""device"": null, ""gamma"": 1.0, ""loss"": ""sigmoid"", ""max_epochs"": 200, ""model"": null, ""optimizer"": null, ""patience"": 20}",scar,0.1,0.5,0.5,True,0,,,,,0.0,,,0.094,False,-0.037910139156870075,0.9320388349514563,0.9915306754802727,0.9986194444444444,0.992,0.9587628865979382,0.9515023721665788,0.9913583962940181,0.9644444444444444,,requires predict_proba,,requires predict_proba,,3.4069999999992433,success,
nnpu,scar-pi0.1-scalemid,105,"{""batch_size"": 256, ""beta"": 0.1, ""device"": null, ""gamma"": 1.0, ""loss"": ""sigmoid"", ""max_epochs"": 200, ""model"": null, ""optimizer"": null, ""patience"": 20}",scar,0.1,0.5,0.5,True,0,,,,,0.0,,,0.097,False,-0.03560214142797917,0.9655172413793104,0.9953785993601139,0.9992194444444444,0.991,0.9543147208121827,0.9424986931521171,0.9936542988513051,0.9683333333333333,,requires predict_proba,,requires predict_proba,,3.4060000000008586,success,
nnpu,scar-pi0.1-scalemid,106,"{""batch_size"": 256, ""beta"": 0.1, ""device"": null, ""gamma"": 1.0, ""loss"": ""sigmoid"", ""max_epochs"": 200, ""model"": null, ""optimizer"": null, ""patience"": 20}",scar,0.1,0.5,0.5,True,0,,,,,0.0,,,0.0945,False,-0.04790780141843972,0.9416666666666667,0.9964726631393299,0.9990138888888889,0.9895,0.9460154241645244,0.9595744680851064,0.992220875459932,0.9586111111111111,,requires predict_proba,,requires predict_proba,,3.436999999999898,success,
nnpu,scar-pi0.1-scalemid,107,"{""batch_size"": 256, ""beta"": 0.1, ""device"": null, ""gamma"": 1.0, ""loss"": ""sigmoid"", ""max_epochs"": 200, ""model"": null, ""optimizer"": null, ""patience"": 20}",scar,0.1,0.5,0.5,True,0,,,,,0.0,,,0.094,False,-0.030142854296587043,0.8962264150943396,0.9534323564833401,0.998175,0.988,0.9381443298969072,0.9508975712777191,0.9889168161584396,0.9533333333333334,,requires predict_proba,,requires predict_proba,,3.4840000000003783,success,
nnpu,scar-pi0.1-scalemid,108,"{""batch_size"": 256, ""beta"": 0.1, ""device"": null, ""gamma"": 1.0, ""loss"": ""sigmoid"", ""max_epochs"": 200, ""model"": null, ""optimizer"": null, ""patience"": 20}",scar,0.1,0.5,0.5,True,0,,,,,0.0,,,0.099,False,-0.03958985289059549,0.978494623655914,0.9883784077332465,0.9995333333333334,0.993,0.964824120603015,0.9438909281594127,0.996154498991511,0.9783333333333333,,requires predict_proba,,requires predict_proba,,3.4689999999991414,success,
nnpu,scar-pi0.1-scalemid,109,"{""batch_size"": 256, ""beta"": 0.1, ""device"": null, ""gamma"": 1.0, ""loss"": ""sigmoid"", ""max_epochs"": 200, ""model"": null, ""optimizer"": null, ""patience"": 20}",scar,0.1,0.5,0.5,True,0,,,,,0.0,,,0.0925,False,-0.034821353634393315,0.9065420560747663,0.9800454660267744,0.9984055555555555,0.9895,0.9454545454545454,0.9535129424194401,0.9904786978425089,0.9541666666666666,,requires predict_proba,,requires predict_proba,,2.1559999999990396,success,
nnpu,scar-pi0.1-scalemid,110,"{""batch_size"": 256, ""beta"": 0.1, ""device"": null, ""gamma"": 1.0, ""loss"": ""sigmoid"", ""max_epochs"": 200, ""model"": null, ""optimizer"": null, ""patience"": 20}",scar,0.1,0.5,0.5,True,0,,,,,0.0,,,0.1045,False,-0.030582643858415803,0.9770114942528736,0.9349392289501184,0.9990472222222222,0.9895,0.9486552567237164,0.9351803450078411,0.9932830072174763,0.9808333333333333,,requires predict_proba,,requires predict_proba,,3.5159999999996217,success,
nnpu,scar-pi0.1-scalemid,111,"{""batch_size"": 256, ""beta"": 0.1, ""device"": null, ""gamma"": 1.0, ""loss"": ""sigmoid"", ""max_epochs"": 200, ""model"": null, ""optimizer"": null, ""patience"": 20}",scar,0.1,0.5,0.5,True,0,,,,,0.0,,,0.101,False,-0.043947732127151654,0.9809523809523809,0.9712399811409712,0.9990166666666667,0.993,0.9651741293532339,0.9477572559366755,0.9910266066391389,0.9827777777777778,,requires predict_proba,,requires predict_proba,,3.640000000001237,success,
nnpu,scar-pi0.1-scalemid,112,"{""batch_size"": 256, ""beta"": 0.1, ""device"": null, ""gamma"": 1.0, ""loss"": ""sigmoid"", ""max_epochs"": 200, ""model"": null, ""optimizer"": null, ""patience"": 20}",scar,0.1,0.5,0.5,True,0,,,,,0.0,,,0.099,False,-0.03889332061168203,0.9603960396039604,0.9700970097009701,0.9991583333333334,0.994,0.9698492462311558,0.94681411269089,0.9943165470267469,0.981111111111111,,requires predict_proba,,requires predict_proba,,3.3909999999996217,success,
nnpu,scar-pi0.1-scalemid,113,"{""batch_size"": 256, ""beta"": 0.1, ""device"": null, ""gamma"": 1.0, ""loss"": ""sigmoid"", ""max_epochs"": 200, ""model"": null, ""optimizer"": null, ""patience"": 20}",scar,0.1,0.5,0.5,True,0,,,,,0.0,,,0.1,False,-0.03899104871769939,0.9611650485436893,0.9611650485436893,0.9989222222222223,0.993,0.965,0.9467580390089615,0.9913154529136841,0.9805555555555555,,requires predict_proba,,requires predict_proba,,3.3910000000014406,success,
nnpu,scar-pi0.1-scalemid,114,"{""batch_size"": 256, ""beta"": 0.1, ""device"": null, ""gamma"": 1.0, ""loss"": ""sigmoid"", ""max_epochs"": 200, ""model"": null, ""optimizer"": null, ""patience"": 20}",scar,0.1,0.5,0.5,True,0,,,,,0.0,,,0.102,False,-0.049316193925859356,0.9829059829059829,0.9636333165744931,0.9992083333333333,0.993,0.9653465346534653,0.9527349973446628,0.993152342164715,0.985,,requires predict_proba,,requires predict_proba,,3.32799999999952,success,
nnpu,scar-pi0.1-scalemid,115,"{""batch_size"": 256, ""beta"": 0.1, ""device"": null, ""gamma"": 1.0, ""loss"": ""sigmoid"", ""max_epochs"": 200, ""model"": null, ""optimizer"": null, ""patience"": 20}",scar,0.1,0.5,0.5,True,0,,,,,0.0,,,0.1,False,-0.04128194874377318,0.9626168224299065,0.9626168224299065,0.998575,0.992,0.96,0.9487585842577919,0.9909125241744917,0.9777777777777777,,requires predict_proba,,requires predict_proba,,3.4060000000008586,success,
nnpu,scar-pi0.1-scalemid,116,"{""batch_size"": 256, ""beta"": 0.1, ""device"": null, ""gamma"": 1.0, ""loss"": ""sigmoid"", ""max_epochs"": 200, ""model"": null, ""optimizer"": null, ""patience"": 20}",scar,0.1,0.5,0.5,True,0,,,,,0.0,,,0.098,False,-0.03624301935716981,0.9494949494949495,0.968872397443826,0.9994222222222222,0.994,0.9696969696969697,0.9463440294581799,0.9954293950052459,0.9788888888888889,,requires predict_proba,,requires predict_proba,,3.436999999999898,success,
nnpu,scar-pi0.1-scalemid,117,"{""batch_size"": 256, ""beta"": 0.1, ""device"": null, ""gamma"": 1.0, ""loss"": ""sigmoid"", ""max_epochs"": 200, ""model"": null, ""optimizer"": null, ""patience"": 20}",scar,0.1,0.5,0.5,True,0,,,,,0.0,,,0.0985,False,-0.039689367303931404,0.9690721649484536,0.9838296090847245,0.9992527777777778,0.9945,0.9722921914357683,0.9458749343142406,0.9941355833130252,0.9813888888888889,,requires predict_proba,,requires predict_proba,,3.4689999999991414,success,
nnpu,scar-pi0.1-scalemid,118,"{""batch_size"": 256, ""beta"": 0.1, ""device"": null, ""gamma"": 1.0, ""loss"": ""sigmoid"", ""max_epochs"": 200, ""model"": null, ""optimizer"": null, ""patience"": 20}",scar,0.1,0.5,0.5,True,0,,,,,0.0,,,0.101,False,-0.04287454386333046,0.9805825242718447,0.9708737864077669,0.9996611111111111,0.994,0.9701492537313433,0.9467580390089615,0.9969207080474884,0.9855555555555555,,requires predict_proba,,requires predict_proba,,3.390000000001237,success,
nnpu,scar-pi0.1-scalemid,119,"{""batch_size"": 256, ""beta"": 0.1, ""device"": null, ""gamma"": 1.0, ""loss"": ""sigmoid"", ""max_epochs"": 200, ""model"": null, ""optimizer"": null, ""patience"": 20}",scar,0.1,0.5,0.5,True,0,,,,,0.0,,,0.0945,False,-0.026984390109131104,0.9052631578947369,0.9579504316346422,0.9979611111111111,0.9875,0.9357326478149101,0.9459317585301837,0.9875333223402525,0.9530555555555555,,requires predict_proba,,requires predict_proba,,3.4059999999990396,success,
nnpu,scar-pi0.3-scalesmall,100,"{""batch_size"": 256, ""beta"": 0.1, ""device"": null, ""gamma"": 1.0, ""loss"": ""sigmoid"", ""max_epochs"": 200, ""model"": null, ""optimizer"": null, ""patience"": 20}",scar,0.3,0.5,0.5,True,0,,,,,0.0,,,0.2925,False,-0.061141359144988916,0.9137931034482759,0.9372236958443856,0.9923511904761905,0.9575,0.9282700421940928,0.8128654970760234,0.9837371845535041,0.9458333333333333,,requires predict_proba,,requires predict_proba,,0.7809999999990396,success,
nnpu,scar-pi0.3-scalesmall,101,"{""batch_size"": 256, ""beta"": 0.1, ""device"": null, ""gamma"": 1.0, ""loss"": ""sigmoid"", ""max_epochs"": 200, ""model"": null, ""optimizer"": null, ""patience"": 20}",scar,0.3,0.5,0.5,True,0,,,,,0.0,,,0.32,False,-0.08705882352941174,0.9833333333333333,0.9218749999999999,0.9963988095238095,0.975,0.9596774193548387,0.7970588235294118,0.9908355778345697,0.9797619047619048,,requires predict_proba,,requires predict_proba,,0.7970000000004802,success,
nnpu,scar-pi0.3-scalesmall,102,"{""batch_size"": 256, ""beta"": 0.1, ""device"": null, ""gamma"": 1.0, ""loss"": ""sigmoid"", ""max_epochs"": 200, ""model"": null, ""optimizer"": null, ""patience"": 20}",scar,0.3,0.5,0.5,True,0,,,,,0.0,,,0.2975,False,-0.10068511198945981,0.9818181818181818,0.9900687547746372,0.9972619047619048,0.9825,0.9707112970711297,0.8115942028985508,0.9946906488558096,0.9779761904761906,,requires predict_proba,,requires predict_proba,,0.7970000000004802,success,
nnpu,scar-pi0.3-scalesmall,103,"{""batch_size"": 256, ""beta"": 0.1, ""device"": null, ""gamma"": 1.0, ""loss"": ""sigmoid"", ""max_epochs"": 200, ""model"": null, ""optimizer"": null, ""patience"": 20}",scar,0.3,0.5,0.5,True,0,,,,,0.0,,,0.29,False,-0.0994220412452384,0.927536231884058,0.9595202398800601,0.9960119047619047,0.96,0.9322033898305084,0.8429003021148036,0.9908472569799681,0.9476190476190476,,requires predict_proba,,requires predict_proba,,0.9369999999998981,success,
nnpu,scar-pi0.3-scalesmall,104,"{""batch_size"": 256, ""beta"": 0.1, ""device"": null, ""gamma"": 1.0, ""loss"": ""sigmoid"", ""max_epochs"": 200, ""model"": null, ""optimizer"": null, ""patience"": 20}",scar,0.3,0.5,0.5,True,0,,,,,0.0,,,0.2075,False,-0.03859931113662457,0.7384615384615385,1.0,0.995297619047619,0.9075,0.8177339901477833,0.8955223880597015,0.9897810096312585,0.8458333333333333,,requires predict_proba,,requires predict_proba,,0.8280000000013388,success,
nnpu,scar-pi0.3-scalesmall,105,"{""batch_size"": 256, ""beta"": 0.1, ""device"": null, ""gamma"": 1.0, ""loss"": ""sigmoid"", ""max_epochs"": 200, ""model"": null, ""optimizer"": null, ""patience"": 20}",scar,0.3,0.5,0.5,True,0,,,,,0.0,,,0.2925,False,-0.08058823529411763,0.9333333333333333,0.9572649572649572,0.9987797619047618,0.9825,0.9704641350210971,0.8205882352941176,0.9974090162132132,0.9755952380952382,,requires predict_proba,,requires predict_proba,,0.7969999999986612,success,
nnpu,scar-pi0.3-scalesmall,106,"{""batch_size"": 256, ""beta"": 0.1, ""device"": null, ""gamma"": 1.0, ""loss"": ""sigmoid"", ""max_epochs"": 200, ""model"": null, ""optimizer"": null, ""patience"": 20}",scar,0.3,0.5,0.5,True,0,,,,,0.0,,,0.265,False,-0.018190494369154375,0.8064516129032258,0.9129640900791234,0.9801785714285715,0.93,0.8761061946902655,0.834319526627219,0.960368751751192,0.8999999999999999,,requires predict_proba,,requires predict_proba,,0.8130000000001019,success,
nnpu,scar-pi0.3-scalesmall,107,"{""batch_size"": 256, ""beta"": 0.1, ""device"": null, ""gamma"": 1.0, ""loss"": ""sigmoid"", ""max_epochs"": 200, ""model"": null, ""optimizer"": null, ""patience"": 20}",scar,0.3,0.5,0.5,True,0,,,,,0.0,,,0.26,False,-0.06420454545454543,0.8958333333333334,1.0,0.994702380952381,0.955,0.9196428571428571,0.8267045454545454,0.988808034680688,0.9273809523809524,,requires predict_proba,,requires predict_proba,,0.7810000000008586,success,
nnpu,scar-pi0.3-scalesmall,108,"{""batch_size"": 256, ""beta"": 0.1, ""device"": null, ""gamma"": 1.0, ""loss"": ""sigmoid"", ""max_epochs"": 200, ""model"": null, ""optimizer"": null, ""patience"": 20}",scar,0.3,0.5,0.5,True,0,,,,,0.0,,,0.3025,False,-0.10172413793103446,1.0,0.9917355371900827,0.9990178571428572,0.9875,0.979253112033195,0.8017241379310345,0.9978955645363903,0.9863095238095239,,requires predict_proba,,requires predict_proba,,0.7960000000002765,success,
nnpu,scar-pi0.3-scalesmall,109,"{""batch_size"": 256, ""beta"": 0.1, ""device"": null, ""gamma"": 1.0, ""loss"": ""sigmoid"", ""max_epochs"": 200, ""model"": null, ""optimizer"": null, ""patience"": 20}",scar,0.3,0.5,0.5,True,0,,,,,0.0,,,0.2475,False,-0.08432163506790374,0.8507462686567164,1.0,0.9888392857142857,0.9425,0.8949771689497716,0.8738738738738738,0.9778796705181371,0.906547619047619,,requires predict_proba,,requires predict_proba,,0.7970000000004802,success,
nnpu,scar-pi0.3-scalesmall,110,"{""batch_size"": 256, ""beta"": 0.1, ""device"": null, ""gamma"": 1.0, ""loss"": ""sigmoid"", ""max_epochs"": 200, ""model"": null, ""optimizer"": null, ""patience"": 20}",scar,0.3,0.5,0.5,True,0,,,,,0.0,,,0.3025,False,-0.0904196693514201,0.9523809523809523,0.9445100354191263,0.9955357142857142,0.9725,0.9543568464730291,0.8189910979228486,0.991463817877028,0.968452380952381,,requires predict_proba,,requires predict_proba,,0.7809999999990396,success,
nnpu,scar-pi0.3-scalesmall,111,"{""batch_size"": 256, ""beta"": 0.1, ""device"": null, ""gamma"": 1.0, ""loss"": ""sigmoid"", ""max_epochs"": 200, ""model"": null, ""optimizer"": null, ""patience"": 20}",scar,0.3,0.5,0.5,True,0,,,,,0.0,,,0.33,False,-0.07529411764705882,0.9833333333333333,0.8939393939393938,0.9846428571428572,0.94,0.9047619047619048,0.7852941176470588,0.9721846560784594,0.9428571428571428,,requires predict_proba,,requires predict_proba,,0.9369999999998981,success,
nnpu,scar-pi0.3-scalesmall,112,"{""batch_size"": 256, ""beta"": 0.1, ""device"": null, ""gamma"": 1.0, ""loss"": ""sigmoid"", ""max_epochs"": 200, ""model"": null, ""optimizer"": null, ""patience"": 20}",scar,0.3,0.5,0.5,True,0,,,,,0.0,,,0.285,False,-0.07033785073487309,0.9032258064516129,0.9507640067911715,0.9919940476190475,0.955,0.9230769230769231,0.8284023668639053,0.9833502843601598,0.9392857142857143,,requires predict_proba,,requires predict_proba,,0.7819999999992433,success,
nnpu,scar-pi0.3-scalesmall,113,"{""batch_size"": 256, ""beta"": 0.1, ""device"": null, ""gamma"": 1.0, ""loss"": ""sigmoid"", ""max_epochs"": 200, ""model"": null, ""optimizer"": null, ""patience"": 20}",scar,0.3,0.5,0.5,True,0,,,,,0.0,,,0.2825,False,-0.08848484848484847,0.9,0.9557522123893807,0.9983035714285715,0.9775,0.9613733905579399,0.8484848484848485,0.9964304824434589,0.9648809523809524,,requires predict_proba,,requires predict_proba,,0.9060000000008586,success,
nnpu,scar-pi0.3-scalesmall,114,"{""batch_size"": 256, ""beta"": 0.1, ""device"": null, ""gamma"": 1.0, ""loss"": ""sigmoid"", ""max_epochs"": 200, ""model"": null, ""optimizer"": null, ""patience"": 20}",scar,0.3,0.5,0.5,True,0,,,,,0.0,,,0.3,False,-0.10288476292772747,0.9824561403508771,0.9824561403508771,0.9980952380952381,0.99,0.9833333333333333,0.8134110787172012,0.9960060301000555,0.9880952380952381,,requires predict_proba,,requires predict_proba,,0.7819999999992433,success,
nnpu,scar-pi0.3-scalesmall,115,"{""batch_size"": 256, ""beta"": 0.1, ""device"": null, ""gamma"": 1.0, ""loss"": ""sigmoid"", ""max_epochs"": 200, ""model"": null, ""optimizer"": null, ""patience"": 20}",scar,0.3,0.5,0.5,True,0,,,,,0.0,,,0.285,False,-0.06739709640585068,0.9245283018867925,0.9731876861966237,0.9915773809523809,0.95,0.9145299145299145,0.8126801152737753,0.9834209600008712,0.9333333333333333,,requires predict_proba,,requires predict_proba,,0.7819999999992433,success,
nnpu,scar-pi0.3-scalesmall,116,"{""batch_size"": 256, ""beta"": 0.1, ""device"": null, ""gamma"": 1.0, ""loss"": ""sigmoid"", ""max_epochs"": 200, ""model"": null, ""optimizer"": null, ""patience"": 20}",scar,0.3,0.5,0.5,True,0,,,,,0.0,,,0.265,False,-0.03500070651405962,0.8253968253968254,0.9344115004492362,0.9967261904761905,0.96,0.9292035398230089,0.8397626112759644,0.9927386927110787,0.9357142857142857,,requires predict_proba,,requires predict_proba,,0.7810000000008586,success,
nnpu,scar-pi0.3-scalesmall,117,"{""batch_size"": 256, ""beta"": 0.1, ""device"": null, ""gamma"": 1.0, ""loss"": ""sigmoid"", ""max_epochs"": 200, ""model"": null, ""optimizer"": null, ""patience"": 20}",scar,0.3,0.5,0.5,True,0,,,,,0.0,,,0.255,False,-0.023026673924877505,0.7878787878787878,0.926916221033868,0.995625,0.95,0.9099099099099099,0.8502994011976048,0.9903168867263452,0.9190476190476191,,requires predict_proba,,requires predict_proba,,0.7810000000008586,success,
nnpu,scar-pi0.3-scalesmall,118,"{""batch_size"": 256, ""beta"": 0.1, ""device"": null, ""gamma"": 1.0, ""loss"": ""sigmoid"", ""max_epochs"": 200, ""model"": null, ""optimizer"": null, ""patience"": 20}",scar,0.3,0.5,0.5,True,0,,,,,0.0,,,0.305,False,-0.0894669235709698,0.9814814814814815,0.9653916211293261,0.9930654761904761,0.97,0.9504132231404959,0.8005780346820809,0.9862436174730725,0.9666666666666667,,requires predict_proba,,requires predict_proba,,0.7969999999986612,success,
nnpu,scar-pi0.3-scalesmall,119,"{""batch_size"": 256, ""beta"": 0.1, ""device"": null, ""gamma"": 1.0, ""loss"": ""sigmoid"", ""max_epochs"": 200, ""model"": null, ""optimizer"": null, ""patience"": 20}",scar,0.3,0.5,0.5,True,0,,,,,0.0,,,0.275,False,-0.020431893687707647,0.8392857142857143,0.9155844155844155,0.9889583333333333,0.925,0.8695652173913043,0.8168604651162791,0.9736093350493754,0.8988095238095238,,requires predict_proba,,requires predict_proba,,0.9219999999986612,success,
nnpu,scar-pi0.3-scalemid,100,"{""batch_size"": 256, ""beta"": 0.1, ""device"": null, ""gamma"": 1.0, ""loss"": ""sigmoid"", ""max_epochs"": 200, ""model"": null, ""optimizer"": null, ""patience"": 20}",scar,0.3,0.5,0.5,True,0,,,,,0.2857142857142857,,,0.2915,False,-0.10729890764647465,0.9638157894736842,0.9919201949986458,0.9984095238095237,0.9855,0.9754860524091293,0.8290094339622641,0.9967936726723545,0.9786904761904762,,requires predict_proba,,requires predict_proba,,3.2180000000007567,success,
nnpu,scar-pi0.3-scalemid,101,"{""batch_size"": 256, ""beta"": 0.1, ""device"": null, ""gamma"": 1.0, ""loss"": ""sigmoid"", ""max_epochs"": 200, ""model"": null, ""optimizer"": null, ""patience"": 20}",scar,0.3,0.5,0.5,True,0,,,,,0.0,,,0.299,False,-0.09721835183784475,0.9783393501805054,0.9816113881409754,0.9992333333333333,0.986,0.9766277128547579,0.8102147417295414,0.9982583046752894,0.9828571428571429,,requires predict_proba,,requires predict_proba,,3.07799999999952,success,
nnpu,scar-pi0.3-scalemid,102,"{""batch_size"": 256, ""beta"": 0.1, ""device"": null, ""gamma"": 1.0, ""loss"": ""sigmoid"", ""max_epochs"": 200, ""model"": null, ""optimizer"": null, ""patience"": 20}",scar,0.3,0.5,0.5,True,0,,,,,0.14285714285714285,,,0.301,False,-0.11770347875762951,0.9841772151898734,0.9809075234450566,0.9991904761904762,0.988,0.9800332778702163,0.8271971496437055,0.998163482999591,0.9861904761904763,,requires predict_proba,,requires predict_proba,,3.25,success,
nnpu,scar-pi0.3-scalemid,103,"{""batch_size"": 256, ""beta"": 0.1, ""device"": null, ""gamma"": 1.0, ""loss"": ""sigmoid"", ""max_epochs"": 200, ""model"": null, ""optimizer"": null, ""patience"": 20}",scar,0.3,0.5,0.5,True,0,,,,,0.14285714285714285,,,0.294,False,-0.10342679127725857,0.9722222222222222,0.992063492063492,0.9991321428571429,0.987,0.9781144781144782,0.8200934579439252,0.998244774474083,0.9816666666666667,,requires predict_proba,,requires predict_proba,,3.235000000000582,success,
nnpu,scar-pi0.3-scalemid,104,"{""batch_size"": 256, ""beta"": 0.1, ""device"": null, ""gamma"": 1.0, ""loss"": ""sigmoid"", ""max_epochs"": 200, ""model"": null, ""optimizer"": null, ""patience"": 20}",scar,0.3,0.5,0.5,True,0,,,,,0.14285714285714285,,,0.294,False,-0.10602673203129959,0.9641693811074918,0.9838463072525426,0.9989464285714286,0.985,0.9747474747474747,0.8275251033668045,0.9976553952964443,0.9792857142857143,,requires predict_proba,,requires predict_proba,,3.20299999999952,success,
nnpu,scar-pi0.3-scalemid,105,"{""batch_size"": 256, ""beta"": 0.1, ""device"": null, ""gamma"": 1.0, ""loss"": ""sigmoid"", ""max_epochs"": 200, ""model"": null, ""optimizer"": null, ""patience"": 20}",scar,0.3,0.5,0.5,True,0,,,,,0.14285714285714285,,,0.2985,False,-0.11350774758589713,0.9897260273972602,0.9946995250223721,0.9994583333333333,0.9915,0.985797827903091,0.819672131147541,0.9987713422312257,0.9891666666666666,,requires predict_proba,,requires predict_proba,,3.2180000000007567,success,
nnpu,scar-pi0.3-scalemid,106,"{""batch_size"": 256, ""beta"": 0.1, ""device"": null, ""gamma"": 1.0, ""loss"": ""sigmoid"", ""max_epochs"": 200, ""model"": null, ""optimizer"": null, ""patience"": 20}",scar,0.3,0.5,0.5,True,0,,,,,0.14285714285714285,,,0.292,False,-0.10810997584141,0.9614147909967846,0.9877549222569706,0.998470238095238,0.98,0.9662162162162162,0.8312611012433393,0.9966438984035113,0.9723809523809523,,requires predict_proba,,requires predict_proba,,3.20299999999952,success,
nnpu,scar-pi0.3-scalemid,107,"{""batch_size"": 256, ""beta"": 0.1, ""device"": null, ""gamma"": 1.0, ""loss"": ""sigmoid"", ""max_epochs"": 200, ""model"": null, ""optimizer"": null, ""patience"": 20}",scar,0.3,0.5,0.5,True,0,,,,,0.0,,,0.292,False,-0.09720196651553706,0.9616724738675958,0.9880196649324615,0.9985595238095238,0.981,0.9679054054054054,0.8201984821949796,0.9969403125285821,0.9735714285714285,,requires predict_proba,,requires predict_proba,,3.25,success,
nnpu,scar-pi0.3-scalemid,108,"{""batch_size"": 256, ""beta"": 0.1, ""device"": null, ""gamma"": 1.0, ""loss"": ""sigmoid"", ""max_epochs"": 200, ""model"": null, ""optimizer"": null, ""patience"": 20}",scar,0.3,0.5,0.5,True,0,,,,,0.14285714285714285,,,0.2965,False,-0.11418760162721514,0.9832775919732442,0.9948845787250362,0.9994369047619048,0.9905,0.9840737636211232,0.8242210464432687,0.9987276457165376,0.9870238095238095,,requires predict_proba,,requires predict_proba,,3.2339999999985594,success,
nnpu,scar-pi0.3-scalemid,109,"{""batch_size"": 256, ""beta"": 0.1, ""device"": null, ""gamma"": 1.0, ""loss"": ""sigmoid"", ""max_epochs"": 200, ""model"": null, ""optimizer"": null, ""patience"": 20}",scar,0.3,0.5,0.5,True,0,,,,,0.42857142857142855,,,0.291,False,-0.11850836034484061,0.9713375796178344,1.0,0.9987571428571429,0.986,0.9763113367174281,0.83570581257414,0.9974116522589144,0.979047619047619,,requires predict_proba,,requires predict_proba,,3.2189999999991414,success,
nnpu,scar-pi0.3-scalemid,110,"{""batch_size"": 256, ""beta"": 0.1, ""device"": null, ""gamma"": 1.0, ""loss"": ""sigmoid"", ""max_epochs"": 200, ""model"": null, ""optimizer"": null, ""patience"": 20}",scar,0.3,0.5,0.5,True,0,,,,,0.0,,,0.301,False,-0.10491060864456431,0.986013986013986,0.9827381920405177,0.9989285714285714,0.984,0.9733777038269551,0.8133022170361727,0.9976040679121699,0.9814285714285714,,requires predict_proba,,requires predict_proba,,3.2340000000003783,success,
nnpu,scar-pi0.3-scalemid,111,"{""batch_size"": 256, ""beta"": 0.1, ""device"": null, ""gamma"": 1.0, ""loss"": ""sigmoid"", ""max_epochs"": 200, ""model"": null, ""optimizer"": null, ""patience"": 20}",scar,0.3,0.5,0.5,True,0,,,,,0.0,,,0.297,False,-0.11375993722685895,0.9896193771626297,0.9996155324875048,0.9993559523809524,0.988,0.9798994974874372,0.8199883109292812,0.9985452796573704,0.9842857142857142,,requires predict_proba,,requires predict_proba,,3.2809999999990396,success,
nnpu,scar-pi0.3-scalemid,112,"{""batch_size"": 256, ""beta"": 0.1, ""device"": null, ""gamma"": 1.0, ""loss"": ""sigmoid"", ""max_epochs"": 200, ""model"": null, ""optimizer"": null, ""patience"": 20}",scar,0.3,0.5,0.5,True,0,,,,,0.14285714285714285,,,0.2955,False,-0.10811764705882354,0.9733333333333334,0.988155668358714,0.9991904761904762,0.9865,0.9773299748110831,0.8241176470588235,0.998211561011402,0.9817857142857143,,requires predict_proba,,requires predict_proba,,3.375,success,
nnpu,scar-pi0.3-scalemid,113,"{""batch_size"": 256, ""beta"": 0.1, ""device"": null, ""gamma"": 1.0, ""loss"": ""sigmoid"", ""max_epochs"": 200, ""model"": null, ""optimizer"": null, ""patience"": 20}",scar,0.3,0.5,0.5,True,0,,,,,0.0,,,0.2975,False,-0.1156706263312913,0.9805825242718447,0.98882271355144,0.9991083333333333,0.9895,0.9824267782426779,0.8273211117681845,0.9978695961788135,0.9863095238095239,,requires predict_proba,,requires predict_proba,,3.2969999999986612,success,
nnpu,scar-pi0.3-scalemid,114,"{""batch_size"": 256, ""beta"": 0.1, ""device"": null, ""gamma"": 1.0, ""loss"": ""sigmoid"", ""max_epochs"": 200, ""model"": null, ""optimizer"": null, ""patience"": 20}",scar,0.3,0.5,0.5,True,0,,,,,0.2857142857142857,,,0.3,False,-0.1176468742096217,0.978328173374613,0.978328173374613,0.9988309523809524,0.985,0.975,0.8306499701848539,0.9972750731110523,0.9821428571428572,,requires predict_proba,,requires predict_proba,,3.29700000000048,success,
nnpu,scar-pi0.3-scalemid,115,"{""batch_size"": 256, ""beta"": 0.1, ""device"": null, ""gamma"": 1.0, ""loss"": ""sigmoid"", ""max_epochs"": 200, ""model"": null, ""optimizer"": null, ""patience"": 20}",scar,0.3,0.5,0.5,True,0,,,,,0.0,,,0.293,False,-0.11000729128691211,0.9647435897435898,0.9877920714098188,0.9987011904761904,0.985,0.9747048903878583,0.8311611374407583,0.9972398917631782,0.9788095238095238,,requires predict_proba,,requires predict_proba,,3.2660000000014406,success,
nnpu,scar-pi0.3-scalemid,116,"{""batch_size"": 256, ""beta"": 0.1, ""device"": null, ""gamma"": 1.0, ""loss"": ""sigmoid"", ""max_epochs"": 200, ""model"": null, ""optimizer"": null, ""patience"": 20}",scar,0.3,0.5,0.5,True,0,,,,,0.14285714285714285,,,0.3005,False,-0.11411810008343201,0.9867986798679867,0.9851567519480733,0.9993380952380952,0.9885,0.980849292256453,0.8220388921626399,0.9984395257527064,0.986547619047619,,requires predict_proba,,requires predict_proba,,3.235000000000582,success,
nnpu,scar-pi0.3-scalemid,117,"{""batch_size"": 256, ""beta"": 0.1, ""device"": null, ""gamma"": 1.0, ""loss"": ""sigmoid"", ""max_epochs"": 200, ""model"": null, ""optimizer"": null, ""patience"": 20}",scar,0.3,0.5,0.5,True,0,,,,,0.0,,,0.298,False,-0.10678658319573853,0.9735973597359736,0.9801315702040002,0.9990595238095239,0.986,0.9765886287625418,0.8226281673541543,0.9977680339498778,0.9823809523809524,,requires predict_proba,,requires predict_proba,,3.25,success,
nnpu,scar-pi0.3-scalemid,118,"{""batch_size"": 256, ""beta"": 0.1, ""device"": null, ""gamma"": 1.0, ""loss"": ""sigmoid"", ""max_epochs"": 200, ""model"": null, ""optimizer"": null, ""patience"": 20}",scar,0.3,0.5,0.5,True,0,,,,,0.14285714285714285,,,0.2985,False,-0.10942166696330657,0.9741100323624595,0.9790050576507131,0.9994047619047619,0.9895,0.9824561403508771,0.8249556475458308,0.9986084963440649,0.9867857142857143,,requires predict_proba,,requires predict_proba,,2.75,success,
nnpu,scar-pi0.3-scalemid,119,"{""batch_size"": 256, ""beta"": 0.1, ""device"": null, ""gamma"": 1.0, ""loss"": ""sigmoid"", ""max_epochs"": 200, ""model"": null, ""optimizer"": null, ""patience"": 20}",scar,0.3,0.5,0.5,True,0,,,,,0.14285714285714285,,,0.292,False,-0.09831984775895439,0.9619377162629758,0.9882921742427834,0.9986988095238095,0.984,0.972972972972973,0.8211572180011689,0.9972391141506394,0.9771428571428571,,requires predict_proba,,requires predict_proba,,2.0,success,
nnpu,scar-pi0.5-scalesmall,100,"{""batch_size"": 256, ""beta"": 0.1, ""device"": null, ""gamma"": 1.0, ""loss"": ""sigmoid"", ""max_epochs"": 200, ""model"": null, ""optimizer"": null, ""patience"": 20}",scar,0.5,0.5,0.5,True,0,,,,,0.0,,,0.5075,False,-0.08565374242583446,0.956989247311828,0.9428465490756927,0.9896,0.9425,0.9429280397022333,0.6286644951140065,0.991066708732657,0.9425,,requires predict_proba,,requires predict_proba,,0.8279999999995198,success,
nnpu,scar-pi0.5-scalesmall,101,"{""batch_size"": 256, ""beta"": 0.1, ""device"": null, ""gamma"": 1.0, ""loss"": ""sigmoid"", ""max_epochs"": 200, ""model"": null, ""optimizer"": null, ""patience"": 20}",scar,0.5,0.5,0.5,True,0,,,,,0.0,,,0.51,False,-0.10603586131809056,0.9690721649484536,0.9500707499494643,0.993875,0.97,0.9702970297029703,0.636963696369637,0.993136950666383,0.97,,requires predict_proba,,requires predict_proba,,0.7969999999986612,success,
nnpu,scar-pi0.5-scalesmall,102,"{""batch_size"": 256, ""beta"": 0.1, ""device"": null, ""gamma"": 1.0, ""loss"": ""sigmoid"", ""max_epochs"": 200, ""model"": null, ""optimizer"": null, ""patience"": 20}",scar,0.5,0.5,0.5,True,0,,,,,0.0,,,0.4975,False,-0.15435081714151483,0.98989898989899,0.994873356682402,0.99735,0.9775,0.9774436090225563,0.6644518272425249,0.9975257464379105,0.9775,,requires predict_proba,,requires predict_proba,,0.8279999999995198,success,
nnpu,scar-pi0.5-scalesmall,103,"{""batch_size"": 256, ""beta"": 0.1, ""device"": null, ""gamma"": 1.0, ""loss"": ""sigmoid"", ""max_epochs"": 200, ""model"": null, ""optimizer"": null, ""patience"": 20}",scar,0.5,0.5,0.5,True,0,,,,,0.0,,,0.49,False,-0.13245191540939683,0.9532710280373832,0.9727255388136563,0.9933000000000001,0.95,0.9494949494949495,0.6791808873720137,0.9932670043667231,0.95,,requires predict_proba,,requires predict_proba,,0.7970000000004802,success,
nnpu,scar-pi0.5-scalesmall,104,"{""batch_size"": 256, ""beta"": 0.1, ""device"": null, ""gamma"": 1.0, ""loss"": ""sigmoid"", ""max_epochs"": 200, ""model"": null, ""optimizer"": null, ""patience"": 20}",scar,0.5,0.5,0.5,True,0,,,,,0.0,,,0.4625,False,-0.10940748440748438,0.9134615384615384,0.9875259875259874,0.9956,0.9475,0.9454545454545454,0.6959459459459459,0.9956282635956087,0.9475,,requires predict_proba,,requires predict_proba,,0.9529999999995198,success,
nnpu,scar-pi0.5-scalesmall,105,"{""batch_size"": 256, ""beta"": 0.1, ""device"": null, ""gamma"": 1.0, ""loss"": ""sigmoid"", ""max_epochs"": 200, ""model"": null, ""optimizer"": null, ""patience"": 20}",scar,0.5,0.5,0.5,True,0,,,,,0.0,,,0.5075,False,-0.1588628762541806,1.0,0.9852216748768474,0.999125,0.9875,0.9875930521091811,0.6588628762541806,0.9991487987377746,0.9875,,requires predict_proba,,requires predict_proba,,0.7810000000008586,success,
nnpu,scar-pi0.5-scalesmall,106,"{""batch_size"": 256, ""beta"": 0.1, ""device"": null, ""gamma"": 1.0, ""loss"": ""sigmoid"", ""max_epochs"": 200, ""model"": null, ""optimizer"": null, ""patience"": 20}",scar,0.5,0.5,0.5,True,0,,,,,0.0,,,0.4875,False,-0.04788610871440896,0.9052631578947369,0.9284750337381917,0.9834750000000001,0.9225,0.9215189873417722,0.6426229508196721,0.9842627622990379,0.9225000000000001,,requires predict_proba,,requires predict_proba,,0.7970000000004802,success,
nnpu,scar-pi0.5-scalesmall,107,"{""batch_size"": 256, ""beta"": 0.1, ""device"": null, ""gamma"": 1.0, ""loss"": ""sigmoid"", ""max_epochs"": 200, ""model"": null, ""optimizer"": null, ""patience"": 20}",scar,0.5,0.5,0.5,True,0,,,,,0.0,,,0.475,False,-0.1273462595301676,0.9753086419753086,1.0,0.996225,0.96,0.958974358974359,0.6520376175548589,0.9964365346261733,0.96,,requires predict_proba,,requires predict_proba,,0.7969999999986612,success,
nnpu,scar-pi0.5-scalesmall,108,"{""batch_size"": 256, ""beta"": 0.1, ""device"": null, ""gamma"": 1.0, ""loss"": ""sigmoid"", ""max_epochs"": 200, ""model"": null, ""optimizer"": null, ""patience"": 20}",scar,0.5,0.5,0.5,True,0,,,,,0.0,,,0.5025,False,-0.1341984518931036,0.989247311827957,0.9843256834109025,0.9988750000000001,0.9875,0.9875311720698254,0.6449511400651465,0.9988995570898023,0.9875,,requires predict_proba,,requires predict_proba,,0.8439999999991414,success,
nnpu,scar-pi0.5-scalesmall,109,"{""batch_size"": 256, ""beta"": 0.1, ""device"": null, ""gamma"": 1.0, ""loss"": ""sigmoid"", ""max_epochs"": 200, ""model"": null, ""optimizer"": null, ""patience"": 20}",scar,0.5,0.5,0.5,True,0,,,,,0.0,,,0.47,False,-0.08304730149390344,0.9029126213592233,0.9605453418715143,0.9913000000000001,0.935,0.9329896907216495,0.6801346801346801,0.9915262980525816,0.935,,requires predict_proba,,requires predict_proba,,0.8119999999998981,success,
nnpu,scar-pi0.5-scalesmall,110,"{""batch_size"": 256, ""beta"": 0.1, ""device"": null, ""gamma"": 1.0, ""loss"": ""sigmoid"", ""max_epochs"": 200, ""model"": null, ""optimizer"": null, ""patience"": 20}",scar,0.5,0.5,0.5,True,0,,,,,0.0,,,0.495,False,-0.14090745644143704,0.970873786407767,0.9806805923310777,0.9974999999999999,0.98,0.9798994974874372,0.67003367003367,0.9976982039723098,0.98,,requires predict_proba,,requires predict_proba,,0.7970000000004802,success,
nnpu,scar-pi0.5-scalesmall,111,"{""batch_size"": 256, ""beta"": 0.1, ""device"": null, ""gamma"": 1.0, ""loss"": ""sigmoid"", ""max_epochs"": 200, ""model"": null, ""optimizer"": null, ""patience"": 20}",scar,0.5,0.5,0.5,True,0,,,,,0.0,,,0.5175,False,-0.11666666666666664,0.98,0.9468599033816426,0.988225,0.9475,0.9484029484029484,0.6366666666666667,0.9901024459703781,0.9475,,requires predict_proba,,requires predict_proba,,0.7970000000004802,success,
nnpu,scar-pi0.5-scalesmall,112,"{""batch_size"": 256, ""beta"": 0.1, ""device"": null, ""gamma"": 1.0, ""loss"": ""sigmoid"", ""max_epochs"": 200, ""model"": null, ""optimizer"": null, ""patience"": 20}",scar,0.5,0.5,0.5,True,0,,,,,0.0,,,0.51,False,-0.09746971374878355,0.9595959595959596,0.9407803525450583,0.99195,0.96,0.9603960396039604,0.6378737541528239,0.9917103919372274,0.96,,requires predict_proba,,requires predict_proba,,0.9369999999998981,success,
nnpu,scar-pi0.5-scalesmall,113,"{""batch_size"": 256, ""beta"": 0.1, ""device"": null, ""gamma"": 1.0, ""loss"": ""sigmoid"", ""max_epochs"": 200, ""model"": null, ""optimizer"": null, ""patience"": 20}",scar,0.5,0.5,0.5,True,0,,,,,0.0,,,0.505,False,-0.1400304414003044,0.9722222222222222,0.9625962596259626,0.9986250000000001,0.98,0.9800995024875622,0.6678082191780822,0.9986681520839226,0.98,,requires predict_proba,,requires predict_proba,,0.8130000000001019,success,
nnpu,scar-pi0.5-scalesmall,114,"{""batch_size"": 256, ""beta"": 0.1, ""device"": null, ""gamma"": 1.0, ""loss"": ""sigmoid"", ""max_epochs"": 200, ""model"": null, ""optimizer"": null, ""patience"": 20}",scar,0.5,0.5,0.5,True,0,,,,,0.5,,,0.495,False,-0.15153309646006052,0.9803921568627451,0.9902951079421667,0.9982,0.99,0.9899497487437185,0.6711409395973155,0.998219976570009,0.99,,requires predict_proba,,requires predict_proba,,0.7970000000004802,success,
nnpu,scar-pi0.5-scalesmall,115,"{""batch_size"": 256, ""beta"": 0.1, ""device"": null, ""gamma"": 1.0, ""loss"": ""sigmoid"", ""max_epochs"": 200, ""model"": null, ""optimizer"": null, ""patience"": 20}",scar,0.5,0.5,0.5,True,0,,,,,0.0,,,0.4875,False,-0.10310612597066438,0.9473684210526315,0.97165991902834,0.990125,0.9475,0.9468354430379747,0.6557377049180327,0.9906323306697852,0.9475,,requires predict_proba,,requires predict_proba,,0.7970000000004802,success,
nnpu,scar-pi0.5-scalesmall,116,"{""batch_size"": 256, ""beta"": 0.1, ""device"": null, ""gamma"": 1.0, ""loss"": ""sigmoid"", ""max_epochs"": 200, ""model"": null, ""optimizer"": null, ""patience"": 20}",scar,0.5,0.5,0.5,True,0,,,,,0.0,,,0.4975,False,-0.12970137207425347,0.9619047619047619,0.9667384541756401,0.996375,0.9725,0.9724310776942355,0.6677966101694915,0.9965912641414828,0.9724999999999999,,requires predict_proba,,requires predict_proba,,0.7970000000004802,success,
nnpu,scar-pi0.5-scalesmall,117,"{""batch_size"": 256, ""beta"": 0.1, ""device"": null, ""gamma"": 1.0, ""loss"": ""sigmoid"", ""max_epochs"": 200, ""model"": null, ""optimizer"": null, ""patience"": 20}",scar,0.5,0.5,0.5,True,0,,,,,0.0,,,0.5,False,-0.09733548105641132,0.9494949494949495,0.9494949494949495,0.992675,0.965,0.965,0.6478405315614618,0.9930592146761903,0.965,,requires predict_proba,,requires predict_proba,,0.8439999999991414,success,
nnpu,scar-pi0.5-scalesmall,118,"{""batch_size"": 256, ""beta"": 0.1, ""device"": null, ""gamma"": 1.0, ""loss"": ""sigmoid"", ""max_epochs"": 200, ""model"": null, ""optimizer"": null, ""patience"": 20}",scar,0.5,0.5,0.5,True,0,,,,,0.0,,,0.53,False,-0.08215697346132128,0.9782608695652174,0.9228876127973749,0.99215,0.95,0.9514563106796117,0.6038961038961039,0.9922010780145912,0.95,,requires predict_proba,,requires predict_proba,,1.0630000000001019,success,
nnpu,scar-pi0.5-scalesmall,119,"{""batch_size"": 256, ""beta"": 0.1, ""device"": null, ""gamma"": 1.0, ""loss"": ""sigmoid"", ""max_epochs"": 200, ""model"": null, ""optimizer"": null, ""patience"": 20}",scar,0.5,0.5,0.5,True,0,,,,,0.0,,,0.52,False,-0.0818397274477855,0.9767441860465116,0.9391771019677996,0.984375,0.945,0.946078431372549,0.6050955414012739,0.983213423903491,0.9450000000000001,,requires predict_proba,,requires predict_proba,,0.9529999999995198,success,
nnpu,scar-pi0.5-scalemid,100,"{""batch_size"": 256, ""beta"": 0.1, ""device"": null, ""gamma"": 1.0, ""loss"": ""sigmoid"", ""max_epochs"": 200, ""model"": null, ""optimizer"": null, ""patience"": 20}",scar,0.5,0.5,0.5,True,0,,,,,0.5,,,0.499,False,-0.1292056036661937,0.9753086419753086,0.9772631683119325,0.998098,0.979,0.978978978978979,0.6538969616908851,0.998242989315824,0.979,,requires predict_proba,,requires predict_proba,,3.875,success,
nnpu,scar-pi0.5-scalemid,101,"{""batch_size"": 256, ""beta"": 0.1, ""device"": null, ""gamma"": 1.0, ""loss"": ""sigmoid"", ""max_epochs"": 200, ""model"": null, ""optimizer"": null, ""patience"": 20}",scar,0.5,0.5,0.5,True,0,,,,,0.3333333333333333,,,0.5055,False,-0.13440338309790006,0.9914529914529915,0.9806656690929689,0.998807,0.9795,0.9796121332670313,0.6429503916449086,0.998800108466888,0.9795,,requires predict_proba,,requires predict_proba,,2.9840000000003783,success,
nnpu,scar-pi0.5-scalemid,102,"{""batch_size"": 256, ""beta"": 0.1, ""device"": null, ""gamma"": 1.0, ""loss"": ""sigmoid"", ""max_epochs"": 200, ""model"": null, ""optimizer"": null, ""patience"": 20}",scar,0.5,0.5,0.5,True,0,,,,,0.5,,,0.5085,False,-0.1597870828893207,0.998062015503876,0.981378579649829,0.999075,0.9845,0.9846306395637084,0.6617250673854448,0.9990613548579733,0.9844999999999999,,requires predict_proba,,requires predict_proba,,3.07799999999952,success,
nnpu,scar-pi0.5-scalemid,103,"{""batch_size"": 256, ""beta"": 0.1, ""device"": null, ""gamma"": 1.0, ""loss"": ""sigmoid"", ""max_epochs"": 200, ""model"": null, ""optimizer"": null, ""patience"": 20}",scar,0.5,0.5,0.5,True,0,,,,,0.16666666666666666,,,0.5045,False,-0.13142630586957205,0.9834368530020704,0.9746648691794554,0.9988779999999999,0.9835,0.9835739173718268,0.6479894528675016,0.9989277897078644,0.9835,,requires predict_proba,,requires predict_proba,,3.2030000000013388,success,
nnpu,scar-pi0.5-scalemid,104,"{""batch_size"": 256, ""beta"": 0.1, ""device"": null, ""gamma"": 1.0, ""loss"": ""sigmoid"", ""max_epochs"": 200, ""model"": null, ""optimizer"": null, ""patience"": 20}",scar,0.5,0.5,0.5,True,0,,,,,0.3333333333333333,,,0.5075,False,-0.15272446730151706,0.9941060903732809,0.9794148673628384,0.998858,0.9835,0.9836228287841191,0.6586183769282361,0.9988764297294137,0.9835,,requires predict_proba,,requires predict_proba,,3.061999999999898,success,
nnpu,scar-pi0.5-scalemid,105,"{""batch_size"": 256, ""beta"": 0.1, ""device"": null, ""gamma"": 1.0, ""loss"": ""sigmoid"", ""max_epochs"": 200, ""model"": null, ""optimizer"": null, ""patience"": 20}",scar,0.5,0.5,0.5,True,0,,,,,0.16666666666666666,,,0.5065,False,-0.15044960113129313,0.9940119760479041,0.9812556525645649,0.999231,0.9865,0.9865871833084948,0.6564376250833889,0.9992329691856545,0.9864999999999999,,requires predict_proba,,requires predict_proba,,3.17200000000048,success,
nnpu,scar-pi0.5-scalemid,106,"{""batch_size"": 256, ""beta"": 0.1, ""device"": null, ""gamma"": 1.0, ""loss"": ""sigmoid"", ""max_epochs"": 200, ""model"": null, ""optimizer"": null, ""patience"": 20}",scar,0.5,0.5,0.5,True,0,,,,,0.3333333333333333,,,0.505,False,-0.1438474448631123,0.9843444227005871,0.974598438317413,0.998923,0.981,0.981094527363184,0.6595030221625252,0.9989545794573568,0.981,,requires predict_proba,,requires predict_proba,,3.0469999999986612,success,
nnpu,scar-pi0.5-scalemid,107,"{""batch_size"": 256, ""beta"": 0.1, ""device"": null, ""gamma"": 1.0, ""loss"": ""sigmoid"", ""max_epochs"": 200, ""model"": null, ""optimizer"": null, ""patience"": 20}",scar,0.5,0.5,0.5,True,0,,,,,0.3333333333333333,,,0.506,False,-0.13943563720853225,0.9897330595482546,0.9779970944152714,0.998299,0.986,0.9860834990059643,0.6497025776602776,0.9983484916820556,0.986,,requires predict_proba,,requires predict_proba,,3.0309999999990396,success,
nnpu,scar-pi0.5-scalemid,108,"{""batch_size"": 256, ""beta"": 0.1, ""device"": null, ""gamma"": 1.0, ""loss"": ""sigmoid"", ""max_epochs"": 200, ""model"": null, ""optimizer"": null, ""patience"": 20}",scar,0.5,0.5,0.5,True,0,,,,,0.3333333333333333,,,0.5115,False,-0.1599503358165425,0.9962335216572504,0.9738353095378793,0.999395,0.9845,0.9846762234305487,0.6637168141592921,0.9993962559262087,0.9844999999999999,,requires predict_proba,,requires predict_proba,,3.5159999999996217,success,
nnpu,scar-pi0.5-scalemid,109,"{""batch_size"": 256, ""beta"": 0.1, ""device"": null, ""gamma"": 1.0, ""loss"": ""sigmoid"", ""max_epochs"": 200, ""model"": null, ""optimizer"": null, ""patience"": 20}",scar,0.5,0.5,0.5,True,0,,,,,0.16666666666666666,,,0.4995,False,-0.1531528881043444,0.9844660194174757,0.985451470888364,0.9989619999999999,0.9835,0.9834917458729364,0.6686868686868687,0.9990100008370227,0.9835,,requires predict_proba,,requires predict_proba,,3.45299999999952,success,
nnpu,scar-pi0.5-scalemid,110,"{""batch_size"": 256, ""beta"": 0.1, ""device"": null, ""gamma"": 1.0, ""loss"": ""sigmoid"", ""max_epochs"": 200, ""model"": null, ""optimizer"": null, ""patience"": 20}",scar,0.5,0.5,0.5,True,0,,,,,0.3333333333333333,,,0.508,False,-0.1341079520803023,0.9896049896049897,0.9740206590600292,0.998838,0.98,0.9801587301587301,0.6445029624753127,0.9988556978122084,0.98,,requires predict_proba,,requires predict_proba,,3.0159999999996217,success,
nnpu,scar-pi0.5-scalemid,111,"{""batch_size"": 256, ""beta"": 0.1, ""device"": null, ""gamma"": 1.0, ""loss"": ""sigmoid"", ""max_epochs"": 200, ""model"": null, ""optimizer"": null, ""patience"": 20}",scar,0.5,0.5,0.5,True,0,,,,,0.3333333333333333,,,0.503,False,-0.1524562615928916,0.9920159680638723,0.986099371832875,0.998822,0.983,0.9830508474576272,0.6604402935290193,0.9988418286161175,0.983,,requires predict_proba,,requires predict_proba,,3.0159999999996217,success,
nnpu,scar-pi0.5-scalemid,112,"{""batch_size"": 256, ""beta"": 0.1, ""device"": null, ""gamma"": 1.0, ""loss"": ""sigmoid"", ""max_epochs"": 200, ""model"": null, ""optimizer"": null, ""patience"": 20}",scar,0.5,0.5,0.5,True,0,,,,,0.3333333333333333,,,0.5095,False,-0.1433333333333333,0.992,0.9735034347399412,0.999134,0.9825,0.9826646854878652,0.6513333333333333,0.9991527936838257,0.9824999999999999,,requires predict_proba,,requires predict_proba,,3.0159999999996217,success,
nnpu,scar-pi0.5-scalemid,113,"{""batch_size"": 256, ""beta"": 0.1, ""device"": null, ""gamma"": 1.0, ""loss"": ""sigmoid"", ""max_epochs"": 200, ""model"": null, ""optimizer"": null, ""patience"": 20}",scar,0.5,0.5,0.5,True,0,,,,,0.5,,,0.5095,False,-0.14660848864296283,0.9902534113060428,0.9717894124691294,0.998354,0.9815,0.9816740960871718,0.65635507733692,0.9985126502442121,0.9815,,requires predict_proba,,requires predict_proba,,3.17200000000048,success,
nnpu,scar-pi0.5-scalemid,114,"{""batch_size"": 256, ""beta"": 0.1, ""device"": null, ""gamma"": 1.0, ""loss"": ""sigmoid"", ""max_epochs"": 200, ""model"": null, ""optimizer"": null, ""patience"": 20}",scar,0.5,0.5,0.5,True,0,,,,,0.5,,,0.515,False,-0.14273806021378838,0.9922330097087378,0.9633330191346969,0.9986010000000001,0.978,0.9783251231527094,0.6505050505050505,0.9985506940329087,0.978,,requires predict_proba,,requires predict_proba,,2.9059999999990396,success,
nnpu,scar-pi0.5-scalemid,115,"{""batch_size"": 256, ""beta"": 0.1, ""device"": null, ""gamma"": 1.0, ""loss"": ""sigmoid"", ""max_epochs"": 200, ""model"": null, ""optimizer"": null, ""patience"": 20}",scar,0.5,0.5,0.5,True,0,,,,,0.3333333333333333,,,0.501,False,-0.13870602290245887,0.9765166340508806,0.9745674990527751,0.998148,0.98,0.98001998001998,0.6621893888515782,0.9982709376931653,0.98,,requires predict_proba,,requires predict_proba,,3.0159999999996217,success,
nnpu,scar-pi0.5-scalemid,116,"{""batch_size"": 256, ""beta"": 0.1, ""device"": null, ""gamma"": 1.0, ""loss"": ""sigmoid"", ""max_epochs"": 200, ""model"": null, ""optimizer"": null, ""patience"": 20}",scar,0.5,0.5,0.5,True,0,,,,,0.16666666666666666,,,0.511,False,-0.13781659246212308,0.9938271604938271,0.9724336208354473,0.998894,0.983,0.9831849653808111,0.6439894319682959,0.9989252551400082,0.983,,requires predict_proba,,requires predict_proba,,3.04700000000048,success,
nnpu,scar-pi0.5-scalemid,117,"{""batch_size"": 256, ""beta"": 0.1, ""device"": null, ""gamma"": 1.0, ""loss"": ""sigmoid"", ""max_epochs"": 200, ""model"": null, ""optimizer"": null, ""patience"": 20}",scar,0.5,0.5,0.5,True,0,,,,,0.16666666666666666,,,0.5025,False,-0.13111924770553413,0.9777327935222672,0.9728684512659376,0.9983549999999999,0.9805,0.9805486284289276,0.6533864541832669,0.998358397010576,0.9804999999999999,,requires predict_proba,,requires predict_proba,,3.014999999999418,success,
nnpu,scar-pi0.5-scalemid,118,"{""batch_size"": 256, ""beta"": 0.1, ""device"": null, ""gamma"": 1.0, ""loss"": ""sigmoid"", ""max_epochs"": 200, ""model"": null, ""optimizer"": null, ""patience"": 20}",scar,0.5,0.5,0.5,True,0,,,,,0.16666666666666666,,,0.503,False,-0.14678607715292985,0.9825918762088974,0.9767314872851863,0.999165,0.986,0.9860418743768694,0.6641942009440324,0.9991572343800196,0.986,,requires predict_proba,,requires predict_proba,,3.04700000000048,success,
nnpu,scar-pi0.5-scalemid,119,"{""batch_size"": 256, ""beta"": 0.1, ""device"": null, ""gamma"": 1.0, ""loss"": ""sigmoid"", ""max_epochs"": 200, ""model"": null, ""optimizer"": null, ""patience"": 20}",scar,0.5,0.5,0.5,True,0,,,,,0.0,,,0.5035,False,-0.13364394647516536,0.9853862212943633,0.9785364660321384,0.9980370000000001,0.9825,0.9825610363726955,0.6482577251808022,0.9980923939255405,0.9824999999999999,,requires predict_proba,,requires predict_proba,,3.04700000000048,success,
nnpu,sar-pi0.1-scalesmall,100,"{""batch_size"": 256, ""beta"": 0.1, ""device"": null, ""gamma"": 1.0, ""loss"": ""sigmoid"", ""max_epochs"": 200, ""model"": null, ""optimizer"": null, ""patience"": 20}",linear,0.1,0.5,0.5,True,0,,,,,0.0,,,0.1175,False,-0.022126022126022132,0.9545454545454546,0.8123791102514507,0.9959722222222223,0.9725,0.8735632183908046,0.9312169312169312,0.9719911469281748,0.9624999999999999,,requires predict_proba,,requires predict_proba,,0.8279999999995198,success,
nnpu,sar-pi0.1-scalesmall,101,"{""batch_size"": 256, ""beta"": 0.1, ""device"": null, ""gamma"": 1.0, ""loss"": ""sigmoid"", ""max_epochs"": 200, ""model"": null, ""optimizer"": null, ""patience"": 20}",linear,0.1,0.5,0.5,True,0,,,,,0.0,,,0.1225,False,-0.014062500000000006,1.0,0.8163265306122449,0.997361111111111,0.9775,0.898876404494382,0.9140625,0.9745792097968733,0.9875,,requires predict_proba,,requires predict_proba,,0.7970000000004802,success,
nnpu,sar-pi0.1-scalesmall,102,"{""batch_size"": 256, ""beta"": 0.1, ""device"": null, ""gamma"": 1.0, ""loss"": ""sigmoid"", ""max_epochs"": 200, ""model"": null, ""optimizer"": null, ""patience"": 20}",linear,0.1,0.5,0.5,True,0,,,,,0.0,,,0.105,False,-0.03963254593175854,1.0,0.9523809523809524,0.9927777777777778,0.98,0.9024390243902439,0.9396325459317585,0.9641845213856692,0.9555555555555556,,requires predict_proba,,requires predict_proba,,0.9530000000013388,success,
nnpu,sar-pi0.1-scalesmall,103,"{""batch_size"": 256, ""beta"": 0.1, ""device"": null, ""gamma"": 1.0, ""loss"": ""sigmoid"", ""max_epochs"": 200, ""model"": null, ""optimizer"": null, ""patience"": 20}",linear,0.1,0.5,0.5,True,0,,,,,0.0,,,0.11,False,-0.03931398416886544,1.0,0.9090909090909092,0.9945138888888889,0.97,0.8571428571428571,0.9393139841688655,0.9605114295858144,0.9388888888888889,,requires predict_proba,,requires predict_proba,,0.7970000000004802,success,
nnpu,sar-pi0.1-scalesmall,104,"{""batch_size"": 256, ""beta"": 0.1, ""device"": null, ""gamma"": 1.0, ""loss"": ""sigmoid"", ""max_epochs"": 200, ""model"": null, ""optimizer"": null, ""patience"": 20}",linear,0.1,0.5,0.5,True,0,,,,,0.0,,,0.0675,False,-0.05534540422096644,0.8695652173913043,1.0,0.9959722222222223,0.9675,0.8059701492537313,0.9814323607427056,0.9727733846865438,0.8375,,requires predict_proba,,requires predict_proba,,0.7969999999986612,success,
nnpu,sar-pi0.1-scalesmall,105,"{""batch_size"": 256, ""beta"": 0.1, ""device"": null, ""gamma"": 1.0, ""loss"": ""sigmoid"", ""max_epochs"": 200, ""model"": null, ""optimizer"": null, ""patience"": 20}",linear,0.1,0.5,0.5,True,0,,,,,0.0,,,0.0975,False,-0.055026455026455035,1.0,1.0,0.999375,0.9925,0.9620253164556962,0.955026455026455,0.9946426380636906,0.9736111111111111,,requires predict_proba,,requires predict_proba,,0.7819999999992433,success,
nnpu,sar-pi0.1-scalesmall,106,"{""batch_size"": 256, ""beta"": 0.1, ""device"": null, ""gamma"": 1.0, ""loss"": ""sigmoid"", ""max_epochs"": 200, ""model"": null, ""optimizer"": null, ""patience"": 20}",linear,0.1,0.5,0.5,True,0,,,,,0.0,,,0.0825,False,-0.027894736842105278,0.85,1.0,0.9818749999999999,0.9525,0.7397260273972602,0.9578947368421052,0.8720940301965224,0.8291666666666666,,requires predict_proba,,requires predict_proba,,0.7970000000004802,success,
nnpu,sar-pi0.1-scalesmall,107,"{""batch_size"": 256, ""beta"": 0.1, ""device"": null, ""gamma"": 1.0, ""loss"": ""sigmoid"", ""max_epochs"": 200, ""model"": null, ""optimizer"": null, ""patience"": 20}",linear,0.1,0.5,0.5,True,0,,,,,0.0,,,0.08,False,-0.04962187318208261,0.9444444444444444,1.0,0.9868055555555555,0.975,0.8611111111111112,0.9607329842931938,0.9294945548696969,0.8861111111111111,,requires predict_proba,,requires predict_proba,,0.8279999999995198,success,
nnpu,sar-pi0.1-scalesmall,108,"{""batch_size"": 256, ""beta"": 0.1, ""device"": null, ""gamma"": 1.0, ""loss"": ""sigmoid"", ""max_epochs"": 200, ""model"": null, ""optimizer"": null, ""patience"": 20}",linear,0.1,0.5,0.5,True,0,,,,,0.0,,,0.1075,False,-0.04444444444444445,1.0,0.930232558139535,0.9998611111111111,0.9925,0.963855421686747,0.9444444444444444,0.998765243902439,0.9958333333333333,,requires predict_proba,,requires predict_proba,,0.8130000000001019,success,
nnpu,sar-pi0.1-scalesmall,109,"{""batch_size"": 256, ""beta"": 0.1, ""device"": null, ""gamma"": 1.0, ""loss"": ""sigmoid"", ""max_epochs"": 200, ""model"": null, ""optimizer"": null, ""patience"": 20}",linear,0.1,0.5,0.5,True,0,,,,,0.0,,,0.0775,False,-0.049070803256028264,0.9411764705882353,1.0,0.9844444444444445,0.9675,0.8169014084507042,0.9608355091383812,0.9099039872217738,0.8597222222222223,,requires predict_proba,,requires predict_proba,,0.9380000000001019,success,
nnpu,sar-pi0.1-scalesmall,110,"{""batch_size"": 256, ""beta"": 0.1, ""device"": null, ""gamma"": 1.0, ""loss"": ""sigmoid"", ""max_epochs"": 200, ""model"": null, ""optimizer"": null, ""patience"": 20}",linear,0.1,0.5,0.5,True,0,,,,,0.0,,,0.115,False,-0.044000000000000004,1.0,0.8695652173913043,0.999375,0.985,0.9302325581395349,0.944,0.994562204930932,0.9916666666666667,,requires predict_proba,,requires predict_proba,,0.7819999999992433,success,
nnpu,sar-pi0.1-scalesmall,111,"{""batch_size"": 256, ""beta"": 0.1, ""device"": null, ""gamma"": 1.0, ""loss"": ""sigmoid"", ""max_epochs"": 200, ""model"": null, ""optimizer"": null, ""patience"": 20}",linear,0.1,0.5,0.5,True,0,,,,,0.0,,,0.1375,False,-0.007894736842105274,1.0,0.7272727272727273,0.9752083333333333,0.9475,0.7789473684210526,0.9078947368421053,0.9057431538092351,0.9375,,requires predict_proba,,requires predict_proba,,0.8119999999998981,success,
nnpu,sar-pi0.1-scalesmall,112,"{""batch_size"": 256, ""beta"": 0.1, ""device"": null, ""gamma"": 1.0, ""loss"": ""sigmoid"", ""max_epochs"": 200, ""model"": null, ""optimizer"": null, ""patience"": 20}",linear,0.1,0.5,0.5,True,0,,,,,0.0,,,0.105,False,-0.038253949948102876,0.9565217391304348,0.9109730848861284,0.993125,0.97,0.8536585365853658,0.946949602122016,0.9505526642344269,0.9277777777777778,,requires predict_proba,,requires predict_proba,,0.7809999999990396,success,
nnpu,sar-pi0.1-scalesmall,113,"{""batch_size"": 256, ""beta"": 0.1, ""device"": null, ""gamma"": 1.0, ""loss"": ""sigmoid"", ""max_epochs"": 200, ""model"": null, ""optimizer"": null, ""patience"": 20}",linear,0.1,0.5,0.5,True,0,,,,,0.0,,,0.095,False,-0.052631578947368425,1.0,1.0,0.9983333333333333,0.99,0.9487179487179487,0.9526315789473684,0.9891971544715445,0.9611111111111111,,requires predict_proba,,requires predict_proba,,0.7810000000008586,success,
nnpu,sar-pi0.1-scalesmall,114,"{""batch_size"": 256, ""beta"": 0.1, ""device"": null, ""gamma"": 1.0, ""loss"": ""sigmoid"", ""max_epochs"": 200, ""model"": null, ""optimizer"": null, ""patience"": 20}",linear,0.1,0.5,0.5,True,0,,,,,0.0,,,0.1075,False,-0.03700787401574804,1.0,0.930232558139535,0.9995833333333334,0.9925,0.963855421686747,0.937007874015748,0.9960962034044512,0.9958333333333333,,requires predict_proba,,requires predict_proba,,0.7960000000002765,success,
nnpu,sar-pi0.1-scalesmall,115,"{""batch_size"": 256, ""beta"": 0.1, ""device"": null, ""gamma"": 1.0, ""loss"": ""sigmoid"", ""max_epochs"": 200, ""model"": null, ""optimizer"": null, ""patience"": 20}",linear,0.1,0.5,0.5,True,0,,,,,0.0,,,0.1075,False,0.006696821208694553,0.8095238095238095,0.753045404208195,0.9911111111111112,0.9625,0.8192771084337349,0.9313984168865436,0.9386752932354225,0.9125,,requires predict_proba,,requires predict_proba,,0.7970000000004802,success,
nnpu,sar-pi0.1-scalesmall,116,"{""batch_size"": 256, ""beta"": 0.1, ""device"": null, ""gamma"": 1.0, ""loss"": ""sigmoid"", ""max_epochs"": 200, ""model"": null, ""optimizer"": null, ""patience"": 20}",linear,0.1,0.5,0.5,True,0,,,,,0.0,,,0.085,False,-0.029212212589521308,0.8571428571428571,1.0,0.9961805555555555,0.98,0.8918918918918919,0.9577836411609498,0.9710362037569686,0.9111111111111111,,requires predict_proba,,requires predict_proba,,0.7970000000004802,success,
nnpu,sar-pi0.1-scalesmall,117,"{""batch_size"": 256, ""beta"": 0.1, ""device"": null, ""gamma"": 1.0, ""loss"": ""sigmoid"", ""max_epochs"": 200, ""model"": null, ""optimizer"": null, ""patience"": 20}",linear,0.1,0.5,0.5,True,0,,,,,0.0,,,0.09,False,-0.029523809523809535,0.9333333333333333,1.0,0.9931944444444445,0.975,0.868421052631579,0.9428571428571428,0.9556094311098327,0.9083333333333333,,requires predict_proba,,requires predict_proba,,0.9220000000004802,success,
nnpu,sar-pi0.1-scalesmall,118,"{""batch_size"": 256, ""beta"": 0.1, ""device"": null, ""gamma"": 1.0, ""loss"": ""sigmoid"", ""max_epochs"": 200, ""model"": null, ""optimizer"": null, ""patience"": 20}",linear,0.1,0.5,0.5,True,0,,,,,0.0,,,0.125,False,-0.023482849604221645,1.0,0.8,0.9949305555555555,0.97,0.8666666666666667,0.9234828496042217,0.9727002287664632,0.9722222222222222,,requires predict_proba,,requires predict_proba,,0.9219999999986612,success,
nnpu,sar-pi0.1-scalesmall,119,"{""batch_size"": 256, ""beta"": 0.1, ""device"": null, ""gamma"": 1.0, ""loss"": ""sigmoid"", ""max_epochs"": 200, ""model"": null, ""optimizer"": null, ""patience"": 20}",linear,0.1,0.5,0.5,True,0,,,,,0.0,,,0.11,False,-0.008081226688769177,0.8947368421052632,0.8133971291866029,0.9898611111111111,0.96,0.8095238095238095,0.9291338582677166,0.9210291489047024,0.9111111111111111,,requires predict_proba,,requires predict_proba,,0.7970000000004802,success,
nnpu,sar-pi0.1-scalemid,100,"{""batch_size"": 256, ""beta"": 0.1, ""device"": null, ""gamma"": 1.0, ""loss"": ""sigmoid"", ""max_epochs"": 200, ""model"": null, ""optimizer"": null, ""patience"": 20}",linear,0.1,0.5,0.5,True,0,,,,,0.0,,,0.0955,False,-0.050604308985811884,1.0,1.0,0.9987861111111112,0.9895,0.9462915601023018,0.9506043089858118,0.9908934888566783,0.9608333333333334,,requires predict_proba,,requires predict_proba,,3.6090000000003783,success,
nnpu,sar-pi0.1-scalemid,101,"{""batch_size"": 256, ""beta"": 0.1, ""device"": null, ""gamma"": 1.0, ""loss"": ""sigmoid"", ""max_epochs"": 200, ""model"": null, ""optimizer"": null, ""patience"": 20}",linear,0.1,0.5,0.5,True,0,,,,,0.0,,,0.1025,False,-0.04126900891452544,1.0,0.9756097560975611,0.9990305555555555,0.9915,0.9580246913580247,0.9412690089145255,0.9929830102592014,0.9819444444444445,,requires predict_proba,,requires predict_proba,,3.3590000000003783,success,
nnpu,sar-pi0.1-scalemid,102,"{""batch_size"": 256, ""beta"": 0.1, ""device"": null, ""gamma"": 1.0, ""loss"": ""sigmoid"", ""max_epochs"": 200, ""model"": null, ""optimizer"": null, ""patience"": 20}",linear,0.1,0.5,0.5,True,0,,,,,0.0,,,0.1005,False,-0.04447543661263978,0.9809523809523809,0.9760720208481402,0.9994999999999999,0.9915,0.9576059850374065,0.9482849604221636,0.9957514021365822,0.9775,,requires predict_proba,,requires predict_proba,,3.390000000001237,success,
nnpu,sar-pi0.1-scalemid,103,"{""batch_size"": 256, ""beta"": 0.1, ""device"": null, ""gamma"": 1.0, ""loss"": ""sigmoid"", ""max_epochs"": 200, ""model"": null, ""optimizer"": null, ""patience"": 20}",linear,0.1,0.5,0.5,True,0,,,,,0.0,,,0.0975,False,-0.050594728138510896,0.9905660377358491,1.0,0.9986194444444445,0.9945,0.9721518987341772,0.9524815205913411,0.9937293430967625,0.9791666666666666,,requires predict_proba,,requires predict_proba,,3.2659999999996217,success,
nnpu,sar-pi0.1-scalemid,104,"{""batch_size"": 256, ""beta"": 0.1, ""device"": null, ""gamma"": 1.0, ""loss"": ""sigmoid"", ""max_epochs"": 200, ""model"": null, ""optimizer"": null, ""patience"": 20}",linear,0.1,0.5,0.5,True,0,,,,,0.0,,,0.0915,False,-0.04873684210526316,0.97,1.0,0.9985916666666667,0.9895,0.9451697127937336,0.9547368421052631,0.991287407756329,0.9519444444444445,,requires predict_proba,,requires predict_proba,,3.3440000000009604,success,
nnpu,sar-pi0.1-scalemid,105,"{""batch_size"": 256, ""beta"": 0.1, ""device"": null, ""gamma"": 1.0, ""loss"": ""sigmoid"", ""max_epochs"": 200, ""model"": null, ""optimizer"": null, ""patience"": 20}",linear,0.1,0.5,0.5,True,0,,,,,0.0,,,0.096,False,-0.04560669456066946,1.0,1.0,0.9992416666666667,0.992,0.9591836734693877,0.9456066945606695,0.9938399129717057,0.9688888888888889,,requires predict_proba,,requires predict_proba,,3.389999999999418,success,
nnpu,sar-pi0.1-scalemid,106,"{""batch_size"": 256, ""beta"": 0.1, ""device"": null, ""gamma"": 1.0, ""loss"": ""sigmoid"", ""max_epochs"": 200, ""model"": null, ""optimizer"": null, ""patience"": 20}",linear,0.1,0.5,0.5,True,0,,,,,0.0,,,0.0925,False,-0.05327561327561328,0.9727272727272728,1.0,0.9990222222222223,0.9875,0.935064935064935,0.9587301587301588,0.9922884533165398,0.9486111111111111,,requires predict_proba,,requires predict_proba,,3.42200000000048,success,
nnpu,sar-pi0.1-scalemid,107,"{""batch_size"": 256, ""beta"": 0.1, ""device"": null, ""gamma"": 1.0, ""loss"": ""sigmoid"", ""max_epochs"": 200, ""model"": null, ""optimizer"": null, ""patience"": 20}",linear,0.1,0.5,0.5,True,0,,,,,0.0,,,0.0935,False,-0.048616092540342944,0.9797979797979798,1.0,0.998161111111111,0.9885,0.9405684754521964,0.952656496580747,0.9887525680864987,0.9536111111111112,,requires predict_proba,,requires predict_proba,,3.3590000000003783,success,
nnpu,sar-pi0.1-scalemid,108,"{""batch_size"": 256, ""beta"": 0.1, ""device"": null, ""gamma"": 1.0, ""loss"": ""sigmoid"", ""max_epochs"": 200, ""model"": null, ""optimizer"": null, ""patience"": 20}",linear,0.1,0.5,0.5,True,0,,,,,0.0,,,0.0985,False,-0.04590194421861966,0.98989898989899,1.0,0.9995472222222221,0.9925,0.9622166246851386,0.9479221462388217,0.9962815122219226,0.9758333333333333,,requires predict_proba,,requires predict_proba,,3.42200000000048,success,
nnpu,sar-pi0.1-scalemid,109,"{""batch_size"": 256, ""beta"": 0.1, ""device"": null, ""gamma"": 1.0, ""loss"": ""sigmoid"", ""max_epochs"": 200, ""model"": null, ""optimizer"": null, ""patience"": 20}",linear,0.1,0.5,0.5,True,0,,,,,0.0,,,0.0895,False,-0.05365246890312854,0.9714285714285714,1.0,0.9983944444444444,0.9885,0.9393139841688655,0.9593667546174143,0.990476624533901,0.9447222222222222,,requires predict_proba,,requires predict_proba,,3.389999999999418,success,
nnpu,sar-pi0.1-scalemid,110,"{""batch_size"": 256, ""beta"": 0.1, ""device"": null, ""gamma"": 1.0, ""loss"": ""sigmoid"", ""max_epochs"": 200, ""model"": null, ""optimizer"": null, ""patience"": 20}",linear,0.1,0.5,0.5,True,0,,,,,0.0,,,0.1045,False,-0.035736677115987464,1.0,0.9569377990430623,0.9990388888888889,0.9895,0.9486552567237164,0.9357366771159875,0.9932984867172913,0.9808333333333333,,requires predict_proba,,requires predict_proba,,3.4060000000008586,success,
nnpu,sar-pi0.1-scalemid,111,"{""batch_size"": 256, ""beta"": 0.1, ""device"": null, ""gamma"": 1.0, ""loss"": ""sigmoid"", ""max_epochs"": 200, ""model"": null, ""optimizer"": null, ""patience"": 20}",linear,0.1,0.5,0.5,True,0,,,,,0.0,,,0.1005,False,-0.0468421052631579,1.0,0.9950248756218906,0.999,0.9925,0.9625935162094763,0.9468421052631579,0.9909176546268927,0.9802777777777778,,requires predict_proba,,requires predict_proba,,3.4689999999991414,success,
nnpu,sar-pi0.1-scalemid,112,"{""batch_size"": 256, ""beta"": 0.1, ""device"": null, ""gamma"": 1.0, ""loss"": ""sigmoid"", ""max_epochs"": 200, ""model"": null, ""optimizer"": null, ""patience"": 20}",linear,0.1,0.5,0.5,True,0,,,,,0.0,,,0.0955,False,-0.052105263157894745,1.0,1.0,0.9991472222222222,0.9935,0.9667519181585678,0.9521052631578948,0.9943272423135805,0.9719444444444445,,requires predict_proba,,requires predict_proba,,3.4530000000013388,success,
nnpu,sar-pi0.1-scalemid,113,"{""batch_size"": 256, ""beta"": 0.1, ""device"": null, ""gamma"": 1.0, ""loss"": ""sigmoid"", ""max_epochs"": 200, ""model"": null, ""optimizer"": null, ""patience"": 20}",linear,0.1,0.5,0.5,True,0,,,,,0.0,,,0.099,False,-0.04122807522493222,0.989010989010989,0.999000999000999,0.9989277777777777,0.994,0.9698492462311558,0.9434258774227344,0.9913434701470615,0.981111111111111,,requires predict_proba,,requires predict_proba,,3.42200000000048,success,
nnpu,sar-pi0.1-scalemid,114,"{""batch_size"": 256, ""beta"": 0.1, ""device"": null, ""gamma"": 1.0, ""loss"": ""sigmoid"", ""max_epochs"": 200, ""model"": null, ""optimizer"": null, ""patience"": 20}",linear,0.1,0.5,0.5,True,0,,,,,0.0,,,0.1005,False,-0.05134849286092015,1.0,0.9950248756218906,0.9991972222222222,0.9935,0.9675810473815462,0.9513484928609202,0.9930408341477065,0.9830555555555556,,requires predict_proba,,requires predict_proba,,3.2809999999990396,success,
nnpu,sar-pi0.1-scalemid,115,"{""batch_size"": 256, ""beta"": 0.1, ""device"": null, ""gamma"": 1.0, ""loss"": ""sigmoid"", ""max_epochs"": 200, ""model"": null, ""optimizer"": null, ""patience"": 20}",linear,0.1,0.5,0.5,True,0,,,,,0.0,,,0.0995,False,-0.04553084558361604,0.9809523809523809,0.9858817899018903,0.9984944444444446,0.9915,0.9573934837092731,0.9493403693931398,0.9906620081306323,0.9752777777777777,,requires predict_proba,,requires predict_proba,,3.5310000000008586,success,
nnpu,sar-pi0.1-scalemid,116,"{""batch_size"": 256, ""beta"": 0.1, ""device"": null, ""gamma"": 1.0, ""loss"": ""sigmoid"", ""max_epochs"": 200, ""model"": null, ""optimizer"": null, ""patience"": 20}",linear,0.1,0.5,0.5,True,0,,,,,0.0,,,0.097,False,-0.04629316012830986,0.9716981132075472,1.0,0.9993833333333333,0.994,0.9695431472081218,0.9519535374868004,0.9951652198974374,0.9766666666666666,,requires predict_proba,,requires predict_proba,,3.4219999999986612,success,
nnpu,sar-pi0.1-scalemid,117,"{""batch_size"": 256, ""beta"": 0.1, ""device"": null, ""gamma"": 1.0, ""loss"": ""sigmoid"", ""max_epochs"": 200, ""model"": null, ""optimizer"": null, ""patience"": 20}",linear,0.1,0.5,0.5,True,0,,,,,0.0,,,0.098,False,-0.05006674503397024,0.9905660377358491,1.0,0.999225,0.994,0.9696969696969697,0.9519535374868004,0.9939515817550036,0.9788888888888889,,requires predict_proba,,requires predict_proba,,3.4219999999986612,success,
nnpu,sar-pi0.1-scalemid,118,"{""batch_size"": 256, ""beta"": 0.1, ""device"": null, ""gamma"": 1.0, ""loss"": ""sigmoid"", ""max_epochs"": 200, ""model"": null, ""optimizer"": null, ""patience"": 20}",linear,0.1,0.5,0.5,True,0,,,,,0.0,,,0.1,False,-0.043287592569518564,0.9896907216494846,0.9896907216494846,0.9996666666666667,0.995,0.975,0.9453494482396216,0.9969672452133354,0.9861111111111112,,requires predict_proba,,requires predict_proba,,3.4060000000008586,success,
nnpu,sar-pi0.1-scalemid,119,"{""batch_size"": 256, ""beta"": 0.1, ""device"": null, ""gamma"": 1.0, ""loss"": ""sigmoid"", ""max_epochs"": 200, ""model"": null, ""optimizer"": null, ""patience"": 20}",linear,0.1,0.5,0.5,True,0,,,,,0.0,,,0.0935,False,-0.044944228050121625,0.9690721649484536,1.0,0.9978472222222222,0.9875,0.9354005167958657,0.9511297950604309,0.9870328560105323,0.9508333333333334,,requires predict_proba,,requires predict_proba,,3.4059999999990396,success,
nnpu,sar-pi0.3-scalesmall,100,"{""batch_size"": 256, ""beta"": 0.1, ""device"": null, ""gamma"": 1.0, ""loss"": ""sigmoid"", ""max_epochs"": 200, ""model"": null, ""optimizer"": null, ""patience"": 20}",linear,0.3,0.5,0.5,True,0,,,,,0.0,,,0.2925,False,-0.10094777172817099,0.9655172413793104,0.9902740937223697,0.9919940476190476,0.9575,0.9282700421940928,0.8216374269005848,0.9830934361873307,0.9458333333333333,,requires predict_proba,,requires predict_proba,,0.8130000000001019,success,
nnpu,sar-pi0.3-scalesmall,101,"{""batch_size"": 256, ""beta"": 0.1, ""device"": null, ""gamma"": 1.0, ""loss"": ""sigmoid"", ""max_epochs"": 200, ""model"": null, ""optimizer"": null, ""patience"": 20}",linear,0.3,0.5,0.5,True,0,,,,,0.0,,,0.3175,False,-0.08999999999999997,0.9833333333333333,0.9291338582677164,0.9963988095238095,0.9775,0.9635627530364372,0.8,0.9908355778345697,0.9815476190476191,,requires predict_proba,,requires predict_proba,,0.8279999999995198,success,
nnpu,sar-pi0.3-scalesmall,102,"{""batch_size"": 256, ""beta"": 0.1, ""device"": null, ""gamma"": 1.0, ""loss"": ""sigmoid"", ""max_epochs"": 200, ""model"": null, ""optimizer"": null, ""patience"": 20}",linear,0.3,0.5,0.5,True,0,,,,,0.0,,,0.2925,False,-0.1250728862973761,1.0,1.0,0.9972321428571429,0.9875,0.9789029535864979,0.8250728862973761,0.9946170653627187,0.9815476190476191,,requires predict_proba,,requires predict_proba,,0.8130000000001019,success,
nnpu,sar-pi0.3-scalesmall,103,"{""batch_size"": 256, ""beta"": 0.1, ""device"": null, ""gamma"": 1.0, ""loss"": ""sigmoid"", ""max_epochs"": 200, ""model"": null, ""optimizer"": null, ""patience"": 20}",linear,0.3,0.5,0.5,True,0,,,,,0.0,,,0.2875,False,-0.11722943722943721,0.9428571428571428,0.9838509316770188,0.995625,0.9575,0.9276595744680851,0.8515151515151516,0.9899193510667047,0.9434523809523809,,requires predict_proba,,requires predict_proba,,0.9529999999995198,success,
nnpu,sar-pi0.3-scalesmall,104,"{""batch_size"": 256, ""beta"": 0.1, ""device"": null, ""gamma"": 1.0, ""loss"": ""sigmoid"", ""max_epochs"": 200, ""model"": null, ""optimizer"": null, ""patience"": 20}",linear,0.3,0.5,0.5,True,0,,,,,0.0,,,0.2125,False,-0.14643440391943385,0.8787878787878788,1.0,0.995625,0.9125,0.8292682926829268,0.9191616766467066,0.9904515510025501,0.8541666666666667,,requires predict_proba,,requires predict_proba,,0.7970000000004802,success,
nnpu,sar-pi0.3-scalesmall,105,"{""batch_size"": 256, ""beta"": 0.1, ""device"": null, ""gamma"": 1.0, ""loss"": ""sigmoid"", ""max_epochs"": 200, ""model"": null, ""optimizer"": null, ""patience"": 20}",linear,0.3,0.5,0.5,True,0,,,,,0.0,,,0.2875,False,-0.12267508325463491,0.9830508474576272,1.0,0.9987797619047619,0.9825,0.9702127659574468,0.8328445747800587,0.9974270661381186,0.9732142857142857,,requires predict_proba,,requires predict_proba,,0.8130000000001019,success,
nnpu,sar-pi0.3-scalesmall,106,"{""batch_size"": 256, ""beta"": 0.1, ""device"": null, ""gamma"": 1.0, ""loss"": ""sigmoid"", ""max_epochs"": 200, ""model"": null, ""optimizer"": null, ""patience"": 20}",linear,0.3,0.5,0.5,True,0,,,,,0.0,,,0.2625,False,-0.07544157128726864,0.873015873015873,0.9977324263038548,0.980327380952381,0.9325,0.88,0.8516320474777448,0.960621111595876,0.9017857142857142,,requires predict_proba,,requires predict_proba,,0.8130000000001019,success,
nnpu,sar-pi0.3-scalesmall,107,"{""batch_size"": 256, ""beta"": 0.1, ""device"": null, ""gamma"": 1.0, ""loss"": ""sigmoid"", ""max_epochs"": 200, ""model"": null, ""optimizer"": null, ""patience"": 20}",linear,0.3,0.5,0.5,True,0,,,,,0.0,,,0.26,False,-0.1274887604367373,0.9629629629629629,1.0,0.9946726190476189,0.955,0.9196428571428571,0.8497109826589595,0.9886886055807833,0.9273809523809524,,requires predict_proba,,requires predict_proba,,0.8130000000001019,success,
nnpu,sar-pi0.3-scalesmall,108,"{""batch_size"": 256, ""beta"": 0.1, ""device"": null, ""gamma"": 1.0, ""loss"": ""sigmoid"", ""max_epochs"": 200, ""model"": null, ""optimizer"": null, ""patience"": 20}",linear,0.3,0.5,0.5,True,0,,,,,0.5,,,0.3025,False,-0.12300884955752212,1.0,0.9917355371900827,0.9989880952380953,0.9875,0.979253112033195,0.8230088495575221,0.9978449059750933,0.9863095238095239,,requires predict_proba,,requires predict_proba,,0.8279999999995198,success,
nnpu,sar-pi0.3-scalesmall,109,"{""batch_size"": 256, ""beta"": 0.1, ""device"": null, ""gamma"": 1.0, ""loss"": ""sigmoid"", ""max_epochs"": 200, ""model"": null, ""optimizer"": null, ""patience"": 20}",linear,0.3,0.5,0.5,True,0,,,,,0.0,,,0.245,False,-0.13368659036314823,0.9206349206349206,1.0,0.9887797619047619,0.94,0.8899082568807339,0.8813056379821959,0.9778191044443685,0.9023809523809524,,requires predict_proba,,requires predict_proba,,0.8130000000001019,success,
nnpu,sar-pi0.3-scalesmall,110,"{""batch_size"": 256, ""beta"": 0.1, ""device"": null, ""gamma"": 1.0, ""loss"": ""sigmoid"", ""max_epochs"": 200, ""model"": null, ""optimizer"": null, ""patience"": 20}",linear,0.3,0.5,0.5,True,0,,,,,0.0,,,0.3025,False,-0.09743701339523186,0.9672131147540983,0.9592196179379489,0.9955654761904762,0.9725,0.9543568464730291,0.8171091445427728,0.9915037947643403,0.968452380952381,,requires predict_proba,,requires predict_proba,,0.875,success,
nnpu,sar-pi0.3-scalesmall,111,"{""batch_size"": 256, ""beta"": 0.1, ""device"": null, ""gamma"": 1.0, ""loss"": ""sigmoid"", ""max_epochs"": 200, ""model"": null, ""optimizer"": null, ""patience"": 20}",linear,0.3,0.5,0.5,True,0,,,,,0.0,,,0.325,False,-0.07868681345991349,0.9830508474576272,0.9074315514993481,0.9841964285714286,0.945,0.912,0.7888563049853372,0.9714089891219658,0.9464285714285714,,requires predict_proba,,requires predict_proba,,0.9530000000013388,success,
nnpu,sar-pi0.3-scalesmall,112,"{""batch_size"": 256, ""beta"": 0.1, ""device"": null, ""gamma"": 1.0, ""loss"": ""sigmoid"", ""max_epochs"": 200, ""model"": null, ""optimizer"": null, ""patience"": 20}",linear,0.3,0.5,0.5,True,0,,,,,0.0,,,0.28,False,-0.1324404761904762,0.96875,1.0,0.9915773809523809,0.95,0.9137931034482759,0.8511904761904762,0.9825033569599655,0.930952380952381,,requires predict_proba,,requires predict_proba,,0.8279999999995198,success,
nnpu,sar-pi0.3-scalesmall,113,"{""batch_size"": 256, ""beta"": 0.1, ""device"": null, ""gamma"": 1.0, ""loss"": ""sigmoid"", ""max_epochs"": 200, ""model"": null, ""optimizer"": null, ""patience"": 20}",linear,0.3,0.5,0.5,True,0,,,,,0.0,,,0.2825,False,-0.10476190476190475,0.9375,0.9955752212389382,0.9982738095238096,0.9775,0.9613733905579399,0.8422619047619048,0.9963586543224318,0.9648809523809524,,requires predict_proba,,requires predict_proba,,1.1090000000003783,success,
nnpu,sar-pi0.3-scalesmall,114,"{""batch_size"": 256, ""beta"": 0.1, ""device"": null, ""gamma"": 1.0, ""loss"": ""sigmoid"", ""max_epochs"": 200, ""model"": null, ""optimizer"": null, ""patience"": 20}",linear,0.3,0.5,0.5,True,0,,,,,0.0,,,0.3,False,-0.11836936555037444,0.9841269841269841,0.984126984126984,0.9980952380952381,0.99,0.9833333333333333,0.827893175074184,0.9960060301000555,0.9880952380952381,,requires predict_proba,,requires predict_proba,,0.8909999999996217,success,
nnpu,sar-pi0.3-scalesmall,115,"{""batch_size"": 256, ""beta"": 0.1, ""device"": null, ""gamma"": 1.0, ""loss"": ""sigmoid"", ""max_epochs"": 200, ""model"": null, ""optimizer"": null, ""patience"": 20}",linear,0.3,0.5,0.5,True,0,,,,,0.0,,,0.2825,False,-0.08747591522157996,0.9444444444444444,1.0,0.9910714285714286,0.9525,0.9184549356223176,0.8208092485549133,0.9824525696087978,0.9351190476190476,,requires predict_proba,,requires predict_proba,,0.8590000000003783,success,
nnpu,sar-pi0.3-scalesmall,116,"{""batch_size"": 256, ""beta"": 0.1, ""device"": null, ""gamma"": 1.0, ""loss"": ""sigmoid"", ""max_epochs"": 200, ""model"": null, ""optimizer"": null, ""patience"": 20}",linear,0.3,0.5,0.5,True,0,,,,,0.0,,,0.265,False,-0.09400648978812748,0.9032258064516129,1.0,0.9966666666666667,0.96,0.9292035398230089,0.8520710059171598,0.9926414413501713,0.9357142857142857,,requires predict_proba,,requires predict_proba,,0.8279999999995198,success,
nnpu,sar-pi0.3-scalesmall,117,"{""batch_size"": 256, ""beta"": 0.1, ""device"": null, ""gamma"": 1.0, ""loss"": ""sigmoid"", ""max_epochs"": 200, ""model"": null, ""optimizer"": null, ""patience"": 20}",linear,0.3,0.5,0.5,True,0,,,,,0.0,,,0.255,False,-0.06908395049455737,0.864406779661017,1.0,0.9957142857142858,0.95,0.9099099099099099,0.8504398826979472,0.9905019079075312,0.9190476190476191,,requires predict_proba,,requires predict_proba,,0.8279999999995198,success,
nnpu,sar-pi0.3-scalesmall,118,"{""batch_size"": 256, ""beta"": 0.1, ""device"": null, ""gamma"": 1.0, ""loss"": ""sigmoid"", ""max_epochs"": 200, ""model"": null, ""optimizer"": null, ""patience"": 20}",linear,0.3,0.5,0.5,True,0,,,,,0.0,,,0.305,False,-0.09451827242524916,0.9821428571428571,0.9660421545667446,0.9930357142857142,0.97,0.9504132231404959,0.8052325581395349,0.9861444111238661,0.9666666666666667,,requires predict_proba,,requires predict_proba,,0.9210000000002765,success,
nnpu,sar-pi0.3-scalesmall,119,"{""batch_size"": 256, ""beta"": 0.1, ""device"": null, ""gamma"": 1.0, ""loss"": ""sigmoid"", ""max_epochs"": 200, ""model"": null, ""optimizer"": null, ""patience"": 20}",linear,0.3,0.5,0.5,True,0,,,,,0.0,,,0.275,False,-0.07663690476190477,0.890625,0.9715909090909088,0.98875,0.925,0.8695652173913043,0.8422619047619048,0.9731736092484728,0.8988095238095238,,requires predict_proba,,requires predict_proba,,0.8590000000003783,success,
nnpu,sar-pi0.3-scalemid,100,"{""batch_size"": 256, ""beta"": 0.1, ""device"": null, ""gamma"": 1.0, ""loss"": ""sigmoid"", ""max_epochs"": 200, ""model"": null, ""optimizer"": null, ""patience"": 20}",linear,0.3,0.5,0.5,True,0,,,,,0.2857142857142857,,,0.287,False,-0.1397467248740262,0.996742671009772,1.0,0.9982,0.982,0.969335604770017,0.8417011222681631,0.9963766876460649,0.9723809523809523,,requires predict_proba,,requires predict_proba,,3.1569999999992433,success,
nnpu,sar-pi0.3-scalemid,101,"{""batch_size"": 256, ""beta"": 0.1, ""device"": null, ""gamma"": 1.0, ""loss"": ""sigmoid"", ""max_epochs"": 200, ""model"": null, ""optimizer"": null, ""patience"": 20}",linear,0.3,0.5,0.5,True,0,,,,,0.2857142857142857,,,0.2965,False,-0.11184379001280409,0.9894366197183099,1.0,0.9991654761904762,0.9865,0.9773679798826488,0.8181818181818182,0.9981040408617503,0.9822619047619048,,requires predict_proba,,requires predict_proba,,3.45299999999952,success,
nnpu,sar-pi0.3-scalemid,102,"{""batch_size"": 256, ""beta"": 0.1, ""device"": null, ""gamma"": 1.0, ""loss"": ""sigmoid"", ""max_epochs"": 200, ""model"": null, ""optimizer"": null, ""patience"": 20}",linear,0.3,0.5,0.5,True,0,,,,,0.42857142857142855,,,0.2965,False,-0.13001836936555036,0.9936507936507937,1.0,0.9991392857142858,0.9865,0.9773679798826488,0.8338278931750742,0.9980603959164565,0.9822619047619048,,requires predict_proba,,requires predict_proba,,3.3590000000003783,success,
nnpu,sar-pi0.3-scalemid,103,"{""batch_size"": 256, ""beta"": 0.1, ""device"": null, ""gamma"": 1.0, ""loss"": ""sigmoid"", ""max_epochs"": 200, ""model"": null, ""optimizer"": null, ""patience"": 20}",linear,0.3,0.5,0.5,True,0,,,,,0.2857142857142857,,,0.2895,False,-0.11986616216259943,0.986159169550173,1.0,0.9990380952380952,0.9865,0.9770992366412213,0.8281706604324957,0.9980515008346926,0.9789285714285714,,requires predict_proba,,requires predict_proba,,3.20299999999952,success,
nnpu,sar-pi0.3-scalemid,104,"{""batch_size"": 256, ""beta"": 0.1, ""device"": null, ""gamma"": 1.0, ""loss"": ""sigmoid"", ""max_epochs"": 200, ""model"": null, ""optimizer"": null, ""patience"": 20}",linear,0.3,0.5,0.5,True,0,,,,,0.14285714285714285,,,0.2865,False,-0.12437190711838597,0.9831081081081081,1.0,0.9988857142857143,0.9795,0.9650468883205456,0.8345070422535211,0.9975320335624372,0.9691666666666667,,requires predict_proba,,requires predict_proba,,3.7660000000014406,success,
nnpu,sar-pi0.3-scalemid,105,"{""batch_size"": 256, ""beta"": 0.1, ""device"": null, ""gamma"": 1.0, ""loss"": ""sigmoid"", ""max_epochs"": 200, ""model"": null, ""optimizer"": null, ""patience"": 20}",linear,0.3,0.5,0.5,True,0,,,,,0.2857142857142857,,,0.2945,False,-0.12033503646552815,0.993127147766323,1.0,0.9994511904761905,0.9895,0.9823380992430614,0.8244587478057344,0.9987546321134234,0.9848809523809524,,requires predict_proba,,requires predict_proba,,2.6719999999986612,success,
nnpu,sar-pi0.3-scalemid,106,"{""batch_size"": 256, ""beta"": 0.1, ""device"": null, ""gamma"": 1.0, ""loss"": ""sigmoid"", ""max_epochs"": 200, ""model"": null, ""optimizer"": null, ""patience"": 20}",linear,0.3,0.5,0.5,True,0,,,,,0.42857142857142855,,,0.284,False,-0.1382005999026457,0.990228013029316,1.0,0.9983345238095238,0.977,0.9606164383561644,0.8440637920850561,0.9963664874035101,0.9650000000000001,,requires predict_proba,,requires predict_proba,,1.8279999999995198,success,
nnpu,sar-pi0.3-scalemid,107,"{""batch_size"": 256, ""beta"": 0.1, ""device"": null, ""gamma"": 1.0, ""loss"": ""sigmoid"", ""max_epochs"": 200, ""model"": null, ""optimizer"": null, ""patience"": 20}",linear,0.3,0.5,0.5,True,0,,,,,0.2857142857142857,,,0.2845,False,-0.1230501194186204,0.9826989619377162,1.0,0.998257142857143,0.9755,0.9580838323353293,0.8334307422559907,0.996331980677341,0.963452380952381,,requires predict_proba,,requires predict_proba,,3.5310000000008586,success,
nnpu,sar-pi0.3-scalemid,108,"{""batch_size"": 256, ""beta"": 0.1, ""device"": null, ""gamma"": 1.0, ""loss"": ""sigmoid"", ""max_epochs"": 200, ""model"": null, ""optimizer"": null, ""patience"": 20}",linear,0.3,0.5,0.5,True,0,,,,,0.2857142857142857,,,0.2935,False,-0.12599999999999997,0.9933333333333333,1.0,0.9993964285714286,0.9885,0.9806234203875316,0.83,0.9986270785957513,0.9832142857142857,,requires predict_proba,,requires predict_proba,,3.2969999999986612,success,
nnpu,sar-pi0.3-scalemid,109,"{""batch_size"": 256, ""beta"": 0.1, ""device"": null, ""gamma"": 1.0, ""loss"": ""sigmoid"", ""max_epochs"": 200, ""model"": null, ""optimizer"": null, ""patience"": 20}",linear,0.3,0.5,0.5,True,0,,,,,0.2857142857142857,,,0.284,False,-0.14481007825920977,0.9967741935483871,1.0,0.998497619047619,0.98,0.9657534246575342,0.8467455621301775,0.9969206686845121,0.9685714285714285,,requires predict_proba,,requires predict_proba,,4.233999999998559,success,
nnpu,sar-pi0.3-scalemid,110,"{""batch_size"": 256, ""beta"": 0.1, ""device"": null, ""gamma"": 1.0, ""loss"": ""sigmoid"", ""max_epochs"": 200, ""model"": null, ""optimizer"": null, ""patience"": 20}",linear,0.3,0.5,0.5,True,0,,,,,0.14285714285714285,,,0.2955,False,-0.11840014445648248,0.9964788732394366,1.0,0.9988238095238096,0.9835,0.9722921914357683,0.8205128205128205,0.9973738980587117,0.9782142857142857,,requires predict_proba,,requires predict_proba,,4.20299999999952,success,
nnpu,sar-pi0.3-scalemid,111,"{""batch_size"": 256, ""beta"": 0.1, ""device"": null, ""gamma"": 1.0, ""loss"": ""sigmoid"", ""max_epochs"": 200, ""model"": null, ""optimizer"": null, ""patience"": 20}",linear,0.3,0.5,0.5,True,0,,,,,0.2857142857142857,,,0.292,False,-0.13245149911816578,1.0,1.0,0.9992309523809524,0.987,0.9780405405405406,0.8324514991181657,0.9982700833655177,0.9807142857142856,,requires predict_proba,,requires predict_proba,,3.7340000000003783,success,
nnpu,sar-pi0.3-scalemid,112,"{""batch_size"": 256, ""beta"": 0.1, ""device"": null, ""gamma"": 1.0, ""loss"": ""sigmoid"", ""max_epochs"": 200, ""model"": null, ""optimizer"": null, ""patience"": 20}",linear,0.3,0.5,0.5,True,0,,,,,0.42857142857142855,,,0.287,False,-0.12748290016415043,0.9897610921501706,1.0,0.9989011904761905,0.981,0.9676320272572402,0.833626244874048,0.9975831119524705,0.9711904761904762,,requires predict_proba,,requires predict_proba,,3.561999999999898,success,
nnpu,sar-pi0.3-scalemid,113,"{""batch_size"": 256, ""beta"": 0.1, ""device"": null, ""gamma"": 1.0, ""loss"": ""sigmoid"", ""max_epochs"": 200, ""model"": null, ""optimizer"": null, ""patience"": 20}",linear,0.3,0.5,0.5,True,0,,,,,0.2857142857142857,,,0.292,False,-0.12155852964140096,0.9865771812080537,1.0,0.999027380952381,0.987,0.9780405405405406,0.8296122209165687,0.9976790914519891,0.9807142857142856,,requires predict_proba,,requires predict_proba,,3.2039999999997235,success,
nnpu,sar-pi0.3-scalemid,114,"{""batch_size"": 256, ""beta"": 0.1, ""device"": null, ""gamma"": 1.0, ""loss"": ""sigmoid"", ""max_epochs"": 200, ""model"": null, ""optimizer"": null, ""patience"": 20}",linear,0.3,0.5,0.5,True,0,,,,,0.42857142857142855,,,0.299,False,-0.12553773240977031,0.9935897435897436,0.9969127862104451,0.9988071428571429,0.985,0.9749582637729549,0.8293838862559242,0.9972408723846021,0.9816666666666667,,requires predict_proba,,requires predict_proba,,3.3430000000007567,success,
nnpu,sar-pi0.3-scalemid,115,"{""batch_size"": 256, ""beta"": 0.1, ""device"": null, ""gamma"": 1.0, ""loss"": ""sigmoid"", ""max_epochs"": 200, ""model"": null, ""optimizer"": null, ""patience"": 20}",linear,0.3,0.5,0.5,True,0,,,,,0.14285714285714285,,,0.289,False,-0.13331678252234358,0.993421052631579,1.0,0.9984428571428572,0.982,0.969439728353141,0.8372641509433962,0.9967731163877953,0.9733333333333334,,requires predict_proba,,requires predict_proba,,3.3439999999991414,success,
nnpu,sar-pi0.3-scalemid,116,"{""batch_size"": 256, ""beta"": 0.1, ""device"": null, ""gamma"": 1.0, ""loss"": ""sigmoid"", ""max_epochs"": 200, ""model"": null, ""optimizer"": null, ""patience"": 20}",linear,0.3,0.5,0.5,True,0,,,,,0.2857142857142857,,,0.2935,False,-0.12650439099983055,0.9871382636655949,1.0,0.9991369047619048,0.9855,0.9755686604886268,0.8342214328004737,0.9979691337944413,0.9796428571428571,,requires predict_proba,,requires predict_proba,,3.311999999999898,success,
nnpu,sar-pi0.3-scalemid,117,"{""batch_size"": 256, ""beta"": 0.1, ""device"": null, ""gamma"": 1.0, ""loss"": ""sigmoid"", ""max_epochs"": 200, ""model"": null, ""optimizer"": null, ""patience"": 20}",linear,0.3,0.5,0.5,True,0,,,,,0.42857142857142855,,,0.2885,False,-0.1343542826836383,0.9814814814814815,1.0,0.9989333333333333,0.9815,0.9685641461342396,0.8454653937947494,0.9974634514653896,0.9724999999999999,,requires predict_proba,,requires predict_proba,,3.32799999999952,success,
nnpu,sar-pi0.3-scalemid,118,"{""batch_size"": 256, ""beta"": 0.1, ""device"": null, ""gamma"": 1.0, ""loss"": ""sigmoid"", ""max_epochs"": 200, ""model"": null, ""optimizer"": null, ""patience"": 20}",linear,0.3,0.5,0.5,True,0,,,,,0.2857142857142857,,,0.2945,False,-0.12132915859410459,0.9931740614334471,1.0,0.9993440476190476,0.9875,0.9789739276703112,0.8254247217340364,0.9984698267541817,0.9824999999999999,,requires predict_proba,,requires predict_proba,,3.3590000000003783,success,
nnpu,sar-pi0.3-scalemid,119,"{""batch_size"": 256, ""beta"": 0.1, ""device"": null, ""gamma"": 1.0, ""loss"": ""sigmoid"", ""max_epochs"": 200, ""model"": null, ""optimizer"": null, ""patience"": 20}",linear,0.3,0.5,0.5,True,0,,,,,0.5714285714285714,,,0.2825,False,-0.12437884422617246,0.9764309764309764,1.0,0.9984428571428571,0.9785,0.9630901287553648,0.8385202583675866,0.9967007743316492,0.9660714285714286,,requires predict_proba,,requires predict_proba,,3.2809999999990396,success,
nnpu,sar-pi0.5-scalesmall,100,"{""batch_size"": 256, ""beta"": 0.1, ""device"": null, ""gamma"": 1.0, ""loss"": ""sigmoid"", ""max_epochs"": 200, ""model"": null, ""optimizer"": null, ""patience"": 20}",linear,0.5,0.5,0.5,True,0,,,,,0.0,,,0.4875,False,-0.13497990682456706,0.978021978021978,1.0,0.98915,0.9575,0.9569620253164557,0.656957928802589,0.9906416548541727,0.9575,,requires predict_proba,,requires predict_proba,,0.8440000000009604,success,
nnpu,sar-pi0.5-scalesmall,101,"{""batch_size"": 256, ""beta"": 0.1, ""device"": null, ""gamma"": 1.0, ""loss"": ""sigmoid"", ""max_epochs"": 200, ""model"": null, ""optimizer"": null, ""patience"": 20}",linear,0.5,0.5,0.5,True,0,,,,,0.0,,,0.4975,False,-0.14975672825014458,0.9896907216494846,0.9946640418587784,0.9937,0.9775,0.9774436090225563,0.6600660066006601,0.9929351540930449,0.9775,,requires predict_proba,,requires predict_proba,,0.7960000000002765,success,
nnpu,sar-pi0.5-scalesmall,102,"{""batch_size"": 256, ""beta"": 0.1, ""device"": null, ""gamma"": 1.0, ""loss"": ""sigmoid"", ""max_epochs"": 200, ""model"": null, ""optimizer"": null, ""patience"": 20}",linear,0.5,0.5,0.5,True,0,,,,,0.0,,,0.485,False,-0.1710097719869707,1.0,1.0,0.99725,0.98,0.9796954314720813,0.6710097719869706,0.9974338199610153,0.98,,requires predict_proba,,requires predict_proba,,0.8279999999995198,success,
nnpu,sar-pi0.5-scalesmall,103,"{""batch_size"": 256, ""beta"": 0.1, ""device"": null, ""gamma"": 1.0, ""loss"": ""sigmoid"", ""max_epochs"": 200, ""model"": null, ""optimizer"": null, ""patience"": 20}",linear,0.5,0.5,0.5,True,0,,,,,0.5,,,0.46,False,-0.1695924764890282,0.9454545454545454,1.0,0.992575,0.93,0.9270833333333334,0.7241379310344828,0.9925268356836583,0.9299999999999999,,requires predict_proba,,requires predict_proba,,0.8280000000013388,success,
nnpu,sar-pi0.5-scalesmall,104,"{""batch_size"": 256, ""beta"": 0.1, ""device"": null, ""gamma"": 1.0, ""loss"": ""sigmoid"", ""max_epochs"": 200, ""model"": null, ""optimizer"": null, ""patience"": 20}",linear,0.5,0.5,0.5,True,0,,,,,0.0,,,0.45,False,-0.20929500976853538,0.9801980198019802,1.0,0.9957,0.935,0.9315789473684211,0.7290969899665551,0.9957278671011062,0.935,,requires predict_proba,,requires predict_proba,,0.9689999999991414,success,
nnpu,sar-pi0.5-scalesmall,105,"{""batch_size"": 256, ""beta"": 0.1, ""device"": null, ""gamma"": 1.0, ""loss"": ""sigmoid"", ""max_epochs"": 200, ""model"": null, ""optimizer"": null, ""patience"": 20}",linear,0.5,0.5,0.5,True,0,,,,,0.5,,,0.4875,False,-0.16999999999999998,0.99,1.0,0.999075,0.9775,0.9772151898734177,0.68,0.9991066871953743,0.9775,,requires predict_proba,,requires predict_proba,,0.7970000000004802,success,
nnpu,sar-pi0.5-scalesmall,106,"{""batch_size"": 256, ""beta"": 0.1, ""device"": null, ""gamma"": 1.0, ""loss"": ""sigmoid"", ""max_epochs"": 200, ""model"": null, ""optimizer"": null, ""patience"": 20}",linear,0.5,0.5,0.5,True,0,,,,,0.0,,,0.4725,False,-0.1175834572239492,0.9387755102040817,0.9934132383111975,0.98375,0.9275,0.9254498714652957,0.6788079470198676,0.9845327699850595,0.9275,,requires predict_proba,,requires predict_proba,,0.7969999999986612,success,
nnpu,sar-pi0.5-scalesmall,107,"{""batch_size"": 256, ""beta"": 0.1, ""device"": null, ""gamma"": 1.0, ""loss"": ""sigmoid"", ""max_epochs"": 200, ""model"": null, ""optimizer"": null, ""patience"": 20}",linear,0.5,0.5,0.5,True,0,,,,,0.0,,,0.4575,False,-0.15958960133717415,0.967032967032967,1.0,0.99595,0.9575,0.9556135770234987,0.6925566343042071,0.9962014528015127,0.9575,,requires predict_proba,,requires predict_proba,,0.8130000000001019,success,
nnpu,sar-pi0.5-scalesmall,108,"{""batch_size"": 256, ""beta"": 0.1, ""device"": null, ""gamma"": 1.0, ""loss"": ""sigmoid"", ""max_epochs"": 200, ""model"": null, ""optimizer"": null, ""patience"": 20}",linear,0.5,0.5,0.5,True,0,,,,,0.5,,,0.5025,False,-0.15894039735099336,1.0,0.9950248756218907,0.998675,0.9875,0.9875311720698254,0.6589403973509934,0.9987084713050448,0.9875,,requires predict_proba,,requires predict_proba,,0.7969999999986612,success,
nnpu,sar-pi0.5-scalesmall,109,"{""batch_size"": 256, ""beta"": 0.1, ""device"": null, ""gamma"": 1.0, ""loss"": ""sigmoid"", ""max_epochs"": 200, ""model"": null, ""optimizer"": null, ""patience"": 20}",linear,0.5,0.5,0.5,True,0,,,,,0.0,,,0.4425,False,-0.14690090271485617,0.9292929292929293,1.0,0.9911000000000001,0.9225,0.9177718832891246,0.717607973421927,0.9913175361650512,0.9225,,requires predict_proba,,requires predict_proba,,0.8130000000001019,success,
nnpu,sar-pi0.5-scalesmall,110,"{""batch_size"": 256, ""beta"": 0.1, ""device"": null, ""gamma"": 1.0, ""loss"": ""sigmoid"", ""max_epochs"": 200, ""model"": null, ""optimizer"": null, ""patience"": 20}",linear,0.5,0.5,0.5,True,0,,,,,0.0,,,0.49,False,-0.16569814366424535,0.9809523809523809,1.0,0.9973000000000001,0.98,0.9797979797979798,0.6847457627118644,0.9975177389276839,0.98,,requires predict_proba,,requires predict_proba,,0.8439999999991414,success,
nnpu,sar-pi0.5-scalesmall,111,"{""batch_size"": 256, ""beta"": 0.1, ""device"": null, ""gamma"": 1.0, ""loss"": ""sigmoid"", ""max_epochs"": 200, ""model"": null, ""optimizer"": null, ""patience"": 20}",linear,0.5,0.5,0.5,True,0,,,,,0.0,,,0.515,False,-0.13784708514278193,0.9901960784313726,0.9613554159527888,0.987225,0.945,0.9458128078817734,0.6476510067114094,0.9893516664300233,0.9450000000000001,,requires predict_proba,,requires predict_proba,,0.8280000000013388,success,
nnpu,sar-pi0.5-scalesmall,112,"{""batch_size"": 256, ""beta"": 0.1, ""device"": null, ""gamma"": 1.0, ""loss"": ""sigmoid"", ""max_epochs"": 200, ""model"": null, ""optimizer"": null, ""patience"": 20}",linear,0.5,0.5,0.5,True,0,,,,,0.0,,,0.48,False,-0.15886255621830242,0.9626168224299065,1.0,0.9903000000000001,0.95,0.9489795918367347,0.6962457337883959,0.9899608723817416,0.95,,requires predict_proba,,requires predict_proba,,1.0,success,
nnpu,sar-pi0.5-scalesmall,113,"{""batch_size"": 256, ""beta"": 0.1, ""device"": null, ""gamma"": 1.0, ""loss"": ""sigmoid"", ""max_epochs"": 200, ""model"": null, ""optimizer"": null, ""patience"": 20}",linear,0.5,0.5,0.5,True,0,,,,,0.5,,,0.49,False,-0.13987086359967715,0.9619047619047619,0.9815354713313897,0.9982500000000001,0.975,0.9747474747474747,0.6779661016949152,0.9983113853540452,0.975,,requires predict_proba,,requires predict_proba,,0.8279999999995198,success,
nnpu,sar-pi0.5-scalesmall,114,"{""batch_size"": 256, ""beta"": 0.1, ""device"": null, ""gamma"": 1.0, ""loss"": ""sigmoid"", ""max_epochs"": 200, ""model"": null, ""optimizer"": null, ""patience"": 20}",linear,0.5,0.5,0.5,True,0,,,,,0.5,,,0.495,False,-0.15891848264729624,0.9809523809523809,0.9908609908609908,0.9981249999999999,0.99,0.9899497487437185,0.6779661016949152,0.9981585039423304,0.99,,requires predict_proba,,requires predict_proba,,0.8590000000003783,success,
nnpu,sar-pi0.5-scalesmall,115,"{""batch_size"": 256, ""beta"": 0.1, ""device"": null, ""gamma"": 1.0, ""loss"": ""sigmoid"", ""max_epochs"": 200, ""model"": null, ""optimizer"": null, ""patience"": 20}",linear,0.5,0.5,0.5,True,0,,,,,0.5,,,0.445,False,-0.10784867306606438,0.9130434782608695,1.0,0.98935,0.925,0.9206349206349206,0.6948051948051948,0.9899114340899223,0.925,,requires predict_proba,,requires predict_proba,,0.8130000000001019,success,
nnpu,sar-pi0.5-scalesmall,116,"{""batch_size"": 256, ""beta"": 0.1, ""device"": null, ""gamma"": 1.0, ""loss"": ""sigmoid"", ""max_epochs"": 200, ""model"": null, ""optimizer"": null, ""patience"": 20}",linear,0.5,0.5,0.5,True,0,,,,,0.0,,,0.465,False,-0.15232267403605737,0.9509803921568627,1.0,0.996075,0.95,0.9481865284974094,0.7013422818791947,0.9963148852680294,0.95,,requires predict_proba,,requires predict_proba,,0.8440000000009604,success,
nnpu,sar-pi0.5-scalesmall,117,"{""batch_size"": 256, ""beta"": 0.1, ""device"": null, ""gamma"": 1.0, ""loss"": ""sigmoid"", ""max_epochs"": 200, ""model"": null, ""optimizer"": null, ""patience"": 20}",linear,0.5,0.5,0.5,True,0,,,,,0.0,,,0.4875,False,-0.16295804838215777,0.9896907216494846,1.0,0.9929000000000001,0.9625,0.9620253164556962,0.6732673267326733,0.993283477867802,0.9624999999999999,,requires predict_proba,,requires predict_proba,,0.8279999999995198,success,
nnpu,sar-pi0.5-scalesmall,118,"{""batch_size"": 256, ""beta"": 0.1, ""device"": null, ""gamma"": 1.0, ""loss"": ""sigmoid"", ""max_epochs"": 200, ""model"": null, ""optimizer"": null, ""patience"": 20}",linear,0.5,0.5,0.5,True,0,,,,,0.0,,,0.525,False,-0.09087247381878044,0.978494623655914,0.931899641577061,0.991725,0.95,0.9512195121951219,0.6123778501628665,0.9917740947822337,0.95,,requires predict_proba,,requires predict_proba,,0.8590000000003783,success,
nnpu,sar-pi0.5-scalesmall,119,"{""batch_size"": 256, ""beta"": 0.1, ""device"": null, ""gamma"": 1.0, ""loss"": ""sigmoid"", ""max_epochs"": 200, ""model"": null, ""optimizer"": null, ""patience"": 20}",linear,0.5,0.5,0.5,True,0,,,,,0.0,,,0.4775,False,-0.11347517730496454,0.9468085106382979,0.9914225242285841,0.9834999999999999,0.9275,0.9258312020460358,0.6666666666666666,0.982287662780085,0.9275,,requires predict_proba,,requires predict_proba,,1.0,success,
nnpu,sar-pi0.5-scalemid,100,"{""batch_size"": 256, ""beta"": 0.1, ""device"": null, ""gamma"": 1.0, ""loss"": ""sigmoid"", ""max_epochs"": 200, ""model"": null, ""optimizer"": null, ""patience"": 20}",linear,0.5,0.5,0.5,True,0,,,,,0.6666666666666666,,,0.4955,False,-0.16190693034955328,0.9959016393442623,1.0,0.9973429999999999,0.9775,0.9773982923154194,0.666005291005291,0.9975708466731421,0.9775,,requires predict_proba,,requires predict_proba,,3.1560000000008586,success,
nnpu,sar-pi0.5-scalemid,101,"{""batch_size"": 256, ""beta"": 0.1, ""device"": null, ""gamma"": 1.0, ""loss"": ""sigmoid"", ""max_epochs"": 200, ""model"": null, ""optimizer"": null, ""patience"": 20}",linear,0.5,0.5,0.5,True,0,,,,,0.3333333333333333,,,0.5015,False,-0.14947447611155934,0.993801652892562,0.9908291653963729,0.998305,0.9765,0.9765351972041937,0.6556728232189973,0.9983010412284212,0.9764999999999999,,requires predict_proba,,requires predict_proba,,3.0,success,
nnpu,sar-pi0.5-scalemid,102,"{""batch_size"": 256, ""beta"": 0.1, ""device"": null, ""gamma"": 1.0, ""loss"": ""sigmoid"", ""max_epochs"": 200, ""model"": null, ""optimizer"": null, ""patience"": 20}",linear,0.5,0.5,0.5,True,0,,,,,0.3333333333333333,,,0.5055,False,-0.1633781177470498,0.9980582524271845,0.9871990627370767,0.998976,0.9855,0.9855793137742417,0.6653198653198653,0.9989572315843742,0.9855,,requires predict_proba,,requires predict_proba,,3.20299999999952,success,
nnpu,sar-pi0.5-scalemid,103,"{""batch_size"": 256, ""beta"": 0.1, ""device"": null, ""gamma"": 1.0, ""loss"": ""sigmoid"", ""max_epochs"": 200, ""model"": null, ""optimizer"": null, ""patience"": 20}",linear,0.5,0.5,0.5,True,0,,,,,0.5,,,0.4995,False,-0.14766826484397033,0.9936708860759493,0.9946655516275769,0.998205,0.9795,0.9794897448724362,0.653997378768021,0.9982846594578586,0.9795,,requires predict_proba,,requires predict_proba,,3.2030000000013388,success,
nnpu,sar-pi0.5-scalemid,104,"{""batch_size"": 256, ""beta"": 0.1, ""device"": null, ""gamma"": 1.0, ""loss"": ""sigmoid"", ""max_epochs"": 200, ""model"": null, ""optimizer"": null, ""patience"": 20}",linear,0.5,0.5,0.5,True,0,,,,,0.3333333333333333,,,0.5025,False,-0.1548682214574043,0.9959432048681541,0.9909882635504023,0.998603,0.9835,0.9835411471321696,0.6589250165892502,0.9986215510859937,0.9835,,requires predict_proba,,requires predict_proba,,3.1409999999996217,success,
nnpu,sar-pi0.5-scalemid,105,"{""batch_size"": 256, ""beta"": 0.1, ""device"": null, ""gamma"": 1.0, ""loss"": ""sigmoid"", ""max_epochs"": 200, ""model"": null, ""optimizer"": null, ""patience"": 20}",linear,0.5,0.5,0.5,True,0,,,,,0.5,,,0.505,False,-0.15911212970036498,0.998015873015873,0.9881345277384881,0.9992070000000001,0.986,0.9860696517412936,0.661096256684492,0.9992070533815444,0.986,,requires predict_proba,,requires predict_proba,,3.125,success,
nnpu,sar-pi0.5-scalemid,106,"{""batch_size"": 256, ""beta"": 0.1, ""device"": null, ""gamma"": 1.0, ""loss"": ""sigmoid"", ""max_epochs"": 200, ""model"": null, ""optimizer"": null, ""patience"": 20}",linear,0.5,0.5,0.5,True,0,,,,,0.5,,,0.5035,False,-0.1602721074074856,0.9960629921259843,0.9891390189930331,0.998524,0.9815,0.9815645241654211,0.6642091152815014,0.9985730203998916,0.9815,,requires predict_proba,,requires predict_proba,,3.1090000000003783,success,
nnpu,sar-pi0.5-scalemid,107,"{""batch_size"": 256, ""beta"": 0.1, ""device"": null, ""gamma"": 1.0, ""loss"": ""sigmoid"", ""max_epochs"": 200, ""model"": null, ""optimizer"": null, ""patience"": 20}",linear,0.5,0.5,0.5,True,0,,,,,0.5,,,0.5,False,-0.16006600660066006,1.0,1.0,0.997469,0.981,0.981,0.6600660066006601,0.9975459021988399,0.981,,requires predict_proba,,requires predict_proba,,3.1090000000003783,success,
nnpu,sar-pi0.5-scalemid,108,"{""batch_size"": 256, ""beta"": 0.1, ""device"": null, ""gamma"": 1.0, ""loss"": ""sigmoid"", ""max_epochs"": 200, ""model"": null, ""optimizer"": null, ""patience"": 20}",linear,0.5,0.5,0.5,True,0,,,,,0.5,,,0.505,False,-0.16487575554063127,1.0,0.9900990099009901,0.9992150000000001,0.985,0.9850746268656716,0.6648757555406313,0.9992161025293513,0.985,,requires predict_proba,,requires predict_proba,,3.1090000000003783,success,
nnpu,sar-pi0.5-scalemid,109,"{""batch_size"": 256, ""beta"": 0.1, ""device"": null, ""gamma"": 1.0, ""loss"": ""sigmoid"", ""max_epochs"": 200, ""model"": null, ""optimizer"": null, ""patience"": 20}",linear,0.5,0.5,0.5,True,0,,,,,0.5,,,0.497,False,-0.16727200947493093,0.9941176470588236,1.0,0.998446,0.981,0.9809428284854563,0.6731543624161074,0.9985273693504914,0.981,,requires predict_proba,,requires predict_proba,,3.1090000000003783,success,
nnpu,sar-pi0.5-scalemid,110,"{""batch_size"": 256, ""beta"": 0.1, ""device"": null, ""gamma"": 1.0, ""loss"": ""sigmoid"", ""max_epochs"": 200, ""model"": null, ""optimizer"": null, ""patience"": 20}",linear,0.5,0.5,0.5,True,0,,,,,0.5,,,0.5035,False,-0.15285996055226825,1.0,0.99304865938431,0.998307,0.9765,0.9765819631290483,0.6528599605522682,0.9983417879032407,0.9764999999999999,,requires predict_proba,,requires predict_proba,,3.1409999999996217,success,
nnpu,sar-pi0.5-scalemid,111,"{""batch_size"": 256, ""beta"": 0.1, ""device"": null, ""gamma"": 1.0, ""loss"": ""sigmoid"", ""max_epochs"": 200, ""model"": null, ""optimizer"": null, ""patience"": 20}",linear,0.5,0.5,0.5,True,0,,,,,0.16666666666666666,,,0.502,False,-0.1690030533017004,0.9980657640232108,0.9940894063976203,0.998134,0.977,0.9770459081836327,0.6709372892784895,0.9981745918359716,0.977,,requires predict_proba,,requires predict_proba,,3.1569999999992433,success,
nnpu,sar-pi0.5-scalemid,112,"{""batch_size"": 256, ""beta"": 0.1, ""device"": null, ""gamma"": 1.0, ""loss"": ""sigmoid"", ""max_epochs"": 200, ""model"": null, ""optimizer"": null, ""patience"": 20}",linear,0.5,0.5,0.5,True,0,,,,,0.3333333333333333,,,0.505,False,-0.15556365820178447,0.9979838709677419,0.9881028425423187,0.998382,0.978,0.9781094527363184,0.6575797872340425,0.9984138711380811,0.978,,requires predict_proba,,requires predict_proba,,3.139999999999418,success,
nnpu,sar-pi0.5-scalemid,113,"{""batch_size"": 256, ""beta"": 0.1, ""device"": null, ""gamma"": 1.0, ""loss"": ""sigmoid"", ""max_epochs"": 200, ""model"": null, ""optimizer"": null, ""patience"": 20}",linear,0.5,0.5,0.5,True,0,,,,,0.3333333333333333,,,0.5045,False,-0.15799999999999997,0.998,0.9890981169474728,0.998219,0.9835,0.9835739173718268,0.66,0.9983720652435432,0.9835,,requires predict_proba,,requires predict_proba,,3.5310000000008586,success,
nnpu,sar-pi0.5-scalemid,114,"{""batch_size"": 256, ""beta"": 0.1, ""device"": null, ""gamma"": 1.0, ""loss"": ""sigmoid"", ""max_epochs"": 200, ""model"": null, ""optimizer"": null, ""patience"": 20}",linear,0.5,0.5,0.5,True,0,,,,,0.5,,,0.509,False,-0.15156028245698594,0.9979959919839679,0.9803496974302239,0.99848,0.98,0.9801783944499505,0.653564290473018,0.9984453961612425,0.98,,requires predict_proba,,requires predict_proba,,3.1409999999996217,success,
nnpu,sar-pi0.5-scalemid,115,"{""batch_size"": 256, ""beta"": 0.1, ""device"": null, ""gamma"": 1.0, ""loss"": ""sigmoid"", ""max_epochs"": 200, ""model"": null, ""optimizer"": null, ""patience"": 20}",linear,0.5,0.5,0.5,True,0,,,,,0.5,,,0.4965,False,-0.16333333333333333,0.994,1.0,0.9970019999999999,0.9755,0.9754139488208731,0.6693333333333333,0.9972662882274101,0.9755,,requires predict_proba,,requires predict_proba,,3.109999999998763,success,
nnpu,sar-pi0.5-scalemid,116,"{""batch_size"": 256, ""beta"": 0.1, ""device"": null, ""gamma"": 1.0, ""loss"": ""sigmoid"", ""max_epochs"": 200, ""model"": null, ""optimizer"": null, ""patience"": 20}",linear,0.5,0.5,0.5,True,0,,,,,0.5,,,0.5065,False,-0.15533333333333332,0.998,0.985192497532083,0.9982960000000001,0.9815,0.9816194734227521,0.6573333333333333,0.9983062242736817,0.9815,,requires predict_proba,,requires predict_proba,,3.313000000000102,success,
nnpu,sar-pi0.5-scalemid,117,"{""batch_size"": 256, ""beta"": 0.1, ""device"": null, ""gamma"": 1.0, ""loss"": ""sigmoid"", ""max_epochs"": 200, ""model"": null, ""optimizer"": null, ""patience"": 20}",linear,0.5,0.5,0.5,True,0,,,,,0.3333333333333333,,,0.499,False,-0.16616187833300156,0.9922928709055877,0.9942814337731339,0.997949,0.979,0.978978978978979,0.673869007427414,0.997935608734436,0.979,,requires predict_proba,,requires predict_proba,,3.3909999999996217,success,
nnpu,sar-pi0.5-scalemid,118,"{""batch_size"": 256, ""beta"": 0.1, ""device"": null, ""gamma"": 1.0, ""loss"": ""sigmoid"", ""max_epochs"": 200, ""model"": null, ""optimizer"": null, ""patience"": 20}",linear,0.5,0.5,0.5,True,0,,,,,0.5,,,0.4975,False,-0.16603053688556701,0.9960238568588469,1.0,0.998919,0.9845,0.9844611528822055,0.6700066800267201,0.9989135331760239,0.9844999999999999,,requires predict_proba,,requires predict_proba,,3.17200000000048,success,
nnpu,sar-pi0.5-scalemid,119,"{""batch_size"": 256, ""beta"": 0.1, ""device"": null, ""gamma"": 1.0, ""loss"": ""sigmoid"", ""max_epochs"": 200, ""model"": null, ""optimizer"": null, ""patience"": 20}",linear,0.5,0.5,0.5,True,0,,,,,0.5,,,0.4965,False,-0.16148128125422356,0.9959183673469387,1.0,0.997173,0.9785,0.9784244856999498,0.6655629139072847,0.9972914338422743,0.9784999999999999,,requires predict_proba,,requires predict_proba,,3.1560000000008586,success,
