algorithm,scenario,seed,params,mechanism,class_prior,label_frequency,real_h,pi_h_well_conditioned,warning_count,diag_converged,diag_n_iter,diag_c_estimate,diag_cond_number,diag_correction_fraction,diag_n_epochs,diag_n_acs_iter,pred_positive_rate,degenerate_prediction,pu_zero_one_risk,pu_recall,pu_estimated_precision,pu_auc_roc,pu_accuracy,pu_f1,pu_negative_rate,average_precision,balanced_accuracy,brier_score,brier_score_unavailable_reason,expected_calibration_error,expected_calibration_error_unavailable_reason,ece_buckets_api,elapsed_seconds,status,failure_reason
llsvm,scar-pi0.1-scalesmall,100,"{""alpha"": 2.0, ""beta"": 1.0, ""early_stopping"": true, ""fit_intercept"": true, ""gamma"": 10.0, ""intercept_scale"": 10.0, ""learning_rate"": 5e-06, ""max_epochs"": 3000, ""min_epochs"": 200, ""n_batches"": 20, ""patience"": 100, ""reg_lambda"": 1.0, ""shuffle"": true, ""squash_scale"": 10.0, ""tol"": 0.0005}",scar,0.1,0.5,0.5,True,0,,,,,,1781,,0.0625,False,0.0078049454344522595,0.631578947368421,1.0,0.9849305555555555,0.9625,0.7692307692307693,0.9658792650918635,0.9637213597253798,0.8125,,requires predict_proba,,requires predict_proba,,1.3590000000003783,success,
llsvm,scar-pi0.1-scalesmall,101,"{""alpha"": 2.0, ""beta"": 1.0, ""early_stopping"": true, ""fit_intercept"": true, ""gamma"": 10.0, ""intercept_scale"": 10.0, ""learning_rate"": 5e-06, ""max_epochs"": 3000, ""min_epochs"": 200, ""n_batches"": 20, ""patience"": 100, ""reg_lambda"": 1.0, ""shuffle"": true, ""squash_scale"": 10.0, ""tol"": 0.0005}",scar,0.1,0.5,0.5,True,0,,,,,,2036,,0.0625,False,-0.026759744037230956,0.7777777777777778,1.0,0.9966666666666666,0.9625,0.7692307692307693,0.9712041884816754,0.9747194200516376,0.8125,,requires predict_proba,,requires predict_proba,,1.4680000000007567,success,
llsvm,scar-pi0.1-scalesmall,102,"{""alpha"": 2.0, ""beta"": 1.0, ""early_stopping"": true, ""fit_intercept"": true, ""gamma"": 10.0, ""intercept_scale"": 10.0, ""learning_rate"": 5e-06, ""max_epochs"": 3000, ""min_epochs"": 200, ""n_batches"": 20, ""patience"": 100, ""reg_lambda"": 1.0, ""shuffle"": true, ""squash_scale"": 10.0, ""tol"": 0.0005}",scar,0.1,0.5,0.5,True,0,,,,,,3000,,0.0725,False,-0.005917828872973999,0.7142857142857143,0.9852216748768475,0.9793055555555555,0.9725,0.8405797101449275,0.9630606860158312,0.913973404913915,0.8625,,requires predict_proba,,requires predict_proba,,2.188000000000102,success,
llsvm,scar-pi0.1-scalesmall,103,"{""alpha"": 2.0, ""beta"": 1.0, ""early_stopping"": true, ""fit_intercept"": true, ""gamma"": 10.0, ""intercept_scale"": 10.0, ""learning_rate"": 5e-06, ""max_epochs"": 3000, ""min_epochs"": 200, ""n_batches"": 20, ""patience"": 100, ""reg_lambda"": 1.0, ""shuffle"": true, ""squash_scale"": 10.0, ""tol"": 0.0005}",scar,0.1,0.5,0.5,True,0,,,,,,2714,,0.07,False,-0.027999999999999997,0.76,1.0,0.9958333333333333,0.97,0.8235294117647058,0.976,0.9712107462978571,0.85,,requires predict_proba,,requires predict_proba,,2.0309999999990396,success,
llsvm,scar-pi0.1-scalesmall,104,"{""alpha"": 2.0, ""beta"": 1.0, ""early_stopping"": true, ""fit_intercept"": true, ""gamma"": 10.0, ""intercept_scale"": 10.0, ""learning_rate"": 5e-06, ""max_epochs"": 3000, ""min_epochs"": 200, ""n_batches"": 20, ""patience"": 100, ""reg_lambda"": 1.0, ""shuffle"": true, ""squash_scale"": 10.0, ""tol"": 0.0005}",scar,0.1,0.5,0.5,True,0,,,,,,1627,,0.0775,False,-0.020000000000000004,0.76,0.9806451612903228,0.9996527777777778,0.9775,0.8732394366197183,0.968,0.9969489859733762,0.8875,,requires predict_proba,,requires predict_proba,,1.2029999999995198,success,
llsvm,scar-pi0.1-scalesmall,105,"{""alpha"": 2.0, ""beta"": 1.0, ""early_stopping"": true, ""fit_intercept"": true, ""gamma"": 10.0, ""intercept_scale"": 10.0, ""learning_rate"": 5e-06, ""max_epochs"": 3000, ""min_epochs"": 200, ""n_batches"": 20, ""patience"": 100, ""reg_lambda"": 1.0, ""shuffle"": true, ""squash_scale"": 10.0, ""tol"": 0.0005}",scar,0.1,0.5,0.5,True,0,,,,,,1284,,0.0625,False,0.006666666666666682,0.6,0.96,0.9988194444444445,0.9625,0.7692307692307693,0.9733333333333334,0.9894146290311245,0.8125,,requires predict_proba,,requires predict_proba,,0.9530000000013388,success,
llsvm,scar-pi0.1-scalesmall,106,"{""alpha"": 2.0, ""beta"": 1.0, ""early_stopping"": true, ""fit_intercept"": true, ""gamma"": 10.0, ""intercept_scale"": 10.0, ""learning_rate"": 5e-06, ""max_epochs"": 3000, ""min_epochs"": 200, ""n_batches"": 20, ""patience"": 100, ""reg_lambda"": 1.0, ""shuffle"": true, ""squash_scale"": 10.0, ""tol"": 0.0005}",scar,0.1,0.5,0.5,True,0,,,,,,3000,,0.0625,False,-0.01105263157894737,0.7,1.0,0.9918055555555556,0.9625,0.7692307692307693,0.9710526315789474,0.9340671232130894,0.8125,,requires predict_proba,,requires predict_proba,,2.2189999999991414,success,
llsvm,scar-pi0.1-scalesmall,107,"{""alpha"": 2.0, ""beta"": 1.0, ""early_stopping"": true, ""fit_intercept"": true, ""gamma"": 10.0, ""intercept_scale"": 10.0, ""learning_rate"": 5e-06, ""max_epochs"": 3000, ""min_epochs"": 200, ""n_batches"": 20, ""patience"": 100, ""reg_lambda"": 1.0, ""shuffle"": true, ""squash_scale"": 10.0, ""tol"": 0.0005}",scar,0.1,0.5,0.5,True,0,,,,,,2484,,0.0525,False,0.003955788248981962,0.6111111111111112,1.0,0.9804861111111112,0.9525,0.6885245901639344,0.9738219895287958,0.9411029434272231,0.7625,,requires predict_proba,,requires predict_proba,,1.7970000000004802,success,
llsvm,scar-pi0.1-scalesmall,108,"{""alpha"": 2.0, ""beta"": 1.0, ""early_stopping"": true, ""fit_intercept"": true, ""gamma"": 10.0, ""intercept_scale"": 10.0, ""learning_rate"": 5e-06, ""max_epochs"": 3000, ""min_epochs"": 200, ""n_batches"": 20, ""patience"": 100, ""reg_lambda"": 1.0, ""shuffle"": true, ""squash_scale"": 10.0, ""tol"": 0.0005}",scar,0.1,0.5,0.5,True,0,,,,,,2776,,0.065,False,-0.018999518999519016,0.7272727272727273,1.0,0.9972222222222222,0.965,0.7878787878787878,0.9735449735449735,0.9783680164172288,0.825,,requires predict_proba,,requires predict_proba,,2.1090000000003783,success,
llsvm,scar-pi0.1-scalesmall,109,"{""alpha"": 2.0, ""beta"": 1.0, ""early_stopping"": true, ""fit_intercept"": true, ""gamma"": 10.0, ""intercept_scale"": 10.0, ""learning_rate"": 5e-06, ""max_epochs"": 3000, ""min_epochs"": 200, ""n_batches"": 20, ""patience"": 100, ""reg_lambda"": 1.0, ""shuffle"": true, ""squash_scale"": 10.0, ""tol"": 0.0005}",scar,0.1,0.5,0.5,True,0,,,,,,235,,0.065,False,0.024128398095530634,0.5882352941176471,0.904977375565611,0.9393055555555556,0.945,0.6666666666666666,0.95822454308094,0.773761450392346,0.7694444444444445,,requires predict_proba,,requires predict_proba,,0.17199999999866122,success,
llsvm,scar-pi0.1-scalesmall,110,"{""alpha"": 2.0, ""beta"": 1.0, ""early_stopping"": true, ""fit_intercept"": true, ""gamma"": 10.0, ""intercept_scale"": 10.0, ""learning_rate"": 5e-06, ""max_epochs"": 3000, ""min_epochs"": 200, ""n_batches"": 20, ""patience"": 100, ""reg_lambda"": 1.0, ""shuffle"": true, ""squash_scale"": 10.0, ""tol"": 0.0005}",scar,0.1,0.5,0.5,True,0,,,,,,3000,,0.08,False,-0.04992319508448541,0.8571428571428571,1.0,0.9989583333333334,0.98,0.8888888888888888,0.978494623655914,0.9911032982743508,0.9,,requires predict_proba,,requires predict_proba,,2.25,success,
llsvm,scar-pi0.1-scalesmall,111,"{""alpha"": 2.0, ""beta"": 1.0, ""early_stopping"": true, ""fit_intercept"": true, ""gamma"": 10.0, ""intercept_scale"": 10.0, ""learning_rate"": 5e-06, ""max_epochs"": 3000, ""min_epochs"": 200, ""n_batches"": 20, ""patience"": 100, ""reg_lambda"": 1.0, ""shuffle"": true, ""squash_scale"": 10.0, ""tol"": 0.0005}",scar,0.1,0.5,0.5,True,0,,,,,,2532,,0.0575,False,-0.0237463738085371,0.7368421052631579,1.0,0.9960416666666666,0.9575,0.7301587301587301,0.9763779527559056,0.9699712310460342,0.7875,,requires predict_proba,,requires predict_proba,,1.8280000000013388,success,
llsvm,scar-pi0.1-scalesmall,112,"{""alpha"": 2.0, ""beta"": 1.0, ""early_stopping"": true, ""fit_intercept"": true, ""gamma"": 10.0, ""intercept_scale"": 10.0, ""learning_rate"": 5e-06, ""max_epochs"": 3000, ""min_epochs"": 200, ""n_batches"": 20, ""patience"": 100, ""reg_lambda"": 1.0, ""shuffle"": true, ""squash_scale"": 10.0, ""tol"": 0.0005}",scar,0.1,0.5,0.5,True,0,,,,,,2600,,0.0775,False,-0.020000000000000004,0.76,0.9806451612903228,0.9944444444444445,0.9775,0.8732394366197183,0.968,0.960411619466629,0.8875,,requires predict_proba,,requires predict_proba,,1.9380000000001019,success,
llsvm,scar-pi0.1-scalesmall,113,"{""alpha"": 2.0, ""beta"": 1.0, ""early_stopping"": true, ""fit_intercept"": true, ""gamma"": 10.0, ""intercept_scale"": 10.0, ""learning_rate"": 5e-06, ""max_epochs"": 3000, ""min_epochs"": 200, ""n_batches"": 20, ""patience"": 100, ""reg_lambda"": 1.0, ""shuffle"": true, ""squash_scale"": 10.0, ""tol"": 0.0005}",scar,0.1,0.5,0.5,True,0,,,,,,203,,0.0775,False,0.13506493506493508,0.18181818181818182,0.23460410557184755,0.7124305555555556,0.8675,0.2535211267605634,0.9285714285714286,0.25815545655722033,0.5819444444444445,,requires predict_proba,,requires predict_proba,,0.15599999999903957,success,
llsvm,scar-pi0.1-scalesmall,114,"{""alpha"": 2.0, ""beta"": 1.0, ""early_stopping"": true, ""fit_intercept"": true, ""gamma"": 10.0, ""intercept_scale"": 10.0, ""learning_rate"": 5e-06, ""max_epochs"": 3000, ""min_epochs"": 200, ""n_batches"": 20, ""patience"": 100, ""reg_lambda"": 1.0, ""shuffle"": true, ""squash_scale"": 10.0, ""tol"": 0.0005}",scar,0.1,0.5,0.5,True,0,,,,,,1308,,0.055,False,0.026232905097389153,0.5263157894736842,0.9569377990430622,0.9965277777777778,0.955,0.7096774193548387,0.968503937007874,0.9759986107097238,0.775,,requires predict_proba,,requires predict_proba,,0.9369999999998981,success,
llsvm,scar-pi0.1-scalesmall,115,"{""alpha"": 2.0, ""beta"": 1.0, ""early_stopping"": true, ""fit_intercept"": true, ""gamma"": 10.0, ""intercept_scale"": 10.0, ""learning_rate"": 5e-06, ""max_epochs"": 3000, ""min_epochs"": 200, ""n_batches"": 20, ""patience"": 100, ""reg_lambda"": 1.0, ""shuffle"": true, ""squash_scale"": 10.0, ""tol"": 0.0005}",scar,0.1,0.5,0.5,True,0,,,,,,3000,,0.04,False,0.04114575334050069,0.4117647058823529,1.0,0.993125,0.94,0.5714285714285714,0.9765013054830287,0.9554603204218357,0.7,,requires predict_proba,,requires predict_proba,,2.17200000000048,success,
llsvm,scar-pi0.1-scalesmall,116,"{""alpha"": 2.0, ""beta"": 1.0, ""early_stopping"": true, ""fit_intercept"": true, ""gamma"": 10.0, ""intercept_scale"": 10.0, ""learning_rate"": 5e-06, ""max_epochs"": 3000, ""min_epochs"": 200, ""n_batches"": 20, ""patience"": 100, ""reg_lambda"": 1.0, ""shuffle"": true, ""squash_scale"": 10.0, ""tol"": 0.0005}",scar,0.1,0.5,0.5,True,0,,,,,,1770,,0.0575,False,0.013481720678122477,0.5652173913043478,0.9829867674858223,0.9993055555555556,0.9575,0.7301587301587301,0.9734748010610079,0.9940336637047162,0.7875,,requires predict_proba,,requires predict_proba,,1.3130000000001019,success,
llsvm,scar-pi0.1-scalesmall,117,"{""alpha"": 2.0, ""beta"": 1.0, ""early_stopping"": true, ""fit_intercept"": true, ""gamma"": 10.0, ""intercept_scale"": 10.0, ""learning_rate"": 5e-06, ""max_epochs"": 3000, ""min_epochs"": 200, ""n_batches"": 20, ""patience"": 100, ""reg_lambda"": 1.0, ""shuffle"": true, ""squash_scale"": 10.0, ""tol"": 0.0005}",scar,0.1,0.5,0.5,True,0,,,,,,2676,,0.0525,False,-0.002693742229589735,0.631578947368421,1.0,0.9940972222222222,0.9525,0.6885245901639344,0.9763779527559056,0.9593976327173988,0.7625,,requires predict_proba,,requires predict_proba,,1.9529999999995198,success,
llsvm,scar-pi0.1-scalesmall,118,"{""alpha"": 2.0, ""beta"": 1.0, ""early_stopping"": true, ""fit_intercept"": true, ""gamma"": 10.0, ""intercept_scale"": 10.0, ""learning_rate"": 5e-06, ""max_epochs"": 3000, ""min_epochs"": 200, ""n_batches"": 20, ""patience"": 100, ""reg_lambda"": 1.0, ""shuffle"": true, ""squash_scale"": 10.0, ""tol"": 0.0005}",scar,0.1,0.5,0.5,True,0,,,,,,983,,0.06,False,-0.0010526315789473883,0.65,1.0,0.9993055555555556,0.96,0.75,0.9710526315789474,0.9937189465149991,0.8,,requires predict_proba,,requires predict_proba,,0.7030000000013388,success,
llsvm,scar-pi0.1-scalesmall,119,"{""alpha"": 2.0, ""beta"": 1.0, ""early_stopping"": true, ""fit_intercept"": true, ""gamma"": 10.0, ""intercept_scale"": 10.0, ""learning_rate"": 5e-06, ""max_epochs"": 3000, ""min_epochs"": 200, ""n_batches"": 20, ""patience"": 100, ""reg_lambda"": 1.0, ""shuffle"": true, ""squash_scale"": 10.0, ""tol"": 0.0005}",scar,0.1,0.5,0.5,True,0,,,,,,2118,,0.035,False,0.07264069264069264,0.26666666666666666,0.7619047619047619,0.995,0.935,0.5185185185185185,0.974025974025974,0.9791987882751807,0.675,,requires predict_proba,,requires predict_proba,,1.514999999999418,success,
llsvm,scar-pi0.1-scalemid,100,"{""alpha"": 2.0, ""beta"": 1.0, ""early_stopping"": true, ""fit_intercept"": true, ""gamma"": 10.0, ""intercept_scale"": 10.0, ""learning_rate"": 5e-06, ""max_epochs"": 3000, ""min_epochs"": 200, ""n_batches"": 20, ""patience"": 100, ""reg_lambda"": 1.0, ""shuffle"": true, ""squash_scale"": 10.0, ""tol"": 0.0005}",scar,0.1,0.5,0.5,True,0,,,,,,2271,,0.0955,False,-0.044311911716975017,0.9615384615384616,1.0,0.9981972222222222,0.9935,0.9667519181585678,0.9520042194092827,0.9892467500504071,0.9719444444444445,,requires predict_proba,,requires predict_proba,,2.0939999999991414,success,
llsvm,scar-pi0.1-scalemid,101,"{""alpha"": 2.0, ""beta"": 1.0, ""early_stopping"": true, ""fit_intercept"": true, ""gamma"": 10.0, ""intercept_scale"": 10.0, ""learning_rate"": 5e-06, ""max_epochs"": 3000, ""min_epochs"": 200, ""n_batches"": 20, ""patience"": 100, ""reg_lambda"": 1.0, ""shuffle"": true, ""squash_scale"": 10.0, ""tol"": 0.0005}",scar,0.1,0.5,0.5,True,0,,,,,,2114,,0.0975,False,-0.03374785113080753,0.9468085106382979,0.9710856519367157,0.9988722222222223,0.9905,0.9518987341772152,0.944386149003148,0.9913342614784044,0.9680555555555554,,requires predict_proba,,requires predict_proba,,1.9369999999998981,success,
llsvm,scar-pi0.1-scalemid,102,"{""alpha"": 2.0, ""beta"": 1.0, ""early_stopping"": true, ""fit_intercept"": true, ""gamma"": 10.0, ""intercept_scale"": 10.0, ""learning_rate"": 5e-06, ""max_epochs"": 3000, ""min_epochs"": 200, ""n_batches"": 20, ""patience"": 100, ""reg_lambda"": 1.0, ""shuffle"": true, ""squash_scale"": 10.0, ""tol"": 0.0005}",scar,0.1,0.5,0.5,True,0,,,,,,2226,,0.102,False,-0.027653359298928926,0.9230769230769231,0.904977375565611,0.99905,0.988,0.9405940594059405,0.9430379746835443,0.9922047602545622,0.971111111111111,,requires predict_proba,,requires predict_proba,,2.0469999999986612,success,
llsvm,scar-pi0.1-scalemid,103,"{""alpha"": 2.0, ""beta"": 1.0, ""early_stopping"": true, ""fit_intercept"": true, ""gamma"": 10.0, ""intercept_scale"": 10.0, ""learning_rate"": 5e-06, ""max_epochs"": 3000, ""min_epochs"": 200, ""n_batches"": 20, ""patience"": 100, ""reg_lambda"": 1.0, ""shuffle"": true, ""squash_scale"": 10.0, ""tol"": 0.0005}",scar,0.1,0.5,0.5,True,0,,,,,,2509,,0.0935,False,-0.0422062012720807,0.9357798165137615,1.0,0.9989055555555555,0.9925,0.9612403100775194,0.9550502379693284,0.994718853166067,0.9647222222222223,,requires predict_proba,,requires predict_proba,,2.360000000000582,success,
llsvm,scar-pi0.1-scalemid,104,"{""alpha"": 2.0, ""beta"": 1.0, ""early_stopping"": true, ""fit_intercept"": true, ""gamma"": 10.0, ""intercept_scale"": 10.0, ""learning_rate"": 5e-06, ""max_epochs"": 3000, ""min_epochs"": 200, ""n_batches"": 20, ""patience"": 100, ""reg_lambda"": 1.0, ""shuffle"": true, ""squash_scale"": 10.0, ""tol"": 0.0005}",scar,0.1,0.5,0.5,True,0,,,,,,1108,,0.091,False,-0.03613523652573558,0.912621359223301,1.0,0.9987944444444445,0.989,0.9424083769633508,0.9536109646810754,0.9919806229113688,0.9494444444444445,,requires predict_proba,,requires predict_proba,,1.0310000000008586,success,
llsvm,scar-pi0.1-scalemid,105,"{""alpha"": 2.0, ""beta"": 1.0, ""early_stopping"": true, ""fit_intercept"": true, ""gamma"": 10.0, ""intercept_scale"": 10.0, ""learning_rate"": 5e-06, ""max_epochs"": 3000, ""min_epochs"": 200, ""n_batches"": 20, ""patience"": 100, ""reg_lambda"": 1.0, ""shuffle"": true, ""squash_scale"": 10.0, ""tol"": 0.0005}",scar,0.1,0.5,0.5,True,0,,,,,,1177,,0.09,False,-0.025990951205003887,0.896551724137931,0.9961685823754791,0.9991861111111111,0.988,0.9368421052631579,0.9466806063774177,0.9934296424565274,0.9444444444444444,,requires predict_proba,,requires predict_proba,,1.0939999999991414,success,
llsvm,scar-pi0.1-scalemid,106,"{""alpha"": 2.0, ""beta"": 1.0, ""early_stopping"": true, ""fit_intercept"": true, ""gamma"": 10.0, ""intercept_scale"": 10.0, ""learning_rate"": 5e-06, ""max_epochs"": 3000, ""min_epochs"": 200, ""n_batches"": 20, ""patience"": 100, ""reg_lambda"": 1.0, ""shuffle"": true, ""squash_scale"": 10.0, ""tol"": 0.0005}",scar,0.1,0.5,0.5,True,0,,,,,,2296,,0.096,False,-0.04851063829787235,0.95,0.9895833333333334,0.9983305555555556,0.988,0.9387755102040817,0.9585106382978723,0.985330074710776,0.9577777777777778,,requires predict_proba,,requires predict_proba,,2.125,success,
llsvm,scar-pi0.1-scalemid,107,"{""alpha"": 2.0, ""beta"": 1.0, ""early_stopping"": true, ""fit_intercept"": true, ""gamma"": 10.0, ""intercept_scale"": 10.0, ""learning_rate"": 5e-06, ""max_epochs"": 3000, ""min_epochs"": 200, ""n_batches"": 20, ""patience"": 100, ""reg_lambda"": 1.0, ""shuffle"": true, ""squash_scale"": 10.0, ""tol"": 0.0005}",scar,0.1,0.5,0.5,True,0,,,,,,1222,,0.091,False,-0.03089597736646013,0.8867924528301887,0.9744972009122954,0.9987444444444444,0.989,0.9424083769633508,0.9535374868004224,0.9907943681883455,0.9494444444444445,,requires predict_proba,,requires predict_proba,,1.125,success,
llsvm,scar-pi0.1-scalemid,108,"{""alpha"": 2.0, ""beta"": 1.0, ""early_stopping"": true, ""fit_intercept"": true, ""gamma"": 10.0, ""intercept_scale"": 10.0, ""learning_rate"": 5e-06, ""max_epochs"": 3000, ""min_epochs"": 200, ""n_batches"": 20, ""patience"": 100, ""reg_lambda"": 1.0, ""shuffle"": true, ""squash_scale"": 10.0, ""tol"": 0.0005}",scar,0.1,0.5,0.5,True,0,,,,,,2060,,0.0945,False,-0.03895946456462045,0.956989247311828,1.0,0.9992083333333334,0.9925,0.961439588688946,0.9475616151022549,0.9939128591727111,0.9669444444444445,,requires predict_proba,,requires predict_proba,,1.8909999999996217,success,
llsvm,scar-pi0.1-scalemid,109,"{""alpha"": 2.0, ""beta"": 1.0, ""early_stopping"": true, ""fit_intercept"": true, ""gamma"": 10.0, ""intercept_scale"": 10.0, ""learning_rate"": 5e-06, ""max_epochs"": 3000, ""min_epochs"": 200, ""n_batches"": 20, ""patience"": 100, ""reg_lambda"": 1.0, ""shuffle"": true, ""squash_scale"": 10.0, ""tol"": 0.0005}",scar,0.1,0.5,0.5,True,0,,,,,,3000,,0.0935,False,-0.036162250494937084,0.9158878504672897,0.9795591983607377,0.9981888888888889,0.9885,0.9405684754521964,0.9529846804014791,0.9872417866234395,0.9536111111111112,,requires predict_proba,,requires predict_proba,,2.7340000000003783,success,
llsvm,scar-pi0.1-scalemid,110,"{""alpha"": 2.0, ""beta"": 1.0, ""early_stopping"": true, ""fit_intercept"": true, ""gamma"": 10.0, ""intercept_scale"": 10.0, ""learning_rate"": 5e-06, ""max_epochs"": 3000, ""min_epochs"": 200, ""n_batches"": 20, ""patience"": 100, ""reg_lambda"": 1.0, ""shuffle"": true, ""squash_scale"": 10.0, ""tol"": 0.0005}",scar,0.1,0.5,0.5,True,0,,,,,,2606,,0.091,False,-0.030588652354429174,0.9195402298850575,1.0,0.9981222222222224,0.99,0.9476439790575916,0.9466806063774177,0.9901582630813811,0.9522222222222223,,requires predict_proba,,requires predict_proba,,2.4060000000008586,success,
llsvm,scar-pi0.1-scalemid,111,"{""alpha"": 2.0, ""beta"": 1.0, ""early_stopping"": true, ""fit_intercept"": true, ""gamma"": 10.0, ""intercept_scale"": 10.0, ""learning_rate"": 5e-06, ""max_epochs"": 3000, ""min_epochs"": 200, ""n_batches"": 20, ""patience"": 100, ""reg_lambda"": 1.0, ""shuffle"": true, ""squash_scale"": 10.0, ""tol"": 0.0005}",scar,0.1,0.5,0.5,True,0,,,,,,1988,,0.0975,False,-0.03547933157431839,0.9333333333333333,0.9572649572649573,0.9990805555555555,0.9915,0.9569620253164557,0.9488126649076517,0.9927443005367709,0.9708333333333333,,requires predict_proba,,requires predict_proba,,1.8279999999995198,success,
llsvm,scar-pi0.1-scalemid,112,"{""alpha"": 2.0, ""beta"": 1.0, ""early_stopping"": true, ""fit_intercept"": true, ""gamma"": 10.0, ""intercept_scale"": 10.0, ""learning_rate"": 5e-06, ""max_epochs"": 3000, ""min_epochs"": 200, ""n_batches"": 20, ""patience"": 100, ""reg_lambda"": 1.0, ""shuffle"": true, ""squash_scale"": 10.0, ""tol"": 0.0005}",scar,0.1,0.5,0.5,True,0,,,,,,2038,,0.094,False,-0.03663887715785796,0.9306930693069307,0.9900990099009902,0.9993194444444444,0.993,0.9639175257731959,0.9505002632964719,0.9948956589708956,0.9672222222222222,,requires predict_proba,,requires predict_proba,,1.9069999999992433,success,
llsvm,scar-pi0.1-scalemid,113,"{""alpha"": 2.0, ""beta"": 1.0, ""early_stopping"": true, ""fit_intercept"": true, ""gamma"": 10.0, ""intercept_scale"": 10.0, ""learning_rate"": 5e-06, ""max_epochs"": 3000, ""min_epochs"": 200, ""n_batches"": 20, ""patience"": 100, ""reg_lambda"": 1.0, ""shuffle"": true, ""squash_scale"": 10.0, ""tol"": 0.0005}",scar,0.1,0.5,0.5,True,0,,,,,,1296,,0.0945,False,-0.029976303923926903,0.9029126213592233,0.9554630913854216,0.9988666666666667,0.9915,0.9562982005141388,0.9493937796520823,0.9906942354936263,0.9641666666666666,,requires predict_proba,,requires predict_proba,,1.2030000000013388,success,
llsvm,scar-pi0.1-scalemid,114,"{""alpha"": 2.0, ""beta"": 1.0, ""early_stopping"": true, ""fit_intercept"": true, ""gamma"": 10.0, ""intercept_scale"": 10.0, ""learning_rate"": 5e-06, ""max_epochs"": 3000, ""min_epochs"": 200, ""n_batches"": 20, ""patience"": 100, ""reg_lambda"": 1.0, ""shuffle"": true, ""squash_scale"": 10.0, ""tol"": 0.0005}",scar,0.1,0.5,0.5,True,0,,,,,,1832,,0.0945,False,-0.04607985983450668,0.9401709401709402,0.9948898837787726,0.998975,0.9925,0.961439588688946,0.9580456718003186,0.9891511385136981,0.9669444444444445,,requires predict_proba,,requires predict_proba,,1.7029999999995198,success,
llsvm,scar-pi0.1-scalemid,115,"{""alpha"": 2.0, ""beta"": 1.0, ""early_stopping"": true, ""fit_intercept"": true, ""gamma"": 10.0, ""intercept_scale"": 10.0, ""learning_rate"": 5e-06, ""max_epochs"": 3000, ""min_epochs"": 200, ""n_batches"": 20, ""patience"": 100, ""reg_lambda"": 1.0, ""shuffle"": true, ""squash_scale"": 10.0, ""tol"": 0.0005}",scar,0.1,0.5,0.5,True,0,,,,,,2517,,0.0945,False,-0.042297989148412006,0.9439252336448598,0.9988626811056718,0.9988055555555556,0.9915,0.9562982005141388,0.9535129424194401,0.9909046534586078,0.9641666666666666,,requires predict_proba,,requires predict_proba,,2.3439999999991414,success,
llsvm,scar-pi0.1-scalemid,116,"{""alpha"": 2.0, ""beta"": 1.0, ""early_stopping"": true, ""fit_intercept"": true, ""gamma"": 10.0, ""intercept_scale"": 10.0, ""learning_rate"": 5e-06, ""max_epochs"": 3000, ""min_epochs"": 200, ""n_batches"": 20, ""patience"": 100, ""reg_lambda"": 1.0, ""shuffle"": true, ""squash_scale"": 10.0, ""tol"": 0.0005}",scar,0.1,0.5,0.5,True,0,,,,,,1212,,0.092,False,-0.04000924553265427,0.9393939393939394,1.0,0.9995444444444445,0.99,0.9479166666666666,0.9521304576538664,0.9960416064594646,0.9544444444444444,,requires predict_proba,,requires predict_proba,,1.1090000000003783,success,
llsvm,scar-pi0.1-scalemid,117,"{""alpha"": 2.0, ""beta"": 1.0, ""early_stopping"": true, ""fit_intercept"": true, ""gamma"": 10.0, ""intercept_scale"": 10.0, ""learning_rate"": 5e-06, ""max_epochs"": 3000, ""min_epochs"": 200, ""n_batches"": 20, ""patience"": 100, ""reg_lambda"": 1.0, ""shuffle"": true, ""squash_scale"": 10.0, ""tol"": 0.0005}",scar,0.1,0.5,0.5,True,0,,,,,,1224,,0.0945,False,-0.030956547177273003,0.9175257731958762,0.9709267441226205,0.9985611111111111,0.9865,0.9305912596401028,0.9474513925380977,0.9879456844733544,0.9502777777777778,,requires predict_proba,,requires predict_proba,,1.1409999999996217,success,
llsvm,scar-pi0.1-scalemid,118,"{""alpha"": 2.0, ""beta"": 1.0, ""early_stopping"": true, ""fit_intercept"": true, ""gamma"": 10.0, ""intercept_scale"": 10.0, ""learning_rate"": 5e-06, ""max_epochs"": 3000, ""min_epochs"": 200, ""n_batches"": 20, ""patience"": 100, ""reg_lambda"": 1.0, ""shuffle"": true, ""squash_scale"": 10.0, ""tol"": 0.0005}",scar,0.1,0.5,0.5,True,0,,,,,,581,,0.0935,False,-0.040906182986933895,0.941747572815534,1.0,0.9994916666666667,0.9915,0.9560723514211886,0.9525566684238271,0.9954435518765561,0.9619444444444445,,requires predict_proba,,requires predict_proba,,0.5319999999992433,success,
llsvm,scar-pi0.1-scalemid,119,"{""alpha"": 2.0, ""beta"": 1.0, ""early_stopping"": true, ""fit_intercept"": true, ""gamma"": 10.0, ""intercept_scale"": 10.0, ""learning_rate"": 5e-06, ""max_epochs"": 3000, ""min_epochs"": 200, ""n_batches"": 20, ""patience"": 100, ""reg_lambda"": 1.0, ""shuffle"": true, ""squash_scale"": 10.0, ""tol"": 0.0005}",scar,0.1,0.5,0.5,True,0,,,,,,1501,,0.0925,False,-0.03434452272413317,0.9263157894736842,1.0,0.9979111111111112,0.9885,0.9402597402597402,0.9490813648293963,0.9866065856485752,0.9513888888888888,,requires predict_proba,,requires predict_proba,,1.389999999999418,success,
llsvm,scar-pi0.3-scalesmall,100,"{""alpha"": 2.0, ""beta"": 1.0, ""early_stopping"": true, ""fit_intercept"": true, ""gamma"": 10.0, ""intercept_scale"": 10.0, ""learning_rate"": 5e-06, ""max_epochs"": 3000, ""min_epochs"": 200, ""n_batches"": 20, ""patience"": 100, ""reg_lambda"": 1.0, ""shuffle"": true, ""squash_scale"": 10.0, ""tol"": 0.0005}",scar,0.3,0.5,0.5,True,0,,,,,,1541,,0.2225,False,-0.010324662230288328,0.7413793103448276,0.9996125532739248,0.9987797619047619,0.9225,0.8516746411483254,0.8654970760233918,0.9971960429023032,0.8708333333333333,,requires predict_proba,,requires predict_proba,,1.1719999999986612,success,
llsvm,scar-pi0.3-scalesmall,101,"{""alpha"": 2.0, ""beta"": 1.0, ""early_stopping"": true, ""fit_intercept"": true, ""gamma"": 10.0, ""intercept_scale"": 10.0, ""learning_rate"": 5e-06, ""max_epochs"": 3000, ""min_epochs"": 200, ""n_batches"": 20, ""patience"": 100, ""reg_lambda"": 1.0, ""shuffle"": true, ""squash_scale"": 10.0, ""tol"": 0.0005}",scar,0.3,0.5,0.5,True,0,,,,,,1471,,0.2,False,-0.008235294117647063,0.7,1.0,0.993095238095238,0.9,0.8,0.888235294117647,0.9854795378642037,0.8333333333333333,,requires predict_proba,,requires predict_proba,,1.140000000001237,success,
llsvm,scar-pi0.3-scalesmall,102,"{""alpha"": 2.0, ""beta"": 1.0, ""early_stopping"": true, ""fit_intercept"": true, ""gamma"": 10.0, ""intercept_scale"": 10.0, ""learning_rate"": 5e-06, ""max_epochs"": 3000, ""min_epochs"": 200, ""n_batches"": 20, ""patience"": 100, ""reg_lambda"": 1.0, ""shuffle"": true, ""squash_scale"": 10.0, ""tol"": 0.0005}",scar,0.3,0.5,0.5,True,0,,,,,,675,,0.2375,False,0.00924901185770749,0.7454545454545455,0.9416267942583733,0.9885714285714285,0.9325,0.8744186046511628,0.8434782608695652,0.9786562109848453,0.8898809523809523,,requires predict_proba,,requires predict_proba,,0.5159999999996217,success,
llsvm,scar-pi0.3-scalesmall,103,"{""alpha"": 2.0, ""beta"": 1.0, ""early_stopping"": true, ""fit_intercept"": true, ""gamma"": 10.0, ""intercept_scale"": 10.0, ""learning_rate"": 5e-06, ""max_epochs"": 3000, ""min_epochs"": 200, ""n_batches"": 20, ""patience"": 100, ""reg_lambda"": 1.0, ""shuffle"": true, ""squash_scale"": 10.0, ""tol"": 0.0005}",scar,0.3,0.5,0.5,True,0,,,,,,2005,,0.225,False,-0.0725206882963352,0.7971014492753623,1.0,0.9960416666666667,0.925,0.8571428571428571,0.8942598187311178,0.992682586901934,0.875,,requires predict_proba,,requires predict_proba,,1.5310000000008586,success,
llsvm,scar-pi0.3-scalesmall,104,"{""alpha"": 2.0, ""beta"": 1.0, ""early_stopping"": true, ""fit_intercept"": true, ""gamma"": 10.0, ""intercept_scale"": 10.0, ""learning_rate"": 5e-06, ""max_epochs"": 3000, ""min_epochs"": 200, ""n_batches"": 20, ""patience"": 100, ""reg_lambda"": 1.0, ""shuffle"": true, ""squash_scale"": 10.0, ""tol"": 0.0005}",scar,0.3,0.5,0.5,True,0,,,,,,975,,0.22,False,-0.07253731343283581,0.8,1.0,0.999672619047619,0.92,0.8461538461538461,0.8925373134328358,0.9992452119880189,0.8666666666666667,,requires predict_proba,,requires predict_proba,,0.7649999999994179,success,
llsvm,scar-pi0.3-scalesmall,105,"{""alpha"": 2.0, ""beta"": 1.0, ""early_stopping"": true, ""fit_intercept"": true, ""gamma"": 10.0, ""intercept_scale"": 10.0, ""learning_rate"": 5e-06, ""max_epochs"": 3000, ""min_epochs"": 200, ""n_batches"": 20, ""patience"": 100, ""reg_lambda"": 1.0, ""shuffle"": true, ""squash_scale"": 10.0, ""tol"": 0.0005}",scar,0.3,0.5,0.5,True,0,,,,,,949,,0.2075,False,0.0911764705882353,0.5833333333333334,0.8433734939759038,0.9991964285714285,0.9075,0.8177339901477833,0.8588235294117647,0.9982263301060099,0.8458333333333333,,requires predict_proba,,requires predict_proba,,0.7350000000005821,success,
llsvm,scar-pi0.3-scalesmall,106,"{""alpha"": 2.0, ""beta"": 1.0, ""early_stopping"": true, ""fit_intercept"": true, ""gamma"": 10.0, ""intercept_scale"": 10.0, ""learning_rate"": 5e-06, ""max_epochs"": 3000, ""min_epochs"": 200, ""n_batches"": 20, ""patience"": 100, ""reg_lambda"": 1.0, ""shuffle"": true, ""squash_scale"": 10.0, ""tol"": 0.0005}",scar,0.3,0.5,0.5,True,0,,,,,,1996,,0.2125,False,-0.017140675701469765,0.7258064516129032,1.0,0.9958630952380954,0.9125,0.8292682926829268,0.8816568047337278,0.9910544561159564,0.8541666666666667,,requires predict_proba,,requires predict_proba,,1.5319999999992433,success,
llsvm,scar-pi0.3-scalesmall,107,"{""alpha"": 2.0, ""beta"": 1.0, ""early_stopping"": true, ""fit_intercept"": true, ""gamma"": 10.0, ""intercept_scale"": 10.0, ""learning_rate"": 5e-06, ""max_epochs"": 3000, ""min_epochs"": 200, ""n_batches"": 20, ""patience"": 100, ""reg_lambda"": 1.0, ""shuffle"": true, ""squash_scale"": 10.0, ""tol"": 0.0005}",scar,0.3,0.5,0.5,True,0,,,,,,1127,,0.15,False,0.08693181818181817,0.5208333333333334,1.0,0.9963690476190477,0.85,0.6666666666666666,0.9005681818181818,0.9927862858681622,0.75,,requires predict_proba,,requires predict_proba,,0.875,success,
llsvm,scar-pi0.3-scalesmall,108,"{""alpha"": 2.0, ""beta"": 1.0, ""early_stopping"": true, ""fit_intercept"": true, ""gamma"": 10.0, ""intercept_scale"": 10.0, ""learning_rate"": 5e-06, ""max_epochs"": 3000, ""min_epochs"": 200, ""n_batches"": 20, ""patience"": 100, ""reg_lambda"": 1.0, ""shuffle"": true, ""squash_scale"": 10.0, ""tol"": 0.0005}",scar,0.3,0.5,0.5,True,0,,,,,,1520,,0.1925,False,-0.026392572944297088,0.7307692307692307,1.0,0.9958035714285715,0.8925,0.7817258883248731,0.8879310344827587,0.9911754718274459,0.8208333333333333,,requires predict_proba,,requires predict_proba,,1.1720000000004802,success,
llsvm,scar-pi0.3-scalesmall,109,"{""alpha"": 2.0, ""beta"": 1.0, ""early_stopping"": true, ""fit_intercept"": true, ""gamma"": 10.0, ""intercept_scale"": 10.0, ""learning_rate"": 5e-06, ""max_epochs"": 3000, ""min_epochs"": 200, ""n_batches"": 20, ""patience"": 100, ""reg_lambda"": 1.0, ""shuffle"": true, ""squash_scale"": 10.0, ""tol"": 0.0005}",scar,0.3,0.5,0.5,True,0,,,,,,1925,,0.2175,False,-0.07252476356953969,0.7910447761194029,1.0,0.9926190476190476,0.9125,0.8309178743961353,0.8978978978978979,0.985917749148295,0.8565476190476191,,requires predict_proba,,requires predict_proba,,1.4680000000007567,success,
llsvm,scar-pi0.3-scalesmall,110,"{""alpha"": 2.0, ""beta"": 1.0, ""early_stopping"": true, ""fit_intercept"": true, ""gamma"": 10.0, ""intercept_scale"": 10.0, ""learning_rate"": 5e-06, ""max_epochs"": 3000, ""min_epochs"": 200, ""n_batches"": 20, ""patience"": 100, ""reg_lambda"": 1.0, ""shuffle"": true, ""squash_scale"": 10.0, ""tol"": 0.0005}",scar,0.3,0.5,0.5,True,0,,,,,,2029,,0.23,False,-0.06405256464603648,0.8095238095238095,1.0,0.9950595238095238,0.93,0.8679245283018868,0.8783382789317508,0.990620760498192,0.8833333333333333,,requires predict_proba,,requires predict_proba,,1.5779999999995198,success,
llsvm,scar-pi0.3-scalesmall,111,"{""alpha"": 2.0, ""beta"": 1.0, ""early_stopping"": true, ""fit_intercept"": true, ""gamma"": 10.0, ""intercept_scale"": 10.0, ""learning_rate"": 5e-06, ""max_epochs"": 3000, ""min_epochs"": 200, ""n_batches"": 20, ""patience"": 100, ""reg_lambda"": 1.0, ""shuffle"": true, ""squash_scale"": 10.0, ""tol"": 0.0005}",scar,0.3,0.5,0.5,True,0,,,,,,1342,,0.2075,False,0.013529411764705845,0.6833333333333333,0.9879518072289156,0.9963690476190477,0.9075,0.8177339901477833,0.8764705882352941,0.9928281422511391,0.8458333333333333,,requires predict_proba,,requires predict_proba,,1.0470000000004802,success,
llsvm,scar-pi0.3-scalesmall,112,"{""alpha"": 2.0, ""beta"": 1.0, ""early_stopping"": true, ""fit_intercept"": true, ""gamma"": 10.0, ""intercept_scale"": 10.0, ""learning_rate"": 5e-06, ""max_epochs"": 3000, ""min_epochs"": 200, ""n_batches"": 20, ""patience"": 100, ""reg_lambda"": 1.0, ""shuffle"": true, ""squash_scale"": 10.0, ""tol"": 0.0005}",scar,0.3,0.5,0.5,True,0,,,,,,1471,,0.195,False,0.03796526054590571,0.6290322580645161,0.9677419354838709,0.9927976190476191,0.895,0.7878787878787878,0.8846153846153846,0.9835865939210666,0.825,,requires predict_proba,,requires predict_proba,,1.1409999999996217,success,
llsvm,scar-pi0.3-scalesmall,113,"{""alpha"": 2.0, ""beta"": 1.0, ""early_stopping"": true, ""fit_intercept"": true, ""gamma"": 10.0, ""intercept_scale"": 10.0, ""learning_rate"": 5e-06, ""max_epochs"": 3000, ""min_epochs"": 200, ""n_batches"": 20, ""patience"": 100, ""reg_lambda"": 1.0, ""shuffle"": true, ""squash_scale"": 10.0, ""tol"": 0.0005}",scar,0.3,0.5,0.5,True,0,,,,,,1049,,0.2375,False,-0.0386147186147186,0.7714285714285715,0.974436090225564,0.999375,0.9375,0.8837209302325582,0.8757575757575757,0.9987052744202245,0.8958333333333333,,requires predict_proba,,requires predict_proba,,0.8119999999998981,success,
llsvm,scar-pi0.3-scalesmall,114,"{""alpha"": 2.0, ""beta"": 1.0, ""early_stopping"": true, ""fit_intercept"": true, ""gamma"": 10.0, ""intercept_scale"": 10.0, ""learning_rate"": 5e-06, ""max_epochs"": 3000, ""min_epochs"": 200, ""n_batches"": 20, ""patience"": 100, ""reg_lambda"": 1.0, ""shuffle"": true, ""squash_scale"": 10.0, ""tol"": 0.0005}",scar,0.3,0.5,0.5,True,0,,,,,,1188,,0.2025,False,0.01192266380236301,0.6842105263157895,1.0,0.9981845238095237,0.9025,0.8059701492537313,0.8775510204081632,0.9960641823145493,0.8375,,requires predict_proba,,requires predict_proba,,0.9060000000008586,success,
llsvm,scar-pi0.3-scalesmall,115,"{""alpha"": 2.0, ""beta"": 1.0, ""early_stopping"": true, ""fit_intercept"": true, ""gamma"": 10.0, ""intercept_scale"": 10.0, ""learning_rate"": 5e-06, ""max_epochs"": 3000, ""min_epochs"": 200, ""n_batches"": 20, ""patience"": 100, ""reg_lambda"": 1.0, ""shuffle"": true, ""squash_scale"": 10.0, ""tol"": 0.0005}",scar,0.3,0.5,0.5,True,0,,,,,,1631,,0.195,False,0.027692893263009055,0.660377358490566,1.0,0.999375,0.895,0.7878787878787878,0.8760806916426513,0.9985932143143853,0.825,,requires predict_proba,,requires predict_proba,,1.25,success,
llsvm,scar-pi0.3-scalesmall,116,"{""alpha"": 2.0, ""beta"": 1.0, ""early_stopping"": true, ""fit_intercept"": true, ""gamma"": 10.0, ""intercept_scale"": 10.0, ""learning_rate"": 5e-06, ""max_epochs"": 3000, ""min_epochs"": 200, ""n_batches"": 20, ""patience"": 100, ""reg_lambda"": 1.0, ""shuffle"": true, ""squash_scale"": 10.0, ""tol"": 0.0005}",scar,0.3,0.5,0.5,True,0,,,,,,789,,0.225,False,-0.020022608449908164,0.746031746031746,0.9947089947089948,0.9994642857142857,0.925,0.8571428571428571,0.8724035608308606,0.9987744573198559,0.875,,requires predict_proba,,requires predict_proba,,0.6090000000003783,success,
llsvm,scar-pi0.3-scalesmall,117,"{""alpha"": 2.0, ""beta"": 1.0, ""early_stopping"": true, ""fit_intercept"": true, ""gamma"": 10.0, ""intercept_scale"": 10.0, ""learning_rate"": 5e-06, ""max_epochs"": 3000, ""min_epochs"": 200, ""n_batches"": 20, ""patience"": 100, ""reg_lambda"": 1.0, ""shuffle"": true, ""squash_scale"": 10.0, ""tol"": 0.0005}",scar,0.3,0.5,0.5,True,0,,,,,,1291,,0.2275,False,-0.01970604246053348,0.7424242424242424,0.979020979020979,0.9985416666666667,0.9275,0.8625592417061612,0.874251497005988,0.9968122179154415,0.8791666666666667,,requires predict_proba,,requires predict_proba,,1.0,success,
llsvm,scar-pi0.3-scalesmall,118,"{""alpha"": 2.0, ""beta"": 1.0, ""early_stopping"": true, ""fit_intercept"": true, ""gamma"": 10.0, ""intercept_scale"": 10.0, ""learning_rate"": 5e-06, ""max_epochs"": 3000, ""min_epochs"": 200, ""n_batches"": 20, ""patience"": 100, ""reg_lambda"": 1.0, ""shuffle"": true, ""squash_scale"": 10.0, ""tol"": 0.0005}",scar,0.3,0.5,0.5,True,0,,,,,,575,,0.1975,False,0.024277456647398832,0.6666666666666666,1.0,0.9976190476190476,0.8975,0.7939698492462312,0.8757225433526011,0.9946430684200247,0.8291666666666666,,requires predict_proba,,requires predict_proba,,0.4529999999995198,success,
llsvm,scar-pi0.3-scalesmall,119,"{""alpha"": 2.0, ""beta"": 1.0, ""early_stopping"": true, ""fit_intercept"": true, ""gamma"": 10.0, ""intercept_scale"": 10.0, ""learning_rate"": 5e-06, ""max_epochs"": 3000, ""min_epochs"": 200, ""n_batches"": 20, ""patience"": 100, ""reg_lambda"": 1.0, ""shuffle"": true, ""squash_scale"": 10.0, ""tol"": 0.0005}",scar,0.3,0.5,0.5,True,0,,,,,,1183,,0.2025,False,0.045099667774086416,0.6428571428571429,0.9523809523809523,0.9994047619047619,0.9025,0.8059701492537313,0.8691860465116279,0.9986704864764835,0.8375,,requires predict_proba,,requires predict_proba,,0.9220000000004802,success,
llsvm,scar-pi0.3-scalemid,100,"{""alpha"": 2.0, ""beta"": 1.0, ""early_stopping"": true, ""fit_intercept"": true, ""gamma"": 10.0, ""intercept_scale"": 10.0, ""learning_rate"": 5e-06, ""max_epochs"": 3000, ""min_epochs"": 200, ""n_batches"": 20, ""patience"": 100, ""reg_lambda"": 1.0, ""shuffle"": true, ""squash_scale"": 10.0, ""tol"": 0.0005}",scar,0.3,0.5,0.5,True,0,,,,,,900,,0.29,False,-0.10137785501489571,0.9539473684210527,0.9868421052631579,0.9962666666666666,0.975,0.9576271186440678,0.8290094339622641,0.9926349578852482,0.9654761904761905,,requires predict_proba,,requires predict_proba,,0.8599999999987631,success,
llsvm,scar-pi0.3-scalemid,101,"{""alpha"": 2.0, ""beta"": 1.0, ""early_stopping"": true, ""fit_intercept"": true, ""gamma"": 10.0, ""intercept_scale"": 10.0, ""learning_rate"": 5e-06, ""max_epochs"": 3000, ""min_epochs"": 200, ""n_batches"": 20, ""patience"": 100, ""reg_lambda"": 1.0, ""shuffle"": true, ""squash_scale"": 10.0, ""tol"": 0.0005}",scar,0.3,0.5,0.5,True,0,,,,,,1334,,0.29,False,-0.08844011054516199,0.9530685920577617,0.9859330262666501,0.9989916666666667,0.982,0.9694915254237289,0.816598955310505,0.997664055021696,0.9738095238095239,,requires predict_proba,,requires predict_proba,,1.25,success,
llsvm,scar-pi0.3-scalemid,102,"{""alpha"": 2.0, ""beta"": 1.0, ""early_stopping"": true, ""fit_intercept"": true, ""gamma"": 10.0, ""intercept_scale"": 10.0, ""learning_rate"": 5e-06, ""max_epochs"": 3000, ""min_epochs"": 200, ""n_batches"": 20, ""patience"": 100, ""reg_lambda"": 1.0, ""shuffle"": true, ""squash_scale"": 10.0, ""tol"": 0.0005}",scar,0.3,0.5,0.5,True,0,,,,,,1362,,0.2895,False,-0.09646561832887338,0.939873417721519,0.9739620909031286,0.998502380952381,0.9765,0.9601357082273113,0.832541567695962,0.9966425956643356,0.9670238095238095,,requires predict_proba,,requires predict_proba,,1.265000000001237,success,
llsvm,scar-pi0.3-scalemid,103,"{""alpha"": 2.0, ""beta"": 1.0, ""early_stopping"": true, ""fit_intercept"": true, ""gamma"": 10.0, ""intercept_scale"": 10.0, ""learning_rate"": 5e-06, ""max_epochs"": 3000, ""min_epochs"": 200, ""n_batches"": 20, ""patience"": 100, ""reg_lambda"": 1.0, ""shuffle"": true, ""squash_scale"": 10.0, ""tol"": 0.0005}",scar,0.3,0.5,0.5,True,0,,,,,,1734,,0.288,False,-0.10243380062305293,0.9618055555555556,1.0,0.9994107142857143,0.987,0.9778911564625851,0.8253504672897196,0.9987808731446219,0.9788095238095238,,requires predict_proba,,requires predict_proba,,1.625,success,
llsvm,scar-pi0.3-scalemid,104,"{""alpha"": 2.0, ""beta"": 1.0, ""early_stopping"": true, ""fit_intercept"": true, ""gamma"": 10.0, ""intercept_scale"": 10.0, ""learning_rate"": 5e-06, ""max_epochs"": 3000, ""min_epochs"": 200, ""n_batches"": 20, ""patience"": 100, ""reg_lambda"": 1.0, ""shuffle"": true, ""squash_scale"": 10.0, ""tol"": 0.0005}",scar,0.3,0.5,0.5,True,0,,,,,,962,,0.286,False,-0.10784221675379171,0.9543973941368078,1.0,0.9990880952380953,0.981,0.9675767918088737,0.835203780271707,0.9978820137192586,0.9707142857142856,,requires predict_proba,,requires predict_proba,,0.8909999999996217,success,
llsvm,scar-pi0.3-scalemid,105,"{""alpha"": 2.0, ""beta"": 1.0, ""early_stopping"": true, ""fit_intercept"": true, ""gamma"": 10.0, ""intercept_scale"": 10.0, ""learning_rate"": 5e-06, ""max_epochs"": 3000, ""min_epochs"": 200, ""n_batches"": 20, ""patience"": 100, ""reg_lambda"": 1.0, ""shuffle"": true, ""squash_scale"": 10.0, ""tol"": 0.0005}",scar,0.3,0.5,0.5,True,0,,,,,,527,,0.282,False,-0.08794392223541111,0.9315068493150684,0.9909647333139027,0.9991797619047619,0.978,0.9621993127147767,0.8290398126463701,0.9981462206028511,0.9652380952380952,,requires predict_proba,,requires predict_proba,,0.48400000000037835,success,
llsvm,scar-pi0.3-scalemid,106,"{""alpha"": 2.0, ""beta"": 1.0, ""early_stopping"": true, ""fit_intercept"": true, ""gamma"": 10.0, ""intercept_scale"": 10.0, ""learning_rate"": 5e-06, ""max_epochs"": 3000, ""min_epochs"": 200, ""n_batches"": 20, ""patience"": 100, ""reg_lambda"": 1.0, ""shuffle"": true, ""squash_scale"": 10.0, ""tol"": 0.0005}",scar,0.3,0.5,0.5,True,0,,,,,,1406,,0.282,False,-0.09473803445407106,0.9292604501607717,0.9885749469795445,0.9974869047619048,0.972,0.9518900343642611,0.837181764357608,0.9942775033569332,0.9580952380952381,,requires predict_proba,,requires predict_proba,,1.3119999999998981,success,
llsvm,scar-pi0.3-scalemid,107,"{""alpha"": 2.0, ""beta"": 1.0, ""early_stopping"": true, ""fit_intercept"": true, ""gamma"": 10.0, ""intercept_scale"": 10.0, ""learning_rate"": 5e-06, ""max_epochs"": 3000, ""min_epochs"": 200, ""n_batches"": 20, ""patience"": 100, ""reg_lambda"": 1.0, ""shuffle"": true, ""squash_scale"": 10.0, ""tol"": 0.0005}",scar,0.3,0.5,0.5,True,0,,,,,,628,,0.2855,False,-0.09141917413670009,0.9442508710801394,0.9922075703118802,0.9990571428571429,0.9815,0.968403074295474,0.8248686514886164,0.9978693597029744,0.9710714285714286,,requires predict_proba,,requires predict_proba,,0.5939999999991414,success,
llsvm,scar-pi0.3-scalemid,108,"{""alpha"": 2.0, ""beta"": 1.0, ""early_stopping"": true, ""fit_intercept"": true, ""gamma"": 10.0, ""intercept_scale"": 10.0, ""learning_rate"": 5e-06, ""max_epochs"": 3000, ""min_epochs"": 200, ""n_batches"": 20, ""patience"": 100, ""reg_lambda"": 1.0, ""shuffle"": true, ""squash_scale"": 10.0, ""tol"": 0.0005}",scar,0.3,0.5,0.5,True,0,,,,,,921,,0.289,False,-0.09965473781898901,0.9531772575250836,0.989457360752682,0.9987690476190476,0.984,0.9728353140916808,0.8277483833039389,0.9973726294417897,0.9757142857142858,,requires predict_proba,,requires predict_proba,,0.8600000000005821,success,
llsvm,scar-pi0.3-scalemid,109,"{""alpha"": 2.0, ""beta"": 1.0, ""early_stopping"": true, ""fit_intercept"": true, ""gamma"": 10.0, ""intercept_scale"": 10.0, ""learning_rate"": 5e-06, ""max_epochs"": 3000, ""min_epochs"": 200, ""n_batches"": 20, ""patience"": 100, ""reg_lambda"": 1.0, ""shuffle"": true, ""squash_scale"": 10.0, ""tol"": 0.0005}",scar,0.3,0.5,0.5,True,0,,,,,,1562,,0.2885,False,-0.11145816805313144,0.9585987261146497,0.996809767190277,0.9979476190476191,0.9795,0.9651656754460493,0.8362989323843416,0.995646946599166,0.9701190476190475,,requires predict_proba,,requires predict_proba,,1.4529999999995198,success,
llsvm,scar-pi0.3-scalemid,110,"{""alpha"": 2.0, ""beta"": 1.0, ""early_stopping"": true, ""fit_intercept"": true, ""gamma"": 10.0, ""intercept_scale"": 10.0, ""learning_rate"": 5e-06, ""max_epochs"": 3000, ""min_epochs"": 200, ""n_batches"": 20, ""patience"": 100, ""reg_lambda"": 1.0, ""shuffle"": true, ""squash_scale"": 10.0, ""tol"": 0.0005}",scar,0.3,0.5,0.5,True,0,,,,,,1328,,0.2825,False,-0.09968421310311623,0.951048951048951,1.0,0.9983690476190475,0.9785,0.9630901287553648,0.8290548424737456,0.9967395558936979,0.9660714285714286,,requires predict_proba,,requires predict_proba,,1.2340000000003783,success,
llsvm,scar-pi0.3-scalemid,111,"{""alpha"": 2.0, ""beta"": 1.0, ""early_stopping"": true, ""fit_intercept"": true, ""gamma"": 10.0, ""intercept_scale"": 10.0, ""learning_rate"": 5e-06, ""max_epochs"": 3000, ""min_epochs"": 200, ""n_batches"": 20, ""patience"": 100, ""reg_lambda"": 1.0, ""shuffle"": true, ""squash_scale"": 10.0, ""tol"": 0.0005}",scar,0.3,0.5,0.5,True,0,,,,,,927,,0.287,False,-0.1041643831183933,0.9619377162629758,1.0,0.9994059523809524,0.984,0.9727427597955707,0.8270017533606079,0.9986176684371852,0.9747619047619047,,requires predict_proba,,requires predict_proba,,0.875,success,
llsvm,scar-pi0.3-scalemid,112,"{""alpha"": 2.0, ""beta"": 1.0, ""early_stopping"": true, ""fit_intercept"": true, ""gamma"": 10.0, ""intercept_scale"": 10.0, ""learning_rate"": 5e-06, ""max_epochs"": 3000, ""min_epochs"": 200, ""n_batches"": 20, ""patience"": 100, ""reg_lambda"": 1.0, ""shuffle"": true, ""squash_scale"": 10.0, ""tol"": 0.0005}",scar,0.3,0.5,0.5,True,0,,,,,,888,,0.2875,False,-0.0968235294117647,0.9466666666666667,0.9878260869565217,0.9988726190476191,0.9835,0.9719148936170213,0.8288235294117647,0.9975317814236552,0.9744047619047619,,requires predict_proba,,requires predict_proba,,0.8279999999995198,success,
llsvm,scar-pi0.3-scalemid,113,"{""alpha"": 2.0, ""beta"": 1.0, ""early_stopping"": true, ""fit_intercept"": true, ""gamma"": 10.0, ""intercept_scale"": 10.0, ""learning_rate"": 5e-06, ""max_epochs"": 3000, ""min_epochs"": 200, ""n_batches"": 20, ""patience"": 100, ""reg_lambda"": 1.0, ""shuffle"": true, ""squash_scale"": 10.0, ""tol"": 0.0005}",scar,0.3,0.5,0.5,True,0,,,,,,802,,0.2835,False,-0.09929839871851548,0.9385113268608414,0.9931336792178217,0.9988321428571428,0.9795,0.9648671808054842,0.8361916026020106,0.997203067245202,0.9677380952380952,,requires predict_proba,,requires predict_proba,,0.7339999999985594,success,
llsvm,scar-pi0.3-scalemid,114,"{""alpha"": 2.0, ""beta"": 1.0, ""early_stopping"": true, ""fit_intercept"": true, ""gamma"": 10.0, ""intercept_scale"": 10.0, ""learning_rate"": 5e-06, ""max_epochs"": 3000, ""min_epochs"": 200, ""n_batches"": 20, ""patience"": 100, ""reg_lambda"": 1.0, ""shuffle"": true, ""squash_scale"": 10.0, ""tol"": 0.0005}",scar,0.3,0.5,0.5,True,0,,,,,,838,,0.284,False,-0.11464357515909102,0.9504643962848297,1.0,0.9983059523809524,0.982,0.9691780821917808,0.8443649373881932,0.995038010818984,0.970952380952381,,requires predict_proba,,requires predict_proba,,0.7810000000008586,success,
llsvm,scar-pi0.3-scalemid,115,"{""alpha"": 2.0, ""beta"": 1.0, ""early_stopping"": true, ""fit_intercept"": true, ""gamma"": 10.0, ""intercept_scale"": 10.0, ""learning_rate"": 5e-06, ""max_epochs"": 3000, ""min_epochs"": 200, ""n_batches"": 20, ""patience"": 100, ""reg_lambda"": 1.0, ""shuffle"": true, ""squash_scale"": 10.0, ""tol"": 0.0005}",scar,0.3,0.5,0.5,True,0,,,,,,1079,,0.2845,False,-0.11504739336492892,0.9583333333333334,1.0,0.997777380952381,0.9775,0.9615055603079555,0.840047393364929,0.9954046457115929,0.9658333333333333,,requires predict_proba,,requires predict_proba,,1.0,success,
llsvm,scar-pi0.3-scalemid,116,"{""alpha"": 2.0, ""beta"": 1.0, ""early_stopping"": true, ""fit_intercept"": true, ""gamma"": 10.0, ""intercept_scale"": 10.0, ""learning_rate"": 5e-06, ""max_epochs"": 3000, ""min_epochs"": 200, ""n_batches"": 20, ""patience"": 100, ""reg_lambda"": 1.0, ""shuffle"": true, ""squash_scale"": 10.0, ""tol"": 0.0005}",scar,0.3,0.5,0.5,True,0,,,,,,661,,0.29,False,-0.10593709341470386,0.9603960396039604,0.9935131444178901,0.999527380952381,0.986,0.976271186440678,0.8296994696523277,0.9988763149911754,0.9785714285714285,,requires predict_proba,,requires predict_proba,,0.6090000000003783,success,
llsvm,scar-pi0.3-scalemid,117,"{""alpha"": 2.0, ""beta"": 1.0, ""early_stopping"": true, ""fit_intercept"": true, ""gamma"": 10.0, ""intercept_scale"": 10.0, ""learning_rate"": 5e-06, ""max_epochs"": 3000, ""min_epochs"": 200, ""n_batches"": 20, ""patience"": 100, ""reg_lambda"": 1.0, ""shuffle"": true, ""squash_scale"": 10.0, ""tol"": 0.0005}",scar,0.3,0.5,0.5,True,0,,,,,,746,,0.2885,False,-0.10256597256661434,0.9537953795379538,0.9918149527257751,0.9988571428571429,0.9825,0.9702633814783348,0.8302887448438421,0.9973307614521655,0.9736904761904761,,requires predict_proba,,requires predict_proba,,0.6880000000001019,success,
llsvm,scar-pi0.3-scalemid,118,"{""alpha"": 2.0, ""beta"": 1.0, ""early_stopping"": true, ""fit_intercept"": true, ""gamma"": 10.0, ""intercept_scale"": 10.0, ""learning_rate"": 5e-06, ""max_epochs"": 3000, ""min_epochs"": 200, ""n_batches"": 20, ""patience"": 100, ""reg_lambda"": 1.0, ""shuffle"": true, ""squash_scale"": 10.0, ""tol"": 0.0005}",scar,0.3,0.5,0.5,True,0,,,,,,246,,0.287,False,-0.11289063172822422,0.9611650485436893,1.0,0.999175,0.983,0.9710391822827938,0.8361916026020106,0.9981123457594427,0.9735714285714285,,requires predict_proba,,requires predict_proba,,0.23400000000037835,success,
llsvm,scar-pi0.3-scalemid,119,"{""alpha"": 2.0, ""beta"": 1.0, ""early_stopping"": true, ""fit_intercept"": true, ""gamma"": 10.0, ""intercept_scale"": 10.0, ""learning_rate"": 5e-06, ""max_epochs"": 3000, ""min_epochs"": 200, ""n_batches"": 20, ""patience"": 100, ""reg_lambda"": 1.0, ""shuffle"": true, ""squash_scale"": 10.0, ""tol"": 0.0005}",scar,0.3,0.5,0.5,True,0,,,,,,685,,0.286,False,-0.0867092434663555,0.9377162629757786,0.9836184576669006,0.9981547619047619,0.975,0.9573378839590444,0.8240794856808884,0.9959429697849305,0.9635714285714285,,requires predict_proba,,requires predict_proba,,0.6559999999990396,success,
llsvm,scar-pi0.5-scalesmall,100,"{""alpha"": 2.0, ""beta"": 1.0, ""early_stopping"": true, ""fit_intercept"": true, ""gamma"": 10.0, ""intercept_scale"": 10.0, ""learning_rate"": 5e-06, ""max_epochs"": 3000, ""min_epochs"": 200, ""n_batches"": 20, ""patience"": 100, ""reg_lambda"": 1.0, ""shuffle"": true, ""squash_scale"": 10.0, ""tol"": 0.0005}",scar,0.5,0.5,0.5,True,0,,,,,,1242,,0.39,False,0.027442121116598384,0.7526881720430108,0.9649848359525779,0.9986250000000001,0.89,0.8764044943820225,0.7198697068403909,0.9986464814603027,0.89,,requires predict_proba,,requires predict_proba,,0.9530000000013388,success,
llsvm,scar-pi0.5-scalesmall,101,"{""alpha"": 2.0, ""beta"": 1.0, ""early_stopping"": true, ""fit_intercept"": true, ""gamma"": 10.0, ""intercept_scale"": 10.0, ""learning_rate"": 5e-06, ""max_epochs"": 3000, ""min_epochs"": 200, ""n_batches"": 20, ""patience"": 100, ""reg_lambda"": 1.0, ""shuffle"": true, ""squash_scale"": 10.0, ""tol"": 0.0005}",scar,0.5,0.5,0.5,True,0,,,,,,405,,0.4325,False,-0.08585961688952398,0.8762886597938144,1.0,0.991425,0.9275,0.9222520107238605,0.7095709570957096,0.9928193412977372,0.9275,,requires predict_proba,,requires predict_proba,,0.31199999999989814,success,
llsvm,scar-pi0.5-scalesmall,102,"{""alpha"": 2.0, ""beta"": 1.0, ""early_stopping"": true, ""fit_intercept"": true, ""gamma"": 10.0, ""intercept_scale"": 10.0, ""learning_rate"": 5e-06, ""max_epochs"": 3000, ""min_epochs"": 200, ""n_batches"": 20, ""patience"": 100, ""reg_lambda"": 1.0, ""shuffle"": true, ""squash_scale"": 10.0, ""tol"": 0.0005}",scar,0.5,0.5,0.5,True,0,,,,,,236,,0.4225,False,-0.01239974495788454,0.8080808080808081,0.9563086486163409,0.9825,0.9075,0.8997289972899729,0.7043189368770764,0.9841824187908068,0.9075,,requires predict_proba,,requires predict_proba,,0.18800000000010186,success,
llsvm,scar-pi0.5-scalesmall,103,"{""alpha"": 2.0, ""beta"": 1.0, ""early_stopping"": true, ""fit_intercept"": true, ""gamma"": 10.0, ""intercept_scale"": 10.0, ""learning_rate"": 5e-06, ""max_epochs"": 3000, ""min_epochs"": 200, ""n_batches"": 20, ""patience"": 100, ""reg_lambda"": 1.0, ""shuffle"": true, ""squash_scale"": 10.0, ""tol"": 0.0005}",scar,0.5,0.5,0.5,True,0,,,,,,1899,,0.435,False,-0.11822589391088001,0.8878504672897196,1.0,0.9984999999999999,0.935,0.93048128342246,0.7303754266211604,0.9985216428198419,0.935,,requires predict_proba,,requires predict_proba,,1.4840000000003783,success,
llsvm,scar-pi0.5-scalesmall,104,"{""alpha"": 2.0, ""beta"": 1.0, ""early_stopping"": true, ""fit_intercept"": true, ""gamma"": 10.0, ""intercept_scale"": 10.0, ""learning_rate"": 5e-06, ""max_epochs"": 3000, ""min_epochs"": 200, ""n_batches"": 20, ""patience"": 100, ""reg_lambda"": 1.0, ""shuffle"": true, ""squash_scale"": 10.0, ""tol"": 0.0005}",scar,0.5,0.5,0.5,True,0,,,,,,762,,0.42,False,-0.07588357588357586,0.8461538461538461,1.0,0.999175,0.92,0.9130434782608695,0.7297297297297297,0.9992203491333064,0.9199999999999999,,requires predict_proba,,requires predict_proba,,0.5779999999995198,success,
llsvm,scar-pi0.5-scalesmall,105,"{""alpha"": 2.0, ""beta"": 1.0, ""early_stopping"": true, ""fit_intercept"": true, ""gamma"": 10.0, ""intercept_scale"": 10.0, ""learning_rate"": 5e-06, ""max_epochs"": 3000, ""min_epochs"": 200, ""n_batches"": 20, ""patience"": 100, ""reg_lambda"": 1.0, ""shuffle"": true, ""squash_scale"": 10.0, ""tol"": 0.0005}",scar,0.5,0.5,0.5,True,0,,,,,,760,,0.43,False,-0.0506142587502898,0.8415841584158416,0.9785862307160949,0.999425,0.93,0.9247311827956989,0.7090301003344481,0.9994413821169529,0.9299999999999999,,requires predict_proba,,requires predict_proba,,0.5930000000007567,success,
llsvm,scar-pi0.5-scalesmall,106,"{""alpha"": 2.0, ""beta"": 1.0, ""early_stopping"": true, ""fit_intercept"": true, ""gamma"": 10.0, ""intercept_scale"": 10.0, ""learning_rate"": 5e-06, ""max_epochs"": 3000, ""min_epochs"": 200, ""n_batches"": 20, ""patience"": 100, ""reg_lambda"": 1.0, ""shuffle"": true, ""squash_scale"": 10.0, ""tol"": 0.0005}",scar,0.5,0.5,0.5,True,0,,,,,,1491,,0.405,False,-0.04564279551337358,0.8210526315789474,1.0,0.996625,0.905,0.8950276243093923,0.7245901639344262,0.9967512743892409,0.905,,requires predict_proba,,requires predict_proba,,1.1409999999996217,success,
llsvm,scar-pi0.5-scalesmall,107,"{""alpha"": 2.0, ""beta"": 1.0, ""early_stopping"": true, ""fit_intercept"": true, ""gamma"": 10.0, ""intercept_scale"": 10.0, ""learning_rate"": 5e-06, ""max_epochs"": 3000, ""min_epochs"": 200, ""n_batches"": 20, ""patience"": 100, ""reg_lambda"": 1.0, ""shuffle"": true, ""squash_scale"": 10.0, ""tol"": 0.0005}",scar,0.5,0.5,0.5,True,0,,,,,,980,,0.365,False,0.013371260497697213,0.7530864197530864,1.0,0.99875,0.865,0.8439306358381503,0.7335423197492164,0.9987953556204431,0.865,,requires predict_proba,,requires predict_proba,,0.7650000000012369,success,
llsvm,scar-pi0.5-scalesmall,108,"{""alpha"": 2.0, ""beta"": 1.0, ""early_stopping"": true, ""fit_intercept"": true, ""gamma"": 10.0, ""intercept_scale"": 10.0, ""learning_rate"": 5e-06, ""max_epochs"": 3000, ""min_epochs"": 200, ""n_batches"": 20, ""patience"": 100, ""reg_lambda"": 1.0, ""shuffle"": true, ""squash_scale"": 10.0, ""tol"": 0.0005}",scar,0.5,0.5,0.5,True,0,,,,,,1129,,0.395,False,-0.10614339252565586,0.8602150537634409,1.0,0.9973000000000001,0.895,0.88268156424581,0.745928338762215,0.9974869594789628,0.895,,requires predict_proba,,requires predict_proba,,0.875,success,
llsvm,scar-pi0.5-scalesmall,109,"{""alpha"": 2.0, ""beta"": 1.0, ""early_stopping"": true, ""fit_intercept"": true, ""gamma"": 10.0, ""intercept_scale"": 10.0, ""learning_rate"": 5e-06, ""max_epochs"": 3000, ""min_epochs"": 200, ""n_batches"": 20, ""patience"": 100, ""reg_lambda"": 1.0, ""shuffle"": true, ""squash_scale"": 10.0, ""tol"": 0.0005}",scar,0.5,0.5,0.5,True,0,,,,,,354,,0.43,False,-0.019237684286227963,0.8155339805825242,0.9482953262587491,0.962975,0.875,0.8655913978494624,0.7037037037037037,0.9658594615789206,0.875,,requires predict_proba,,requires predict_proba,,0.2819999999992433,success,
llsvm,scar-pi0.5-scalesmall,110,"{""alpha"": 2.0, ""beta"": 1.0, ""early_stopping"": true, ""fit_intercept"": true, ""gamma"": 10.0, ""intercept_scale"": 10.0, ""learning_rate"": 5e-06, ""max_epochs"": 3000, ""min_epochs"": 200, ""n_batches"": 20, ""patience"": 100, ""reg_lambda"": 1.0, ""shuffle"": true, ""squash_scale"": 10.0, ""tol"": 0.0005}",scar,0.5,0.5,0.5,True,0,,,,,,1430,,0.4325,False,-0.12047661076787292,0.8932038834951457,1.0,0.998775,0.9325,0.9276139410187667,0.7272727272727273,0.99886319142063,0.9325,,requires predict_proba,,requires predict_proba,,1.1090000000003783,success,
llsvm,scar-pi0.5-scalesmall,111,"{""alpha"": 2.0, ""beta"": 1.0, ""early_stopping"": true, ""fit_intercept"": true, ""gamma"": 10.0, ""intercept_scale"": 10.0, ""learning_rate"": 5e-06, ""max_epochs"": 3000, ""min_epochs"": 200, ""n_batches"": 20, ""patience"": 100, ""reg_lambda"": 1.0, ""shuffle"": true, ""squash_scale"": 10.0, ""tol"": 0.0005}",scar,0.5,0.5,0.5,True,0,,,,,,1086,,0.425,False,-0.09333333333333332,0.87,1.0,0.9987999999999999,0.925,0.918918918918919,0.7233333333333334,0.9988434717507613,0.925,,requires predict_proba,,requires predict_proba,,0.8439999999991414,success,
llsvm,scar-pi0.5-scalesmall,112,"{""alpha"": 2.0, ""beta"": 1.0, ""early_stopping"": true, ""fit_intercept"": true, ""gamma"": 10.0, ""intercept_scale"": 10.0, ""learning_rate"": 5e-06, ""max_epochs"": 3000, ""min_epochs"": 200, ""n_batches"": 20, ""patience"": 100, ""reg_lambda"": 1.0, ""shuffle"": true, ""squash_scale"": 10.0, ""tol"": 0.0005}",scar,0.5,0.5,0.5,True,0,,,,,,1191,,0.3925,False,0.0014262223564549537,0.7676767676767676,0.9779321881232709,0.9974999999999999,0.8925,0.8795518207282913,0.7308970099667774,0.9974620616782268,0.8925000000000001,,requires predict_proba,,requires predict_proba,,0.9680000000007567,success,
llsvm,scar-pi0.5-scalesmall,113,"{""alpha"": 2.0, ""beta"": 1.0, ""early_stopping"": true, ""fit_intercept"": true, ""gamma"": 10.0, ""intercept_scale"": 10.0, ""learning_rate"": 5e-06, ""max_epochs"": 3000, ""min_epochs"": 200, ""n_batches"": 20, ""patience"": 100, ""reg_lambda"": 1.0, ""shuffle"": true, ""squash_scale"": 10.0, ""tol"": 0.0005}",scar,0.5,0.5,0.5,True,0,,,,,,948,,0.4275,False,-0.08130390664637238,0.8518518518518519,0.9963179553822828,0.999825,0.9275,0.921832884097035,0.7294520547945206,0.999827923152347,0.9275,,requires predict_proba,,requires predict_proba,,0.7819999999992433,success,
llsvm,scar-pi0.5-scalesmall,114,"{""alpha"": 2.0, ""beta"": 1.0, ""early_stopping"": true, ""fit_intercept"": true, ""gamma"": 10.0, ""intercept_scale"": 10.0, ""learning_rate"": 5e-06, ""max_epochs"": 3000, ""min_epochs"": 200, ""n_batches"": 20, ""patience"": 100, ""reg_lambda"": 1.0, ""shuffle"": true, ""squash_scale"": 10.0, ""tol"": 0.0005}",scar,0.5,0.5,0.5,True,0,,,,,,798,,0.4,False,-0.015857349651269892,0.7843137254901961,0.9803921568627451,0.998025,0.9,0.8888888888888888,0.7315436241610739,0.9980011282158252,0.9,,requires predict_proba,,requires predict_proba,,0.625,success,
llsvm,scar-pi0.5-scalesmall,115,"{""alpha"": 2.0, ""beta"": 1.0, ""early_stopping"": true, ""fit_intercept"": true, ""gamma"": 10.0, ""intercept_scale"": 10.0, ""learning_rate"": 5e-06, ""max_epochs"": 3000, ""min_epochs"": 200, ""n_batches"": 20, ""patience"": 100, ""reg_lambda"": 1.0, ""shuffle"": true, ""squash_scale"": 10.0, ""tol"": 0.0005}",scar,0.5,0.5,0.5,True,0,,,,,,1316,,0.4025,False,-0.06272648835202765,0.8315789473684211,1.0,0.999775,0.9025,0.8919667590027701,0.7311475409836066,0.999771534352706,0.9025000000000001,,requires predict_proba,,requires predict_proba,,1.0469999999986612,success,
llsvm,scar-pi0.5-scalesmall,116,"{""alpha"": 2.0, ""beta"": 1.0, ""early_stopping"": true, ""fit_intercept"": true, ""gamma"": 10.0, ""intercept_scale"": 10.0, ""learning_rate"": 5e-06, ""max_epochs"": 3000, ""min_epochs"": 200, ""n_batches"": 20, ""patience"": 100, ""reg_lambda"": 1.0, ""shuffle"": true, ""squash_scale"": 10.0, ""tol"": 0.0005}",scar,0.5,0.5,0.5,True,0,,,,,,714,,0.4125,False,-0.0512510088781275,0.819047619047619,0.9927849927849928,0.998275,0.9125,0.9041095890410958,0.7322033898305085,0.9985120940180383,0.9125,,requires predict_proba,,requires predict_proba,,0.5630000000001019,success,
llsvm,scar-pi0.5-scalesmall,117,"{""alpha"": 2.0, ""beta"": 1.0, ""early_stopping"": true, ""fit_intercept"": true, ""gamma"": 10.0, ""intercept_scale"": 10.0, ""learning_rate"": 5e-06, ""max_epochs"": 3000, ""min_epochs"": 200, ""n_batches"": 20, ""patience"": 100, ""reg_lambda"": 1.0, ""shuffle"": true, ""squash_scale"": 10.0, ""tol"": 0.0005}",scar,0.5,0.5,0.5,True,0,,,,,,893,,0.4225,False,-0.03924628343232994,0.8282828282828283,0.9802163648317495,0.9984500000000001,0.9225,0.9159891598915989,0.7109634551495017,0.9985064885417242,0.9225,,requires predict_proba,,requires predict_proba,,0.7030000000013388,success,
llsvm,scar-pi0.5-scalesmall,118,"{""alpha"": 2.0, ""beta"": 1.0, ""early_stopping"": true, ""fit_intercept"": true, ""gamma"": 10.0, ""intercept_scale"": 10.0, ""learning_rate"": 5e-06, ""max_epochs"": 3000, ""min_epochs"": 200, ""n_batches"": 20, ""patience"": 100, ""reg_lambda"": 1.0, ""shuffle"": true, ""squash_scale"": 10.0, ""tol"": 0.0005}",scar,0.5,0.5,0.5,True,0,,,,,,574,,0.4175,False,-0.0870976849237719,0.8695652173913043,1.0,0.999,0.9175,0.9100817438692098,0.7175324675324676,0.9989844387939579,0.9175,,requires predict_proba,,requires predict_proba,,0.46899999999914144,success,
llsvm,scar-pi0.5-scalesmall,119,"{""alpha"": 2.0, ""beta"": 1.0, ""early_stopping"": true, ""fit_intercept"": true, ""gamma"": 10.0, ""intercept_scale"": 10.0, ""learning_rate"": 5e-06, ""max_epochs"": 3000, ""min_epochs"": 200, ""n_batches"": 20, ""patience"": 100, ""reg_lambda"": 1.0, ""shuffle"": true, ""squash_scale"": 10.0, ""tol"": 0.0005}",scar,0.5,0.5,0.5,True,0,,,,,,1036,,0.3975,False,-0.03051399792623316,0.813953488372093,1.0,0.9983,0.8975,0.8857938718662952,0.7165605095541401,0.9984682215901041,0.8975,,requires predict_proba,,requires predict_proba,,0.8119999999998981,success,
llsvm,scar-pi0.5-scalemid,100,"{""alpha"": 2.0, ""beta"": 1.0, ""early_stopping"": true, ""fit_intercept"": true, ""gamma"": 10.0, ""intercept_scale"": 10.0, ""learning_rate"": 5e-06, ""max_epochs"": 3000, ""min_epochs"": 200, ""n_batches"": 20, ""patience"": 100, ""reg_lambda"": 1.0, ""shuffle"": true, ""squash_scale"": 10.0, ""tol"": 0.0005}",scar,0.5,0.5,0.5,True,0,,,,,,728,,0.478,False,-0.11345684448575977,0.9423868312757202,0.9857602837612136,0.9970330000000001,0.966,0.9652351738241309,0.6710700132100397,0.9972111053201665,0.966,,requires predict_proba,,requires predict_proba,,0.6880000000001019,success,
llsvm,scar-pi0.5-scalemid,101,"{""alpha"": 2.0, ""beta"": 1.0, ""early_stopping"": true, ""fit_intercept"": true, ""gamma"": 10.0, ""intercept_scale"": 10.0, ""learning_rate"": 5e-06, ""max_epochs"": 3000, ""min_epochs"": 200, ""n_batches"": 20, ""patience"": 100, ""reg_lambda"": 1.0, ""shuffle"": true, ""squash_scale"": 10.0, ""tol"": 0.0005}",scar,0.5,0.5,0.5,True,0,,,,,,234,,0.4835,False,-0.12965008591640448,0.9658119658119658,0.9987714227631498,0.996503,0.9675,0.9669547534316217,0.6638381201044387,0.9964980952437998,0.9675,,requires predict_proba,,requires predict_proba,,0.23400000000037835,success,
llsvm,scar-pi0.5-scalemid,102,"{""alpha"": 2.0, ""beta"": 1.0, ""early_stopping"": true, ""fit_intercept"": true, ""gamma"": 10.0, ""intercept_scale"": 10.0, ""learning_rate"": 5e-06, ""max_epochs"": 3000, ""min_epochs"": 200, ""n_batches"": 20, ""patience"": 100, ""reg_lambda"": 1.0, ""shuffle"": true, ""squash_scale"": 10.0, ""tol"": 0.0005}",scar,0.5,0.5,0.5,True,0,,,,,,977,,0.4825,False,-0.1321433795106458,0.9515503875968992,0.986062577820621,0.9970870000000001,0.9695,0.9689567430025445,0.6805929919137467,0.9970820022704109,0.9695,,requires predict_proba,,requires predict_proba,,0.9369999999998981,success,
llsvm,scar-pi0.5-scalemid,103,"{""alpha"": 2.0, ""beta"": 1.0, ""early_stopping"": true, ""fit_intercept"": true, ""gamma"": 10.0, ""intercept_scale"": 10.0, ""learning_rate"": 5e-06, ""max_epochs"": 3000, ""min_epochs"": 200, ""n_batches"": 20, ""patience"": 100, ""reg_lambda"": 1.0, ""shuffle"": true, ""squash_scale"": 10.0, ""tol"": 0.0005}",scar,0.5,0.5,0.5,True,0,,,,,,1612,,0.4905,False,-0.13896543111813525,0.9751552795031055,0.9940420790041851,0.9994210000000001,0.9865,0.9863705199394245,0.6638101516150297,0.999443040818341,0.9864999999999999,,requires predict_proba,,requires predict_proba,,1.5470000000004802,success,
llsvm,scar-pi0.5-scalemid,104,"{""alpha"": 2.0, ""beta"": 1.0, ""early_stopping"": true, ""fit_intercept"": true, ""gamma"": 10.0, ""intercept_scale"": 10.0, ""learning_rate"": 5e-06, ""max_epochs"": 3000, ""min_epochs"": 200, ""n_batches"": 20, ""patience"": 100, ""reg_lambda"": 1.0, ""shuffle"": true, ""squash_scale"": 10.0, ""tol"": 0.0005}",scar,0.5,0.5,0.5,True,0,,,,,,656,,0.491,False,-0.1485039905444454,0.9744597249508841,0.992321512169943,0.9991340000000001,0.983,0.9828456104944501,0.6740442655935613,0.9991436437835977,0.983,,requires predict_proba,,requires predict_proba,,0.6409999999996217,success,
llsvm,scar-pi0.5-scalemid,105,"{""alpha"": 2.0, ""beta"": 1.0, ""early_stopping"": true, ""fit_intercept"": true, ""gamma"": 10.0, ""intercept_scale"": 10.0, ""learning_rate"": 5e-06, ""max_epochs"": 3000, ""min_epochs"": 200, ""n_batches"": 20, ""patience"": 100, ""reg_lambda"": 1.0, ""shuffle"": true, ""squash_scale"": 10.0, ""tol"": 0.0005}",scar,0.5,0.5,0.5,True,0,,,,,,430,,0.487,False,-0.13918327454497276,0.9660678642714571,0.9918561234819888,0.9991680000000001,0.981,0.9807497467071935,0.6731154102735156,0.9991722929361607,0.981,,requires predict_proba,,requires predict_proba,,0.43699999999989814,success,
llsvm,scar-pi0.5-scalemid,106,"{""alpha"": 2.0, ""beta"": 1.0, ""early_stopping"": true, ""fit_intercept"": true, ""gamma"": 10.0, ""intercept_scale"": 10.0, ""learning_rate"": 5e-06, ""max_epochs"": 3000, ""min_epochs"": 200, ""n_batches"": 20, ""patience"": 100, ""reg_lambda"": 1.0, ""shuffle"": true, ""squash_scale"": 10.0, ""tol"": 0.0005}",scar,0.5,0.5,0.5,True,0,,,,,,689,,0.4825,False,-0.14252660409868062,0.9608610567514677,0.9957109396388267,0.9935859999999999,0.9545,0.9536895674300254,0.6816655473472129,0.9937147529225375,0.9545,,requires predict_proba,,requires predict_proba,,0.6720000000004802,success,
llsvm,scar-pi0.5-scalemid,107,"{""alpha"": 2.0, ""beta"": 1.0, ""early_stopping"": true, ""fit_intercept"": true, ""gamma"": 10.0, ""intercept_scale"": 10.0, ""learning_rate"": 5e-06, ""max_epochs"": 3000, ""min_epochs"": 200, ""n_batches"": 20, ""patience"": 100, ""reg_lambda"": 1.0, ""shuffle"": true, ""squash_scale"": 10.0, ""tol"": 0.0005}",scar,0.5,0.5,0.5,True,0,,,,,,511,,0.49,False,-0.1334424040248035,0.9691991786447639,0.9889787537191469,0.998932,0.982,0.9818181818181818,0.6642432253800397,0.9989090997523103,0.982,,requires predict_proba,,requires predict_proba,,0.5159999999996217,success,
llsvm,scar-pi0.5-scalemid,108,"{""alpha"": 2.0, ""beta"": 1.0, ""early_stopping"": true, ""fit_intercept"": true, ""gamma"": 10.0, ""intercept_scale"": 10.0, ""learning_rate"": 5e-06, ""max_epochs"": 3000, ""min_epochs"": 200, ""n_batches"": 20, ""patience"": 100, ""reg_lambda"": 1.0, ""shuffle"": true, ""squash_scale"": 10.0, ""tol"": 0.0005}",scar,0.5,0.5,0.5,True,0,,,,,,671,,0.488,False,-0.1611771975503789,0.9736346516007532,0.9975764872958538,0.998799,0.981,0.9807692307692307,0.6875425459496256,0.9988156705254038,0.981,,requires predict_proba,,requires predict_proba,,0.6710000000002765,success,
llsvm,scar-pi0.5-scalemid,109,"{""alpha"": 2.0, ""beta"": 1.0, ""early_stopping"": true, ""fit_intercept"": true, ""gamma"": 10.0, ""intercept_scale"": 10.0, ""learning_rate"": 5e-06, ""max_epochs"": 3000, ""min_epochs"": 200, ""n_batches"": 20, ""patience"": 100, ""reg_lambda"": 1.0, ""shuffle"": true, ""squash_scale"": 10.0, ""tol"": 0.0005}",scar,0.5,0.5,0.5,True,0,,,,,,785,,0.492,False,-0.13187211925076003,0.9611650485436893,0.9767937485200096,0.9959389999999999,0.967,0.9667338709677419,0.6707070707070707,0.996128812931243,0.967,,requires predict_proba,,requires predict_proba,,0.7819999999992433,success,
llsvm,scar-pi0.5-scalemid,110,"{""alpha"": 2.0, ""beta"": 1.0, ""early_stopping"": true, ""fit_intercept"": true, ""gamma"": 10.0, ""intercept_scale"": 10.0, ""learning_rate"": 5e-06, ""max_epochs"": 3000, ""min_epochs"": 200, ""n_batches"": 20, ""patience"": 100, ""reg_lambda"": 1.0, ""shuffle"": true, ""squash_scale"": 10.0, ""tol"": 0.0005}",scar,0.5,0.5,0.5,True,0,,,,,,916,,0.4815,False,-0.12246471923891278,0.9542619542619543,0.9909262245710844,0.9964870000000001,0.9695,0.9689251146204788,0.6682027649769585,0.9968410733229767,0.9695,,requires predict_proba,,requires predict_proba,,0.9060000000008586,success,
llsvm,scar-pi0.5-scalemid,111,"{""alpha"": 2.0, ""beta"": 1.0, ""early_stopping"": true, ""fit_intercept"": true, ""gamma"": 10.0, ""intercept_scale"": 10.0, ""learning_rate"": 5e-06, ""max_epochs"": 3000, ""min_epochs"": 200, ""n_batches"": 20, ""patience"": 100, ""reg_lambda"": 1.0, ""shuffle"": true, ""squash_scale"": 10.0, ""tol"": 0.0005}",scar,0.5,0.5,0.5,True,0,,,,,,874,,0.4885,False,-0.15049753728034254,0.9760479041916168,0.9990254904724839,0.999368,0.9845,0.9843196762771876,0.6744496330887259,0.9993670344961357,0.9844999999999999,,requires predict_proba,,requires predict_proba,,0.8279999999995198,success,
llsvm,scar-pi0.5-scalemid,112,"{""alpha"": 2.0, ""beta"": 1.0, ""early_stopping"": true, ""fit_intercept"": true, ""gamma"": 10.0, ""intercept_scale"": 10.0, ""learning_rate"": 5e-06, ""max_epochs"": 3000, ""min_epochs"": 200, ""n_batches"": 20, ""patience"": 100, ""reg_lambda"": 1.0, ""shuffle"": true, ""squash_scale"": 10.0, ""tol"": 0.0005}",scar,0.5,0.5,0.5,True,0,,,,,,714,,0.4815,False,-0.1326666666666667,0.956,0.9927310488058152,0.999194,0.9805,0.9801324503311258,0.6766666666666666,0.9992182960251019,0.9804999999999999,,requires predict_proba,,requires predict_proba,,0.6720000000004802,success,
llsvm,scar-pi0.5-scalemid,113,"{""alpha"": 2.0, ""beta"": 1.0, ""early_stopping"": true, ""fit_intercept"": true, ""gamma"": 10.0, ""intercept_scale"": 10.0, ""learning_rate"": 5e-06, ""max_epochs"": 3000, ""min_epochs"": 200, ""n_batches"": 20, ""patience"": 100, ""reg_lambda"": 1.0, ""shuffle"": true, ""squash_scale"": 10.0, ""tol"": 0.0005}",scar,0.5,0.5,0.5,True,0,,,,,,619,,0.4905,False,-0.1459451700311078,0.9707602339181286,0.9895619102121597,0.998153,0.9815,0.9813225643614336,0.6751849361129791,0.9983253292323025,0.9815,,requires predict_proba,,requires predict_proba,,0.5779999999995198,success,
llsvm,scar-pi0.5-scalemid,114,"{""alpha"": 2.0, ""beta"": 1.0, ""early_stopping"": true, ""fit_intercept"": true, ""gamma"": 10.0, ""intercept_scale"": 10.0, ""learning_rate"": 5e-06, ""max_epochs"": 3000, ""min_epochs"": 200, ""n_batches"": 20, ""patience"": 100, ""reg_lambda"": 1.0, ""shuffle"": true, ""squash_scale"": 10.0, ""tol"": 0.0005}",scar,0.5,0.5,0.5,True,0,,,,,,397,,0.481,False,-0.13099604458827757,0.9495145631067962,0.98702137537089,0.995369,0.967,0.9663608562691132,0.6814814814814815,0.9936958327115479,0.967,,requires predict_proba,,requires predict_proba,,0.375,success,
llsvm,scar-pi0.5-scalemid,115,"{""alpha"": 2.0, ""beta"": 1.0, ""early_stopping"": true, ""fit_intercept"": true, ""gamma"": 10.0, ""intercept_scale"": 10.0, ""learning_rate"": 5e-06, ""max_epochs"": 3000, ""min_epochs"": 200, ""n_batches"": 20, ""patience"": 100, ""reg_lambda"": 1.0, ""shuffle"": true, ""squash_scale"": 10.0, ""tol"": 0.0005}",scar,0.5,0.5,0.5,True,0,,,,,,952,,0.4825,False,-0.13726952642930085,0.9569471624266145,0.991655090597528,0.998715,0.9775,0.9770992366412213,0.6803223640026864,0.9987790960106926,0.9775,,requires predict_proba,,requires predict_proba,,0.8900000000012369,success,
llsvm,scar-pi0.5-scalemid,116,"{""alpha"": 2.0, ""beta"": 1.0, ""early_stopping"": true, ""fit_intercept"": true, ""gamma"": 10.0, ""intercept_scale"": 10.0, ""learning_rate"": 5e-06, ""max_epochs"": 3000, ""min_epochs"": 200, ""n_batches"": 20, ""patience"": 100, ""reg_lambda"": 1.0, ""shuffle"": true, ""squash_scale"": 10.0, ""tol"": 0.0005}",scar,0.5,0.5,0.5,True,0,,,,,,579,,0.495,False,-0.14536208011916218,0.9835390946502057,0.9934738329800058,0.999431,0.99,0.9899497487437185,0.6618229854689565,0.9994654126099907,0.99,,requires predict_proba,,requires predict_proba,,0.5619999999998981,success,
llsvm,scar-pi0.5-scalemid,117,"{""alpha"": 2.0, ""beta"": 1.0, ""early_stopping"": true, ""fit_intercept"": true, ""gamma"": 10.0, ""intercept_scale"": 10.0, ""learning_rate"": 5e-06, ""max_epochs"": 3000, ""min_epochs"": 200, ""n_batches"": 20, ""patience"": 100, ""reg_lambda"": 1.0, ""shuffle"": true, ""squash_scale"": 10.0, ""tol"": 0.0005}",scar,0.5,0.5,0.5,True,0,,,,,,762,,0.492,False,-0.1343102623245211,0.9696356275303644,0.9854020604983378,0.998641,0.981,0.9808467741935484,0.6646746347941567,0.9986844664377218,0.981,,requires predict_proba,,requires predict_proba,,0.75,success,
llsvm,scar-pi0.5-scalemid,118,"{""alpha"": 2.0, ""beta"": 1.0, ""early_stopping"": true, ""fit_intercept"": true, ""gamma"": 10.0, ""intercept_scale"": 10.0, ""learning_rate"": 5e-06, ""max_epochs"": 3000, ""min_epochs"": 200, ""n_batches"": 20, ""patience"": 100, ""reg_lambda"": 1.0, ""shuffle"": true, ""squash_scale"": 10.0, ""tol"": 0.0005}",scar,0.5,0.5,0.5,True,0,,,,,,457,,0.493,False,-0.14983807458090465,0.9748549323017408,0.9886966859044024,0.9994919999999999,0.987,0.9869083585095669,0.6749831422791639,0.9994849777348691,0.987,,requires predict_proba,,requires predict_proba,,0.43800000000010186,success,
llsvm,scar-pi0.5-scalemid,119,"{""alpha"": 2.0, ""beta"": 1.0, ""early_stopping"": true, ""fit_intercept"": true, ""gamma"": 10.0, ""intercept_scale"": 10.0, ""learning_rate"": 5e-06, ""max_epochs"": 3000, ""min_epochs"": 200, ""n_batches"": 20, ""patience"": 100, ""reg_lambda"": 1.0, ""shuffle"": true, ""squash_scale"": 10.0, ""tol"": 0.0005}",scar,0.5,0.5,0.5,True,0,,,,,,522,,0.481,False,-0.11930742740121253,0.9519832985386222,0.9895876284185262,0.998266,0.971,0.9704383282364933,0.6673241288625904,0.998315094032526,0.971,,requires predict_proba,,requires predict_proba,,0.5,success,
llsvm,sar-pi0.1-scalesmall,100,"{""alpha"": 2.0, ""beta"": 1.0, ""early_stopping"": true, ""fit_intercept"": true, ""gamma"": 10.0, ""intercept_scale"": 10.0, ""learning_rate"": 5e-06, ""max_epochs"": 3000, ""min_epochs"": 200, ""n_batches"": 20, ""patience"": 100, ""reg_lambda"": 1.0, ""shuffle"": true, ""squash_scale"": 10.0, ""tol"": 0.0005}",linear,0.1,0.5,0.5,True,0,,,,,,2226,,0.07,False,-0.02544492544492545,0.7727272727272727,1.0,0.9879166666666667,0.97,0.8235294117647058,0.9708994708994709,0.9717866849359984,0.85,,requires predict_proba,,requires predict_proba,,1.6560000000008586,success,
llsvm,sar-pi0.1-scalesmall,101,"{""alpha"": 2.0, ""beta"": 1.0, ""early_stopping"": true, ""fit_intercept"": true, ""gamma"": 10.0, ""intercept_scale"": 10.0, ""learning_rate"": 5e-06, ""max_epochs"": 3000, ""min_epochs"": 200, ""n_batches"": 20, ""patience"": 100, ""reg_lambda"": 1.0, ""shuffle"": true, ""squash_scale"": 10.0, ""tol"": 0.0005}",linear,0.1,0.5,0.5,True,0,,,,,,208,,0.065,False,-0.028645833333333343,0.8125,1.0,0.9900694444444444,0.965,0.7878787878787878,0.9661458333333334,0.9368344745191424,0.825,,requires predict_proba,,requires predict_proba,,0.15599999999903957,success,
llsvm,sar-pi0.1-scalesmall,102,"{""alpha"": 2.0, ""beta"": 1.0, ""early_stopping"": true, ""fit_intercept"": true, ""gamma"": 10.0, ""intercept_scale"": 10.0, ""learning_rate"": 5e-06, ""max_epochs"": 3000, ""min_epochs"": 200, ""n_batches"": 20, ""patience"": 100, ""reg_lambda"": 1.0, ""shuffle"": true, ""squash_scale"": 10.0, ""tol"": 0.0005}",linear,0.1,0.5,0.5,True,0,,,,,,286,,0.0675,False,-0.026398673849979293,0.7894736842105263,1.0,0.9856944444444444,0.9625,0.7761194029850746,0.968503937007874,0.9208988610522088,0.8236111111111111,,requires predict_proba,,requires predict_proba,,0.21900000000096043,success,
llsvm,sar-pi0.1-scalesmall,103,"{""alpha"": 2.0, ""beta"": 1.0, ""early_stopping"": true, ""fit_intercept"": true, ""gamma"": 10.0, ""intercept_scale"": 10.0, ""learning_rate"": 5e-06, ""max_epochs"": 3000, ""min_epochs"": 200, ""n_batches"": 20, ""patience"": 100, ""reg_lambda"": 1.0, ""shuffle"": true, ""squash_scale"": 10.0, ""tol"": 0.0005}",linear,0.1,0.5,0.5,True,0,,,,,,2878,,0.07,False,-0.08153034300791558,1.0,1.0,0.9956944444444444,0.97,0.8235294117647058,0.9815303430079155,0.973299000067868,0.85,,requires predict_proba,,requires predict_proba,,2.1559999999990396,success,
llsvm,sar-pi0.1-scalesmall,104,"{""alpha"": 2.0, ""beta"": 1.0, ""early_stopping"": true, ""fit_intercept"": true, ""gamma"": 10.0, ""intercept_scale"": 10.0, ""learning_rate"": 5e-06, ""max_epochs"": 3000, ""min_epochs"": 200, ""n_batches"": 20, ""patience"": 100, ""reg_lambda"": 1.0, ""shuffle"": true, ""squash_scale"": 10.0, ""tol"": 0.0005}",linear,0.1,0.5,0.5,True,0,,,,,,2724,,0.07,False,-0.06404105639487949,0.9130434782608695,1.0,0.9976388888888889,0.97,0.8235294117647058,0.9814323607427056,0.9828702499688654,0.85,,requires predict_proba,,requires predict_proba,,2.0,success,
llsvm,sar-pi0.1-scalesmall,105,"{""alpha"": 2.0, ""beta"": 1.0, ""early_stopping"": true, ""fit_intercept"": true, ""gamma"": 10.0, ""intercept_scale"": 10.0, ""learning_rate"": 5e-06, ""max_epochs"": 3000, ""min_epochs"": 200, ""n_batches"": 20, ""patience"": 100, ""reg_lambda"": 1.0, ""shuffle"": true, ""squash_scale"": 10.0, ""tol"": 0.0005}",linear,0.1,0.5,0.5,True,0,,,,,,2350,,0.0625,False,-0.04511784511784512,0.8181818181818182,1.0,0.997638888888889,0.9625,0.7692307692307693,0.9814814814814815,0.9857061416844026,0.8125,,requires predict_proba,,requires predict_proba,,1.8130000000001019,success,
llsvm,sar-pi0.1-scalesmall,106,"{""alpha"": 2.0, ""beta"": 1.0, ""early_stopping"": true, ""fit_intercept"": true, ""gamma"": 10.0, ""intercept_scale"": 10.0, ""learning_rate"": 5e-06, ""max_epochs"": 3000, ""min_epochs"": 200, ""n_batches"": 20, ""patience"": 100, ""reg_lambda"": 1.0, ""shuffle"": true, ""squash_scale"": 10.0, ""tol"": 0.0005}",linear,0.1,0.5,0.5,True,0,,,,,,3000,,0.0575,False,-0.04157894736842105,0.8,1.0,0.9940277777777777,0.9575,0.7301587301587301,0.9815789473684211,0.9497315964219761,0.7875,,requires predict_proba,,requires predict_proba,,2.2339999999985594,success,
llsvm,sar-pi0.1-scalesmall,107,"{""alpha"": 2.0, ""beta"": 1.0, ""early_stopping"": true, ""fit_intercept"": true, ""gamma"": 10.0, ""intercept_scale"": 10.0, ""learning_rate"": 5e-06, ""max_epochs"": 3000, ""min_epochs"": 200, ""n_batches"": 20, ""patience"": 100, ""reg_lambda"": 1.0, ""shuffle"": true, ""squash_scale"": 10.0, ""tol"": 0.0005}",linear,0.1,0.5,0.5,True,0,,,,,,2330,,0.0525,False,-0.03723094822571263,0.7777777777777778,1.0,0.9814583333333333,0.9525,0.6885245901639344,0.981675392670157,0.9432159682289227,0.7625,,requires predict_proba,,requires predict_proba,,1.7030000000013388,success,
llsvm,sar-pi0.1-scalesmall,108,"{""alpha"": 2.0, ""beta"": 1.0, ""early_stopping"": true, ""fit_intercept"": true, ""gamma"": 10.0, ""intercept_scale"": 10.0, ""learning_rate"": 5e-06, ""max_epochs"": 3000, ""min_epochs"": 200, ""n_batches"": 20, ""patience"": 100, ""reg_lambda"": 1.0, ""shuffle"": true, ""squash_scale"": 10.0, ""tol"": 0.0005}",linear,0.1,0.5,0.5,True,0,,,,,,3000,,0.06,False,-0.047763347763347765,0.8181818181818182,1.0,0.9986805555555556,0.96,0.75,0.9841269841269841,0.9890059918631348,0.8,,requires predict_proba,,requires predict_proba,,2.2189999999991414,success,
llsvm,sar-pi0.1-scalesmall,109,"{""alpha"": 2.0, ""beta"": 1.0, ""early_stopping"": true, ""fit_intercept"": true, ""gamma"": 10.0, ""intercept_scale"": 10.0, ""learning_rate"": 5e-06, ""max_epochs"": 3000, ""min_epochs"": 200, ""n_batches"": 20, ""patience"": 100, ""reg_lambda"": 1.0, ""shuffle"": true, ""squash_scale"": 10.0, ""tol"": 0.0005}",linear,0.1,0.5,0.5,True,0,,,,,,3000,,0.05,False,-0.03466441406849946,0.7647058823529411,1.0,0.9851388888888889,0.95,0.6666666666666666,0.9817232375979112,0.9289184108430719,0.75,,requires predict_proba,,requires predict_proba,,2.188000000000102,success,
llsvm,sar-pi0.1-scalesmall,110,"{""alpha"": 2.0, ""beta"": 1.0, ""early_stopping"": true, ""fit_intercept"": true, ""gamma"": 10.0, ""intercept_scale"": 10.0, ""learning_rate"": 5e-06, ""max_epochs"": 3000, ""min_epochs"": 200, ""n_batches"": 20, ""patience"": 100, ""reg_lambda"": 1.0, ""shuffle"": true, ""squash_scale"": 10.0, ""tol"": 0.0005}",linear,0.1,0.5,0.5,True,0,,,,,,3000,,0.0725,False,-0.05733333333333333,0.88,1.0,0.9990972222222223,0.9725,0.8405797101449275,0.9813333333333333,0.9918985308038433,0.8625,,requires predict_proba,,requires predict_proba,,2.2180000000007567,success,
llsvm,sar-pi0.1-scalesmall,111,"{""alpha"": 2.0, ""beta"": 1.0, ""early_stopping"": true, ""fit_intercept"": true, ""gamma"": 10.0, ""intercept_scale"": 10.0, ""learning_rate"": 5e-06, ""max_epochs"": 3000, ""min_epochs"": 200, ""n_batches"": 20, ""patience"": 100, ""reg_lambda"": 1.0, ""shuffle"": true, ""squash_scale"": 10.0, ""tol"": 0.0005}",linear,0.1,0.5,0.5,True,0,,,,,,2178,,0.06,False,-0.03894736842105263,0.8,1.0,0.9978472222222222,0.96,0.75,0.9789473684210527,0.9825081194685232,0.8,,requires predict_proba,,requires predict_proba,,1.5939999999991414,success,
llsvm,sar-pi0.1-scalesmall,112,"{""alpha"": 2.0, ""beta"": 1.0, ""early_stopping"": true, ""fit_intercept"": true, ""gamma"": 10.0, ""intercept_scale"": 10.0, ""learning_rate"": 5e-06, ""max_epochs"": 3000, ""min_epochs"": 200, ""n_batches"": 20, ""patience"": 100, ""reg_lambda"": 1.0, ""shuffle"": true, ""squash_scale"": 10.0, ""tol"": 0.0005}",linear,0.1,0.5,0.5,True,0,,,,,,3000,,0.0675,False,-0.02130088801752969,0.7391304347826086,1.0,0.992638888888889,0.9675,0.8059701492537313,0.9734748010610079,0.9492260519220925,0.8375,,requires predict_proba,,requires predict_proba,,2.2180000000007567,success,
llsvm,sar-pi0.1-scalesmall,113,"{""alpha"": 2.0, ""beta"": 1.0, ""early_stopping"": true, ""fit_intercept"": true, ""gamma"": 10.0, ""intercept_scale"": 10.0, ""learning_rate"": 5e-06, ""max_epochs"": 3000, ""min_epochs"": 200, ""n_batches"": 20, ""patience"": 100, ""reg_lambda"": 1.0, ""shuffle"": true, ""squash_scale"": 10.0, ""tol"": 0.0005}",linear,0.1,0.5,0.5,True,0,,,,,,1851,,0.0575,False,-0.0036842105263158037,0.65,1.0,0.9959722222222223,0.9575,0.7301587301587301,0.9736842105263158,0.9797035473298201,0.7875,,requires predict_proba,,requires predict_proba,,1.375,success,
llsvm,sar-pi0.1-scalesmall,114,"{""alpha"": 2.0, ""beta"": 1.0, ""early_stopping"": true, ""fit_intercept"": true, ""gamma"": 10.0, ""intercept_scale"": 10.0, ""learning_rate"": 5e-06, ""max_epochs"": 3000, ""min_epochs"": 200, ""n_batches"": 20, ""patience"": 100, ""reg_lambda"": 1.0, ""shuffle"": true, ""squash_scale"": 10.0, ""tol"": 0.0005}",linear,0.1,0.5,0.5,True,0,,,,,,2771,,0.06,False,-0.034272689598010775,0.7894736842105263,1.0,0.9995833333333334,0.96,0.75,0.9763779527559056,0.9960962034044512,0.8,,requires predict_proba,,requires predict_proba,,2.04700000000048,success,
llsvm,sar-pi0.1-scalesmall,115,"{""alpha"": 2.0, ""beta"": 1.0, ""early_stopping"": true, ""fit_intercept"": true, ""gamma"": 10.0, ""intercept_scale"": 10.0, ""learning_rate"": 5e-06, ""max_epochs"": 3000, ""min_epochs"": 200, ""n_batches"": 20, ""patience"": 100, ""reg_lambda"": 1.0, ""shuffle"": true, ""squash_scale"": 10.0, ""tol"": 0.0005}",linear,0.1,0.5,0.5,True,0,,,,,,3000,,0.0575,False,-0.0217489634376178,0.7142857142857143,1.0,0.9902777777777778,0.9575,0.7301587301587301,0.978891820580475,0.9452217461618211,0.7875,,requires predict_proba,,requires predict_proba,,2.234999999998763,success,
llsvm,sar-pi0.1-scalesmall,116,"{""alpha"": 2.0, ""beta"": 1.0, ""early_stopping"": true, ""fit_intercept"": true, ""gamma"": 10.0, ""intercept_scale"": 10.0, ""learning_rate"": 5e-06, ""max_epochs"": 3000, ""min_epochs"": 200, ""n_batches"": 20, ""patience"": 100, ""reg_lambda"": 1.0, ""shuffle"": true, ""squash_scale"": 10.0, ""tol"": 0.0005}",linear,0.1,0.5,0.5,True,0,,,,,,1740,,0.06,False,-0.01911044101017717,0.7142857142857143,1.0,0.9988888888888888,0.96,0.75,0.9762532981530343,0.9913172541743969,0.8,,requires predict_proba,,requires predict_proba,,1.2819999999992433,success,
llsvm,sar-pi0.1-scalesmall,117,"{""alpha"": 2.0, ""beta"": 1.0, ""early_stopping"": true, ""fit_intercept"": true, ""gamma"": 10.0, ""intercept_scale"": 10.0, ""learning_rate"": 5e-06, ""max_epochs"": 3000, ""min_epochs"": 200, ""n_batches"": 20, ""patience"": 100, ""reg_lambda"": 1.0, ""shuffle"": true, ""squash_scale"": 10.0, ""tol"": 0.0005}",linear,0.1,0.5,0.5,True,0,,,,,,2336,,0.045,False,-0.012554112554112568,0.6666666666666666,1.0,0.9936805555555556,0.945,0.6206896551724138,0.9792207792207792,0.9575707208904869,0.725,,requires predict_proba,,requires predict_proba,,1.6880000000001019,success,
llsvm,sar-pi0.1-scalesmall,118,"{""alpha"": 2.0, ""beta"": 1.0, ""early_stopping"": true, ""fit_intercept"": true, ""gamma"": 10.0, ""intercept_scale"": 10.0, ""learning_rate"": 5e-06, ""max_epochs"": 3000, ""min_epochs"": 200, ""n_batches"": 20, ""patience"": 100, ""reg_lambda"": 1.0, ""shuffle"": true, ""squash_scale"": 10.0, ""tol"": 0.0005}",linear,0.1,0.5,0.5,True,0,,,,,,1302,,0.0625,False,-0.016471918582736528,0.7142857142857143,1.0,0.9996527777777778,0.9625,0.7692307692307693,0.9736147757255936,0.9967906478488956,0.8125,,requires predict_proba,,requires predict_proba,,0.9680000000007567,success,
llsvm,sar-pi0.1-scalesmall,119,"{""alpha"": 2.0, ""beta"": 1.0, ""early_stopping"": true, ""fit_intercept"": true, ""gamma"": 10.0, ""intercept_scale"": 10.0, ""learning_rate"": 5e-06, ""max_epochs"": 3000, ""min_epochs"": 200, ""n_batches"": 20, ""patience"": 100, ""reg_lambda"": 1.0, ""shuffle"": true, ""squash_scale"": 10.0, ""tol"": 0.0005}",linear,0.1,0.5,0.5,True,0,,,,,,1865,,0.06,False,0.005180273518441761,0.631578947368421,1.0,0.9972222222222221,0.96,0.75,0.968503937007874,0.9870332278481012,0.8,,requires predict_proba,,requires predict_proba,,1.4069999999992433,success,
llsvm,sar-pi0.1-scalemid,100,"{""alpha"": 2.0, ""beta"": 1.0, ""early_stopping"": true, ""fit_intercept"": true, ""gamma"": 10.0, ""intercept_scale"": 10.0, ""learning_rate"": 5e-06, ""max_epochs"": 3000, ""min_epochs"": 200, ""n_batches"": 20, ""patience"": 100, ""reg_lambda"": 1.0, ""shuffle"": true, ""squash_scale"": 10.0, ""tol"": 0.0005}",linear,0.1,0.5,0.5,True,0,,,,,,1959,,0.0855,False,-0.04558998000985964,0.9381443298969072,1.0,0.9976583333333333,0.9845,0.9164420485175202,0.9579611140304782,0.9872600244050899,0.9247222222222222,,requires predict_proba,,requires predict_proba,,1.8279999999995198,success,
llsvm,sar-pi0.1-scalemid,101,"{""alpha"": 2.0, ""beta"": 1.0, ""early_stopping"": true, ""fit_intercept"": true, ""gamma"": 10.0, ""intercept_scale"": 10.0, ""learning_rate"": 5e-06, ""max_epochs"": 3000, ""min_epochs"": 200, ""n_batches"": 20, ""patience"": 100, ""reg_lambda"": 1.0, ""shuffle"": true, ""squash_scale"": 10.0, ""tol"": 0.0005}",linear,0.1,0.5,0.5,True,0,,,,,,1448,,0.088,False,-0.043101533117941265,0.946236559139785,1.0,0.9989444444444444,0.986,0.925531914893617,0.9538542212899843,0.9915075920516739,0.9344444444444444,,requires predict_proba,,requires predict_proba,,1.360000000000582,success,
llsvm,sar-pi0.1-scalemid,102,"{""alpha"": 2.0, ""beta"": 1.0, ""early_stopping"": true, ""fit_intercept"": true, ""gamma"": 10.0, ""intercept_scale"": 10.0, ""learning_rate"": 5e-06, ""max_epochs"": 3000, ""min_epochs"": 200, ""n_batches"": 20, ""patience"": 100, ""reg_lambda"": 1.0, ""shuffle"": true, ""squash_scale"": 10.0, ""tol"": 0.0005}",linear,0.1,0.5,0.5,True,0,,,,,,2052,,0.0905,False,-0.047732127151652225,0.9523809523809523,1.0,0.998325,0.9865,0.9291338582677166,0.9572559366754617,0.987492129422706,0.9413888888888888,,requires predict_proba,,requires predict_proba,,1.9069999999992433,success,
llsvm,sar-pi0.1-scalemid,103,"{""alpha"": 2.0, ""beta"": 1.0, ""early_stopping"": true, ""fit_intercept"": true, ""gamma"": 10.0, ""intercept_scale"": 10.0, ""learning_rate"": 5e-06, ""max_epochs"": 3000, ""min_epochs"": 200, ""n_batches"": 20, ""patience"": 100, ""reg_lambda"": 1.0, ""shuffle"": true, ""squash_scale"": 10.0, ""tol"": 0.0005}",linear,0.1,0.5,0.5,True,0,,,,,,3000,,0.088,False,-0.0533820804526708,0.9622641509433962,1.0,0.9986555555555556,0.988,0.9361702127659575,0.9609292502639916,0.9942247541258892,0.94,,requires predict_proba,,requires predict_proba,,2.8430000000007567,success,
llsvm,sar-pi0.1-scalemid,104,"{""alpha"": 2.0, ""beta"": 1.0, ""early_stopping"": true, ""fit_intercept"": true, ""gamma"": 10.0, ""intercept_scale"": 10.0, ""learning_rate"": 5e-06, ""max_epochs"": 3000, ""min_epochs"": 200, ""n_batches"": 20, ""patience"": 100, ""reg_lambda"": 1.0, ""shuffle"": true, ""squash_scale"": 10.0, ""tol"": 0.0005}",linear,0.1,0.5,0.5,True,0,,,,,,1764,,0.0845,False,-0.048526315789473695,0.94,1.0,0.9986222222222222,0.9835,0.9105691056910569,0.9605263157894737,0.9919195077389508,0.9197222222222222,,requires predict_proba,,requires predict_proba,,1.6409999999996217,success,
llsvm,sar-pi0.1-scalemid,105,"{""alpha"": 2.0, ""beta"": 1.0, ""early_stopping"": true, ""fit_intercept"": true, ""gamma"": 10.0, ""intercept_scale"": 10.0, ""learning_rate"": 5e-06, ""max_epochs"": 3000, ""min_epochs"": 200, ""n_batches"": 20, ""patience"": 100, ""reg_lambda"": 1.0, ""shuffle"": true, ""squash_scale"": 10.0, ""tol"": 0.0005}",linear,0.1,0.5,0.5,True,0,,,,,,1009,,0.077,False,-0.04311525294788894,0.9090909090909091,1.0,0.9973944444444444,0.977,0.8700564971751412,0.9612970711297071,0.9823983967948862,0.885,,requires predict_proba,,requires predict_proba,,0.9529999999995198,success,
llsvm,sar-pi0.1-scalemid,106,"{""alpha"": 2.0, ""beta"": 1.0, ""early_stopping"": true, ""fit_intercept"": true, ""gamma"": 10.0, ""intercept_scale"": 10.0, ""learning_rate"": 5e-06, ""max_epochs"": 3000, ""min_epochs"": 200, ""n_batches"": 20, ""patience"": 100, ""reg_lambda"": 1.0, ""shuffle"": true, ""squash_scale"": 10.0, ""tol"": 0.0005}",linear,0.1,0.5,0.5,True,0,,,,,,1860,,0.09,False,-0.05357383357383358,0.9636363636363636,1.0,0.9977527777777777,0.986,0.9263157894736842,0.9608465608465608,0.9803774508031011,0.9388888888888889,,requires predict_proba,,requires predict_proba,,1.75,success,
llsvm,sar-pi0.1-scalemid,107,"{""alpha"": 2.0, ""beta"": 1.0, ""early_stopping"": true, ""fit_intercept"": true, ""gamma"": 10.0, ""intercept_scale"": 10.0, ""learning_rate"": 5e-06, ""max_epochs"": 3000, ""min_epochs"": 200, ""n_batches"": 20, ""patience"": 100, ""reg_lambda"": 1.0, ""shuffle"": true, ""squash_scale"": 10.0, ""tol"": 0.0005}",linear,0.1,0.5,0.5,True,0,,,,,,1698,,0.0885,False,-0.04878399991498361,0.9595959595959596,1.0,0.9987388888888888,0.9865,0.9283819628647215,0.9568648079957917,0.9911993497499285,0.9369444444444445,,requires predict_proba,,requires predict_proba,,1.5939999999991414,success,
llsvm,sar-pi0.1-scalemid,108,"{""alpha"": 2.0, ""beta"": 1.0, ""early_stopping"": true, ""fit_intercept"": true, ""gamma"": 10.0, ""intercept_scale"": 10.0, ""learning_rate"": 5e-06, ""max_epochs"": 3000, ""min_epochs"": 200, ""n_batches"": 20, ""patience"": 100, ""reg_lambda"": 1.0, ""shuffle"": true, ""squash_scale"": 10.0, ""tol"": 0.0005}",linear,0.1,0.5,0.5,True,0,,,,,,2555,,0.0895,False,-0.05027816300830504,0.9696969696969697,1.0,0.9992666666666667,0.9885,0.9393139841688655,0.9563387690689111,0.9942228878261878,0.9447222222222222,,requires predict_proba,,requires predict_proba,,2.389999999999418,success,
llsvm,sar-pi0.1-scalemid,109,"{""alpha"": 2.0, ""beta"": 1.0, ""early_stopping"": true, ""fit_intercept"": true, ""gamma"": 10.0, ""intercept_scale"": 10.0, ""learning_rate"": 5e-06, ""max_epochs"": 3000, ""min_epochs"": 200, ""n_batches"": 20, ""patience"": 100, ""reg_lambda"": 1.0, ""shuffle"": true, ""squash_scale"": 10.0, ""tol"": 0.0005}",linear,0.1,0.5,0.5,True,0,,,,,,1300,,0.0945,False,-0.041078024877497184,0.9428571428571428,0.997732426303855,0.9954388888888889,0.9795,0.8946015424164524,0.9525065963060686,0.9679377935594314,0.9308333333333334,,requires predict_proba,,requires predict_proba,,1.2190000000009604,success,
llsvm,sar-pi0.1-scalemid,110,"{""alpha"": 2.0, ""beta"": 1.0, ""early_stopping"": true, ""fit_intercept"": true, ""gamma"": 10.0, ""intercept_scale"": 10.0, ""learning_rate"": 5e-06, ""max_epochs"": 3000, ""min_epochs"": 200, ""n_batches"": 20, ""patience"": 100, ""reg_lambda"": 1.0, ""shuffle"": true, ""squash_scale"": 10.0, ""tol"": 0.0005}",linear,0.1,0.5,0.5,True,0,,,,,,3000,,0.0765,False,-0.05075453816432165,0.9418604651162791,1.0,0.996425,0.9765,0.8668555240793201,0.9623824451410659,0.9839718124661322,0.8825000000000001,,requires predict_proba,,requires predict_proba,,2.7969999999986612,success,
llsvm,sar-pi0.1-scalemid,111,"{""alpha"": 2.0, ""beta"": 1.0, ""early_stopping"": true, ""fit_intercept"": true, ""gamma"": 10.0, ""intercept_scale"": 10.0, ""learning_rate"": 5e-06, ""max_epochs"": 3000, ""min_epochs"": 200, ""n_batches"": 20, ""patience"": 100, ""reg_lambda"": 1.0, ""shuffle"": true, ""squash_scale"": 10.0, ""tol"": 0.0005}",linear,0.1,0.5,0.5,True,0,,,,,,1812,,0.0825,False,-0.048105263157894734,0.93,1.0,0.9986305555555555,0.9805,0.8931506849315068,0.9621052631578947,0.9892708239934834,0.9069444444444444,,requires predict_proba,,requires predict_proba,,1.6719999999986612,success,
llsvm,sar-pi0.1-scalemid,112,"{""alpha"": 2.0, ""beta"": 1.0, ""early_stopping"": true, ""fit_intercept"": true, ""gamma"": 10.0, ""intercept_scale"": 10.0, ""learning_rate"": 5e-06, ""max_epochs"": 3000, ""min_epochs"": 200, ""n_batches"": 20, ""patience"": 100, ""reg_lambda"": 1.0, ""shuffle"": true, ""squash_scale"": 10.0, ""tol"": 0.0005}",linear,0.1,0.5,0.5,True,0,,,,,,988,,0.086,False,-0.04189473684210527,0.92,1.0,0.9953638888888888,0.98,0.8924731182795699,0.9578947368421052,0.9750247094135119,0.9133333333333333,,requires predict_proba,,requires predict_proba,,0.9219999999986612,success,
llsvm,sar-pi0.1-scalemid,113,"{""alpha"": 2.0, ""beta"": 1.0, ""early_stopping"": true, ""fit_intercept"": true, ""gamma"": 10.0, ""intercept_scale"": 10.0, ""learning_rate"": 5e-06, ""max_epochs"": 3000, ""min_epochs"": 200, ""n_batches"": 20, ""patience"": 100, ""reg_lambda"": 1.0, ""shuffle"": true, ""squash_scale"": 10.0, ""tol"": 0.0005}",linear,0.1,0.5,0.5,True,0,,,,,,1602,,0.083,False,-0.041660958214127415,0.9230769230769231,1.0,0.9986499999999999,0.982,0.9016393442622951,0.9570455735987428,0.9887801367680756,0.9122222222222223,,requires predict_proba,,requires predict_proba,,1.5,success,
llsvm,sar-pi0.1-scalemid,114,"{""alpha"": 2.0, ""beta"": 1.0, ""early_stopping"": true, ""fit_intercept"": true, ""gamma"": 10.0, ""intercept_scale"": 10.0, ""learning_rate"": 5e-06, ""max_epochs"": 3000, ""min_epochs"": 200, ""n_batches"": 20, ""patience"": 100, ""reg_lambda"": 1.0, ""shuffle"": true, ""squash_scale"": 10.0, ""tol"": 0.0005}",linear,0.1,0.5,0.5,True,0,,,,,,1482,,0.0815,False,-0.06198894813190439,0.963302752293578,1.0,0.99825,0.9805,0.8925619834710744,0.9693283976731888,0.9798174370866944,0.9047222222222222,,requires predict_proba,,requires predict_proba,,1.359999999998763,success,
llsvm,sar-pi0.1-scalemid,115,"{""alpha"": 2.0, ""beta"": 1.0, ""early_stopping"": true, ""fit_intercept"": true, ""gamma"": 10.0, ""intercept_scale"": 10.0, ""learning_rate"": 5e-06, ""max_epochs"": 3000, ""min_epochs"": 200, ""n_batches"": 20, ""patience"": 100, ""reg_lambda"": 1.0, ""shuffle"": true, ""squash_scale"": 10.0, ""tol"": 0.0005}",linear,0.1,0.5,0.5,True,0,,,,,,1336,,0.092,False,-0.04614901369518784,0.9523809523809523,1.0,0.9966833333333334,0.985,0.921875,0.9556728232189974,0.977882829983745,0.9405555555555556,,requires predict_proba,,requires predict_proba,,1.234999999998763,success,
llsvm,sar-pi0.1-scalemid,116,"{""alpha"": 2.0, ""beta"": 1.0, ""early_stopping"": true, ""fit_intercept"": true, ""gamma"": 10.0, ""intercept_scale"": 10.0, ""learning_rate"": 5e-06, ""max_epochs"": 3000, ""min_epochs"": 200, ""n_batches"": 20, ""patience"": 100, ""reg_lambda"": 1.0, ""shuffle"": true, ""squash_scale"": 10.0, ""tol"": 0.0005}",linear,0.1,0.5,0.5,True,0,,,,,,1696,,0.09,False,-0.04885537247713734,0.9528301886792453,1.0,0.999561111111111,0.988,0.9368421052631579,0.9582893347412883,0.9963488147748848,0.9444444444444444,,requires predict_proba,,requires predict_proba,,1.5780000000013388,success,
llsvm,sar-pi0.1-scalemid,117,"{""alpha"": 2.0, ""beta"": 1.0, ""early_stopping"": true, ""fit_intercept"": true, ""gamma"": 10.0, ""intercept_scale"": 10.0, ""learning_rate"": 5e-06, ""max_epochs"": 3000, ""min_epochs"": 200, ""n_batches"": 20, ""patience"": 100, ""reg_lambda"": 1.0, ""shuffle"": true, ""squash_scale"": 10.0, ""tol"": 0.0005}",linear,0.1,0.5,0.5,True,0,,,,,,1916,,0.0865,False,-0.05255125420892193,0.9528301886792453,1.0,0.9992472222222222,0.9855,0.9222520107238605,0.9619852164730729,0.9937377487766645,0.9297222222222222,,requires predict_proba,,requires predict_proba,,1.7809999999990396,success,
llsvm,sar-pi0.1-scalemid,118,"{""alpha"": 2.0, ""beta"": 1.0, ""early_stopping"": true, ""fit_intercept"": true, ""gamma"": 10.0, ""intercept_scale"": 10.0, ""learning_rate"": 5e-06, ""max_epochs"": 3000, ""min_epochs"": 200, ""n_batches"": 20, ""patience"": 100, ""reg_lambda"": 1.0, ""shuffle"": true, ""squash_scale"": 10.0, ""tol"": 0.0005}",linear,0.1,0.5,0.5,True,0,,,,,,971,,0.0875,False,-0.048662719200827785,0.9587628865979382,1.0,0.9994805555555555,0.9865,0.928,0.9569101418812401,0.9953518444848687,0.9347222222222222,,requires predict_proba,,requires predict_proba,,0.9060000000008586,success,
llsvm,sar-pi0.1-scalemid,119,"{""alpha"": 2.0, ""beta"": 1.0, ""early_stopping"": true, ""fit_intercept"": true, ""gamma"": 10.0, ""intercept_scale"": 10.0, ""learning_rate"": 5e-06, ""max_epochs"": 3000, ""min_epochs"": 200, ""n_batches"": 20, ""patience"": 100, ""reg_lambda"": 1.0, ""shuffle"": true, ""squash_scale"": 10.0, ""tol"": 0.0005}",linear,0.1,0.5,0.5,True,0,,,,,,1602,,0.084,False,-0.04457909648899459,0.9278350515463918,1.0,0.997425,0.983,0.907608695652174,0.9590120861797162,0.9851751265017872,0.9172222222222222,,requires predict_proba,,requires predict_proba,,1.484999999998763,success,
llsvm,sar-pi0.3-scalesmall,100,"{""alpha"": 2.0, ""beta"": 1.0, ""early_stopping"": true, ""fit_intercept"": true, ""gamma"": 10.0, ""intercept_scale"": 10.0, ""learning_rate"": 5e-06, ""max_epochs"": 3000, ""min_epochs"": 200, ""n_batches"": 20, ""patience"": 100, ""reg_lambda"": 1.0, ""shuffle"": true, ""squash_scale"": 10.0, ""tol"": 0.0005}",linear,0.3,0.5,0.5,True,0,,,,,,1741,,0.22,False,-0.10613026819923371,0.8620689655172413,1.0,0.9998809523809524,0.92,0.8461538461538461,0.8888888888888888,0.9997210355520085,0.8666666666666667,,requires predict_proba,,requires predict_proba,,1.3279999999995198,success,
llsvm,sar-pi0.3-scalesmall,101,"{""alpha"": 2.0, ""beta"": 1.0, ""early_stopping"": true, ""fit_intercept"": true, ""gamma"": 10.0, ""intercept_scale"": 10.0, ""learning_rate"": 5e-06, ""max_epochs"": 3000, ""min_epochs"": 200, ""n_batches"": 20, ""patience"": 100, ""reg_lambda"": 1.0, ""shuffle"": true, ""squash_scale"": 10.0, ""tol"": 0.0005}",linear,0.3,0.5,0.5,True,0,,,,,,1094,,0.1825,False,-0.1064705882352941,0.8,1.0,0.9972619047619047,0.8825,0.7564766839378239,0.9264705882352942,0.9941082310276356,0.8041666666666667,,requires predict_proba,,requires predict_proba,,0.8440000000009604,success,
llsvm,sar-pi0.3-scalesmall,102,"{""alpha"": 2.0, ""beta"": 1.0, ""early_stopping"": true, ""fit_intercept"": true, ""gamma"": 10.0, ""intercept_scale"": 10.0, ""learning_rate"": 5e-06, ""max_epochs"": 3000, ""min_epochs"": 200, ""n_batches"": 20, ""patience"": 100, ""reg_lambda"": 1.0, ""shuffle"": true, ""squash_scale"": 10.0, ""tol"": 0.0005}",linear,0.3,0.5,0.5,True,0,,,,,,207,,0.21,False,-0.04653981893509285,0.7719298245614035,1.0,0.9867559523809524,0.91,0.8235294117647058,0.8833819241982507,0.9751776087220293,0.85,,requires predict_proba,,requires predict_proba,,0.18699999999989814,success,
llsvm,sar-pi0.3-scalesmall,103,"{""alpha"": 2.0, ""beta"": 1.0, ""early_stopping"": true, ""fit_intercept"": true, ""gamma"": 10.0, ""intercept_scale"": 10.0, ""learning_rate"": 5e-06, ""max_epochs"": 3000, ""min_epochs"": 200, ""n_batches"": 20, ""patience"": 100, ""reg_lambda"": 1.0, ""shuffle"": true, ""squash_scale"": 10.0, ""tol"": 0.0005}",linear,0.3,0.5,0.5,True,0,,,,,,2174,,0.22,False,-0.14103896103896102,0.8714285714285714,1.0,0.9960714285714286,0.92,0.8461538461538461,0.9181818181818182,0.9925272214915792,0.8666666666666667,,requires predict_proba,,requires predict_proba,,1.7029999999995198,success,
llsvm,sar-pi0.3-scalesmall,104,"{""alpha"": 2.0, ""beta"": 1.0, ""early_stopping"": true, ""fit_intercept"": true, ""gamma"": 10.0, ""intercept_scale"": 10.0, ""learning_rate"": 5e-06, ""max_epochs"": 3000, ""min_epochs"": 200, ""n_batches"": 20, ""patience"": 100, ""reg_lambda"": 1.0, ""shuffle"": true, ""squash_scale"": 10.0, ""tol"": 0.0005}",linear,0.3,0.5,0.5,True,0,,,,,,1235,,0.2075,False,-0.1403375068045727,0.8636363636363636,1.0,0.9991369047619048,0.9075,0.8177339901477833,0.9221556886227545,0.9980188032114709,0.8458333333333333,,requires predict_proba,,requires predict_proba,,0.9539999999997235,success,
llsvm,sar-pi0.3-scalesmall,105,"{""alpha"": 2.0, ""beta"": 1.0, ""early_stopping"": true, ""fit_intercept"": true, ""gamma"": 10.0, ""intercept_scale"": 10.0, ""learning_rate"": 5e-06, ""max_epochs"": 3000, ""min_epochs"": 200, ""n_batches"": 20, ""patience"": 100, ""reg_lambda"": 1.0, ""shuffle"": true, ""squash_scale"": 10.0, ""tol"": 0.0005}",linear,0.3,0.5,0.5,True,0,,,,,,969,,0.21,False,-0.08256374571300759,0.8135593220338984,1.0,0.9992261904761905,0.91,0.8235294117647058,0.8944281524926686,0.9982709824588167,0.85,,requires predict_proba,,requires predict_proba,,0.75,success,
llsvm,sar-pi0.3-scalesmall,106,"{""alpha"": 2.0, ""beta"": 1.0, ""early_stopping"": true, ""fit_intercept"": true, ""gamma"": 10.0, ""intercept_scale"": 10.0, ""learning_rate"": 5e-06, ""max_epochs"": 3000, ""min_epochs"": 200, ""n_batches"": 20, ""patience"": 100, ""reg_lambda"": 1.0, ""shuffle"": true, ""squash_scale"": 10.0, ""tol"": 0.0005}",linear,0.3,0.5,0.5,True,0,,,,,,2288,,0.2225,False,-0.09793697894588102,0.8412698412698413,1.0,0.9980654761904761,0.9225,0.8516746411483254,0.8931750741839762,0.9959751457537052,0.8708333333333333,,requires predict_proba,,requires predict_proba,,1.7810000000008586,success,
llsvm,sar-pi0.3-scalesmall,107,"{""alpha"": 2.0, ""beta"": 1.0, ""early_stopping"": true, ""fit_intercept"": true, ""gamma"": 10.0, ""intercept_scale"": 10.0, ""learning_rate"": 5e-06, ""max_epochs"": 3000, ""min_epochs"": 200, ""n_batches"": 20, ""patience"": 100, ""reg_lambda"": 1.0, ""shuffle"": true, ""squash_scale"": 10.0, ""tol"": 0.0005}",linear,0.3,0.5,0.5,True,0,,,,,,1222,,0.1675,False,-0.06640976236351959,0.7407407407407407,1.0,0.9990178571428572,0.8675,0.7165775401069518,0.9219653179190751,0.9978553751064492,0.7791666666666667,,requires predict_proba,,requires predict_proba,,0.9380000000001019,success,
llsvm,sar-pi0.3-scalesmall,108,"{""alpha"": 2.0, ""beta"": 1.0, ""early_stopping"": true, ""fit_intercept"": true, ""gamma"": 10.0, ""intercept_scale"": 10.0, ""learning_rate"": 5e-06, ""max_epochs"": 3000, ""min_epochs"": 200, ""n_batches"": 20, ""patience"": 100, ""reg_lambda"": 1.0, ""shuffle"": true, ""squash_scale"": 10.0, ""tol"": 0.0005}",linear,0.3,0.5,0.5,True,0,,,,,,1696,,0.1975,False,-0.09347163789351515,0.8032786885245902,1.0,0.998095238095238,0.8975,0.7939698492462312,0.911504424778761,0.9958232954458126,0.8291666666666666,,requires predict_proba,,requires predict_proba,,1.3590000000003783,success,
llsvm,sar-pi0.3-scalesmall,109,"{""alpha"": 2.0, ""beta"": 1.0, ""early_stopping"": true, ""fit_intercept"": true, ""gamma"": 10.0, ""intercept_scale"": 10.0, ""learning_rate"": 5e-06, ""max_epochs"": 3000, ""min_epochs"": 200, ""n_batches"": 20, ""patience"": 100, ""reg_lambda"": 1.0, ""shuffle"": true, ""squash_scale"": 10.0, ""tol"": 0.0005}",linear,0.3,0.5,0.5,True,0,,,,,,2503,,0.2,False,-0.12464321039988696,0.8412698412698413,1.0,0.996547619047619,0.9,0.8,0.9198813056379822,0.9943151148967413,0.8333333333333333,,requires predict_proba,,requires predict_proba,,1.9380000000001019,success,
llsvm,sar-pi0.3-scalesmall,110,"{""alpha"": 2.0, ""beta"": 1.0, ""early_stopping"": true, ""fit_intercept"": true, ""gamma"": 10.0, ""intercept_scale"": 10.0, ""learning_rate"": 5e-06, ""max_epochs"": 3000, ""min_epochs"": 200, ""n_batches"": 20, ""patience"": 100, ""reg_lambda"": 1.0, ""shuffle"": true, ""squash_scale"": 10.0, ""tol"": 0.0005}",linear,0.3,0.5,0.5,True,0,,,,,,2270,,0.2125,False,-0.12691619517384783,0.8688524590163934,1.0,0.9983333333333333,0.9125,0.8292682926829268,0.9056047197640118,0.99659871254492,0.8541666666666667,,requires predict_proba,,requires predict_proba,,1.7809999999990396,success,
llsvm,sar-pi0.3-scalesmall,111,"{""alpha"": 2.0, ""beta"": 1.0, ""early_stopping"": true, ""fit_intercept"": true, ""gamma"": 10.0, ""intercept_scale"": 10.0, ""learning_rate"": 5e-06, ""max_epochs"": 3000, ""min_epochs"": 200, ""n_batches"": 20, ""patience"": 100, ""reg_lambda"": 1.0, ""shuffle"": true, ""squash_scale"": 10.0, ""tol"": 0.0005}",linear,0.3,0.5,0.5,True,0,,,,,,1697,,0.1975,False,-0.1103285451563199,0.8305084745762712,1.0,0.99875,0.8975,0.7939698492462312,0.9120234604105572,0.9971498158690757,0.8291666666666666,,requires predict_proba,,requires predict_proba,,1.3279999999995198,success,
llsvm,sar-pi0.3-scalesmall,112,"{""alpha"": 2.0, ""beta"": 1.0, ""early_stopping"": true, ""fit_intercept"": true, ""gamma"": 10.0, ""intercept_scale"": 10.0, ""learning_rate"": 5e-06, ""max_epochs"": 3000, ""min_epochs"": 200, ""n_batches"": 20, ""patience"": 100, ""reg_lambda"": 1.0, ""shuffle"": true, ""squash_scale"": 10.0, ""tol"": 0.0005}",linear,0.3,0.5,0.5,True,0,,,,,,2168,,0.1825,False,-0.11264880952380951,0.796875,1.0,0.9961904761904762,0.8825,0.7564766839378239,0.9345238095238095,0.9913741077385901,0.8041666666666667,,requires predict_proba,,requires predict_proba,,1.7339999999985594,success,
llsvm,sar-pi0.3-scalesmall,113,"{""alpha"": 2.0, ""beta"": 1.0, ""early_stopping"": true, ""fit_intercept"": true, ""gamma"": 10.0, ""intercept_scale"": 10.0, ""learning_rate"": 5e-06, ""max_epochs"": 3000, ""min_epochs"": 200, ""n_batches"": 20, ""patience"": 100, ""reg_lambda"": 1.0, ""shuffle"": true, ""squash_scale"": 10.0, ""tol"": 0.0005}",linear,0.3,0.5,0.5,True,0,,,,,,1204,,0.225,False,-0.06205357142857143,0.796875,1.0,0.9995833333333333,0.925,0.8571428571428571,0.8839285714285714,0.9991160192147035,0.875,,requires predict_proba,,requires predict_proba,,0.9690000000009604,success,
llsvm,sar-pi0.3-scalesmall,114,"{""alpha"": 2.0, ""beta"": 1.0, ""early_stopping"": true, ""fit_intercept"": true, ""gamma"": 10.0, ""intercept_scale"": 10.0, ""learning_rate"": 5e-06, ""max_epochs"": 3000, ""min_epochs"": 200, ""n_batches"": 20, ""patience"": 100, ""reg_lambda"": 1.0, ""shuffle"": true, ""squash_scale"": 10.0, ""tol"": 0.0005}",linear,0.3,0.5,0.5,True,0,,,,,,1343,,0.2,False,-0.08716970467712307,0.7936507936507936,1.0,0.9984226190476191,0.9,0.8,0.9109792284866469,0.9967275832475805,0.8333333333333333,,requires predict_proba,,requires predict_proba,,1.0470000000004802,success,
llsvm,sar-pi0.3-scalesmall,115,"{""alpha"": 2.0, ""beta"": 1.0, ""early_stopping"": true, ""fit_intercept"": true, ""gamma"": 10.0, ""intercept_scale"": 10.0, ""learning_rate"": 5e-06, ""max_epochs"": 3000, ""min_epochs"": 200, ""n_batches"": 20, ""patience"": 100, ""reg_lambda"": 1.0, ""shuffle"": true, ""squash_scale"": 10.0, ""tol"": 0.0005}",linear,0.3,0.5,0.5,True,0,,,,,,2364,,0.1725,False,-0.08863198458574179,0.7777777777777778,1.0,0.9996130952380953,0.8725,0.7301587301587301,0.9219653179190751,0.9991113198593308,0.7875,,requires predict_proba,,requires predict_proba,,1.8279999999995198,success,
llsvm,sar-pi0.3-scalesmall,116,"{""alpha"": 2.0, ""beta"": 1.0, ""early_stopping"": true, ""fit_intercept"": true, ""gamma"": 10.0, ""intercept_scale"": 10.0, ""learning_rate"": 5e-06, ""max_epochs"": 3000, ""min_epochs"": 200, ""n_batches"": 20, ""patience"": 100, ""reg_lambda"": 1.0, ""shuffle"": true, ""squash_scale"": 10.0, ""tol"": 0.0005}",linear,0.3,0.5,0.5,True,0,,,,,,808,,0.2125,False,-0.09295667112044281,0.8225806451612904,1.0,0.9997619047619047,0.9125,0.8292682926829268,0.8994082840236687,0.9994419332994943,0.8541666666666667,,requires predict_proba,,requires predict_proba,,0.625,success,
llsvm,sar-pi0.3-scalesmall,117,"{""alpha"": 2.0, ""beta"": 1.0, ""early_stopping"": true, ""fit_intercept"": true, ""gamma"": 10.0, ""intercept_scale"": 10.0, ""learning_rate"": 5e-06, ""max_epochs"": 3000, ""min_epochs"": 200, ""n_batches"": 20, ""patience"": 100, ""reg_lambda"": 1.0, ""shuffle"": true, ""squash_scale"": 10.0, ""tol"": 0.0005}",linear,0.3,0.5,0.5,True,0,,,,,,1321,,0.21,False,-0.10876783140315124,0.847457627118644,1.0,0.9981547619047619,0.91,0.8235294117647058,0.9002932551319648,0.9959348318632892,0.85,,requires predict_proba,,requires predict_proba,,1.014999999999418,success,
llsvm,sar-pi0.3-scalesmall,118,"{""alpha"": 2.0, ""beta"": 1.0, ""early_stopping"": true, ""fit_intercept"": true, ""gamma"": 10.0, ""intercept_scale"": 10.0, ""learning_rate"": 5e-06, ""max_epochs"": 3000, ""min_epochs"": 200, ""n_batches"": 20, ""patience"": 100, ""reg_lambda"": 1.0, ""shuffle"": true, ""squash_scale"": 10.0, ""tol"": 0.0005}",linear,0.3,0.5,0.5,True,0,,,,,,842,,0.1875,False,-0.09493355481727572,0.8035714285714286,1.0,0.999047619047619,0.8875,0.7692307692307693,0.9127906976744186,0.9978067647392235,0.8125,,requires predict_proba,,requires predict_proba,,0.6720000000004802,success,
llsvm,sar-pi0.3-scalesmall,119,"{""alpha"": 2.0, ""beta"": 1.0, ""early_stopping"": true, ""fit_intercept"": true, ""gamma"": 10.0, ""intercept_scale"": 10.0, ""learning_rate"": 5e-06, ""max_epochs"": 3000, ""min_epochs"": 200, ""n_batches"": 20, ""patience"": 100, ""reg_lambda"": 1.0, ""shuffle"": true, ""squash_scale"": 10.0, ""tol"": 0.0005}",linear,0.3,0.5,0.5,True,0,,,,,,1228,,0.2125,False,-0.07693452380952381,0.796875,1.0,0.9988690476190477,0.9125,0.8292682926829268,0.8988095238095238,0.9975038620484299,0.8541666666666667,,requires predict_proba,,requires predict_proba,,0.9529999999995198,success,
llsvm,sar-pi0.3-scalemid,100,"{""alpha"": 2.0, ""beta"": 1.0, ""early_stopping"": true, ""fit_intercept"": true, ""gamma"": 10.0, ""intercept_scale"": 10.0, ""learning_rate"": 5e-06, ""max_epochs"": 3000, ""min_epochs"": 200, ""n_batches"": 20, ""patience"": 100, ""reg_lambda"": 1.0, ""shuffle"": true, ""squash_scale"": 10.0, ""tol"": 0.0005}",linear,0.3,0.5,0.5,True,0,,,,,,558,,0.2575,False,-0.1313300022510779,0.9413680781758957,1.0,0.9937809523809524,0.9495,0.9094170403587444,0.8665091553455405,0.9875785498492181,0.9196428571428572,,requires predict_proba,,requires predict_proba,,0.5310000000008586,success,
llsvm,sar-pi0.3-scalemid,101,"{""alpha"": 2.0, ""beta"": 1.0, ""early_stopping"": true, ""fit_intercept"": true, ""gamma"": 10.0, ""intercept_scale"": 10.0, ""learning_rate"": 5e-06, ""max_epochs"": 3000, ""min_epochs"": 200, ""n_batches"": 20, ""patience"": 100, ""reg_lambda"": 1.0, ""shuffle"": true, ""squash_scale"": 10.0, ""tol"": 0.0005}",linear,0.3,0.5,0.5,True,0,,,,,,233,,0.28,False,-0.11220657276995305,0.9647887323943662,1.0,0.9972809523809524,0.97,0.9482758620689655,0.8333333333333334,0.9938683516323537,0.9547619047619047,,requires predict_proba,,requires predict_proba,,0.21899999999914144,success,
llsvm,sar-pi0.3-scalemid,102,"{""alpha"": 2.0, ""beta"": 1.0, ""early_stopping"": true, ""fit_intercept"": true, ""gamma"": 10.0, ""intercept_scale"": 10.0, ""learning_rate"": 5e-06, ""max_epochs"": 3000, ""min_epochs"": 200, ""n_batches"": 20, ""patience"": 100, ""reg_lambda"": 1.0, ""shuffle"": true, ""squash_scale"": 10.0, ""tol"": 0.0005}",linear,0.3,0.5,0.5,True,0,,,,,,929,,0.2695,False,-0.12709057510244454,0.9492063492063492,1.0,0.9971083333333334,0.9615,0.932396839332748,0.857566765578635,0.9936658829136844,0.9396428571428572,,requires predict_proba,,requires predict_proba,,0.8589999999985594,success,
llsvm,sar-pi0.3-scalemid,103,"{""alpha"": 2.0, ""beta"": 1.0, ""early_stopping"": true, ""fit_intercept"": true, ""gamma"": 10.0, ""intercept_scale"": 10.0, ""learning_rate"": 5e-06, ""max_epochs"": 3000, ""min_epochs"": 200, ""n_batches"": 20, ""patience"": 100, ""reg_lambda"": 1.0, ""shuffle"": true, ""squash_scale"": 10.0, ""tol"": 0.0005}",linear,0.3,0.5,0.5,True,0,,,,,,1956,,0.281,False,-0.12448071606680972,0.9792387543252595,1.0,0.9993928571428572,0.98,0.9655765920826161,0.836937463471654,0.9987943357561333,0.9671428571428572,,requires predict_proba,,requires predict_proba,,1.8589999999985594,success,
llsvm,sar-pi0.3-scalemid,104,"{""alpha"": 2.0, ""beta"": 1.0, ""early_stopping"": true, ""fit_intercept"": true, ""gamma"": 10.0, ""intercept_scale"": 10.0, ""learning_rate"": 5e-06, ""max_epochs"": 3000, ""min_epochs"": 200, ""n_batches"": 20, ""patience"": 100, ""reg_lambda"": 1.0, ""shuffle"": true, ""squash_scale"": 10.0, ""tol"": 0.0005}",linear,0.3,0.5,0.5,True,0,,,,,,851,,0.2725,False,-0.12512054307828954,0.9628378378378378,1.0,0.9985416666666667,0.9685,0.9449781659388646,0.8474178403755869,0.9968867493119551,0.9494047619047619,,requires predict_proba,,requires predict_proba,,0.7970000000004802,success,
llsvm,sar-pi0.3-scalemid,105,"{""alpha"": 2.0, ""beta"": 1.0, ""early_stopping"": true, ""fit_intercept"": true, ""gamma"": 10.0, ""intercept_scale"": 10.0, ""learning_rate"": 5e-06, ""max_epochs"": 3000, ""min_epochs"": 200, ""n_batches"": 20, ""patience"": 100, ""reg_lambda"": 1.0, ""shuffle"": true, ""squash_scale"": 10.0, ""tol"": 0.0005}",linear,0.3,0.5,0.5,True,0,,,,,,661,,0.269,False,-0.1263541107417975,0.9621993127147767,1.0,0.9986928571428572,0.967,0.9420035149384886,0.8490345231129316,0.9971152040695078,0.9459523809523809,,requires predict_proba,,requires predict_proba,,0.625,success,
llsvm,sar-pi0.3-scalemid,106,"{""alpha"": 2.0, ""beta"": 1.0, ""early_stopping"": true, ""fit_intercept"": true, ""gamma"": 10.0, ""intercept_scale"": 10.0, ""learning_rate"": 5e-06, ""max_epochs"": 3000, ""min_epochs"": 200, ""n_batches"": 20, ""patience"": 100, ""reg_lambda"": 1.0, ""shuffle"": true, ""squash_scale"": 10.0, ""tol"": 0.0005}",linear,0.3,0.5,0.5,True,0,,,,,,1201,,0.267,False,-0.13792277455935628,0.9641693811074918,1.0,0.9968023809523809,0.961,0.9312169312169312,0.8594211458948612,0.9926207900054679,0.9378571428571428,,requires predict_proba,,requires predict_proba,,1.1409999999996217,success,
llsvm,sar-pi0.3-scalemid,107,"{""alpha"": 2.0, ""beta"": 1.0, ""early_stopping"": true, ""fit_intercept"": true, ""gamma"": 10.0, ""intercept_scale"": 10.0, ""learning_rate"": 5e-06, ""max_epochs"": 3000, ""min_epochs"": 200, ""n_batches"": 20, ""patience"": 100, ""reg_lambda"": 1.0, ""shuffle"": true, ""squash_scale"": 10.0, ""tol"": 0.0005}",linear,0.3,0.5,0.5,True,0,,,,,,940,,0.268,False,-0.1396765080013509,0.9792387543252595,1.0,0.9991630952380952,0.966,0.9401408450704225,0.8521332554061952,0.9981357266120682,0.9442857142857143,,requires predict_proba,,requires predict_proba,,0.875,success,
llsvm,sar-pi0.3-scalemid,108,"{""alpha"": 2.0, ""beta"": 1.0, ""early_stopping"": true, ""fit_intercept"": true, ""gamma"": 10.0, ""intercept_scale"": 10.0, ""learning_rate"": 5e-06, ""max_epochs"": 3000, ""min_epochs"": 200, ""n_batches"": 20, ""patience"": 100, ""reg_lambda"": 1.0, ""shuffle"": true, ""squash_scale"": 10.0, ""tol"": 0.0005}",linear,0.3,0.5,0.5,True,0,,,,,,1526,,0.279,False,-0.13270588235294115,0.98,1.0,0.9991130952380953,0.978,0.9620034542314335,0.8447058823529412,0.998083717691467,0.9638095238095239,,requires predict_proba,,requires predict_proba,,1.4369999999998981,success,
llsvm,sar-pi0.3-scalemid,109,"{""alpha"": 2.0, ""beta"": 1.0, ""early_stopping"": true, ""fit_intercept"": true, ""gamma"": 10.0, ""intercept_scale"": 10.0, ""learning_rate"": 5e-06, ""max_epochs"": 3000, ""min_epochs"": 200, ""n_batches"": 20, ""patience"": 100, ""reg_lambda"": 1.0, ""shuffle"": true, ""squash_scale"": 10.0, ""tol"": 0.0005}",linear,0.3,0.5,0.5,True,0,,,,,,846,,0.2745,False,-0.1282534834892155,0.9612903225806452,1.0,0.9955,0.9635,0.9364664926022629,0.8514792899408284,0.9907881432751291,0.9444047619047619,,requires predict_proba,,requires predict_proba,,0.7970000000004802,success,
llsvm,sar-pi0.3-scalemid,110,"{""alpha"": 2.0, ""beta"": 1.0, ""early_stopping"": true, ""fit_intercept"": true, ""gamma"": 10.0, ""intercept_scale"": 10.0, ""learning_rate"": 5e-06, ""max_epochs"": 3000, ""min_epochs"": 200, ""n_batches"": 20, ""patience"": 100, ""reg_lambda"": 1.0, ""shuffle"": true, ""squash_scale"": 10.0, ""tol"": 0.0005}",linear,0.3,0.5,0.5,True,0,,,,,,1628,,0.2665,False,-0.1360271184214846,0.9753521126760564,1.0,0.9988404761904762,0.9665,0.940864960282436,0.8508158508158508,0.9976293458902329,0.9441666666666666,,requires predict_proba,,requires predict_proba,,1.515000000001237,success,
llsvm,sar-pi0.3-scalemid,111,"{""alpha"": 2.0, ""beta"": 1.0, ""early_stopping"": true, ""fit_intercept"": true, ""gamma"": 10.0, ""intercept_scale"": 10.0, ""learning_rate"": 5e-06, ""max_epochs"": 3000, ""min_epochs"": 200, ""n_batches"": 20, ""patience"": 100, ""reg_lambda"": 1.0, ""shuffle"": true, ""squash_scale"": 10.0, ""tol"": 0.0005}",linear,0.3,0.5,0.5,True,0,,,,,,1328,,0.2725,False,-0.13721713963259857,0.9765886287625418,1.0,0.9991869047619047,0.9695,0.9467248908296944,0.8512639623750735,0.9980930048748204,0.950595238095238,,requires predict_proba,,requires predict_proba,,1.25,success,
llsvm,sar-pi0.3-scalemid,112,"{""alpha"": 2.0, ""beta"": 1.0, ""early_stopping"": true, ""fit_intercept"": true, ""gamma"": 10.0, ""intercept_scale"": 10.0, ""learning_rate"": 5e-06, ""max_epochs"": 3000, ""min_epochs"": 200, ""n_batches"": 20, ""patience"": 100, ""reg_lambda"": 1.0, ""shuffle"": true, ""squash_scale"": 10.0, ""tol"": 0.0005}",linear,0.3,0.5,0.5,True,0,,,,,,769,,0.2665,False,-0.12516559998880336,0.9556313993174061,1.0,0.997047619047619,0.9615,0.9320388349514563,0.8517867603983597,0.9939653206151312,0.9382142857142857,,requires predict_proba,,requires predict_proba,,0.7189999999991414,success,
llsvm,sar-pi0.3-scalemid,113,"{""alpha"": 2.0, ""beta"": 1.0, ""early_stopping"": true, ""fit_intercept"": true, ""gamma"": 10.0, ""intercept_scale"": 10.0, ""learning_rate"": 5e-06, ""max_epochs"": 3000, ""min_epochs"": 200, ""n_batches"": 20, ""patience"": 100, ""reg_lambda"": 1.0, ""shuffle"": true, ""squash_scale"": 10.0, ""tol"": 0.0005}",linear,0.3,0.5,0.5,True,0,,,,,,789,,0.2635,False,-0.12383693877711968,0.9463087248322147,1.0,0.9980892857142858,0.9605,0.929902395740905,0.8560517038777908,0.9954556937264861,0.9355952380952381,,requires predict_proba,,requires predict_proba,,0.75,success,
llsvm,sar-pi0.3-scalemid,114,"{""alpha"": 2.0, ""beta"": 1.0, ""early_stopping"": true, ""fit_intercept"": true, ""gamma"": 10.0, ""intercept_scale"": 10.0, ""learning_rate"": 5e-06, ""max_epochs"": 3000, ""min_epochs"": 200, ""n_batches"": 20, ""patience"": 100, ""reg_lambda"": 1.0, ""shuffle"": true, ""squash_scale"": 10.0, ""tol"": 0.0005}",linear,0.3,0.5,0.5,True,0,,,,,,726,,0.2475,False,-0.15637076193948232,0.9551282051282052,1.0,0.9968654761904762,0.9465,0.902283105022831,0.8832938388625592,0.9910357511844652,0.9113095238095239,,requires predict_proba,,requires predict_proba,,0.6719999999986612,success,
llsvm,sar-pi0.3-scalemid,115,"{""alpha"": 2.0, ""beta"": 1.0, ""early_stopping"": true, ""fit_intercept"": true, ""gamma"": 10.0, ""intercept_scale"": 10.0, ""learning_rate"": 5e-06, ""max_epochs"": 3000, ""min_epochs"": 200, ""n_batches"": 20, ""patience"": 100, ""reg_lambda"": 1.0, ""shuffle"": true, ""squash_scale"": 10.0, ""tol"": 0.0005}",linear,0.3,0.5,0.5,True,0,,,,,,938,,0.2705,False,-0.13975297914597815,0.9736842105263158,1.0,0.996117857142857,0.9645,0.9377738825591586,0.8555424528301887,0.9921392659419961,0.9436904761904762,,requires predict_proba,,requires predict_proba,,0.875,success,
llsvm,sar-pi0.3-scalemid,116,"{""alpha"": 2.0, ""beta"": 1.0, ""early_stopping"": true, ""fit_intercept"": true, ""gamma"": 10.0, ""intercept_scale"": 10.0, ""learning_rate"": 5e-06, ""max_epochs"": 3000, ""min_epochs"": 200, ""n_batches"": 20, ""patience"": 100, ""reg_lambda"": 1.0, ""shuffle"": true, ""squash_scale"": 10.0, ""tol"": 0.0005}",linear,0.3,0.5,0.5,True,0,,,,,,870,,0.2775,False,-0.1303225523959648,0.9678456591639871,1.0,0.9996166666666667,0.9755,0.9575757575757575,0.8496151568975725,0.9990888563021636,0.9601190476190475,,requires predict_proba,,requires predict_proba,,0.7970000000004802,success,
llsvm,sar-pi0.3-scalemid,117,"{""alpha"": 2.0, ""beta"": 1.0, ""early_stopping"": true, ""fit_intercept"": true, ""gamma"": 10.0, ""intercept_scale"": 10.0, ""learning_rate"": 5e-06, ""max_epochs"": 3000, ""min_epochs"": 200, ""n_batches"": 20, ""patience"": 100, ""reg_lambda"": 1.0, ""shuffle"": true, ""squash_scale"": 10.0, ""tol"": 0.0005}",linear,0.3,0.5,0.5,True,0,,,,,,943,,0.2735,False,-0.14246000176787765,0.9691358024691358,1.0,0.9990261904761905,0.9705,0.948561464690497,0.8609785202863962,0.9977294996471077,0.9522619047619048,,requires predict_proba,,requires predict_proba,,0.875,success,
llsvm,sar-pi0.3-scalemid,118,"{""alpha"": 2.0, ""beta"": 1.0, ""early_stopping"": true, ""fit_intercept"": true, ""gamma"": 10.0, ""intercept_scale"": 10.0, ""learning_rate"": 5e-06, ""max_epochs"": 3000, ""min_epochs"": 200, ""n_batches"": 20, ""patience"": 100, ""reg_lambda"": 1.0, ""shuffle"": true, ""squash_scale"": 10.0, ""tol"": 0.0005}",linear,0.3,0.5,0.5,True,0,,,,,,325,,0.2745,False,-0.1315940585943045,0.9761092150170648,1.0,0.9991369047619048,0.9725,0.9521322889469104,0.8459285295840656,0.998014572802568,0.9551190476190476,,requires predict_proba,,requires predict_proba,,0.31199999999989814,success,
llsvm,sar-pi0.3-scalemid,119,"{""alpha"": 2.0, ""beta"": 1.0, ""early_stopping"": true, ""fit_intercept"": true, ""gamma"": 10.0, ""intercept_scale"": 10.0, ""learning_rate"": 5e-06, ""max_epochs"": 3000, ""min_epochs"": 200, ""n_batches"": 20, ""patience"": 100, ""reg_lambda"": 1.0, ""shuffle"": true, ""squash_scale"": 10.0, ""tol"": 0.0005}",linear,0.3,0.5,0.5,True,0,,,,,,944,,0.273,False,-0.12510602205258692,0.9629629629629629,1.0,0.9989488095238095,0.972,0.9511343804537522,0.8473282442748091,0.9977077574862648,0.9538095238095239,,requires predict_proba,,requires predict_proba,,0.8909999999996217,success,
llsvm,sar-pi0.5-scalesmall,100,"{""alpha"": 2.0, ""beta"": 1.0, ""early_stopping"": true, ""fit_intercept"": true, ""gamma"": 10.0, ""intercept_scale"": 10.0, ""learning_rate"": 5e-06, ""max_epochs"": 3000, ""min_epochs"": 200, ""n_batches"": 20, ""patience"": 100, ""reg_lambda"": 1.0, ""shuffle"": true, ""squash_scale"": 10.0, ""tol"": 0.0005}",linear,0.5,0.5,0.5,True,0,,,,,,1364,,0.355,False,-0.1500231160425335,0.8571428571428571,1.0,0.9987250000000001,0.855,0.8304093567251462,0.7928802588996764,0.99875528399386,0.855,,requires predict_proba,,requires predict_proba,,1.0619999999998981,success,
llsvm,sar-pi0.5-scalesmall,101,"{""alpha"": 2.0, ""beta"": 1.0, ""early_stopping"": true, ""fit_intercept"": true, ""gamma"": 10.0, ""intercept_scale"": 10.0, ""learning_rate"": 5e-06, ""max_epochs"": 3000, ""min_epochs"": 200, ""n_batches"": 20, ""patience"": 100, ""reg_lambda"": 1.0, ""shuffle"": true, ""squash_scale"": 10.0, ""tol"": 0.0005}",linear,0.5,0.5,0.5,True,0,,,,,,266,,0.345,False,-0.17415195127760197,0.8556701030927835,1.0,0.9904249999999999,0.845,0.8165680473372781,0.8184818481848185,0.9920210475475744,0.845,,requires predict_proba,,requires predict_proba,,0.21899999999914144,success,
llsvm,sar-pi0.5-scalesmall,102,"{""alpha"": 2.0, ""beta"": 1.0, ""early_stopping"": true, ""fit_intercept"": true, ""gamma"": 10.0, ""intercept_scale"": 10.0, ""learning_rate"": 5e-06, ""max_epochs"": 3000, ""min_epochs"": 200, ""n_batches"": 20, ""patience"": 100, ""reg_lambda"": 1.0, ""shuffle"": true, ""squash_scale"": 10.0, ""tol"": 0.0005}",linear,0.5,0.5,0.5,True,0,,,,,,767,,0.315,False,-0.1263178172393261,0.7956989247311828,1.0,0.9949250000000001,0.815,0.7730061349693251,0.8306188925081434,0.9953158698463278,0.815,,requires predict_proba,,requires predict_proba,,0.6090000000003783,success,
llsvm,sar-pi0.5-scalesmall,103,"{""alpha"": 2.0, ""beta"": 1.0, ""early_stopping"": true, ""fit_intercept"": true, ""gamma"": 10.0, ""intercept_scale"": 10.0, ""learning_rate"": 5e-06, ""max_epochs"": 3000, ""min_epochs"": 200, ""n_batches"": 20, ""patience"": 100, ""reg_lambda"": 1.0, ""shuffle"": true, ""squash_scale"": 10.0, ""tol"": 0.0005}",linear,0.5,0.5,0.5,True,0,,,,,,1955,,0.3975,False,-0.21818181818181814,0.9181818181818182,1.0,0.9979,0.8975,0.8857938718662952,0.8,0.9979650720289496,0.8975,,requires predict_proba,,requires predict_proba,,1.5310000000008586,success,
llsvm,sar-pi0.5-scalesmall,104,"{""alpha"": 2.0, ""beta"": 1.0, ""early_stopping"": true, ""fit_intercept"": true, ""gamma"": 10.0, ""intercept_scale"": 10.0, ""learning_rate"": 5e-06, ""max_epochs"": 3000, ""min_epochs"": 200, ""n_batches"": 20, ""patience"": 100, ""reg_lambda"": 1.0, ""shuffle"": true, ""squash_scale"": 10.0, ""tol"": 0.0005}",linear,0.5,0.5,0.5,True,0,,,,,,983,,0.36,False,-0.17075068710884467,0.8613861386138614,1.0,0.9986,0.86,0.8372093023255814,0.8093645484949833,0.9986792348590642,0.86,,requires predict_proba,,requires predict_proba,,0.75,success,
llsvm,sar-pi0.5-scalesmall,105,"{""alpha"": 2.0, ""beta"": 1.0, ""early_stopping"": true, ""fit_intercept"": true, ""gamma"": 10.0, ""intercept_scale"": 10.0, ""learning_rate"": 5e-06, ""max_epochs"": 3000, ""min_epochs"": 200, ""n_batches"": 20, ""patience"": 100, ""reg_lambda"": 1.0, ""shuffle"": true, ""squash_scale"": 10.0, ""tol"": 0.0005}",linear,0.5,0.5,0.5,True,0,,,,,,882,,0.4075,False,-0.19666666666666666,0.93,1.0,0.9992500000000001,0.9075,0.8980716253443526,0.7666666666666667,0.9992788180343265,0.9075,,requires predict_proba,,requires predict_proba,,0.6880000000001019,success,
llsvm,sar-pi0.5-scalesmall,106,"{""alpha"": 2.0, ""beta"": 1.0, ""early_stopping"": true, ""fit_intercept"": true, ""gamma"": 10.0, ""intercept_scale"": 10.0, ""learning_rate"": 5e-06, ""max_epochs"": 3000, ""min_epochs"": 200, ""n_batches"": 20, ""patience"": 100, ""reg_lambda"": 1.0, ""shuffle"": true, ""squash_scale"": 10.0, ""tol"": 0.0005}",linear,0.5,0.5,0.5,True,0,,,,,,1672,,0.3775,False,-0.18934991215029057,0.8979591836734694,1.0,0.997475,0.8775,0.8603988603988604,0.7913907284768212,0.9975838372682788,0.8775,,requires predict_proba,,requires predict_proba,,1.3279999999995198,success,
llsvm,sar-pi0.5-scalesmall,107,"{""alpha"": 2.0, ""beta"": 1.0, ""early_stopping"": true, ""fit_intercept"": true, ""gamma"": 10.0, ""intercept_scale"": 10.0, ""learning_rate"": 5e-06, ""max_epochs"": 3000, ""min_epochs"": 200, ""n_batches"": 20, ""patience"": 100, ""reg_lambda"": 1.0, ""shuffle"": true, ""squash_scale"": 10.0, ""tol"": 0.0005}",linear,0.5,0.5,0.5,True,0,,,,,,1009,,0.33,False,-0.13970980475834843,0.8241758241758241,1.0,0.9993749999999999,0.83,0.7951807228915663,0.8155339805825242,0.9993898852668622,0.8300000000000001,,requires predict_proba,,requires predict_proba,,0.7819999999992433,success,
llsvm,sar-pi0.5-scalesmall,108,"{""alpha"": 2.0, ""beta"": 1.0, ""early_stopping"": true, ""fit_intercept"": true, ""gamma"": 10.0, ""intercept_scale"": 10.0, ""learning_rate"": 5e-06, ""max_epochs"": 3000, ""min_epochs"": 200, ""n_batches"": 20, ""patience"": 100, ""reg_lambda"": 1.0, ""shuffle"": true, ""squash_scale"": 10.0, ""tol"": 0.0005}",linear,0.5,0.5,0.5,True,0,,,,,,1172,,0.3425,False,-0.16813082849033656,0.8469387755102041,1.0,0.998525,0.8425,0.8130563798219584,0.8211920529801324,0.998572030256376,0.8425,,requires predict_proba,,requires predict_proba,,0.9210000000002765,success,
llsvm,sar-pi0.5-scalesmall,109,"{""alpha"": 2.0, ""beta"": 1.0, ""early_stopping"": true, ""fit_intercept"": true, ""gamma"": 10.0, ""intercept_scale"": 10.0, ""learning_rate"": 5e-06, ""max_epochs"": 3000, ""min_epochs"": 200, ""n_batches"": 20, ""patience"": 100, ""reg_lambda"": 1.0, ""shuffle"": true, ""squash_scale"": 10.0, ""tol"": 0.0005}",linear,0.5,0.5,0.5,True,0,,,,,,1842,,0.345,False,-0.20935266284103493,0.8787878787878788,1.0,0.997425,0.845,0.8165680473372781,0.8305647840531561,0.9976396346613903,0.845,,requires predict_proba,,requires predict_proba,,1.4380000000001019,success,
llsvm,sar-pi0.5-scalesmall,110,"{""alpha"": 2.0, ""beta"": 1.0, ""early_stopping"": true, ""fit_intercept"": true, ""gamma"": 10.0, ""intercept_scale"": 10.0, ""learning_rate"": 5e-06, ""max_epochs"": 3000, ""min_epochs"": 200, ""n_batches"": 20, ""patience"": 100, ""reg_lambda"": 1.0, ""shuffle"": true, ""squash_scale"": 10.0, ""tol"": 0.0005}",linear,0.5,0.5,0.5,True,0,,,,,,1893,,0.4225,False,-0.1926553672316384,0.9333333333333333,1.0,0.99945,0.9225,0.9159891598915989,0.7593220338983051,0.999470169686225,0.9225,,requires predict_proba,,requires predict_proba,,1.5160000000014406,success,
llsvm,sar-pi0.5-scalesmall,111,"{""alpha"": 2.0, ""beta"": 1.0, ""early_stopping"": true, ""fit_intercept"": true, ""gamma"": 10.0, ""intercept_scale"": 10.0, ""learning_rate"": 5e-06, ""max_epochs"": 3000, ""min_epochs"": 200, ""n_batches"": 20, ""patience"": 100, ""reg_lambda"": 1.0, ""shuffle"": true, ""squash_scale"": 10.0, ""tol"": 0.0005}",linear,0.5,0.5,0.5,True,0,,,,,,1486,,0.3875,False,-0.20371101460718516,0.9117647058823529,1.0,0.99945,0.8875,0.8732394366197183,0.7919463087248322,0.9994539811747493,0.8875,,requires predict_proba,,requires predict_proba,,1.1559999999990396,success,
llsvm,sar-pi0.5-scalesmall,112,"{""alpha"": 2.0, ""beta"": 1.0, ""early_stopping"": true, ""fit_intercept"": true, ""gamma"": 10.0, ""intercept_scale"": 10.0, ""learning_rate"": 5e-06, ""max_epochs"": 3000, ""min_epochs"": 200, ""n_batches"": 20, ""patience"": 100, ""reg_lambda"": 1.0, ""shuffle"": true, ""squash_scale"": 10.0, ""tol"": 0.0005}",linear,0.5,0.5,0.5,True,0,,,,,,1370,,0.345,False,-0.13902267870243373,0.8130841121495327,1.0,0.99665,0.845,0.8165680473372781,0.825938566552901,0.9965053191466878,0.845,,requires predict_proba,,requires predict_proba,,1.0780000000013388,success,
llsvm,sar-pi0.5-scalesmall,113,"{""alpha"": 2.0, ""beta"": 1.0, ""early_stopping"": true, ""fit_intercept"": true, ""gamma"": 10.0, ""intercept_scale"": 10.0, ""learning_rate"": 5e-06, ""max_epochs"": 3000, ""min_epochs"": 200, ""n_batches"": 20, ""patience"": 100, ""reg_lambda"": 1.0, ""shuffle"": true, ""squash_scale"": 10.0, ""tol"": 0.0005}",linear,0.5,0.5,0.5,True,0,,,,,,967,,0.42,False,-0.1443906376109766,0.8952380952380953,1.0,0.999575,0.92,0.9130434782608695,0.7491525423728813,0.9995883161809751,0.9199999999999999,,requires predict_proba,,requires predict_proba,,0.75,success,
llsvm,sar-pi0.5-scalesmall,114,"{""alpha"": 2.0, ""beta"": 1.0, ""early_stopping"": true, ""fit_intercept"": true, ""gamma"": 10.0, ""intercept_scale"": 10.0, ""learning_rate"": 5e-06, ""max_epochs"": 3000, ""min_epochs"": 200, ""n_batches"": 20, ""patience"": 100, ""reg_lambda"": 1.0, ""shuffle"": true, ""squash_scale"": 10.0, ""tol"": 0.0005}",linear,0.5,0.5,0.5,True,0,,,,,,1002,,0.37,False,-0.13470540758676353,0.8380952380952381,1.0,0.9985249999999999,0.87,0.8505747126436781,0.7966101694915254,0.9984784264395477,0.87,,requires predict_proba,,requires predict_proba,,0.7819999999992433,success,
llsvm,sar-pi0.5-scalesmall,115,"{""alpha"": 2.0, ""beta"": 1.0, ""early_stopping"": true, ""fit_intercept"": true, ""gamma"": 10.0, ""intercept_scale"": 10.0, ""learning_rate"": 5e-06, ""max_epochs"": 3000, ""min_epochs"": 200, ""n_batches"": 20, ""patience"": 100, ""reg_lambda"": 1.0, ""shuffle"": true, ""squash_scale"": 10.0, ""tol"": 0.0005}",linear,0.5,0.5,0.5,True,0,,,,,,1653,,0.3275,False,-0.1616318464144551,0.8369565217391305,1.0,0.99935,0.8275,0.7915407854984894,0.8246753246753247,0.9993479781025852,0.8275,,requires predict_proba,,requires predict_proba,,1.2969999999986612,success,
llsvm,sar-pi0.5-scalesmall,116,"{""alpha"": 2.0, ""beta"": 1.0, ""early_stopping"": true, ""fit_intercept"": true, ""gamma"": 10.0, ""intercept_scale"": 10.0, ""learning_rate"": 5e-06, ""max_epochs"": 3000, ""min_epochs"": 200, ""n_batches"": 20, ""patience"": 100, ""reg_lambda"": 1.0, ""shuffle"": true, ""squash_scale"": 10.0, ""tol"": 0.0005}",linear,0.5,0.5,0.5,True,0,,,,,,1054,,0.4075,False,-0.17686537702329252,0.9117647058823529,1.0,0.998425,0.9075,0.8980716253443526,0.7651006711409396,0.9987347829084446,0.9075,,requires predict_proba,,requires predict_proba,,0.8280000000013388,success,
llsvm,sar-pi0.5-scalesmall,117,"{""alpha"": 2.0, ""beta"": 1.0, ""early_stopping"": true, ""fit_intercept"": true, ""gamma"": 10.0, ""intercept_scale"": 10.0, ""learning_rate"": 5e-06, ""max_epochs"": 3000, ""min_epochs"": 200, ""n_batches"": 20, ""patience"": 100, ""reg_lambda"": 1.0, ""shuffle"": true, ""squash_scale"": 10.0, ""tol"": 0.0005}",linear,0.5,0.5,0.5,True,0,,,,,,950,,0.3925,False,-0.15227450580109558,0.8865979381443299,1.0,0.998575,0.8925,0.8795518207282913,0.7656765676567657,0.9986389572267197,0.8925000000000001,,requires predict_proba,,requires predict_proba,,0.7970000000004802,success,
llsvm,sar-pi0.5-scalesmall,118,"{""alpha"": 2.0, ""beta"": 1.0, ""early_stopping"": true, ""fit_intercept"": true, ""gamma"": 10.0, ""intercept_scale"": 10.0, ""learning_rate"": 5e-06, ""max_epochs"": 3000, ""min_epochs"": 200, ""n_batches"": 20, ""patience"": 100, ""reg_lambda"": 1.0, ""shuffle"": true, ""squash_scale"": 10.0, ""tol"": 0.0005}",linear,0.5,0.5,0.5,True,0,,,,,,900,,0.39,False,-0.14067808483065392,0.8817204301075269,1.0,0.9994999999999999,0.89,0.8764044943820225,0.758957654723127,0.9995025635032004,0.89,,requires predict_proba,,requires predict_proba,,0.7659999999996217,success,
llsvm,sar-pi0.5-scalesmall,119,"{""alpha"": 2.0, ""beta"": 1.0, ""early_stopping"": true, ""fit_intercept"": true, ""gamma"": 10.0, ""intercept_scale"": 10.0, ""learning_rate"": 5e-06, ""max_epochs"": 3000, ""min_epochs"": 200, ""n_batches"": 20, ""patience"": 100, ""reg_lambda"": 1.0, ""shuffle"": true, ""squash_scale"": 10.0, ""tol"": 0.0005}",linear,0.5,0.5,0.5,True,0,,,,,,1015,,0.3625,False,-0.13864552913363926,0.851063829787234,1.0,0.99855,0.8625,0.8405797101449275,0.7875816993464052,0.998622943988811,0.8625,,requires predict_proba,,requires predict_proba,,0.8900000000012369,success,
llsvm,sar-pi0.5-scalemid,100,"{""alpha"": 2.0, ""beta"": 1.0, ""early_stopping"": true, ""fit_intercept"": true, ""gamma"": 10.0, ""intercept_scale"": 10.0, ""learning_rate"": 5e-06, ""max_epochs"": 3000, ""min_epochs"": 200, ""n_batches"": 20, ""patience"": 100, ""reg_lambda"": 1.0, ""shuffle"": true, ""squash_scale"": 10.0, ""tol"": 0.0005}",linear,0.5,0.5,0.5,True,0,,,,,,519,,0.445,False,-0.16636308439587133,0.9487704918032787,1.0,0.994983,0.938,0.9343915343915344,0.7175925925925926,0.9952759960348094,0.938,,requires predict_proba,,requires predict_proba,,0.6409999999996217,success,
llsvm,sar-pi0.5-scalemid,101,"{""alpha"": 2.0, ""beta"": 1.0, ""early_stopping"": true, ""fit_intercept"": true, ""gamma"": 10.0, ""intercept_scale"": 10.0, ""learning_rate"": 5e-06, ""max_epochs"": 3000, ""min_epochs"": 200, ""n_batches"": 20, ""patience"": 100, ""reg_lambda"": 1.0, ""shuffle"": true, ""squash_scale"": 10.0, ""tol"": 0.0005}",linear,0.5,0.5,0.5,True,0,,,,,,1306,,0.4265,False,-0.20208137988181163,0.9586776859504132,1.0,0.999201,0.9265,0.9206691851052348,0.7434036939313984,0.9991904634771959,0.9265,,requires predict_proba,,requires predict_proba,,1.639999999999418,success,
llsvm,sar-pi0.5-scalemid,102,"{""alpha"": 2.0, ""beta"": 1.0, ""early_stopping"": true, ""fit_intercept"": true, ""gamma"": 10.0, ""intercept_scale"": 10.0, ""learning_rate"": 5e-06, ""max_epochs"": 3000, ""min_epochs"": 200, ""n_batches"": 20, ""patience"": 100, ""reg_lambda"": 1.0, ""shuffle"": true, ""squash_scale"": 10.0, ""tol"": 0.0005}",linear,0.5,0.5,0.5,True,0,,,,,,729,,0.457,False,-0.18424046288123963,0.9650485436893204,1.0,0.996882,0.948,0.9456635318704284,0.7191919191919192,0.9968807910731958,0.948,,requires predict_proba,,requires predict_proba,,0.8130000000001019,success,
llsvm,sar-pi0.5-scalemid,103,"{""alpha"": 2.0, ""beta"": 1.0, ""early_stopping"": true, ""fit_intercept"": true, ""gamma"": 10.0, ""intercept_scale"": 10.0, ""learning_rate"": 5e-06, ""max_epochs"": 3000, ""min_epochs"": 200, ""n_batches"": 20, ""patience"": 100, ""reg_lambda"": 1.0, ""shuffle"": true, ""squash_scale"": 10.0, ""tol"": 0.0005}",linear,0.5,0.5,0.5,True,0,,,,,,1732,,0.4785,False,-0.17519120062378685,0.9936708860759493,1.0,0.999405,0.9775,0.977005620848237,0.6815203145478375,0.9994298829086041,0.9775,,requires predict_proba,,requires predict_proba,,1.8280000000013388,success,
llsvm,sar-pi0.5-scalemid,104,"{""alpha"": 2.0, ""beta"": 1.0, ""early_stopping"": true, ""fit_intercept"": true, ""gamma"": 10.0, ""intercept_scale"": 10.0, ""learning_rate"": 5e-06, ""max_epochs"": 3000, ""min_epochs"": 200, ""n_batches"": 20, ""patience"": 100, ""reg_lambda"": 1.0, ""shuffle"": true, ""squash_scale"": 10.0, ""tol"": 0.0005}",linear,0.5,0.5,0.5,True,0,,,,,,685,,0.4715,False,-0.1771657888609074,0.9817444219066938,1.0,0.999063,0.9685,0.9675759135357694,0.6954213669542136,0.9990761316239577,0.9684999999999999,,requires predict_proba,,requires predict_proba,,0.6880000000001019,success,
llsvm,sar-pi0.5-scalemid,105,"{""alpha"": 2.0, ""beta"": 1.0, ""early_stopping"": true, ""fit_intercept"": true, ""gamma"": 10.0, ""intercept_scale"": 10.0, ""learning_rate"": 5e-06, ""max_epochs"": 3000, ""min_epochs"": 200, ""n_batches"": 20, ""patience"": 100, ""reg_lambda"": 1.0, ""shuffle"": true, ""squash_scale"": 10.0, ""tol"": 0.0005}",linear,0.5,0.5,0.5,True,0,,,,,,564,,0.476,False,-0.16870384517443338,0.9761904761904762,1.0,0.999057,0.972,0.9713114754098361,0.6925133689839572,0.9990667035470384,0.972,,requires predict_proba,,requires predict_proba,,0.5939999999991414,success,
llsvm,sar-pi0.5-scalemid,106,"{""alpha"": 2.0, ""beta"": 1.0, ""early_stopping"": true, ""fit_intercept"": true, ""gamma"": 10.0, ""intercept_scale"": 10.0, ""learning_rate"": 5e-06, ""max_epochs"": 3000, ""min_epochs"": 200, ""n_batches"": 20, ""patience"": 100, ""reg_lambda"": 1.0, ""shuffle"": true, ""squash_scale"": 10.0, ""tol"": 0.0005}",linear,0.5,0.5,0.5,True,0,,,,,,410,,0.4595,False,-0.1532847100546748,0.9468503937007874,1.0,0.987864,0.9345,0.931735278791037,0.7064343163538874,0.9880655693812924,0.9345,,requires predict_proba,,requires predict_proba,,0.4219999999986612,success,
llsvm,sar-pi0.5-scalemid,107,"{""alpha"": 2.0, ""beta"": 1.0, ""early_stopping"": true, ""fit_intercept"": true, ""gamma"": 10.0, ""intercept_scale"": 10.0, ""learning_rate"": 5e-06, ""max_epochs"": 3000, ""min_epochs"": 200, ""n_batches"": 20, ""patience"": 100, ""reg_lambda"": 1.0, ""shuffle"": true, ""squash_scale"": 10.0, ""tol"": 0.0005}",linear,0.5,0.5,0.5,True,0,,,,,,743,,0.466,False,-0.19134088666598614,0.9896907216494846,1.0,0.999128,0.964,0.9627329192546584,0.7016501650165017,0.9991158115923513,0.964,,requires predict_proba,,requires predict_proba,,0.7660000000014406,success,
llsvm,sar-pi0.5-scalemid,108,"{""alpha"": 2.0, ""beta"": 1.0, ""early_stopping"": true, ""fit_intercept"": true, ""gamma"": 10.0, ""intercept_scale"": 10.0, ""learning_rate"": 5e-06, ""max_epochs"": 3000, ""min_epochs"": 200, ""n_batches"": 20, ""patience"": 100, ""reg_lambda"": 1.0, ""shuffle"": true, ""squash_scale"": 10.0, ""tol"": 0.0005}",linear,0.5,0.5,0.5,True,0,,,,,,917,,0.471,False,-0.18688713974232435,0.9823874755381604,1.0,0.999139,0.969,0.9680741503604532,0.7044996642041639,0.9991576107891281,0.969,,requires predict_proba,,requires predict_proba,,1.0159999999996217,success,
llsvm,sar-pi0.5-scalemid,109,"{""alpha"": 2.0, ""beta"": 1.0, ""early_stopping"": true, ""fit_intercept"": true, ""gamma"": 10.0, ""intercept_scale"": 10.0, ""learning_rate"": 5e-06, ""max_epochs"": 3000, ""min_epochs"": 200, ""n_batches"": 20, ""patience"": 100, ""reg_lambda"": 1.0, ""shuffle"": true, ""squash_scale"": 10.0, ""tol"": 0.0005}",linear,0.5,0.5,0.5,True,0,,,,,,1035,,0.457,False,-0.18148440584287406,0.9647058823529412,1.0,0.997946,0.954,0.9519331243469175,0.7167785234899329,0.9980377026080851,0.954,,requires predict_proba,,requires predict_proba,,1.0470000000004802,success,
llsvm,sar-pi0.5-scalemid,110,"{""alpha"": 2.0, ""beta"": 1.0, ""early_stopping"": true, ""fit_intercept"": true, ""gamma"": 10.0, ""intercept_scale"": 10.0, ""learning_rate"": 5e-06, ""max_epochs"": 3000, ""min_epochs"": 200, ""n_batches"": 20, ""patience"": 100, ""reg_lambda"": 1.0, ""shuffle"": true, ""squash_scale"": 10.0, ""tol"": 0.0005}",linear,0.5,0.5,0.5,True,0,,,,,,1261,,0.4565,False,-0.19270024802383884,0.9832985386221295,1.0,0.999069,0.9565,0.9545216936748563,0.7094017094017094,0.9991154081480412,0.9565,,requires predict_proba,,requires predict_proba,,1.2970000000004802,success,
llsvm,sar-pi0.5-scalemid,111,"{""alpha"": 2.0, ""beta"": 1.0, ""early_stopping"": true, ""fit_intercept"": true, ""gamma"": 10.0, ""intercept_scale"": 10.0, ""learning_rate"": 5e-06, ""max_epochs"": 3000, ""min_epochs"": 200, ""n_batches"": 20, ""patience"": 100, ""reg_lambda"": 1.0, ""shuffle"": true, ""squash_scale"": 10.0, ""tol"": 0.0005}",linear,0.5,0.5,0.5,True,0,,,,,,808,,0.4705,False,-0.1775734272757271,0.9729206963249516,1.0,0.9991169999999999,0.9665,0.9654817104585265,0.7046527309507754,0.9990863617605691,0.9665,,requires predict_proba,,requires predict_proba,,0.8130000000001019,success,
llsvm,sar-pi0.5-scalemid,112,"{""alpha"": 2.0, ""beta"": 1.0, ""early_stopping"": true, ""fit_intercept"": true, ""gamma"": 10.0, ""intercept_scale"": 10.0, ""learning_rate"": 5e-06, ""max_epochs"": 3000, ""min_epochs"": 200, ""n_batches"": 20, ""patience"": 100, ""reg_lambda"": 1.0, ""shuffle"": true, ""squash_scale"": 10.0, ""tol"": 0.0005}",linear,0.5,0.5,0.5,True,0,,,,,,934,,0.452,False,-0.20191317776252576,0.9798387096774194,1.0,0.999417,0.952,0.9495798319327731,0.7220744680851063,0.9994299040384821,0.952,,requires predict_proba,,requires predict_proba,,0.9209999999984575,success,
llsvm,sar-pi0.5-scalemid,113,"{""alpha"": 2.0, ""beta"": 1.0, ""early_stopping"": true, ""fit_intercept"": true, ""gamma"": 10.0, ""intercept_scale"": 10.0, ""learning_rate"": 5e-06, ""max_epochs"": 3000, ""min_epochs"": 200, ""n_batches"": 20, ""patience"": 100, ""reg_lambda"": 1.0, ""shuffle"": true, ""squash_scale"": 10.0, ""tol"": 0.0005}",linear,0.5,0.5,0.5,True,0,,,,,,900,,0.476,False,-0.172,0.98,1.0,0.9983500000000001,0.973,0.9723360655737705,0.692,0.9985416533483472,0.973,,requires predict_proba,,requires predict_proba,,0.8910000000032596,success,
llsvm,sar-pi0.5-scalemid,114,"{""alpha"": 2.0, ""beta"": 1.0, ""early_stopping"": true, ""fit_intercept"": true, ""gamma"": 10.0, ""intercept_scale"": 10.0, ""learning_rate"": 5e-06, ""max_epochs"": 3000, ""min_epochs"": 200, ""n_batches"": 20, ""patience"": 100, ""reg_lambda"": 1.0, ""shuffle"": true, ""squash_scale"": 10.0, ""tol"": 0.0005}",linear,0.5,0.5,0.5,True,0,,,,,,497,,0.438,False,-0.2061104220432871,0.9679358717434869,1.0,0.996815,0.936,0.9317697228144989,0.7381745502998002,0.9954792673961594,0.9359999999999999,,requires predict_proba,,requires predict_proba,,0.5,success,
llsvm,sar-pi0.5-scalemid,115,"{""alpha"": 2.0, ""beta"": 1.0, ""early_stopping"": true, ""fit_intercept"": true, ""gamma"": 10.0, ""intercept_scale"": 10.0, ""learning_rate"": 5e-06, ""max_epochs"": 3000, ""min_epochs"": 200, ""n_batches"": 20, ""patience"": 100, ""reg_lambda"": 1.0, ""shuffle"": true, ""squash_scale"": 10.0, ""tol"": 0.0005}",linear,0.5,0.5,0.5,True,0,,,,,,816,,0.448,False,-0.1826666666666667,0.96,1.0,0.996143,0.944,0.9409282700421941,0.7226666666666667,0.9964854944531989,0.944,,requires predict_proba,,requires predict_proba,,0.8279999999977008,success,
llsvm,sar-pi0.5-scalemid,116,"{""alpha"": 2.0, ""beta"": 1.0, ""early_stopping"": true, ""fit_intercept"": true, ""gamma"": 10.0, ""intercept_scale"": 10.0, ""learning_rate"": 5e-06, ""max_epochs"": 3000, ""min_epochs"": 200, ""n_batches"": 20, ""patience"": 100, ""reg_lambda"": 1.0, ""shuffle"": true, ""squash_scale"": 10.0, ""tol"": 0.0005}",linear,0.5,0.5,0.5,True,0,,,,,,699,,0.486,False,-0.17733333333333334,0.994,1.0,0.999496,0.985,0.9847870182555781,0.6833333333333333,0.9995301462537488,0.985,,requires predict_proba,,requires predict_proba,,0.6880000000019209,success,
llsvm,sar-pi0.5-scalemid,117,"{""alpha"": 2.0, ""beta"": 1.0, ""early_stopping"": true, ""fit_intercept"": true, ""gamma"": 10.0, ""intercept_scale"": 10.0, ""learning_rate"": 5e-06, ""max_epochs"": 3000, ""min_epochs"": 200, ""n_batches"": 20, ""patience"": 100, ""reg_lambda"": 1.0, ""shuffle"": true, ""squash_scale"": 10.0, ""tol"": 0.0005}",linear,0.5,0.5,0.5,True,0,,,,,,646,,0.475,False,-0.18296040143682535,0.9807321772639692,1.0,0.9984440000000001,0.971,0.9702564102564103,0.7022282241728561,0.9985058885249226,0.971,,requires predict_proba,,requires predict_proba,,0.6559999999990396,success,
llsvm,sar-pi0.5-scalemid,118,"{""alpha"": 2.0, ""beta"": 1.0, ""early_stopping"": true, ""fit_intercept"": true, ""gamma"": 10.0, ""intercept_scale"": 10.0, ""learning_rate"": 5e-06, ""max_epochs"": 3000, ""min_epochs"": 200, ""n_batches"": 20, ""patience"": 100, ""reg_lambda"": 1.0, ""shuffle"": true, ""squash_scale"": 10.0, ""tol"": 0.0005}",linear,0.5,0.5,0.5,True,0,,,,,,223,,0.4575,False,-0.20087823094831148,0.9821073558648111,1.0,0.998997,0.9545,0.9524804177545692,0.7187708750835003,0.9989589874030268,0.9545,,requires predict_proba,,requires predict_proba,,0.23400000000037835,success,
llsvm,sar-pi0.5-scalemid,119,"{""alpha"": 2.0, ""beta"": 1.0, ""early_stopping"": true, ""fit_intercept"": true, ""gamma"": 10.0, ""intercept_scale"": 10.0, ""learning_rate"": 5e-06, ""max_epochs"": 3000, ""min_epochs"": 200, ""n_batches"": 20, ""patience"": 100, ""reg_lambda"": 1.0, ""shuffle"": true, ""squash_scale"": 10.0, ""tol"": 0.0005}",linear,0.5,0.5,0.5,True,0,,,,,,643,,0.464,False,-0.17479389106636034,0.9734693877551021,1.0,0.998259,0.959,0.9574688796680498,0.7013245033112583,0.9983120578084421,0.9590000000000001,,requires predict_proba,,requires predict_proba,,0.6560000000026776,success,
