algorithm,scenario,seed,params,mechanism,class_prior,label_frequency,real_h,pi_h_well_conditioned,warning_count,diag_converged,diag_n_iter,diag_c_estimate,diag_cond_number,diag_correction_fraction,diag_n_epochs,diag_n_acs_iter,pred_positive_rate,degenerate_prediction,pu_zero_one_risk,pu_recall,pu_estimated_precision,pu_auc_roc,pu_accuracy,pu_f1,pu_negative_rate,average_precision,balanced_accuracy,brier_score,brier_score_unavailable_reason,expected_calibration_error,expected_calibration_error_unavailable_reason,ece_buckets_api,elapsed_seconds,status,failure_reason
llsvm,scar-pi0.1-scalesmall,100,"{""alpha"": 2.0, ""beta"": 1.0, ""early_stopping"": true, ""fit_intercept"": true, ""gamma"": 10.0, ""intercept_scale"": 10.0, ""learning_rate"": 1e-05, ""max_epochs"": 3000, ""min_epochs"": 200, ""n_batches"": 20, ""patience"": 100, ""reg_lambda"": 0.1, ""shuffle"": true, ""squash_scale"": 10.0, ""tol"": 0.0005}",scar,0.1,0.5,0.5,True,0,,,,,,908,,0.065,False,0.010429617350462758,0.631578947368421,0.97165991902834,0.98375,0.965,0.7878787878787878,0.963254593175853,0.961900514601716,0.825,,requires predict_proba,,requires predict_proba,,0.6719999999986612,success,
llsvm,scar-pi0.1-scalesmall,101,"{""alpha"": 2.0, ""beta"": 1.0, ""early_stopping"": true, ""fit_intercept"": true, ""gamma"": 10.0, ""intercept_scale"": 10.0, ""learning_rate"": 1e-05, ""max_epochs"": 3000, ""min_epochs"": 200, ""n_batches"": 20, ""patience"": 100, ""reg_lambda"": 0.1, ""shuffle"": true, ""squash_scale"": 10.0, ""tol"": 0.0005}",scar,0.1,0.5,0.5,True,0,,,,,,1315,,0.0625,False,-0.026759744037230956,0.7777777777777778,1.0,0.9965972222222221,0.9625,0.7692307692307693,0.9712041884816754,0.9730911805275461,0.8125,,requires predict_proba,,requires predict_proba,,0.9680000000007567,success,
llsvm,scar-pi0.1-scalesmall,102,"{""alpha"": 2.0, ""beta"": 1.0, ""early_stopping"": true, ""fit_intercept"": true, ""gamma"": 10.0, ""intercept_scale"": 10.0, ""learning_rate"": 1e-05, ""max_epochs"": 3000, ""min_epochs"": 200, ""n_batches"": 20, ""patience"": 100, ""reg_lambda"": 0.1, ""shuffle"": true, ""squash_scale"": 10.0, ""tol"": 0.0005}",scar,0.1,0.5,0.5,True,0,,,,,,976,,0.08,False,-0.010164593541902259,0.7619047619047619,0.9523809523809524,0.9866666666666667,0.97,0.8333333333333334,0.9577836411609498,0.9347241087178677,0.8722222222222222,,requires predict_proba,,requires predict_proba,,0.7190000000009604,success,
llsvm,scar-pi0.1-scalesmall,103,"{""alpha"": 2.0, ""beta"": 1.0, ""early_stopping"": true, ""fit_intercept"": true, ""gamma"": 10.0, ""intercept_scale"": 10.0, ""learning_rate"": 1e-05, ""max_epochs"": 3000, ""min_epochs"": 200, ""n_batches"": 20, ""patience"": 100, ""reg_lambda"": 0.1, ""shuffle"": true, ""squash_scale"": 10.0, ""tol"": 0.0005}",scar,0.1,0.5,0.5,True,0,,,,,,1602,,0.07,False,-0.027999999999999997,0.76,1.0,0.9954166666666666,0.97,0.8235294117647058,0.976,0.967909917318803,0.85,,requires predict_proba,,requires predict_proba,,1.2029999999977008,success,
llsvm,scar-pi0.1-scalesmall,104,"{""alpha"": 2.0, ""beta"": 1.0, ""early_stopping"": true, ""fit_intercept"": true, ""gamma"": 10.0, ""intercept_scale"": 10.0, ""learning_rate"": 1e-05, ""max_epochs"": 3000, ""min_epochs"": 200, ""n_batches"": 20, ""patience"": 100, ""reg_lambda"": 0.1, ""shuffle"": true, ""squash_scale"": 10.0, ""tol"": 0.0005}",scar,0.1,0.5,0.5,True,0,,,,,,974,,0.0775,False,-0.020000000000000004,0.76,0.9806451612903228,0.9998611111111111,0.9775,0.8732394366197183,0.968,0.998765243902439,0.8875,,requires predict_proba,,requires predict_proba,,0.7340000000003783,success,
llsvm,scar-pi0.1-scalesmall,105,"{""alpha"": 2.0, ""beta"": 1.0, ""early_stopping"": true, ""fit_intercept"": true, ""gamma"": 10.0, ""intercept_scale"": 10.0, ""learning_rate"": 1e-05, ""max_epochs"": 3000, ""min_epochs"": 200, ""n_batches"": 20, ""patience"": 100, ""reg_lambda"": 0.1, ""shuffle"": true, ""squash_scale"": 10.0, ""tol"": 0.0005}",scar,0.1,0.5,0.5,True,0,,,,,,696,,0.065,False,0.009333333333333346,0.6,0.923076923076923,0.9987499999999999,0.965,0.7878787878787878,0.9706666666666667,0.9889315372436849,0.825,,requires predict_proba,,requires predict_proba,,0.5309999999990396,success,
llsvm,scar-pi0.1-scalesmall,106,"{""alpha"": 2.0, ""beta"": 1.0, ""early_stopping"": true, ""fit_intercept"": true, ""gamma"": 10.0, ""intercept_scale"": 10.0, ""learning_rate"": 1e-05, ""max_epochs"": 3000, ""min_epochs"": 200, ""n_batches"": 20, ""patience"": 100, ""reg_lambda"": 0.1, ""shuffle"": true, ""squash_scale"": 10.0, ""tol"": 0.0005}",scar,0.1,0.5,0.5,True,0,,,,,,2005,,0.0625,False,-0.01105263157894737,0.7,1.0,0.9922222222222222,0.9625,0.7692307692307693,0.9710526315789474,0.9380008416205258,0.8125,,requires predict_proba,,requires predict_proba,,1.4689999999973224,success,
llsvm,scar-pi0.1-scalesmall,107,"{""alpha"": 2.0, ""beta"": 1.0, ""early_stopping"": true, ""fit_intercept"": true, ""gamma"": 10.0, ""intercept_scale"": 10.0, ""learning_rate"": 1e-05, ""max_epochs"": 3000, ""min_epochs"": 200, ""n_batches"": 20, ""patience"": 100, ""reg_lambda"": 0.1, ""shuffle"": true, ""squash_scale"": 10.0, ""tol"": 0.0005}",scar,0.1,0.5,0.5,True,0,,,,,,1563,,0.0525,False,0.003955788248981962,0.6111111111111112,1.0,0.9810416666666667,0.9525,0.6885245901639344,0.9738219895287958,0.9444489591788674,0.7625,,requires predict_proba,,requires predict_proba,,1.139999999999418,success,
llsvm,scar-pi0.1-scalesmall,108,"{""alpha"": 2.0, ""beta"": 1.0, ""early_stopping"": true, ""fit_intercept"": true, ""gamma"": 10.0, ""intercept_scale"": 10.0, ""learning_rate"": 1e-05, ""max_epochs"": 3000, ""min_epochs"": 200, ""n_batches"": 20, ""patience"": 100, ""reg_lambda"": 0.1, ""shuffle"": true, ""squash_scale"": 10.0, ""tol"": 0.0005}",scar,0.1,0.5,0.5,True,0,,,,,,1760,,0.0675,False,-0.01635401635401637,0.7272727272727273,1.0,0.9975694444444444,0.9675,0.8059701492537313,0.9708994708994709,0.981589939202652,0.8375,,requires predict_proba,,requires predict_proba,,1.3130000000019209,success,
llsvm,scar-pi0.1-scalesmall,109,"{""alpha"": 2.0, ""beta"": 1.0, ""early_stopping"": true, ""fit_intercept"": true, ""gamma"": 10.0, ""intercept_scale"": 10.0, ""learning_rate"": 1e-05, ""max_epochs"": 3000, ""min_epochs"": 200, ""n_batches"": 20, ""patience"": 100, ""reg_lambda"": 0.1, ""shuffle"": true, ""squash_scale"": 10.0, ""tol"": 0.0005}",scar,0.1,0.5,0.5,True,0,,,,,,3000,,0.045,False,-0.025510674243587772,0.7058823529411765,1.0,0.9746527777777777,0.945,0.6206896551724138,0.9843342036553525,0.8941311502229774,0.725,,requires predict_proba,,requires predict_proba,,2.1719999999986612,success,
llsvm,scar-pi0.1-scalesmall,110,"{""alpha"": 2.0, ""beta"": 1.0, ""early_stopping"": true, ""fit_intercept"": true, ""gamma"": 10.0, ""intercept_scale"": 10.0, ""learning_rate"": 1e-05, ""max_epochs"": 3000, ""min_epochs"": 200, ""n_batches"": 20, ""patience"": 100, ""reg_lambda"": 0.1, ""shuffle"": true, ""squash_scale"": 10.0, ""tol"": 0.0005}",scar,0.1,0.5,0.5,True,0,,,,,,2763,,0.075,False,-0.04546850998463901,0.8214285714285714,1.0,0.9997916666666666,0.975,0.8571428571428571,0.9811827956989247,0.9981845238095237,0.875,,requires predict_proba,,requires predict_proba,,2.0940000000009604,success,
llsvm,scar-pi0.1-scalesmall,111,"{""alpha"": 2.0, ""beta"": 1.0, ""early_stopping"": true, ""fit_intercept"": true, ""gamma"": 10.0, ""intercept_scale"": 10.0, ""learning_rate"": 1e-05, ""max_epochs"": 3000, ""min_epochs"": 200, ""n_batches"": 20, ""patience"": 100, ""reg_lambda"": 0.1, ""shuffle"": true, ""squash_scale"": 10.0, ""tol"": 0.0005}",scar,0.1,0.5,0.5,True,0,,,,,,1859,,0.0575,False,-0.0237463738085371,0.7368421052631579,1.0,0.9963888888888889,0.9575,0.7301587301587301,0.9763779527559056,0.9731117415756793,0.7875,,requires predict_proba,,requires predict_proba,,1.360000000000582,success,
llsvm,scar-pi0.1-scalesmall,112,"{""alpha"": 2.0, ""beta"": 1.0, ""early_stopping"": true, ""fit_intercept"": true, ""gamma"": 10.0, ""intercept_scale"": 10.0, ""learning_rate"": 1e-05, ""max_epochs"": 3000, ""min_epochs"": 200, ""n_batches"": 20, ""patience"": 100, ""reg_lambda"": 0.1, ""shuffle"": true, ""squash_scale"": 10.0, ""tol"": 0.0005}",scar,0.1,0.5,0.5,True,0,,,,,,1511,,0.08,False,-0.01733333333333334,0.76,0.9500000000000002,0.9940277777777777,0.975,0.8611111111111112,0.9653333333333334,0.9575289521085553,0.8861111111111111,,requires predict_proba,,requires predict_proba,,1.125,success,
llsvm,scar-pi0.1-scalesmall,113,"{""alpha"": 2.0, ""beta"": 1.0, ""early_stopping"": true, ""fit_intercept"": true, ""gamma"": 10.0, ""intercept_scale"": 10.0, ""learning_rate"": 1e-05, ""max_epochs"": 3000, ""min_epochs"": 200, ""n_batches"": 20, ""patience"": 100, ""reg_lambda"": 0.1, ""shuffle"": true, ""squash_scale"": 10.0, ""tol"": 0.0005}",scar,0.1,0.5,0.5,True,0,,,,,,1411,,0.0625,False,0.001827801827801831,0.6363636363636364,1.0,0.9980555555555556,0.9625,0.7692307692307693,0.9708994708994709,0.9888854895104895,0.8125,,requires predict_proba,,requires predict_proba,,1.0470000000022992,success,
llsvm,scar-pi0.1-scalesmall,114,"{""alpha"": 2.0, ""beta"": 1.0, ""early_stopping"": true, ""fit_intercept"": true, ""gamma"": 10.0, ""intercept_scale"": 10.0, ""learning_rate"": 1e-05, ""max_epochs"": 3000, ""min_epochs"": 200, ""n_batches"": 20, ""patience"": 100, ""reg_lambda"": 0.1, ""shuffle"": true, ""squash_scale"": 10.0, ""tol"": 0.0005}",scar,0.1,0.5,0.5,True,0,,,,,,589,,0.065,False,0.023580605055946946,0.5789473684210527,0.8906882591093118,0.996388888888889,0.965,0.7878787878787878,0.9606299212598425,0.9753281486054874,0.825,,requires predict_proba,,requires predict_proba,,0.4379999999982829,success,
llsvm,scar-pi0.1-scalesmall,115,"{""alpha"": 2.0, ""beta"": 1.0, ""early_stopping"": true, ""fit_intercept"": true, ""gamma"": 10.0, ""intercept_scale"": 10.0, ""learning_rate"": 1e-05, ""max_epochs"": 3000, ""min_epochs"": 200, ""n_batches"": 20, ""patience"": 100, ""reg_lambda"": 0.1, ""shuffle"": true, ""squash_scale"": 10.0, ""tol"": 0.0005}",scar,0.1,0.5,0.5,True,0,,,,,,2455,,0.0325,False,0.04768852710797114,0.35294117647058826,1.0,0.9961111111111112,0.9325,0.49056603773584906,0.9817232375979112,0.9695100240030581,0.6625,,requires predict_proba,,requires predict_proba,,1.7970000000022992,success,
llsvm,scar-pi0.1-scalesmall,116,"{""alpha"": 2.0, ""beta"": 1.0, ""early_stopping"": true, ""fit_intercept"": true, ""gamma"": 10.0, ""intercept_scale"": 10.0, ""learning_rate"": 1e-05, ""max_epochs"": 3000, ""min_epochs"": 200, ""n_batches"": 20, ""patience"": 100, ""reg_lambda"": 0.1, ""shuffle"": true, ""squash_scale"": 10.0, ""tol"": 0.0005}",scar,0.1,0.5,0.5,True,0,,,,,,964,,0.06,False,0.004786068504209429,0.6086956521739131,1.0,0.9986805555555556,0.96,0.75,0.9734748010610079,0.989563099029917,0.8,,requires predict_proba,,requires predict_proba,,0.7189999999973224,success,
llsvm,scar-pi0.1-scalesmall,117,"{""alpha"": 2.0, ""beta"": 1.0, ""early_stopping"": true, ""fit_intercept"": true, ""gamma"": 10.0, ""intercept_scale"": 10.0, ""learning_rate"": 1e-05, ""max_epochs"": 3000, ""min_epochs"": 200, ""n_batches"": 20, ""patience"": 100, ""reg_lambda"": 0.1, ""shuffle"": true, ""squash_scale"": 10.0, ""tol"": 0.0005}",scar,0.1,0.5,0.5,True,0,,,,,,1661,,0.0525,False,-0.002693742229589735,0.631578947368421,1.0,0.9942361111111111,0.9525,0.6885245901639344,0.9763779527559056,0.9607028328615868,0.7625,,requires predict_proba,,requires predict_proba,,1.2190000000009604,success,
llsvm,scar-pi0.1-scalesmall,118,"{""alpha"": 2.0, ""beta"": 1.0, ""early_stopping"": true, ""fit_intercept"": true, ""gamma"": 10.0, ""intercept_scale"": 10.0, ""learning_rate"": 1e-05, ""max_epochs"": 3000, ""min_epochs"": 200, ""n_batches"": 20, ""patience"": 100, ""reg_lambda"": 0.1, ""shuffle"": true, ""squash_scale"": 10.0, ""tol"": 0.0005}",scar,0.1,0.5,0.5,True,0,,,,,,577,,0.06,False,-0.0010526315789473883,0.65,1.0,0.9990972222222222,0.96,0.75,0.9710526315789474,0.9922682695324072,0.8,,requires predict_proba,,requires predict_proba,,0.4370000000017171,success,
llsvm,scar-pi0.1-scalesmall,119,"{""alpha"": 2.0, ""beta"": 1.0, ""early_stopping"": true, ""fit_intercept"": true, ""gamma"": 10.0, ""intercept_scale"": 10.0, ""learning_rate"": 1e-05, ""max_epochs"": 3000, ""min_epochs"": 200, ""n_batches"": 20, ""patience"": 100, ""reg_lambda"": 0.1, ""shuffle"": true, ""squash_scale"": 10.0, ""tol"": 0.0005}",scar,0.1,0.5,0.5,True,0,,,,,,1176,,0.035,False,0.07264069264069264,0.26666666666666666,0.7619047619047619,0.9944444444444445,0.935,0.5185185185185185,0.974025974025974,0.9758440089525615,0.675,,requires predict_proba,,requires predict_proba,,0.8590000000003783,success,
llsvm,scar-pi0.1-scalemid,100,"{""alpha"": 2.0, ""beta"": 1.0, ""early_stopping"": true, ""fit_intercept"": true, ""gamma"": 10.0, ""intercept_scale"": 10.0, ""learning_rate"": 1e-05, ""max_epochs"": 3000, ""min_epochs"": 200, ""n_batches"": 20, ""patience"": 100, ""reg_lambda"": 0.1, ""shuffle"": true, ""squash_scale"": 10.0, ""tol"": 0.0005}",scar,0.1,0.5,0.5,True,0,,,,,,1489,,0.096,False,-0.04623498864005194,0.9711538461538461,1.0,0.9982722222222222,0.994,0.9693877551020408,0.9520042194092827,0.9895508561744262,0.9744444444444444,,requires predict_proba,,requires predict_proba,,1.3909999999996217,success,
llsvm,scar-pi0.1-scalemid,101,"{""alpha"": 2.0, ""beta"": 1.0, ""early_stopping"": true, ""fit_intercept"": true, ""gamma"": 10.0, ""intercept_scale"": 10.0, ""learning_rate"": 1e-05, ""max_epochs"": 3000, ""min_epochs"": 200, ""n_batches"": 20, ""patience"": 100, ""reg_lambda"": 0.1, ""shuffle"": true, ""squash_scale"": 10.0, ""tol"": 0.0005}",scar,0.1,0.5,0.5,True,0,,,,,,2170,,0.099,False,-0.037478511308075294,0.9680851063829787,0.9778637438211906,0.9991472222222222,0.993,0.964824120603015,0.9438614900314796,0.9936330622020249,0.9783333333333333,,requires predict_proba,,requires predict_proba,,2.014999999999418,success,
llsvm,scar-pi0.1-scalemid,102,"{""alpha"": 2.0, ""beta"": 1.0, ""early_stopping"": true, ""fit_intercept"": true, ""gamma"": 10.0, ""intercept_scale"": 10.0, ""learning_rate"": 1e-05, ""max_epochs"": 3000, ""min_epochs"": 200, ""n_batches"": 20, ""patience"": 100, ""reg_lambda"": 0.1, ""shuffle"": true, ""squash_scale"": 10.0, ""tol"": 0.0005}",scar,0.1,0.5,0.5,True,0,,,,,,1416,,0.1045,False,-0.03236773774748458,0.9519230769230769,0.9109311740890688,0.999161111111111,0.9885,0.9437652811735942,0.9419831223628692,0.993042477721438,0.9780555555555556,,requires predict_proba,,requires predict_proba,,1.3440000000009604,success,
llsvm,scar-pi0.1-scalemid,103,"{""alpha"": 2.0, ""beta"": 1.0, ""early_stopping"": true, ""fit_intercept"": true, ""gamma"": 10.0, ""intercept_scale"": 10.0, ""learning_rate"": 1e-05, ""max_epochs"": 3000, ""min_epochs"": 200, ""n_batches"": 20, ""patience"": 100, ""reg_lambda"": 0.1, ""shuffle"": true, ""squash_scale"": 10.0, ""tol"": 0.0005}",scar,0.1,0.5,0.5,True,0,,,,,,1572,,0.0935,False,-0.0422062012720807,0.9357798165137615,1.0,0.9989222222222223,0.9925,0.9612403100775194,0.9550502379693284,0.9947751517761068,0.9647222222222223,,requires predict_proba,,requires predict_proba,,1.4839999999967404,success,
llsvm,scar-pi0.1-scalemid,104,"{""alpha"": 2.0, ""beta"": 1.0, ""early_stopping"": true, ""fit_intercept"": true, ""gamma"": 10.0, ""intercept_scale"": 10.0, ""learning_rate"": 1e-05, ""max_epochs"": 3000, ""min_epochs"": 200, ""n_batches"": 20, ""patience"": 100, ""reg_lambda"": 0.1, ""shuffle"": true, ""squash_scale"": 10.0, ""tol"": 0.0005}",scar,0.1,0.5,0.5,True,0,,,,,,635,,0.0915,False,-0.03560808839711144,0.912621359223301,0.9974003925937717,0.9987972222222222,0.9895,0.9451697127937336,0.9530838165524512,0.9918349818732268,0.9519444444444445,,requires predict_proba,,requires predict_proba,,0.6100000000005821,success,
llsvm,scar-pi0.1-scalemid,105,"{""alpha"": 2.0, ""beta"": 1.0, ""early_stopping"": true, ""fit_intercept"": true, ""gamma"": 10.0, ""intercept_scale"": 10.0, ""learning_rate"": 1e-05, ""max_epochs"": 3000, ""min_epochs"": 200, ""n_batches"": 20, ""patience"": 100, ""reg_lambda"": 0.1, ""shuffle"": true, ""squash_scale"": 10.0, ""tol"": 0.0005}",scar,0.1,0.5,0.5,True,0,,,,,,693,,0.0905,False,-0.0254682120518413,0.896551724137931,0.9906648885502002,0.9992138888888888,0.9885,0.9396325459317585,0.9461578672242551,0.9936298869487159,0.9469444444444445,,requires predict_proba,,requires predict_proba,,0.6399999999994179,success,
llsvm,scar-pi0.1-scalemid,106,"{""alpha"": 2.0, ""beta"": 1.0, ""early_stopping"": true, ""fit_intercept"": true, ""gamma"": 10.0, ""intercept_scale"": 10.0, ""learning_rate"": 1e-05, ""max_epochs"": 3000, ""min_epochs"": 200, ""n_batches"": 20, ""patience"": 100, ""reg_lambda"": 0.1, ""shuffle"": true, ""squash_scale"": 10.0, ""tol"": 0.0005}",scar,0.1,0.5,0.5,True,0,,,,,,1770,,0.096,False,-0.04851063829787235,0.95,0.9895833333333334,0.99845,0.988,0.9387755102040817,0.9585106382978723,0.9865953670978482,0.9577777777777778,,requires predict_proba,,requires predict_proba,,1.625,success,
llsvm,scar-pi0.1-scalemid,107,"{""alpha"": 2.0, ""beta"": 1.0, ""early_stopping"": true, ""fit_intercept"": true, ""gamma"": 10.0, ""intercept_scale"": 10.0, ""learning_rate"": 1e-05, ""max_epochs"": 3000, ""min_epochs"": 200, ""n_batches"": 20, ""patience"": 100, ""reg_lambda"": 0.1, ""shuffle"": true, ""squash_scale"": 10.0, ""tol"": 0.0005}",scar,0.1,0.5,0.5,True,0,,,,,,721,,0.0915,False,-0.03278276981929032,0.8962264150943396,0.9794824208681309,0.9988277777777779,0.9895,0.9451697127937336,0.9535374868004224,0.9913695453906364,0.9519444444444445,,requires predict_proba,,requires predict_proba,,0.6719999999986612,success,
llsvm,scar-pi0.1-scalemid,108,"{""alpha"": 2.0, ""beta"": 1.0, ""early_stopping"": true, ""fit_intercept"": true, ""gamma"": 10.0, ""intercept_scale"": 10.0, ""learning_rate"": 1e-05, ""max_epochs"": 3000, ""min_epochs"": 200, ""n_batches"": 20, ""patience"": 100, ""reg_lambda"": 0.1, ""shuffle"": true, ""squash_scale"": 10.0, ""tol"": 0.0005}",scar,0.1,0.5,0.5,True,0,,,,,,1271,,0.0945,False,-0.03895946456462045,0.956989247311828,1.0,0.9992611111111112,0.9925,0.961439588688946,0.9475616151022549,0.9942187555614731,0.9669444444444445,,requires predict_proba,,requires predict_proba,,1.1870000000017171,success,
llsvm,scar-pi0.1-scalemid,109,"{""alpha"": 2.0, ""beta"": 1.0, ""early_stopping"": true, ""fit_intercept"": true, ""gamma"": 10.0, ""intercept_scale"": 10.0, ""learning_rate"": 1e-05, ""max_epochs"": 3000, ""min_epochs"": 200, ""n_batches"": 20, ""patience"": 100, ""reg_lambda"": 0.1, ""shuffle"": true, ""squash_scale"": 10.0, ""tol"": 0.0005}",scar,0.1,0.5,0.5,True,0,,,,,,1454,,0.1005,False,-0.03835626582934669,0.9532710280373832,0.948528386106849,0.9976055555555555,0.9865,0.9326683291770573,0.9477020602218701,0.9828043136200675,0.9636111111111112,,requires predict_proba,,requires predict_proba,,1.389999999999418,success,
llsvm,scar-pi0.1-scalemid,110,"{""alpha"": 2.0, ""beta"": 1.0, ""early_stopping"": true, ""fit_intercept"": true, ""gamma"": 10.0, ""intercept_scale"": 10.0, ""learning_rate"": 1e-05, ""max_epochs"": 3000, ""min_epochs"": 200, ""n_batches"": 20, ""patience"": 100, ""reg_lambda"": 0.1, ""shuffle"": true, ""squash_scale"": 10.0, ""tol"": 0.0005}",scar,0.1,0.5,0.5,True,0,,,,,,1602,,0.0915,False,-0.030065913201266586,0.9195402298850575,1.0,0.9983333333333333,0.9905,0.9503916449086162,0.9461578672242551,0.9907680510589485,0.9547222222222222,,requires predict_proba,,requires predict_proba,,1.4690000000009604,success,
llsvm,scar-pi0.1-scalemid,111,"{""alpha"": 2.0, ""beta"": 1.0, ""early_stopping"": true, ""fit_intercept"": true, ""gamma"": 10.0, ""intercept_scale"": 10.0, ""learning_rate"": 1e-05, ""max_epochs"": 3000, ""min_epochs"": 200, ""n_batches"": 20, ""patience"": 100, ""reg_lambda"": 0.1, ""shuffle"": true, ""squash_scale"": 10.0, ""tol"": 0.0005}",scar,0.1,0.5,0.5,True,0,,,,,,1251,,0.098,False,-0.037384093479080296,0.9428571428571428,0.9620991253644315,0.9991,0.992,0.9595959595959596,0.9488126649076517,0.9928148139079048,0.9733333333333334,,requires predict_proba,,requires predict_proba,,1.1719999999986612,success,
llsvm,scar-pi0.1-scalemid,112,"{""alpha"": 2.0, ""beta"": 1.0, ""early_stopping"": true, ""fit_intercept"": true, ""gamma"": 10.0, ""intercept_scale"": 10.0, ""learning_rate"": 1e-05, ""max_epochs"": 3000, ""min_epochs"": 200, ""n_batches"": 20, ""patience"": 100, ""reg_lambda"": 0.1, ""shuffle"": true, ""squash_scale"": 10.0, ""tol"": 0.0005}",scar,0.1,0.5,0.5,True,0,,,,,,1257,,0.094,False,-0.03663887715785796,0.9306930693069307,0.9900990099009902,0.9993472222222223,0.993,0.9639175257731959,0.9505002632964719,0.9950583893673633,0.9672222222222222,,requires predict_proba,,requires predict_proba,,1.1870000000017171,success,
llsvm,scar-pi0.1-scalemid,113,"{""alpha"": 2.0, ""beta"": 1.0, ""early_stopping"": true, ""fit_intercept"": true, ""gamma"": 10.0, ""intercept_scale"": 10.0, ""learning_rate"": 1e-05, ""max_epochs"": 3000, ""min_epochs"": 200, ""n_batches"": 20, ""patience"": 100, ""reg_lambda"": 0.1, ""shuffle"": true, ""squash_scale"": 10.0, ""tol"": 0.0005}",scar,0.1,0.5,0.5,True,0,,,,,,740,,0.095,False,-0.03191805149674243,0.912621359223301,0.9606540623403169,0.9988972222222222,0.992,0.958974358974359,0.9493937796520823,0.9909582661269261,0.9666666666666667,,requires predict_proba,,requires predict_proba,,0.6869999999980791,success,
llsvm,scar-pi0.1-scalemid,114,"{""alpha"": 2.0, ""beta"": 1.0, ""early_stopping"": true, ""fit_intercept"": true, ""gamma"": 10.0, ""intercept_scale"": 10.0, ""learning_rate"": 1e-05, ""max_epochs"": 3000, ""min_epochs"": 200, ""n_batches"": 20, ""patience"": 100, ""reg_lambda"": 0.1, ""shuffle"": true, ""squash_scale"": 10.0, ""tol"": 0.0005}",scar,0.1,0.5,0.5,True,0,,,,,,1122,,0.0955,False,-0.04949866325331009,0.9572649572649573,1.0,0.9989944444444444,0.9935,0.9667519181585678,0.9580456718003186,0.9893351738393814,0.9719444444444445,,requires predict_proba,,requires predict_proba,,1.0309999999990396,success,
llsvm,scar-pi0.1-scalemid,115,"{""alpha"": 2.0, ""beta"": 1.0, ""early_stopping"": true, ""fit_intercept"": true, ""gamma"": 10.0, ""intercept_scale"": 10.0, ""learning_rate"": 1e-05, ""max_epochs"": 3000, ""min_epochs"": 200, ""n_batches"": 20, ""patience"": 100, ""reg_lambda"": 0.1, ""shuffle"": true, ""squash_scale"": 10.0, ""tol"": 0.0005}",scar,0.1,0.5,0.5,True,0,,,,,,1258,,0.0965,False,-0.04258236197303396,0.9532710280373832,0.9878456249092054,0.9983638888888889,0.9895,0.9465648854961832,0.9519281563655573,0.9879170200976709,0.9630555555555556,,requires predict_proba,,requires predict_proba,,1.1719999999986612,success,
llsvm,scar-pi0.1-scalemid,116,"{""alpha"": 2.0, ""beta"": 1.0, ""early_stopping"": true, ""fit_intercept"": true, ""gamma"": 10.0, ""intercept_scale"": 10.0, ""learning_rate"": 1e-05, ""max_epochs"": 3000, ""min_epochs"": 200, ""n_batches"": 20, ""patience"": 100, ""reg_lambda"": 0.1, ""shuffle"": true, ""squash_scale"": 10.0, ""tol"": 0.0005}",scar,0.1,0.5,0.5,True,0,,,,,,724,,0.0915,False,-0.03798904351245225,0.9292929292929293,1.0,0.9995583333333333,0.9895,0.9451697127937336,0.9521304576538664,0.9961163932015688,0.9519444444444445,,requires predict_proba,,requires predict_proba,,0.6719999999986612,success,
llsvm,scar-pi0.1-scalemid,117,"{""alpha"": 2.0, ""beta"": 1.0, ""early_stopping"": true, ""fit_intercept"": true, ""gamma"": 10.0, ""intercept_scale"": 10.0, ""learning_rate"": 1e-05, ""max_epochs"": 3000, ""min_epochs"": 200, ""n_batches"": 20, ""patience"": 100, ""reg_lambda"": 0.1, ""shuffle"": true, ""squash_scale"": 10.0, ""tol"": 0.0005}",scar,0.1,0.5,0.5,True,0,,,,,,682,,0.0945,False,-0.030956547177273003,0.9175257731958762,0.9709267441226205,0.9984916666666667,0.9865,0.9305912596401028,0.9474513925380977,0.9873784962716062,0.9502777777777778,,requires predict_proba,,requires predict_proba,,0.6560000000026776,success,
llsvm,scar-pi0.1-scalemid,118,"{""alpha"": 2.0, ""beta"": 1.0, ""early_stopping"": true, ""fit_intercept"": true, ""gamma"": 10.0, ""intercept_scale"": 10.0, ""learning_rate"": 1e-05, ""max_epochs"": 3000, ""min_epochs"": 200, ""n_batches"": 20, ""patience"": 100, ""reg_lambda"": 0.1, ""shuffle"": true, ""squash_scale"": 10.0, ""tol"": 0.0005}",scar,0.1,0.5,0.5,True,0,,,,,,372,,0.093,False,-0.04143333111555804,0.941747572815534,1.0,0.9995694444444445,0.991,0.9533678756476683,0.9530838165524512,0.9961387023660137,0.9594444444444445,,requires predict_proba,,requires predict_proba,,0.35899999999674037,success,
llsvm,scar-pi0.1-scalemid,119,"{""alpha"": 2.0, ""beta"": 1.0, ""early_stopping"": true, ""fit_intercept"": true, ""gamma"": 10.0, ""intercept_scale"": 10.0, ""learning_rate"": 1e-05, ""max_epochs"": 3000, ""min_epochs"": 200, ""n_batches"": 20, ""patience"": 100, ""reg_lambda"": 0.1, ""shuffle"": true, ""squash_scale"": 10.0, ""tol"": 0.0005}",scar,0.1,0.5,0.5,True,0,,,,,,879,,0.092,False,-0.03486945710733527,0.9263157894736842,1.0,0.9980111111111112,0.989,0.9427083333333334,0.9496062992125984,0.9871086068426937,0.9516666666666667,,requires predict_proba,,requires predict_proba,,0.8129999999982829,success,
llsvm,scar-pi0.3-scalesmall,100,"{""alpha"": 2.0, ""beta"": 1.0, ""early_stopping"": true, ""fit_intercept"": true, ""gamma"": 10.0, ""intercept_scale"": 10.0, ""learning_rate"": 1e-05, ""max_epochs"": 3000, ""min_epochs"": 200, ""n_batches"": 20, ""patience"": 100, ""reg_lambda"": 0.1, ""shuffle"": true, ""squash_scale"": 10.0, ""tol"": 0.0005}",scar,0.3,0.5,0.5,True,0,,,,,,813,,0.2125,False,0.017785843920145206,0.6896551724137931,0.973630831643002,0.9975595238095238,0.9125,0.8292682926829268,0.868421052631579,0.9947265689489458,0.8541666666666667,,requires predict_proba,,requires predict_proba,,0.6399999999994179,success,
llsvm,scar-pi0.3-scalesmall,101,"{""alpha"": 2.0, ""beta"": 1.0, ""early_stopping"": true, ""fit_intercept"": true, ""gamma"": 10.0, ""intercept_scale"": 10.0, ""learning_rate"": 1e-05, ""max_epochs"": 3000, ""min_epochs"": 200, ""n_batches"": 20, ""patience"": 100, ""reg_lambda"": 0.1, ""shuffle"": true, ""squash_scale"": 10.0, ""tol"": 0.0005}",scar,0.3,0.5,0.5,True,0,,,,,,858,,0.2025,False,-0.005294117647058838,0.7,1.0,0.9925297619047618,0.8975,0.7960199004975125,0.8852941176470588,0.9846944640509838,0.831547619047619,,requires predict_proba,,requires predict_proba,,0.6720000000022992,success,
llsvm,scar-pi0.3-scalesmall,102,"{""alpha"": 2.0, ""beta"": 1.0, ""early_stopping"": true, ""fit_intercept"": true, ""gamma"": 10.0, ""intercept_scale"": 10.0, ""learning_rate"": 1e-05, ""max_epochs"": 3000, ""min_epochs"": 200, ""n_batches"": 20, ""patience"": 100, ""reg_lambda"": 0.1, ""shuffle"": true, ""squash_scale"": 10.0, ""tol"": 0.0005}",scar,0.3,0.5,0.5,True,0,,,,,,425,,0.235,False,0.006350461133069862,0.7454545454545455,0.9516441005802708,0.989077380952381,0.935,0.8785046728971962,0.8463768115942029,0.9795933309714675,0.8916666666666666,,requires predict_proba,,requires predict_proba,,0.34399999999732245,success,
llsvm,scar-pi0.3-scalesmall,103,"{""alpha"": 2.0, ""beta"": 1.0, ""early_stopping"": true, ""fit_intercept"": true, ""gamma"": 10.0, ""intercept_scale"": 10.0, ""learning_rate"": 1e-05, ""max_epochs"": 3000, ""min_epochs"": 200, ""n_batches"": 20, ""patience"": 100, ""reg_lambda"": 0.1, ""shuffle"": true, ""squash_scale"": 10.0, ""tol"": 0.0005}",scar,0.3,0.5,0.5,True,0,,,,,,1213,,0.2275,False,-0.06949954026008143,0.7971014492753623,1.0,0.996875,0.9275,0.8625592417061612,0.8912386706948641,0.9939646651984115,0.8791666666666667,,requires predict_proba,,requires predict_proba,,1.0,success,
llsvm,scar-pi0.3-scalesmall,104,"{""alpha"": 2.0, ""beta"": 1.0, ""early_stopping"": true, ""fit_intercept"": true, ""gamma"": 10.0, ""intercept_scale"": 10.0, ""learning_rate"": 1e-05, ""max_epochs"": 3000, ""min_epochs"": 200, ""n_batches"": 20, ""patience"": 100, ""reg_lambda"": 0.1, ""shuffle"": true, ""squash_scale"": 10.0, ""tol"": 0.0005}",scar,0.3,0.5,0.5,True,0,,,,,,555,,0.225,False,-0.07878300803673938,0.8153846153846154,1.0,0.9998214285714286,0.925,0.8571428571428571,0.8895522388059701,0.999584997451179,0.875,,requires predict_proba,,requires predict_proba,,0.48400000000037835,success,
llsvm,scar-pi0.3-scalesmall,105,"{""alpha"": 2.0, ""beta"": 1.0, ""early_stopping"": true, ""fit_intercept"": true, ""gamma"": 10.0, ""intercept_scale"": 10.0, ""learning_rate"": 1e-05, ""max_epochs"": 3000, ""min_epochs"": 200, ""n_batches"": 20, ""patience"": 100, ""reg_lambda"": 0.1, ""shuffle"": true, ""squash_scale"": 10.0, ""tol"": 0.0005}",scar,0.3,0.5,0.5,True,0,,,,,,556,,0.2075,False,0.0911764705882353,0.5833333333333334,0.8433734939759038,0.9991369047619048,0.9075,0.8177339901477833,0.8588235294117647,0.9981273680650378,0.8458333333333333,,requires predict_proba,,requires predict_proba,,0.5,success,
llsvm,scar-pi0.3-scalesmall,106,"{""alpha"": 2.0, ""beta"": 1.0, ""early_stopping"": true, ""fit_intercept"": true, ""gamma"": 10.0, ""intercept_scale"": 10.0, ""learning_rate"": 1e-05, ""max_epochs"": 3000, ""min_epochs"": 200, ""n_batches"": 20, ""patience"": 100, ""reg_lambda"": 0.1, ""shuffle"": true, ""squash_scale"": 10.0, ""tol"": 0.0005}",scar,0.3,0.5,0.5,True,0,,,,,,1158,,0.2125,False,-0.017140675701469765,0.7258064516129032,1.0,0.9961011904761905,0.9125,0.8292682926829268,0.8816568047337278,0.9914711512463534,0.8541666666666667,,requires predict_proba,,requires predict_proba,,0.9220000000022992,success,
llsvm,scar-pi0.3-scalesmall,107,"{""alpha"": 2.0, ""beta"": 1.0, ""early_stopping"": true, ""fit_intercept"": true, ""gamma"": 10.0, ""intercept_scale"": 10.0, ""learning_rate"": 1e-05, ""max_epochs"": 3000, ""min_epochs"": 200, ""n_batches"": 20, ""patience"": 100, ""reg_lambda"": 0.1, ""shuffle"": true, ""squash_scale"": 10.0, ""tol"": 0.0005}",scar,0.3,0.5,0.5,True,0,,,,,,669,,0.1525,False,0.04375000000000001,0.5833333333333334,1.0,0.9974404761904762,0.8525,0.6740331491712708,0.90625,0.9948063121134851,0.7541666666666667,,requires predict_proba,,requires predict_proba,,0.5309999999990396,success,
llsvm,scar-pi0.3-scalesmall,108,"{""alpha"": 2.0, ""beta"": 1.0, ""early_stopping"": true, ""fit_intercept"": true, ""gamma"": 10.0, ""intercept_scale"": 10.0, ""learning_rate"": 1e-05, ""max_epochs"": 3000, ""min_epochs"": 200, ""n_batches"": 20, ""patience"": 100, ""reg_lambda"": 0.1, ""shuffle"": true, ""squash_scale"": 10.0, ""tol"": 0.0005}",scar,0.3,0.5,0.5,True,0,,,,,,873,,0.1925,False,-0.026392572944297088,0.7307692307692307,1.0,0.9963095238095239,0.8925,0.7817258883248731,0.8879310344827587,0.992146246015263,0.8208333333333333,,requires predict_proba,,requires predict_proba,,0.6879999999982829,success,
llsvm,scar-pi0.3-scalesmall,109,"{""alpha"": 2.0, ""beta"": 1.0, ""early_stopping"": true, ""fit_intercept"": true, ""gamma"": 10.0, ""intercept_scale"": 10.0, ""learning_rate"": 1e-05, ""max_epochs"": 3000, ""min_epochs"": 200, ""n_batches"": 20, ""patience"": 100, ""reg_lambda"": 0.1, ""shuffle"": true, ""squash_scale"": 10.0, ""tol"": 0.0005}",scar,0.3,0.5,0.5,True,0,,,,,,418,,0.2475,False,-0.0723634081843037,0.835820895522388,1.0,0.9802083333333332,0.9375,0.8858447488584474,0.8708708708708709,0.9649853627052105,0.9005952380952381,,requires predict_proba,,requires predict_proba,,0.3280000000013388,success,
llsvm,scar-pi0.3-scalesmall,110,"{""alpha"": 2.0, ""beta"": 1.0, ""early_stopping"": true, ""fit_intercept"": true, ""gamma"": 10.0, ""intercept_scale"": 10.0, ""learning_rate"": 1e-05, ""max_epochs"": 3000, ""min_epochs"": 200, ""n_batches"": 20, ""patience"": 100, ""reg_lambda"": 0.1, ""shuffle"": true, ""squash_scale"": 10.0, ""tol"": 0.0005}",scar,0.3,0.5,0.5,True,0,,,,,,1134,,0.2275,False,-0.06701992369648158,0.8095238095238095,1.0,0.994970238095238,0.9275,0.8625592417061612,0.8813056379821959,0.9904130566782554,0.8791666666666667,,requires predict_proba,,requires predict_proba,,0.9059999999990396,success,
llsvm,scar-pi0.3-scalesmall,111,"{""alpha"": 2.0, ""beta"": 1.0, ""early_stopping"": true, ""fit_intercept"": true, ""gamma"": 10.0, ""intercept_scale"": 10.0, ""learning_rate"": 1e-05, ""max_epochs"": 3000, ""min_epochs"": 200, ""n_batches"": 20, ""patience"": 100, ""reg_lambda"": 0.1, ""shuffle"": true, ""squash_scale"": 10.0, ""tol"": 0.0005}",scar,0.3,0.5,0.5,True,0,,,,,,737,,0.2025,False,0.02058823529411763,0.6666666666666666,0.9876543209876542,0.9968452380952381,0.9025,0.8059701492537313,0.8794117647058823,0.9935242090894563,0.8375,,requires predict_proba,,requires predict_proba,,0.5780000000013388,success,
llsvm,scar-pi0.3-scalesmall,112,"{""alpha"": 2.0, ""beta"": 1.0, ""early_stopping"": true, ""fit_intercept"": true, ""gamma"": 10.0, ""intercept_scale"": 10.0, ""learning_rate"": 1e-05, ""max_epochs"": 3000, ""min_epochs"": 200, ""n_batches"": 20, ""patience"": 100, ""reg_lambda"": 0.1, ""shuffle"": true, ""squash_scale"": 10.0, ""tol"": 0.0005}",scar,0.3,0.5,0.5,True,0,,,,,,860,,0.2,False,0.018610421836228297,0.6612903225806451,0.9919354838709676,0.9952083333333334,0.9,0.8,0.8846153846153846,0.9892620970381706,0.8333333333333333,,requires predict_proba,,requires predict_proba,,0.6559999999990396,success,
llsvm,scar-pi0.3-scalesmall,113,"{""alpha"": 2.0, ""beta"": 1.0, ""early_stopping"": true, ""fit_intercept"": true, ""gamma"": 10.0, ""intercept_scale"": 10.0, ""learning_rate"": 1e-05, ""max_epochs"": 3000, ""min_epochs"": 200, ""n_batches"": 20, ""patience"": 100, ""reg_lambda"": 0.1, ""shuffle"": true, ""squash_scale"": 10.0, ""tol"": 0.0005}",scar,0.3,0.5,0.5,True,0,,,,,,670,,0.245,False,-0.052727272727272734,0.8,0.9795918367346939,0.999702380952381,0.945,0.8990825688073395,0.8727272727272727,0.9993305884901227,0.9083333333333333,,requires predict_proba,,requires predict_proba,,0.5310000000026776,success,
llsvm,scar-pi0.3-scalesmall,114,"{""alpha"": 2.0, ""beta"": 1.0, ""early_stopping"": true, ""fit_intercept"": true, ""gamma"": 10.0, ""intercept_scale"": 10.0, ""learning_rate"": 1e-05, ""max_epochs"": 3000, ""min_epochs"": 200, ""n_batches"": 20, ""patience"": 100, ""reg_lambda"": 0.1, ""shuffle"": true, ""squash_scale"": 10.0, ""tol"": 0.0005}",scar,0.3,0.5,0.5,True,0,,,,,,667,,0.2025,False,-0.0015191038821543712,0.7017543859649122,1.0,0.998095238095238,0.9025,0.8059701492537313,0.880466472303207,0.9957753777383352,0.8375,,requires predict_proba,,requires predict_proba,,0.5309999999990396,success,
llsvm,scar-pi0.3-scalesmall,115,"{""alpha"": 2.0, ""beta"": 1.0, ""early_stopping"": true, ""fit_intercept"": true, ""gamma"": 10.0, ""intercept_scale"": 10.0, ""learning_rate"": 1e-05, ""max_epochs"": 3000, ""min_epochs"": 200, ""n_batches"": 20, ""patience"": 100, ""reg_lambda"": 0.1, ""shuffle"": true, ""squash_scale"": 10.0, ""tol"": 0.0005}",scar,0.3,0.5,0.5,True,0,,,,,,1104,,0.1775,False,-0.03508781469196892,0.7169811320754716,1.0,0.9985416666666667,0.8775,0.743455497382199,0.9048991354466859,0.9969400275650275,0.7958333333333334,,requires predict_proba,,requires predict_proba,,0.8600000000005821,success,
llsvm,scar-pi0.3-scalesmall,116,"{""alpha"": 2.0, ""beta"": 1.0, ""early_stopping"": true, ""fit_intercept"": true, ""gamma"": 10.0, ""intercept_scale"": 10.0, ""learning_rate"": 1e-05, ""max_epochs"": 3000, ""min_epochs"": 200, ""n_batches"": 20, ""patience"": 100, ""reg_lambda"": 0.1, ""shuffle"": true, ""squash_scale"": 10.0, ""tol"": 0.0005}",scar,0.3,0.5,0.5,True,0,,,,,,513,,0.2225,False,-0.010498798926098674,0.7301587301587301,0.9844836811128944,0.999702380952381,0.9225,0.8516746411483254,0.8724035608308606,0.999314390211556,0.8708333333333333,,requires predict_proba,,requires predict_proba,,0.4219999999986612,success,
llsvm,scar-pi0.3-scalesmall,117,"{""alpha"": 2.0, ""beta"": 1.0, ""early_stopping"": true, ""fit_intercept"": true, ""gamma"": 10.0, ""intercept_scale"": 10.0, ""learning_rate"": 1e-05, ""max_epochs"": 3000, ""min_epochs"": 200, ""n_batches"": 20, ""patience"": 100, ""reg_lambda"": 0.1, ""shuffle"": true, ""squash_scale"": 10.0, ""tol"": 0.0005}",scar,0.3,0.5,0.5,True,0,,,,,,661,,0.225,False,-0.010615133369624441,0.7272727272727273,0.9696969696969696,0.998422619047619,0.925,0.8571428571428571,0.874251497005988,0.9965626035571155,0.875,,requires predict_proba,,requires predict_proba,,0.5149999999994179,success,
llsvm,scar-pi0.3-scalesmall,118,"{""alpha"": 2.0, ""beta"": 1.0, ""early_stopping"": true, ""fit_intercept"": true, ""gamma"": 10.0, ""intercept_scale"": 10.0, ""learning_rate"": 1e-05, ""max_epochs"": 3000, ""min_epochs"": 200, ""n_batches"": 20, ""patience"": 100, ""reg_lambda"": 0.1, ""shuffle"": true, ""squash_scale"": 10.0, ""tol"": 0.0005}",scar,0.3,0.5,0.5,True,0,,,,,,490,,0.195,False,-0.006615285806037263,0.7037037037037037,1.0,0.9989880952380953,0.895,0.7878787878787878,0.884393063583815,0.997617598858524,0.825,,requires predict_proba,,requires predict_proba,,0.39099999999962165,success,
llsvm,scar-pi0.3-scalesmall,119,"{""alpha"": 2.0, ""beta"": 1.0, ""early_stopping"": true, ""fit_intercept"": true, ""gamma"": 10.0, ""intercept_scale"": 10.0, ""learning_rate"": 1e-05, ""max_epochs"": 3000, ""min_epochs"": 200, ""n_batches"": 20, ""patience"": 100, ""reg_lambda"": 0.1, ""shuffle"": true, ""squash_scale"": 10.0, ""tol"": 0.0005}",scar,0.3,0.5,0.5,True,0,,,,,,685,,0.21,False,0.04019933554817273,0.6607142857142857,0.9438775510204082,0.9996130952380953,0.91,0.8235294117647058,0.8633720930232558,0.9991512053009379,0.85,,requires predict_proba,,requires predict_proba,,0.5310000000026776,success,
llsvm,scar-pi0.3-scalemid,100,"{""alpha"": 2.0, ""beta"": 1.0, ""early_stopping"": true, ""fit_intercept"": true, ""gamma"": 10.0, ""intercept_scale"": 10.0, ""learning_rate"": 1e-05, ""max_epochs"": 3000, ""min_epochs"": 200, ""n_batches"": 20, ""patience"": 100, ""reg_lambda"": 0.1, ""shuffle"": true, ""squash_scale"": 10.0, ""tol"": 0.0005}",scar,0.3,0.5,0.5,True,0,,,,,,479,,0.2915,False,-0.09960898709036742,0.9539473684210527,0.9817640155276699,0.9962095238095239,0.9745,0.9568892645815723,0.8272405660377359,0.9925277653090556,0.9655952380952382,,requires predict_proba,,requires predict_proba,,0.46899999999732245,success,
llsvm,scar-pi0.3-scalemid,101,"{""alpha"": 2.0, ""beta"": 1.0, ""early_stopping"": true, ""fit_intercept"": true, ""gamma"": 10.0, ""intercept_scale"": 10.0, ""learning_rate"": 1e-05, ""max_epochs"": 3000, ""min_epochs"": 200, ""n_batches"": 20, ""patience"": 100, ""reg_lambda"": 0.1, ""shuffle"": true, ""squash_scale"": 10.0, ""tol"": 0.0005}",scar,0.3,0.5,0.5,True,0,,,,,,1843,,0.289,False,-0.09784022075508461,0.9638989169675091,1.0,0.9995464285714285,0.986,0.9762308998302207,0.8195008705745792,0.9989704505470649,0.9780952380952381,,requires predict_proba,,requires predict_proba,,1.7030000000013388,success,
llsvm,scar-pi0.3-scalemid,102,"{""alpha"": 2.0, ""beta"": 1.0, ""early_stopping"": true, ""fit_intercept"": true, ""gamma"": 10.0, ""intercept_scale"": 10.0, ""learning_rate"": 1e-05, ""max_epochs"": 3000, ""min_epochs"": 200, ""n_batches"": 20, ""patience"": 100, ""reg_lambda"": 0.1, ""shuffle"": true, ""squash_scale"": 10.0, ""tol"": 0.0005}",scar,0.3,0.5,0.5,True,0,,,,,,811,,0.291,False,-0.09966926245527524,0.9462025316455697,0.9754665274696596,0.9985869047619047,0.978,0.9627749576988156,0.8319477434679335,0.9968293460789948,0.9695238095238096,,requires predict_proba,,requires predict_proba,,0.75,success,
llsvm,scar-pi0.3-scalemid,103,"{""alpha"": 2.0, ""beta"": 1.0, ""early_stopping"": true, ""fit_intercept"": true, ""gamma"": 10.0, ""intercept_scale"": 10.0, ""learning_rate"": 1e-05, ""max_epochs"": 3000, ""min_epochs"": 200, ""n_batches"": 20, ""patience"": 100, ""reg_lambda"": 0.1, ""shuffle"": true, ""squash_scale"": 10.0, ""tol"": 0.0005}",scar,0.3,0.5,0.5,True,0,,,,,,1324,,0.292,False,-0.10576323987538941,0.9722222222222222,0.9988584474885844,0.9993476190476192,0.99,0.9831081081081081,0.822429906542056,0.9986854257150232,0.9842857142857142,,requires predict_proba,,requires predict_proba,,1.25,success,
llsvm,scar-pi0.3-scalemid,104,"{""alpha"": 2.0, ""beta"": 1.0, ""early_stopping"": true, ""fit_intercept"": true, ""gamma"": 10.0, ""intercept_scale"": 10.0, ""learning_rate"": 1e-05, ""max_epochs"": 3000, ""min_epochs"": 200, ""n_batches"": 20, ""patience"": 100, ""reg_lambda"": 0.1, ""shuffle"": true, ""squash_scale"": 10.0, ""tol"": 0.0005}",scar,0.3,0.5,0.5,True,0,,,,,,362,,0.287,False,-0.10157075214862499,0.9478827361563518,0.9908181911042004,0.9988464285714286,0.982,0.969335604770017,0.8328411104548139,0.9973802959716283,0.9723809523809523,,requires predict_proba,,requires predict_proba,,0.3440000000009604,success,
llsvm,scar-pi0.3-scalemid,105,"{""alpha"": 2.0, ""beta"": 1.0, ""early_stopping"": true, ""fit_intercept"": true, ""gamma"": 10.0, ""intercept_scale"": 10.0, ""learning_rate"": 1e-05, ""max_epochs"": 3000, ""min_epochs"": 200, ""n_batches"": 20, ""patience"": 100, ""reg_lambda"": 0.1, ""shuffle"": true, ""squash_scale"": 10.0, ""tol"": 0.0005}",scar,0.3,0.5,0.5,True,0,,,,,,303,,0.285,False,-0.10027268935869879,0.952054794520548,1.0,0.999307142857143,0.982,0.9692307692307692,0.8290398126463701,0.9984204992435046,0.9714285714285714,,requires predict_proba,,requires predict_proba,,0.2969999999986612,success,
llsvm,scar-pi0.3-scalemid,106,"{""alpha"": 2.0, ""beta"": 1.0, ""early_stopping"": true, ""fit_intercept"": true, ""gamma"": 10.0, ""intercept_scale"": 10.0, ""learning_rate"": 1e-05, ""max_epochs"": 3000, ""min_epochs"": 200, ""n_batches"": 20, ""patience"": 100, ""reg_lambda"": 0.1, ""shuffle"": true, ""squash_scale"": 10.0, ""tol"": 0.0005}",scar,0.3,0.5,0.5,True,0,,,,,,559,,0.2875,False,-0.09326795855155068,0.9356913183279743,0.9763735495596253,0.9960059523809524,0.9725,0.9531914893617022,0.8318531675547661,0.9906229090540086,0.9613095238095238,,requires predict_proba,,requires predict_proba,,0.5149999999994179,success,
llsvm,scar-pi0.3-scalemid,107,"{""alpha"": 2.0, ""beta"": 1.0, ""early_stopping"": true, ""fit_intercept"": true, ""gamma"": 10.0, ""intercept_scale"": 10.0, ""learning_rate"": 1e-05, ""max_epochs"": 3000, ""min_epochs"": 200, ""n_batches"": 20, ""patience"": 100, ""reg_lambda"": 0.1, ""shuffle"": true, ""squash_scale"": 10.0, ""tol"": 0.0005}",scar,0.3,0.5,0.5,True,0,,,,,,356,,0.285,False,-0.09467730879460409,0.9477351916376306,0.9976159911975061,0.9991380952380952,0.982,0.9692307692307692,0.8260361938120256,0.9980550349390372,0.9714285714285714,,requires predict_proba,,requires predict_proba,,0.34399999999732245,success,
llsvm,scar-pi0.3-scalemid,108,"{""alpha"": 2.0, ""beta"": 1.0, ""early_stopping"": true, ""fit_intercept"": true, ""gamma"": 10.0, ""intercept_scale"": 10.0, ""learning_rate"": 1e-05, ""max_epochs"": 3000, ""min_epochs"": 200, ""n_batches"": 20, ""patience"": 100, ""reg_lambda"": 0.1, ""shuffle"": true, ""squash_scale"": 10.0, ""tol"": 0.0005}",scar,0.3,0.5,0.5,True,0,,,,,,524,,0.2885,False,-0.10024262729576738,0.9531772575250836,0.9911721915338825,0.9989440476190476,0.9845,0.973661852166525,0.8283362727807172,0.9977369012245814,0.9760714285714285,,requires predict_proba,,requires predict_proba,,0.5,success,
llsvm,scar-pi0.3-scalemid,109,"{""alpha"": 2.0, ""beta"": 1.0, ""early_stopping"": true, ""fit_intercept"": true, ""gamma"": 10.0, ""intercept_scale"": 10.0, ""learning_rate"": 1e-05, ""max_epochs"": 3000, ""min_epochs"": 200, ""n_batches"": 20, ""patience"": 100, ""reg_lambda"": 0.1, ""shuffle"": true, ""squash_scale"": 10.0, ""tol"": 0.0005}",scar,0.3,0.5,0.5,True,0,,,,,,956,,0.2905,False,-0.11409358448368354,0.964968152866242,0.9965247706019712,0.9980607142857143,0.9815,0.9686706181202371,0.8351126927639383,0.995871181340669,0.973452380952381,,requires predict_proba,,requires predict_proba,,0.9060000000026776,success,
llsvm,scar-pi0.3-scalemid,110,"{""alpha"": 2.0, ""beta"": 1.0, ""early_stopping"": true, ""fit_intercept"": true, ""gamma"": 10.0, ""intercept_scale"": 10.0, ""learning_rate"": 1e-05, ""max_epochs"": 3000, ""min_epochs"": 200, ""n_batches"": 20, ""patience"": 100, ""reg_lambda"": 0.1, ""shuffle"": true, ""squash_scale"": 10.0, ""tol"": 0.0005}",scar,0.3,0.5,0.5,True,0,,,,,,757,,0.284,False,-0.10597791939682252,0.9615384615384616,1.0,0.9985559523809524,0.98,0.9657534246575342,0.8290548424737456,0.9970704602841134,0.9685714285714285,,requires predict_proba,,requires predict_proba,,0.7029999999977008,success,
llsvm,scar-pi0.3-scalemid,111,"{""alpha"": 2.0, ""beta"": 1.0, ""early_stopping"": true, ""fit_intercept"": true, ""gamma"": 10.0, ""intercept_scale"": 10.0, ""learning_rate"": 1e-05, ""max_epochs"": 3000, ""min_epochs"": 200, ""n_batches"": 20, ""patience"": 100, ""reg_lambda"": 0.1, ""shuffle"": true, ""squash_scale"": 10.0, ""tol"": 0.0005}",scar,0.3,0.5,0.5,True,0,,,,,,831,,0.2905,False,-0.10805494267703986,0.972318339100346,1.0,0.9995809523809523,0.9855,0.9754445385266723,0.8246639392168322,0.9990250647765893,0.9782142857142857,,requires predict_proba,,requires predict_proba,,0.7810000000026776,success,
llsvm,scar-pi0.3-scalemid,112,"{""alpha"": 2.0, ""beta"": 1.0, ""early_stopping"": true, ""fit_intercept"": true, ""gamma"": 10.0, ""intercept_scale"": 10.0, ""learning_rate"": 1e-05, ""max_epochs"": 3000, ""min_epochs"": 200, ""n_batches"": 20, ""patience"": 100, ""reg_lambda"": 0.1, ""shuffle"": true, ""squash_scale"": 10.0, ""tol"": 0.0005}",scar,0.3,0.5,0.5,True,0,,,,,,504,,0.2875,False,-0.09941176470588234,0.95,0.9913043478260869,0.9990011904761905,0.9835,0.9719148936170213,0.8294117647058824,0.9977865211699256,0.9744047619047619,,requires predict_proba,,requires predict_proba,,0.46899999999732245,success,
llsvm,scar-pi0.3-scalemid,113,"{""alpha"": 2.0, ""beta"": 1.0, ""early_stopping"": true, ""fit_intercept"": true, ""gamma"": 10.0, ""intercept_scale"": 10.0, ""learning_rate"": 1e-05, ""max_epochs"": 3000, ""min_epochs"": 200, ""n_batches"": 20, ""patience"": 100, ""reg_lambda"": 0.1, ""shuffle"": true, ""squash_scale"": 10.0, ""tol"": 0.0005}",scar,0.3,0.5,0.5,True,0,,,,,,447,,0.285,False,-0.10765675506536604,0.9514563106796117,1.0,0.9989916666666667,0.982,0.9692307692307692,0.836782968657599,0.9975648682752903,0.9714285714285714,,requires predict_proba,,requires predict_proba,,0.4220000000022992,success,
llsvm,scar-pi0.3-scalemid,114,"{""alpha"": 2.0, ""beta"": 1.0, ""early_stopping"": true, ""fit_intercept"": true, ""gamma"": 10.0, ""intercept_scale"": 10.0, ""learning_rate"": 1e-05, ""max_epochs"": 3000, ""min_epochs"": 200, ""n_batches"": 20, ""patience"": 100, ""reg_lambda"": 0.1, ""shuffle"": true, ""squash_scale"": 10.0, ""tol"": 0.0005}",scar,0.3,0.5,0.5,True,0,,,,,,498,,0.286,False,-0.11962002765516339,0.9597523219814241,1.0,0.998475,0.982,0.9692832764505119,0.8437686344663089,0.9955174093829872,0.9719047619047618,,requires predict_proba,,requires predict_proba,,0.4690000000009604,success,
llsvm,scar-pi0.3-scalemid,115,"{""alpha"": 2.0, ""beta"": 1.0, ""early_stopping"": true, ""fit_intercept"": true, ""gamma"": 10.0, ""intercept_scale"": 10.0, ""learning_rate"": 1e-05, ""max_epochs"": 3000, ""min_epochs"": 200, ""n_batches"": 20, ""patience"": 100, ""reg_lambda"": 0.1, ""shuffle"": true, ""squash_scale"": 10.0, ""tol"": 0.0005}",scar,0.3,0.5,0.5,True,0,,,,,,635,,0.2845,False,-0.11504739336492892,0.9583333333333334,1.0,0.9979845238095238,0.9775,0.9615055603079555,0.840047393364929,0.995808842744045,0.9658333333333333,,requires predict_proba,,requires predict_proba,,0.6089999999967404,success,
llsvm,scar-pi0.3-scalemid,116,"{""alpha"": 2.0, ""beta"": 1.0, ""early_stopping"": true, ""fit_intercept"": true, ""gamma"": 10.0, ""intercept_scale"": 10.0, ""learning_rate"": 1e-05, ""max_epochs"": 3000, ""min_epochs"": 200, ""n_batches"": 20, ""patience"": 100, ""reg_lambda"": 0.1, ""shuffle"": true, ""squash_scale"": 10.0, ""tol"": 0.0005}",scar,0.3,0.5,0.5,True,0,,,,,,653,,0.291,False,-0.11503643587694068,0.9735973597359736,1.0,0.9997583333333333,0.989,0.9813874788494078,0.8308780200353565,0.9994214886132626,0.9826190476190476,,requires predict_proba,,requires predict_proba,,0.6100000000005821,success,
llsvm,scar-pi0.3-scalemid,117,"{""alpha"": 2.0, ""beta"": 1.0, ""early_stopping"": true, ""fit_intercept"": true, ""gamma"": 10.0, ""intercept_scale"": 10.0, ""learning_rate"": 1e-05, ""max_epochs"": 3000, ""min_epochs"": 200, ""n_batches"": 20, ""patience"": 100, ""reg_lambda"": 0.1, ""shuffle"": true, ""squash_scale"": 10.0, ""tol"": 0.0005}",scar,0.3,0.5,0.5,True,0,,,,,,421,,0.29,False,-0.10336762020338744,0.9570957095709571,0.9900990099009901,0.9990142857142857,0.984,0.9728813559322034,0.8291101944608132,0.9976995528751789,0.9761904761904762,,requires predict_proba,,requires predict_proba,,0.40600000000267755,success,
llsvm,scar-pi0.3-scalemid,118,"{""alpha"": 2.0, ""beta"": 1.0, ""early_stopping"": true, ""fit_intercept"": true, ""gamma"": 10.0, ""intercept_scale"": 10.0, ""learning_rate"": 1e-05, ""max_epochs"": 3000, ""min_epochs"": 200, ""n_batches"": 20, ""patience"": 100, ""reg_lambda"": 0.1, ""shuffle"": true, ""squash_scale"": 10.0, ""tol"": 0.0005}",scar,0.3,0.5,0.5,True,0,,,,,,442,,0.293,False,-0.11086046631797122,0.9676375404530745,0.990755160873455,0.9996321428571429,0.989,0.9814502529510961,0.8302779420461266,0.9991444085272249,0.9835714285714285,,requires predict_proba,,requires predict_proba,,0.4219999999986612,success,
llsvm,scar-pi0.3-scalemid,119,"{""alpha"": 2.0, ""beta"": 1.0, ""early_stopping"": true, ""fit_intercept"": true, ""gamma"": 10.0, ""intercept_scale"": 10.0, ""learning_rate"": 1e-05, ""max_epochs"": 3000, ""min_epochs"": 200, ""n_batches"": 20, ""patience"": 100, ""reg_lambda"": 0.1, ""shuffle"": true, ""squash_scale"": 10.0, ""tol"": 0.0005}",scar,0.3,0.5,0.5,True,0,,,,,,384,,0.286,False,-0.08936982156977341,0.9411764705882353,0.9872480460715756,0.9982583333333334,0.976,0.9590443686006825,0.8246639392168322,0.9961577862090736,0.9647619047619047,,requires predict_proba,,requires predict_proba,,0.375,success,
llsvm,scar-pi0.5-scalesmall,100,"{""alpha"": 2.0, ""beta"": 1.0, ""early_stopping"": true, ""fit_intercept"": true, ""gamma"": 10.0, ""intercept_scale"": 10.0, ""learning_rate"": 1e-05, ""max_epochs"": 3000, ""min_epochs"": 200, ""n_batches"": 20, ""patience"": 100, ""reg_lambda"": 0.1, ""shuffle"": true, ""squash_scale"": 10.0, ""tol"": 0.0005}",scar,0.5,0.5,0.5,True,0,,,,,,658,,0.38,False,0.02842282231795734,0.7419354838709677,0.9762308998302207,0.99865,0.88,0.8636363636363636,0.7296416938110749,0.9986769232284596,0.88,,requires predict_proba,,requires predict_proba,,0.5159999999996217,success,
llsvm,scar-pi0.5-scalesmall,101,"{""alpha"": 2.0, ""beta"": 1.0, ""early_stopping"": true, ""fit_intercept"": true, ""gamma"": 10.0, ""intercept_scale"": 10.0, ""learning_rate"": 1e-05, ""max_epochs"": 3000, ""min_epochs"": 200, ""n_batches"": 20, ""patience"": 100, ""reg_lambda"": 0.1, ""shuffle"": true, ""squash_scale"": 10.0, ""tol"": 0.0005}",scar,0.5,0.5,0.5,True,0,,,,,,329,,0.395,False,-0.012878091932904623,0.7835051546391752,0.9917786767584497,0.9936,0.895,0.88268156424581,0.7293729372937293,0.9947741237705766,0.895,,requires predict_proba,,requires predict_proba,,0.25,success,
llsvm,scar-pi0.5-scalesmall,102,"{""alpha"": 2.0, ""beta"": 1.0, ""early_stopping"": true, ""fit_intercept"": true, ""gamma"": 10.0, ""intercept_scale"": 10.0, ""learning_rate"": 1e-05, ""max_epochs"": 3000, ""min_epochs"": 200, ""n_batches"": 20, ""patience"": 100, ""reg_lambda"": 0.1, ""shuffle"": true, ""squash_scale"": 10.0, ""tol"": 0.0005}",scar,0.5,0.5,0.5,True,0,,,,,,767,,0.3775,False,-0.04535387093526627,0.7878787878787878,1.0,0.9964500000000001,0.8775,0.8603988603988604,0.7574750830564784,0.996711462572036,0.8775,,requires predict_proba,,requires predict_proba,,0.5780000000013388,success,
llsvm,scar-pi0.5-scalesmall,103,"{""alpha"": 2.0, ""beta"": 1.0, ""early_stopping"": true, ""fit_intercept"": true, ""gamma"": 10.0, ""intercept_scale"": 10.0, ""learning_rate"": 1e-05, ""max_epochs"": 3000, ""min_epochs"": 200, ""n_batches"": 20, ""patience"": 100, ""reg_lambda"": 0.1, ""shuffle"": true, ""squash_scale"": 10.0, ""tol"": 0.0005}",scar,0.5,0.5,0.5,True,0,,,,,,1124,,0.43,False,-0.09953430512583328,0.8691588785046729,1.0,0.9986999999999999,0.93,0.9247311827956989,0.7303754266211604,0.9987204378907241,0.9299999999999999,,requires predict_proba,,requires predict_proba,,0.875,success,
llsvm,scar-pi0.5-scalesmall,104,"{""alpha"": 2.0, ""beta"": 1.0, ""early_stopping"": true, ""fit_intercept"": true, ""gamma"": 10.0, ""intercept_scale"": 10.0, ""learning_rate"": 1e-05, ""max_epochs"": 3000, ""min_epochs"": 200, ""n_batches"": 20, ""patience"": 100, ""reg_lambda"": 0.1, ""shuffle"": true, ""squash_scale"": 10.0, ""tol"": 0.0005}",scar,0.5,0.5,0.5,True,0,,,,,,416,,0.4225,False,-0.07250519750519752,0.8461538461538461,1.0,0.999325,0.9225,0.9159891598915989,0.7263513513513513,0.9993510561095784,0.9225,,requires predict_proba,,requires predict_proba,,0.3280000000013388,success,
llsvm,scar-pi0.5-scalesmall,105,"{""alpha"": 2.0, ""beta"": 1.0, ""early_stopping"": true, ""fit_intercept"": true, ""gamma"": 10.0, ""intercept_scale"": 10.0, ""learning_rate"": 1e-05, ""max_epochs"": 3000, ""min_epochs"": 200, ""n_batches"": 20, ""patience"": 100, ""reg_lambda"": 0.1, ""shuffle"": true, ""squash_scale"": 10.0, ""tol"": 0.0005}",scar,0.5,0.5,0.5,True,0,,,,,,476,,0.4375,False,-0.05382628563859726,0.8514851485148515,0.9731258840169731,0.999575,0.9375,0.9333333333333333,0.7023411371237458,0.9995842920182515,0.9375,,requires predict_proba,,requires predict_proba,,0.375,success,
llsvm,scar-pi0.5-scalesmall,106,"{""alpha"": 2.0, ""beta"": 1.0, ""early_stopping"": true, ""fit_intercept"": true, ""gamma"": 10.0, ""intercept_scale"": 10.0, ""learning_rate"": 1e-05, ""max_epochs"": 3000, ""min_epochs"": 200, ""n_batches"": 20, ""patience"": 100, ""reg_lambda"": 0.1, ""shuffle"": true, ""squash_scale"": 10.0, ""tol"": 0.0005}",scar,0.5,0.5,0.5,True,0,,,,,,836,,0.405,False,-0.05944779982743742,0.8315789473684211,1.0,0.997125,0.905,0.8950276243093923,0.7278688524590164,0.9972395741799608,0.905,,requires predict_proba,,requires predict_proba,,0.6559999999990396,success,
llsvm,scar-pi0.5-scalesmall,107,"{""alpha"": 2.0, ""beta"": 1.0, ""early_stopping"": true, ""fit_intercept"": true, ""gamma"": 10.0, ""intercept_scale"": 10.0, ""learning_rate"": 1e-05, ""max_epochs"": 3000, ""min_epochs"": 200, ""n_batches"": 20, ""patience"": 100, ""reg_lambda"": 0.1, ""shuffle"": true, ""squash_scale"": 10.0, ""tol"": 0.0005}",scar,0.5,0.5,0.5,True,0,,,,,,640,,0.375,False,0.05687139595185564,0.7283950617283951,0.9711934156378601,0.99935,0.875,0.8571428571428571,0.7147335423197492,0.9993672019318224,0.875,,requires predict_proba,,requires predict_proba,,0.5,success,
llsvm,scar-pi0.5-scalesmall,108,"{""alpha"": 2.0, ""beta"": 1.0, ""early_stopping"": true, ""fit_intercept"": true, ""gamma"": 10.0, ""intercept_scale"": 10.0, ""learning_rate"": 1e-05, ""max_epochs"": 3000, ""min_epochs"": 200, ""n_batches"": 20, ""patience"": 100, ""reg_lambda"": 0.1, ""shuffle"": true, ""squash_scale"": 10.0, ""tol"": 0.0005}",scar,0.5,0.5,0.5,True,0,,,,,,630,,0.4,False,-0.12764876886974186,0.8817204301075269,1.0,0.9981,0.9,0.8888888888888888,0.745928338762215,0.9982013115718187,0.9,,requires predict_proba,,requires predict_proba,,0.48400000000037835,success,
llsvm,scar-pi0.5-scalesmall,109,"{""alpha"": 2.0, ""beta"": 1.0, ""early_stopping"": true, ""fit_intercept"": true, ""gamma"": 10.0, ""intercept_scale"": 10.0, ""learning_rate"": 1e-05, ""max_epochs"": 3000, ""min_epochs"": 200, ""n_batches"": 20, ""patience"": 100, ""reg_lambda"": 0.1, ""shuffle"": true, ""squash_scale"": 10.0, ""tol"": 0.0005}",scar,0.5,0.5,0.5,True,0,,,,,,966,,0.4175,False,-0.11452714850773105,0.8737864077669902,1.0,0.9972750000000001,0.9175,0.9100817438692098,0.7407407407407407,0.9978704029187371,0.9175,,requires predict_proba,,requires predict_proba,,0.75,success,
llsvm,scar-pi0.5-scalesmall,110,"{""alpha"": 2.0, ""beta"": 1.0, ""early_stopping"": true, ""fit_intercept"": true, ""gamma"": 10.0, ""intercept_scale"": 10.0, ""learning_rate"": 1e-05, ""max_epochs"": 3000, ""min_epochs"": 200, ""n_batches"": 20, ""patience"": 100, ""reg_lambda"": 0.1, ""shuffle"": true, ""squash_scale"": 10.0, ""tol"": 0.0005}",scar,0.5,0.5,0.5,True,0,,,,,,856,,0.4425,False,-0.12008433853094047,0.9029126213592233,1.0,0.9991000000000001,0.9425,0.9389920424403183,0.7171717171717171,0.999156267538239,0.9425,,requires predict_proba,,requires predict_proba,,0.7030000000013388,success,
llsvm,scar-pi0.5-scalesmall,111,"{""alpha"": 2.0, ""beta"": 1.0, ""early_stopping"": true, ""fit_intercept"": true, ""gamma"": 10.0, ""intercept_scale"": 10.0, ""learning_rate"": 1e-05, ""max_epochs"": 3000, ""min_epochs"": 200, ""n_batches"": 20, ""patience"": 100, ""reg_lambda"": 0.1, ""shuffle"": true, ""squash_scale"": 10.0, ""tol"": 0.0005}",scar,0.5,0.5,0.5,True,0,,,,,,603,,0.4125,False,-0.06999999999999995,0.84,1.0,0.9992,0.9125,0.9041095890410958,0.73,0.9992204984012332,0.9125,,requires predict_proba,,requires predict_proba,,0.46899999999732245,success,
llsvm,scar-pi0.5-scalesmall,112,"{""alpha"": 2.0, ""beta"": 1.0, ""early_stopping"": true, ""fit_intercept"": true, ""gamma"": 10.0, ""intercept_scale"": 10.0, ""learning_rate"": 1e-05, ""max_epochs"": 3000, ""min_epochs"": 200, ""n_batches"": 20, ""patience"": 100, ""reg_lambda"": 0.1, ""shuffle"": true, ""squash_scale"": 10.0, ""tol"": 0.0005}",scar,0.5,0.5,0.5,True,0,,,,,,676,,0.395,False,-0.008674787744555212,0.7777777777777778,0.9845288326300984,0.99845,0.895,0.88268156424581,0.7308970099667774,0.9984270312411835,0.895,,requires predict_proba,,requires predict_proba,,0.5310000000026776,success,
llsvm,scar-pi0.5-scalesmall,113,"{""alpha"": 2.0, ""beta"": 1.0, ""early_stopping"": true, ""fit_intercept"": true, ""gamma"": 10.0, ""intercept_scale"": 10.0, ""learning_rate"": 1e-05, ""max_epochs"": 3000, ""min_epochs"": 200, ""n_batches"": 20, ""patience"": 100, ""reg_lambda"": 0.1, ""shuffle"": true, ""squash_scale"": 10.0, ""tol"": 0.0005}",scar,0.5,0.5,0.5,True,0,,,,,,446,,0.4175,False,-0.05695078640284118,0.8240740740740741,0.9869150587713462,0.999625,0.9175,0.9100817438692098,0.7328767123287672,0.9996356356937699,0.9175,,requires predict_proba,,requires predict_proba,,0.35899999999674037,success,
llsvm,scar-pi0.5-scalesmall,114,"{""alpha"": 2.0, ""beta"": 1.0, ""early_stopping"": true, ""fit_intercept"": true, ""gamma"": 10.0, ""intercept_scale"": 10.0, ""learning_rate"": 1e-05, ""max_epochs"": 3000, ""min_epochs"": 200, ""n_batches"": 20, ""patience"": 100, ""reg_lambda"": 0.1, ""shuffle"": true, ""squash_scale"": 10.0, ""tol"": 0.0005}",scar,0.5,0.5,0.5,True,0,,,,,,445,,0.4075,False,-0.04526911435715225,0.8137254901960784,0.9984361842896669,0.998525,0.9075,0.8980716253443526,0.7315436241610739,0.99849116966972,0.9075,,requires predict_proba,,requires predict_proba,,0.3440000000009604,success,
llsvm,scar-pi0.5-scalesmall,115,"{""alpha"": 2.0, ""beta"": 1.0, ""early_stopping"": true, ""fit_intercept"": true, ""gamma"": 10.0, ""intercept_scale"": 10.0, ""learning_rate"": 1e-05, ""max_epochs"": 3000, ""min_epochs"": 200, ""n_batches"": 20, ""patience"": 100, ""reg_lambda"": 0.1, ""shuffle"": true, ""squash_scale"": 10.0, ""tol"": 0.0005}",scar,0.5,0.5,0.5,True,0,,,,,,741,,0.405,False,-0.05944779982743742,0.8315789473684211,1.0,0.999775,0.905,0.8950276243093923,0.7278688524590164,0.999771534352706,0.905,,requires predict_proba,,requires predict_proba,,0.5940000000009604,success,
llsvm,scar-pi0.5-scalesmall,116,"{""alpha"": 2.0, ""beta"": 1.0, ""early_stopping"": true, ""fit_intercept"": true, ""gamma"": 10.0, ""intercept_scale"": 10.0, ""learning_rate"": 1e-05, ""max_epochs"": 3000, ""min_epochs"": 200, ""n_batches"": 20, ""patience"": 100, ""reg_lambda"": 0.1, ""shuffle"": true, ""squash_scale"": 10.0, ""tol"": 0.0005}",scar,0.5,0.5,0.5,True,0,,,,,,426,,0.4275,False,-0.06965294592413235,0.8476190476190476,0.9913673071567809,0.9986750000000001,0.9275,0.921832884097035,0.7220338983050848,0.9988286308616423,0.9275,,requires predict_proba,,requires predict_proba,,0.3280000000013388,success,
llsvm,scar-pi0.5-scalesmall,117,"{""alpha"": 2.0, ""beta"": 1.0, ""early_stopping"": true, ""fit_intercept"": true, ""gamma"": 10.0, ""intercept_scale"": 10.0, ""learning_rate"": 1e-05, ""max_epochs"": 3000, ""min_epochs"": 200, ""n_batches"": 20, ""patience"": 100, ""reg_lambda"": 0.1, ""shuffle"": true, ""squash_scale"": 10.0, ""tol"": 0.0005}",scar,0.5,0.5,0.5,True,0,,,,,,489,,0.42,False,-0.04256854256854259,0.8282828282828283,0.9860509860509861,0.9986,0.92,0.9130434782608695,0.7142857142857143,0.9986689532048152,0.9199999999999999,,requires predict_proba,,requires predict_proba,,0.39099999999962165,success,
llsvm,scar-pi0.5-scalesmall,118,"{""alpha"": 2.0, ""beta"": 1.0, ""early_stopping"": true, ""fit_intercept"": true, ""gamma"": 10.0, ""intercept_scale"": 10.0, ""learning_rate"": 1e-05, ""max_epochs"": 3000, ""min_epochs"": 200, ""n_batches"": 20, ""patience"": 100, ""reg_lambda"": 0.1, ""shuffle"": true, ""squash_scale"": 10.0, ""tol"": 0.0005}",scar,0.5,0.5,0.5,True,0,,,,,,273,,0.39,False,-0.023997741389045757,0.7934782608695652,1.0,0.9986499999999999,0.89,0.8764044943820225,0.7305194805194806,0.998618094204457,0.89,,requires predict_proba,,requires predict_proba,,0.21799999999711872,success,
llsvm,scar-pi0.5-scalesmall,119,"{""alpha"": 2.0, ""beta"": 1.0, ""early_stopping"": true, ""fit_intercept"": true, ""gamma"": 10.0, ""intercept_scale"": 10.0, ""learning_rate"": 1e-05, ""max_epochs"": 3000, ""min_epochs"": 200, ""n_batches"": 20, ""patience"": 100, ""reg_lambda"": 0.1, ""shuffle"": true, ""squash_scale"": 10.0, ""tol"": 0.0005}",scar,0.5,0.5,0.5,True,0,,,,,,521,,0.3975,False,-0.03051399792623316,0.813953488372093,1.0,0.9982,0.8975,0.8857938718662952,0.7165605095541401,0.9983762178758007,0.8975,,requires predict_proba,,requires predict_proba,,0.39099999999962165,success,
llsvm,scar-pi0.5-scalemid,100,"{""alpha"": 2.0, ""beta"": 1.0, ""early_stopping"": true, ""fit_intercept"": true, ""gamma"": 10.0, ""intercept_scale"": 10.0, ""learning_rate"": 1e-05, ""max_epochs"": 3000, ""min_epochs"": 200, ""n_batches"": 20, ""patience"": 100, ""reg_lambda"": 0.1, ""shuffle"": true, ""squash_scale"": 10.0, ""tol"": 0.0005}",scar,0.5,0.5,0.5,True,0,,,,,,713,,0.485,False,-0.13954531369766954,0.9691358024691358,0.9991090747104493,0.998931,0.983,0.9827411167512691,0.6704095112285336,0.9990139471733259,0.983,,requires predict_proba,,requires predict_proba,,0.6719999999986612,success,
llsvm,scar-pi0.5-scalemid,101,"{""alpha"": 2.0, ""beta"": 1.0, ""early_stopping"": true, ""fit_intercept"": true, ""gamma"": 10.0, ""intercept_scale"": 10.0, ""learning_rate"": 1e-05, ""max_epochs"": 3000, ""min_epochs"": 200, ""n_batches"": 20, ""patience"": 100, ""reg_lambda"": 0.1, ""shuffle"": true, ""squash_scale"": 10.0, ""tol"": 0.0005}",scar,0.5,0.5,0.5,True,0,,,,,,377,,0.477,False,-0.1353462319519761,0.9636752136752137,1.0,0.998083,0.97,0.9692937563971341,0.6716710182767625,0.9980620821123106,0.97,,requires predict_proba,,requires predict_proba,,0.3600000000005821,success,
llsvm,scar-pi0.5-scalemid,102,"{""alpha"": 2.0, ""beta"": 1.0, ""early_stopping"": true, ""fit_intercept"": true, ""gamma"": 10.0, ""intercept_scale"": 10.0, ""learning_rate"": 1e-05, ""max_epochs"": 3000, ""min_epochs"": 200, ""n_batches"": 20, ""patience"": 100, ""reg_lambda"": 0.1, ""shuffle"": true, ""squash_scale"": 10.0, ""tol"": 0.0005}",scar,0.5,0.5,0.5,True,0,,,,,,520,,0.4865,False,-0.13458806076182117,0.9573643410852714,0.98393046360254,0.997033,0.9705,0.9700963000506843,0.6772237196765498,0.9970291038601159,0.9704999999999999,,requires predict_proba,,requires predict_proba,,0.48400000000037835,success,
llsvm,scar-pi0.5-scalemid,103,"{""alpha"": 2.0, ""beta"": 1.0, ""early_stopping"": true, ""fit_intercept"": true, ""gamma"": 10.0, ""intercept_scale"": 10.0, ""learning_rate"": 1e-05, ""max_epochs"": 3000, ""min_epochs"": 200, ""n_batches"": 20, ""patience"": 100, ""reg_lambda"": 0.1, ""shuffle"": true, ""squash_scale"": 10.0, ""tol"": 0.0005}",scar,0.5,0.5,0.5,True,0,,,,,,1011,,0.492,False,-0.13698784377469425,0.9751552795031055,0.9910114629096601,0.9994200000000001,0.987,0.9868951612903226,0.6618325642715887,0.9994435695860177,0.987,,requires predict_proba,,requires predict_proba,,0.9530000000013388,success,
llsvm,scar-pi0.5-scalemid,104,"{""alpha"": 2.0, ""beta"": 1.0, ""early_stopping"": true, ""fit_intercept"": true, ""gamma"": 10.0, ""intercept_scale"": 10.0, ""learning_rate"": 1e-05, ""max_epochs"": 3000, ""min_epochs"": 200, ""n_batches"": 20, ""patience"": 100, ""reg_lambda"": 0.1, ""shuffle"": true, ""squash_scale"": 10.0, ""tol"": 0.0005}",scar,0.5,0.5,0.5,True,0,,,,,,397,,0.4895,False,-0.15051606297905307,0.9744597249508841,0.9953623339641309,0.999156,0.9825,0.9823143001515917,0.676056338028169,0.9991638522032458,0.9824999999999999,,requires predict_proba,,requires predict_proba,,0.375,success,
llsvm,scar-pi0.5-scalemid,105,"{""alpha"": 2.0, ""beta"": 1.0, ""early_stopping"": true, ""fit_intercept"": true, ""gamma"": 10.0, ""intercept_scale"": 10.0, ""learning_rate"": 1e-05, ""max_epochs"": 3000, ""min_epochs"": 200, ""n_batches"": 20, ""patience"": 100, ""reg_lambda"": 0.1, ""shuffle"": true, ""squash_scale"": 10.0, ""tol"": 0.0005}",scar,0.5,0.5,0.5,True,0,,,,,,384,,0.4915,False,-0.14649486883471213,0.9760479041916168,0.9929276746608513,0.999283,0.9875,0.9873928391326273,0.6704469646430954,0.999283031671947,0.9875,,requires predict_proba,,requires predict_proba,,0.375,success,
llsvm,scar-pi0.5-scalemid,106,"{""alpha"": 2.0, ""beta"": 1.0, ""early_stopping"": true, ""fit_intercept"": true, ""gamma"": 10.0, ""intercept_scale"": 10.0, ""learning_rate"": 1e-05, ""max_epochs"": 3000, ""min_epochs"": 200, ""n_batches"": 20, ""patience"": 100, ""reg_lambda"": 0.1, ""shuffle"": true, ""squash_scale"": 10.0, ""tol"": 0.0005}",scar,0.5,0.5,0.5,True,0,,,,,,352,,0.487,False,-0.13911081788300111,0.9628180039138943,0.9885195112052303,0.9932030000000001,0.954,0.9533941236068896,0.6762928139691068,0.9933280447762283,0.954,,requires predict_proba,,requires predict_proba,,0.3279999999977008,success,
llsvm,scar-pi0.5-scalemid,107,"{""alpha"": 2.0, ""beta"": 1.0, ""early_stopping"": true, ""fit_intercept"": true, ""gamma"": 10.0, ""intercept_scale"": 10.0, ""learning_rate"": 1e-05, ""max_epochs"": 3000, ""min_epochs"": 200, ""n_batches"": 20, ""patience"": 100, ""reg_lambda"": 0.1, ""shuffle"": true, ""squash_scale"": 10.0, ""tol"": 0.0005}",scar,0.5,0.5,0.5,True,0,,,,,,297,,0.492,False,-0.1389416297631343,0.9753593429158111,0.9912188444266372,0.999109,0.985,0.9848790322580645,0.6635822868473232,0.9990948381999015,0.985,,requires predict_proba,,requires predict_proba,,0.28100000000267755,success,
llsvm,scar-pi0.5-scalemid,108,"{""alpha"": 2.0, ""beta"": 1.0, ""early_stopping"": true, ""fit_intercept"": true, ""gamma"": 10.0, ""intercept_scale"": 10.0, ""learning_rate"": 1e-05, ""max_epochs"": 3000, ""min_epochs"": 200, ""n_batches"": 20, ""patience"": 100, ""reg_lambda"": 0.1, ""shuffle"": true, ""squash_scale"": 10.0, ""tol"": 0.0005}",scar,0.5,0.5,0.5,True,0,,,,,,619,,0.489,False,-0.16494367589312842,0.9774011299435028,0.9993876584289395,0.9994730000000001,0.984,0.9838220424671386,0.6875425459496256,0.9994782236367619,0.984,,requires predict_proba,,requires predict_proba,,0.5939999999973224,success,
llsvm,scar-pi0.5-scalemid,109,"{""alpha"": 2.0, ""beta"": 1.0, ""early_stopping"": true, ""fit_intercept"": true, ""gamma"": 10.0, ""intercept_scale"": 10.0, ""learning_rate"": 1e-05, ""max_epochs"": 3000, ""min_epochs"": 200, ""n_batches"": 20, ""patience"": 100, ""reg_lambda"": 0.1, ""shuffle"": true, ""squash_scale"": 10.0, ""tol"": 0.0005}",scar,0.5,0.5,0.5,True,0,,,,,,473,,0.492,False,-0.13971756398940866,0.9669902912621359,0.9827137106322519,0.996623,0.97,0.969758064516129,0.6727272727272727,0.9967784005656577,0.97,,requires predict_proba,,requires predict_proba,,0.43800000000192085,success,
llsvm,scar-pi0.5-scalemid,110,"{""alpha"": 2.0, ""beta"": 1.0, ""early_stopping"": true, ""fit_intercept"": true, ""gamma"": 10.0, ""intercept_scale"": 10.0, ""learning_rate"": 1e-05, ""max_epochs"": 3000, ""min_epochs"": 200, ""n_batches"": 20, ""patience"": 100, ""reg_lambda"": 0.1, ""shuffle"": true, ""squash_scale"": 10.0, ""tol"": 0.0005}",scar,0.5,0.5,0.5,True,0,,,,,,527,,0.482,False,-0.12728105124418487,0.9584199584199584,0.9942115751244383,0.997128,0.971,0.9704684317718941,0.6688610928242265,0.9974116507579729,0.971,,requires predict_proba,,requires predict_proba,,0.48400000000037835,success,
llsvm,scar-pi0.5-scalemid,111,"{""alpha"": 2.0, ""beta"": 1.0, ""early_stopping"": true, ""fit_intercept"": true, ""gamma"": 10.0, ""intercept_scale"": 10.0, ""learning_rate"": 1e-05, ""max_epochs"": 3000, ""min_epochs"": 200, ""n_batches"": 20, ""patience"": 100, ""reg_lambda"": 0.1, ""shuffle"": true, ""squash_scale"": 10.0, ""tol"": 0.0005}",scar,0.5,0.5,0.5,True,0,,,,,,339,,0.484,False,-0.14584906238224016,0.9680638722554891,1.0,0.9991990000000001,0.979,0.9786585365853658,0.6777851901267512,0.9991738937162504,0.979,,requires predict_proba,,requires predict_proba,,0.3280000000013388,success,
llsvm,scar-pi0.5-scalemid,112,"{""alpha"": 2.0, ""beta"": 1.0, ""early_stopping"": true, ""fit_intercept"": true, ""gamma"": 10.0, ""intercept_scale"": 10.0, ""learning_rate"": 1e-05, ""max_epochs"": 3000, ""min_epochs"": 200, ""n_batches"": 20, ""patience"": 100, ""reg_lambda"": 0.1, ""shuffle"": true, ""squash_scale"": 10.0, ""tol"": 0.0005}",scar,0.5,0.5,0.5,True,0,,,,,,407,,0.483,False,-0.13866666666666672,0.962,0.9958592132505176,0.9993730000000001,0.982,0.9816887080366226,0.6766666666666666,0.9993889001897119,0.982,,requires predict_proba,,requires predict_proba,,0.39099999999962165,success,
llsvm,scar-pi0.5-scalemid,113,"{""alpha"": 2.0, ""beta"": 1.0, ""early_stopping"": true, ""fit_intercept"": true, ""gamma"": 10.0, ""intercept_scale"": 10.0, ""learning_rate"": 1e-05, ""max_epochs"": 3000, ""min_epochs"": 200, ""n_batches"": 20, ""patience"": 100, ""reg_lambda"": 0.1, ""shuffle"": true, ""squash_scale"": 10.0, ""tol"": 0.0005}",scar,0.5,0.5,0.5,True,0,,,,,,437,,0.491,False,-0.15575992585513698,0.9785575048732943,0.9964944041479575,0.998568,0.986,0.9858728557013118,0.6772024209818427,0.998786602132433,0.986,,requires predict_proba,,requires predict_proba,,0.4069999999992433,success,
llsvm,scar-pi0.5-scalemid,114,"{""alpha"": 2.0, ""beta"": 1.0, ""early_stopping"": true, ""fit_intercept"": true, ""gamma"": 10.0, ""intercept_scale"": 10.0, ""learning_rate"": 1e-05, ""max_epochs"": 3000, ""min_epochs"": 200, ""n_batches"": 20, ""patience"": 100, ""reg_lambda"": 0.1, ""shuffle"": true, ""squash_scale"": 10.0, ""tol"": 0.0005}",scar,0.5,0.5,0.5,True,0,,,,,,266,,0.477,False,-0.1337681017292668,0.9475728155339805,0.9932629093647595,0.9968980000000001,0.971,0.970317297850563,0.6861952861952862,0.9955271071704405,0.971,,requires predict_proba,,requires predict_proba,,0.2649999999994179,success,
llsvm,scar-pi0.5-scalemid,115,"{""alpha"": 2.0, ""beta"": 1.0, ""early_stopping"": true, ""fit_intercept"": true, ""gamma"": 10.0, ""intercept_scale"": 10.0, ""learning_rate"": 1e-05, ""max_epochs"": 3000, ""min_epochs"": 200, ""n_batches"": 20, ""patience"": 100, ""reg_lambda"": 0.1, ""shuffle"": true, ""squash_scale"": 10.0, ""tol"": 0.0005}",scar,0.5,0.5,0.5,True,0,,,,,,540,,0.4845,False,-0.14246877624431742,0.9628180039138943,0.9936202310772903,0.998986,0.9795,0.979177247333672,0.6796507723304231,0.9990243892598774,0.9795,,requires predict_proba,,requires predict_proba,,0.5,success,
llsvm,scar-pi0.5-scalemid,116,"{""alpha"": 2.0, ""beta"": 1.0, ""early_stopping"": true, ""fit_intercept"": true, ""gamma"": 10.0, ""intercept_scale"": 10.0, ""learning_rate"": 1e-05, ""max_epochs"": 3000, ""min_epochs"": 200, ""n_batches"": 20, ""patience"": 100, ""reg_lambda"": 0.1, ""shuffle"": true, ""squash_scale"": 10.0, ""tol"": 0.0005}",scar,0.5,0.5,0.5,True,0,,,,,,515,,0.4945,False,-0.14330446695043786,0.9814814814814815,0.9923978579185859,0.999536,0.9895,0.9894419306184012,0.6618229854689565,0.9995720279994211,0.9895,,requires predict_proba,,requires predict_proba,,0.48400000000037835,success,
llsvm,scar-pi0.5-scalemid,117,"{""alpha"": 2.0, ""beta"": 1.0, ""early_stopping"": true, ""fit_intercept"": true, ""gamma"": 10.0, ""intercept_scale"": 10.0, ""learning_rate"": 1e-05, ""max_epochs"": 3000, ""min_epochs"": 200, ""n_batches"": 20, ""patience"": 100, ""reg_lambda"": 0.1, ""shuffle"": true, ""squash_scale"": 10.0, ""tol"": 0.0005}",scar,0.5,0.5,0.5,True,0,,,,,,463,,0.491,False,-0.13294998145071535,0.9676113360323887,0.9853475927010068,0.998641,0.981,0.9808274470232089,0.6653386454183267,0.9986841722277922,0.981,,requires predict_proba,,requires predict_proba,,0.43800000000192085,success,
llsvm,scar-pi0.5-scalemid,118,"{""alpha"": 2.0, ""beta"": 1.0, ""early_stopping"": true, ""fit_intercept"": true, ""gamma"": 10.0, ""intercept_scale"": 10.0, ""learning_rate"": 1e-05, ""max_epochs"": 3000, ""min_epochs"": 200, ""n_batches"": 20, ""patience"": 100, ""reg_lambda"": 0.1, ""shuffle"": true, ""squash_scale"": 10.0, ""tol"": 0.0005}",scar,0.5,0.5,0.5,True,0,,,,,,323,,0.492,False,-0.14596960262732633,0.9709864603481625,0.986774858077401,0.999495,0.986,0.9858870967741935,0.6749831422791639,0.9994883597495798,0.986,,requires predict_proba,,requires predict_proba,,0.31199999999807915,success,
llsvm,scar-pi0.5-scalemid,119,"{""alpha"": 2.0, ""beta"": 1.0, ""early_stopping"": true, ""fit_intercept"": true, ""gamma"": 10.0, ""intercept_scale"": 10.0, ""learning_rate"": 1e-05, ""max_epochs"": 3000, ""min_epochs"": 200, ""n_batches"": 20, ""patience"": 100, ""reg_lambda"": 0.1, ""shuffle"": true, ""squash_scale"": 10.0, ""tol"": 0.0005}",scar,0.5,0.5,0.5,True,0,,,,,,297,,0.4865,False,-0.13129135732315433,0.9665970772442589,0.9934194010732363,0.998616,0.9765,0.9761784085149519,0.6646942800788954,0.9986450165135569,0.9764999999999999,,requires predict_proba,,requires predict_proba,,0.2809999999990396,success,
llsvm,sar-pi0.1-scalesmall,100,"{""alpha"": 2.0, ""beta"": 1.0, ""early_stopping"": true, ""fit_intercept"": true, ""gamma"": 10.0, ""intercept_scale"": 10.0, ""learning_rate"": 1e-05, ""max_epochs"": 3000, ""min_epochs"": 200, ""n_batches"": 20, ""patience"": 100, ""reg_lambda"": 0.1, ""shuffle"": true, ""squash_scale"": 10.0, ""tol"": 0.0005}",linear,0.1,0.5,0.5,True,0,,,,,,1253,,0.07,False,-0.02544492544492545,0.7727272727272727,1.0,0.986736111111111,0.97,0.8235294117647058,0.9708994708994709,0.9685543502898109,0.85,,requires predict_proba,,requires predict_proba,,0.9059999999990396,success,
llsvm,sar-pi0.1-scalesmall,101,"{""alpha"": 2.0, ""beta"": 1.0, ""early_stopping"": true, ""fit_intercept"": true, ""gamma"": 10.0, ""intercept_scale"": 10.0, ""learning_rate"": 1e-05, ""max_epochs"": 3000, ""min_epochs"": 200, ""n_batches"": 20, ""patience"": 100, ""reg_lambda"": 0.1, ""shuffle"": true, ""squash_scale"": 10.0, ""tol"": 0.0005}",linear,0.1,0.5,0.5,True,0,,,,,,762,,0.0575,False,-0.03645833333333333,0.8125,1.0,0.9953472222222222,0.9575,0.7301587301587301,0.9739583333333334,0.9697212752090696,0.7875,,requires predict_proba,,requires predict_proba,,0.5469999999986612,success,
llsvm,sar-pi0.1-scalesmall,102,"{""alpha"": 2.0, ""beta"": 1.0, ""early_stopping"": true, ""fit_intercept"": true, ""gamma"": 10.0, ""intercept_scale"": 10.0, ""learning_rate"": 1e-05, ""max_epochs"": 3000, ""min_epochs"": 200, ""n_batches"": 20, ""patience"": 100, ""reg_lambda"": 0.1, ""shuffle"": true, ""squash_scale"": 10.0, ""tol"": 0.0005}",linear,0.1,0.5,0.5,True,0,,,,,,2556,,0.0575,False,-0.05004834921950546,0.8421052631578947,1.0,0.9943749999999999,0.9575,0.7301587301587301,0.9816272965879265,0.9673007919057925,0.7875,,requires predict_proba,,requires predict_proba,,1.860000000000582,success,
llsvm,sar-pi0.1-scalesmall,103,"{""alpha"": 2.0, ""beta"": 1.0, ""early_stopping"": true, ""fit_intercept"": true, ""gamma"": 10.0, ""intercept_scale"": 10.0, ""learning_rate"": 1e-05, ""max_epochs"": 3000, ""min_epochs"": 200, ""n_batches"": 20, ""patience"": 100, ""reg_lambda"": 0.1, ""shuffle"": true, ""squash_scale"": 10.0, ""tol"": 0.0005}",linear,0.1,0.5,0.5,True,0,,,,,,1746,,0.07,False,-0.08153034300791558,1.0,1.0,0.995625,0.97,0.8235294117647058,0.9815303430079155,0.9726588862698594,0.85,,requires predict_proba,,requires predict_proba,,1.2970000000022992,success,
llsvm,sar-pi0.1-scalesmall,104,"{""alpha"": 2.0, ""beta"": 1.0, ""early_stopping"": true, ""fit_intercept"": true, ""gamma"": 10.0, ""intercept_scale"": 10.0, ""learning_rate"": 1e-05, ""max_epochs"": 3000, ""min_epochs"": 200, ""n_batches"": 20, ""patience"": 100, ""reg_lambda"": 0.1, ""shuffle"": true, ""squash_scale"": 10.0, ""tol"": 0.0005}",linear,0.1,0.5,0.5,True,0,,,,,,1692,,0.0675,False,-0.05534540422096644,0.8695652173913043,1.0,0.9975,0.9675,0.8059701492537313,0.9814323607427056,0.9816679269343885,0.8375,,requires predict_proba,,requires predict_proba,,1.25,success,
llsvm,sar-pi0.1-scalesmall,105,"{""alpha"": 2.0, ""beta"": 1.0, ""early_stopping"": true, ""fit_intercept"": true, ""gamma"": 10.0, ""intercept_scale"": 10.0, ""learning_rate"": 1e-05, ""max_epochs"": 3000, ""min_epochs"": 200, ""n_batches"": 20, ""patience"": 100, ""reg_lambda"": 0.1, ""shuffle"": true, ""squash_scale"": 10.0, ""tol"": 0.0005}",linear,0.1,0.5,0.5,True,0,,,,,,1491,,0.0625,False,-0.04511784511784512,0.8181818181818182,1.0,0.9971527777777778,0.9625,0.7692307692307693,0.9814814814814815,0.9838345410628019,0.8125,,requires predict_proba,,requires predict_proba,,1.0940000000009604,success,
llsvm,sar-pi0.1-scalesmall,106,"{""alpha"": 2.0, ""beta"": 1.0, ""early_stopping"": true, ""fit_intercept"": true, ""gamma"": 10.0, ""intercept_scale"": 10.0, ""learning_rate"": 1e-05, ""max_epochs"": 3000, ""min_epochs"": 200, ""n_batches"": 20, ""patience"": 100, ""reg_lambda"": 0.1, ""shuffle"": true, ""squash_scale"": 10.0, ""tol"": 0.0005}",linear,0.1,0.5,0.5,True,0,,,,,,3000,,0.055,False,-0.04421052631578947,0.8,1.0,0.99625,0.955,0.7096774193548387,0.9842105263157894,0.9679732280550064,0.775,,requires predict_proba,,requires predict_proba,,2.1719999999986612,success,
llsvm,sar-pi0.1-scalesmall,107,"{""alpha"": 2.0, ""beta"": 1.0, ""early_stopping"": true, ""fit_intercept"": true, ""gamma"": 10.0, ""intercept_scale"": 10.0, ""learning_rate"": 1e-05, ""max_epochs"": 3000, ""min_epochs"": 200, ""n_batches"": 20, ""patience"": 100, ""reg_lambda"": 0.1, ""shuffle"": true, ""squash_scale"": 10.0, ""tol"": 0.0005}",linear,0.1,0.5,0.5,True,0,,,,,,1512,,0.0525,False,-0.023502036067481094,0.7222222222222222,1.0,0.9810416666666667,0.9525,0.6885245901639344,0.9790575916230366,0.9428655987151513,0.7625,,requires predict_proba,,requires predict_proba,,1.0930000000007567,success,
llsvm,sar-pi0.1-scalesmall,108,"{""alpha"": 2.0, ""beta"": 1.0, ""early_stopping"": true, ""fit_intercept"": true, ""gamma"": 10.0, ""intercept_scale"": 10.0, ""learning_rate"": 1e-05, ""max_epochs"": 3000, ""min_epochs"": 200, ""n_batches"": 20, ""patience"": 100, ""reg_lambda"": 0.1, ""shuffle"": true, ""squash_scale"": 10.0, ""tol"": 0.0005}",linear,0.1,0.5,0.5,True,0,,,,,,2114,,0.0625,False,-0.056854256854256865,0.8636363636363636,1.0,0.9989583333333333,0.9625,0.7692307692307693,0.9841269841269841,0.9915196105721963,0.8125,,requires predict_proba,,requires predict_proba,,1.5940000000009604,success,
llsvm,sar-pi0.1-scalesmall,109,"{""alpha"": 2.0, ""beta"": 1.0, ""early_stopping"": true, ""fit_intercept"": true, ""gamma"": 10.0, ""intercept_scale"": 10.0, ""learning_rate"": 1e-05, ""max_epochs"": 3000, ""min_epochs"": 200, ""n_batches"": 20, ""patience"": 100, ""reg_lambda"": 0.1, ""shuffle"": true, ""squash_scale"": 10.0, ""tol"": 0.0005}",linear,0.1,0.5,0.5,True,0,,,,,,3000,,0.05,False,-0.03466441406849946,0.7647058823529411,1.0,0.9897222222222222,0.95,0.6666666666666666,0.9817232375979112,0.9533815124690878,0.75,,requires predict_proba,,requires predict_proba,,2.1719999999986612,success,
llsvm,sar-pi0.1-scalesmall,110,"{""alpha"": 2.0, ""beta"": 1.0, ""early_stopping"": true, ""fit_intercept"": true, ""gamma"": 10.0, ""intercept_scale"": 10.0, ""learning_rate"": 1e-05, ""max_epochs"": 3000, ""min_epochs"": 200, ""n_batches"": 20, ""patience"": 100, ""reg_lambda"": 0.1, ""shuffle"": true, ""squash_scale"": 10.0, ""tol"": 0.0005}",linear,0.1,0.5,0.5,True,0,,,,,,3000,,0.0725,False,-0.05733333333333333,0.88,1.0,0.9998611111111111,0.9725,0.8405797101449275,0.9813333333333333,0.998765243902439,0.8625,,requires predict_proba,,requires predict_proba,,2.235000000000582,success,
llsvm,sar-pi0.1-scalesmall,111,"{""alpha"": 2.0, ""beta"": 1.0, ""early_stopping"": true, ""fit_intercept"": true, ""gamma"": 10.0, ""intercept_scale"": 10.0, ""learning_rate"": 1e-05, ""max_epochs"": 3000, ""min_epochs"": 200, ""n_batches"": 20, ""patience"": 100, ""reg_lambda"": 0.1, ""shuffle"": true, ""squash_scale"": 10.0, ""tol"": 0.0005}",linear,0.1,0.5,0.5,True,0,,,,,,1212,,0.0625,False,-0.04894736842105264,0.85,1.0,0.9972916666666667,0.9625,0.7692307692307693,0.9789473684210527,0.9782278595237347,0.8125,,requires predict_proba,,requires predict_proba,,0.8899999999994179,success,
llsvm,sar-pi0.1-scalesmall,112,"{""alpha"": 2.0, ""beta"": 1.0, ""early_stopping"": true, ""fit_intercept"": true, ""gamma"": 10.0, ""intercept_scale"": 10.0, ""learning_rate"": 1e-05, ""max_epochs"": 3000, ""min_epochs"": 200, ""n_batches"": 20, ""patience"": 100, ""reg_lambda"": 0.1, ""shuffle"": true, ""squash_scale"": 10.0, ""tol"": 0.0005}",linear,0.1,0.5,0.5,True,0,,,,,,1725,,0.07,False,-0.018648368123630493,0.7391304347826086,1.0,0.9915972222222222,0.965,0.7941176470588235,0.9708222811671088,0.94393420968322,0.8361111111111111,,requires predict_proba,,requires predict_proba,,1.2809999999990396,success,
llsvm,sar-pi0.1-scalesmall,113,"{""alpha"": 2.0, ""beta"": 1.0, ""early_stopping"": true, ""fit_intercept"": true, ""gamma"": 10.0, ""intercept_scale"": 10.0, ""learning_rate"": 1e-05, ""max_epochs"": 3000, ""min_epochs"": 200, ""n_batches"": 20, ""patience"": 100, ""reg_lambda"": 0.1, ""shuffle"": true, ""squash_scale"": 10.0, ""tol"": 0.0005}",linear,0.1,0.5,0.5,True,0,,,,,,1114,,0.0575,False,-0.0036842105263158037,0.65,1.0,0.9961111111111111,0.9575,0.7301587301587301,0.9736842105263158,0.980291317558278,0.7875,,requires predict_proba,,requires predict_proba,,0.8290000000015425,success,
llsvm,sar-pi0.1-scalesmall,114,"{""alpha"": 2.0, ""beta"": 1.0, ""early_stopping"": true, ""fit_intercept"": true, ""gamma"": 10.0, ""intercept_scale"": 10.0, ""learning_rate"": 1e-05, ""max_epochs"": 3000, ""min_epochs"": 200, ""n_batches"": 20, ""patience"": 100, ""reg_lambda"": 0.1, ""shuffle"": true, ""squash_scale"": 10.0, ""tol"": 0.0005}",linear,0.1,0.5,0.5,True,0,,,,,,754,,0.055,False,-6.907031357923643e-05,0.631578947368421,1.0,0.9988194444444444,0.955,0.7096774193548387,0.973753280839895,0.9901244257257109,0.775,,requires predict_proba,,requires predict_proba,,0.5620000000017171,success,
llsvm,sar-pi0.1-scalesmall,115,"{""alpha"": 2.0, ""beta"": 1.0, ""early_stopping"": true, ""fit_intercept"": true, ""gamma"": 10.0, ""intercept_scale"": 10.0, ""learning_rate"": 1e-05, ""max_epochs"": 3000, ""min_epochs"": 200, ""n_batches"": 20, ""patience"": 100, ""reg_lambda"": 0.1, ""shuffle"": true, ""squash_scale"": 10.0, ""tol"": 0.0005}",linear,0.1,0.5,0.5,True,0,,,,,,1621,,0.0675,False,-0.02335720567910543,0.7619047619047619,1.0,0.9876388888888888,0.9625,0.7761194029850746,0.9709762532981531,0.9334258269584699,0.8236111111111111,,requires predict_proba,,requires predict_proba,,1.1879999999982829,success,
llsvm,sar-pi0.1-scalesmall,116,"{""alpha"": 2.0, ""beta"": 1.0, ""early_stopping"": true, ""fit_intercept"": true, ""gamma"": 10.0, ""intercept_scale"": 10.0, ""learning_rate"": 1e-05, ""max_epochs"": 3000, ""min_epochs"": 200, ""n_batches"": 20, ""patience"": 100, ""reg_lambda"": 0.1, ""shuffle"": true, ""squash_scale"": 10.0, ""tol"": 0.0005}",linear,0.1,0.5,0.5,True,0,,,,,,1183,,0.0625,False,-0.028634250533986688,0.7619047619047619,1.0,0.9984027777777778,0.9625,0.7692307692307693,0.9762532981530343,0.9885984848484848,0.8125,,requires predict_proba,,requires predict_proba,,0.875,success,
llsvm,sar-pi0.1-scalesmall,117,"{""alpha"": 2.0, ""beta"": 1.0, ""early_stopping"": true, ""fit_intercept"": true, ""gamma"": 10.0, ""intercept_scale"": 10.0, ""learning_rate"": 1e-05, ""max_epochs"": 3000, ""min_epochs"": 200, ""n_batches"": 20, ""patience"": 100, ""reg_lambda"": 0.1, ""shuffle"": true, ""squash_scale"": 10.0, ""tol"": 0.0005}",linear,0.1,0.5,0.5,True,0,,,,,,1384,,0.045,False,-0.012554112554112568,0.6666666666666666,1.0,0.9938888888888888,0.945,0.6206896551724138,0.9792207792207792,0.9585300825233398,0.725,,requires predict_proba,,requires predict_proba,,0.9850000000005821,success,
llsvm,sar-pi0.1-scalesmall,118,"{""alpha"": 2.0, ""beta"": 1.0, ""early_stopping"": true, ""fit_intercept"": true, ""gamma"": 10.0, ""intercept_scale"": 10.0, ""learning_rate"": 1e-05, ""max_epochs"": 3000, ""min_epochs"": 200, ""n_batches"": 20, ""patience"": 100, ""reg_lambda"": 0.1, ""shuffle"": true, ""squash_scale"": 10.0, ""tol"": 0.0005}",linear,0.1,0.5,0.5,True,0,,,,,,827,,0.0625,False,-0.016471918582736528,0.7142857142857143,1.0,0.9996527777777778,0.9625,0.7692307692307693,0.9736147757255936,0.9967906478488956,0.8125,,requires predict_proba,,requires predict_proba,,0.625,success,
llsvm,sar-pi0.1-scalesmall,119,"{""alpha"": 2.0, ""beta"": 1.0, ""early_stopping"": true, ""fit_intercept"": true, ""gamma"": 10.0, ""intercept_scale"": 10.0, ""learning_rate"": 1e-05, ""max_epochs"": 3000, ""min_epochs"": 200, ""n_batches"": 20, ""patience"": 100, ""reg_lambda"": 0.1, ""shuffle"": true, ""squash_scale"": 10.0, ""tol"": 0.0005}",linear,0.1,0.5,0.5,True,0,,,,,,1093,,0.0575,False,0.01570658930791545,0.5789473684210527,1.0,0.9976388888888889,0.9575,0.7301587301587301,0.968503937007874,0.9876693766937669,0.7875,,requires predict_proba,,requires predict_proba,,0.7970000000022992,success,
llsvm,sar-pi0.1-scalemid,100,"{""alpha"": 2.0, ""beta"": 1.0, ""early_stopping"": true, ""fit_intercept"": true, ""gamma"": 10.0, ""intercept_scale"": 10.0, ""learning_rate"": 1e-05, ""max_epochs"": 3000, ""min_epochs"": 200, ""n_batches"": 20, ""patience"": 100, ""reg_lambda"": 0.1, ""shuffle"": true, ""squash_scale"": 10.0, ""tol"": 0.0005}",linear,0.1,0.5,0.5,True,0,,,,,,1165,,0.085,False,-0.04611546608447867,0.9381443298969072,1.0,0.9976833333333334,0.985,0.918918918918919,0.9584866001050972,0.9873880703274873,0.925,,requires predict_proba,,requires predict_proba,,1.0779999999977008,success,
llsvm,sar-pi0.1-scalemid,101,"{""alpha"": 2.0, ""beta"": 1.0, ""early_stopping"": true, ""fit_intercept"": true, ""gamma"": 10.0, ""intercept_scale"": 10.0, ""learning_rate"": 1e-05, ""max_epochs"": 3000, ""min_epochs"": 200, ""n_batches"": 20, ""patience"": 100, ""reg_lambda"": 0.1, ""shuffle"": true, ""squash_scale"": 10.0, ""tol"": 0.0005}",linear,0.1,0.5,0.5,True,0,,,,,,872,,0.0895,False,-0.04687822453778101,0.967741935483871,1.0,0.9990333333333334,0.9875,0.9340369393139841,0.9533298374410069,0.9922620039221427,0.9419444444444445,,requires predict_proba,,requires predict_proba,,0.8280000000013388,success,
llsvm,sar-pi0.1-scalemid,102,"{""alpha"": 2.0, ""beta"": 1.0, ""early_stopping"": true, ""fit_intercept"": true, ""gamma"": 10.0, ""intercept_scale"": 10.0, ""learning_rate"": 1e-05, ""max_epochs"": 3000, ""min_epochs"": 200, ""n_batches"": 20, ""patience"": 100, ""reg_lambda"": 0.1, ""shuffle"": true, ""squash_scale"": 10.0, ""tol"": 0.0005}",linear,0.1,0.5,0.5,True,0,,,,,,537,,0.0965,False,-0.0413996733257947,0.9523809523809523,0.9869232667160127,0.9963416666666667,0.9835,0.916030534351145,0.9509234828496043,0.9749122544709472,0.946388888888889,,requires predict_proba,,requires predict_proba,,0.5,success,
llsvm,sar-pi0.1-scalemid,103,"{""alpha"": 2.0, ""beta"": 1.0, ""early_stopping"": true, ""fit_intercept"": true, ""gamma"": 10.0, ""intercept_scale"": 10.0, ""learning_rate"": 1e-05, ""max_epochs"": 3000, ""min_epochs"": 200, ""n_batches"": 20, ""patience"": 100, ""reg_lambda"": 0.1, ""shuffle"": true, ""squash_scale"": 10.0, ""tol"": 0.0005}",linear,0.1,0.5,0.5,True,0,,,,,,1829,,0.0855,False,-0.05602199597537408,0.9622641509433962,1.0,0.9986027777777777,0.9855,0.921832884097035,0.9635691657866948,0.9940552861129497,0.9275,,requires predict_proba,,requires predict_proba,,1.7190000000009604,success,
llsvm,sar-pi0.1-scalemid,104,"{""alpha"": 2.0, ""beta"": 1.0, ""early_stopping"": true, ""fit_intercept"": true, ""gamma"": 10.0, ""intercept_scale"": 10.0, ""learning_rate"": 1e-05, ""max_epochs"": 3000, ""min_epochs"": 200, ""n_batches"": 20, ""patience"": 100, ""reg_lambda"": 0.1, ""shuffle"": true, ""squash_scale"": 10.0, ""tol"": 0.0005}",linear,0.1,0.5,0.5,True,0,,,,,,1088,,0.085,False,-0.048,0.94,1.0,0.9986249999999999,0.984,0.9135135135135135,0.96,0.9918095416052136,0.9222222222222223,,requires predict_proba,,requires predict_proba,,1.0159999999996217,success,
llsvm,sar-pi0.1-scalemid,105,"{""alpha"": 2.0, ""beta"": 1.0, ""early_stopping"": true, ""fit_intercept"": true, ""gamma"": 10.0, ""intercept_scale"": 10.0, ""learning_rate"": 1e-05, ""max_epochs"": 3000, ""min_epochs"": 200, ""n_batches"": 20, ""patience"": 100, ""reg_lambda"": 0.1, ""shuffle"": true, ""squash_scale"": 10.0, ""tol"": 0.0005}",linear,0.1,0.5,0.5,True,0,,,,,,584,,0.077,False,-0.04311525294788894,0.9090909090909091,1.0,0.9974277777777778,0.977,0.8700564971751412,0.9612970711297071,0.9825403960209788,0.885,,requires predict_proba,,requires predict_proba,,0.5469999999986612,success,
llsvm,sar-pi0.1-scalemid,106,"{""alpha"": 2.0, ""beta"": 1.0, ""early_stopping"": true, ""fit_intercept"": true, ""gamma"": 10.0, ""intercept_scale"": 10.0, ""learning_rate"": 1e-05, ""max_epochs"": 3000, ""min_epochs"": 200, ""n_batches"": 20, ""patience"": 100, ""reg_lambda"": 0.1, ""shuffle"": true, ""squash_scale"": 10.0, ""tol"": 0.0005}",linear,0.1,0.5,0.5,True,0,,,,,,1838,,0.087,False,-0.059095719095719104,0.9727272727272728,1.0,0.9984500000000001,0.985,0.9197860962566845,0.9645502645502646,0.9867609388050628,0.9294444444444445,,requires predict_proba,,requires predict_proba,,1.6870000000017171,success,
llsvm,sar-pi0.1-scalemid,107,"{""alpha"": 2.0, ""beta"": 1.0, ""early_stopping"": true, ""fit_intercept"": true, ""gamma"": 10.0, ""intercept_scale"": 10.0, ""learning_rate"": 1e-05, ""max_epochs"": 3000, ""min_epochs"": 200, ""n_batches"": 20, ""patience"": 100, ""reg_lambda"": 0.1, ""shuffle"": true, ""squash_scale"": 10.0, ""tol"": 0.0005}",linear,0.1,0.5,0.5,True,0,,,,,,977,,0.0885,False,-0.04878399991498361,0.9595959595959596,1.0,0.9987222222222223,0.9865,0.9283819628647215,0.9568648079957917,0.9911610246710677,0.9369444444444445,,requires predict_proba,,requires predict_proba,,0.9219999999986612,success,
llsvm,sar-pi0.1-scalemid,108,"{""alpha"": 2.0, ""beta"": 1.0, ""early_stopping"": true, ""fit_intercept"": true, ""gamma"": 10.0, ""intercept_scale"": 10.0, ""learning_rate"": 1e-05, ""max_epochs"": 3000, ""min_epochs"": 200, ""n_batches"": 20, ""patience"": 100, ""reg_lambda"": 0.1, ""shuffle"": true, ""squash_scale"": 10.0, ""tol"": 0.0005}",linear,0.1,0.5,0.5,True,0,,,,,,1781,,0.089,False,-0.05080420193518563,0.9696969696969697,1.0,0.9994027777777778,0.988,0.9365079365079365,0.9568648079957917,0.9951674590249493,0.9422222222222223,,requires predict_proba,,requires predict_proba,,1.6709999999984575,success,
llsvm,sar-pi0.1-scalemid,109,"{""alpha"": 2.0, ""beta"": 1.0, ""early_stopping"": true, ""fit_intercept"": true, ""gamma"": 10.0, ""intercept_scale"": 10.0, ""learning_rate"": 1e-05, ""max_epochs"": 3000, ""min_epochs"": 200, ""n_batches"": 20, ""patience"": 100, ""reg_lambda"": 0.1, ""shuffle"": true, ""squash_scale"": 10.0, ""tol"": 0.0005}",linear,0.1,0.5,0.5,True,0,,,,,,790,,0.095,False,-0.04055032039200905,0.9428571428571428,0.9924812030075189,0.9955888888888889,0.979,0.8923076923076924,0.9519788918205805,0.9688690656469031,0.9305555555555556,,requires predict_proba,,requires predict_proba,,0.7350000000005821,success,
llsvm,sar-pi0.1-scalemid,110,"{""alpha"": 2.0, ""beta"": 1.0, ""early_stopping"": true, ""fit_intercept"": true, ""gamma"": 10.0, ""intercept_scale"": 10.0, ""learning_rate"": 1e-05, ""max_epochs"": 3000, ""min_epochs"": 200, ""n_batches"": 20, ""patience"": 100, ""reg_lambda"": 0.1, ""shuffle"": true, ""squash_scale"": 10.0, ""tol"": 0.0005}",linear,0.1,0.5,0.5,True,0,,,,,,2597,,0.077,False,-0.05023207212461423,0.9418604651162791,1.0,0.9975,0.977,0.8700564971751412,0.9618599791013585,0.9878213142981922,0.885,,requires predict_proba,,requires predict_proba,,2.422000000002299,success,
llsvm,sar-pi0.1-scalemid,111,"{""alpha"": 2.0, ""beta"": 1.0, ""early_stopping"": true, ""fit_intercept"": true, ""gamma"": 10.0, ""intercept_scale"": 10.0, ""learning_rate"": 1e-05, ""max_epochs"": 3000, ""min_epochs"": 200, ""n_batches"": 20, ""patience"": 100, ""reg_lambda"": 0.1, ""shuffle"": true, ""squash_scale"": 10.0, ""tol"": 0.0005}",linear,0.1,0.5,0.5,True,0,,,,,,1108,,0.0825,False,-0.048105263157894734,0.93,1.0,0.9987111111111111,0.9805,0.8931506849315068,0.9621052631578947,0.9898292446229268,0.9069444444444444,,requires predict_proba,,requires predict_proba,,1.0159999999996217,success,
llsvm,sar-pi0.1-scalemid,112,"{""alpha"": 2.0, ""beta"": 1.0, ""early_stopping"": true, ""fit_intercept"": true, ""gamma"": 10.0, ""intercept_scale"": 10.0, ""learning_rate"": 1e-05, ""max_epochs"": 3000, ""min_epochs"": 200, ""n_batches"": 20, ""patience"": 100, ""reg_lambda"": 0.1, ""shuffle"": true, ""squash_scale"": 10.0, ""tol"": 0.0005}",linear,0.1,0.5,0.5,True,0,,,,,,559,,0.086,False,-0.04189473684210527,0.92,1.0,0.9954777777777778,0.98,0.8924731182795699,0.9578947368421052,0.9756906393397483,0.9133333333333333,,requires predict_proba,,requires predict_proba,,0.5149999999994179,success,
llsvm,sar-pi0.1-scalemid,113,"{""alpha"": 2.0, ""beta"": 1.0, ""early_stopping"": true, ""fit_intercept"": true, ""gamma"": 10.0, ""intercept_scale"": 10.0, ""learning_rate"": 1e-05, ""max_epochs"": 3000, ""min_epochs"": 200, ""n_batches"": 20, ""patience"": 100, ""reg_lambda"": 0.1, ""shuffle"": true, ""squash_scale"": 10.0, ""tol"": 0.0005}",linear,0.1,0.5,0.5,True,0,,,,,,918,,0.0825,False,-0.04218479268243543,0.9230769230769231,1.0,0.9986638888888888,0.9815,0.8986301369863013,0.9575694080670508,0.9889226199018054,0.9097222222222222,,requires predict_proba,,requires predict_proba,,0.8440000000009604,success,
llsvm,sar-pi0.1-scalemid,114,"{""alpha"": 2.0, ""beta"": 1.0, ""early_stopping"": true, ""fit_intercept"": true, ""gamma"": 10.0, ""intercept_scale"": 10.0, ""learning_rate"": 1e-05, ""max_epochs"": 3000, ""min_epochs"": 200, ""n_batches"": 20, ""patience"": 100, ""reg_lambda"": 0.1, ""shuffle"": true, ""squash_scale"": 10.0, ""tol"": 0.0005}",linear,0.1,0.5,0.5,True,0,,,,,,867,,0.0815,False,-0.06198894813190439,0.963302752293578,1.0,0.9982361111111111,0.9805,0.8925619834710744,0.9693283976731888,0.9797229597882253,0.9047222222222222,,requires predict_proba,,requires predict_proba,,0.8120000000017171,success,
llsvm,sar-pi0.1-scalemid,115,"{""alpha"": 2.0, ""beta"": 1.0, ""early_stopping"": true, ""fit_intercept"": true, ""gamma"": 10.0, ""intercept_scale"": 10.0, ""learning_rate"": 1e-05, ""max_epochs"": 3000, ""min_epochs"": 200, ""n_batches"": 20, ""patience"": 100, ""reg_lambda"": 0.1, ""shuffle"": true, ""squash_scale"": 10.0, ""tol"": 0.0005}",linear,0.1,0.5,0.5,True,0,,,,,,804,,0.0925,False,-0.045621309209699715,0.9523809523809523,1.0,0.9969194444444444,0.9855,0.9246753246753247,0.9551451187335093,0.979244421622999,0.9430555555555555,,requires predict_proba,,requires predict_proba,,0.75,success,
llsvm,sar-pi0.1-scalemid,116,"{""alpha"": 2.0, ""beta"": 1.0, ""early_stopping"": true, ""fit_intercept"": true, ""gamma"": 10.0, ""intercept_scale"": 10.0, ""learning_rate"": 1e-05, ""max_epochs"": 3000, ""min_epochs"": 200, ""n_batches"": 20, ""patience"": 100, ""reg_lambda"": 0.1, ""shuffle"": true, ""squash_scale"": 10.0, ""tol"": 0.0005}",linear,0.1,0.5,0.5,True,0,,,,,,1021,,0.09,False,-0.04885537247713734,0.9528301886792453,1.0,0.9995638888888889,0.988,0.9368421052631579,0.9582893347412883,0.9963499307109008,0.9444444444444444,,requires predict_proba,,requires predict_proba,,0.9529999999977008,success,
llsvm,sar-pi0.1-scalemid,117,"{""alpha"": 2.0, ""beta"": 1.0, ""early_stopping"": true, ""fit_intercept"": true, ""gamma"": 10.0, ""intercept_scale"": 10.0, ""learning_rate"": 1e-05, ""max_epochs"": 3000, ""min_epochs"": 200, ""n_batches"": 20, ""patience"": 100, ""reg_lambda"": 0.1, ""shuffle"": true, ""squash_scale"": 10.0, ""tol"": 0.0005}",linear,0.1,0.5,0.5,True,0,,,,,,1110,,0.0855,False,-0.053607220418003226,0.9528301886792453,1.0,0.9992166666666666,0.9845,0.9164420485175202,0.9630411826821542,0.9935106285023146,0.9247222222222222,,requires predict_proba,,requires predict_proba,,1.014999999999418,success,
llsvm,sar-pi0.1-scalemid,118,"{""alpha"": 2.0, ""beta"": 1.0, ""early_stopping"": true, ""fit_intercept"": true, ""gamma"": 10.0, ""intercept_scale"": 10.0, ""learning_rate"": 1e-05, ""max_epochs"": 3000, ""min_epochs"": 200, ""n_batches"": 20, ""patience"": 100, ""reg_lambda"": 0.1, ""shuffle"": true, ""squash_scale"": 10.0, ""tol"": 0.0005}",linear,0.1,0.5,0.5,True,0,,,,,,600,,0.0875,False,-0.048662719200827785,0.9587628865979382,1.0,0.9995111111111111,0.9865,0.928,0.9569101418812401,0.9956304502667076,0.9347222222222222,,requires predict_proba,,requires predict_proba,,0.5469999999986612,success,
llsvm,sar-pi0.1-scalemid,119,"{""alpha"": 2.0, ""beta"": 1.0, ""early_stopping"": true, ""fit_intercept"": true, ""gamma"": 10.0, ""intercept_scale"": 10.0, ""learning_rate"": 1e-05, ""max_epochs"": 3000, ""min_epochs"": 200, ""n_batches"": 20, ""patience"": 100, ""reg_lambda"": 0.1, ""shuffle"": true, ""squash_scale"": 10.0, ""tol"": 0.0005}",linear,0.1,0.5,0.5,True,0,,,,,,875,,0.0845,False,-0.044053610414375576,0.9278350515463918,1.0,0.9972666666666665,0.9835,0.9105691056910569,0.9584866001050972,0.9843386723165003,0.9197222222222222,,requires predict_proba,,requires predict_proba,,0.8120000000017171,success,
llsvm,sar-pi0.3-scalesmall,100,"{""alpha"": 2.0, ""beta"": 1.0, ""early_stopping"": true, ""fit_intercept"": true, ""gamma"": 10.0, ""intercept_scale"": 10.0, ""learning_rate"": 1e-05, ""max_epochs"": 3000, ""min_epochs"": 200, ""n_batches"": 20, ""patience"": 100, ""reg_lambda"": 0.1, ""shuffle"": true, ""squash_scale"": 10.0, ""tol"": 0.0005}",linear,0.3,0.5,0.5,True,0,,,,,,1016,,0.22,False,-0.10613026819923371,0.8620689655172413,1.0,0.9998809523809524,0.92,0.8461538461538461,0.8888888888888888,0.9997239155224932,0.8666666666666667,,requires predict_proba,,requires predict_proba,,0.7809999999990396,success,
llsvm,sar-pi0.3-scalesmall,101,"{""alpha"": 2.0, ""beta"": 1.0, ""early_stopping"": true, ""fit_intercept"": true, ""gamma"": 10.0, ""intercept_scale"": 10.0, ""learning_rate"": 1e-05, ""max_epochs"": 3000, ""min_epochs"": 200, ""n_batches"": 20, ""patience"": 100, ""reg_lambda"": 0.1, ""shuffle"": true, ""squash_scale"": 10.0, ""tol"": 0.0005}",linear,0.3,0.5,0.5,True,0,,,,,,690,,0.1825,False,-0.09352941176470586,0.7833333333333333,1.0,0.9975892857142856,0.8825,0.7564766839378239,0.9235294117647059,0.9948473139165426,0.8041666666666667,,requires predict_proba,,requires predict_proba,,0.5469999999986612,success,
llsvm,sar-pi0.3-scalesmall,102,"{""alpha"": 2.0, ""beta"": 1.0, ""early_stopping"": true, ""fit_intercept"": true, ""gamma"": 10.0, ""intercept_scale"": 10.0, ""learning_rate"": 1e-05, ""max_epochs"": 3000, ""min_epochs"": 200, ""n_batches"": 20, ""patience"": 100, ""reg_lambda"": 0.1, ""shuffle"": true, ""squash_scale"": 10.0, ""tol"": 0.0005}",linear,0.3,0.5,0.5,True,0,,,,,,1724,,0.1525,False,-0.11359521252109867,0.7719298245614035,1.0,0.9983928571428572,0.8525,0.6740331491712708,0.9504373177842566,0.9966699758873498,0.7541666666666667,,requires predict_proba,,requires predict_proba,,1.3280000000013388,success,
llsvm,sar-pi0.3-scalesmall,103,"{""alpha"": 2.0, ""beta"": 1.0, ""early_stopping"": true, ""fit_intercept"": true, ""gamma"": 10.0, ""intercept_scale"": 10.0, ""learning_rate"": 1e-05, ""max_epochs"": 3000, ""min_epochs"": 200, ""n_batches"": 20, ""patience"": 100, ""reg_lambda"": 0.1, ""shuffle"": true, ""squash_scale"": 10.0, ""tol"": 0.0005}",linear,0.3,0.5,0.5,True,0,,,,,,1335,,0.2125,False,-0.13852813852813853,0.8571428571428571,1.0,0.9963392857142856,0.9125,0.8292682926829268,0.9242424242424242,0.992963282198525,0.8541666666666667,,requires predict_proba,,requires predict_proba,,1.0309999999990396,success,
llsvm,sar-pi0.3-scalesmall,104,"{""alpha"": 2.0, ""beta"": 1.0, ""early_stopping"": true, ""fit_intercept"": true, ""gamma"": 10.0, ""intercept_scale"": 10.0, ""learning_rate"": 1e-05, ""max_epochs"": 3000, ""min_epochs"": 200, ""n_batches"": 20, ""patience"": 100, ""reg_lambda"": 0.1, ""shuffle"": true, ""squash_scale"": 10.0, ""tol"": 0.0005}",linear,0.3,0.5,0.5,True,0,,,,,,644,,0.2,False,-0.1251497005988024,0.8333333333333334,1.0,0.9990178571428571,0.9,0.8,0.9251497005988024,0.9977802737162951,0.8333333333333333,,requires predict_proba,,requires predict_proba,,0.5,success,
llsvm,sar-pi0.3-scalesmall,105,"{""alpha"": 2.0, ""beta"": 1.0, ""early_stopping"": true, ""fit_intercept"": true, ""gamma"": 10.0, ""intercept_scale"": 10.0, ""learning_rate"": 1e-05, ""max_epochs"": 3000, ""min_epochs"": 200, ""n_batches"": 20, ""patience"": 100, ""reg_lambda"": 0.1, ""shuffle"": true, ""squash_scale"": 10.0, ""tol"": 0.0005}",linear,0.3,0.5,0.5,True,0,,,,,,548,,0.21,False,-0.08256374571300759,0.8135593220338984,1.0,0.9992857142857143,0.91,0.8235294117647058,0.8944281524926686,0.9984075002931543,0.85,,requires predict_proba,,requires predict_proba,,0.4220000000022992,success,
llsvm,sar-pi0.3-scalesmall,106,"{""alpha"": 2.0, ""beta"": 1.0, ""early_stopping"": true, ""fit_intercept"": true, ""gamma"": 10.0, ""intercept_scale"": 10.0, ""learning_rate"": 1e-05, ""max_epochs"": 3000, ""min_epochs"": 200, ""n_batches"": 20, ""patience"": 100, ""reg_lambda"": 0.1, ""shuffle"": true, ""squash_scale"": 10.0, ""tol"": 0.0005}",linear,0.3,0.5,0.5,True,0,,,,,,1426,,0.22,False,-0.11339550657058076,0.8571428571428571,1.0,0.9981845238095238,0.92,0.8461538461538461,0.8991097922848664,0.9962637914882938,0.8666666666666667,,requires predict_proba,,requires predict_proba,,1.1090000000003783,success,
llsvm,sar-pi0.3-scalesmall,107,"{""alpha"": 2.0, ""beta"": 1.0, ""early_stopping"": true, ""fit_intercept"": true, ""gamma"": 10.0, ""intercept_scale"": 10.0, ""learning_rate"": 1e-05, ""max_epochs"": 3000, ""min_epochs"": 200, ""n_batches"": 20, ""patience"": 100, ""reg_lambda"": 0.1, ""shuffle"": true, ""squash_scale"": 10.0, ""tol"": 0.0005}",linear,0.3,0.5,0.5,True,0,,,,,,805,,0.17,False,-0.07752087347463071,0.7592592592592593,1.0,0.9995833333333333,0.87,0.723404255319149,0.9219653179190751,0.9990676370636318,0.7833333333333333,,requires predict_proba,,requires predict_proba,,0.625,success,
llsvm,sar-pi0.3-scalesmall,108,"{""alpha"": 2.0, ""beta"": 1.0, ""early_stopping"": true, ""fit_intercept"": true, ""gamma"": 10.0, ""intercept_scale"": 10.0, ""learning_rate"": 1e-05, ""max_epochs"": 3000, ""min_epochs"": 200, ""n_batches"": 20, ""patience"": 100, ""reg_lambda"": 0.1, ""shuffle"": true, ""squash_scale"": 10.0, ""tol"": 0.0005}",linear,0.3,0.5,0.5,True,0,,,,,,1227,,0.22,False,-0.13085255573286908,0.8852459016393442,1.0,0.9988690476190476,0.92,0.8461538461538461,0.8997050147492626,0.9975158474424839,0.8666666666666667,,requires predict_proba,,requires predict_proba,,0.9529999999977008,success,
llsvm,sar-pi0.3-scalesmall,109,"{""alpha"": 2.0, ""beta"": 1.0, ""early_stopping"": true, ""fit_intercept"": true, ""gamma"": 10.0, ""intercept_scale"": 10.0, ""learning_rate"": 1e-05, ""max_epochs"": 3000, ""min_epochs"": 200, ""n_batches"": 20, ""patience"": 100, ""reg_lambda"": 0.1, ""shuffle"": true, ""squash_scale"": 10.0, ""tol"": 0.0005}",linear,0.3,0.5,0.5,True,0,,,,,,1484,,0.195,False,-0.1430690970750318,0.8571428571428571,1.0,0.9963988095238095,0.895,0.7878787878787878,0.9287833827893175,0.9941702068018187,0.825,,requires predict_proba,,requires predict_proba,,1.1409999999996217,success,
llsvm,sar-pi0.3-scalesmall,110,"{""alpha"": 2.0, ""beta"": 1.0, ""early_stopping"": true, ""fit_intercept"": true, ""gamma"": 10.0, ""intercept_scale"": 10.0, ""learning_rate"": 1e-05, ""max_epochs"": 3000, ""min_epochs"": 200, ""n_batches"": 20, ""patience"": 100, ""reg_lambda"": 0.1, ""shuffle"": true, ""squash_scale"": 10.0, ""tol"": 0.0005}",linear,0.3,0.5,0.5,True,0,,,,,,1448,,0.21,False,-0.12986604768122248,0.8688524590163934,1.0,0.9983630952380953,0.91,0.8235294117647058,0.9085545722713865,0.9966457932386432,0.85,,requires predict_proba,,requires predict_proba,,1.125,success,
llsvm,sar-pi0.3-scalesmall,111,"{""alpha"": 2.0, ""beta"": 1.0, ""early_stopping"": true, ""fit_intercept"": true, ""gamma"": 10.0, ""intercept_scale"": 10.0, ""learning_rate"": 1e-05, ""max_epochs"": 3000, ""min_epochs"": 200, ""n_batches"": 20, ""patience"": 100, ""reg_lambda"": 0.1, ""shuffle"": true, ""squash_scale"": 10.0, ""tol"": 0.0005}",linear,0.3,0.5,0.5,True,0,,,,,,1069,,0.2,False,-0.10739599383667181,0.8305084745762712,1.0,0.9991071428571429,0.9,0.8,0.9090909090909091,0.9978775254914203,0.8333333333333333,,requires predict_proba,,requires predict_proba,,0.8429999999971187,success,
llsvm,sar-pi0.3-scalesmall,112,"{""alpha"": 2.0, ""beta"": 1.0, ""early_stopping"": true, ""fit_intercept"": true, ""gamma"": 10.0, ""intercept_scale"": 10.0, ""learning_rate"": 1e-05, ""max_epochs"": 3000, ""min_epochs"": 200, ""n_batches"": 20, ""patience"": 100, ""reg_lambda"": 0.1, ""shuffle"": true, ""squash_scale"": 10.0, ""tol"": 0.0005}",linear,0.3,0.5,0.5,True,0,,,,,,1306,,0.18,False,-0.11562499999999998,0.796875,1.0,0.9962202380952381,0.88,0.75,0.9375,0.9914679003893223,0.8,,requires predict_proba,,requires predict_proba,,1.0160000000032596,success,
llsvm,sar-pi0.3-scalesmall,113,"{""alpha"": 2.0, ""beta"": 1.0, ""early_stopping"": true, ""fit_intercept"": true, ""gamma"": 10.0, ""intercept_scale"": 10.0, ""learning_rate"": 1e-05, ""max_epochs"": 3000, ""min_epochs"": 200, ""n_batches"": 20, ""patience"": 100, ""reg_lambda"": 0.1, ""shuffle"": true, ""squash_scale"": 10.0, ""tol"": 0.0005}",linear,0.3,0.5,0.5,True,0,,,,,,691,,0.2275,False,-0.08377976190476188,0.828125,1.0,0.999702380952381,0.9275,0.8625592417061612,0.8869047619047619,0.9993396942110178,0.8791666666666667,,requires predict_proba,,requires predict_proba,,0.5309999999990396,success,
llsvm,sar-pi0.3-scalesmall,114,"{""alpha"": 2.0, ""beta"": 1.0, ""early_stopping"": true, ""fit_intercept"": true, ""gamma"": 10.0, ""intercept_scale"": 10.0, ""learning_rate"": 1e-05, ""max_epochs"": 3000, ""min_epochs"": 200, ""n_batches"": 20, ""patience"": 100, ""reg_lambda"": 0.1, ""shuffle"": true, ""squash_scale"": 10.0, ""tol"": 0.0005}",linear,0.3,0.5,0.5,True,0,,,,,,872,,0.2075,False,-0.10324996467429703,0.8253968253968254,1.0,0.9982440476190475,0.9075,0.8177339901477833,0.9080118694362018,0.9962602670864544,0.8458333333333333,,requires predict_proba,,requires predict_proba,,0.6869999999980791,success,
llsvm,sar-pi0.3-scalesmall,115,"{""alpha"": 2.0, ""beta"": 1.0, ""early_stopping"": true, ""fit_intercept"": true, ""gamma"": 10.0, ""intercept_scale"": 10.0, ""learning_rate"": 1e-05, ""max_epochs"": 3000, ""min_epochs"": 200, ""n_batches"": 20, ""patience"": 100, ""reg_lambda"": 0.1, ""shuffle"": true, ""squash_scale"": 10.0, ""tol"": 0.0005}",linear,0.3,0.5,0.5,True,0,,,,,,1462,,0.175,False,-0.08574181117533719,0.7777777777777778,1.0,0.9995833333333334,0.875,0.7368421052631579,0.9190751445086706,0.9990383542324021,0.7916666666666667,,requires predict_proba,,requires predict_proba,,1.125,success,
llsvm,sar-pi0.3-scalesmall,116,"{""alpha"": 2.0, ""beta"": 1.0, ""early_stopping"": true, ""fit_intercept"": true, ""gamma"": 10.0, ""intercept_scale"": 10.0, ""learning_rate"": 1e-05, ""max_epochs"": 3000, ""min_epochs"": 200, ""n_batches"": 20, ""patience"": 100, ""reg_lambda"": 0.1, ""shuffle"": true, ""squash_scale"": 10.0, ""tol"": 0.0005}",linear,0.3,0.5,0.5,True,0,,,,,,500,,0.2125,False,-0.10559267035693834,0.8387096774193549,1.0,0.9998809523809524,0.9125,0.8292682926829268,0.9023668639053254,0.99972564693131,0.8541666666666667,,requires predict_proba,,requires predict_proba,,0.4070000000028813,success,
llsvm,sar-pi0.3-scalesmall,117,"{""alpha"": 2.0, ""beta"": 1.0, ""early_stopping"": true, ""fit_intercept"": true, ""gamma"": 10.0, ""intercept_scale"": 10.0, ""learning_rate"": 1e-05, ""max_epochs"": 3000, ""min_epochs"": 200, ""n_batches"": 20, ""patience"": 100, ""reg_lambda"": 0.1, ""shuffle"": true, ""squash_scale"": 10.0, ""tol"": 0.0005}",linear,0.3,0.5,0.5,True,0,,,,,,833,,0.21,False,-0.12186987424822307,0.864406779661017,1.0,0.9983928571428571,0.91,0.8235294117647058,0.9032258064516129,0.9964647661315129,0.85,,requires predict_proba,,requires predict_proba,,0.6559999999990396,success,
llsvm,sar-pi0.3-scalesmall,118,"{""alpha"": 2.0, ""beta"": 1.0, ""early_stopping"": true, ""fit_intercept"": true, ""gamma"": 10.0, ""intercept_scale"": 10.0, ""learning_rate"": 1e-05, ""max_epochs"": 3000, ""min_epochs"": 200, ""n_batches"": 20, ""patience"": 100, ""reg_lambda"": 0.1, ""shuffle"": true, ""squash_scale"": 10.0, ""tol"": 0.0005}",linear,0.3,0.5,0.5,True,0,,,,,,457,,0.1875,False,-0.09493355481727572,0.8035714285714286,1.0,0.999077380952381,0.8875,0.7692307692307693,0.9127906976744186,0.9978620438989803,0.8125,,requires predict_proba,,requires predict_proba,,0.35900000000037835,success,
llsvm,sar-pi0.3-scalesmall,119,"{""alpha"": 2.0, ""beta"": 1.0, ""early_stopping"": true, ""fit_intercept"": true, ""gamma"": 10.0, ""intercept_scale"": 10.0, ""learning_rate"": 1e-05, ""max_epochs"": 3000, ""min_epochs"": 200, ""n_batches"": 20, ""patience"": 100, ""reg_lambda"": 0.1, ""shuffle"": true, ""squash_scale"": 10.0, ""tol"": 0.0005}",linear,0.3,0.5,0.5,True,0,,,,,,793,,0.2225,False,-0.08973214285714287,0.828125,1.0,0.999375,0.9225,0.8516746411483254,0.8928571428571429,0.9986035340672953,0.8708333333333333,,requires predict_proba,,requires predict_proba,,0.6090000000003783,success,
llsvm,sar-pi0.3-scalemid,100,"{""alpha"": 2.0, ""beta"": 1.0, ""early_stopping"": true, ""fit_intercept"": true, ""gamma"": 10.0, ""intercept_scale"": 10.0, ""learning_rate"": 1e-05, ""max_epochs"": 3000, ""min_epochs"": 200, ""n_batches"": 20, ""patience"": 100, ""reg_lambda"": 0.1, ""shuffle"": true, ""squash_scale"": 10.0, ""tol"": 0.0005}",linear,0.3,0.5,0.5,True,0,,,,,,338,,0.2535,False,-0.1360553418848641,0.9413680781758957,1.0,0.9951047619047619,0.9495,0.9087624209575429,0.8712344949793266,0.9902760741164323,0.9177380952380952,,requires predict_proba,,requires predict_proba,,0.3279999999977008,success,
llsvm,sar-pi0.3-scalemid,101,"{""alpha"": 2.0, ""beta"": 1.0, ""early_stopping"": true, ""fit_intercept"": true, ""gamma"": 10.0, ""intercept_scale"": 10.0, ""learning_rate"": 1e-05, ""max_epochs"": 3000, ""min_epochs"": 200, ""n_batches"": 20, ""patience"": 100, ""reg_lambda"": 0.1, ""shuffle"": true, ""squash_scale"": 10.0, ""tol"": 0.0005}",linear,0.3,0.5,0.5,True,0,,,,,,925,,0.2595,False,-0.12262221346728386,0.9471830985915493,1.0,0.9993047619047619,0.9595,0.9276139410187667,0.8543123543123543,0.9983791491695087,0.9325,,requires predict_proba,,requires predict_proba,,0.875,success,
llsvm,sar-pi0.3-scalemid,102,"{""alpha"": 2.0, ""beta"": 1.0, ""early_stopping"": true, ""fit_intercept"": true, ""gamma"": 10.0, ""intercept_scale"": 10.0, ""learning_rate"": 1e-05, ""max_epochs"": 3000, ""min_epochs"": 200, ""n_batches"": 20, ""patience"": 100, ""reg_lambda"": 0.1, ""shuffle"": true, ""squash_scale"": 10.0, ""tol"": 0.0005}",linear,0.3,0.5,0.5,True,0,,,,,,758,,0.263,False,-0.1323074749187509,0.946031746031746,1.0,0.9981702380952382,0.961,0.9307282415630551,0.8646884272997033,0.9959868103382361,0.9359523809523809,,requires predict_proba,,requires predict_proba,,0.7040000000015425,success,
llsvm,sar-pi0.3-scalemid,103,"{""alpha"": 2.0, ""beta"": 1.0, ""early_stopping"": true, ""fit_intercept"": true, ""gamma"": 10.0, ""intercept_scale"": 10.0, ""learning_rate"": 1e-05, ""max_epochs"": 3000, ""min_epochs"": 200, ""n_batches"": 20, ""patience"": 100, ""reg_lambda"": 0.1, ""shuffle"": true, ""squash_scale"": 10.0, ""tol"": 0.0005}",linear,0.3,0.5,0.5,True,0,,,,,,1179,,0.28,False,-0.12564962313869749,0.9792387543252595,1.0,0.9993821428571429,0.979,0.9637931034482758,0.8381063705435418,0.9987736890000953,0.9654761904761905,,requires predict_proba,,requires predict_proba,,1.125,success,
llsvm,sar-pi0.3-scalemid,104,"{""alpha"": 2.0, ""beta"": 1.0, ""early_stopping"": true, ""fit_intercept"": true, ""gamma"": 10.0, ""intercept_scale"": 10.0, ""learning_rate"": 1e-05, ""max_epochs"": 3000, ""min_epochs"": 200, ""n_batches"": 20, ""patience"": 100, ""reg_lambda"": 0.1, ""shuffle"": true, ""squash_scale"": 10.0, ""tol"": 0.0005}",linear,0.3,0.5,0.5,True,0,,,,,,494,,0.272,False,-0.12570739753838345,0.9628378378378378,1.0,0.9986880952380952,0.969,0.9458041958041958,0.8480046948356808,0.9971697813052491,0.9497619047619048,,requires predict_proba,,requires predict_proba,,0.4680000000007567,success,
llsvm,sar-pi0.3-scalemid,105,"{""alpha"": 2.0, ""beta"": 1.0, ""early_stopping"": true, ""fit_intercept"": true, ""gamma"": 10.0, ""intercept_scale"": 10.0, ""learning_rate"": 1e-05, ""max_epochs"": 3000, ""min_epochs"": 200, ""n_batches"": 20, ""patience"": 100, ""reg_lambda"": 0.1, ""shuffle"": true, ""squash_scale"": 10.0, ""tol"": 0.0005}",linear,0.3,0.5,0.5,True,0,,,,,,367,,0.268,False,-0.12752438575642594,0.9621993127147767,1.0,0.9987761904761905,0.967,0.9419014084507042,0.85020479812756,0.9972733991099882,0.9454761904761906,,requires predict_proba,,requires predict_proba,,0.375,success,
llsvm,sar-pi0.3-scalemid,106,"{""alpha"": 2.0, ""beta"": 1.0, ""early_stopping"": true, ""fit_intercept"": true, ""gamma"": 10.0, ""intercept_scale"": 10.0, ""learning_rate"": 1e-05, ""max_epochs"": 3000, ""min_epochs"": 200, ""n_batches"": 20, ""patience"": 100, ""reg_lambda"": 0.1, ""shuffle"": true, ""squash_scale"": 10.0, ""tol"": 0.0005}",linear,0.3,0.5,0.5,True,0,,,,,,677,,0.2665,False,-0.13851344201357957,0.9641693811074918,1.0,0.9968261904761904,0.9605,0.9302736098852604,0.8600118133490845,0.9926832297048477,0.9370238095238095,,requires predict_proba,,requires predict_proba,,0.6719999999986612,success,
llsvm,sar-pi0.3-scalemid,107,"{""alpha"": 2.0, ""beta"": 1.0, ""early_stopping"": true, ""fit_intercept"": true, ""gamma"": 10.0, ""intercept_scale"": 10.0, ""learning_rate"": 1e-05, ""max_epochs"": 3000, ""min_epochs"": 200, ""n_batches"": 20, ""patience"": 100, ""reg_lambda"": 0.1, ""shuffle"": true, ""squash_scale"": 10.0, ""tol"": 0.0005}",linear,0.3,0.5,0.5,True,0,,,,,,529,,0.267,False,-0.14350599317665663,0.9826989619377162,1.0,0.9991702380952381,0.965,0.9382716049382716,0.8538866160140269,0.9981553332166084,0.9426190476190477,,requires predict_proba,,requires predict_proba,,0.5159999999996217,success,
llsvm,sar-pi0.3-scalemid,108,"{""alpha"": 2.0, ""beta"": 1.0, ""early_stopping"": true, ""fit_intercept"": true, ""gamma"": 10.0, ""intercept_scale"": 10.0, ""learning_rate"": 1e-05, ""max_epochs"": 3000, ""min_epochs"": 200, ""n_batches"": 20, ""patience"": 100, ""reg_lambda"": 0.1, ""shuffle"": true, ""squash_scale"": 10.0, ""tol"": 0.0005}",linear,0.3,0.5,0.5,True,0,,,,,,875,,0.279,False,-0.13270588235294115,0.98,1.0,0.9991595238095239,0.978,0.9620034542314335,0.8447058823529412,0.9981858417877101,0.9638095238095239,,requires predict_proba,,requires predict_proba,,0.8440000000009604,success,
llsvm,sar-pi0.3-scalemid,109,"{""alpha"": 2.0, ""beta"": 1.0, ""early_stopping"": true, ""fit_intercept"": true, ""gamma"": 10.0, ""intercept_scale"": 10.0, ""learning_rate"": 1e-05, ""max_epochs"": 3000, ""min_epochs"": 200, ""n_batches"": 20, ""patience"": 100, ""reg_lambda"": 0.1, ""shuffle"": true, ""squash_scale"": 10.0, ""tol"": 0.0005}",linear,0.3,0.5,0.5,True,0,,,,,,493,,0.2745,False,-0.13078068333651457,0.964516129032258,1.0,0.9957833333333332,0.9645,0.938207136640557,0.8520710059171598,0.9913587088534511,0.9455952380952382,,requires predict_proba,,requires predict_proba,,0.4850000000005821,success,
llsvm,sar-pi0.3-scalemid,110,"{""alpha"": 2.0, ""beta"": 1.0, ""early_stopping"": true, ""fit_intercept"": true, ""gamma"": 10.0, ""intercept_scale"": 10.0, ""learning_rate"": 1e-05, ""max_epochs"": 3000, ""min_epochs"": 200, ""n_batches"": 20, ""patience"": 100, ""reg_lambda"": 0.1, ""shuffle"": true, ""squash_scale"": 10.0, ""tol"": 0.0005}",linear,0.3,0.5,0.5,True,0,,,,,,918,,0.263,False,-0.14010637250073868,0.9753521126760564,1.0,0.9989238095238095,0.963,0.9342806394316163,0.8548951048951049,0.9977730458379437,0.9383333333333334,,requires predict_proba,,requires predict_proba,,0.875,success,
llsvm,sar-pi0.3-scalemid,111,"{""alpha"": 2.0, ""beta"": 1.0, ""early_stopping"": true, ""fit_intercept"": true, ""gamma"": 10.0, ""intercept_scale"": 10.0, ""learning_rate"": 1e-05, ""max_epochs"": 3000, ""min_epochs"": 200, ""n_batches"": 20, ""patience"": 100, ""reg_lambda"": 0.1, ""shuffle"": true, ""squash_scale"": 10.0, ""tol"": 0.0005}",linear,0.3,0.5,0.5,True,0,,,,,,393,,0.26,False,-0.13375232747213422,0.9531772575250836,1.0,0.998529761904762,0.958,0.925,0.8618459729570841,0.9965440412438684,0.930952380952381,,requires predict_proba,,requires predict_proba,,0.3600000000005821,success,
llsvm,sar-pi0.3-scalemid,112,"{""alpha"": 2.0, ""beta"": 1.0, ""early_stopping"": true, ""fit_intercept"": true, ""gamma"": 10.0, ""intercept_scale"": 10.0, ""learning_rate"": 1e-05, ""max_epochs"": 3000, ""min_epochs"": 200, ""n_batches"": 20, ""patience"": 100, ""reg_lambda"": 0.1, ""shuffle"": true, ""squash_scale"": 10.0, ""tol"": 0.0005}",linear,0.3,0.5,0.5,True,0,,,,,,442,,0.2645,False,-0.127508892314521,0.9556313993174061,1.0,0.9974142857142857,0.9605,0.9300265721877768,0.8541300527240774,0.9946359346636398,0.9360714285714286,,requires predict_proba,,requires predict_proba,,0.4059999999990396,success,
llsvm,sar-pi0.3-scalemid,113,"{""alpha"": 2.0, ""beta"": 1.0, ""early_stopping"": true, ""fit_intercept"": true, ""gamma"": 10.0, ""intercept_scale"": 10.0, ""learning_rate"": 1e-05, ""max_epochs"": 3000, ""min_epochs"": 200, ""n_batches"": 20, ""patience"": 100, ""reg_lambda"": 0.1, ""shuffle"": true, ""squash_scale"": 10.0, ""tol"": 0.0005}",linear,0.3,0.5,0.5,True,0,,,,,,489,,0.264,False,-0.12845132848050853,0.9530201342281879,1.0,0.9985261904761905,0.962,0.9326241134751773,0.8566392479435958,0.9964794437828142,0.9376190476190476,,requires predict_proba,,requires predict_proba,,0.4850000000005821,success,
llsvm,sar-pi0.3-scalemid,114,"{""alpha"": 2.0, ""beta"": 1.0, ""early_stopping"": true, ""fit_intercept"": true, ""gamma"": 10.0, ""intercept_scale"": 10.0, ""learning_rate"": 1e-05, ""max_epochs"": 3000, ""min_epochs"": 200, ""n_batches"": 20, ""patience"": 100, ""reg_lambda"": 0.1, ""shuffle"": true, ""squash_scale"": 10.0, ""tol"": 0.0005}",linear,0.3,0.5,0.5,True,0,,,,,,417,,0.247,False,-0.1569631790010937,0.9551282051282052,1.0,0.9969630952380953,0.946,0.9012797074954296,0.8838862559241706,0.9912472776781965,0.9104761904761904,,requires predict_proba,,requires predict_proba,,0.3899999999994179,success,
llsvm,sar-pi0.3-scalemid,115,"{""alpha"": 2.0, ""beta"": 1.0, ""early_stopping"": true, ""fit_intercept"": true, ""gamma"": 10.0, ""intercept_scale"": 10.0, ""learning_rate"": 1e-05, ""max_epochs"": 3000, ""min_epochs"": 200, ""n_batches"": 20, ""patience"": 100, ""reg_lambda"": 0.1, ""shuffle"": true, ""squash_scale"": 10.0, ""tol"": 0.0005}",linear,0.3,0.5,0.5,True,0,,,,,,769,,0.262,False,-0.14208664349553127,0.9638157894736842,1.0,0.997792857142857,0.961,0.9306049822064056,0.8637971698113207,0.9954694461411979,0.9354761904761906,,requires predict_proba,,requires predict_proba,,0.7029999999977008,success,
llsvm,sar-pi0.3-scalemid,116,"{""alpha"": 2.0, ""beta"": 1.0, ""early_stopping"": true, ""fit_intercept"": true, ""gamma"": 10.0, ""intercept_scale"": 10.0, ""learning_rate"": 1e-05, ""max_epochs"": 3000, ""min_epochs"": 200, ""n_batches"": 20, ""patience"": 100, ""reg_lambda"": 0.1, ""shuffle"": true, ""squash_scale"": 10.0, ""tol"": 0.0005}",linear,0.3,0.5,0.5,True,0,,,,,,532,,0.278,False,-0.1297304860845379,0.9678456591639871,1.0,0.9996988095238095,0.976,0.9584775086505191,0.8490230905861457,0.9992796363716042,0.960952380952381,,requires predict_proba,,requires predict_proba,,0.48400000000037835,success,
llsvm,sar-pi0.3-scalemid,117,"{""alpha"": 2.0, ""beta"": 1.0, ""early_stopping"": true, ""fit_intercept"": true, ""gamma"": 10.0, ""intercept_scale"": 10.0, ""learning_rate"": 1e-05, ""max_epochs"": 3000, ""min_epochs"": 200, ""n_batches"": 20, ""patience"": 100, ""reg_lambda"": 0.1, ""shuffle"": true, ""squash_scale"": 10.0, ""tol"": 0.0005}",linear,0.3,0.5,0.5,True,0,,,,,,523,,0.273,False,-0.14305666047909485,0.9691358024691358,1.0,0.9990690476190476,0.97,0.9476439790575916,0.8615751789976134,0.9978321390743656,0.9514285714285715,,requires predict_proba,,requires predict_proba,,0.5,success,
llsvm,sar-pi0.3-scalemid,118,"{""alpha"": 2.0, ""beta"": 1.0, ""early_stopping"": true, ""fit_intercept"": true, ""gamma"": 10.0, ""intercept_scale"": 10.0, ""learning_rate"": 1e-05, ""max_epochs"": 3000, ""min_epochs"": 200, ""n_batches"": 20, ""patience"": 100, ""reg_lambda"": 0.1, ""shuffle"": true, ""squash_scale"": 10.0, ""tol"": 0.0005}",linear,0.3,0.5,0.5,True,0,,,,,,208,,0.2765,False,-0.1371515802227727,0.9863481228668942,1.0,0.9992369047619047,0.9745,0.955767562879445,0.8453427065026362,0.9982390734658537,0.958452380952381,,requires predict_proba,,requires predict_proba,,0.2040000000015425,success,
llsvm,sar-pi0.3-scalemid,119,"{""alpha"": 2.0, ""beta"": 1.0, ""early_stopping"": true, ""fit_intercept"": true, ""gamma"": 10.0, ""intercept_scale"": 10.0, ""learning_rate"": 1e-05, ""max_epochs"": 3000, ""min_epochs"": 200, ""n_batches"": 20, ""patience"": 100, ""reg_lambda"": 0.1, ""shuffle"": true, ""squash_scale"": 10.0, ""tol"": 0.0005}",linear,0.3,0.5,0.5,True,0,,,,,,546,,0.273,False,-0.12771342313327047,0.9663299663299664,1.0,0.9990738095238095,0.972,0.9511343804537522,0.8479154433352907,0.9979661910100366,0.9538095238095239,,requires predict_proba,,requires predict_proba,,0.5149999999994179,success,
llsvm,sar-pi0.5-scalesmall,100,"{""alpha"": 2.0, ""beta"": 1.0, ""early_stopping"": true, ""fit_intercept"": true, ""gamma"": 10.0, ""intercept_scale"": 10.0, ""learning_rate"": 1e-05, ""max_epochs"": 3000, ""min_epochs"": 200, ""n_batches"": 20, ""patience"": 100, ""reg_lambda"": 0.1, ""shuffle"": true, ""squash_scale"": 10.0, ""tol"": 0.0005}",linear,0.5,0.5,0.5,True,0,,,,,,780,,0.3575,False,-0.14678687008784097,0.8571428571428571,1.0,0.9987250000000001,0.8575,0.8338192419825073,0.7896440129449838,0.9987591239785748,0.8574999999999999,,requires predict_proba,,requires predict_proba,,0.6100000000005821,success,
llsvm,sar-pi0.5-scalesmall,101,"{""alpha"": 2.0, ""beta"": 1.0, ""early_stopping"": true, ""fit_intercept"": true, ""gamma"": 10.0, ""intercept_scale"": 10.0, ""learning_rate"": 1e-05, ""max_epochs"": 3000, ""min_epochs"": 200, ""n_batches"": 20, ""patience"": 100, ""reg_lambda"": 0.1, ""shuffle"": true, ""squash_scale"": 10.0, ""tol"": 0.0005}",linear,0.5,0.5,0.5,True,0,,,,,,278,,0.32,False,-0.15271681807355997,0.8144329896907216,1.0,0.993475,0.82,0.7804878048780488,0.8382838283828383,0.9948131790077007,0.8200000000000001,,requires predict_proba,,requires predict_proba,,0.2180000000007567,success,
llsvm,sar-pi0.5-scalesmall,102,"{""alpha"": 2.0, ""beta"": 1.0, ""early_stopping"": true, ""fit_intercept"": true, ""gamma"": 10.0, ""intercept_scale"": 10.0, ""learning_rate"": 1e-05, ""max_epochs"": 3000, ""min_epochs"": 200, ""n_batches"": 20, ""patience"": 100, ""reg_lambda"": 0.1, ""shuffle"": true, ""squash_scale"": 10.0, ""tol"": 0.0005}",linear,0.5,0.5,0.5,True,0,,,,,,1178,,0.29,False,-0.22894119295296134,0.8494623655913979,1.0,0.998225,0.79,0.7341772151898734,0.8794788273615635,0.9982527768295689,0.79,,requires predict_proba,,requires predict_proba,,0.9059999999990396,success,
llsvm,sar-pi0.5-scalesmall,103,"{""alpha"": 2.0, ""beta"": 1.0, ""early_stopping"": true, ""fit_intercept"": true, ""gamma"": 10.0, ""intercept_scale"": 10.0, ""learning_rate"": 1e-05, ""max_epochs"": 3000, ""min_epochs"": 200, ""n_batches"": 20, ""patience"": 100, ""reg_lambda"": 0.1, ""shuffle"": true, ""squash_scale"": 10.0, ""tol"": 0.0005}",linear,0.5,0.5,0.5,True,0,,,,,,1272,,0.4,False,-0.21473354231974923,0.9181818181818182,1.0,0.998375,0.9,0.8888888888888888,0.7965517241379311,0.9984122790347336,0.9,,requires predict_proba,,requires predict_proba,,1.0,success,
llsvm,sar-pi0.5-scalesmall,104,"{""alpha"": 2.0, ""beta"": 1.0, ""early_stopping"": true, ""fit_intercept"": true, ""gamma"": 10.0, ""intercept_scale"": 10.0, ""learning_rate"": 1e-05, ""max_epochs"": 3000, ""min_epochs"": 200, ""n_batches"": 20, ""patience"": 100, ""reg_lambda"": 0.1, ""shuffle"": true, ""squash_scale"": 10.0, ""tol"": 0.0005}",linear,0.5,0.5,0.5,True,0,,,,,,533,,0.3575,False,-0.16084969700983476,0.8514851485148515,1.0,0.99865,0.8575,0.8338192419825073,0.8093645484949833,0.9987229822430752,0.8574999999999999,,requires predict_proba,,requires predict_proba,,0.4220000000022992,success,
llsvm,sar-pi0.5-scalesmall,105,"{""alpha"": 2.0, ""beta"": 1.0, ""early_stopping"": true, ""fit_intercept"": true, ""gamma"": 10.0, ""intercept_scale"": 10.0, ""learning_rate"": 1e-05, ""max_epochs"": 3000, ""min_epochs"": 200, ""n_batches"": 20, ""patience"": 100, ""reg_lambda"": 0.1, ""shuffle"": true, ""squash_scale"": 10.0, ""tol"": 0.0005}",linear,0.5,0.5,0.5,True,0,,,,,,536,,0.41,False,-0.18,0.92,1.0,0.9993749999999999,0.91,0.9010989010989011,0.76,0.9994007050397514,0.9099999999999999,,requires predict_proba,,requires predict_proba,,0.4219999999986612,success,
llsvm,sar-pi0.5-scalesmall,106,"{""alpha"": 2.0, ""beta"": 1.0, ""early_stopping"": true, ""fit_intercept"": true, ""gamma"": 10.0, ""intercept_scale"": 10.0, ""learning_rate"": 1e-05, ""max_epochs"": 3000, ""min_epochs"": 200, ""n_batches"": 20, ""patience"": 100, ""reg_lambda"": 0.1, ""shuffle"": true, ""squash_scale"": 10.0, ""tol"": 0.0005}",linear,0.5,0.5,0.5,True,0,,,,,,966,,0.3825,False,-0.1827273955939992,0.8979591836734694,1.0,0.9977,0.8825,0.8668555240793201,0.7847682119205298,0.9977964143067531,0.8825000000000001,,requires predict_proba,,requires predict_proba,,0.7350000000005821,success,
llsvm,sar-pi0.5-scalesmall,107,"{""alpha"": 2.0, ""beta"": 1.0, ""early_stopping"": true, ""fit_intercept"": true, ""gamma"": 10.0, ""intercept_scale"": 10.0, ""learning_rate"": 1e-05, ""max_epochs"": 3000, ""min_epochs"": 200, ""n_batches"": 20, ""patience"": 100, ""reg_lambda"": 0.1, ""shuffle"": true, ""squash_scale"": 10.0, ""tol"": 0.0005}",linear,0.5,0.5,0.5,True,0,,,,,,615,,0.335,False,-0.11901205590525976,0.8131868131868132,1.0,0.9994999999999999,0.835,0.8023952095808383,0.8058252427184466,0.9995137394575146,0.835,,requires predict_proba,,requires predict_proba,,0.4850000000005821,success,
llsvm,sar-pi0.5-scalesmall,108,"{""alpha"": 2.0, ""beta"": 1.0, ""early_stopping"": true, ""fit_intercept"": true, ""gamma"": 10.0, ""intercept_scale"": 10.0, ""learning_rate"": 1e-05, ""max_epochs"": 3000, ""min_epochs"": 200, ""n_batches"": 20, ""patience"": 100, ""reg_lambda"": 0.1, ""shuffle"": true, ""squash_scale"": 10.0, ""tol"": 0.0005}",linear,0.5,0.5,0.5,True,0,,,,,,747,,0.3425,False,-0.1816461684011353,0.8571428571428571,1.0,0.999125,0.8425,0.8130563798219584,0.8245033112582781,0.9991474797620407,0.8425,,requires predict_proba,,requires predict_proba,,0.5930000000007567,success,
llsvm,sar-pi0.5-scalesmall,109,"{""alpha"": 2.0, ""beta"": 1.0, ""early_stopping"": true, ""fit_intercept"": true, ""gamma"": 10.0, ""intercept_scale"": 10.0, ""learning_rate"": 1e-05, ""max_epochs"": 3000, ""min_epochs"": 200, ""n_batches"": 20, ""patience"": 100, ""reg_lambda"": 0.1, ""shuffle"": true, ""squash_scale"": 10.0, ""tol"": 0.0005}",linear,0.5,0.5,0.5,True,0,,,,,,1017,,0.3375,False,-0.21931944024967281,0.8787878787878788,1.0,0.99745,0.8375,0.8059701492537313,0.840531561461794,0.997674707685921,0.8375,,requires predict_proba,,requires predict_proba,,0.7809999999990396,success,
llsvm,sar-pi0.5-scalesmall,110,"{""alpha"": 2.0, ""beta"": 1.0, ""early_stopping"": true, ""fit_intercept"": true, ""gamma"": 10.0, ""intercept_scale"": 10.0, ""learning_rate"": 1e-05, ""max_epochs"": 3000, ""min_epochs"": 200, ""n_batches"": 20, ""patience"": 100, ""reg_lambda"": 0.1, ""shuffle"": true, ""squash_scale"": 10.0, ""tol"": 0.0005}",linear,0.5,0.5,0.5,True,0,,,,,,1141,,0.435,False,-0.18861985472154963,0.9428571428571428,1.0,0.999475,0.935,0.93048128342246,0.7457627118644068,0.9994911874597318,0.935,,requires predict_proba,,requires predict_proba,,0.875,success,
llsvm,sar-pi0.5-scalesmall,111,"{""alpha"": 2.0, ""beta"": 1.0, ""early_stopping"": true, ""fit_intercept"": true, ""gamma"": 10.0, ""intercept_scale"": 10.0, ""learning_rate"": 1e-05, ""max_epochs"": 3000, ""min_epochs"": 200, ""n_batches"": 20, ""patience"": 100, ""reg_lambda"": 0.1, ""shuffle"": true, ""squash_scale"": 10.0, ""tol"": 0.0005}",linear,0.5,0.5,0.5,True,0,,,,,,748,,0.3725,False,-0.19752599026187656,0.8921568627450981,1.0,0.99935,0.8725,0.8538681948424068,0.8053691275167785,0.9993577567730847,0.8725,,requires predict_proba,,requires predict_proba,,0.5940000000009604,success,
llsvm,sar-pi0.5-scalesmall,112,"{""alpha"": 2.0, ""beta"": 1.0, ""early_stopping"": true, ""fit_intercept"": true, ""gamma"": 10.0, ""intercept_scale"": 10.0, ""learning_rate"": 1e-05, ""max_epochs"": 3000, ""min_epochs"": 200, ""n_batches"": 20, ""patience"": 100, ""reg_lambda"": 0.1, ""shuffle"": true, ""squash_scale"": 10.0, ""tol"": 0.0005}",linear,0.5,0.5,0.5,True,0,,,,,,919,,0.3675,False,-0.17209977353194478,0.8598130841121495,1.0,0.9982749999999999,0.8675,0.8472622478386167,0.8122866894197952,0.9982382551631406,0.8674999999999999,,requires predict_proba,,requires predict_proba,,0.7030000000013388,success,
llsvm,sar-pi0.5-scalesmall,113,"{""alpha"": 2.0, ""beta"": 1.0, ""early_stopping"": true, ""fit_intercept"": true, ""gamma"": 10.0, ""intercept_scale"": 10.0, ""learning_rate"": 1e-05, ""max_epochs"": 3000, ""min_epochs"": 200, ""n_batches"": 20, ""patience"": 100, ""reg_lambda"": 0.1, ""shuffle"": true, ""squash_scale"": 10.0, ""tol"": 0.0005}",linear,0.5,0.5,0.5,True,0,,,,,,609,,0.425,False,-0.16343825665859568,0.9142857142857143,1.0,0.99975,0.925,0.918918918918919,0.7491525423728813,0.9997530764928995,0.925,,requires predict_proba,,requires predict_proba,,0.4690000000009604,success,
llsvm,sar-pi0.5-scalesmall,114,"{""alpha"": 2.0, ""beta"": 1.0, ""early_stopping"": true, ""fit_intercept"": true, ""gamma"": 10.0, ""intercept_scale"": 10.0, ""learning_rate"": 1e-05, ""max_epochs"": 3000, ""min_epochs"": 200, ""n_batches"": 20, ""patience"": 100, ""reg_lambda"": 0.1, ""shuffle"": true, ""squash_scale"": 10.0, ""tol"": 0.0005}",linear,0.5,0.5,0.5,True,0,,,,,,587,,0.375,False,-0.17958030669895075,0.8761904761904762,1.0,0.9985250000000001,0.875,0.8571428571428571,0.8033898305084746,0.9984535140300191,0.875,,requires predict_proba,,requires predict_proba,,0.4529999999977008,success,
llsvm,sar-pi0.5-scalesmall,115,"{""alpha"": 2.0, ""beta"": 1.0, ""early_stopping"": true, ""fit_intercept"": true, ""gamma"": 10.0, ""intercept_scale"": 10.0, ""learning_rate"": 1e-05, ""max_epochs"": 3000, ""min_epochs"": 200, ""n_batches"": 20, ""patience"": 100, ""reg_lambda"": 0.1, ""shuffle"": true, ""squash_scale"": 10.0, ""tol"": 0.0005}",linear,0.5,0.5,0.5,True,0,,,,,,889,,0.32,False,-0.17137210615471488,0.8369565217391305,1.0,0.9994,0.82,0.7804878048780488,0.8344155844155844,0.9993977662775213,0.8200000000000001,,requires predict_proba,,requires predict_proba,,0.6879999999982829,success,
llsvm,sar-pi0.5-scalesmall,116,"{""alpha"": 2.0, ""beta"": 1.0, ""early_stopping"": true, ""fit_intercept"": true, ""gamma"": 10.0, ""intercept_scale"": 10.0, ""learning_rate"": 1e-05, ""max_epochs"": 3000, ""min_epochs"": 200, ""n_batches"": 20, ""patience"": 100, ""reg_lambda"": 0.1, ""shuffle"": true, ""squash_scale"": 10.0, ""tol"": 0.0005}",linear,0.5,0.5,0.5,True,0,,,,,,540,,0.4025,False,-0.18357678641926567,0.9117647058823529,1.0,0.998425,0.9025,0.8919667590027701,0.7718120805369127,0.9987347829084446,0.9025000000000001,,requires predict_proba,,requires predict_proba,,0.4209999999984575,success,
llsvm,sar-pi0.5-scalesmall,117,"{""alpha"": 2.0, ""beta"": 1.0, ""early_stopping"": true, ""fit_intercept"": true, ""gamma"": 10.0, ""intercept_scale"": 10.0, ""learning_rate"": 1e-05, ""max_epochs"": 3000, ""min_epochs"": 200, ""n_batches"": 20, ""patience"": 100, ""reg_lambda"": 0.1, ""shuffle"": true, ""squash_scale"": 10.0, ""tol"": 0.0005}",linear,0.5,0.5,0.5,True,0,,,,,,528,,0.39,False,-0.16918444421761764,0.8969072164948454,1.0,0.998575,0.89,0.8764044943820225,0.7722772277227723,0.9986467539349199,0.89,,requires predict_proba,,requires predict_proba,,0.4059999999990396,success,
llsvm,sar-pi0.5-scalesmall,118,"{""alpha"": 2.0, ""beta"": 1.0, ""early_stopping"": true, ""fit_intercept"": true, ""gamma"": 10.0, ""intercept_scale"": 10.0, ""learning_rate"": 1e-05, ""max_epochs"": 3000, ""min_epochs"": 200, ""n_batches"": 20, ""patience"": 100, ""reg_lambda"": 0.1, ""shuffle"": true, ""squash_scale"": 10.0, ""tol"": 0.0005}",linear,0.5,0.5,0.5,True,0,,,,,,340,,0.3525,False,-0.14750796819726103,0.8494623655913979,1.0,0.9993249999999999,0.8525,0.8269794721407625,0.7980456026058632,0.9993235135143687,0.8525,,requires predict_proba,,requires predict_proba,,0.2819999999992433,success,
llsvm,sar-pi0.5-scalesmall,119,"{""alpha"": 2.0, ""beta"": 1.0, ""early_stopping"": true, ""fit_intercept"": true, ""gamma"": 10.0, ""intercept_scale"": 10.0, ""learning_rate"": 1e-05, ""max_epochs"": 3000, ""min_epochs"": 200, ""n_batches"": 20, ""patience"": 100, ""reg_lambda"": 0.1, ""shuffle"": true, ""squash_scale"": 10.0, ""tol"": 0.0005}",linear,0.5,0.5,0.5,True,0,,,,,,623,,0.36,False,-0.1419135029898484,0.851063829787234,1.0,0.99825,0.86,0.8372093023255814,0.7908496732026143,0.9984153171173679,0.86,,requires predict_proba,,requires predict_proba,,0.48400000000037835,success,
llsvm,sar-pi0.5-scalemid,100,"{""alpha"": 2.0, ""beta"": 1.0, ""early_stopping"": true, ""fit_intercept"": true, ""gamma"": 10.0, ""intercept_scale"": 10.0, ""learning_rate"": 1e-05, ""max_epochs"": 3000, ""min_epochs"": 200, ""n_batches"": 20, ""patience"": 100, ""reg_lambda"": 0.1, ""shuffle"": true, ""squash_scale"": 10.0, ""tol"": 0.0005}",linear,0.5,0.5,0.5,True,0,,,,,,300,,0.4345,False,-0.17483086130627118,0.944672131147541,1.0,0.996151,0.9335,0.9288389513108615,0.7301587301587301,0.9963952542877427,0.9335,,requires predict_proba,,requires predict_proba,,0.2959999999984575,success,
llsvm,sar-pi0.5-scalemid,101,"{""alpha"": 2.0, ""beta"": 1.0, ""early_stopping"": true, ""fit_intercept"": true, ""gamma"": 10.0, ""intercept_scale"": 10.0, ""learning_rate"": 1e-05, ""max_epochs"": 3000, ""min_epochs"": 200, ""n_batches"": 20, ""patience"": 100, ""reg_lambda"": 0.1, ""shuffle"": true, ""squash_scale"": 10.0, ""tol"": 0.0005}",linear,0.5,0.5,0.5,True,0,,,,,,267,,0.4405,False,-0.18633746919906674,0.9607438016528925,1.0,0.998151,0.9375,0.9335459861775651,0.7255936675461742,0.9981218979603054,0.9375,,requires predict_proba,,requires predict_proba,,0.26600000000325963,success,
llsvm,sar-pi0.5-scalemid,102,"{""alpha"": 2.0, ""beta"": 1.0, ""early_stopping"": true, ""fit_intercept"": true, ""gamma"": 10.0, ""intercept_scale"": 10.0, ""learning_rate"": 1e-05, ""max_epochs"": 3000, ""min_epochs"": 200, ""n_batches"": 20, ""patience"": 100, ""reg_lambda"": 0.1, ""shuffle"": true, ""squash_scale"": 10.0, ""tol"": 0.0005}",linear,0.5,0.5,0.5,True,0,,,,,,425,,0.4555,False,-0.1810303684090092,0.9611650485436893,1.0,0.997212,0.9465,0.9440083725798012,0.7198653198653199,0.9972062559971441,0.9465,,requires predict_proba,,requires predict_proba,,0.4059999999990396,success,
llsvm,sar-pi0.5-scalemid,103,"{""alpha"": 2.0, ""beta"": 1.0, ""early_stopping"": true, ""fit_intercept"": true, ""gamma"": 10.0, ""intercept_scale"": 10.0, ""learning_rate"": 1e-05, ""max_epochs"": 3000, ""min_epochs"": 200, ""n_batches"": 20, ""patience"": 100, ""reg_lambda"": 0.1, ""shuffle"": true, ""squash_scale"": 10.0, ""tol"": 0.0005}",linear,0.5,0.5,0.5,True,0,,,,,,1096,,0.4815,False,-0.1740243652913494,0.9957805907172996,1.0,0.999388,0.9785,0.97809475292919,0.6782437745740498,0.9994151369437316,0.9784999999999999,,requires predict_proba,,requires predict_proba,,1.0469999999986612,success,
llsvm,sar-pi0.5-scalemid,104,"{""alpha"": 2.0, ""beta"": 1.0, ""early_stopping"": true, ""fit_intercept"": true, ""gamma"": 10.0, ""intercept_scale"": 10.0, ""learning_rate"": 1e-05, ""max_epochs"": 3000, ""min_epochs"": 200, ""n_batches"": 20, ""patience"": 100, ""reg_lambda"": 0.1, ""shuffle"": true, ""squash_scale"": 10.0, ""tol"": 0.0005}",linear,0.5,0.5,0.5,True,0,,,,,,401,,0.472,False,-0.17650221885427164,0.9817444219066938,1.0,0.999158,0.969,0.9681069958847737,0.694757796947578,0.9991676218867739,0.969,,requires predict_proba,,requires predict_proba,,0.39099999999962165,success,
llsvm,sar-pi0.5-scalemid,105,"{""alpha"": 2.0, ""beta"": 1.0, ""early_stopping"": true, ""fit_intercept"": true, ""gamma"": 10.0, ""intercept_scale"": 10.0, ""learning_rate"": 1e-05, ""max_epochs"": 3000, ""min_epochs"": 200, ""n_batches"": 20, ""patience"": 100, ""reg_lambda"": 0.1, ""shuffle"": true, ""squash_scale"": 10.0, ""tol"": 0.0005}",linear,0.5,0.5,0.5,True,0,,,,,,389,,0.483,False,-0.16995586113233174,0.9841269841269841,1.0,0.999256,0.979,0.9786368260427264,0.6858288770053476,0.9992557764426627,0.979,,requires predict_proba,,requires predict_proba,,0.375,success,
llsvm,sar-pi0.5-scalemid,106,"{""alpha"": 2.0, ""beta"": 1.0, ""early_stopping"": true, ""fit_intercept"": true, ""gamma"": 10.0, ""intercept_scale"": 10.0, ""learning_rate"": 1e-05, ""max_epochs"": 3000, ""min_epochs"": 200, ""n_batches"": 20, ""patience"": 100, ""reg_lambda"": 0.1, ""shuffle"": true, ""squash_scale"": 10.0, ""tol"": 0.0005}",linear,0.5,0.5,0.5,True,0,,,,,,591,,0.44,False,-0.20053408203331152,0.9625984251968503,1.0,0.9979490000000001,0.939,0.9351063829787234,0.7379356568364611,0.9980273023015892,0.9390000000000001,,requires predict_proba,,requires predict_proba,,0.5620000000017171,success,
llsvm,sar-pi0.5-scalemid,107,"{""alpha"": 2.0, ""beta"": 1.0, ""early_stopping"": true, ""fit_intercept"": true, ""gamma"": 10.0, ""intercept_scale"": 10.0, ""learning_rate"": 1e-05, ""max_epochs"": 3000, ""min_epochs"": 200, ""n_batches"": 20, ""patience"": 100, ""reg_lambda"": 0.1, ""shuffle"": true, ""squash_scale"": 10.0, ""tol"": 0.0005}",linear,0.5,0.5,0.5,True,0,,,,,,436,,0.4665,False,-0.19068082065938552,0.9896907216494846,1.0,0.999182,0.9645,0.9632695292291774,0.700990099009901,0.9991754385562358,0.9645,,requires predict_proba,,requires predict_proba,,0.4219999999986612,success,
llsvm,sar-pi0.5-scalemid,108,"{""alpha"": 2.0, ""beta"": 1.0, ""early_stopping"": true, ""fit_intercept"": true, ""gamma"": 10.0, ""intercept_scale"": 10.0, ""learning_rate"": 1e-05, ""max_epochs"": 3000, ""min_epochs"": 200, ""n_batches"": 20, ""patience"": 100, ""reg_lambda"": 0.1, ""shuffle"": true, ""squash_scale"": 10.0, ""tol"": 0.0005}",linear,0.5,0.5,0.5,True,0,,,,,,718,,0.483,False,-0.18128309494676553,0.9902152641878669,1.0,0.999468,0.98,0.9796541200406917,0.6910678307588985,0.999478259528647,0.98,,requires predict_proba,,requires predict_proba,,0.6880000000019209,success,
llsvm,sar-pi0.5-scalemid,109,"{""alpha"": 2.0, ""beta"": 1.0, ""early_stopping"": true, ""fit_intercept"": true, ""gamma"": 10.0, ""intercept_scale"": 10.0, ""learning_rate"": 1e-05, ""max_epochs"": 3000, ""min_epochs"": 200, ""n_batches"": 20, ""patience"": 100, ""reg_lambda"": 0.1, ""shuffle"": true, ""squash_scale"": 10.0, ""tol"": 0.0005}",linear,0.5,0.5,0.5,True,0,,,,,,709,,0.4495,False,-0.19418344519015662,0.9666666666666667,1.0,0.9987919999999999,0.9495,0.94681411269089,0.72751677852349,0.9988448225678349,0.9495,,requires predict_proba,,requires predict_proba,,0.6559999999990396,success,
llsvm,sar-pi0.5-scalemid,110,"{""alpha"": 2.0, ""beta"": 1.0, ""early_stopping"": true, ""fit_intercept"": true, ""gamma"": 10.0, ""intercept_scale"": 10.0, ""learning_rate"": 1e-05, ""max_epochs"": 3000, ""min_epochs"": 200, ""n_batches"": 20, ""patience"": 100, ""reg_lambda"": 0.1, ""shuffle"": true, ""squash_scale"": 10.0, ""tol"": 0.0005}",linear,0.5,0.5,0.5,True,0,,,,,,807,,0.4625,False,-0.19304613627722667,0.9895615866388309,1.0,0.9992920000000001,0.9625,0.961038961038961,0.7034845496383958,0.9993118772391625,0.9625,,requires predict_proba,,requires predict_proba,,0.7659999999996217,success,
llsvm,sar-pi0.5-scalemid,111,"{""alpha"": 2.0, ""beta"": 1.0, ""early_stopping"": true, ""fit_intercept"": true, ""gamma"": 10.0, ""intercept_scale"": 10.0, ""learning_rate"": 1e-05, ""max_epochs"": 3000, ""min_epochs"": 200, ""n_batches"": 20, ""patience"": 100, ""reg_lambda"": 0.1, ""shuffle"": true, ""squash_scale"": 10.0, ""tol"": 0.0005}",linear,0.5,0.5,0.5,True,0,,,,,,603,,0.479,False,-0.186978535589029,0.988394584139265,1.0,0.9993510000000001,0.975,0.9744637385086823,0.698583951449764,0.9993413486869063,0.975,,requires predict_proba,,requires predict_proba,,0.5620000000017171,success,
llsvm,sar-pi0.5-scalemid,112,"{""alpha"": 2.0, ""beta"": 1.0, ""early_stopping"": true, ""fit_intercept"": true, ""gamma"": 10.0, ""intercept_scale"": 10.0, ""learning_rate"": 1e-05, ""max_epochs"": 3000, ""min_epochs"": 200, ""n_batches"": 20, ""patience"": 100, ""reg_lambda"": 0.1, ""shuffle"": true, ""squash_scale"": 10.0, ""tol"": 0.0005}",linear,0.5,0.5,0.5,True,0,,,,,,523,,0.4465,False,-0.2038649622512011,0.9758064516129032,1.0,0.9994590000000001,0.9465,0.9434759640781828,0.7280585106382979,0.999470545851046,0.9465,,requires predict_proba,,requires predict_proba,,0.48400000000037835,success,
llsvm,sar-pi0.5-scalemid,113,"{""alpha"": 2.0, ""beta"": 1.0, ""early_stopping"": true, ""fit_intercept"": true, ""gamma"": 10.0, ""intercept_scale"": 10.0, ""learning_rate"": 1e-05, ""max_epochs"": 3000, ""min_epochs"": 200, ""n_batches"": 20, ""patience"": 100, ""reg_lambda"": 0.1, ""shuffle"": true, ""squash_scale"": 10.0, ""tol"": 0.0005}",linear,0.5,0.5,0.5,True,0,,,,,,516,,0.4795,False,-0.16999999999999998,0.982,1.0,0.998469,0.9765,0.9760081674323634,0.688,0.998683169246197,0.9764999999999999,,requires predict_proba,,requires predict_proba,,0.5,success,
llsvm,sar-pi0.5-scalemid,114,"{""alpha"": 2.0, ""beta"": 1.0, ""early_stopping"": true, ""fit_intercept"": true, ""gamma"": 10.0, ""intercept_scale"": 10.0, ""learning_rate"": 1e-05, ""max_epochs"": 3000, ""min_epochs"": 200, ""n_batches"": 20, ""patience"": 100, ""reg_lambda"": 0.1, ""shuffle"": true, ""squash_scale"": 10.0, ""tol"": 0.0005}",linear,0.5,0.5,0.5,True,0,,,,,,268,,0.4365,False,-0.2054388590638973,0.9659318637274549,1.0,0.9968840000000001,0.9345,0.9300587293112653,0.7395069953364424,0.9955715928863311,0.9345,,requires predict_proba,,requires predict_proba,,0.26599999999962165,success,
llsvm,sar-pi0.5-scalemid,115,"{""alpha"": 2.0, ""beta"": 1.0, ""early_stopping"": true, ""fit_intercept"": true, ""gamma"": 10.0, ""intercept_scale"": 10.0, ""learning_rate"": 1e-05, ""max_epochs"": 3000, ""min_epochs"": 200, ""n_batches"": 20, ""patience"": 100, ""reg_lambda"": 0.1, ""shuffle"": true, ""squash_scale"": 10.0, ""tol"": 0.0005}",linear,0.5,0.5,0.5,True,0,,,,,,639,,0.45,False,-0.18799999999999994,0.966,1.0,0.998252,0.95,0.9473684210526315,0.722,0.9983808868250429,0.95,,requires predict_proba,,requires predict_proba,,0.6090000000003783,success,
llsvm,sar-pi0.5-scalemid,116,"{""alpha"": 2.0, ""beta"": 1.0, ""early_stopping"": true, ""fit_intercept"": true, ""gamma"": 10.0, ""intercept_scale"": 10.0, ""learning_rate"": 1e-05, ""max_epochs"": 3000, ""min_epochs"": 200, ""n_batches"": 20, ""patience"": 100, ""reg_lambda"": 0.1, ""shuffle"": true, ""squash_scale"": 10.0, ""tol"": 0.0005}",linear,0.5,0.5,0.5,True,0,,,,,,390,,0.486,False,-0.17733333333333334,0.994,1.0,0.999518,0.985,0.9847870182555781,0.6833333333333333,0.999552438414759,0.985,,requires predict_proba,,requires predict_proba,,0.35900000000037835,success,
llsvm,sar-pi0.5-scalemid,117,"{""alpha"": 2.0, ""beta"": 1.0, ""early_stopping"": true, ""fit_intercept"": true, ""gamma"": 10.0, ""intercept_scale"": 10.0, ""learning_rate"": 1e-05, ""max_epochs"": 3000, ""min_epochs"": 200, ""n_batches"": 20, ""patience"": 100, ""reg_lambda"": 0.1, ""shuffle"": true, ""squash_scale"": 10.0, ""tol"": 0.0005}",linear,0.5,0.5,0.5,True,0,,,,,,352,,0.476,False,-0.1842119642641084,0.9826589595375722,1.0,0.998507,0.972,0.9713114754098361,0.7015530047265361,0.9985691924360088,0.972,,requires predict_proba,,requires predict_proba,,0.3279999999977008,success,
llsvm,sar-pi0.5-scalemid,118,"{""alpha"": 2.0, ""beta"": 1.0, ""early_stopping"": true, ""fit_intercept"": true, ""gamma"": 10.0, ""intercept_scale"": 10.0, ""learning_rate"": 1e-05, ""max_epochs"": 3000, ""min_epochs"": 200, ""n_batches"": 20, ""patience"": 100, ""reg_lambda"": 0.1, ""shuffle"": true, ""squash_scale"": 10.0, ""tol"": 0.0005}",linear,0.5,0.5,0.5,True,0,,,,,,230,,0.4665,False,-0.19416633133729355,0.9860834990059643,1.0,0.999301,0.9635,0.9622348680807036,0.7080828323313293,0.9992830941348277,0.9635,,requires predict_proba,,requires predict_proba,,0.21900000000096043,success,
llsvm,sar-pi0.5-scalemid,119,"{""alpha"": 2.0, ""beta"": 1.0, ""early_stopping"": true, ""fit_intercept"": true, ""gamma"": 10.0, ""intercept_scale"": 10.0, ""learning_rate"": 1e-05, ""max_epochs"": 3000, ""min_epochs"": 200, ""n_batches"": 20, ""patience"": 100, ""reg_lambda"": 0.1, ""shuffle"": true, ""squash_scale"": 10.0, ""tol"": 0.0005}",linear,0.5,0.5,0.5,True,0,,,,,,377,,0.466,False,-0.17484795242600348,0.9755102040816327,1.0,0.99854,0.961,0.9596273291925466,0.6993377483443709,0.9985780077359081,0.9610000000000001,,requires predict_proba,,requires predict_proba,,0.35900000000037835,success,
