algorithm,scenario,seed,params,mechanism,class_prior,label_frequency,real_h,pi_h_well_conditioned,warning_count,diag_converged,diag_n_iter,diag_c_estimate,diag_cond_number,diag_correction_fraction,diag_n_epochs,diag_n_acs_iter,pred_positive_rate,degenerate_prediction,pu_zero_one_risk,pu_recall,pu_estimated_precision,pu_auc_roc,pu_accuracy,pu_f1,pu_negative_rate,average_precision,balanced_accuracy,brier_score,brier_score_unavailable_reason,expected_calibration_error,expected_calibration_error_unavailable_reason,ece_buckets_api,elapsed_seconds,status,failure_reason
llsvm,scar-pi0.1-scalesmall,100,"{""alpha"": 2.0, ""beta"": 1.0, ""early_stopping"": true, ""fit_intercept"": true, ""gamma"": 10.0, ""intercept_scale"": 10.0, ""learning_rate"": 2e-05, ""max_epochs"": 3000, ""min_epochs"": 200, ""n_batches"": 20, ""patience"": 100, ""reg_lambda"": 1.0, ""shuffle"": true, ""squash_scale"": 10.0, ""tol"": 0.0005}",scar,0.1,0.5,0.5,True,0,,,,,,894,,0.0625,False,-0.005346042271031914,0.6842105263157895,1.0,0.9941666666666666,0.9625,0.7692307692307693,0.968503937007874,0.982505081300813,0.8125,,requires predict_proba,,requires predict_proba,,0.6559999999990396,success,
llsvm,scar-pi0.1-scalesmall,101,"{""alpha"": 2.0, ""beta"": 1.0, ""early_stopping"": true, ""fit_intercept"": true, ""gamma"": 10.0, ""intercept_scale"": 10.0, ""learning_rate"": 2e-05, ""max_epochs"": 3000, ""min_epochs"": 200, ""n_batches"": 20, ""patience"": 100, ""reg_lambda"": 1.0, ""shuffle"": true, ""squash_scale"": 10.0, ""tol"": 0.0005}",scar,0.1,0.5,0.5,True,0,,,,,,565,,0.06,False,-0.015648632926119843,0.7222222222222222,1.0,0.9963888888888889,0.96,0.75,0.9712041884816754,0.9717858141858822,0.8,,requires predict_proba,,requires predict_proba,,0.4070000000028813,success,
llsvm,scar-pi0.1-scalesmall,102,"{""alpha"": 2.0, ""beta"": 1.0, ""early_stopping"": true, ""fit_intercept"": true, ""gamma"": 10.0, ""intercept_scale"": 10.0, ""learning_rate"": 2e-05, ""max_epochs"": 3000, ""min_epochs"": 200, ""n_batches"": 20, ""patience"": 100, ""reg_lambda"": 1.0, ""shuffle"": true, ""squash_scale"": 10.0, ""tol"": 0.0005}",scar,0.1,0.5,0.5,True,0,,,,,,1232,,0.055,False,-0.012225153913808268,0.6666666666666666,1.0,0.9761805555555556,0.955,0.7096774193548387,0.978891820580475,0.9128202341640792,0.775,,requires predict_proba,,requires predict_proba,,0.9369999999980791,success,
llsvm,scar-pi0.1-scalesmall,103,"{""alpha"": 2.0, ""beta"": 1.0, ""early_stopping"": true, ""fit_intercept"": true, ""gamma"": 10.0, ""intercept_scale"": 10.0, ""learning_rate"": 2e-05, ""max_epochs"": 3000, ""min_epochs"": 200, ""n_batches"": 20, ""patience"": 100, ""reg_lambda"": 1.0, ""shuffle"": true, ""squash_scale"": 10.0, ""tol"": 0.0005}",scar,0.1,0.5,0.5,True,0,,,,,,697,,0.07,False,-0.027999999999999997,0.76,1.0,0.9961805555555556,0.97,0.8235294117647058,0.976,0.9731365166059803,0.85,,requires predict_proba,,requires predict_proba,,0.5310000000026776,success,
llsvm,scar-pi0.1-scalesmall,104,"{""alpha"": 2.0, ""beta"": 1.0, ""early_stopping"": true, ""fit_intercept"": true, ""gamma"": 10.0, ""intercept_scale"": 10.0, ""learning_rate"": 2e-05, ""max_epochs"": 3000, ""min_epochs"": 200, ""n_batches"": 20, ""patience"": 100, ""reg_lambda"": 1.0, ""shuffle"": true, ""squash_scale"": 10.0, ""tol"": 0.0005}",scar,0.1,0.5,0.5,True,0,,,,,,473,,0.0725,False,-0.014666666666666661,0.72,0.993103448275862,0.9998611111111111,0.9725,0.8405797101449275,0.9706666666666667,0.998765243902439,0.8625,,requires predict_proba,,requires predict_proba,,0.35899999999674037,success,
llsvm,scar-pi0.1-scalesmall,105,"{""alpha"": 2.0, ""beta"": 1.0, ""early_stopping"": true, ""fit_intercept"": true, ""gamma"": 10.0, ""intercept_scale"": 10.0, ""learning_rate"": 2e-05, ""max_epochs"": 3000, ""min_epochs"": 200, ""n_batches"": 20, ""patience"": 100, ""reg_lambda"": 1.0, ""shuffle"": true, ""squash_scale"": 10.0, ""tol"": 0.0005}",scar,0.1,0.5,0.5,True,0,,,,,,449,,0.07,False,-0.006666666666666668,0.68,0.9714285714285714,0.9995138888888888,0.97,0.8235294117647058,0.9706666666666667,0.9961141304347825,0.85,,requires predict_proba,,requires predict_proba,,0.3440000000009604,success,
llsvm,scar-pi0.1-scalesmall,106,"{""alpha"": 2.0, ""beta"": 1.0, ""early_stopping"": true, ""fit_intercept"": true, ""gamma"": 10.0, ""intercept_scale"": 10.0, ""learning_rate"": 2e-05, ""max_epochs"": 3000, ""min_epochs"": 200, ""n_batches"": 20, ""patience"": 100, ""reg_lambda"": 1.0, ""shuffle"": true, ""squash_scale"": 10.0, ""tol"": 0.0005}",scar,0.1,0.5,0.5,True,0,,,,,,1033,,0.05,False,0.013684210526315799,0.55,1.0,0.9943055555555556,0.95,0.6666666666666666,0.9763157894736842,0.9530528526560615,0.75,,requires predict_proba,,requires predict_proba,,0.7970000000022992,success,
llsvm,scar-pi0.1-scalesmall,107,"{""alpha"": 2.0, ""beta"": 1.0, ""early_stopping"": true, ""fit_intercept"": true, ""gamma"": 10.0, ""intercept_scale"": 10.0, ""learning_rate"": 2e-05, ""max_epochs"": 3000, ""min_epochs"": 200, ""n_batches"": 20, ""patience"": 100, ""reg_lambda"": 1.0, ""shuffle"": true, ""squash_scale"": 10.0, ""tol"": 0.0005}",scar,0.1,0.5,0.5,True,0,,,,,,727,,0.0475,False,0.012449098312972653,0.5555555555555556,1.0,0.9854166666666667,0.9475,0.6440677966101694,0.9764397905759162,0.951299834710062,0.7375,,requires predict_proba,,requires predict_proba,,0.5309999999990396,success,
llsvm,scar-pi0.1-scalesmall,108,"{""alpha"": 2.0, ""beta"": 1.0, ""early_stopping"": true, ""fit_intercept"": true, ""gamma"": 10.0, ""intercept_scale"": 10.0, ""learning_rate"": 2e-05, ""max_epochs"": 3000, ""min_epochs"": 200, ""n_batches"": 20, ""patience"": 100, ""reg_lambda"": 1.0, ""shuffle"": true, ""squash_scale"": 10.0, ""tol"": 0.0005}",scar,0.1,0.5,0.5,True,0,,,,,,792,,0.065,False,-0.018999518999519016,0.7272727272727273,1.0,0.9978472222222222,0.965,0.7878787878787878,0.9735449735449735,0.982914004081831,0.825,,requires predict_proba,,requires predict_proba,,0.6100000000005821,success,
llsvm,scar-pi0.1-scalesmall,109,"{""alpha"": 2.0, ""beta"": 1.0, ""early_stopping"": true, ""fit_intercept"": true, ""gamma"": 10.0, ""intercept_scale"": 10.0, ""learning_rate"": 2e-05, ""max_epochs"": 3000, ""min_epochs"": 200, ""n_batches"": 20, ""patience"": 100, ""reg_lambda"": 1.0, ""shuffle"": true, ""squash_scale"": 10.0, ""tol"": 0.0005}",scar,0.1,0.5,0.5,True,0,,,,,,1344,,0.045,False,-0.025510674243587772,0.7058823529411765,1.0,0.9838888888888888,0.945,0.6206896551724138,0.9843342036553525,0.9311177943188508,0.725,,requires predict_proba,,requires predict_proba,,1.0309999999990396,success,
llsvm,scar-pi0.1-scalesmall,110,"{""alpha"": 2.0, ""beta"": 1.0, ""early_stopping"": true, ""fit_intercept"": true, ""gamma"": 10.0, ""intercept_scale"": 10.0, ""learning_rate"": 2e-05, ""max_epochs"": 3000, ""min_epochs"": 200, ""n_batches"": 20, ""patience"": 100, ""reg_lambda"": 1.0, ""shuffle"": true, ""squash_scale"": 10.0, ""tol"": 0.0005}",scar,0.1,0.5,0.5,True,0,,,,,,1144,,0.0775,False,-0.052611367127496166,0.8571428571428571,1.0,0.9997916666666666,0.9775,0.8732394366197183,0.9811827956989247,0.9981845238095237,0.8875,,requires predict_proba,,requires predict_proba,,0.8909999999996217,success,
llsvm,scar-pi0.1-scalesmall,111,"{""alpha"": 2.0, ""beta"": 1.0, ""early_stopping"": true, ""fit_intercept"": true, ""gamma"": 10.0, ""intercept_scale"": 10.0, ""learning_rate"": 2e-05, ""max_epochs"": 3000, ""min_epochs"": 200, ""n_batches"": 20, ""patience"": 100, ""reg_lambda"": 1.0, ""shuffle"": true, ""squash_scale"": 10.0, ""tol"": 0.0005}",scar,0.1,0.5,0.5,True,0,,,,,,653,,0.0575,False,-0.0237463738085371,0.7368421052631579,1.0,0.99625,0.9575,0.7301587301587301,0.9763779527559056,0.9719245976199363,0.7875,,requires predict_proba,,requires predict_proba,,0.5,success,
llsvm,scar-pi0.1-scalesmall,112,"{""alpha"": 2.0, ""beta"": 1.0, ""early_stopping"": true, ""fit_intercept"": true, ""gamma"": 10.0, ""intercept_scale"": 10.0, ""learning_rate"": 2e-05, ""max_epochs"": 3000, ""min_epochs"": 200, ""n_batches"": 20, ""patience"": 100, ""reg_lambda"": 1.0, ""shuffle"": true, ""squash_scale"": 10.0, ""tol"": 0.0005}",scar,0.1,0.5,0.5,True,0,,,,,,724,,0.0775,False,-0.020000000000000004,0.76,0.9806451612903228,0.9952777777777778,0.9775,0.8732394366197183,0.968,0.965204230883447,0.8875,,requires predict_proba,,requires predict_proba,,0.5459999999984575,success,
llsvm,scar-pi0.1-scalesmall,113,"{""alpha"": 2.0, ""beta"": 1.0, ""early_stopping"": true, ""fit_intercept"": true, ""gamma"": 10.0, ""intercept_scale"": 10.0, ""learning_rate"": 2e-05, ""max_epochs"": 3000, ""min_epochs"": 200, ""n_batches"": 20, ""patience"": 100, ""reg_lambda"": 1.0, ""shuffle"": true, ""squash_scale"": 10.0, ""tol"": 0.0005}",scar,0.1,0.5,0.5,True,0,,,,,,634,,0.0625,False,0.001827801827801831,0.6363636363636364,1.0,0.9983333333333333,0.9625,0.7692307692307693,0.9708994708994709,0.9902480158730158,0.8125,,requires predict_proba,,requires predict_proba,,0.5,success,
llsvm,scar-pi0.1-scalesmall,114,"{""alpha"": 2.0, ""beta"": 1.0, ""early_stopping"": true, ""fit_intercept"": true, ""gamma"": 10.0, ""intercept_scale"": 10.0, ""learning_rate"": 2e-05, ""max_epochs"": 3000, ""min_epochs"": 200, ""n_batches"": 20, ""patience"": 100, ""reg_lambda"": 1.0, ""shuffle"": true, ""squash_scale"": 10.0, ""tol"": 0.0005}",scar,0.1,0.5,0.5,True,0,,,,,,344,,0.055,False,0.026232905097389153,0.5263157894736842,0.9569377990430622,0.9972222222222222,0.955,0.7096774193548387,0.968503937007874,0.979987418100625,0.775,,requires predict_proba,,requires predict_proba,,0.26600000000325963,success,
llsvm,scar-pi0.1-scalesmall,115,"{""alpha"": 2.0, ""beta"": 1.0, ""early_stopping"": true, ""fit_intercept"": true, ""gamma"": 10.0, ""intercept_scale"": 10.0, ""learning_rate"": 2e-05, ""max_epochs"": 3000, ""min_epochs"": 200, ""n_batches"": 20, ""patience"": 100, ""reg_lambda"": 1.0, ""shuffle"": true, ""squash_scale"": 10.0, ""tol"": 0.0005}",scar,0.1,0.5,0.5,True,0,,,,,,963,,0.0275,False,0.05684226693288283,0.29411764705882354,1.0,0.996875,0.9275,0.43137254901960786,0.9843342036553525,0.9743024101849469,0.6375,,requires predict_proba,,requires predict_proba,,0.7189999999973224,success,
llsvm,scar-pi0.1-scalesmall,116,"{""alpha"": 2.0, ""beta"": 1.0, ""early_stopping"": true, ""fit_intercept"": true, ""gamma"": 10.0, ""intercept_scale"": 10.0, ""learning_rate"": 2e-05, ""max_epochs"": 3000, ""min_epochs"": 200, ""n_batches"": 20, ""patience"": 100, ""reg_lambda"": 1.0, ""shuffle"": true, ""squash_scale"": 10.0, ""tol"": 0.0005}",scar,0.1,0.5,0.5,True,0,,,,,,529,,0.0575,False,0.002133548610310232,0.6086956521739131,1.0,0.9993055555555556,0.9575,0.7301587301587301,0.9761273209549072,0.9941122901488756,0.7875,,requires predict_proba,,requires predict_proba,,0.4070000000028813,success,
llsvm,scar-pi0.1-scalesmall,117,"{""alpha"": 2.0, ""beta"": 1.0, ""early_stopping"": true, ""fit_intercept"": true, ""gamma"": 10.0, ""intercept_scale"": 10.0, ""learning_rate"": 2e-05, ""max_epochs"": 3000, ""min_epochs"": 200, ""n_batches"": 20, ""patience"": 100, ""reg_lambda"": 1.0, ""shuffle"": true, ""squash_scale"": 10.0, ""tol"": 0.0005}",scar,0.1,0.5,0.5,True,0,,,,,,736,,0.0525,False,-0.002693742229589735,0.631578947368421,1.0,0.9952777777777778,0.9525,0.6885245901639344,0.9763779527559056,0.9677241937594104,0.7625,,requires predict_proba,,requires predict_proba,,0.5619999999980791,success,
llsvm,scar-pi0.1-scalesmall,118,"{""alpha"": 2.0, ""beta"": 1.0, ""early_stopping"": true, ""fit_intercept"": true, ""gamma"": 10.0, ""intercept_scale"": 10.0, ""learning_rate"": 2e-05, ""max_epochs"": 3000, ""min_epochs"": 200, ""n_batches"": 20, ""patience"": 100, ""reg_lambda"": 1.0, ""shuffle"": true, ""squash_scale"": 10.0, ""tol"": 0.0005}",scar,0.1,0.5,0.5,True,0,,,,,,510,,0.055,False,0.006315789473684219,0.6,1.0,0.9979861111111111,0.955,0.7096774193548387,0.9736842105263158,0.982380982544206,0.775,,requires predict_proba,,requires predict_proba,,0.39099999999962165,success,
llsvm,scar-pi0.1-scalesmall,119,"{""alpha"": 2.0, ""beta"": 1.0, ""early_stopping"": true, ""fit_intercept"": true, ""gamma"": 10.0, ""intercept_scale"": 10.0, ""learning_rate"": 2e-05, ""max_epochs"": 3000, ""min_epochs"": 200, ""n_batches"": 20, ""patience"": 100, ""reg_lambda"": 1.0, ""shuffle"": true, ""squash_scale"": 10.0, ""tol"": 0.0005}",scar,0.1,0.5,0.5,True,0,,,,,,564,,0.035,False,0.07264069264069264,0.26666666666666666,0.7619047619047619,0.9959027777777777,0.935,0.5185185185185185,0.974025974025974,0.9824441896236751,0.675,,requires predict_proba,,requires predict_proba,,0.4220000000022992,success,
llsvm,scar-pi0.1-scalemid,100,"{""alpha"": 2.0, ""beta"": 1.0, ""early_stopping"": true, ""fit_intercept"": true, ""gamma"": 10.0, ""intercept_scale"": 10.0, ""learning_rate"": 2e-05, ""max_epochs"": 3000, ""min_epochs"": 200, ""n_batches"": 20, ""patience"": 100, ""reg_lambda"": 1.0, ""shuffle"": true, ""squash_scale"": 10.0, ""tol"": 0.0005}",scar,0.1,0.5,0.5,True,0,,,,,,620,,0.095,False,-0.04483933787731256,0.9615384615384616,1.0,0.9983694444444444,0.993,0.9641025641025641,0.9525316455696202,0.9900797732695034,0.9694444444444444,,requires predict_proba,,requires predict_proba,,0.6090000000003783,success,
llsvm,scar-pi0.1-scalemid,101,"{""alpha"": 2.0, ""beta"": 1.0, ""early_stopping"": true, ""fit_intercept"": true, ""gamma"": 10.0, ""intercept_scale"": 10.0, ""learning_rate"": 2e-05, ""max_epochs"": 3000, ""min_epochs"": 200, ""n_batches"": 20, ""patience"": 100, ""reg_lambda"": 1.0, ""shuffle"": true, ""squash_scale"": 10.0, ""tol"": 0.0005}",scar,0.1,0.5,0.5,True,0,,,,,,1785,,0.0915,False,-0.02943448460628252,0.9042553191489362,0.9882571793977445,0.9993722222222222,0.9905,0.9503916449086162,0.9485834207764953,0.99556983740829,0.9547222222222222,,requires predict_proba,,requires predict_proba,,1.7189999999973224,success,
llsvm,scar-pi0.1-scalemid,102,"{""alpha"": 2.0, ""beta"": 1.0, ""early_stopping"": true, ""fit_intercept"": true, ""gamma"": 10.0, ""intercept_scale"": 10.0, ""learning_rate"": 2e-05, ""max_epochs"": 3000, ""min_epochs"": 200, ""n_batches"": 20, ""patience"": 100, ""reg_lambda"": 1.0, ""shuffle"": true, ""squash_scale"": 10.0, ""tol"": 0.0005}",scar,0.1,0.5,0.5,True,0,,,,,,869,,0.0935,False,-0.03171859785783837,0.9038461538461539,0.9666803784450845,0.9995527777777777,0.9925,0.9612403100775194,0.9509493670886076,0.9961738665106645,0.9647222222222223,,requires predict_proba,,requires predict_proba,,0.8440000000009604,success,
llsvm,scar-pi0.1-scalemid,103,"{""alpha"": 2.0, ""beta"": 1.0, ""early_stopping"": true, ""fit_intercept"": true, ""gamma"": 10.0, ""intercept_scale"": 10.0, ""learning_rate"": 2e-05, ""max_epochs"": 3000, ""min_epochs"": 200, ""n_batches"": 20, ""patience"": 100, ""reg_lambda"": 1.0, ""shuffle"": true, ""squash_scale"": 10.0, ""tol"": 0.0005}",scar,0.1,0.5,0.5,True,0,,,,,,299,,0.987,False,0.9098874921768493,0.908256880733945,0.09202197373190932,0.05114166666666668,0.088,0.1609935602575897,0.008461131676361713,0.05271785644153922,0.43777777777777777,,requires predict_proba,,requires predict_proba,,0.2959999999984575,success,
llsvm,scar-pi0.1-scalemid,104,"{""alpha"": 2.0, ""beta"": 1.0, ""early_stopping"": true, ""fit_intercept"": true, ""gamma"": 10.0, ""intercept_scale"": 10.0, ""learning_rate"": 2e-05, ""max_epochs"": 3000, ""min_epochs"": 200, ""n_batches"": 20, ""patience"": 100, ""reg_lambda"": 1.0, ""shuffle"": true, ""squash_scale"": 10.0, ""tol"": 0.0005}",scar,0.1,0.5,0.5,True,0,,,,,,313,,0.091,False,-0.03613523652573558,0.912621359223301,1.0,0.9987861111111112,0.989,0.9424083769633508,0.9536109646810754,0.9917446077143611,0.9494444444444445,,requires predict_proba,,requires predict_proba,,0.31300000000192085,success,
llsvm,scar-pi0.1-scalemid,105,"{""alpha"": 2.0, ""beta"": 1.0, ""early_stopping"": true, ""fit_intercept"": true, ""gamma"": 10.0, ""intercept_scale"": 10.0, ""learning_rate"": 2e-05, ""max_epochs"": 3000, ""min_epochs"": 200, ""n_batches"": 20, ""patience"": 100, ""reg_lambda"": 1.0, ""shuffle"": true, ""squash_scale"": 10.0, ""tol"": 0.0005}",scar,0.1,0.5,0.5,True,0,,,,,,324,,0.089,False,-0.027036429511329035,0.896551724137931,1.0,0.9992222222222222,0.988,0.9365079365079365,0.9477260846837429,0.9936994156476533,0.9422222222222223,,requires predict_proba,,requires predict_proba,,0.31199999999807915,success,
llsvm,scar-pi0.1-scalemid,106,"{""alpha"": 2.0, ""beta"": 1.0, ""early_stopping"": true, ""fit_intercept"": true, ""gamma"": 10.0, ""intercept_scale"": 10.0, ""learning_rate"": 2e-05, ""max_epochs"": 3000, ""min_epochs"": 200, ""n_batches"": 20, ""patience"": 100, ""reg_lambda"": 1.0, ""shuffle"": true, ""squash_scale"": 10.0, ""tol"": 0.0005}",scar,0.1,0.5,0.5,True,0,,,,,,599,,0.0955,False,-0.04904255319148937,0.95,0.9947643979057592,0.9983777777777778,0.9885,0.9411764705882353,0.9590425531914893,0.985752873748025,0.9580555555555555,,requires predict_proba,,requires predict_proba,,0.5940000000009604,success,
llsvm,scar-pi0.1-scalemid,107,"{""alpha"": 2.0, ""beta"": 1.0, ""early_stopping"": true, ""fit_intercept"": true, ""gamma"": 10.0, ""intercept_scale"": 10.0, ""learning_rate"": 2e-05, ""max_epochs"": 3000, ""min_epochs"": 200, ""n_batches"": 20, ""patience"": 100, ""reg_lambda"": 1.0, ""shuffle"": true, ""squash_scale"": 10.0, ""tol"": 0.0005}",scar,0.1,0.5,0.5,True,0,,,,,,776,,0.091,False,-0.03089597736646013,0.8867924528301887,0.9744972009122954,0.9988888888888888,0.989,0.9424083769633508,0.9535374868004224,0.9918747723482757,0.9494444444444445,,requires predict_proba,,requires predict_proba,,0.75,success,
llsvm,scar-pi0.1-scalemid,108,"{""alpha"": 2.0, ""beta"": 1.0, ""early_stopping"": true, ""fit_intercept"": true, ""gamma"": 10.0, ""intercept_scale"": 10.0, ""learning_rate"": 2e-05, ""max_epochs"": 3000, ""min_epochs"": 200, ""n_batches"": 20, ""patience"": 100, ""reg_lambda"": 1.0, ""shuffle"": true, ""squash_scale"": 10.0, ""tol"": 0.0005}",scar,0.1,0.5,0.5,True,0,,,,,,990,,0.0945,False,-0.03895946456462045,0.956989247311828,1.0,0.9995222222222222,0.9925,0.961439588688946,0.9475616151022549,0.9960407681536596,0.9669444444444445,,requires predict_proba,,requires predict_proba,,0.9530000000013388,success,
llsvm,scar-pi0.1-scalemid,109,"{""alpha"": 2.0, ""beta"": 1.0, ""early_stopping"": true, ""fit_intercept"": true, ""gamma"": 10.0, ""intercept_scale"": 10.0, ""learning_rate"": 2e-05, ""max_epochs"": 3000, ""min_epochs"": 200, ""n_batches"": 20, ""patience"": 100, ""reg_lambda"": 1.0, ""shuffle"": true, ""squash_scale"": 10.0, ""tol"": 0.0005}",scar,0.1,0.5,0.5,True,0,,,,,,889,,0.0925,False,-0.034821353634393315,0.9065420560747663,0.9800454660267744,0.9984916666666667,0.9885,0.9402597402597402,0.9535129424194401,0.9896137291379925,0.9513888888888888,,requires predict_proba,,requires predict_proba,,0.8440000000009604,success,
llsvm,scar-pi0.1-scalemid,110,"{""alpha"": 2.0, ""beta"": 1.0, ""early_stopping"": true, ""fit_intercept"": true, ""gamma"": 10.0, ""intercept_scale"": 10.0, ""learning_rate"": 2e-05, ""max_epochs"": 3000, ""min_epochs"": 200, ""n_batches"": 20, ""patience"": 100, ""reg_lambda"": 1.0, ""shuffle"": true, ""squash_scale"": 10.0, ""tol"": 0.0005}",scar,0.1,0.5,0.5,True,0,,,,,,904,,0.091,False,-0.030588652354429174,0.9195402298850575,1.0,0.9988583333333333,0.991,0.9528795811518325,0.9466806063774177,0.9931982469879432,0.9550000000000001,,requires predict_proba,,requires predict_proba,,0.8429999999971187,success,
llsvm,scar-pi0.1-scalemid,111,"{""alpha"": 2.0, ""beta"": 1.0, ""early_stopping"": true, ""fit_intercept"": true, ""gamma"": 10.0, ""intercept_scale"": 10.0, ""learning_rate"": 2e-05, ""max_epochs"": 3000, ""min_epochs"": 200, ""n_batches"": 20, ""patience"": 100, ""reg_lambda"": 1.0, ""shuffle"": true, ""squash_scale"": 10.0, ""tol"": 0.0005}",scar,0.1,0.5,0.5,True,0,,,,,,535,,0.097,False,-0.03600703605980651,0.9333333333333333,0.9621993127147767,0.999163888888889,0.992,0.9593908629441624,0.9493403693931398,0.9933040528108755,0.971111111111111,,requires predict_proba,,requires predict_proba,,0.5159999999996217,success,
llsvm,scar-pi0.1-scalemid,112,"{""alpha"": 2.0, ""beta"": 1.0, ""early_stopping"": true, ""fit_intercept"": true, ""gamma"": 10.0, ""intercept_scale"": 10.0, ""learning_rate"": 2e-05, ""max_epochs"": 3000, ""min_epochs"": 200, ""n_batches"": 20, ""patience"": 100, ""reg_lambda"": 1.0, ""shuffle"": true, ""squash_scale"": 10.0, ""tol"": 0.0005}",scar,0.1,0.5,0.5,True,0,,,,,,555,,0.094,False,-0.03663887715785796,0.9306930693069307,0.9900990099009902,0.9994222222222222,0.993,0.9639175257731959,0.9505002632964719,0.9955004440088832,0.9672222222222222,,requires predict_proba,,requires predict_proba,,0.5319999999992433,success,
llsvm,scar-pi0.1-scalemid,113,"{""alpha"": 2.0, ""beta"": 1.0, ""early_stopping"": true, ""fit_intercept"": true, ""gamma"": 10.0, ""intercept_scale"": 10.0, ""learning_rate"": 2e-05, ""max_epochs"": 3000, ""min_epochs"": 200, ""n_batches"": 20, ""patience"": 100, ""reg_lambda"": 1.0, ""shuffle"": true, ""squash_scale"": 10.0, ""tol"": 0.0005}",scar,0.1,0.5,0.5,True,0,,,,,,362,,0.0945,False,-0.03244519962536657,0.912621359223301,0.9657368880669853,0.9989166666666667,0.9915,0.9562982005141388,0.9499209277807064,0.9912294369681773,0.9641666666666666,,requires predict_proba,,requires predict_proba,,0.35900000000037835,success,
llsvm,scar-pi0.1-scalemid,114,"{""alpha"": 2.0, ""beta"": 1.0, ""early_stopping"": true, ""fit_intercept"": true, ""gamma"": 10.0, ""intercept_scale"": 10.0, ""learning_rate"": 2e-05, ""max_epochs"": 3000, ""min_epochs"": 200, ""n_batches"": 20, ""patience"": 100, ""reg_lambda"": 1.0, ""shuffle"": true, ""squash_scale"": 10.0, ""tol"": 0.0005}",scar,0.1,0.5,0.5,True,0,,,,,,504,,0.095,False,-0.04778926154390839,0.9487179487179487,0.9986504723346828,0.9990388888888888,0.993,0.9641025641025641,0.9580456718003186,0.9900350211289606,0.9694444444444444,,requires predict_proba,,requires predict_proba,,0.48400000000037835,success,
llsvm,scar-pi0.1-scalemid,115,"{""alpha"": 2.0, ""beta"": 1.0, ""early_stopping"": true, ""fit_intercept"": true, ""gamma"": 10.0, ""intercept_scale"": 10.0, ""learning_rate"": 2e-05, ""max_epochs"": 3000, ""min_epochs"": 200, ""n_batches"": 20, ""patience"": 100, ""reg_lambda"": 1.0, ""shuffle"": true, ""squash_scale"": 10.0, ""tol"": 0.0005}",scar,0.1,0.5,0.5,True,0,,,,,,692,,0.094,False,-0.04282625116637292,0.9439252336448598,1.0,0.998936111111111,0.991,0.9536082474226805,0.9540412044374009,0.9918684115813594,0.9616666666666667,,requires predict_proba,,requires predict_proba,,0.6719999999986612,success,
llsvm,scar-pi0.1-scalemid,116,"{""alpha"": 2.0, ""beta"": 1.0, ""early_stopping"": true, ""fit_intercept"": true, ""gamma"": 10.0, ""intercept_scale"": 10.0, ""learning_rate"": 2e-05, ""max_epochs"": 3000, ""min_epochs"": 200, ""n_batches"": 20, ""patience"": 100, ""reg_lambda"": 1.0, ""shuffle"": true, ""squash_scale"": 10.0, ""tol"": 0.0005}",scar,0.1,0.5,0.5,True,0,,,,,,377,,0.0905,False,-0.03649488041913082,0.9191919191919192,1.0,0.9996333333333334,0.9895,0.9448818897637795,0.952656496580747,0.9967693946340337,0.9497222222222222,,requires predict_proba,,requires predict_proba,,0.375,success,
llsvm,scar-pi0.1-scalemid,117,"{""alpha"": 2.0, ""beta"": 1.0, ""early_stopping"": true, ""fit_intercept"": true, ""gamma"": 10.0, ""intercept_scale"": 10.0, ""learning_rate"": 2e-05, ""max_epochs"": 3000, ""min_epochs"": 200, ""n_batches"": 20, ""patience"": 100, ""reg_lambda"": 1.0, ""shuffle"": true, ""squash_scale"": 10.0, ""tol"": 0.0005}",scar,0.1,0.5,0.5,True,0,,,,,,362,,0.094,False,-0.028894691507169917,0.9072164948453608,0.9651239306865542,0.9988111111111111,0.987,0.9329896907216495,0.9474513925380977,0.9901094338674502,0.9505555555555556,,requires predict_proba,,requires predict_proba,,0.3440000000009604,success,
llsvm,scar-pi0.1-scalemid,118,"{""alpha"": 2.0, ""beta"": 1.0, ""early_stopping"": true, ""fit_intercept"": true, ""gamma"": 10.0, ""intercept_scale"": 10.0, ""learning_rate"": 2e-05, ""max_epochs"": 3000, ""min_epochs"": 200, ""n_batches"": 20, ""patience"": 100, ""reg_lambda"": 1.0, ""shuffle"": true, ""squash_scale"": 10.0, ""tol"": 0.0005}",scar,0.1,0.5,0.5,True,0,,,,,,594,,0.0935,False,-0.045843974389813254,0.9611650485436893,1.0,0.9997444444444444,0.9915,0.9560723514211886,0.9536109646810754,0.9977177593444707,0.9619444444444445,,requires predict_proba,,requires predict_proba,,0.6090000000003783,success,
llsvm,scar-pi0.1-scalemid,119,"{""alpha"": 2.0, ""beta"": 1.0, ""early_stopping"": true, ""fit_intercept"": true, ""gamma"": 10.0, ""intercept_scale"": 10.0, ""learning_rate"": 2e-05, ""max_epochs"": 3000, ""min_epochs"": 200, ""n_batches"": 20, ""patience"": 100, ""reg_lambda"": 1.0, ""shuffle"": true, ""squash_scale"": 10.0, ""tol"": 0.0005}",scar,0.1,0.5,0.5,True,0,,,,,,432,,0.091,False,-0.03591932587373947,0.9263157894736842,1.0,0.9982694444444444,0.99,0.9476439790575916,0.9506561679790027,0.9886377077321654,0.9522222222222223,,requires predict_proba,,requires predict_proba,,0.4209999999984575,success,
llsvm,scar-pi0.3-scalesmall,100,"{""alpha"": 2.0, ""beta"": 1.0, ""early_stopping"": true, ""fit_intercept"": true, ""gamma"": 10.0, ""intercept_scale"": 10.0, ""learning_rate"": 2e-05, ""max_epochs"": 3000, ""min_epochs"": 200, ""n_batches"": 20, ""patience"": 100, ""reg_lambda"": 1.0, ""shuffle"": true, ""squash_scale"": 10.0, ""tol"": 0.0005}",scar,0.3,0.5,0.5,True,0,,,,,,469,,0.23,False,-0.028090340794515056,0.7758620689655172,1.0,0.9999404761904762,0.93,0.8679245283018868,0.8625730994152047,0.9998616850321396,0.8833333333333333,,requires predict_proba,,requires predict_proba,,0.39100000000325963,success,
llsvm,scar-pi0.3-scalesmall,101,"{""alpha"": 2.0, ""beta"": 1.0, ""early_stopping"": true, ""fit_intercept"": true, ""gamma"": 10.0, ""intercept_scale"": 10.0, ""learning_rate"": 2e-05, ""max_epochs"": 3000, ""min_epochs"": 200, ""n_batches"": 20, ""patience"": 100, ""reg_lambda"": 1.0, ""shuffle"": true, ""squash_scale"": 10.0, ""tol"": 0.0005}",scar,0.3,0.5,0.5,True,0,,,,,,497,,0.185,False,0.03882352941176476,0.6166666666666667,1.0,0.9920833333333332,0.885,0.7628865979381443,0.8911764705882353,0.9831458241566711,0.8083333333333333,,requires predict_proba,,requires predict_proba,,0.4059999999990396,success,
llsvm,scar-pi0.3-scalesmall,102,"{""alpha"": 2.0, ""beta"": 1.0, ""early_stopping"": true, ""fit_intercept"": true, ""gamma"": 10.0, ""intercept_scale"": 10.0, ""learning_rate"": 2e-05, ""max_epochs"": 3000, ""min_epochs"": 200, ""n_batches"": 20, ""patience"": 100, ""reg_lambda"": 1.0, ""shuffle"": true, ""squash_scale"": 10.0, ""tol"": 0.0005}",scar,0.3,0.5,0.5,True,0,,,,,,493,,0.1775,False,0.0501449275362319,0.6,1.0,0.9944345238095238,0.8775,0.743455497382199,0.8898550724637682,0.9903067036729466,0.7958333333333334,,requires predict_proba,,requires predict_proba,,0.39099999999962165,success,
llsvm,scar-pi0.3-scalesmall,103,"{""alpha"": 2.0, ""beta"": 1.0, ""early_stopping"": true, ""fit_intercept"": true, ""gamma"": 10.0, ""intercept_scale"": 10.0, ""learning_rate"": 2e-05, ""max_epochs"": 3000, ""min_epochs"": 200, ""n_batches"": 20, ""patience"": 100, ""reg_lambda"": 1.0, ""shuffle"": true, ""squash_scale"": 10.0, ""tol"": 0.0005}",scar,0.3,0.5,0.5,True,0,,,,,,671,,0.245,False,-0.09521870484697226,0.855072463768116,1.0,0.9986011904761904,0.945,0.8990825688073395,0.8821752265861027,0.9968968187043985,0.9083333333333333,,requires predict_proba,,requires predict_proba,,0.5470000000022992,success,
llsvm,scar-pi0.3-scalesmall,104,"{""alpha"": 2.0, ""beta"": 1.0, ""early_stopping"": true, ""fit_intercept"": true, ""gamma"": 10.0, ""intercept_scale"": 10.0, ""learning_rate"": 2e-05, ""max_epochs"": 3000, ""min_epochs"": 200, ""n_batches"": 20, ""patience"": 100, ""reg_lambda"": 1.0, ""shuffle"": true, ""squash_scale"": 10.0, ""tol"": 0.0005}",scar,0.3,0.5,0.5,True,0,,,,,,300,,0.2225,False,-0.06955223880597014,0.8,1.0,0.9998511904761905,0.9225,0.8516746411483254,0.8895522388059701,0.9996572755118307,0.8708333333333333,,requires predict_proba,,requires predict_proba,,0.2809999999990396,success,
llsvm,scar-pi0.3-scalesmall,105,"{""alpha"": 2.0, ""beta"": 1.0, ""early_stopping"": true, ""fit_intercept"": true, ""gamma"": 10.0, ""intercept_scale"": 10.0, ""learning_rate"": 2e-05, ""max_epochs"": 3000, ""min_epochs"": 200, ""n_batches"": 20, ""patience"": 100, ""reg_lambda"": 1.0, ""shuffle"": true, ""squash_scale"": 10.0, ""tol"": 0.0005}",scar,0.3,0.5,0.5,True,0,,,,,,380,,0.2075,False,0.07823529411764707,0.6,0.8674698795180723,0.9989583333333334,0.9075,0.8177339901477833,0.861764705882353,0.9977715862235825,0.8458333333333333,,requires predict_proba,,requires predict_proba,,0.3440000000009604,success,
llsvm,scar-pi0.3-scalesmall,106,"{""alpha"": 2.0, ""beta"": 1.0, ""early_stopping"": true, ""fit_intercept"": true, ""gamma"": 10.0, ""intercept_scale"": 10.0, ""learning_rate"": 2e-05, ""max_epochs"": 3000, ""min_epochs"": 200, ""n_batches"": 20, ""patience"": 100, ""reg_lambda"": 1.0, ""shuffle"": true, ""squash_scale"": 10.0, ""tol"": 0.0005}",scar,0.3,0.5,0.5,True,0,,,,,,539,,0.2175,False,-0.011223515938156126,0.7258064516129032,1.0,0.9968154761904762,0.9175,0.8405797101449275,0.8757396449704142,0.9931942262419066,0.8625,,requires predict_proba,,requires predict_proba,,0.4379999999982829,success,
llsvm,scar-pi0.3-scalesmall,107,"{""alpha"": 2.0, ""beta"": 1.0, ""early_stopping"": true, ""fit_intercept"": true, ""gamma"": 10.0, ""intercept_scale"": 10.0, ""learning_rate"": 2e-05, ""max_epochs"": 3000, ""min_epochs"": 200, ""n_batches"": 20, ""patience"": 100, ""reg_lambda"": 1.0, ""shuffle"": true, ""squash_scale"": 10.0, ""tol"": 0.0005}",scar,0.3,0.5,0.5,True,0,,,,,,379,,0.155,False,0.0619318181818182,0.5625,1.0,0.9983928571428571,0.855,0.6813186813186813,0.9005681818181818,0.996606360770185,0.7583333333333333,,requires predict_proba,,requires predict_proba,,0.3120000000017171,success,
llsvm,scar-pi0.3-scalesmall,108,"{""alpha"": 2.0, ""beta"": 1.0, ""early_stopping"": true, ""fit_intercept"": true, ""gamma"": 10.0, ""intercept_scale"": 10.0, ""learning_rate"": 2e-05, ""max_epochs"": 3000, ""min_epochs"": 200, ""n_batches"": 20, ""patience"": 100, ""reg_lambda"": 1.0, ""shuffle"": true, ""squash_scale"": 10.0, ""tol"": 0.0005}",scar,0.3,0.5,0.5,True,0,,,,,,513,,0.21,False,-0.035101679929266105,0.7692307692307693,1.0,0.998422619047619,0.91,0.8235294117647058,0.8735632183908046,0.9965170880995712,0.85,,requires predict_proba,,requires predict_proba,,0.4219999999986612,success,
llsvm,scar-pi0.3-scalesmall,109,"{""alpha"": 2.0, ""beta"": 1.0, ""early_stopping"": true, ""fit_intercept"": true, ""gamma"": 10.0, ""intercept_scale"": 10.0, ""learning_rate"": 2e-05, ""max_epochs"": 3000, ""min_epochs"": 200, ""n_batches"": 20, ""patience"": 100, ""reg_lambda"": 1.0, ""shuffle"": true, ""squash_scale"": 10.0, ""tol"": 0.0005}",scar,0.3,0.5,0.5,True,0,,,,,,623,,0.23,False,-0.09338442920532469,0.835820895522388,1.0,0.995297619047619,0.93,0.8679245283018868,0.8918918918918919,0.9930940096485896,0.8833333333333333,,requires predict_proba,,requires predict_proba,,0.5,success,
llsvm,scar-pi0.3-scalesmall,110,"{""alpha"": 2.0, ""beta"": 1.0, ""early_stopping"": true, ""fit_intercept"": true, ""gamma"": 10.0, ""intercept_scale"": 10.0, ""learning_rate"": 2e-05, ""max_epochs"": 3000, ""min_epochs"": 200, ""n_batches"": 20, ""patience"": 100, ""reg_lambda"": 1.0, ""shuffle"": true, ""squash_scale"": 10.0, ""tol"": 0.0005}",scar,0.3,0.5,0.5,True,0,,,,,,630,,0.2475,False,-0.08075455701568462,0.8571428571428571,1.0,0.997529761904762,0.9475,0.9041095890410958,0.8664688427299704,0.9951096480295112,0.9125,,requires predict_proba,,requires predict_proba,,0.5,success,
llsvm,scar-pi0.3-scalesmall,111,"{""alpha"": 2.0, ""beta"": 1.0, ""early_stopping"": true, ""fit_intercept"": true, ""gamma"": 10.0, ""intercept_scale"": 10.0, ""learning_rate"": 2e-05, ""max_epochs"": 3000, ""min_epochs"": 200, ""n_batches"": 20, ""patience"": 100, ""reg_lambda"": 1.0, ""shuffle"": true, ""squash_scale"": 10.0, ""tol"": 0.0005}",scar,0.3,0.5,0.5,True,0,,,,,,393,,0.2125,False,0.01941176470588235,0.6833333333333333,0.9647058823529412,0.998125,0.9125,0.8292682926829268,0.8705882352941177,0.9959554146677924,0.8541666666666667,,requires predict_proba,,requires predict_proba,,0.31199999999807915,success,
llsvm,scar-pi0.3-scalesmall,112,"{""alpha"": 2.0, ""beta"": 1.0, ""early_stopping"": true, ""fit_intercept"": true, ""gamma"": 10.0, ""intercept_scale"": 10.0, ""learning_rate"": 2e-05, ""max_epochs"": 3000, ""min_epochs"": 200, ""n_batches"": 20, ""patience"": 100, ""reg_lambda"": 1.0, ""shuffle"": true, ""squash_scale"": 10.0, ""tol"": 0.0005}",scar,0.3,0.5,0.5,True,0,,,,,,507,,0.2125,False,0.008131322771521288,0.6935483870967742,0.9791271347248577,0.9980059523809525,0.9125,0.8292682926829268,0.8757396449704142,0.9953319929481894,0.8541666666666667,,requires predict_proba,,requires predict_proba,,0.39099999999962165,success,
llsvm,scar-pi0.3-scalesmall,113,"{""alpha"": 2.0, ""beta"": 1.0, ""early_stopping"": true, ""fit_intercept"": true, ""gamma"": 10.0, ""intercept_scale"": 10.0, ""learning_rate"": 2e-05, ""max_epochs"": 3000, ""min_epochs"": 200, ""n_batches"": 20, ""patience"": 100, ""reg_lambda"": 1.0, ""shuffle"": true, ""squash_scale"": 10.0, ""tol"": 0.0005}",scar,0.3,0.5,0.5,True,0,,,,,,319,,0.24,False,-0.03558441558441561,0.7714285714285715,0.9642857142857143,0.9997321428571428,0.94,0.8888888888888888,0.8727272727272727,0.9993930806785991,0.9,,requires predict_proba,,requires predict_proba,,0.25,success,
llsvm,scar-pi0.3-scalesmall,114,"{""alpha"": 2.0, ""beta"": 1.0, ""early_stopping"": true, ""fit_intercept"": true, ""gamma"": 10.0, ""intercept_scale"": 10.0, ""learning_rate"": 2e-05, ""max_epochs"": 3000, ""min_epochs"": 200, ""n_batches"": 20, ""patience"": 100, ""reg_lambda"": 1.0, ""shuffle"": true, ""squash_scale"": 10.0, ""tol"": 0.0005}",scar,0.3,0.5,0.5,True,0,,,,,,571,,0.2025,False,0.01192266380236301,0.6842105263157895,1.0,0.9979761904761905,0.8975,0.7960199004975125,0.8775510204081632,0.9950735358634006,0.831547619047619,,requires predict_proba,,requires predict_proba,,0.4379999999982829,success,
llsvm,scar-pi0.3-scalesmall,115,"{""alpha"": 2.0, ""beta"": 1.0, ""early_stopping"": true, ""fit_intercept"": true, ""gamma"": 10.0, ""intercept_scale"": 10.0, ""learning_rate"": 2e-05, ""max_epochs"": 3000, ""min_epochs"": 200, ""n_batches"": 20, ""patience"": 100, ""reg_lambda"": 1.0, ""shuffle"": true, ""squash_scale"": 10.0, ""tol"": 0.0005}",scar,0.3,0.5,0.5,True,0,,,,,,466,,0.1875,False,-0.023560437170355053,0.7169811320754716,1.0,0.9991071428571429,0.8875,0.7692307692307693,0.8933717579250721,0.9980449276026393,0.8125,,requires predict_proba,,requires predict_proba,,0.375,success,
llsvm,scar-pi0.3-scalesmall,116,"{""alpha"": 2.0, ""beta"": 1.0, ""early_stopping"": true, ""fit_intercept"": true, ""gamma"": 10.0, ""intercept_scale"": 10.0, ""learning_rate"": 2e-05, ""max_epochs"": 3000, ""min_epochs"": 200, ""n_batches"": 20, ""patience"": 100, ""reg_lambda"": 1.0, ""shuffle"": true, ""squash_scale"": 10.0, ""tol"": 0.0005}",scar,0.3,0.5,0.5,True,0,,,,,,257,,0.2175,False,-0.003942348452734223,0.7142857142857143,0.9852216748768472,0.999732142857143,0.9175,0.8405797101449275,0.8753709198813057,0.999385615282781,0.8625,,requires predict_proba,,requires predict_proba,,0.20300000000133878,success,
llsvm,scar-pi0.3-scalesmall,117,"{""alpha"": 2.0, ""beta"": 1.0, ""early_stopping"": true, ""fit_intercept"": true, ""gamma"": 10.0, ""intercept_scale"": 10.0, ""learning_rate"": 2e-05, ""max_epochs"": 3000, ""min_epochs"": 200, ""n_batches"": 20, ""patience"": 100, ""reg_lambda"": 1.0, ""shuffle"": true, ""squash_scale"": 10.0, ""tol"": 0.0005}",scar,0.3,0.5,0.5,True,0,,,,,,333,,0.2275,False,-0.01970604246053348,0.7424242424242424,0.979020979020979,0.9986309523809523,0.9275,0.8625592417061612,0.874251497005988,0.9970165922888404,0.8791666666666667,,requires predict_proba,,requires predict_proba,,0.2649999999994179,success,
llsvm,scar-pi0.3-scalesmall,118,"{""alpha"": 2.0, ""beta"": 1.0, ""early_stopping"": true, ""fit_intercept"": true, ""gamma"": 10.0, ""intercept_scale"": 10.0, ""learning_rate"": 2e-05, ""max_epochs"": 3000, ""min_epochs"": 200, ""n_batches"": 20, ""patience"": 100, ""reg_lambda"": 1.0, ""shuffle"": true, ""squash_scale"": 10.0, ""tol"": 0.0005}",scar,0.3,0.5,0.5,True,0,,,,,,347,,0.1925,False,0.018497109826589586,0.6666666666666666,1.0,0.9994642857142857,0.8925,0.7817258883248731,0.8815028901734104,0.9987429774296954,0.8208333333333333,,requires predict_proba,,requires predict_proba,,0.26599999999962165,success,
llsvm,scar-pi0.3-scalesmall,119,"{""alpha"": 2.0, ""beta"": 1.0, ""early_stopping"": true, ""fit_intercept"": true, ""gamma"": 10.0, ""intercept_scale"": 10.0, ""learning_rate"": 2e-05, ""max_epochs"": 3000, ""min_epochs"": 200, ""n_batches"": 20, ""patience"": 100, ""reg_lambda"": 1.0, ""shuffle"": true, ""squash_scale"": 10.0, ""tol"": 0.0005}",scar,0.3,0.5,0.5,True,0,,,,,,426,,0.21,False,0.026578073089701004,0.6785714285714286,0.9693877551020409,0.9995833333333334,0.91,0.8235294117647058,0.8662790697674418,0.9991029517867753,0.85,,requires predict_proba,,requires predict_proba,,0.3440000000009604,success,
llsvm,scar-pi0.3-scalemid,100,"{""alpha"": 2.0, ""beta"": 1.0, ""early_stopping"": true, ""fit_intercept"": true, ""gamma"": 10.0, ""intercept_scale"": 10.0, ""learning_rate"": 2e-05, ""max_epochs"": 3000, ""min_epochs"": 200, ""n_batches"": 20, ""patience"": 100, ""reg_lambda"": 1.0, ""shuffle"": true, ""squash_scale"": 10.0, ""tol"": 0.0005}",scar,0.3,0.5,0.5,True,0,,,,,,284,,0.286,False,-0.10353152929493542,0.9506578947368421,0.9971935958778065,0.9971857142857142,0.977,0.9607508532423208,0.8331367924528302,0.9945097076253369,0.9659523809523809,,requires predict_proba,,requires predict_proba,,0.2809999999990396,success,
llsvm,scar-pi0.3-scalemid,101,"{""alpha"": 2.0, ""beta"": 1.0, ""early_stopping"": true, ""fit_intercept"": true, ""gamma"": 10.0, ""intercept_scale"": 10.0, ""learning_rate"": 2e-05, ""max_epochs"": 3000, ""min_epochs"": 200, ""n_batches"": 20, ""patience"": 100, ""reg_lambda"": 1.0, ""shuffle"": true, ""squash_scale"": 10.0, ""tol"": 0.0005}",scar,0.3,0.5,0.5,True,0,,,,,,374,,0.289,False,-0.08685442861602738,0.9494584837545126,0.9855970419597018,0.9990607142857143,0.981,0.967741935483871,0.8171793383633198,0.9978255354593839,0.9721428571428572,,requires predict_proba,,requires predict_proba,,0.375,success,
llsvm,scar-pi0.3-scalemid,102,"{""alpha"": 2.0, ""beta"": 1.0, ""early_stopping"": true, ""fit_intercept"": true, ""gamma"": 10.0, ""intercept_scale"": 10.0, ""learning_rate"": 2e-05, ""max_epochs"": 3000, ""min_epochs"": 200, ""n_batches"": 20, ""patience"": 100, ""reg_lambda"": 1.0, ""shuffle"": true, ""squash_scale"": 10.0, ""tol"": 0.0005}",scar,0.3,0.5,0.5,True,0,,,,,,380,,0.29,False,-0.09836435250608858,0.9430379746835443,0.9755565255347011,0.9986678571428571,0.977,0.9610169491525423,0.832541567695962,0.9970110036026614,0.9678571428571429,,requires predict_proba,,requires predict_proba,,0.35900000000037835,success,
llsvm,scar-pi0.3-scalemid,103,"{""alpha"": 2.0, ""beta"": 1.0, ""early_stopping"": true, ""fit_intercept"": true, ""gamma"": 10.0, ""intercept_scale"": 10.0, ""learning_rate"": 2e-05, ""max_epochs"": 3000, ""min_epochs"": 200, ""n_batches"": 20, ""patience"": 100, ""reg_lambda"": 1.0, ""shuffle"": true, ""squash_scale"": 10.0, ""tol"": 0.0005}",scar,0.3,0.5,0.5,True,0,,,,,,655,,0.29,False,-0.10809968847352025,0.9722222222222222,1.0,0.99935,0.989,0.9813559322033898,0.8247663551401869,0.9986933652835486,0.9821428571428572,,requires predict_proba,,requires predict_proba,,0.625,success,
llsvm,scar-pi0.3-scalemid,104,"{""alpha"": 2.0, ""beta"": 1.0, ""early_stopping"": true, ""fit_intercept"": true, ""gamma"": 10.0, ""intercept_scale"": 10.0, ""learning_rate"": 2e-05, ""max_epochs"": 3000, ""min_epochs"": 200, ""n_batches"": 20, ""patience"": 100, ""reg_lambda"": 1.0, ""shuffle"": true, ""squash_scale"": 10.0, ""tol"": 0.0005}",scar,0.3,0.5,0.5,True,0,,,,,,221,,0.2885,False,-0.10488887948267536,0.9543973941368078,0.9924409644403548,0.9990440476190476,0.9815,0.9685641461342396,0.8322504430005907,0.9977803911131561,0.9724999999999999,,requires predict_proba,,requires predict_proba,,0.21900000000096043,success,
llsvm,scar-pi0.3-scalemid,105,"{""alpha"": 2.0, ""beta"": 1.0, ""early_stopping"": true, ""fit_intercept"": true, ""gamma"": 10.0, ""intercept_scale"": 10.0, ""learning_rate"": 2e-05, ""max_epochs"": 3000, ""min_epochs"": 200, ""n_batches"": 20, ""patience"": 100, ""reg_lambda"": 1.0, ""shuffle"": true, ""squash_scale"": 10.0, ""tol"": 0.0005}",scar,0.3,0.5,0.5,True,0,,,,,,337,,0.2855,False,-0.10232748387924673,0.9554794520547946,1.0,0.9994904761904763,0.9825,0.9701110162254484,0.8290398126463701,0.9988377617998618,0.9722619047619048,,requires predict_proba,,requires predict_proba,,0.3280000000013388,success,
llsvm,scar-pi0.3-scalemid,106,"{""alpha"": 2.0, ""beta"": 1.0, ""early_stopping"": true, ""fit_intercept"": true, ""gamma"": 10.0, ""intercept_scale"": 10.0, ""learning_rate"": 2e-05, ""max_epochs"": 3000, ""min_epochs"": 200, ""n_batches"": 20, ""patience"": 100, ""reg_lambda"": 1.0, ""shuffle"": true, ""squash_scale"": 10.0, ""tol"": 0.0005}",scar,0.3,0.5,0.5,True,0,,,,,,407,,0.284,False,-0.09741242273153886,0.9356913183279743,0.9884063221774375,0.9981059523809525,0.974,0.9554794520547946,0.8359976317347543,0.9957275537040036,0.9614285714285715,,requires predict_proba,,requires predict_proba,,0.39099999999962165,success,
llsvm,scar-pi0.3-scalemid,107,"{""alpha"": 2.0, ""beta"": 1.0, ""early_stopping"": true, ""fit_intercept"": true, ""gamma"": 10.0, ""intercept_scale"": 10.0, ""learning_rate"": 2e-05, ""max_epochs"": 3000, ""min_epochs"": 200, ""n_batches"": 20, ""patience"": 100, ""reg_lambda"": 1.0, ""shuffle"": true, ""squash_scale"": 10.0, ""tol"": 0.0005}",scar,0.3,0.5,0.5,True,0,,,,,,288,,0.2885,False,-0.09593963765507055,0.9547038327526133,0.992759618113636,0.9992214285714286,0.9845,0.973661852166525,0.8231173380035026,0.998262339093376,0.9760714285714285,,requires predict_proba,,requires predict_proba,,0.2809999999990396,success,
llsvm,scar-pi0.3-scalemid,108,"{""alpha"": 2.0, ""beta"": 1.0, ""early_stopping"": true, ""fit_intercept"": true, ""gamma"": 10.0, ""intercept_scale"": 10.0, ""learning_rate"": 2e-05, ""max_epochs"": 3000, ""min_epochs"": 200, ""n_batches"": 20, ""patience"": 100, ""reg_lambda"": 1.0, ""shuffle"": true, ""squash_scale"": 10.0, ""tol"": 0.0005}",scar,0.3,0.5,0.5,True,0,,,,,,411,,0.2925,False,-0.116296139001453,0.979933110367893,1.0,0.9994238095238095,0.9875,0.9789029535864979,0.8283362727807172,0.9987309741097492,0.9815476190476191,,requires predict_proba,,requires predict_proba,,0.4219999999986612,success,
llsvm,scar-pi0.3-scalemid,109,"{""alpha"": 2.0, ""beta"": 1.0, ""early_stopping"": true, ""fit_intercept"": true, ""gamma"": 10.0, ""intercept_scale"": 10.0, ""learning_rate"": 2e-05, ""max_epochs"": 3000, ""min_epochs"": 200, ""n_batches"": 20, ""patience"": 100, ""reg_lambda"": 1.0, ""shuffle"": true, ""squash_scale"": 10.0, ""tol"": 0.0005}",scar,0.3,0.5,0.5,True,0,,,,,,441,,0.287,False,-0.10822963181237769,0.9522292993630573,0.9953616369648683,0.9982559523809523,0.98,0.9659284497444633,0.8368920521945433,0.9962662107540422,0.97,,requires predict_proba,,requires predict_proba,,0.4370000000017171,success,
llsvm,scar-pi0.3-scalemid,110,"{""alpha"": 2.0, ""beta"": 1.0, ""early_stopping"": true, ""fit_intercept"": true, ""gamma"": 10.0, ""intercept_scale"": 10.0, ""learning_rate"": 2e-05, ""max_epochs"": 3000, ""min_epochs"": 200, ""n_batches"": 20, ""patience"": 100, ""reg_lambda"": 1.0, ""shuffle"": true, ""squash_scale"": 10.0, ""tol"": 0.0005}",scar,0.3,0.5,0.5,True,0,,,,,,570,,0.2865,False,-0.10574209920767677,0.965034965034965,1.0,0.9991571428571429,0.9845,0.9735720375106565,0.8267211201866977,0.9981760713428995,0.9751190476190477,,requires predict_proba,,requires predict_proba,,0.5469999999986612,success,
llsvm,scar-pi0.3-scalemid,111,"{""alpha"": 2.0, ""beta"": 1.0, ""early_stopping"": true, ""fit_intercept"": true, ""gamma"": 10.0, ""intercept_scale"": 10.0, ""learning_rate"": 2e-05, ""max_epochs"": 3000, ""min_epochs"": 200, ""n_batches"": 20, ""patience"": 100, ""reg_lambda"": 1.0, ""shuffle"": true, ""squash_scale"": 10.0, ""tol"": 0.0005}",scar,0.3,0.5,0.5,True,0,,,,,,273,,0.288,False,-0.10831663225334137,0.9688581314878892,1.0,0.9995666666666667,0.985,0.9744897959183674,0.8270017533606079,0.9989889908436667,0.9764285714285714,,requires predict_proba,,requires predict_proba,,0.2649999999994179,success,
llsvm,scar-pi0.3-scalemid,112,"{""alpha"": 2.0, ""beta"": 1.0, ""early_stopping"": true, ""fit_intercept"": true, ""gamma"": 10.0, ""intercept_scale"": 10.0, ""learning_rate"": 2e-05, ""max_epochs"": 3000, ""min_epochs"": 200, ""n_batches"": 20, ""patience"": 100, ""reg_lambda"": 1.0, ""shuffle"": true, ""squash_scale"": 10.0, ""tol"": 0.0005}",scar,0.3,0.5,0.5,True,0,,,,,,475,,0.2895,False,-0.0996470588235294,0.9533333333333334,0.9879101899827288,0.9994535714285715,0.9875,0.9787955894826124,0.8276470588235294,0.9987876171137945,0.9801190476190476,,requires predict_proba,,requires predict_proba,,0.4540000000015425,success,
llsvm,scar-pi0.3-scalemid,113,"{""alpha"": 2.0, ""beta"": 1.0, ""early_stopping"": true, ""fit_intercept"": true, ""gamma"": 10.0, ""intercept_scale"": 10.0, ""learning_rate"": 2e-05, ""max_epochs"": 3000, ""min_epochs"": 200, ""n_batches"": 20, ""patience"": 100, ""reg_lambda"": 1.0, ""shuffle"": true, ""squash_scale"": 10.0, ""tol"": 0.0005}",scar,0.3,0.5,0.5,True,0,,,,,,449,,0.2895,False,-0.10740068782187823,0.9579288025889967,0.9926723342891158,0.9992809523809524,0.9855,0.9754028837998303,0.8326434062684802,0.9983158513934104,0.9777380952380952,,requires predict_proba,,requires predict_proba,,0.4370000000017171,success,
llsvm,scar-pi0.3-scalemid,114,"{""alpha"": 2.0, ""beta"": 1.0, ""early_stopping"": true, ""fit_intercept"": true, ""gamma"": 10.0, ""intercept_scale"": 10.0, ""learning_rate"": 2e-05, ""max_epochs"": 3000, ""min_epochs"": 200, ""n_batches"": 20, ""patience"": 100, ""reg_lambda"": 1.0, ""shuffle"": true, ""squash_scale"": 10.0, ""tol"": 0.0005}",scar,0.3,0.5,0.5,True,0,,,,,,449,,0.29,False,-0.12466515652490165,0.9721362229102167,1.0,0.9988678571428572,0.985,0.9745762711864406,0.8413834227787717,0.9971465514435626,0.9773809523809525,,requires predict_proba,,requires predict_proba,,0.4219999999986612,success,
llsvm,scar-pi0.3-scalemid,115,"{""alpha"": 2.0, ""beta"": 1.0, ""early_stopping"": true, ""fit_intercept"": true, ""gamma"": 10.0, ""intercept_scale"": 10.0, ""learning_rate"": 2e-05, ""max_epochs"": 3000, ""min_epochs"": 200, ""n_batches"": 20, ""patience"": 100, ""reg_lambda"": 1.0, ""shuffle"": true, ""squash_scale"": 10.0, ""tol"": 0.0005}",scar,0.3,0.5,0.5,True,0,,,,,,551,,0.2865,False,-0.1126777251184834,0.9583333333333334,1.0,0.9991988095238096,0.9835,0.9718670076726342,0.8376777251184834,0.9982593779727985,0.9739285714285715,,requires predict_proba,,requires predict_proba,,0.5149999999994179,success,
llsvm,scar-pi0.3-scalemid,116,"{""alpha"": 2.0, ""beta"": 1.0, ""early_stopping"": true, ""fit_intercept"": true, ""gamma"": 10.0, ""intercept_scale"": 10.0, ""learning_rate"": 2e-05, ""max_epochs"": 3000, ""min_epochs"": 200, ""n_batches"": 20, ""patience"": 100, ""reg_lambda"": 1.0, ""shuffle"": true, ""squash_scale"": 10.0, ""tol"": 0.0005}",scar,0.3,0.5,0.5,True,0,,,,,,222,,0.2925,False,-0.11326861030239732,0.9735973597359736,0.9985613946009986,0.9997309523809524,0.9905,0.9839662447257383,0.8291101944608132,0.9993530808288337,0.9851190476190477,,requires predict_proba,,requires predict_proba,,0.21900000000096043,success,
llsvm,scar-pi0.3-scalemid,117,"{""alpha"": 2.0, ""beta"": 1.0, ""early_stopping"": true, ""fit_intercept"": true, ""gamma"": 10.0, ""intercept_scale"": 10.0, ""learning_rate"": 2e-05, ""max_epochs"": 3000, ""min_epochs"": 200, ""n_batches"": 20, ""patience"": 100, ""reg_lambda"": 1.0, ""shuffle"": true, ""squash_scale"": 10.0, ""tol"": 0.0005}",scar,0.3,0.5,0.5,True,0,,,,,,373,,0.293,False,-0.10754038868825008,0.966996699669967,0.9900990099009901,0.9993238095238095,0.987,0.9780775716694773,0.8273423688862699,0.9984289035126005,0.9811904761904762,,requires predict_proba,,requires predict_proba,,0.35900000000037835,success,
llsvm,scar-pi0.3-scalemid,118,"{""alpha"": 2.0, ""beta"": 1.0, ""early_stopping"": true, ""fit_intercept"": true, ""gamma"": 10.0, ""intercept_scale"": 10.0, ""learning_rate"": 2e-05, ""max_epochs"": 3000, ""min_epochs"": 200, ""n_batches"": 20, ""patience"": 100, ""reg_lambda"": 1.0, ""shuffle"": true, ""squash_scale"": 10.0, ""tol"": 0.0005}",scar,0.3,0.5,0.5,True,0,,,,,,398,,0.2925,False,-0.10891871874515568,0.9644012944983819,0.9891295328188533,0.9996333333333334,0.9885,0.980590717299578,0.8302779420461266,0.9991461024837889,0.9827380952380953,,requires predict_proba,,requires predict_proba,,0.375,success,
llsvm,scar-pi0.3-scalemid,119,"{""alpha"": 2.0, ""beta"": 1.0, ""early_stopping"": true, ""fit_intercept"": true, ""gamma"": 10.0, ""intercept_scale"": 10.0, ""learning_rate"": 2e-05, ""max_epochs"": 3000, ""min_epochs"": 200, ""n_batches"": 20, ""patience"": 100, ""reg_lambda"": 1.0, ""shuffle"": true, ""squash_scale"": 10.0, ""tol"": 0.0005}",scar,0.3,0.5,0.5,True,0,,,,,,470,,0.288,False,-0.10299547604650552,0.9619377162629758,1.0,0.999375,0.985,0.9744897959183674,0.82583284628872,0.9985967488748635,0.9764285714285714,,requires predict_proba,,requires predict_proba,,0.4530000000013388,success,
llsvm,scar-pi0.5-scalesmall,100,"{""alpha"": 2.0, ""beta"": 1.0, ""early_stopping"": true, ""fit_intercept"": true, ""gamma"": 10.0, ""intercept_scale"": 10.0, ""learning_rate"": 2e-05, ""max_epochs"": 3000, ""min_epochs"": 200, ""n_batches"": 20, ""patience"": 100, ""reg_lambda"": 1.0, ""shuffle"": true, ""squash_scale"": 10.0, ""tol"": 0.0005}",scar,0.5,0.5,0.5,True,0,,,,,,448,,0.405,False,0.004956043571153423,0.7849462365591398,0.9690694278507898,0.999475,0.905,0.8950276243093923,0.7100977198697068,0.9994929091828757,0.905,,requires predict_proba,,requires predict_proba,,0.34399999999732245,success,
llsvm,scar-pi0.5-scalesmall,101,"{""alpha"": 2.0, ""beta"": 1.0, ""early_stopping"": true, ""fit_intercept"": true, ""gamma"": 10.0, ""intercept_scale"": 10.0, ""learning_rate"": 2e-05, ""max_epochs"": 3000, ""min_epochs"": 200, ""n_batches"": 20, ""patience"": 100, ""reg_lambda"": 1.0, ""shuffle"": true, ""squash_scale"": 10.0, ""tol"": 0.0005}",scar,0.5,0.5,0.5,True,0,,,,,,407,,0.4275,False,-0.07885066857201184,0.865979381443299,1.0,0.9988499999999999,0.9275,0.921832884097035,0.7128712871287128,0.9988336634567214,0.9275,,requires predict_proba,,requires predict_proba,,0.3290000000015425,success,
llsvm,scar-pi0.5-scalesmall,102,"{""alpha"": 2.0, ""beta"": 1.0, ""early_stopping"": true, ""fit_intercept"": true, ""gamma"": 10.0, ""intercept_scale"": 10.0, ""learning_rate"": 2e-05, ""max_epochs"": 3000, ""min_epochs"": 200, ""n_batches"": 20, ""patience"": 100, ""reg_lambda"": 1.0, ""shuffle"": true, ""squash_scale"": 10.0, ""tol"": 0.0005}",scar,0.5,0.5,0.5,True,0,,,,,,429,,0.405,False,-0.08934863586026376,0.8484848484848485,1.0,0.9974000000000001,0.905,0.8950276243093923,0.7408637873754153,0.997515912779648,0.905,,requires predict_proba,,requires predict_proba,,0.3430000000007567,success,
llsvm,scar-pi0.5-scalesmall,103,"{""alpha"": 2.0, ""beta"": 1.0, ""early_stopping"": true, ""fit_intercept"": true, ""gamma"": 10.0, ""intercept_scale"": 10.0, ""learning_rate"": 2e-05, ""max_epochs"": 3000, ""min_epochs"": 200, ""n_batches"": 20, ""patience"": 100, ""reg_lambda"": 1.0, ""shuffle"": true, ""squash_scale"": 10.0, ""tol"": 0.0005}",scar,0.5,0.5,0.5,True,0,,,,,,553,,0.4375,False,-0.10205416095180375,0.8785046728971962,1.0,0.998825,0.9375,0.9333333333333333,0.7235494880546075,0.9988330082317516,0.9375,,requires predict_proba,,requires predict_proba,,0.4379999999982829,success,
llsvm,scar-pi0.5-scalesmall,104,"{""alpha"": 2.0, ""beta"": 1.0, ""early_stopping"": true, ""fit_intercept"": true, ""gamma"": 10.0, ""intercept_scale"": 10.0, ""learning_rate"": 2e-05, ""max_epochs"": 3000, ""min_epochs"": 200, ""n_batches"": 20, ""patience"": 100, ""reg_lambda"": 1.0, ""shuffle"": true, ""squash_scale"": 10.0, ""tol"": 0.0005}",scar,0.5,0.5,0.5,True,0,,,,,,257,,0.4375,False,-0.09121621621621623,0.875,1.0,0.999425,0.9375,0.9333333333333333,0.7162162162162162,0.9994312999088428,0.9375,,requires predict_proba,,requires predict_proba,,0.20300000000133878,success,
llsvm,scar-pi0.5-scalesmall,105,"{""alpha"": 2.0, ""beta"": 1.0, ""early_stopping"": true, ""fit_intercept"": true, ""gamma"": 10.0, ""intercept_scale"": 10.0, ""learning_rate"": 2e-05, ""max_epochs"": 3000, ""min_epochs"": 200, ""n_batches"": 20, ""patience"": 100, ""reg_lambda"": 1.0, ""shuffle"": true, ""squash_scale"": 10.0, ""tol"": 0.0005}",scar,0.5,0.5,0.5,True,0,,,,,,400,,0.425,False,-0.057303221960992134,0.8415841584158416,0.9900990099009901,0.9994999999999999,0.925,0.918918918918919,0.7157190635451505,0.9995093836310637,0.925,,requires predict_proba,,requires predict_proba,,0.3120000000017171,success,
llsvm,scar-pi0.5-scalesmall,106,"{""alpha"": 2.0, ""beta"": 1.0, ""early_stopping"": true, ""fit_intercept"": true, ""gamma"": 10.0, ""intercept_scale"": 10.0, ""learning_rate"": 2e-05, ""max_epochs"": 3000, ""min_epochs"": 200, ""n_batches"": 20, ""patience"": 100, ""reg_lambda"": 1.0, ""shuffle"": true, ""squash_scale"": 10.0, ""tol"": 0.0005}",scar,0.5,0.5,0.5,True,0,,,,,,453,,0.42,False,-0.06738567730802414,0.8526315789473684,1.0,0.9975,0.92,0.9130434782608695,0.7147540983606557,0.9976076990077105,0.9199999999999999,,requires predict_proba,,requires predict_proba,,0.35899999999674037,success,
llsvm,scar-pi0.5-scalesmall,107,"{""alpha"": 2.0, ""beta"": 1.0, ""early_stopping"": true, ""fit_intercept"": true, ""gamma"": 10.0, ""intercept_scale"": 10.0, ""learning_rate"": 2e-05, ""max_epochs"": 3000, ""min_epochs"": 200, ""n_batches"": 20, ""patience"": 100, ""reg_lambda"": 1.0, ""shuffle"": true, ""squash_scale"": 10.0, ""tol"": 0.0005}",scar,0.5,0.5,0.5,True,0,,,,,,329,,0.38,False,0.032180037927164395,0.7530864197530864,0.99090318388564,0.999425,0.88,0.8636363636363636,0.7147335423197492,0.9994369374694652,0.88,,requires predict_proba,,requires predict_proba,,0.26599999999962165,success,
llsvm,scar-pi0.5-scalesmall,108,"{""alpha"": 2.0, ""beta"": 1.0, ""early_stopping"": true, ""fit_intercept"": true, ""gamma"": 10.0, ""intercept_scale"": 10.0, ""learning_rate"": 2e-05, ""max_epochs"": 3000, ""min_epochs"": 200, ""n_batches"": 20, ""patience"": 100, ""reg_lambda"": 1.0, ""shuffle"": true, ""squash_scale"": 10.0, ""tol"": 0.0005}",scar,0.5,0.5,0.5,True,0,,,,,,401,,0.42,False,-0.1436201884347308,0.9139784946236559,1.0,0.99935,0.92,0.9130434782608695,0.7296416938110749,0.999370811708586,0.9199999999999999,,requires predict_proba,,requires predict_proba,,0.3279999999977008,success,
llsvm,scar-pi0.5-scalesmall,109,"{""alpha"": 2.0, ""beta"": 1.0, ""early_stopping"": true, ""fit_intercept"": true, ""gamma"": 10.0, ""intercept_scale"": 10.0, ""learning_rate"": 2e-05, ""max_epochs"": 3000, ""min_epochs"": 200, ""n_batches"": 20, ""patience"": 100, ""reg_lambda"": 1.0, ""shuffle"": true, ""squash_scale"": 10.0, ""tol"": 0.0005}",scar,0.5,0.5,0.5,True,0,,,,,,479,,0.4125,False,-0.12126115524173775,0.8737864077669902,1.0,0.9973749999999999,0.9125,0.9041095890410958,0.7474747474747475,0.9979914335183745,0.9125,,requires predict_proba,,requires predict_proba,,0.375,success,
llsvm,scar-pi0.5-scalesmall,110,"{""alpha"": 2.0, ""beta"": 1.0, ""early_stopping"": true, ""fit_intercept"": true, ""gamma"": 10.0, ""intercept_scale"": 10.0, ""learning_rate"": 2e-05, ""max_epochs"": 3000, ""min_epochs"": 200, ""n_batches"": 20, ""patience"": 100, ""reg_lambda"": 1.0, ""shuffle"": true, ""squash_scale"": 10.0, ""tol"": 0.0005}",scar,0.5,0.5,0.5,True,0,,,,,,551,,0.44,False,-0.12345134189794382,0.9029126213592233,1.0,0.9993000000000001,0.94,0.9361702127659575,0.7205387205387206,0.999337853753773,0.94,,requires predict_proba,,requires predict_proba,,0.43800000000192085,success,
llsvm,scar-pi0.5-scalesmall,111,"{""alpha"": 2.0, ""beta"": 1.0, ""early_stopping"": true, ""fit_intercept"": true, ""gamma"": 10.0, ""intercept_scale"": 10.0, ""learning_rate"": 2e-05, ""max_epochs"": 3000, ""min_epochs"": 200, ""n_batches"": 20, ""patience"": 100, ""reg_lambda"": 1.0, ""shuffle"": true, ""squash_scale"": 10.0, ""tol"": 0.0005}",scar,0.5,0.5,0.5,True,0,,,,,,297,,0.4125,False,-0.06999999999999995,0.84,1.0,0.99935,0.9125,0.9041095890410958,0.73,0.9993658362757292,0.9125,,requires predict_proba,,requires predict_proba,,0.23400000000037835,success,
llsvm,scar-pi0.5-scalesmall,112,"{""alpha"": 2.0, ""beta"": 1.0, ""early_stopping"": true, ""fit_intercept"": true, ""gamma"": 10.0, ""intercept_scale"": 10.0, ""learning_rate"": 2e-05, ""max_epochs"": 3000, ""min_epochs"": 200, ""n_batches"": 20, ""patience"": 100, ""reg_lambda"": 1.0, ""shuffle"": true, ""squash_scale"": 10.0, ""tol"": 0.0005}",scar,0.5,0.5,0.5,True,0,,,,,,385,,0.415,False,-0.03578979160374507,0.8181818181818182,0.9857612267250823,0.99915,0.915,0.907103825136612,0.717607973421927,0.9991516921248151,0.915,,requires predict_proba,,requires predict_proba,,0.3129999999982829,success,
llsvm,scar-pi0.5-scalesmall,113,"{""alpha"": 2.0, ""beta"": 1.0, ""early_stopping"": true, ""fit_intercept"": true, ""gamma"": 10.0, ""intercept_scale"": 10.0, ""learning_rate"": 2e-05, ""max_epochs"": 3000, ""min_epochs"": 200, ""n_batches"": 20, ""patience"": 100, ""reg_lambda"": 1.0, ""shuffle"": true, ""squash_scale"": 10.0, ""tol"": 0.0005}",scar,0.5,0.5,0.5,True,0,,,,,,273,,0.4275,False,-0.06861998985286655,0.8425925925925926,0.9854884123889972,0.999925,0.9275,0.921832884097035,0.726027397260274,0.9999261083743842,0.9275,,requires predict_proba,,requires predict_proba,,0.23400000000037835,success,
llsvm,scar-pi0.5-scalesmall,114,"{""alpha"": 2.0, ""beta"": 1.0, ""early_stopping"": true, ""fit_intercept"": true, ""gamma"": 10.0, ""intercept_scale"": 10.0, ""learning_rate"": 2e-05, ""max_epochs"": 3000, ""min_epochs"": 200, ""n_batches"": 20, ""patience"": 100, ""reg_lambda"": 1.0, ""shuffle"": true, ""squash_scale"": 10.0, ""tol"": 0.0005}",scar,0.5,0.5,0.5,True,0,,,,,,283,,0.4175,False,-0.08448480063166208,0.8529411764705882,1.0,0.99865,0.9125,0.9046321525885559,0.7315436241610739,0.9985509870648426,0.9125,,requires predict_proba,,requires predict_proba,,0.21900000000096043,success,
llsvm,scar-pi0.5-scalesmall,115,"{""alpha"": 2.0, ""beta"": 1.0, ""early_stopping"": true, ""fit_intercept"": true, ""gamma"": 10.0, ""intercept_scale"": 10.0, ""learning_rate"": 2e-05, ""max_epochs"": 3000, ""min_epochs"": 200, ""n_batches"": 20, ""patience"": 100, ""reg_lambda"": 1.0, ""shuffle"": true, ""squash_scale"": 10.0, ""tol"": 0.0005}",scar,0.5,0.5,0.5,True,0,,,,,,489,,0.4325,False,-0.12001725625539256,0.9052631578947369,1.0,0.9997,0.9325,0.9276139410187667,0.7147540983606557,0.9996987994690918,0.9325,,requires predict_proba,,requires predict_proba,,0.3899999999994179,success,
llsvm,scar-pi0.5-scalesmall,116,"{""alpha"": 2.0, ""beta"": 1.0, ""early_stopping"": true, ""fit_intercept"": true, ""gamma"": 10.0, ""intercept_scale"": 10.0, ""learning_rate"": 2e-05, ""max_epochs"": 3000, ""min_epochs"": 200, ""n_batches"": 20, ""patience"": 100, ""reg_lambda"": 1.0, ""shuffle"": true, ""squash_scale"": 10.0, ""tol"": 0.0005}",scar,0.5,0.5,0.5,True,0,,,,,,507,,0.425,False,-0.0601291364003228,0.8380952380952381,0.9859943977591037,0.99915,0.925,0.918918918918919,0.7220338983050848,0.9992149932411323,0.925,,requires predict_proba,,requires predict_proba,,0.39099999999962165,success,
llsvm,scar-pi0.5-scalesmall,117,"{""alpha"": 2.0, ""beta"": 1.0, ""early_stopping"": true, ""fit_intercept"": true, ""gamma"": 10.0, ""intercept_scale"": 10.0, ""learning_rate"": 2e-05, ""max_epochs"": 3000, ""min_epochs"": 200, ""n_batches"": 20, ""patience"": 100, ""reg_lambda"": 1.0, ""shuffle"": true, ""squash_scale"": 10.0, ""tol"": 0.0005}",scar,0.5,0.5,0.5,True,0,,,,,,418,,0.4175,False,-0.04589080170475518,0.8282828282828283,0.991955482973447,0.998375,0.9175,0.9100817438692098,0.717607973421927,0.9985025647314636,0.9175,,requires predict_proba,,requires predict_proba,,0.3440000000009604,success,
llsvm,scar-pi0.5-scalesmall,118,"{""alpha"": 2.0, ""beta"": 1.0, ""early_stopping"": true, ""fit_intercept"": true, ""gamma"": 10.0, ""intercept_scale"": 10.0, ""learning_rate"": 2e-05, ""max_epochs"": 3000, ""min_epochs"": 200, ""n_batches"": 20, ""patience"": 100, ""reg_lambda"": 1.0, ""shuffle"": true, ""squash_scale"": 10.0, ""tol"": 0.0005}",scar,0.5,0.5,0.5,True,0,,,,,,319,,0.4425,False,-0.1110954263128176,0.9130434782608695,1.0,0.9997,0.9425,0.9389920424403183,0.698051948051948,0.9996983707589103,0.9425,,requires predict_proba,,requires predict_proba,,0.2649999999994179,success,
llsvm,scar-pi0.5-scalesmall,119,"{""alpha"": 2.0, ""beta"": 1.0, ""early_stopping"": true, ""fit_intercept"": true, ""gamma"": 10.0, ""intercept_scale"": 10.0, ""learning_rate"": 2e-05, ""max_epochs"": 3000, ""min_epochs"": 200, ""n_batches"": 20, ""patience"": 100, ""reg_lambda"": 1.0, ""shuffle"": true, ""squash_scale"": 10.0, ""tol"": 0.0005}",scar,0.5,0.5,0.5,True,0,,,,,,292,,0.3875,False,-0.04325285142941787,0.813953488372093,1.0,0.9982250000000001,0.8875,0.8732394366197183,0.7292993630573248,0.998412736236145,0.8875,,requires predict_proba,,requires predict_proba,,0.23500000000058208,success,
llsvm,scar-pi0.5-scalemid,100,"{""alpha"": 2.0, ""beta"": 1.0, ""early_stopping"": true, ""fit_intercept"": true, ""gamma"": 10.0, ""intercept_scale"": 10.0, ""learning_rate"": 2e-05, ""max_epochs"": 3000, ""min_epochs"": 200, ""n_batches"": 20, ""patience"": 100, ""reg_lambda"": 1.0, ""shuffle"": true, ""squash_scale"": 10.0, ""tol"": 0.0005}",scar,0.5,0.5,0.5,True,0,,,,,,520,,0.485,False,-0.13954531369766954,0.9691358024691358,0.9991090747104493,0.998931,0.983,0.9827411167512691,0.6704095112285336,0.9990140329664744,0.983,,requires predict_proba,,requires predict_proba,,0.5,success,
llsvm,scar-pi0.5-scalemid,101,"{""alpha"": 2.0, ""beta"": 1.0, ""early_stopping"": true, ""fit_intercept"": true, ""gamma"": 10.0, ""intercept_scale"": 10.0, ""learning_rate"": 2e-05, ""max_epochs"": 3000, ""min_epochs"": 200, ""n_batches"": 20, ""patience"": 100, ""reg_lambda"": 1.0, ""shuffle"": true, ""squash_scale"": 10.0, ""tol"": 0.0005}",scar,0.5,0.5,0.5,True,0,,,,,,235,,0.473,False,-0.1294101894624088,0.9551282051282052,1.0,0.9984540000000001,0.967,0.9660842754367934,0.6742819843342036,0.9984367550207489,0.967,,requires predict_proba,,requires predict_proba,,0.21900000000096043,success,
llsvm,scar-pi0.5-scalemid,102,"{""alpha"": 2.0, ""beta"": 1.0, ""early_stopping"": true, ""fit_intercept"": true, ""gamma"": 10.0, ""intercept_scale"": 10.0, ""learning_rate"": 2e-05, ""max_epochs"": 3000, ""min_epochs"": 200, ""n_batches"": 20, ""patience"": 100, ""reg_lambda"": 1.0, ""shuffle"": true, ""squash_scale"": 10.0, ""tol"": 0.0005}",scar,0.5,0.5,0.5,True,0,,,,,,767,,0.4915,False,-0.15396790572306152,0.9767441860465116,0.993635998012728,0.9992359999999999,0.9835,0.983358547655068,0.6772237196765498,0.9992292402189837,0.9835,,requires predict_proba,,requires predict_proba,,0.7180000000007567,success,
llsvm,scar-pi0.5-scalemid,103,"{""alpha"": 2.0, ""beta"": 1.0, ""early_stopping"": true, ""fit_intercept"": true, ""gamma"": 10.0, ""intercept_scale"": 10.0, ""learning_rate"": 2e-05, ""max_epochs"": 3000, ""min_epochs"": 200, ""n_batches"": 20, ""patience"": 100, ""reg_lambda"": 1.0, ""shuffle"": true, ""squash_scale"": 10.0, ""tol"": 0.0005}",scar,0.5,0.5,0.5,True,0,,,,,,558,,0.49,False,-0.13416544858750584,0.9710144927536232,0.9908311150547175,0.9993989999999999,0.985,0.9848484848484849,0.6631509558338826,0.999424270285753,0.985,,requires predict_proba,,requires predict_proba,,0.5469999999986612,success,
llsvm,scar-pi0.5-scalemid,104,"{""alpha"": 2.0, ""beta"": 1.0, ""early_stopping"": true, ""fit_intercept"": true, ""gamma"": 10.0, ""intercept_scale"": 10.0, ""learning_rate"": 2e-05, ""max_epochs"": 3000, ""min_epochs"": 200, ""n_batches"": 20, ""patience"": 100, ""reg_lambda"": 1.0, ""shuffle"": true, ""squash_scale"": 10.0, ""tol"": 0.0005}",scar,0.5,0.5,0.5,True,0,,,,,,237,,0.495,False,-0.14313846405215835,0.9744597249508841,0.9843027524756405,0.999167,0.985,0.9849246231155779,0.6686787391012743,0.9991744422512367,0.985,,requires predict_proba,,requires predict_proba,,0.25,success,
llsvm,scar-pi0.5-scalemid,105,"{""alpha"": 2.0, ""beta"": 1.0, ""early_stopping"": true, ""fit_intercept"": true, ""gamma"": 10.0, ""intercept_scale"": 10.0, ""learning_rate"": 2e-05, ""max_epochs"": 3000, ""min_epochs"": 200, ""n_batches"": 20, ""patience"": 100, ""reg_lambda"": 1.0, ""shuffle"": true, ""squash_scale"": 10.0, ""tol"": 0.0005}",scar,0.5,0.5,0.5,True,0,,,,,,246,,0.492,False,-0.14582775742710707,0.9760479041916168,0.9919186018207488,0.999276,0.988,0.9879032258064516,0.6697798532354903,0.999276210662353,0.988,,requires predict_proba,,requires predict_proba,,0.23500000000058208,success,
llsvm,scar-pi0.5-scalemid,106,"{""alpha"": 2.0, ""beta"": 1.0, ""early_stopping"": true, ""fit_intercept"": true, ""gamma"": 10.0, ""intercept_scale"": 10.0, ""learning_rate"": 2e-05, ""max_epochs"": 3000, ""min_epochs"": 200, ""n_batches"": 20, ""patience"": 100, ""reg_lambda"": 1.0, ""shuffle"": true, ""squash_scale"": 10.0, ""tol"": 0.0005}",scar,0.5,0.5,0.5,True,0,,,,,,395,,0.491,False,-0.14950931751303426,0.974559686888454,0.9924233064037209,0.999301,0.985,0.9848637739656912,0.6749496306245802,0.999305982189706,0.985,,requires predict_proba,,requires predict_proba,,0.3600000000005821,success,
llsvm,scar-pi0.5-scalemid,107,"{""alpha"": 2.0, ""beta"": 1.0, ""early_stopping"": true, ""fit_intercept"": true, ""gamma"": 10.0, ""intercept_scale"": 10.0, ""learning_rate"": 2e-05, ""max_epochs"": 3000, ""min_epochs"": 200, ""n_batches"": 20, ""patience"": 100, ""reg_lambda"": 1.0, ""shuffle"": true, ""squash_scale"": 10.0, ""tol"": 0.0005}",scar,0.5,0.5,0.5,True,0,,,,,,216,,0.493,False,-0.1403340793207669,0.9774127310061602,0.991290802237485,0.999161,0.986,0.9859013091641491,0.6629213483146067,0.9991535641936482,0.986,,requires predict_proba,,requires predict_proba,,0.21900000000096043,success,
llsvm,scar-pi0.5-scalemid,108,"{""alpha"": 2.0, ""beta"": 1.0, ""early_stopping"": true, ""fit_intercept"": true, ""gamma"": 10.0, ""intercept_scale"": 10.0, ""learning_rate"": 2e-05, ""max_epochs"": 3000, ""min_epochs"": 200, ""n_batches"": 20, ""patience"": 100, ""reg_lambda"": 1.0, ""shuffle"": true, ""squash_scale"": 10.0, ""tol"": 0.0005}",scar,0.5,0.5,0.5,True,0,,,,,,340,,0.489,False,-0.16494367589312842,0.9774011299435028,0.9993876584289395,0.9994770000000001,0.984,0.9838220424671386,0.6875425459496256,0.999482112957078,0.984,,requires predict_proba,,requires predict_proba,,0.31199999999807915,success,
llsvm,scar-pi0.5-scalemid,109,"{""alpha"": 2.0, ""beta"": 1.0, ""early_stopping"": true, ""fit_intercept"": true, ""gamma"": 10.0, ""intercept_scale"": 10.0, ""learning_rate"": 2e-05, ""max_epochs"": 3000, ""min_epochs"": 200, ""n_batches"": 20, ""patience"": 100, ""reg_lambda"": 1.0, ""shuffle"": true, ""squash_scale"": 10.0, ""tol"": 0.0005}",scar,0.5,0.5,0.5,True,0,,,,,,283,,0.482,False,-0.14795528096498972,0.9631067961165048,0.9990734399548806,0.997846,0.974,0.9735234215885947,0.6848484848484848,0.9979440476623082,0.974,,requires predict_proba,,requires predict_proba,,0.26599999999962165,success,
llsvm,scar-pi0.5-scalemid,110,"{""alpha"": 2.0, ""beta"": 1.0, ""early_stopping"": true, ""fit_intercept"": true, ""gamma"": 10.0, ""intercept_scale"": 10.0, ""learning_rate"": 2e-05, ""max_epochs"": 3000, ""min_epochs"": 200, ""n_batches"": 20, ""patience"": 100, ""reg_lambda"": 1.0, ""shuffle"": true, ""squash_scale"": 10.0, ""tol"": 0.0005}",scar,0.5,0.5,0.5,True,0,,,,,,420,,0.49,False,-0.14685843487686806,0.9812889812889813,1.0,0.999328,0.985,0.9848484848484849,0.6655694535878868,0.999340093343315,0.985,,requires predict_proba,,requires predict_proba,,0.39099999999962165,success,
llsvm,scar-pi0.5-scalemid,111,"{""alpha"": 2.0, ""beta"": 1.0, ""early_stopping"": true, ""fit_intercept"": true, ""gamma"": 10.0, ""intercept_scale"": 10.0, ""learning_rate"": 2e-05, ""max_epochs"": 3000, ""min_epochs"": 200, ""n_batches"": 20, ""patience"": 100, ""reg_lambda"": 1.0, ""shuffle"": true, ""squash_scale"": 10.0, ""tol"": 0.0005}",scar,0.5,0.5,0.5,True,0,,,,,,518,,0.489,False,-0.15249354526437447,0.9780439121756487,1.0,0.999362,0.984,0.9838220424671386,0.6744496330887259,0.999363566900187,0.984,,requires predict_proba,,requires predict_proba,,0.5,success,
llsvm,scar-pi0.5-scalemid,112,"{""alpha"": 2.0, ""beta"": 1.0, ""early_stopping"": true, ""fit_intercept"": true, ""gamma"": 10.0, ""intercept_scale"": 10.0, ""learning_rate"": 2e-05, ""max_epochs"": 3000, ""min_epochs"": 200, ""n_batches"": 20, ""patience"": 100, ""reg_lambda"": 1.0, ""shuffle"": true, ""squash_scale"": 10.0, ""tol"": 0.0005}",scar,0.5,0.5,0.5,True,0,,,,,,442,,0.4915,False,-0.14866666666666667,0.978,0.9949135300101729,0.99939,0.9875,0.9873928391326273,0.6706666666666666,0.9994154174168156,0.9875,,requires predict_proba,,requires predict_proba,,0.4209999999984575,success,
llsvm,scar-pi0.5-scalemid,113,"{""alpha"": 2.0, ""beta"": 1.0, ""early_stopping"": true, ""fit_intercept"": true, ""gamma"": 10.0, ""intercept_scale"": 10.0, ""learning_rate"": 2e-05, ""max_epochs"": 3000, ""min_epochs"": 200, ""n_batches"": 20, ""patience"": 100, ""reg_lambda"": 1.0, ""shuffle"": true, ""squash_scale"": 10.0, ""tol"": 0.0005}",scar,0.5,0.5,0.5,True,0,,,,,,257,,0.4925,False,-0.1537424409862735,0.9785575048732943,0.9934593958104511,0.998593,0.9855,0.985390428211587,0.6751849361129791,0.9988143769367125,0.9855,,requires predict_proba,,requires predict_proba,,0.25,success,
llsvm,scar-pi0.5-scalemid,114,"{""alpha"": 2.0, ""beta"": 1.0, ""early_stopping"": true, ""fit_intercept"": true, ""gamma"": 10.0, ""intercept_scale"": 10.0, ""learning_rate"": 2e-05, ""max_epochs"": 3000, ""min_epochs"": 200, ""n_batches"": 20, ""patience"": 100, ""reg_lambda"": 1.0, ""shuffle"": true, ""squash_scale"": 10.0, ""tol"": 0.0005}",scar,0.5,0.5,0.5,True,0,,,,,,398,,0.493,False,-0.15406165211990452,0.9786407766990292,0.9925362846846137,0.998556,0.983,0.9828801611278952,0.6754208754208754,0.9983492248386837,0.983,,requires predict_proba,,requires predict_proba,,0.375,success,
llsvm,scar-pi0.5-scalemid,115,"{""alpha"": 2.0, ""beta"": 1.0, ""early_stopping"": true, ""fit_intercept"": true, ""gamma"": 10.0, ""intercept_scale"": 10.0, ""learning_rate"": 2e-05, ""max_epochs"": 3000, ""min_epochs"": 200, ""n_batches"": 20, ""patience"": 100, ""reg_lambda"": 1.0, ""shuffle"": true, ""squash_scale"": 10.0, ""tol"": 0.0005}",scar,0.5,0.5,0.5,True,0,,,,,,300,,0.4895,False,-0.1488955536951342,0.9726027397260274,0.9934655155526327,0.9991369999999999,0.9855,0.9853461344113188,0.6762928139691068,0.999160412246102,0.9855,,requires predict_proba,,requires predict_proba,,0.2970000000022992,success,
llsvm,scar-pi0.5-scalemid,116,"{""alpha"": 2.0, ""beta"": 1.0, ""early_stopping"": true, ""fit_intercept"": true, ""gamma"": 10.0, ""intercept_scale"": 10.0, ""learning_rate"": 2e-05, ""max_epochs"": 3000, ""min_epochs"": 200, ""n_batches"": 20, ""patience"": 100, ""reg_lambda"": 1.0, ""shuffle"": true, ""squash_scale"": 10.0, ""tol"": 0.0005}",scar,0.5,0.5,0.5,True,0,,,,,,515,,0.4945,False,-0.14330446695043786,0.9814814814814815,0.9923978579185859,0.999538,0.9895,0.9894419306184012,0.6618229854689565,0.9995737096763737,0.9895,,requires predict_proba,,requires predict_proba,,0.4850000000005821,success,
llsvm,scar-pi0.5-scalemid,117,"{""alpha"": 2.0, ""beta"": 1.0, ""early_stopping"": true, ""fit_intercept"": true, ""gamma"": 10.0, ""intercept_scale"": 10.0, ""learning_rate"": 2e-05, ""max_epochs"": 3000, ""min_epochs"": 200, ""n_batches"": 20, ""patience"": 100, ""reg_lambda"": 1.0, ""shuffle"": true, ""squash_scale"": 10.0, ""tol"": 0.0005}",scar,0.5,0.5,0.5,True,0,,,,,,305,,0.4925,False,-0.1336462517003511,0.9696356275303644,0.9844016523150907,0.998639,0.9805,0.980352644836272,0.6640106241699867,0.9986819343338803,0.9804999999999999,,requires predict_proba,,requires predict_proba,,0.2819999999992433,success,
llsvm,scar-pi0.5-scalemid,118,"{""alpha"": 2.0, ""beta"": 1.0, ""early_stopping"": true, ""fit_intercept"": true, ""gamma"": 10.0, ""intercept_scale"": 10.0, ""learning_rate"": 2e-05, ""max_epochs"": 3000, ""min_epochs"": 200, ""n_batches"": 20, ""patience"": 100, ""reg_lambda"": 1.0, ""shuffle"": true, ""squash_scale"": 10.0, ""tol"": 0.0005}",scar,0.5,0.5,0.5,True,0,,,,,,308,,0.493,False,-0.14983807458090465,0.9748549323017408,0.9886966859044024,0.999495,0.987,0.9869083585095669,0.6749831422791639,0.999488376928667,0.987,,requires predict_proba,,requires predict_proba,,0.2809999999990396,success,
llsvm,scar-pi0.5-scalemid,119,"{""alpha"": 2.0, ""beta"": 1.0, ""early_stopping"": true, ""fit_intercept"": true, ""gamma"": 10.0, ""intercept_scale"": 10.0, ""learning_rate"": 2e-05, ""max_epochs"": 3000, ""min_epochs"": 200, ""n_batches"": 20, ""patience"": 100, ""reg_lambda"": 1.0, ""shuffle"": true, ""squash_scale"": 10.0, ""tol"": 0.0005}",scar,0.5,0.5,0.5,True,0,,,,,,305,,0.4915,False,-0.14393274944101986,0.9812108559498957,0.9981799144963334,0.99912,0.9835,0.983358547655068,0.6627218934911243,0.9991291702968106,0.9835,,requires predict_proba,,requires predict_proba,,0.2970000000022992,success,
llsvm,sar-pi0.1-scalesmall,100,"{""alpha"": 2.0, ""beta"": 1.0, ""early_stopping"": true, ""fit_intercept"": true, ""gamma"": 10.0, ""intercept_scale"": 10.0, ""learning_rate"": 2e-05, ""max_epochs"": 3000, ""min_epochs"": 200, ""n_batches"": 20, ""patience"": 100, ""reg_lambda"": 1.0, ""shuffle"": true, ""squash_scale"": 10.0, ""tol"": 0.0005}",linear,0.1,0.5,0.5,True,0,,,,,,1038,,0.0725,False,-0.046272246272246284,0.8636363636363636,1.0,0.9957638888888889,0.9725,0.8405797101449275,0.9735449735449735,0.9849009900990099,0.8625,,requires predict_proba,,requires predict_proba,,0.7659999999996217,success,
llsvm,sar-pi0.1-scalesmall,101,"{""alpha"": 2.0, ""beta"": 1.0, ""early_stopping"": true, ""fit_intercept"": true, ""gamma"": 10.0, ""intercept_scale"": 10.0, ""learning_rate"": 2e-05, ""max_epochs"": 3000, ""min_epochs"": 200, ""n_batches"": 20, ""patience"": 100, ""reg_lambda"": 1.0, ""shuffle"": true, ""squash_scale"": 10.0, ""tol"": 0.0005}",linear,0.1,0.5,0.5,True,0,,,,,,315,,0.0575,False,-0.03645833333333333,0.8125,1.0,0.9949305555555555,0.9575,0.7301587301587301,0.9739583333333334,0.9666216333170535,0.7875,,requires predict_proba,,requires predict_proba,,0.23400000000037835,success,
llsvm,sar-pi0.1-scalesmall,102,"{""alpha"": 2.0, ""beta"": 1.0, ""early_stopping"": true, ""fit_intercept"": true, ""gamma"": 10.0, ""intercept_scale"": 10.0, ""learning_rate"": 2e-05, ""max_epochs"": 3000, ""min_epochs"": 200, ""n_batches"": 20, ""patience"": 100, ""reg_lambda"": 1.0, ""shuffle"": true, ""squash_scale"": 10.0, ""tol"": 0.0005}",linear,0.1,0.5,0.5,True,0,,,,,,1184,,0.0525,False,-0.04214670534604228,0.7894736842105263,1.0,0.9939583333333333,0.9525,0.6885245901639344,0.984251968503937,0.9655202038350772,0.7625,,requires predict_proba,,requires predict_proba,,0.8590000000003783,success,
llsvm,sar-pi0.1-scalesmall,103,"{""alpha"": 2.0, ""beta"": 1.0, ""early_stopping"": true, ""fit_intercept"": true, ""gamma"": 10.0, ""intercept_scale"": 10.0, ""learning_rate"": 2e-05, ""max_epochs"": 3000, ""min_epochs"": 200, ""n_batches"": 20, ""patience"": 100, ""reg_lambda"": 1.0, ""shuffle"": true, ""squash_scale"": 10.0, ""tol"": 0.0005}",linear,0.1,0.5,0.5,True,0,,,,,,776,,0.0675,False,-0.0841688654353562,1.0,1.0,0.9963888888888889,0.9675,0.8059701492537313,0.9841688654353562,0.9764609190298719,0.8375,,requires predict_proba,,requires predict_proba,,0.5780000000013388,success,
llsvm,sar-pi0.1-scalesmall,104,"{""alpha"": 2.0, ""beta"": 1.0, ""early_stopping"": true, ""fit_intercept"": true, ""gamma"": 10.0, ""intercept_scale"": 10.0, ""learning_rate"": 2e-05, ""max_epochs"": 3000, ""min_epochs"": 200, ""n_batches"": 20, ""patience"": 100, ""reg_lambda"": 1.0, ""shuffle"": true, ""squash_scale"": 10.0, ""tol"": 0.0005}",linear,0.1,0.5,0.5,True,0,,,,,,910,,0.0725,False,-0.061388536500980286,0.9130434782608695,1.0,0.9988888888888888,0.9725,0.8405797101449275,0.9787798408488063,0.9907666461557839,0.8625,,requires predict_proba,,requires predict_proba,,0.6879999999982829,success,
llsvm,sar-pi0.1-scalesmall,105,"{""alpha"": 2.0, ""beta"": 1.0, ""early_stopping"": true, ""fit_intercept"": true, ""gamma"": 10.0, ""intercept_scale"": 10.0, ""learning_rate"": 2e-05, ""max_epochs"": 3000, ""min_epochs"": 200, ""n_batches"": 20, ""patience"": 100, ""reg_lambda"": 1.0, ""shuffle"": true, ""squash_scale"": 10.0, ""tol"": 0.0005}",linear,0.1,0.5,0.5,True,0,,,,,,668,,0.0625,False,-0.04511784511784512,0.8181818181818182,1.0,0.9972222222222222,0.9625,0.7692307692307693,0.9814814814814815,0.9844435154217762,0.8125,,requires predict_proba,,requires predict_proba,,0.5,success,
llsvm,sar-pi0.1-scalesmall,106,"{""alpha"": 2.0, ""beta"": 1.0, ""early_stopping"": true, ""fit_intercept"": true, ""gamma"": 10.0, ""intercept_scale"": 10.0, ""learning_rate"": 2e-05, ""max_epochs"": 3000, ""min_epochs"": 200, ""n_batches"": 20, ""patience"": 100, ""reg_lambda"": 1.0, ""shuffle"": true, ""squash_scale"": 10.0, ""tol"": 0.0005}",linear,0.1,0.5,0.5,True,0,,,,,,1317,,0.05,False,-0.0368421052631579,0.75,1.0,0.9972916666666667,0.95,0.6666666666666666,0.9868421052631579,0.977787010020402,0.75,,requires predict_proba,,requires predict_proba,,0.9680000000007567,success,
llsvm,sar-pi0.1-scalesmall,107,"{""alpha"": 2.0, ""beta"": 1.0, ""early_stopping"": true, ""fit_intercept"": true, ""gamma"": 10.0, ""intercept_scale"": 10.0, ""learning_rate"": 2e-05, ""max_epochs"": 3000, ""min_epochs"": 200, ""n_batches"": 20, ""patience"": 100, ""reg_lambda"": 1.0, ""shuffle"": true, ""squash_scale"": 10.0, ""tol"": 0.0005}",linear,0.1,0.5,0.5,True,0,,,,,,690,,0.0525,False,-0.023502036067481094,0.7222222222222222,1.0,0.9831944444444444,0.9525,0.6885245901639344,0.9790575916230366,0.9470834045033824,0.7625,,requires predict_proba,,requires predict_proba,,0.5159999999996217,success,
llsvm,sar-pi0.1-scalesmall,108,"{""alpha"": 2.0, ""beta"": 1.0, ""early_stopping"": true, ""fit_intercept"": true, ""gamma"": 10.0, ""intercept_scale"": 10.0, ""learning_rate"": 2e-05, ""max_epochs"": 3000, ""min_epochs"": 200, ""n_batches"": 20, ""patience"": 100, ""reg_lambda"": 1.0, ""shuffle"": true, ""squash_scale"": 10.0, ""tol"": 0.0005}",linear,0.1,0.5,0.5,True,0,,,,,,933,,0.0625,False,-0.056854256854256865,0.8636363636363636,1.0,0.9989583333333333,0.9625,0.7692307692307693,0.9841269841269841,0.9915196105721963,0.8125,,requires predict_proba,,requires predict_proba,,0.6869999999980791,success,
llsvm,sar-pi0.1-scalesmall,109,"{""alpha"": 2.0, ""beta"": 1.0, ""early_stopping"": true, ""fit_intercept"": true, ""gamma"": 10.0, ""intercept_scale"": 10.0, ""learning_rate"": 2e-05, ""max_epochs"": 3000, ""min_epochs"": 200, ""n_batches"": 20, ""patience"": 100, ""reg_lambda"": 1.0, ""shuffle"": true, ""squash_scale"": 10.0, ""tol"": 0.0005}",linear,0.1,0.5,0.5,True,0,,,,,,1307,,0.05,False,-0.03466441406849946,0.7647058823529411,1.0,0.9901388888888889,0.95,0.6666666666666666,0.9817232375979112,0.9558493043230712,0.75,,requires predict_proba,,requires predict_proba,,0.9540000000015425,success,
llsvm,sar-pi0.1-scalesmall,110,"{""alpha"": 2.0, ""beta"": 1.0, ""early_stopping"": true, ""fit_intercept"": true, ""gamma"": 10.0, ""intercept_scale"": 10.0, ""learning_rate"": 2e-05, ""max_epochs"": 3000, ""min_epochs"": 200, ""n_batches"": 20, ""patience"": 100, ""reg_lambda"": 1.0, ""shuffle"": true, ""squash_scale"": 10.0, ""tol"": 0.0005}",linear,0.1,0.5,0.5,True,0,,,,,,1204,,0.0725,False,-0.05733333333333333,0.88,1.0,0.9997916666666666,0.9725,0.8405797101449275,0.9813333333333333,0.9981845238095237,0.8625,,requires predict_proba,,requires predict_proba,,0.9059999999990396,success,
llsvm,sar-pi0.1-scalesmall,111,"{""alpha"": 2.0, ""beta"": 1.0, ""early_stopping"": true, ""fit_intercept"": true, ""gamma"": 10.0, ""intercept_scale"": 10.0, ""learning_rate"": 2e-05, ""max_epochs"": 3000, ""min_epochs"": 200, ""n_batches"": 20, ""patience"": 100, ""reg_lambda"": 1.0, ""shuffle"": true, ""squash_scale"": 10.0, ""tol"": 0.0005}",linear,0.1,0.5,0.5,True,0,,,,,,602,,0.06,False,-0.03894736842105263,0.8,1.0,0.9978472222222222,0.96,0.75,0.9789473684210527,0.9822526233306741,0.8,,requires predict_proba,,requires predict_proba,,0.4370000000017171,success,
llsvm,sar-pi0.1-scalesmall,112,"{""alpha"": 2.0, ""beta"": 1.0, ""early_stopping"": true, ""fit_intercept"": true, ""gamma"": 10.0, ""intercept_scale"": 10.0, ""learning_rate"": 2e-05, ""max_epochs"": 3000, ""min_epochs"": 200, ""n_batches"": 20, ""patience"": 100, ""reg_lambda"": 1.0, ""shuffle"": true, ""squash_scale"": 10.0, ""tol"": 0.0005}",linear,0.1,0.5,0.5,True,0,,,,,,1110,,0.0675,False,-0.02130088801752969,0.7391304347826086,1.0,0.995625,0.9675,0.8059701492537313,0.9734748010610079,0.9678178652933146,0.8375,,requires predict_proba,,requires predict_proba,,0.8119999999980791,success,
llsvm,sar-pi0.1-scalesmall,113,"{""alpha"": 2.0, ""beta"": 1.0, ""early_stopping"": true, ""fit_intercept"": true, ""gamma"": 10.0, ""intercept_scale"": 10.0, ""learning_rate"": 2e-05, ""max_epochs"": 3000, ""min_epochs"": 200, ""n_batches"": 20, ""patience"": 100, ""reg_lambda"": 1.0, ""shuffle"": true, ""squash_scale"": 10.0, ""tol"": 0.0005}",linear,0.1,0.5,0.5,True,0,,,,,,512,,0.0575,False,-0.0036842105263158037,0.65,1.0,0.99625,0.9575,0.7301587301587301,0.9736842105263158,0.9811258180251314,0.7875,,requires predict_proba,,requires predict_proba,,0.375,success,
llsvm,sar-pi0.1-scalesmall,114,"{""alpha"": 2.0, ""beta"": 1.0, ""early_stopping"": true, ""fit_intercept"": true, ""gamma"": 10.0, ""intercept_scale"": 10.0, ""learning_rate"": 2e-05, ""max_epochs"": 3000, ""min_epochs"": 200, ""n_batches"": 20, ""patience"": 100, ""reg_lambda"": 1.0, ""shuffle"": true, ""squash_scale"": 10.0, ""tol"": 0.0005}",linear,0.1,0.5,0.5,True,0,,,,,,716,,0.06,False,-0.034272689598010775,0.7894736842105263,1.0,0.9995138888888889,0.96,0.75,0.9763779527559056,0.9953819176901655,0.8,,requires predict_proba,,requires predict_proba,,0.5149999999994179,success,
llsvm,sar-pi0.1-scalesmall,115,"{""alpha"": 2.0, ""beta"": 1.0, ""early_stopping"": true, ""fit_intercept"": true, ""gamma"": 10.0, ""intercept_scale"": 10.0, ""learning_rate"": 2e-05, ""max_epochs"": 3000, ""min_epochs"": 200, ""n_batches"": 20, ""patience"": 100, ""reg_lambda"": 1.0, ""shuffle"": true, ""squash_scale"": 10.0, ""tol"": 0.0005}",linear,0.1,0.5,0.5,True,0,,,,,,1224,,0.0625,False,-0.016471918582736528,0.7142857142857143,1.0,0.9968055555555556,0.9625,0.7692307692307693,0.9736147757255936,0.9779201035300031,0.8125,,requires predict_proba,,requires predict_proba,,0.9069999999992433,success,
llsvm,sar-pi0.1-scalesmall,116,"{""alpha"": 2.0, ""beta"": 1.0, ""early_stopping"": true, ""fit_intercept"": true, ""gamma"": 10.0, ""intercept_scale"": 10.0, ""learning_rate"": 2e-05, ""max_epochs"": 3000, ""min_epochs"": 200, ""n_batches"": 20, ""patience"": 100, ""reg_lambda"": 1.0, ""shuffle"": true, ""squash_scale"": 10.0, ""tol"": 0.0005}",linear,0.1,0.5,0.5,True,0,,,,,,578,,0.0625,False,-0.028634250533986688,0.7619047619047619,1.0,0.998263888888889,0.9625,0.7692307692307693,0.9762532981530343,0.9872270076629065,0.8125,,requires predict_proba,,requires predict_proba,,0.4370000000017171,success,
llsvm,sar-pi0.1-scalesmall,117,"{""alpha"": 2.0, ""beta"": 1.0, ""early_stopping"": true, ""fit_intercept"": true, ""gamma"": 10.0, ""intercept_scale"": 10.0, ""learning_rate"": 2e-05, ""max_epochs"": 3000, ""min_epochs"": 200, ""n_batches"": 20, ""patience"": 100, ""reg_lambda"": 1.0, ""shuffle"": true, ""squash_scale"": 10.0, ""tol"": 0.0005}",linear,0.1,0.5,0.5,True,0,,,,,,833,,0.045,False,-0.028484848484848488,0.7333333333333333,1.0,0.9967361111111112,0.945,0.6206896551724138,0.9818181818181818,0.9761948027108542,0.725,,requires predict_proba,,requires predict_proba,,0.6089999999967404,success,
llsvm,sar-pi0.1-scalesmall,118,"{""alpha"": 2.0, ""beta"": 1.0, ""early_stopping"": true, ""fit_intercept"": true, ""gamma"": 10.0, ""intercept_scale"": 10.0, ""learning_rate"": 2e-05, ""max_epochs"": 3000, ""min_epochs"": 200, ""n_batches"": 20, ""patience"": 100, ""reg_lambda"": 1.0, ""shuffle"": true, ""squash_scale"": 10.0, ""tol"": 0.0005}",linear,0.1,0.5,0.5,True,0,,,,,,412,,0.0625,False,-0.016471918582736528,0.7142857142857143,1.0,0.9996527777777778,0.9625,0.7692307692307693,0.9736147757255936,0.9967906478488956,0.8125,,requires predict_proba,,requires predict_proba,,0.31300000000192085,success,
llsvm,sar-pi0.1-scalesmall,119,"{""alpha"": 2.0, ""beta"": 1.0, ""early_stopping"": true, ""fit_intercept"": true, ""gamma"": 10.0, ""intercept_scale"": 10.0, ""learning_rate"": 2e-05, ""max_epochs"": 3000, ""min_epochs"": 200, ""n_batches"": 20, ""patience"": 100, ""reg_lambda"": 1.0, ""shuffle"": true, ""squash_scale"": 10.0, ""tol"": 0.0005}",linear,0.1,0.5,0.5,True,0,,,,,,587,,0.0625,False,0.0078049454344522595,0.631578947368421,1.0,0.9990972222222222,0.9625,0.7692307692307693,0.9658792650918635,0.9938679245283019,0.8125,,requires predict_proba,,requires predict_proba,,0.43699999999807915,success,
llsvm,sar-pi0.1-scalemid,100,"{""alpha"": 2.0, ""beta"": 1.0, ""early_stopping"": true, ""fit_intercept"": true, ""gamma"": 10.0, ""intercept_scale"": 10.0, ""learning_rate"": 2e-05, ""max_epochs"": 3000, ""min_epochs"": 200, ""n_batches"": 20, ""patience"": 100, ""reg_lambda"": 1.0, ""shuffle"": true, ""squash_scale"": 10.0, ""tol"": 0.0005}",linear,0.1,0.5,0.5,True,0,,,,,,658,,0.0825,False,-0.053917579947018006,0.9587628865979382,1.0,0.9984083333333333,0.9825,0.9041095890410958,0.9621650026274303,0.990452641185853,0.9125,,requires predict_proba,,requires predict_proba,,0.625,success,
llsvm,sar-pi0.1-scalemid,101,"{""alpha"": 2.0, ""beta"": 1.0, ""early_stopping"": true, ""fit_intercept"": true, ""gamma"": 10.0, ""intercept_scale"": 10.0, ""learning_rate"": 2e-05, ""max_epochs"": 3000, ""min_epochs"": 200, ""n_batches"": 20, ""patience"": 100, ""reg_lambda"": 1.0, ""shuffle"": true, ""squash_scale"": 10.0, ""tol"": 0.0005}",linear,0.1,0.5,0.5,True,0,,,,,,421,,0.086,False,-0.04519906851385107,0.946236559139785,1.0,0.9990555555555556,0.985,0.9193548387096774,0.955951756685894,0.9924376974080641,0.9272222222222222,,requires predict_proba,,requires predict_proba,,0.39099999999962165,success,
llsvm,sar-pi0.1-scalemid,102,"{""alpha"": 2.0, ""beta"": 1.0, ""early_stopping"": true, ""fit_intercept"": true, ""gamma"": 10.0, ""intercept_scale"": 10.0, ""learning_rate"": 2e-05, ""max_epochs"": 3000, ""min_epochs"": 200, ""n_batches"": 20, ""patience"": 100, ""reg_lambda"": 1.0, ""shuffle"": true, ""squash_scale"": 10.0, ""tol"": 0.0005}",linear,0.1,0.5,0.5,True,0,,,,,,685,,0.0855,False,-0.048144239226033426,0.9333333333333333,1.0,0.9989527777777778,0.9855,0.921832884097035,0.9614775725593667,0.991812841033237,0.9275,,requires predict_proba,,requires predict_proba,,0.6409999999996217,success,
llsvm,sar-pi0.1-scalemid,103,"{""alpha"": 2.0, ""beta"": 1.0, ""early_stopping"": true, ""fit_intercept"": true, ""gamma"": 10.0, ""intercept_scale"": 10.0, ""learning_rate"": 2e-05, ""max_epochs"": 3000, ""min_epochs"": 200, ""n_batches"": 20, ""patience"": 100, ""reg_lambda"": 1.0, ""shuffle"": true, ""squash_scale"": 10.0, ""tol"": 0.0005}",linear,0.1,0.5,0.5,True,0,,,,,,849,,0.088,False,-0.0533820804526708,0.9622641509433962,1.0,0.9986972222222222,0.988,0.9361702127659575,0.9609292502639916,0.9945215026721997,0.94,,requires predict_proba,,requires predict_proba,,0.8119999999980791,success,
llsvm,sar-pi0.1-scalemid,104,"{""alpha"": 2.0, ""beta"": 1.0, ""early_stopping"": true, ""fit_intercept"": true, ""gamma"": 10.0, ""intercept_scale"": 10.0, ""learning_rate"": 2e-05, ""max_epochs"": 3000, ""min_epochs"": 200, ""n_batches"": 20, ""patience"": 100, ""reg_lambda"": 1.0, ""shuffle"": true, ""squash_scale"": 10.0, ""tol"": 0.0005}",linear,0.1,0.5,0.5,True,0,,,,,,484,,0.0855,False,-0.04747368421052632,0.94,1.0,0.9986722222222222,0.9845,0.9164420485175202,0.9594736842105264,0.9920466152062324,0.9247222222222222,,requires predict_proba,,requires predict_proba,,0.4690000000009604,success,
llsvm,sar-pi0.1-scalemid,105,"{""alpha"": 2.0, ""beta"": 1.0, ""early_stopping"": true, ""fit_intercept"": true, ""gamma"": 10.0, ""intercept_scale"": 10.0, ""learning_rate"": 2e-05, ""max_epochs"": 3000, ""min_epochs"": 200, ""n_batches"": 20, ""patience"": 100, ""reg_lambda"": 1.0, ""shuffle"": true, ""squash_scale"": 10.0, ""tol"": 0.0005}",linear,0.1,0.5,0.5,True,0,,,,,,301,,0.077,False,-0.04311525294788894,0.9090909090909091,1.0,0.9977305555555556,0.977,0.8700564971751412,0.9612970711297071,0.9842334827060282,0.885,,requires predict_proba,,requires predict_proba,,0.2970000000022992,success,
llsvm,sar-pi0.1-scalemid,106,"{""alpha"": 2.0, ""beta"": 1.0, ""early_stopping"": true, ""fit_intercept"": true, ""gamma"": 10.0, ""intercept_scale"": 10.0, ""learning_rate"": 2e-05, ""max_epochs"": 3000, ""min_epochs"": 200, ""n_batches"": 20, ""patience"": 100, ""reg_lambda"": 1.0, ""shuffle"": true, ""squash_scale"": 10.0, ""tol"": 0.0005}",linear,0.1,0.5,0.5,True,0,,,,,,807,,0.0865,False,-0.05962481962481963,0.9727272727272728,1.0,0.9986555555555556,0.9845,0.9168900804289544,0.9650793650793651,0.9886832111313444,0.9269444444444445,,requires predict_proba,,requires predict_proba,,0.75,success,
llsvm,sar-pi0.1-scalemid,107,"{""alpha"": 2.0, ""beta"": 1.0, ""early_stopping"": true, ""fit_intercept"": true, ""gamma"": 10.0, ""intercept_scale"": 10.0, ""learning_rate"": 2e-05, ""max_epochs"": 3000, ""min_epochs"": 200, ""n_batches"": 20, ""patience"": 100, ""reg_lambda"": 1.0, ""shuffle"": true, ""squash_scale"": 10.0, ""tol"": 0.0005}",linear,0.1,0.5,0.5,True,0,,,,,,705,,0.089,False,-0.04825796098810302,0.9595959595959596,1.0,0.9987472222222222,0.987,0.9312169312169312,0.9563387690689111,0.9913260886702333,0.9394444444444445,,requires predict_proba,,requires predict_proba,,0.6719999999986612,success,
llsvm,sar-pi0.1-scalemid,108,"{""alpha"": 2.0, ""beta"": 1.0, ""early_stopping"": true, ""fit_intercept"": true, ""gamma"": 10.0, ""intercept_scale"": 10.0, ""learning_rate"": 2e-05, ""max_epochs"": 3000, ""min_epochs"": 200, ""n_batches"": 20, ""patience"": 100, ""reg_lambda"": 1.0, ""shuffle"": true, ""squash_scale"": 10.0, ""tol"": 0.0005}",linear,0.1,0.5,0.5,True,0,,,,,,704,,0.0905,False,-0.05177232610162648,0.9797979797979798,1.0,0.9993722222222222,0.9895,0.9448818897637795,0.9558127301420305,0.9949513883409317,0.9497222222222222,,requires predict_proba,,requires predict_proba,,0.6709999999984575,success,
llsvm,sar-pi0.1-scalemid,109,"{""alpha"": 2.0, ""beta"": 1.0, ""early_stopping"": true, ""fit_intercept"": true, ""gamma"": 10.0, ""intercept_scale"": 10.0, ""learning_rate"": 2e-05, ""max_epochs"": 3000, ""min_epochs"": 200, ""n_batches"": 20, ""patience"": 100, ""reg_lambda"": 1.0, ""shuffle"": true, ""squash_scale"": 10.0, ""tol"": 0.0005}",linear,0.1,0.5,0.5,True,0,,,,,,455,,0.0875,False,-0.046033421284080916,0.9333333333333333,1.0,0.9967861111111112,0.9835,0.912,0.9593667546174143,0.9768309194469573,0.9263888888888889,,requires predict_proba,,requires predict_proba,,0.4220000000022992,success,
llsvm,sar-pi0.1-scalemid,110,"{""alpha"": 2.0, ""beta"": 1.0, ""early_stopping"": true, ""fit_intercept"": true, ""gamma"": 10.0, ""intercept_scale"": 10.0, ""learning_rate"": 2e-05, ""max_epochs"": 3000, ""min_epochs"": 200, ""n_batches"": 20, ""patience"": 100, ""reg_lambda"": 1.0, ""shuffle"": true, ""squash_scale"": 10.0, ""tol"": 0.0005}",linear,0.1,0.5,0.5,True,0,,,,,,946,,0.0785,False,-0.05151272144054823,0.9534883720930233,1.0,0.9970722222222222,0.9785,0.8795518207282913,0.9608150470219435,0.9862144535453136,0.8925000000000001,,requires predict_proba,,requires predict_proba,,0.8909999999996217,success,
llsvm,sar-pi0.1-scalemid,111,"{""alpha"": 2.0, ""beta"": 1.0, ""early_stopping"": true, ""fit_intercept"": true, ""gamma"": 10.0, ""intercept_scale"": 10.0, ""learning_rate"": 2e-05, ""max_epochs"": 3000, ""min_epochs"": 200, ""n_batches"": 20, ""patience"": 100, ""reg_lambda"": 1.0, ""shuffle"": true, ""squash_scale"": 10.0, ""tol"": 0.0005}",linear,0.1,0.5,0.5,True,0,,,,,,551,,0.081,False,-0.04968421052631579,0.93,1.0,0.9989944444444444,0.979,0.8839779005524862,0.9636842105263158,0.9918361207952979,0.8994444444444445,,requires predict_proba,,requires predict_proba,,0.5309999999990396,success,
llsvm,sar-pi0.1-scalemid,112,"{""alpha"": 2.0, ""beta"": 1.0, ""early_stopping"": true, ""fit_intercept"": true, ""gamma"": 10.0, ""intercept_scale"": 10.0, ""learning_rate"": 2e-05, ""max_epochs"": 3000, ""min_epochs"": 200, ""n_batches"": 20, ""patience"": 100, ""reg_lambda"": 1.0, ""shuffle"": true, ""squash_scale"": 10.0, ""tol"": 0.0005}",linear,0.1,0.5,0.5,True,0,,,,,,301,,0.084,False,-0.044000000000000004,0.92,1.0,0.9962777777777778,0.981,0.8967391304347826,0.96,0.9794476697184696,0.9116666666666666,,requires predict_proba,,requires predict_proba,,0.2820000000028813,success,
llsvm,sar-pi0.1-scalemid,113,"{""alpha"": 2.0, ""beta"": 1.0, ""early_stopping"": true, ""fit_intercept"": true, ""gamma"": 10.0, ""intercept_scale"": 10.0, ""learning_rate"": 2e-05, ""max_epochs"": 3000, ""min_epochs"": 200, ""n_batches"": 20, ""patience"": 100, ""reg_lambda"": 1.0, ""shuffle"": true, ""squash_scale"": 10.0, ""tol"": 0.0005}",linear,0.1,0.5,0.5,True,0,,,,,,449,,0.0825,False,-0.04490642934854564,0.9340659340659341,1.0,0.9987444444444444,0.9815,0.8986301369863013,0.9580932425353589,0.9895678404736273,0.9097222222222222,,requires predict_proba,,requires predict_proba,,0.4069999999992433,success,
llsvm,sar-pi0.1-scalemid,114,"{""alpha"": 2.0, ""beta"": 1.0, ""early_stopping"": true, ""fit_intercept"": true, ""gamma"": 10.0, ""intercept_scale"": 10.0, ""learning_rate"": 2e-05, ""max_epochs"": 3000, ""min_epochs"": 200, ""n_batches"": 20, ""patience"": 100, ""reg_lambda"": 1.0, ""shuffle"": true, ""squash_scale"": 10.0, ""tol"": 0.0005}",linear,0.1,0.5,0.5,True,0,,,,,,409,,0.0815,False,-0.06198894813190439,0.963302752293578,1.0,0.998361111111111,0.9805,0.8925619834710744,0.9693283976731888,0.9809264674588035,0.9047222222222222,,requires predict_proba,,requires predict_proba,,0.4059999999990396,success,
llsvm,sar-pi0.1-scalemid,115,"{""alpha"": 2.0, ""beta"": 1.0, ""early_stopping"": true, ""fit_intercept"": true, ""gamma"": 10.0, ""intercept_scale"": 10.0, ""learning_rate"": 2e-05, ""max_epochs"": 3000, ""min_epochs"": 200, ""n_batches"": 20, ""patience"": 100, ""reg_lambda"": 1.0, ""shuffle"": true, ""squash_scale"": 10.0, ""tol"": 0.0005}",linear,0.1,0.5,0.5,True,0,,,,,,374,,0.0895,False,-0.04635506973237845,0.9428571428571428,1.0,0.9971388888888888,0.9845,0.9182058047493403,0.9577836411609498,0.980612751786408,0.9336111111111112,,requires predict_proba,,requires predict_proba,,0.3600000000005821,success,
llsvm,sar-pi0.1-scalemid,116,"{""alpha"": 2.0, ""beta"": 1.0, ""early_stopping"": true, ""fit_intercept"": true, ""gamma"": 10.0, ""intercept_scale"": 10.0, ""learning_rate"": 2e-05, ""max_epochs"": 3000, ""min_epochs"": 200, ""n_batches"": 20, ""patience"": 100, ""reg_lambda"": 1.0, ""shuffle"": true, ""squash_scale"": 10.0, ""tol"": 0.0005}",linear,0.1,0.5,0.5,True,0,,,,,,478,,0.0895,False,-0.04696858002430715,0.9433962264150944,1.0,0.9996333333333334,0.9875,0.9340369393139841,0.9582893347412883,0.9968562575416438,0.9419444444444445,,requires predict_proba,,requires predict_proba,,0.4530000000013388,success,
llsvm,sar-pi0.1-scalemid,117,"{""alpha"": 2.0, ""beta"": 1.0, ""early_stopping"": true, ""fit_intercept"": true, ""gamma"": 10.0, ""intercept_scale"": 10.0, ""learning_rate"": 2e-05, ""max_epochs"": 3000, ""min_epochs"": 200, ""n_batches"": 20, ""patience"": 100, ""reg_lambda"": 1.0, ""shuffle"": true, ""squash_scale"": 10.0, ""tol"": 0.0005}",linear,0.1,0.5,0.5,True,0,,,,,,542,,0.0875,False,-0.056324839114582304,0.9716981132075472,1.0,0.9992916666666667,0.9865,0.928,0.9619852164730729,0.994127743940747,0.9347222222222222,,requires predict_proba,,requires predict_proba,,0.5159999999996217,success,
llsvm,sar-pi0.1-scalemid,118,"{""alpha"": 2.0, ""beta"": 1.0, ""early_stopping"": true, ""fit_intercept"": true, ""gamma"": 10.0, ""intercept_scale"": 10.0, ""learning_rate"": 2e-05, ""max_epochs"": 3000, ""min_epochs"": 200, ""n_batches"": 20, ""patience"": 100, ""reg_lambda"": 1.0, ""shuffle"": true, ""squash_scale"": 10.0, ""tol"": 0.0005}",linear,0.1,0.5,0.5,True,0,,,,,,331,,0.0885,False,-0.05019908879631185,0.9690721649484536,1.0,0.9995666666666667,0.9875,0.9336870026525199,0.9563846558066211,0.9961301738171955,0.9397222222222222,,requires predict_proba,,requires predict_proba,,0.31300000000192085,success,
llsvm,sar-pi0.1-scalemid,119,"{""alpha"": 2.0, ""beta"": 1.0, ""early_stopping"": true, ""fit_intercept"": true, ""gamma"": 10.0, ""intercept_scale"": 10.0, ""learning_rate"": 2e-05, ""max_epochs"": 3000, ""min_epochs"": 200, ""n_batches"": 20, ""patience"": 100, ""reg_lambda"": 1.0, ""shuffle"": true, ""squash_scale"": 10.0, ""tol"": 0.0005}",linear,0.1,0.5,0.5,True,0,,,,,,462,,0.0825,False,-0.04615555471285166,0.9278350515463918,1.0,0.9977444444444444,0.9825,0.9041095890410958,0.9605885444035733,0.9869731196849717,0.9125,,requires predict_proba,,requires predict_proba,,0.4529999999977008,success,
llsvm,sar-pi0.3-scalesmall,100,"{""alpha"": 2.0, ""beta"": 1.0, ""early_stopping"": true, ""fit_intercept"": true, ""gamma"": 10.0, ""intercept_scale"": 10.0, ""learning_rate"": 2e-05, ""max_epochs"": 3000, ""min_epochs"": 200, ""n_batches"": 20, ""patience"": 100, ""reg_lambda"": 1.0, ""shuffle"": true, ""squash_scale"": 10.0, ""tol"": 0.0005}",linear,0.3,0.5,0.5,True,0,,,,,,470,,0.2175,False,-0.10905424480742085,0.8620689655172413,1.0,0.9999107142857143,0.9175,0.8405797101449275,0.8918128654970761,0.9997939435336977,0.8625,,requires predict_proba,,requires predict_proba,,0.375,success,
llsvm,sar-pi0.3-scalesmall,101,"{""alpha"": 2.0, ""beta"": 1.0, ""early_stopping"": true, ""fit_intercept"": true, ""gamma"": 10.0, ""intercept_scale"": 10.0, ""learning_rate"": 2e-05, ""max_epochs"": 3000, ""min_epochs"": 200, ""n_batches"": 20, ""patience"": 100, ""reg_lambda"": 1.0, ""shuffle"": true, ""squash_scale"": 10.0, ""tol"": 0.0005}",linear,0.3,0.5,0.5,True,0,,,,,,987,,0.1825,False,-0.1323529411764706,0.8333333333333334,1.0,0.9988392857142857,0.8825,0.7564766839378239,0.9323529411764706,0.9971600626403637,0.8041666666666667,,requires predict_proba,,requires predict_proba,,0.7649999999994179,success,
llsvm,sar-pi0.3-scalesmall,102,"{""alpha"": 2.0, ""beta"": 1.0, ""early_stopping"": true, ""fit_intercept"": true, ""gamma"": 10.0, ""intercept_scale"": 10.0, ""learning_rate"": 2e-05, ""max_epochs"": 3000, ""min_epochs"": 200, ""n_batches"": 20, ""patience"": 100, ""reg_lambda"": 1.0, ""shuffle"": true, ""squash_scale"": 10.0, ""tol"": 0.0005}",linear,0.3,0.5,0.5,True,0,,,,,,779,,0.1575,False,-0.13464784410004604,0.8070175438596491,1.0,0.9984226190476191,0.8575,0.6885245901639344,0.9504373177842566,0.9967488637205367,0.7625,,requires predict_proba,,requires predict_proba,,0.6100000000005821,success,
llsvm,sar-pi0.3-scalesmall,103,"{""alpha"": 2.0, ""beta"": 1.0, ""early_stopping"": true, ""fit_intercept"": true, ""gamma"": 10.0, ""intercept_scale"": 10.0, ""learning_rate"": 2e-05, ""max_epochs"": 3000, ""min_epochs"": 200, ""n_batches"": 20, ""patience"": 100, ""reg_lambda"": 1.0, ""shuffle"": true, ""squash_scale"": 10.0, ""tol"": 0.0005}",linear,0.3,0.5,0.5,True,0,,,,,,704,,0.2275,False,-0.14354978354978354,0.8857142857142857,1.0,0.998125,0.9275,0.8625592417061612,0.9121212121212121,0.9959331543118509,0.8791666666666667,,requires predict_proba,,requires predict_proba,,0.5620000000017171,success,
llsvm,sar-pi0.3-scalesmall,104,"{""alpha"": 2.0, ""beta"": 1.0, ""early_stopping"": true, ""fit_intercept"": true, ""gamma"": 10.0, ""intercept_scale"": 10.0, ""learning_rate"": 2e-05, ""max_epochs"": 3000, ""min_epochs"": 200, ""n_batches"": 20, ""patience"": 100, ""reg_lambda"": 1.0, ""shuffle"": true, ""squash_scale"": 10.0, ""tol"": 0.0005}",linear,0.3,0.5,0.5,True,0,,,,,,379,,0.21,False,-0.13734349482852476,0.8636363636363636,1.0,0.9995238095238095,0.91,0.8235294117647058,0.9191616766467066,0.9988898646283745,0.85,,requires predict_proba,,requires predict_proba,,0.3129999999982829,success,
llsvm,sar-pi0.3-scalesmall,105,"{""alpha"": 2.0, ""beta"": 1.0, ""early_stopping"": true, ""fit_intercept"": true, ""gamma"": 10.0, ""intercept_scale"": 10.0, ""learning_rate"": 2e-05, ""max_epochs"": 3000, ""min_epochs"": 200, ""n_batches"": 20, ""patience"": 100, ""reg_lambda"": 1.0, ""shuffle"": true, ""squash_scale"": 10.0, ""tol"": 0.0005}",linear,0.3,0.5,0.5,True,0,,,,,,485,,0.2225,False,-0.13341120334012624,0.8983050847457628,1.0,0.9989285714285714,0.9225,0.8516746411483254,0.8944281524926686,0.9977385737746802,0.8708333333333333,,requires predict_proba,,requires predict_proba,,0.375,success,
llsvm,sar-pi0.3-scalesmall,106,"{""alpha"": 2.0, ""beta"": 1.0, ""early_stopping"": true, ""fit_intercept"": true, ""gamma"": 10.0, ""intercept_scale"": 10.0, ""learning_rate"": 2e-05, ""max_epochs"": 3000, ""min_epochs"": 200, ""n_batches"": 20, ""patience"": 100, ""reg_lambda"": 1.0, ""shuffle"": true, ""squash_scale"": 10.0, ""tol"": 0.0005}",linear,0.3,0.5,0.5,True,0,,,,,,845,,0.2325,False,-0.09855871131835525,0.8571428571428571,1.0,0.9985119047619047,0.9325,0.8732394366197183,0.884272997032641,0.9968811287095574,0.8875,,requires predict_proba,,requires predict_proba,,0.6570000000028813,success,
llsvm,sar-pi0.3-scalesmall,107,"{""alpha"": 2.0, ""beta"": 1.0, ""early_stopping"": true, ""fit_intercept"": true, ""gamma"": 10.0, ""intercept_scale"": 10.0, ""learning_rate"": 2e-05, ""max_epochs"": 3000, ""min_epochs"": 200, ""n_batches"": 20, ""patience"": 100, ""reg_lambda"": 1.0, ""shuffle"": true, ""squash_scale"": 10.0, ""tol"": 0.0005}",linear,0.3,0.5,0.5,True,0,,,,,,333,,0.1725,False,-0.07463070006422606,0.7592592592592593,1.0,0.9994047619047619,0.8725,0.7301587301587301,0.9190751445086706,0.9986618730047553,0.7875,,requires predict_proba,,requires predict_proba,,0.2649999999994179,success,
llsvm,sar-pi0.3-scalesmall,108,"{""alpha"": 2.0, ""beta"": 1.0, ""early_stopping"": true, ""fit_intercept"": true, ""gamma"": 10.0, ""intercept_scale"": 10.0, ""learning_rate"": 2e-05, ""max_epochs"": 3000, ""min_epochs"": 200, ""n_batches"": 20, ""patience"": 100, ""reg_lambda"": 1.0, ""shuffle"": true, ""squash_scale"": 10.0, ""tol"": 0.0005}",linear,0.3,0.5,0.5,True,0,,,,,,594,,0.225,False,-0.13773876879926494,0.9016393442622951,1.0,0.9988392857142857,0.925,0.8571428571428571,0.8967551622418879,0.9974486986821534,0.875,,requires predict_proba,,requires predict_proba,,0.4530000000013388,success,
llsvm,sar-pi0.3-scalesmall,109,"{""alpha"": 2.0, ""beta"": 1.0, ""early_stopping"": true, ""fit_intercept"": true, ""gamma"": 10.0, ""intercept_scale"": 10.0, ""learning_rate"": 2e-05, ""max_epochs"": 3000, ""min_epochs"": 200, ""n_batches"": 20, ""patience"": 100, ""reg_lambda"": 1.0, ""shuffle"": true, ""squash_scale"": 10.0, ""tol"": 0.0005}",linear,0.3,0.5,0.5,True,0,,,,,,686,,0.2025,False,-0.13416701992369648,0.8571428571428571,1.0,0.9963988095238097,0.9025,0.8059701492537313,0.9198813056379822,0.9942718902855946,0.8375,,requires predict_proba,,requires predict_proba,,0.5309999999990396,success,
llsvm,sar-pi0.3-scalesmall,110,"{""alpha"": 2.0, ""beta"": 1.0, ""early_stopping"": true, ""fit_intercept"": true, ""gamma"": 10.0, ""intercept_scale"": 10.0, ""learning_rate"": 2e-05, ""max_epochs"": 3000, ""min_epochs"": 200, ""n_batches"": 20, ""patience"": 100, ""reg_lambda"": 1.0, ""shuffle"": true, ""squash_scale"": 10.0, ""tol"": 0.0005}",linear,0.3,0.5,0.5,True,0,,,,,,733,,0.2275,False,-0.13478891629189033,0.9016393442622951,1.0,0.9986011904761904,0.9275,0.8625592417061612,0.8938053097345132,0.9971370469425153,0.8791666666666667,,requires predict_proba,,requires predict_proba,,0.5620000000017171,success,
llsvm,sar-pi0.3-scalesmall,111,"{""alpha"": 2.0, ""beta"": 1.0, ""early_stopping"": true, ""fit_intercept"": true, ""gamma"": 10.0, ""intercept_scale"": 10.0, ""learning_rate"": 2e-05, ""max_epochs"": 3000, ""min_epochs"": 200, ""n_batches"": 20, ""patience"": 100, ""reg_lambda"": 1.0, ""shuffle"": true, ""squash_scale"": 10.0, ""tol"": 0.0005}",linear,0.3,0.5,0.5,True,0,,,,,,512,,0.205,False,-0.11463293404244743,0.847457627118644,1.0,0.9991666666666666,0.905,0.8118811881188119,0.906158357771261,0.9980036318479115,0.8416666666666667,,requires predict_proba,,requires predict_proba,,0.4059999999990396,success,
llsvm,sar-pi0.3-scalesmall,112,"{""alpha"": 2.0, ""beta"": 1.0, ""early_stopping"": true, ""fit_intercept"": true, ""gamma"": 10.0, ""intercept_scale"": 10.0, ""learning_rate"": 2e-05, ""max_epochs"": 3000, ""min_epochs"": 200, ""n_batches"": 20, ""patience"": 100, ""reg_lambda"": 1.0, ""shuffle"": true, ""squash_scale"": 10.0, ""tol"": 0.0005}",linear,0.3,0.5,0.5,True,0,,,,,,584,,0.185,False,-0.12202380952380953,0.8125,1.0,0.9964583333333333,0.885,0.7628865979381443,0.9345238095238095,0.9920407618614642,0.8083333333333333,,requires predict_proba,,requires predict_proba,,0.4530000000013388,success,
llsvm,sar-pi0.3-scalesmall,113,"{""alpha"": 2.0, ""beta"": 1.0, ""early_stopping"": true, ""fit_intercept"": true, ""gamma"": 10.0, ""intercept_scale"": 10.0, ""learning_rate"": 2e-05, ""max_epochs"": 3000, ""min_epochs"": 200, ""n_batches"": 20, ""patience"": 100, ""reg_lambda"": 1.0, ""shuffle"": true, ""squash_scale"": 10.0, ""tol"": 0.0005}",linear,0.3,0.5,0.5,True,0,,,,,,335,,0.2275,False,-0.08377976190476188,0.828125,1.0,0.9997619047619047,0.9275,0.8625592417061612,0.8869047619047619,0.9994637021475257,0.8791666666666667,,requires predict_proba,,requires predict_proba,,0.26599999999962165,success,
llsvm,sar-pi0.3-scalesmall,114,"{""alpha"": 2.0, ""beta"": 1.0, ""early_stopping"": true, ""fit_intercept"": true, ""gamma"": 10.0, ""intercept_scale"": 10.0, ""learning_rate"": 2e-05, ""max_epochs"": 3000, ""min_epochs"": 200, ""n_batches"": 20, ""patience"": 100, ""reg_lambda"": 1.0, ""shuffle"": true, ""squash_scale"": 10.0, ""tol"": 0.0005}",linear,0.3,0.5,0.5,True,0,,,,,,431,,0.215,False,-0.10683905609721633,0.8412698412698413,1.0,0.998452380952381,0.915,0.8349514563106796,0.9020771513353115,0.9966070542798887,0.8583333333333334,,requires predict_proba,,requires predict_proba,,0.3440000000009604,success,
llsvm,sar-pi0.3-scalesmall,115,"{""alpha"": 2.0, ""beta"": 1.0, ""early_stopping"": true, ""fit_intercept"": true, ""gamma"": 10.0, ""intercept_scale"": 10.0, ""learning_rate"": 2e-05, ""max_epochs"": 3000, ""min_epochs"": 200, ""n_batches"": 20, ""patience"": 100, ""reg_lambda"": 1.0, ""shuffle"": true, ""squash_scale"": 10.0, ""tol"": 0.0005}",linear,0.3,0.5,0.5,True,0,,,,,,689,,0.1825,False,-0.09107257546563907,0.7962962962962963,1.0,0.9995238095238095,0.8825,0.7564766839378239,0.9132947976878613,0.9989103460398777,0.8041666666666667,,requires predict_proba,,requires predict_proba,,0.5309999999990396,success,
llsvm,sar-pi0.3-scalesmall,116,"{""alpha"": 2.0, ""beta"": 1.0, ""early_stopping"": true, ""fit_intercept"": true, ""gamma"": 10.0, ""intercept_scale"": 10.0, ""learning_rate"": 2e-05, ""max_epochs"": 3000, ""min_epochs"": 200, ""n_batches"": 20, ""patience"": 100, ""reg_lambda"": 1.0, ""shuffle"": true, ""squash_scale"": 10.0, ""tol"": 0.0005}",linear,0.3,0.5,0.5,True,0,,,,,,303,,0.2225,False,-0.13166634853979767,0.8870967741935484,1.0,0.9998809523809524,0.9225,0.8516746411483254,0.8994082840236687,0.999731182795699,0.8708333333333333,,requires predict_proba,,requires predict_proba,,0.23400000000037835,success,
llsvm,sar-pi0.3-scalesmall,117,"{""alpha"": 2.0, ""beta"": 1.0, ""early_stopping"": true, ""fit_intercept"": true, ""gamma"": 10.0, ""intercept_scale"": 10.0, ""learning_rate"": 2e-05, ""max_epochs"": 3000, ""min_epochs"": 200, ""n_batches"": 20, ""patience"": 100, ""reg_lambda"": 1.0, ""shuffle"": true, ""squash_scale"": 10.0, ""tol"": 0.0005}",linear,0.3,0.5,0.5,True,0,,,,,,380,,0.2075,False,-0.12480242556787116,0.864406779661017,1.0,0.9984226190476191,0.9075,0.8177339901477833,0.906158357771261,0.9965254802515033,0.8458333333333333,,requires predict_proba,,requires predict_proba,,0.3129999999982829,success,
llsvm,sar-pi0.3-scalesmall,118,"{""alpha"": 2.0, ""beta"": 1.0, ""early_stopping"": true, ""fit_intercept"": true, ""gamma"": 10.0, ""intercept_scale"": 10.0, ""learning_rate"": 2e-05, ""max_epochs"": 3000, ""min_epochs"": 200, ""n_batches"": 20, ""patience"": 100, ""reg_lambda"": 1.0, ""shuffle"": true, ""squash_scale"": 10.0, ""tol"": 0.0005}",linear,0.3,0.5,0.5,True,0,,,,,,337,,0.205,False,-0.10182724252491693,0.8392857142857143,1.0,0.9993452380952381,0.905,0.8118811881188119,0.8982558139534884,0.9984848167745832,0.8416666666666667,,requires predict_proba,,requires predict_proba,,0.2649999999994179,success,
llsvm,sar-pi0.3-scalesmall,119,"{""alpha"": 2.0, ""beta"": 1.0, ""early_stopping"": true, ""fit_intercept"": true, ""gamma"": 10.0, ""intercept_scale"": 10.0, ""learning_rate"": 2e-05, ""max_epochs"": 3000, ""min_epochs"": 200, ""n_batches"": 20, ""patience"": 100, ""reg_lambda"": 1.0, ""shuffle"": true, ""squash_scale"": 10.0, ""tol"": 0.0005}",linear,0.3,0.5,0.5,True,0,,,,,,357,,0.22,False,-0.08035714285714285,0.8125,1.0,0.999375,0.92,0.8461538461538461,0.8928571428571429,0.9986035340672953,0.8666666666666667,,requires predict_proba,,requires predict_proba,,0.2970000000022992,success,
llsvm,sar-pi0.3-scalemid,100,"{""alpha"": 2.0, ""beta"": 1.0, ""early_stopping"": true, ""fit_intercept"": true, ""gamma"": 10.0, ""intercept_scale"": 10.0, ""learning_rate"": 2e-05, ""max_epochs"": 3000, ""min_epochs"": 200, ""n_batches"": 20, ""patience"": 100, ""reg_lambda"": 1.0, ""shuffle"": true, ""squash_scale"": 10.0, ""tol"": 0.0005}",linear,0.3,0.5,0.5,True,0,,,,,,784,,0.2735,False,-0.1506046164413344,0.990228013029316,1.0,0.9988369047619048,0.9735,0.953792502179599,0.8564678086237448,0.9977258305292056,0.9558333333333333,,requires predict_proba,,requires predict_proba,,0.7350000000005821,success,
llsvm,sar-pi0.3-scalemid,101,"{""alpha"": 2.0, ""beta"": 1.0, ""early_stopping"": true, ""fit_intercept"": true, ""gamma"": 10.0, ""intercept_scale"": 10.0, ""learning_rate"": 2e-05, ""max_epochs"": 3000, ""min_epochs"": 200, ""n_batches"": 20, ""patience"": 100, ""reg_lambda"": 1.0, ""shuffle"": true, ""squash_scale"": 10.0, ""tol"": 0.0005}",linear,0.3,0.5,0.5,True,0,,,,,,489,,0.2575,False,-0.12495321579828622,0.9471830985915493,1.0,0.999379761904762,0.9575,0.9237668161434978,0.8566433566433567,0.9985577746005898,0.9291666666666667,,requires predict_proba,,requires predict_proba,,0.4690000000009604,success,
llsvm,sar-pi0.3-scalemid,102,"{""alpha"": 2.0, ""beta"": 1.0, ""early_stopping"": true, ""fit_intercept"": true, ""gamma"": 10.0, ""intercept_scale"": 10.0, ""learning_rate"": 2e-05, ""max_epochs"": 3000, ""min_epochs"": 200, ""n_batches"": 20, ""patience"": 100, ""reg_lambda"": 1.0, ""shuffle"": true, ""squash_scale"": 10.0, ""tol"": 0.0005}",linear,0.3,0.5,0.5,True,0,,,,,,277,,0.266,False,-0.12874664405821676,0.946031746031746,1.0,0.9976166666666667,0.959,0.9275618374558304,0.8611275964391691,0.9947574198621509,0.935,,requires predict_proba,,requires predict_proba,,0.2809999999990396,success,
llsvm,sar-pi0.3-scalemid,103,"{""alpha"": 2.0, ""beta"": 1.0, ""early_stopping"": true, ""fit_intercept"": true, ""gamma"": 10.0, ""intercept_scale"": 10.0, ""learning_rate"": 2e-05, ""max_epochs"": 3000, ""min_epochs"": 200, ""n_batches"": 20, ""patience"": 100, ""reg_lambda"": 1.0, ""shuffle"": true, ""squash_scale"": 10.0, ""tol"": 0.0005}",linear,0.3,0.5,0.5,True,0,,,,,,350,,0.2675,False,-0.09503113377918981,0.9204152249134948,1.0,0.9934940476190477,0.9545,0.9198237885462555,0.842781998831093,0.9863830404964881,0.9303571428571429,,requires predict_proba,,requires predict_proba,,0.3440000000009604,success,
llsvm,sar-pi0.3-scalemid,104,"{""alpha"": 2.0, ""beta"": 1.0, ""early_stopping"": true, ""fit_intercept"": true, ""gamma"": 10.0, ""intercept_scale"": 10.0, ""learning_rate"": 2e-05, ""max_epochs"": 3000, ""min_epochs"": 200, ""n_batches"": 20, ""patience"": 100, ""reg_lambda"": 1.0, ""shuffle"": true, ""squash_scale"": 10.0, ""tol"": 0.0005}",linear,0.3,0.5,0.5,True,0,,,,,,305,,0.276,False,-0.12885420631899505,0.972972972972973,1.0,0.9990071428571428,0.974,0.9548611111111112,0.8450704225352113,0.9977881257484837,0.9576190476190476,,requires predict_proba,,requires predict_proba,,0.2809999999990396,success,
llsvm,sar-pi0.3-scalemid,105,"{""alpha"": 2.0, ""beta"": 1.0, ""early_stopping"": true, ""fit_intercept"": true, ""gamma"": 10.0, ""intercept_scale"": 10.0, ""learning_rate"": 2e-05, ""max_epochs"": 3000, ""min_epochs"": 200, ""n_batches"": 20, ""patience"": 100, ""reg_lambda"": 1.0, ""shuffle"": true, ""squash_scale"": 10.0, ""tol"": 0.0005}",linear,0.3,0.5,0.5,True,0,,,,,,220,,0.2695,False,-0.12312198005706598,0.9587628865979382,1.0,0.99915,0.9685,0.9446883230904302,0.8478642480983031,0.9980590089393855,0.9479761904761905,,requires predict_proba,,requires predict_proba,,0.23400000000037835,success,
llsvm,sar-pi0.3-scalemid,106,"{""alpha"": 2.0, ""beta"": 1.0, ""early_stopping"": true, ""fit_intercept"": true, ""gamma"": 10.0, ""intercept_scale"": 10.0, ""learning_rate"": 2e-05, ""max_epochs"": 3000, ""min_epochs"": 200, ""n_batches"": 20, ""patience"": 100, ""reg_lambda"": 1.0, ""shuffle"": true, ""squash_scale"": 10.0, ""tol"": 0.0005}",linear,0.3,0.5,0.5,True,0,,,,,,375,,0.2635,False,-0.14460251158727927,0.9674267100977199,1.0,0.9975678571428571,0.9605,0.929902395740905,0.8641464855286474,0.9944932941067803,0.9355952380952381,,requires predict_proba,,requires predict_proba,,0.3440000000009604,success,
llsvm,sar-pi0.3-scalemid,107,"{""alpha"": 2.0, ""beta"": 1.0, ""early_stopping"": true, ""fit_intercept"": true, ""gamma"": 10.0, ""intercept_scale"": 10.0, ""learning_rate"": 2e-05, ""max_epochs"": 3000, ""min_epochs"": 200, ""n_batches"": 20, ""patience"": 100, ""reg_lambda"": 1.0, ""shuffle"": true, ""squash_scale"": 10.0, ""tol"": 0.0005}",linear,0.3,0.5,0.5,True,0,,,,,,365,,0.273,False,-0.1418137069521658,0.9896193771626297,1.0,0.9991535714285715,0.971,0.9493891797556719,0.848042080654588,0.9981192869032713,0.9526190476190476,,requires predict_proba,,requires predict_proba,,0.3429999999971187,success,
llsvm,sar-pi0.3-scalemid,108,"{""alpha"": 2.0, ""beta"": 1.0, ""early_stopping"": true, ""fit_intercept"": true, ""gamma"": 10.0, ""intercept_scale"": 10.0, ""learning_rate"": 2e-05, ""max_epochs"": 3000, ""min_epochs"": 200, ""n_batches"": 20, ""patience"": 100, ""reg_lambda"": 1.0, ""shuffle"": true, ""squash_scale"": 10.0, ""tol"": 0.0005}",linear,0.3,0.5,0.5,True,0,,,,,,557,,0.286,False,-0.1296470588235294,0.9866666666666667,1.0,0.9994035714285715,0.983,0.9709897610921502,0.8376470588235294,0.9986917095182454,0.9730952380952381,,requires predict_proba,,requires predict_proba,,0.5309999999990396,success,
llsvm,sar-pi0.3-scalemid,109,"{""alpha"": 2.0, ""beta"": 1.0, ""early_stopping"": true, ""fit_intercept"": true, ""gamma"": 10.0, ""intercept_scale"": 10.0, ""learning_rate"": 2e-05, ""max_epochs"": 3000, ""min_epochs"": 200, ""n_batches"": 20, ""patience"": 100, ""reg_lambda"": 1.0, ""shuffle"": true, ""squash_scale"": 10.0, ""tol"": 0.0005}",linear,0.3,0.5,0.5,True,0,,,,,,434,,0.2595,False,-0.1460049627791563,0.9612903225806452,1.0,0.9983488095238096,0.9585,0.9258266309204647,0.8692307692307693,0.9964936833779865,0.9313095238095238,,requires predict_proba,,requires predict_proba,,0.4069999999992433,success,
llsvm,sar-pi0.3-scalemid,110,"{""alpha"": 2.0, ""beta"": 1.0, ""early_stopping"": true, ""fit_intercept"": true, ""gamma"": 10.0, ""intercept_scale"": 10.0, ""learning_rate"": 2e-05, ""max_epochs"": 3000, ""min_epochs"": 200, ""n_batches"": 20, ""patience"": 100, ""reg_lambda"": 1.0, ""shuffle"": true, ""squash_scale"": 10.0, ""tol"": 0.0005}",linear,0.3,0.5,0.5,True,0,,,,,,461,,0.2695,False,-0.1352260415640697,0.9788732394366197,1.0,0.9990119047619048,0.9695,0.9464442493415277,0.8479020979020979,0.997932426938241,0.9491666666666667,,requires predict_proba,,requires predict_proba,,0.4690000000009604,success,
llsvm,sar-pi0.3-scalemid,111,"{""alpha"": 2.0, ""beta"": 1.0, ""early_stopping"": true, ""fit_intercept"": true, ""gamma"": 10.0, ""intercept_scale"": 10.0, ""learning_rate"": 2e-05, ""max_epochs"": 3000, ""min_epochs"": 200, ""n_batches"": 20, ""patience"": 100, ""reg_lambda"": 1.0, ""shuffle"": true, ""squash_scale"": 10.0, ""tol"": 0.0005}",linear,0.3,0.5,0.5,True,0,,,,,,401,,0.2745,False,-0.14005473860546325,0.9832775919732442,1.0,0.9992761904761904,0.9705,0.9486510008703221,0.8500881834215167,0.998308461580006,0.9527380952380953,,requires predict_proba,,requires predict_proba,,0.4059999999990396,success,
llsvm,sar-pi0.3-scalemid,112,"{""alpha"": 2.0, ""beta"": 1.0, ""early_stopping"": true, ""fit_intercept"": true, ""gamma"": 10.0, ""intercept_scale"": 10.0, ""learning_rate"": 2e-05, ""max_epochs"": 3000, ""min_epochs"": 200, ""n_batches"": 20, ""patience"": 100, ""reg_lambda"": 1.0, ""shuffle"": true, ""squash_scale"": 10.0, ""tol"": 0.0005}",linear,0.3,0.5,0.5,True,0,,,,,,477,,0.2695,False,-0.13745228940859858,0.9761092150170648,1.0,0.9993595238095238,0.9675,0.9429323968393327,0.8517867603983597,0.9985343086338072,0.9467857142857143,,requires predict_proba,,requires predict_proba,,0.4530000000013388,success,
llsvm,sar-pi0.3-scalemid,113,"{""alpha"": 2.0, ""beta"": 1.0, ""early_stopping"": true, ""fit_intercept"": true, ""gamma"": 10.0, ""intercept_scale"": 10.0, ""learning_rate"": 2e-05, ""max_epochs"": 3000, ""min_epochs"": 200, ""n_batches"": 20, ""patience"": 100, ""reg_lambda"": 1.0, ""shuffle"": true, ""squash_scale"": 10.0, ""tol"": 0.0005}",linear,0.3,0.5,0.5,True,0,,,,,,264,,0.2655,False,-0.1266886962830937,0.9530201342281879,1.0,0.9988345238095239,0.9635,0.9354553492484527,0.854876615746181,0.9972046640721713,0.9401190476190476,,requires predict_proba,,requires predict_proba,,0.26599999999962165,success,
llsvm,sar-pi0.3-scalemid,114,"{""alpha"": 2.0, ""beta"": 1.0, ""early_stopping"": true, ""fit_intercept"": true, ""gamma"": 10.0, ""intercept_scale"": 10.0, ""learning_rate"": 2e-05, ""max_epochs"": 3000, ""min_epochs"": 200, ""n_batches"": 20, ""patience"": 100, ""reg_lambda"": 1.0, ""shuffle"": true, ""squash_scale"": 10.0, ""tol"": 0.0005}",linear,0.3,0.5,0.5,True,0,,,,,,277,,0.2505,False,-0.15784724753919066,0.9615384615384616,1.0,0.9974369047619048,0.9495,0.9082652134423251,0.8809241706161137,0.9925805007464108,0.9163095238095238,,requires predict_proba,,requires predict_proba,,0.25,success,
llsvm,sar-pi0.3-scalemid,115,"{""alpha"": 2.0, ""beta"": 1.0, ""early_stopping"": true, ""fit_intercept"": true, ""gamma"": 10.0, ""intercept_scale"": 10.0, ""learning_rate"": 2e-05, ""max_epochs"": 3000, ""min_epochs"": 200, ""n_batches"": 20, ""patience"": 100, ""reg_lambda"": 1.0, ""shuffle"": true, ""squash_scale"": 10.0, ""tol"": 0.0005}",linear,0.3,0.5,0.5,True,0,,,,,,515,,0.27,False,-0.13777929493545182,0.9703947368421053,1.0,0.9986940476190477,0.969,0.9456140350877194,0.8555424528301887,0.9972543610959466,0.9488095238095238,,requires predict_proba,,requires predict_proba,,0.48400000000037835,success,
llsvm,sar-pi0.3-scalemid,116,"{""alpha"": 2.0, ""beta"": 1.0, ""early_stopping"": true, ""fit_intercept"": true, ""gamma"": 10.0, ""intercept_scale"": 10.0, ""learning_rate"": 2e-05, ""max_epochs"": 3000, ""min_epochs"": 200, ""n_batches"": 20, ""patience"": 100, ""reg_lambda"": 1.0, ""shuffle"": true, ""squash_scale"": 10.0, ""tol"": 0.0005}",linear,0.3,0.5,0.5,True,0,,,,,,318,,0.282,False,-0.1300366091162982,0.9742765273311897,1.0,0.9997357142857143,0.98,0.9656357388316151,0.8454706927175843,0.999370738287233,0.9676190476190476,,requires predict_proba,,requires predict_proba,,0.2970000000022992,success,
llsvm,sar-pi0.3-scalemid,117,"{""alpha"": 2.0, ""beta"": 1.0, ""early_stopping"": true, ""fit_intercept"": true, ""gamma"": 10.0, ""intercept_scale"": 10.0, ""learning_rate"": 2e-05, ""max_epochs"": 3000, ""min_epochs"": 200, ""n_batches"": 20, ""patience"": 100, ""reg_lambda"": 1.0, ""shuffle"": true, ""squash_scale"": 10.0, ""tol"": 0.0005}",linear,0.3,0.5,0.5,True,0,,,,,,343,,0.279,False,-0.1407937770706267,0.9753086419753086,1.0,0.9992666666666667,0.977,0.9602763385146805,0.8556085918854416,0.9982970154390304,0.9626190476190476,,requires predict_proba,,requires predict_proba,,0.3279999999977008,success,
llsvm,sar-pi0.3-scalemid,118,"{""alpha"": 2.0, ""beta"": 1.0, ""early_stopping"": true, ""fit_intercept"": true, ""gamma"": 10.0, ""intercept_scale"": 10.0, ""learning_rate"": 2e-05, ""max_epochs"": 3000, ""min_epochs"": 200, ""n_batches"": 20, ""patience"": 100, ""reg_lambda"": 1.0, ""shuffle"": true, ""squash_scale"": 10.0, ""tol"": 0.0005}",linear,0.3,0.5,0.5,True,0,,,,,,262,,0.282,False,-0.1333411309784445,0.9897610921501706,1.0,0.9995916666666667,0.98,0.9656357388316151,0.8394844756883422,0.999055826612373,0.9676190476190476,,requires predict_proba,,requires predict_proba,,0.25,success,
llsvm,sar-pi0.3-scalemid,119,"{""alpha"": 2.0, ""beta"": 1.0, ""early_stopping"": true, ""fit_intercept"": true, ""gamma"": 10.0, ""intercept_scale"": 10.0, ""learning_rate"": 2e-05, ""max_epochs"": 3000, ""min_epochs"": 200, ""n_batches"": 20, ""patience"": 100, ""reg_lambda"": 1.0, ""shuffle"": true, ""squash_scale"": 10.0, ""tol"": 0.0005}",linear,0.3,0.5,0.5,True,0,,,,,,244,,0.274,False,-0.12653902501230746,0.9663299663299664,1.0,0.9990297619047619,0.973,0.9529616724738676,0.8467410452143277,0.9978786199585897,0.9554761904761905,,requires predict_proba,,requires predict_proba,,0.23399999999674037,success,
llsvm,sar-pi0.5-scalesmall,100,"{""alpha"": 2.0, ""beta"": 1.0, ""early_stopping"": true, ""fit_intercept"": true, ""gamma"": 10.0, ""intercept_scale"": 10.0, ""learning_rate"": 2e-05, ""max_epochs"": 3000, ""min_epochs"": 200, ""n_batches"": 20, ""patience"": 100, ""reg_lambda"": 1.0, ""shuffle"": true, ""squash_scale"": 10.0, ""tol"": 0.0005}",linear,0.5,0.5,0.5,True,0,,,,,,474,,0.38,False,-0.17456168427042212,0.9010989010989011,1.0,0.99905,0.88,0.8636363636363636,0.7734627831715211,0.999107138452243,0.88,,requires predict_proba,,requires predict_proba,,0.35899999999674037,success,
llsvm,sar-pi0.5-scalesmall,101,"{""alpha"": 2.0, ""beta"": 1.0, ""early_stopping"": true, ""fit_intercept"": true, ""gamma"": 10.0, ""intercept_scale"": 10.0, ""learning_rate"": 2e-05, ""max_epochs"": 3000, ""min_epochs"": 200, ""n_batches"": 20, ""patience"": 100, ""reg_lambda"": 1.0, ""shuffle"": true, ""squash_scale"": 10.0, ""tol"": 0.0005}",linear,0.5,0.5,0.5,True,0,,,,,,924,,0.3275,False,-0.23808308665918138,0.8865979381443299,1.0,0.9986,0.8275,0.7915407854984894,0.8514851485148515,0.998550685555579,0.8275,,requires predict_proba,,requires predict_proba,,0.7029999999977008,success,
llsvm,sar-pi0.5-scalesmall,102,"{""alpha"": 2.0, ""beta"": 1.0, ""early_stopping"": true, ""fit_intercept"": true, ""gamma"": 10.0, ""intercept_scale"": 10.0, ""learning_rate"": 2e-05, ""max_epochs"": 3000, ""min_epochs"": 200, ""n_batches"": 20, ""patience"": 100, ""reg_lambda"": 1.0, ""shuffle"": true, ""squash_scale"": 10.0, ""tol"": 0.0005}",linear,0.5,0.5,0.5,True,0,,,,,,603,,0.32,False,-0.21787327939476725,0.8709677419354839,1.0,0.9979,0.82,0.7804878048780488,0.8469055374592834,0.9979112992040564,0.8200000000000001,,requires predict_proba,,requires predict_proba,,0.4690000000009604,success,
llsvm,sar-pi0.5-scalesmall,103,"{""alpha"": 2.0, ""beta"": 1.0, ""early_stopping"": true, ""fit_intercept"": true, ""gamma"": 10.0, ""intercept_scale"": 10.0, ""learning_rate"": 2e-05, ""max_epochs"": 3000, ""min_epochs"": 200, ""n_batches"": 20, ""patience"": 100, ""reg_lambda"": 1.0, ""shuffle"": true, ""squash_scale"": 10.0, ""tol"": 0.0005}",linear,0.5,0.5,0.5,True,0,,,,,,703,,0.415,False,-0.2316614420062696,0.9454545454545454,1.0,0.998425,0.915,0.907103825136612,0.7862068965517242,0.9984503789327339,0.915,,requires predict_proba,,requires predict_proba,,0.5470000000022992,success,
llsvm,sar-pi0.5-scalesmall,104,"{""alpha"": 2.0, ""beta"": 1.0, ""early_stopping"": true, ""fit_intercept"": true, ""gamma"": 10.0, ""intercept_scale"": 10.0, ""learning_rate"": 2e-05, ""max_epochs"": 3000, ""min_epochs"": 200, ""n_batches"": 20, ""patience"": 100, ""reg_lambda"": 1.0, ""shuffle"": true, ""squash_scale"": 10.0, ""tol"": 0.0005}",linear,0.5,0.5,0.5,True,0,,,,,,321,,0.3775,False,-0.21356667439319182,0.9108910891089109,1.0,0.99905,0.8775,0.8603988603988604,0.802675585284281,0.9990860226851873,0.8775,,requires predict_proba,,requires predict_proba,,0.25,success,
llsvm,sar-pi0.5-scalesmall,105,"{""alpha"": 2.0, ""beta"": 1.0, ""early_stopping"": true, ""fit_intercept"": true, ""gamma"": 10.0, ""intercept_scale"": 10.0, ""learning_rate"": 2e-05, ""max_epochs"": 3000, ""min_epochs"": 200, ""n_batches"": 20, ""patience"": 100, ""reg_lambda"": 1.0, ""shuffle"": true, ""squash_scale"": 10.0, ""tol"": 0.0005}",linear,0.5,0.5,0.5,True,0,,,,,,263,,0.41,False,-0.18,0.92,1.0,0.99945,0.91,0.9010989010989011,0.76,0.9994737417928616,0.9099999999999999,,requires predict_proba,,requires predict_proba,,0.2029999999977008,success,
llsvm,sar-pi0.5-scalesmall,106,"{""alpha"": 2.0, ""beta"": 1.0, ""early_stopping"": true, ""fit_intercept"": true, ""gamma"": 10.0, ""intercept_scale"": 10.0, ""learning_rate"": 2e-05, ""max_epochs"": 3000, ""min_epochs"": 200, ""n_batches"": 20, ""patience"": 100, ""reg_lambda"": 1.0, ""shuffle"": true, ""squash_scale"": 10.0, ""tol"": 0.0005}",linear,0.5,0.5,0.5,True,0,,,,,,621,,0.4125,False,-0.18353831598864712,0.9285714285714286,1.0,0.99785,0.9125,0.9041095890410958,0.7549668874172185,0.9979372216844828,0.9125,,requires predict_proba,,requires predict_proba,,0.4850000000005821,success,
llsvm,sar-pi0.5-scalesmall,107,"{""alpha"": 2.0, ""beta"": 1.0, ""early_stopping"": true, ""fit_intercept"": true, ""gamma"": 10.0, ""intercept_scale"": 10.0, ""learning_rate"": 2e-05, ""max_epochs"": 3000, ""min_epochs"": 200, ""n_batches"": 20, ""patience"": 100, ""reg_lambda"": 1.0, ""shuffle"": true, ""squash_scale"": 10.0, ""tol"": 0.0005}",linear,0.5,0.5,0.5,True,0,,,,,,283,,0.3325,False,-0.12224830185995234,0.8131868131868132,1.0,0.9994999999999999,0.8325,0.7987987987987988,0.8090614886731392,0.999512496838705,0.8325,,requires predict_proba,,requires predict_proba,,0.21900000000096043,success,
llsvm,sar-pi0.5-scalesmall,108,"{""alpha"": 2.0, ""beta"": 1.0, ""early_stopping"": true, ""fit_intercept"": true, ""gamma"": 10.0, ""intercept_scale"": 10.0, ""learning_rate"": 2e-05, ""max_epochs"": 3000, ""min_epochs"": 200, ""n_batches"": 20, ""patience"": 100, ""reg_lambda"": 1.0, ""shuffle"": true, ""squash_scale"": 10.0, ""tol"": 0.0005}",linear,0.5,0.5,0.5,True,0,,,,,,444,,0.39,False,-0.21333964049195842,0.9285714285714286,1.0,0.9993,0.89,0.8764044943820225,0.7847682119205298,0.9993126518193132,0.89,,requires predict_proba,,requires predict_proba,,0.3440000000009604,success,
llsvm,sar-pi0.5-scalesmall,109,"{""alpha"": 2.0, ""beta"": 1.0, ""early_stopping"": true, ""fit_intercept"": true, ""gamma"": 10.0, ""intercept_scale"": 10.0, ""learning_rate"": 2e-05, ""max_epochs"": 3000, ""min_epochs"": 200, ""n_batches"": 20, ""patience"": 100, ""reg_lambda"": 1.0, ""shuffle"": true, ""squash_scale"": 10.0, ""tol"": 0.0005}",linear,0.5,0.5,0.5,True,0,,,,,,525,,0.3525,False,-0.2262324239068425,0.898989898989899,1.0,0.9979,0.8525,0.8269794721407625,0.8272425249169435,0.9981367184675372,0.8525,,requires predict_proba,,requires predict_proba,,0.4220000000022992,success,
llsvm,sar-pi0.5-scalesmall,110,"{""alpha"": 2.0, ""beta"": 1.0, ""early_stopping"": true, ""fit_intercept"": true, ""gamma"": 10.0, ""intercept_scale"": 10.0, ""learning_rate"": 2e-05, ""max_epochs"": 3000, ""min_epochs"": 200, ""n_batches"": 20, ""patience"": 100, ""reg_lambda"": 1.0, ""shuffle"": true, ""squash_scale"": 10.0, ""tol"": 0.0005}",linear,0.5,0.5,0.5,True,0,,,,,,583,,0.4375,False,-0.18523002421307505,0.9428571428571428,1.0,0.9994999999999999,0.9375,0.9333333333333333,0.7423728813559322,0.9995137557287455,0.9375,,requires predict_proba,,requires predict_proba,,0.46899999999732245,success,
llsvm,sar-pi0.5-scalesmall,111,"{""alpha"": 2.0, ""beta"": 1.0, ""early_stopping"": true, ""fit_intercept"": true, ""gamma"": 10.0, ""intercept_scale"": 10.0, ""learning_rate"": 2e-05, ""max_epochs"": 3000, ""min_epochs"": 200, ""n_batches"": 20, ""patience"": 100, ""reg_lambda"": 1.0, ""shuffle"": true, ""squash_scale"": 10.0, ""tol"": 0.0005}",linear,0.5,0.5,0.5,True,0,,,,,,354,,0.3775,False,-0.19081458086590342,0.8921568627450981,1.0,0.99935,0.8775,0.8603988603988604,0.7986577181208053,0.9993577567730847,0.8775,,requires predict_proba,,requires predict_proba,,0.2970000000022992,success,
llsvm,sar-pi0.5-scalesmall,112,"{""alpha"": 2.0, ""beta"": 1.0, ""early_stopping"": true, ""fit_intercept"": true, ""gamma"": 10.0, ""intercept_scale"": 10.0, ""learning_rate"": 2e-05, ""max_epochs"": 3000, ""min_epochs"": 200, ""n_batches"": 20, ""patience"": 100, ""reg_lambda"": 1.0, ""shuffle"": true, ""squash_scale"": 10.0, ""tol"": 0.0005}",linear,0.5,0.5,0.5,True,0,,,,,,493,,0.3925,False,-0.1634876080507799,0.8785046728971962,1.0,0.998875,0.8925,0.8795518207282913,0.7849829351535836,0.9988644788117432,0.8925000000000001,,requires predict_proba,,requires predict_proba,,0.3899999999994179,success,
llsvm,sar-pi0.5-scalesmall,113,"{""alpha"": 2.0, ""beta"": 1.0, ""early_stopping"": true, ""fit_intercept"": true, ""gamma"": 10.0, ""intercept_scale"": 10.0, ""learning_rate"": 2e-05, ""max_epochs"": 3000, ""min_epochs"": 200, ""n_batches"": 20, ""patience"": 100, ""reg_lambda"": 1.0, ""shuffle"": true, ""squash_scale"": 10.0, ""tol"": 0.0005}",linear,0.5,0.5,0.5,True,0,,,,,,324,,0.42,False,-0.17021791767554478,0.9142857142857143,1.0,0.9998,0.92,0.9130434782608695,0.7559322033898305,0.9998018509486417,0.9199999999999999,,requires predict_proba,,requires predict_proba,,0.26599999999962165,success,
llsvm,sar-pi0.5-scalesmall,114,"{""alpha"": 2.0, ""beta"": 1.0, ""early_stopping"": true, ""fit_intercept"": true, ""gamma"": 10.0, ""intercept_scale"": 10.0, ""learning_rate"": 2e-05, ""max_epochs"": 3000, ""min_epochs"": 200, ""n_batches"": 20, ""patience"": 100, ""reg_lambda"": 1.0, ""shuffle"": true, ""squash_scale"": 10.0, ""tol"": 0.0005}",linear,0.5,0.5,0.5,True,0,,,,,,461,,0.39,False,-0.19798224374495565,0.9047619047619048,1.0,0.9984,0.885,0.8707865168539326,0.7932203389830509,0.9982384485917701,0.885,,requires predict_proba,,requires predict_proba,,0.4059999999990396,success,
llsvm,sar-pi0.5-scalesmall,115,"{""alpha"": 2.0, ""beta"": 1.0, ""early_stopping"": true, ""fit_intercept"": true, ""gamma"": 10.0, ""intercept_scale"": 10.0, ""learning_rate"": 2e-05, ""max_epochs"": 3000, ""min_epochs"": 200, ""n_batches"": 20, ""patience"": 100, ""reg_lambda"": 1.0, ""shuffle"": true, ""squash_scale"": 10.0, ""tol"": 0.0005}",linear,0.5,0.5,0.5,True,0,,,,,,586,,0.3525,False,-0.19974590626764538,0.8913043478260869,1.0,0.999725,0.8525,0.8269794721407625,0.8084415584415584,0.9997221537803205,0.8525,,requires predict_proba,,requires predict_proba,,0.4690000000009604,success,
llsvm,sar-pi0.5-scalesmall,116,"{""alpha"": 2.0, ""beta"": 1.0, ""early_stopping"": true, ""fit_intercept"": true, ""gamma"": 10.0, ""intercept_scale"": 10.0, ""learning_rate"": 2e-05, ""max_epochs"": 3000, ""min_epochs"": 200, ""n_batches"": 20, ""patience"": 100, ""reg_lambda"": 1.0, ""shuffle"": true, ""squash_scale"": 10.0, ""tol"": 0.0005}",linear,0.5,0.5,0.5,True,0,,,,,,258,,0.4025,False,-0.18357678641926567,0.9117647058823529,1.0,0.998425,0.9025,0.8919667590027701,0.7718120805369127,0.9987347829084446,0.9025000000000001,,requires predict_proba,,requires predict_proba,,0.21900000000096043,success,
llsvm,sar-pi0.5-scalesmall,117,"{""alpha"": 2.0, ""beta"": 1.0, ""early_stopping"": true, ""fit_intercept"": true, ""gamma"": 10.0, ""intercept_scale"": 10.0, ""learning_rate"": 2e-05, ""max_epochs"": 3000, ""min_epochs"": 200, ""n_batches"": 20, ""patience"": 100, ""reg_lambda"": 1.0, ""shuffle"": true, ""squash_scale"": 10.0, ""tol"": 0.0005}",linear,0.5,0.5,0.5,True,0,,,,,,292,,0.3925,False,-0.19310333095165189,0.9175257731958762,1.0,0.9981749999999999,0.8925,0.8795518207282913,0.7755775577557755,0.9983142532041968,0.8925000000000001,,requires predict_proba,,requires predict_proba,,0.23400000000037835,success,
llsvm,sar-pi0.5-scalesmall,118,"{""alpha"": 2.0, ""beta"": 1.0, ""early_stopping"": true, ""fit_intercept"": true, ""gamma"": 10.0, ""intercept_scale"": 10.0, ""learning_rate"": 2e-05, ""max_epochs"": 3000, ""min_epochs"": 200, ""n_batches"": 20, ""patience"": 100, ""reg_lambda"": 1.0, ""shuffle"": true, ""squash_scale"": 10.0, ""tol"": 0.0005}",linear,0.5,0.5,0.5,True,0,,,,,,262,,0.4,False,-0.12764876886974186,0.8817204301075269,1.0,0.9995499999999999,0.9,0.8888888888888888,0.745928338762215,0.999551882605151,0.9,,requires predict_proba,,requires predict_proba,,0.2029999999977008,success,
llsvm,sar-pi0.5-scalesmall,119,"{""alpha"": 2.0, ""beta"": 1.0, ""early_stopping"": true, ""fit_intercept"": true, ""gamma"": 10.0, ""intercept_scale"": 10.0, ""learning_rate"": 2e-05, ""max_epochs"": 3000, ""min_epochs"": 200, ""n_batches"": 20, ""patience"": 100, ""reg_lambda"": 1.0, ""shuffle"": true, ""squash_scale"": 10.0, ""tol"": 0.0005}",linear,0.5,0.5,0.5,True,0,,,,,,377,,0.385,False,-0.19267139479905437,0.9148936170212766,1.0,0.998,0.885,0.8700564971751412,0.7777777777777778,0.998267141306918,0.885,,requires predict_proba,,requires predict_proba,,0.3129999999982829,success,
llsvm,sar-pi0.5-scalemid,100,"{""alpha"": 2.0, ""beta"": 1.0, ""early_stopping"": true, ""fit_intercept"": true, ""gamma"": 10.0, ""intercept_scale"": 10.0, ""learning_rate"": 2e-05, ""max_epochs"": 3000, ""min_epochs"": 200, ""n_batches"": 20, ""patience"": 100, ""reg_lambda"": 1.0, ""shuffle"": true, ""squash_scale"": 10.0, ""tol"": 0.0005}",linear,0.5,0.5,0.5,True,0,,,,,,502,,0.4745,False,-0.1869741521380866,0.9938524590163934,1.0,0.998895,0.9745,0.9738327347357619,0.6931216931216931,0.9989748785349025,0.9744999999999999,,requires predict_proba,,requires predict_proba,,0.5149999999994179,success,
llsvm,sar-pi0.5-scalemid,101,"{""alpha"": 2.0, ""beta"": 1.0, ""early_stopping"": true, ""fit_intercept"": true, ""gamma"": 10.0, ""intercept_scale"": 10.0, ""learning_rate"": 2e-05, ""max_epochs"": 3000, ""min_epochs"": 200, ""n_batches"": 20, ""patience"": 100, ""reg_lambda"": 1.0, ""shuffle"": true, ""squash_scale"": 10.0, ""tol"": 0.0005}",linear,0.5,0.5,0.5,True,0,,,,,,373,,0.4275,False,-0.20621361128677035,0.9628099173553719,1.0,0.9992559999999999,0.9275,0.921832884097035,0.7434036939313984,0.9992473016734988,0.9275,,requires predict_proba,,requires predict_proba,,0.375,success,
llsvm,sar-pi0.5-scalemid,102,"{""alpha"": 2.0, ""beta"": 1.0, ""early_stopping"": true, ""fit_intercept"": true, ""gamma"": 10.0, ""intercept_scale"": 10.0, ""learning_rate"": 2e-05, ""max_epochs"": 3000, ""min_epochs"": 200, ""n_batches"": 20, ""patience"": 100, ""reg_lambda"": 1.0, ""shuffle"": true, ""squash_scale"": 10.0, ""tol"": 0.0005}",linear,0.5,0.5,0.5,True,0,,,,,,871,,0.48,False,-0.1872609591056193,0.9902912621359223,1.0,0.9992399999999999,0.975,0.9744897959183674,0.696969696969697,0.9992308821428023,0.975,,requires predict_proba,,requires predict_proba,,0.9220000000022992,success,
llsvm,sar-pi0.5-scalemid,103,"{""alpha"": 2.0, ""beta"": 1.0, ""early_stopping"": true, ""fit_intercept"": true, ""gamma"": 10.0, ""intercept_scale"": 10.0, ""learning_rate"": 2e-05, ""max_epochs"": 3000, ""min_epochs"": 200, ""n_batches"": 20, ""patience"": 100, ""reg_lambda"": 1.0, ""shuffle"": true, ""squash_scale"": 10.0, ""tol"": 0.0005}",linear,0.5,0.5,0.5,True,0,,,,,,569,,0.4835,False,-0.1714031333123192,0.9957805907172996,1.0,0.999379,0.9805,0.9801728520589731,0.6756225425950196,0.9994052569124917,0.9804999999999999,,requires predict_proba,,requires predict_proba,,0.5469999999986612,success,
llsvm,sar-pi0.5-scalemid,104,"{""alpha"": 2.0, ""beta"": 1.0, ""early_stopping"": true, ""fit_intercept"": true, ""gamma"": 10.0, ""intercept_scale"": 10.0, ""learning_rate"": 2e-05, ""max_epochs"": 3000, ""min_epochs"": 200, ""n_batches"": 20, ""patience"": 100, ""reg_lambda"": 1.0, ""shuffle"": true, ""squash_scale"": 10.0, ""tol"": 0.0005}",linear,0.5,0.5,0.5,True,0,,,,,,294,,0.475,False,-0.18328866910469194,0.9898580121703854,1.0,0.999205,0.972,0.9712820512820513,0.6934306569343066,0.9992119839919393,0.972,,requires predict_proba,,requires predict_proba,,0.2959999999984575,success,
llsvm,sar-pi0.5-scalemid,105,"{""alpha"": 2.0, ""beta"": 1.0, ""early_stopping"": true, ""fit_intercept"": true, ""gamma"": 10.0, ""intercept_scale"": 10.0, ""learning_rate"": 2e-05, ""max_epochs"": 3000, ""min_epochs"": 200, ""n_batches"": 20, ""patience"": 100, ""reg_lambda"": 1.0, ""shuffle"": true, ""squash_scale"": 10.0, ""tol"": 0.0005}",linear,0.5,0.5,0.5,True,0,,,,,,300,,0.48,False,-0.17131398013750954,0.9821428571428571,1.0,0.9993080000000001,0.976,0.9755102040816327,0.6891711229946524,0.9993065697880841,0.976,,requires predict_proba,,requires predict_proba,,0.2970000000022992,success,
llsvm,sar-pi0.5-scalemid,106,"{""alpha"": 2.0, ""beta"": 1.0, ""early_stopping"": true, ""fit_intercept"": true, ""gamma"": 10.0, ""intercept_scale"": 10.0, ""learning_rate"": 2e-05, ""max_epochs"": 3000, ""min_epochs"": 200, ""n_batches"": 20, ""patience"": 100, ""reg_lambda"": 1.0, ""shuffle"": true, ""squash_scale"": 10.0, ""tol"": 0.0005}",linear,0.5,0.5,0.5,True,0,,,,,,356,,0.4545,False,-0.19956830128137465,0.9763779527559056,1.0,0.9989110000000001,0.9535,0.9512833944473547,0.7231903485254692,0.9989472112438323,0.9535,,requires predict_proba,,requires predict_proba,,0.3440000000009604,success,
llsvm,sar-pi0.5-scalemid,107,"{""alpha"": 2.0, ""beta"": 1.0, ""early_stopping"": true, ""fit_intercept"": true, ""gamma"": 10.0, ""intercept_scale"": 10.0, ""learning_rate"": 2e-05, ""max_epochs"": 3000, ""min_epochs"": 200, ""n_batches"": 20, ""patience"": 100, ""reg_lambda"": 1.0, ""shuffle"": true, ""squash_scale"": 10.0, ""tol"": 0.0005}",linear,0.5,0.5,0.5,True,0,,,,,,326,,0.475,False,-0.18218162022387802,0.9917525773195877,1.0,0.999159,0.971,0.9702564102564103,0.6904290429042904,0.9991551063452804,0.971,,requires predict_proba,,requires predict_proba,,0.31199999999807915,success,
llsvm,sar-pi0.5-scalemid,108,"{""alpha"": 2.0, ""beta"": 1.0, ""early_stopping"": true, ""fit_intercept"": true, ""gamma"": 10.0, ""intercept_scale"": 10.0, ""learning_rate"": 2e-05, ""max_epochs"": 3000, ""min_epochs"": 200, ""n_batches"": 20, ""patience"": 100, ""reg_lambda"": 1.0, ""shuffle"": true, ""squash_scale"": 10.0, ""tol"": 0.0005}",linear,0.5,0.5,0.5,True,0,,,,,,276,,0.4785,False,-0.18207034232775515,0.9863013698630136,1.0,0.999398,0.9765,0.9759836484414921,0.6957689724647415,0.999409480305732,0.9764999999999999,,requires predict_proba,,requires predict_proba,,0.28100000000267755,success,
llsvm,sar-pi0.5-scalemid,109,"{""alpha"": 2.0, ""beta"": 1.0, ""early_stopping"": true, ""fit_intercept"": true, ""gamma"": 10.0, ""intercept_scale"": 10.0, ""learning_rate"": 2e-05, ""max_epochs"": 3000, ""min_epochs"": 200, ""n_batches"": 20, ""patience"": 100, ""reg_lambda"": 1.0, ""shuffle"": true, ""squash_scale"": 10.0, ""tol"": 0.0005}",linear,0.5,0.5,0.5,True,0,,,,,,303,,0.449,False,-0.18695881036978546,0.9607843137254902,1.0,0.9986010000000001,0.949,0.946259220231823,0.7261744966442953,0.9986600459917875,0.9490000000000001,,requires predict_proba,,requires predict_proba,,0.2969999999986612,success,
llsvm,sar-pi0.5-scalemid,110,"{""alpha"": 2.0, ""beta"": 1.0, ""early_stopping"": true, ""fit_intercept"": true, ""gamma"": 10.0, ""intercept_scale"": 10.0, ""learning_rate"": 2e-05, ""max_epochs"": 3000, ""min_epochs"": 200, ""n_batches"": 20, ""patience"": 100, ""reg_lambda"": 1.0, ""shuffle"": true, ""squash_scale"": 10.0, ""tol"": 0.0005}",linear,0.5,0.5,0.5,True,0,,,,,,334,,0.4575,False,-0.1913853236319914,0.9832985386221295,1.0,0.99917,0.9575,0.9556135770234987,0.7080867850098619,0.9992025912462059,0.9575,,requires predict_proba,,requires predict_proba,,0.3280000000013388,success,
llsvm,sar-pi0.5-scalemid,111,"{""alpha"": 2.0, ""beta"": 1.0, ""early_stopping"": true, ""fit_intercept"": true, ""gamma"": 10.0, ""intercept_scale"": 10.0, ""learning_rate"": 2e-05, ""max_epochs"": 3000, ""min_epochs"": 200, ""n_batches"": 20, ""patience"": 100, ""reg_lambda"": 1.0, ""shuffle"": true, ""squash_scale"": 10.0, ""tol"": 0.0005}",linear,0.5,0.5,0.5,True,0,,,,,,253,,0.474,False,-0.18328744468254665,0.9806576402321083,1.0,0.9993299999999999,0.97,0.9691991786447639,0.7026298044504383,0.99931717502611,0.97,,requires predict_proba,,requires predict_proba,,0.25,success,
llsvm,sar-pi0.5-scalemid,112,"{""alpha"": 2.0, ""beta"": 1.0, ""early_stopping"": true, ""fit_intercept"": true, ""gamma"": 10.0, ""intercept_scale"": 10.0, ""learning_rate"": 2e-05, ""max_epochs"": 3000, ""min_epochs"": 200, ""n_batches"": 20, ""patience"": 100, ""reg_lambda"": 1.0, ""shuffle"": true, ""squash_scale"": 10.0, ""tol"": 0.0005}",linear,0.5,0.5,0.5,True,0,,,,,,443,,0.4815,False,-0.18413263555250514,0.9959677419354839,1.0,0.999369,0.9795,0.9791136016301579,0.6881648936170213,0.9993899408501159,0.9795,,requires predict_proba,,requires predict_proba,,0.4219999999986612,success,
llsvm,sar-pi0.5-scalemid,113,"{""alpha"": 2.0, ""beta"": 1.0, ""early_stopping"": true, ""fit_intercept"": true, ""gamma"": 10.0, ""intercept_scale"": 10.0, ""learning_rate"": 2e-05, ""max_epochs"": 3000, ""min_epochs"": 200, ""n_batches"": 20, ""patience"": 100, ""reg_lambda"": 1.0, ""shuffle"": true, ""squash_scale"": 10.0, ""tol"": 0.0005}",linear,0.5,0.5,0.5,True,0,,,,,,299,,0.4825,False,-0.17133333333333334,0.986,1.0,0.998545,0.9785,0.978117048346056,0.6853333333333333,0.9987710010885478,0.9784999999999999,,requires predict_proba,,requires predict_proba,,0.2970000000022992,success,
llsvm,sar-pi0.5-scalemid,114,"{""alpha"": 2.0, ""beta"": 1.0, ""early_stopping"": true, ""fit_intercept"": true, ""gamma"": 10.0, ""intercept_scale"": 10.0, ""learning_rate"": 2e-05, ""max_epochs"": 3000, ""min_epochs"": 200, ""n_batches"": 20, ""patience"": 100, ""reg_lambda"": 1.0, ""shuffle"": true, ""squash_scale"": 10.0, ""tol"": 0.0005}",linear,0.5,0.5,0.5,True,0,,,,,,238,,0.4575,False,-0.19347889650052935,0.9779559118236473,1.0,0.9980359999999999,0.9555,0.9535248041775457,0.715522984676882,0.9973144794980218,0.9555,,requires predict_proba,,requires predict_proba,,0.23400000000037835,success,
llsvm,sar-pi0.5-scalemid,115,"{""alpha"": 2.0, ""beta"": 1.0, ""early_stopping"": true, ""fit_intercept"": true, ""gamma"": 10.0, ""intercept_scale"": 10.0, ""learning_rate"": 2e-05, ""max_epochs"": 3000, ""min_epochs"": 200, ""n_batches"": 20, ""patience"": 100, ""reg_lambda"": 1.0, ""shuffle"": true, ""squash_scale"": 10.0, ""tol"": 0.0005}",linear,0.5,0.5,0.5,True,0,,,,,,312,,0.455,False,-0.18666666666666665,0.97,1.0,0.998467,0.954,0.9518324607329843,0.7166666666666667,0.9985674051634172,0.954,,requires predict_proba,,requires predict_proba,,0.2969999999986612,success,
llsvm,sar-pi0.5-scalemid,116,"{""alpha"": 2.0, ""beta"": 1.0, ""early_stopping"": true, ""fit_intercept"": true, ""gamma"": 10.0, ""intercept_scale"": 10.0, ""learning_rate"": 2e-05, ""max_epochs"": 3000, ""min_epochs"": 200, ""n_batches"": 20, ""patience"": 100, ""reg_lambda"": 1.0, ""shuffle"": true, ""squash_scale"": 10.0, ""tol"": 0.0005}",linear,0.5,0.5,0.5,True,0,,,,,,338,,0.4875,False,-0.17533333333333334,0.994,1.0,0.9995480000000001,0.9865,0.9863291139240506,0.6813333333333333,0.9995844710140676,0.9864999999999999,,requires predict_proba,,requires predict_proba,,0.3280000000013388,success,
llsvm,sar-pi0.5-scalemid,117,"{""alpha"": 2.0, ""beta"": 1.0, ""early_stopping"": true, ""fit_intercept"": true, ""gamma"": 10.0, ""intercept_scale"": 10.0, ""learning_rate"": 2e-05, ""max_epochs"": 3000, ""min_epochs"": 200, ""n_batches"": 20, ""patience"": 100, ""reg_lambda"": 1.0, ""shuffle"": true, ""squash_scale"": 10.0, ""tol"": 0.0005}",linear,0.5,0.5,0.5,True,0,,,,,,327,,0.484,False,-0.18121445828275695,0.9884393063583815,1.0,0.998665,0.977,0.9766260162601627,0.6927751519243754,0.9987103325373569,0.977,,requires predict_proba,,requires predict_proba,,0.31199999999807915,success,
llsvm,sar-pi0.5-scalemid,118,"{""alpha"": 2.0, ""beta"": 1.0, ""early_stopping"": true, ""fit_intercept"": true, ""gamma"": 10.0, ""intercept_scale"": 10.0, ""learning_rate"": 2e-05, ""max_epochs"": 3000, ""min_epochs"": 200, ""n_batches"": 20, ""patience"": 100, ""reg_lambda"": 1.0, ""shuffle"": true, ""squash_scale"": 10.0, ""tol"": 0.0005}",linear,0.5,0.5,0.5,True,0,,,,,,316,,0.479,False,-0.18543448726478806,0.9920477137176938,1.0,0.999524,0.976,0.975485188968335,0.6933867735470942,0.9995167967639371,0.976,,requires predict_proba,,requires predict_proba,,0.31300000000192085,success,
llsvm,sar-pi0.5-scalemid,119,"{""alpha"": 2.0, ""beta"": 1.0, ""early_stopping"": true, ""fit_intercept"": true, ""gamma"": 10.0, ""intercept_scale"": 10.0, ""learning_rate"": 2e-05, ""max_epochs"": 3000, ""min_epochs"": 200, ""n_batches"": 20, ""patience"": 100, ""reg_lambda"": 1.0, ""shuffle"": true, ""squash_scale"": 10.0, ""tol"": 0.0005}",linear,0.5,0.5,0.5,True,0,,,,,,235,,0.479,False,-0.17114474929044465,0.9857142857142858,1.0,0.9990460000000001,0.976,0.975485188968335,0.6854304635761589,0.9990644087184876,0.976,,requires predict_proba,,requires predict_proba,,0.23400000000037835,success,
