algorithm,scenario,seed,params,mechanism,class_prior,label_frequency,real_h,pi_h_well_conditioned,warning_count,diag_converged,diag_n_iter,diag_c_estimate,diag_cond_number,diag_correction_fraction,diag_n_epochs,diag_n_acs_iter,pred_positive_rate,degenerate_prediction,pu_zero_one_risk,pu_recall,pu_estimated_precision,pu_auc_roc,pu_accuracy,pu_f1,pu_negative_rate,average_precision,balanced_accuracy,brier_score,brier_score_unavailable_reason,expected_calibration_error,expected_calibration_error_unavailable_reason,ece_buckets_api,elapsed_seconds,status,failure_reason
upu,scar-pi0.1-scalesmall,100,"{""basis"": ""linear"", ""fit_intercept"": true, ""kernel_width"": null, ""loss"": ""double_hinge"", ""max_iter"": 1000, ""n_centers"": null, ""reg_lambda"": 0.001, ""tol"": 1e-06}",scar,0.1,0.5,0.5,True,0,,,,,,,,0.145,False,0.002362204724409442,1.0,0.6896551724137931,0.9999305555555555,0.955,0.8163265306122449,0.8976377952755905,0.999390243902439,0.975,,requires predict_proba,,requires predict_proba,,0.01599999999962165,success,
upu,scar-pi0.1-scalesmall,101,"{""basis"": ""linear"", ""fit_intercept"": true, ""kernel_width"": null, ""loss"": ""double_hinge"", ""max_iter"": 1000, ""n_centers"": null, ""reg_lambda"": 0.001, ""tol"": 1e-06}",scar,0.1,0.5,0.5,True,0,,,,,,,,0.14,False,-0.0005235602094240954,1.0,0.7142857142857143,0.9991666666666666,0.96,0.8333333333333334,0.900523560209424,0.9919733678659919,0.9777777777777779,,requires predict_proba,,requires predict_proba,,0.01599999999962165,success,
upu,scar-pi0.1-scalesmall,102,"{""basis"": ""linear"", ""fit_intercept"": true, ""kernel_width"": null, ""loss"": ""double_hinge"", ""max_iter"": 1000, ""n_centers"": null, ""reg_lambda"": 0.001, ""tol"": 1e-06}",scar,0.1,0.5,0.5,True,0,,,,,,,,0.145,False,0.009787661766553574,0.9523809523809523,0.6568144499178982,0.9934027777777779,0.945,0.7755102040816326,0.899736147757256,0.9639214300061824,0.9472222222222222,,requires predict_proba,,requires predict_proba,,0.01599999999962165,success,
upu,scar-pi0.1-scalesmall,103,"{""basis"": ""linear"", ""fit_intercept"": true, ""kernel_width"": null, ""loss"": ""double_hinge"", ""max_iter"": 1000, ""n_centers"": null, ""reg_lambda"": 0.001, ""tol"": 1e-06}",scar,0.1,0.5,0.5,True,0,,,,,,,,0.155,False,-0.0013333333333333391,1.0,0.6451612903225807,0.9979166666666667,0.945,0.7843137254901961,0.9013333333333333,0.9844528304042782,0.9694444444444444,,requires predict_proba,,requires predict_proba,,0.031000000000858563,success,
upu,scar-pi0.1-scalesmall,104,"{""basis"": ""linear"", ""fit_intercept"": true, ""kernel_width"": null, ""loss"": ""double_hinge"", ""max_iter"": 1000, ""n_centers"": null, ""reg_lambda"": 0.001, ""tol"": 1e-06}",scar,0.1,0.5,0.5,True,0,,,,,,,,0.155,False,-0.0013333333333333391,1.0,0.6451612903225807,1.0,0.945,0.7843137254901961,0.9013333333333333,1.0,0.9694444444444444,,requires predict_proba,,requires predict_proba,,0.030999999999039574,success,
upu,scar-pi0.1-scalesmall,105,"{""basis"": ""linear"", ""fit_intercept"": true, ""kernel_width"": null, ""loss"": ""double_hinge"", ""max_iter"": 1000, ""n_centers"": null, ""reg_lambda"": 0.001, ""tol"": 1e-06}",scar,0.1,0.5,0.5,True,0,,,,,,,,0.155,False,-0.0013333333333333391,1.0,0.6451612903225807,0.9995833333333334,0.945,0.7843137254901961,0.9013333333333333,0.9965972222222221,0.9694444444444444,,requires predict_proba,,requires predict_proba,,0.01599999999962165,success,
upu,scar-pi0.1-scalesmall,106,"{""basis"": ""linear"", ""fit_intercept"": true, ""kernel_width"": null, ""loss"": ""double_hinge"", ""max_iter"": 1000, ""n_centers"": null, ""reg_lambda"": 0.001, ""tol"": 1e-06}",scar,0.1,0.5,0.5,True,0,,,,,,,,0.145,False,0.0,1.0,0.6896551724137931,0.9984027777777778,0.955,0.8163265306122449,0.9,0.987630780692885,0.975,,requires predict_proba,,requires predict_proba,,0.015000000001236913,success,
upu,scar-pi0.1-scalesmall,107,"{""basis"": ""linear"", ""fit_intercept"": true, ""kernel_width"": null, ""loss"": ""double_hinge"", ""max_iter"": 1000, ""n_centers"": null, ""reg_lambda"": 0.001, ""tol"": 1e-06}",scar,0.1,0.5,0.5,True,0,,,,,,,,0.1425,False,0.002094240837696326,1.0,0.7017543859649124,0.9980555555555556,0.9575,0.8247422680412371,0.8979057591623036,0.9846677290662874,0.9763888888888889,,requires predict_proba,,requires predict_proba,,0.01599999999962165,success,
upu,scar-pi0.1-scalesmall,108,"{""basis"": ""linear"", ""fit_intercept"": true, ""kernel_width"": null, ""loss"": ""double_hinge"", ""max_iter"": 1000, ""n_centers"": null, ""reg_lambda"": 0.001, ""tol"": 1e-06}",scar,0.1,0.5,0.5,True,0,,,,,,,,0.15,False,0.000529100529100518,1.0,0.6666666666666667,0.9995833333333334,0.95,0.8,0.8994708994708994,0.9964612470862471,0.9722222222222222,,requires predict_proba,,requires predict_proba,,0.014999999999417923,success,
upu,scar-pi0.1-scalesmall,109,"{""basis"": ""linear"", ""fit_intercept"": true, ""kernel_width"": null, ""loss"": ""double_hinge"", ""max_iter"": 1000, ""n_centers"": null, ""reg_lambda"": 0.001, ""tol"": 1e-06}",scar,0.1,0.5,0.5,True,0,,,,,,,,0.135,False,0.010981416065120556,0.9411764705882353,0.6971677559912853,0.9927083333333333,0.96,0.8297872340425532,0.9007832898172323,0.9813194444444444,0.9666666666666667,,requires predict_proba,,requires predict_proba,,0.01600000000144064,success,
upu,scar-pi0.1-scalesmall,110,"{""basis"": ""linear"", ""fit_intercept"": true, ""kernel_width"": null, ""loss"": ""double_hinge"", ""max_iter"": 1000, ""n_centers"": null, ""reg_lambda"": 0.001, ""tol"": 1e-06}",scar,0.1,0.5,0.5,True,0,,,,,,,,0.16,False,-0.0032258064516129115,1.0,0.625,1.0,0.94,0.7692307692307693,0.9032258064516129,1.0,0.9666666666666667,,requires predict_proba,,requires predict_proba,,0.01599999999962165,success,
upu,scar-pi0.1-scalesmall,111,"{""basis"": ""linear"", ""fit_intercept"": true, ""kernel_width"": null, ""loss"": ""double_hinge"", ""max_iter"": 1000, ""n_centers"": null, ""reg_lambda"": 0.001, ""tol"": 1e-06}",scar,0.1,0.5,0.5,True,0,,,,,,,,0.1425,False,-0.0002624671916010568,1.0,0.7017543859649124,0.9994444444444445,0.9575,0.8247422680412371,0.9002624671916011,0.9948011975972502,0.9763888888888889,,requires predict_proba,,requires predict_proba,,0.01599999999962165,success,
upu,scar-pi0.1-scalesmall,112,"{""basis"": ""linear"", ""fit_intercept"": true, ""kernel_width"": null, ""loss"": ""double_hinge"", ""max_iter"": 1000, ""n_centers"": null, ""reg_lambda"": 0.001, ""tol"": 1e-06}",scar,0.1,0.5,0.5,True,0,,,,,,,,0.1575,False,0.0013333333333333253,1.0,0.634920634920635,0.9984027777777778,0.9425,0.7766990291262136,0.8986666666666666,0.9876850599833079,0.9680555555555556,,requires predict_proba,,requires predict_proba,,0.031000000000858563,success,
upu,scar-pi0.1-scalesmall,113,"{""basis"": ""linear"", ""fit_intercept"": true, ""kernel_width"": null, ""loss"": ""double_hinge"", ""max_iter"": 1000, ""n_centers"": null, ""reg_lambda"": 0.001, ""tol"": 1e-06}",scar,0.1,0.5,0.5,True,0,,,,,,,,0.1475,False,-0.0021164021164021274,1.0,0.6779661016949153,0.9995833333333333,0.9525,0.8080808080808081,0.9021164021164021,0.9967391304347826,0.9736111111111111,,requires predict_proba,,requires predict_proba,,0.01599999999962165,success,
upu,scar-pi0.1-scalesmall,114,"{""basis"": ""linear"", ""fit_intercept"": true, ""kernel_width"": null, ""loss"": ""double_hinge"", ""max_iter"": 1000, ""n_centers"": null, ""reg_lambda"": 0.001, ""tol"": 1e-06}",scar,0.1,0.5,0.5,True,0,,,,,,,,0.1425,False,-0.0002624671916010568,1.0,0.7017543859649124,0.9992361111111111,0.9575,0.8247422680412371,0.9002624671916011,0.9925270777220274,0.9763888888888889,,requires predict_proba,,requires predict_proba,,0.014999999999417923,success,
upu,scar-pi0.1-scalesmall,115,"{""basis"": ""linear"", ""fit_intercept"": true, ""kernel_width"": null, ""loss"": ""double_hinge"", ""max_iter"": 1000, ""n_centers"": null, ""reg_lambda"": 0.001, ""tol"": 1e-06}",scar,0.1,0.5,0.5,True,0,,,,,,,,0.1375,False,-0.0007832898172323854,1.0,0.7272727272727273,0.9989583333333334,0.9625,0.8421052631578947,0.9007832898172323,0.9924450549450549,0.9791666666666667,,requires predict_proba,,requires predict_proba,,0.031000000000858563,success,
upu,scar-pi0.1-scalesmall,116,"{""basis"": ""linear"", ""fit_intercept"": true, ""kernel_width"": null, ""loss"": ""double_hinge"", ""max_iter"": 1000, ""n_centers"": null, ""reg_lambda"": 0.001, ""tol"": 1e-06}",scar,0.1,0.5,0.5,True,0,,,,,,,,0.1525,False,0.0007957559681697618,1.0,0.6557377049180328,0.9997916666666666,0.9475,0.7920792079207921,0.8992042440318302,0.9981242182614134,0.9708333333333333,,requires predict_proba,,requires predict_proba,,0.0319999999992433,success,
upu,scar-pi0.1-scalesmall,117,"{""basis"": ""linear"", ""fit_intercept"": true, ""kernel_width"": null, ""loss"": ""double_hinge"", ""max_iter"": 1000, ""n_centers"": null, ""reg_lambda"": 0.001, ""tol"": 1e-06}",scar,0.1,0.5,0.5,True,0,,,,,,,,0.14,False,-0.0028871391076115555,1.0,0.7142857142857143,0.9989583333333334,0.96,0.8333333333333334,0.9028871391076115,0.9923702313946215,0.9777777777777779,,requires predict_proba,,requires predict_proba,,0.015000000001236913,success,
upu,scar-pi0.1-scalesmall,118,"{""basis"": ""linear"", ""fit_intercept"": true, ""kernel_width"": null, ""loss"": ""double_hinge"", ""max_iter"": 1000, ""n_centers"": null, ""reg_lambda"": 0.001, ""tol"": 1e-06}",scar,0.1,0.5,0.5,True,0,,,,,,,,0.145,False,0.0,1.0,0.6896551724137931,0.9999305555555555,0.955,0.8163265306122449,0.9,0.999390243902439,0.975,,requires predict_proba,,requires predict_proba,,0.0319999999992433,success,
upu,scar-pi0.1-scalesmall,119,"{""basis"": ""linear"", ""fit_intercept"": true, ""kernel_width"": null, ""loss"": ""double_hinge"", ""max_iter"": 1000, ""n_centers"": null, ""reg_lambda"": 0.001, ""tol"": 1e-06}",scar,0.1,0.5,0.5,True,0,,,,,,,,0.135,False,0.0012987012987012991,1.0,0.7407407407407407,0.9999305555555555,0.965,0.851063829787234,0.8987012987012987,0.999390243902439,0.9805555555555556,,requires predict_proba,,requires predict_proba,,0.014999999999417923,success,
upu,scar-pi0.1-scalemid,100,"{""basis"": ""linear"", ""fit_intercept"": true, ""kernel_width"": null, ""loss"": ""double_hinge"", ""max_iter"": 1000, ""n_centers"": null, ""reg_lambda"": 0.001, ""tol"": 1e-06}",scar,0.1,0.5,0.5,True,0,,,,,,,,0.147,False,0.00021097046413501297,1.0,0.6802721088435375,0.9991194444444444,0.953,0.8097165991902834,0.8997890295358649,0.9934415570922003,0.9738888888888889,,requires predict_proba,,requires predict_proba,,0.031000000000858563,success,
upu,scar-pi0.1-scalemid,101,"{""basis"": ""linear"", ""fit_intercept"": true, ""kernel_width"": null, ""loss"": ""double_hinge"", ""max_iter"": 1000, ""n_centers"": null, ""reg_lambda"": 0.001, ""tol"": 1e-06}",scar,0.1,0.5,0.5,True,0,,,,,,,,0.142,False,-0.00031479538300105414,1.0,0.7042253521126761,0.9993277777777778,0.957,0.8223140495867769,0.9003147953830011,0.9953631655824046,0.9738888888888888,,requires predict_proba,,requires predict_proba,,0.01599999999962165,success,
upu,scar-pi0.1-scalemid,102,"{""basis"": ""linear"", ""fit_intercept"": true, ""kernel_width"": null, ""loss"": ""double_hinge"", ""max_iter"": 1000, ""n_centers"": null, ""reg_lambda"": 0.001, ""tol"": 1e-06}",scar,0.1,0.5,0.5,True,0,,,,,,,,0.1475,False,0.0007383966244725731,1.0,0.6779661016949153,0.999488888888889,0.9525,0.8080808080808081,0.8992616033755274,0.9955367489938134,0.9736111111111111,,requires predict_proba,,requires predict_proba,,0.01599999999962165,success,
upu,scar-pi0.1-scalemid,103,"{""basis"": ""linear"", ""fit_intercept"": true, ""kernel_width"": null, ""loss"": ""double_hinge"", ""max_iter"": 1000, ""n_centers"": null, ""reg_lambda"": 0.001, ""tol"": 1e-06}",scar,0.1,0.5,0.5,True,0,,,,,,,,0.149,False,0.0023108010421164366,0.9908256880733946,0.6649836832707346,0.9988833333333333,0.95,0.7991967871485943,0.8995240613432046,0.9947815572438887,0.97,,requires predict_proba,,requires predict_proba,,0.01599999999962165,success,
upu,scar-pi0.1-scalemid,104,"{""basis"": ""linear"", ""fit_intercept"": true, ""kernel_width"": null, ""loss"": ""double_hinge"", ""max_iter"": 1000, ""n_centers"": null, ""reg_lambda"": 0.001, ""tol"": 1e-06}",scar,0.1,0.5,0.5,True,0,,,,,,,,0.1455,False,0.0015727438827786294,0.9902912621359223,0.6806125512961666,0.9988444444444444,0.9525,0.8065173116089613,0.9003690036900369,0.9922360148262205,0.9691666666666667,,requires predict_proba,,requires predict_proba,,0.01599999999962165,success,
upu,scar-pi0.1-scalemid,105,"{""basis"": ""linear"", ""fit_intercept"": true, ""kernel_width"": null, ""loss"": ""double_hinge"", ""max_iter"": 1000, ""n_centers"": null, ""reg_lambda"": 0.001, ""tol"": 1e-06}",scar,0.1,0.5,0.5,True,0,,,,,,,,0.14,False,0.0008886565603763719,1.0,0.7142857142857143,0.9992,0.96,0.8333333333333334,0.8991113434396236,0.9935596682179831,0.9777777777777779,,requires predict_proba,,requires predict_proba,,0.014999999999417923,success,
upu,scar-pi0.1-scalemid,106,"{""basis"": ""linear"", ""fit_intercept"": true, ""kernel_width"": null, ""loss"": ""double_hinge"", ""max_iter"": 1000, ""n_centers"": null, ""reg_lambda"": 0.001, ""tol"": 1e-06}",scar,0.1,0.5,0.5,True,0,,,,,,,,0.154,False,0.0,1.0,0.6493506493506493,0.9991527777777778,0.946,0.7874015748031497,0.9,0.992730562714498,0.97,,requires predict_proba,,requires predict_proba,,0.031000000000858563,success,
upu,scar-pi0.1-scalemid,107,"{""basis"": ""linear"", ""fit_intercept"": true, ""kernel_width"": null, ""loss"": ""double_hinge"", ""max_iter"": 1000, ""n_centers"": null, ""reg_lambda"": 0.001, ""tol"": 1e-06}",scar,0.1,0.5,0.5,True,0,,,,,,,,0.148,False,0.0003167898627243898,1.0,0.6756756756756758,0.9990055555555556,0.951,0.8024193548387096,0.8996832101372756,0.9922288102540683,0.9705555555555556,,requires predict_proba,,requires predict_proba,,0.01599999999962165,success,
upu,scar-pi0.1-scalemid,108,"{""basis"": ""linear"", ""fit_intercept"": true, ""kernel_width"": null, ""loss"": ""double_hinge"", ""max_iter"": 1000, ""n_centers"": null, ""reg_lambda"": 0.001, ""tol"": 1e-06}",scar,0.1,0.5,0.5,True,0,,,,,,,,0.1425,False,0.0006816990036706827,1.0,0.7017543859649124,0.9995083333333333,0.9575,0.8247422680412371,0.8993183009963294,0.9959717970940906,0.9763888888888889,,requires predict_proba,,requires predict_proba,,0.01599999999962165,success,
upu,scar-pi0.1-scalemid,109,"{""basis"": ""linear"", ""fit_intercept"": true, ""kernel_width"": null, ""loss"": ""double_hinge"", ""max_iter"": 1000, ""n_centers"": null, ""reg_lambda"": 0.001, ""tol"": 1e-06}",scar,0.1,0.5,0.5,True,0,,,,,,,,0.148,False,0.002238942291077295,0.9906542056074766,0.6693609497347816,0.9986333333333334,0.951,0.8024193548387096,0.8996302165874274,0.992378482168101,0.9705555555555556,,requires predict_proba,,requires predict_proba,,0.01599999999962165,success,
upu,scar-pi0.1-scalemid,110,"{""basis"": ""linear"", ""fit_intercept"": true, ""kernel_width"": null, ""loss"": ""double_hinge"", ""max_iter"": 1000, ""n_centers"": null, ""reg_lambda"": 0.001, ""tol"": 1e-06}",scar,0.1,0.5,0.5,True,0,,,,,,,,0.138,False,0.0016192896756012931,0.9885057471264368,0.7163085124104615,0.9987027777777778,0.961,0.8361344537815126,0.9006795608991114,0.9928763532957462,0.9761111111111112,,requires predict_proba,,requires predict_proba,,0.01599999999962165,success,
upu,scar-pi0.1-scalemid,111,"{""basis"": ""linear"", ""fit_intercept"": true, ""kernel_width"": null, ""loss"": ""double_hinge"", ""max_iter"": 1000, ""n_centers"": null, ""reg_lambda"": 0.001, ""tol"": 1e-06}",scar,0.1,0.5,0.5,True,0,,,,,,,,0.1485,False,0.0013192612137203075,1.0,0.6734006734006734,0.999475,0.9515,0.8048289738430584,0.8986807387862796,0.9953546423478778,0.9730555555555556,,requires predict_proba,,requires predict_proba,,0.01600000000144064,success,
upu,scar-pi0.1-scalemid,112,"{""basis"": ""linear"", ""fit_intercept"": true, ""kernel_width"": null, ""loss"": ""double_hinge"", ""max_iter"": 1000, ""n_centers"": null, ""reg_lambda"": 0.001, ""tol"": 1e-06}",scar,0.1,0.5,0.5,True,0,,,,,,,,0.146,False,0.0005792522380200088,1.0,0.6849315068493151,0.9996416666666667,0.954,0.8130081300813008,0.89942074776198,0.9970067123123121,0.9744444444444444,,requires predict_proba,,requires predict_proba,,0.014999999999417923,success,
upu,scar-pi0.1-scalemid,113,"{""basis"": ""linear"", ""fit_intercept"": true, ""kernel_width"": null, ""loss"": ""double_hinge"", ""max_iter"": 1000, ""n_centers"": null, ""reg_lambda"": 0.001, ""tol"": 1e-06}",scar,0.1,0.5,0.5,True,0,,,,,,,,0.1465,False,0.00015814443858723493,1.0,0.6825938566552902,0.9990638888888889,0.9535,0.8113590263691683,0.8998418555614127,0.9925736452308537,0.9741666666666666,,requires predict_proba,,requires predict_proba,,0.01599999999962165,success,
upu,scar-pi0.1-scalemid,114,"{""basis"": ""linear"", ""fit_intercept"": true, ""kernel_width"": null, ""loss"": ""double_hinge"", ""max_iter"": 1000, ""n_centers"": null, ""reg_lambda"": 0.001, ""tol"": 1e-06}",scar,0.1,0.5,0.5,True,0,,,,,,,,0.153,False,0.0003717472118959092,1.0,0.6535947712418301,0.9990472222222222,0.947,0.7905138339920948,0.8996282527881041,0.9911618147493862,0.9705555555555556,,requires predict_proba,,requires predict_proba,,0.01599999999962165,success,
upu,scar-pi0.1-scalemid,115,"{""basis"": ""linear"", ""fit_intercept"": true, ""kernel_width"": null, ""loss"": ""double_hinge"", ""max_iter"": 1000, ""n_centers"": null, ""reg_lambda"": 0.001, ""tol"": 1e-06}",scar,0.1,0.5,0.5,True,0,,,,,,,,0.148,False,-0.00015847860538828473,1.0,0.6756756756756758,0.9994999999999999,0.952,0.8064516129032258,0.9001584786053882,0.995815537507164,0.9733333333333334,,requires predict_proba,,requires predict_proba,,0.01599999999962165,success,
upu,scar-pi0.1-scalemid,116,"{""basis"": ""linear"", ""fit_intercept"": true, ""kernel_width"": null, ""loss"": ""double_hinge"", ""max_iter"": 1000, ""n_centers"": null, ""reg_lambda"": 0.001, ""tol"": 1e-06}",scar,0.1,0.5,0.5,True,0,,,,,,,,0.145,False,0.0004734350341925181,1.0,0.6896551724137931,0.999788888888889,0.955,0.8163265306122449,0.8995265649658075,0.9981413780414098,0.975,,requires predict_proba,,requires predict_proba,,0.01599999999962165,success,
upu,scar-pi0.1-scalemid,117,"{""basis"": ""linear"", ""fit_intercept"": true, ""kernel_width"": null, ""loss"": ""double_hinge"", ""max_iter"": 1000, ""n_centers"": null, ""reg_lambda"": 0.001, ""tol"": 1e-06}",scar,0.1,0.5,0.5,True,0,,,,,,,,0.144,False,0.00036784025223331185,1.0,0.6944444444444445,0.9995333333333333,0.956,0.819672131147541,0.8996321597477667,0.9961716277246981,0.9755555555555555,,requires predict_proba,,requires predict_proba,,0.014999999999417923,success,
upu,scar-pi0.1-scalemid,118,"{""basis"": ""linear"", ""fit_intercept"": true, ""kernel_width"": null, ""loss"": ""double_hinge"", ""max_iter"": 1000, ""n_centers"": null, ""reg_lambda"": 0.001, ""tol"": 1e-06}",scar,0.1,0.5,0.5,True,0,,,,,,,,0.1475,False,0.0012124406958355233,1.0,0.6779661016949153,0.9997583333333333,0.9525,0.8080808080808081,0.8987875593041644,0.9978138067838034,0.9736111111111111,,requires predict_proba,,requires predict_proba,,0.014999999999417923,success,
upu,scar-pi0.1-scalemid,119,"{""basis"": ""linear"", ""fit_intercept"": true, ""kernel_width"": null, ""loss"": ""double_hinge"", ""max_iter"": 1000, ""n_centers"": null, ""reg_lambda"": 0.001, ""tol"": 1e-06}",scar,0.1,0.5,0.5,True,0,,,,,,,,0.1425,False,-0.0002624671916010568,1.0,0.7017543859649124,0.9990722222222221,0.9565,0.8206185567010309,0.9002624671916011,0.9936361992445415,0.9736111111111111,,requires predict_proba,,requires predict_proba,,0.01599999999962165,success,
upu,scar-pi0.3-scalesmall,100,"{""basis"": ""linear"", ""fit_intercept"": true, ""kernel_width"": null, ""loss"": ""double_hinge"", ""max_iter"": 1000, ""n_centers"": null, ""reg_lambda"": 0.001, ""tol"": 1e-06}",scar,0.3,0.5,0.5,True,0,,,,,,,,0.4025,False,0.001169590643274876,1.0,0.7453416149068323,0.9999404761904762,0.8975,0.8540925266903915,0.6988304093567251,0.999863387978142,0.9267857142857143,,requires predict_proba,,requires predict_proba,,0.01599999999962165,success,
upu,scar-pi0.3-scalesmall,101,"{""basis"": ""linear"", ""fit_intercept"": true, ""kernel_width"": null, ""loss"": ""double_hinge"", ""max_iter"": 1000, ""n_centers"": null, ""reg_lambda"": 0.001, ""tol"": 1e-06}",scar,0.3,0.5,0.5,True,0,,,,,,,,0.405,False,0.0,1.0,0.7407407407407407,0.9994047619047619,0.895,0.851063829787234,0.7,0.9985893643364799,0.925,,requires predict_proba,,requires predict_proba,,0.01599999999962165,success,
upu,scar-pi0.3-scalesmall,102,"{""basis"": ""linear"", ""fit_intercept"": true, ""kernel_width"": null, ""loss"": ""double_hinge"", ""max_iter"": 1000, ""n_centers"": null, ""reg_lambda"": 0.001, ""tol"": 1e-06}",scar,0.3,0.5,0.5,True,0,,,,,,,,0.3975,False,0.0014492753623188692,1.0,0.7547169811320754,0.998095238095238,0.9025,0.8602150537634409,0.6985507246376812,0.996195252198219,0.9303571428571429,,requires predict_proba,,requires predict_proba,,0.01599999999962165,success,
upu,scar-pi0.3-scalesmall,103,"{""basis"": ""linear"", ""fit_intercept"": true, ""kernel_width"": null, ""loss"": ""double_hinge"", ""max_iter"": 1000, ""n_centers"": null, ""reg_lambda"": 0.001, ""tol"": 1e-06}",scar,0.3,0.5,0.5,True,0,,,,,,,,0.4225,False,0.002114803625377637,1.0,0.7100591715976331,0.9986904761904762,0.8775,0.8304498269896193,0.6978851963746223,0.9970591847474113,0.9125,,requires predict_proba,,requires predict_proba,,0.01600000000144064,success,
upu,scar-pi0.3-scalesmall,104,"{""basis"": ""linear"", ""fit_intercept"": true, ""kernel_width"": null, ""loss"": ""double_hinge"", ""max_iter"": 1000, ""n_centers"": null, ""reg_lambda"": 0.001, ""tol"": 1e-06}",scar,0.3,0.5,0.5,True,0,,,,,,,,0.4125,False,-0.0014925373134328512,1.0,0.7272727272727273,0.9997916666666667,0.8875,0.8421052631578947,0.7014925373134329,0.9995218019234883,0.9196428571428572,,requires predict_proba,,requires predict_proba,,0.014999999999417923,success,
upu,scar-pi0.3-scalesmall,105,"{""basis"": ""linear"", ""fit_intercept"": true, ""kernel_width"": null, ""loss"": ""double_hinge"", ""max_iter"": 1000, ""n_centers"": null, ""reg_lambda"": 0.001, ""tol"": 1e-06}",scar,0.3,0.5,0.5,True,0,,,,,,,,0.405,False,0.0,1.0,0.7407407407407407,0.9994047619047619,0.895,0.851063829787234,0.7,0.9986966420098322,0.925,,requires predict_proba,,requires predict_proba,,0.01599999999962165,success,
upu,scar-pi0.3-scalesmall,106,"{""basis"": ""linear"", ""fit_intercept"": true, ""kernel_width"": null, ""loss"": ""double_hinge"", ""max_iter"": 1000, ""n_centers"": null, ""reg_lambda"": 0.001, ""tol"": 1e-06}",scar,0.3,0.5,0.5,True,0,,,,,,,,0.41,False,0.0017751479289940808,1.0,0.7317073170731707,0.9980059523809524,0.89,0.8450704225352113,0.6982248520710059,0.9957766304320306,0.9214285714285715,,requires predict_proba,,requires predict_proba,,0.015000000001236913,success,
upu,scar-pi0.3-scalesmall,107,"{""basis"": ""linear"", ""fit_intercept"": true, ""kernel_width"": null, ""loss"": ""double_hinge"", ""max_iter"": 1000, ""n_centers"": null, ""reg_lambda"": 0.001, ""tol"": 1e-06}",scar,0.3,0.5,0.5,True,0,,,,,,,,0.3825,False,-0.0017045454545454586,1.0,0.7843137254901961,0.9995238095238095,0.9175,0.8791208791208791,0.7017045454545454,0.9989259415640002,0.9410714285714286,,requires predict_proba,,requires predict_proba,,0.0319999999992433,success,
upu,scar-pi0.3-scalesmall,108,"{""basis"": ""linear"", ""fit_intercept"": true, ""kernel_width"": null, ""loss"": ""double_hinge"", ""max_iter"": 1000, ""n_centers"": null, ""reg_lambda"": 0.001, ""tol"": 1e-06}",scar,0.3,0.5,0.5,True,0,,,,,,,,0.3925,False,0.0017241379310344862,1.0,0.7643312101910827,0.999077380952381,0.9075,0.8664259927797834,0.6982758620689655,0.9979650196413852,0.9339285714285714,,requires predict_proba,,requires predict_proba,,0.014999999999417923,success,
upu,scar-pi0.3-scalesmall,109,"{""basis"": ""linear"", ""fit_intercept"": true, ""kernel_width"": null, ""loss"": ""double_hinge"", ""max_iter"": 1000, ""n_centers"": null, ""reg_lambda"": 0.001, ""tol"": 1e-06}",scar,0.3,0.5,0.5,True,0,,,,,,,,0.415,False,0.009255524180897312,0.9850746268656716,0.7121021399028952,0.9972321428571428,0.88,0.8321678321678322,0.6996996996996997,0.9959913393039681,0.911904761904762,,requires predict_proba,,requires predict_proba,,0.031000000000858563,success,
upu,scar-pi0.3-scalesmall,110,"{""basis"": ""linear"", ""fit_intercept"": true, ""kernel_width"": null, ""loss"": ""double_hinge"", ""max_iter"": 1000, ""n_centers"": null, ""reg_lambda"": 0.001, ""tol"": 1e-06}",scar,0.3,0.5,0.5,True,0,,,,,,,,0.41,False,-0.0002967359050444762,1.0,0.7317073170731707,0.9986011904761904,0.89,0.8450704225352113,0.7002967359050445,0.997092078079334,0.9214285714285715,,requires predict_proba,,requires predict_proba,,0.01599999999962165,success,
upu,scar-pi0.3-scalesmall,111,"{""basis"": ""linear"", ""fit_intercept"": true, ""kernel_width"": null, ""loss"": ""double_hinge"", ""max_iter"": 1000, ""n_centers"": null, ""reg_lambda"": 0.001, ""tol"": 1e-06}",scar,0.3,0.5,0.5,True,0,,,,,,,,0.405,False,0.0,1.0,0.7407407407407407,0.9986904761904762,0.895,0.851063829787234,0.7,0.9969802996469528,0.925,,requires predict_proba,,requires predict_proba,,0.015000000001236913,success,
upu,scar-pi0.3-scalesmall,112,"{""basis"": ""linear"", ""fit_intercept"": true, ""kernel_width"": null, ""loss"": ""double_hinge"", ""max_iter"": 1000, ""n_centers"": null, ""reg_lambda"": 0.001, ""tol"": 1e-06}",scar,0.3,0.5,0.5,True,0,,,,,,,,0.41,False,0.0017751479289940808,1.0,0.7317073170731707,0.9985714285714286,0.89,0.8450704225352113,0.6982248520710059,0.9966248368715884,0.9214285714285715,,requires predict_proba,,requires predict_proba,,0.0319999999992433,success,
upu,scar-pi0.3-scalesmall,113,"{""basis"": ""linear"", ""fit_intercept"": true, ""kernel_width"": null, ""loss"": ""double_hinge"", ""max_iter"": 1000, ""n_centers"": null, ""reg_lambda"": 0.001, ""tol"": 1e-06}",scar,0.3,0.5,0.5,True,0,,,,,,,,0.4225,False,0.0,1.0,0.7100591715976331,0.9997321428571428,0.8775,0.8304498269896193,0.7,0.9993900367309458,0.9125,,requires predict_proba,,requires predict_proba,,0.031000000000858563,success,
upu,scar-pi0.3-scalesmall,114,"{""basis"": ""linear"", ""fit_intercept"": true, ""kernel_width"": null, ""loss"": ""double_hinge"", ""max_iter"": 1000, ""n_centers"": null, ""reg_lambda"": 0.001, ""tol"": 1e-06}",scar,0.3,0.5,0.5,True,0,,,,,,,,0.4,False,0.0002915451895043608,1.0,0.7499999999999999,0.9982440476190476,0.9,0.8571428571428571,0.6997084548104956,0.9956173834322378,0.9285714285714286,,requires predict_proba,,requires predict_proba,,0.014999999999417923,success,
upu,scar-pi0.3-scalesmall,115,"{""basis"": ""linear"", ""fit_intercept"": true, ""kernel_width"": null, ""loss"": ""double_hinge"", ""max_iter"": 1000, ""n_centers"": null, ""reg_lambda"": 0.001, ""tol"": 1e-06}",scar,0.3,0.5,0.5,True,0,,,,,,,,0.3925,False,-0.0002881844380403509,1.0,0.7643312101910827,0.9995833333333334,0.9075,0.8664259927797834,0.7002881844380403,0.999046900019547,0.9339285714285714,,requires predict_proba,,requires predict_proba,,0.0319999999992433,success,
upu,scar-pi0.3-scalesmall,116,"{""basis"": ""linear"", ""fit_intercept"": true, ""kernel_width"": null, ""loss"": ""double_hinge"", ""max_iter"": 1000, ""n_centers"": null, ""reg_lambda"": 0.001, ""tol"": 1e-06}",scar,0.3,0.5,0.5,True,0,,,,,,,,0.41,False,-0.0002967359050444762,1.0,0.7317073170731707,0.9999107142857143,0.89,0.8450704225352113,0.7002967359050445,0.9997967479674796,0.9214285714285715,,requires predict_proba,,requires predict_proba,,0.015000000001236913,success,
upu,scar-pi0.3-scalesmall,117,"{""basis"": ""linear"", ""fit_intercept"": true, ""kernel_width"": null, ""loss"": ""double_hinge"", ""max_iter"": 1000, ""n_centers"": null, ""reg_lambda"": 0.001, ""tol"": 1e-06}",scar,0.3,0.5,0.5,True,0,,,,,,,,0.4175,False,0.002395209580838331,1.0,0.718562874251497,0.9993452380952381,0.8825,0.8362369337979094,0.6976047904191617,0.9985180660108828,0.9160714285714286,,requires predict_proba,,requires predict_proba,,0.01599999999962165,success,
upu,scar-pi0.3-scalesmall,118,"{""basis"": ""linear"", ""fit_intercept"": true, ""kernel_width"": null, ""loss"": ""double_hinge"", ""max_iter"": 1000, ""n_centers"": null, ""reg_lambda"": 0.001, ""tol"": 1e-06}",scar,0.3,0.5,0.5,True,0,,,,,,,,0.3925,False,-0.0023121387283236983,1.0,0.7643312101910827,0.9996726190476191,0.9075,0.8664259927797834,0.7023121387283237,0.999232461536118,0.9339285714285714,,requires predict_proba,,requires predict_proba,,0.030999999999039574,success,
upu,scar-pi0.3-scalesmall,119,"{""basis"": ""linear"", ""fit_intercept"": true, ""kernel_width"": null, ""loss"": ""double_hinge"", ""max_iter"": 1000, ""n_centers"": null, ""reg_lambda"": 0.001, ""tol"": 1e-06}",scar,0.3,0.5,0.5,True,0,,,,,,,,0.3975,False,-0.0005813953488372214,1.0,0.7547169811320754,0.9996130952380953,0.9025,0.8602150537634409,0.7005813953488372,0.9991729797979798,0.9303571428571429,,requires predict_proba,,requires predict_proba,,0.01600000000144064,success,
upu,scar-pi0.3-scalemid,100,"{""basis"": ""linear"", ""fit_intercept"": true, ""kernel_width"": null, ""loss"": ""double_hinge"", ""max_iter"": 1000, ""n_centers"": null, ""reg_lambda"": 0.001, ""tol"": 1e-06}",scar,0.3,0.5,0.5,True,0,,,,,,,,0.406,False,-0.0004716981132075193,1.0,0.7389162561576353,0.9988023809523809,0.893,0.8484419263456091,0.7004716981132075,0.9976975563500593,0.9230952380952381,,requires predict_proba,,requires predict_proba,,0.014999999999417923,success,
upu,scar-pi0.3-scalemid,101,"{""basis"": ""linear"", ""fit_intercept"": true, ""kernel_width"": null, ""loss"": ""double_hinge"", ""max_iter"": 1000, ""n_centers"": null, ""reg_lambda"": 0.001, ""tol"": 1e-06}",scar,0.3,0.5,0.5,True,0,,,,,,,,0.3975,False,0.0006384213580963305,1.0,0.7547169811320754,0.9995464285714286,0.9025,0.8602150537634409,0.6993615786419036,0.9989696197282588,0.9303571428571429,,requires predict_proba,,requires predict_proba,,0.01599999999962165,success,
upu,scar-pi0.3-scalemid,102,"{""basis"": ""linear"", ""fit_intercept"": true, ""kernel_width"": null, ""loss"": ""double_hinge"", ""max_iter"": 1000, ""n_centers"": null, ""reg_lambda"": 0.001, ""tol"": 1e-06}",scar,0.3,0.5,0.5,True,0,,,,,,,,0.411,False,0.00047505938242281553,1.0,0.7299270072992701,0.999347619047619,0.889,0.8438818565400844,0.6995249406175772,0.9985069726025482,0.9207142857142857,,requires predict_proba,,requires predict_proba,,0.015000000001236913,success,
upu,scar-pi0.3-scalemid,103,"{""basis"": ""linear"", ""fit_intercept"": true, ""kernel_width"": null, ""loss"": ""double_hinge"", ""max_iter"": 1000, ""n_centers"": null, ""reg_lambda"": 0.001, ""tol"": 1e-06}",scar,0.3,0.5,0.5,True,0,,,,,,,,0.4005,False,0.002316978193146413,0.9965277777777778,0.7464627548897211,0.9993261904761905,0.8985,0.8551034975017845,0.6997663551401869,0.9986600188656475,0.9270238095238095,,requires predict_proba,,requires predict_proba,,0.01599999999962165,success,
upu,scar-pi0.3-scalemid,104,"{""basis"": ""linear"", ""fit_intercept"": true, ""kernel_width"": null, ""loss"": ""double_hinge"", ""max_iter"": 1000, ""n_centers"": null, ""reg_lambda"": 0.001, ""tol"": 1e-06}",scar,0.3,0.5,0.5,True,0,,,,,,,,0.408,False,0.0006497341996455908,1.0,0.7352941176470589,0.9990940476190476,0.892,0.847457627118644,0.6993502658003544,0.9979379094101286,0.9228571428571428,,requires predict_proba,,requires predict_proba,,0.014999999999417923,success,
upu,scar-pi0.3-scalemid,105,"{""basis"": ""linear"", ""fit_intercept"": true, ""kernel_width"": null, ""loss"": ""double_hinge"", ""max_iter"": 1000, ""n_centers"": null, ""reg_lambda"": 0.001, ""tol"": 1e-06}",scar,0.3,0.5,0.5,True,0,,,,,,,,0.402,False,-0.00023419203747071515,1.0,0.7462686567164178,0.9994904761904762,0.898,0.8547008547008547,0.7002341920374707,0.9988362671947963,0.9271428571428572,,requires predict_proba,,requires predict_proba,,0.014999999999417923,success,
upu,scar-pi0.3-scalemid,106,"{""basis"": ""linear"", ""fit_intercept"": true, ""kernel_width"": null, ""loss"": ""double_hinge"", ""max_iter"": 1000, ""n_centers"": null, ""reg_lambda"": 0.001, ""tol"": 1e-06}",scar,0.3,0.5,0.5,True,0,,,,,,,,0.4085,False,-0.000414446417998815,1.0,0.7343941248470013,0.9988142857142857,0.8915,0.8468595624558928,0.7004144464179988,0.9972952755718452,0.9225,,requires predict_proba,,requires predict_proba,,0.01599999999962165,success,
upu,scar-pi0.3-scalemid,107,"{""basis"": ""linear"", ""fit_intercept"": true, ""kernel_width"": null, ""loss"": ""double_hinge"", ""max_iter"": 1000, ""n_centers"": null, ""reg_lambda"": 0.001, ""tol"": 1e-06}",scar,0.3,0.5,0.5,True,0,,,,,,,,0.4005,False,5.8377116170460486e-05,1.0,0.749063670411985,0.9992047619047619,0.8995,0.8565310492505354,0.6999416228838296,0.9982344706847484,0.9282142857142857,,requires predict_proba,,requires predict_proba,,0.015000000001236913,success,
upu,scar-pi0.3-scalemid,108,"{""basis"": ""linear"", ""fit_intercept"": true, ""kernel_width"": null, ""loss"": ""double_hinge"", ""max_iter"": 1000, ""n_centers"": null, ""reg_lambda"": 0.001, ""tol"": 1e-06}",scar,0.3,0.5,0.5,True,0,,,,,,,,0.405,False,0.0004115226337448874,1.0,0.7407407407407407,0.9994023809523809,0.895,0.851063829787234,0.6995884773662552,0.9986959847314397,0.925,,requires predict_proba,,requires predict_proba,,0.01599999999962165,success,
upu,scar-pi0.3-scalemid,109,"{""basis"": ""linear"", ""fit_intercept"": true, ""kernel_width"": null, ""loss"": ""double_hinge"", ""max_iter"": 1000, ""n_centers"": null, ""reg_lambda"": 0.001, ""tol"": 1e-06}",scar,0.3,0.5,0.5,True,0,,,,,,,,0.41,False,0.00011862396204032066,1.0,0.7317073170731707,0.9992702380952381,0.89,0.8450704225352113,0.6998813760379596,0.9984711286457475,0.9214285714285715,,requires predict_proba,,requires predict_proba,,0.014999999999417923,success,
upu,scar-pi0.3-scalemid,110,"{""basis"": ""linear"", ""fit_intercept"": true, ""kernel_width"": null, ""loss"": ""double_hinge"", ""max_iter"": 1000, ""n_centers"": null, ""reg_lambda"": 0.001, ""tol"": 1e-06}",scar,0.3,0.5,0.5,True,0,,,,,,,,0.4005,False,0.0004667444574095736,1.0,0.749063670411985,0.9991261904761904,0.8995,0.8565310492505354,0.6995332555425904,0.9981409435282931,0.9282142857142857,,requires predict_proba,,requires predict_proba,,0.031000000000858563,success,
upu,scar-pi0.3-scalemid,111,"{""basis"": ""linear"", ""fit_intercept"": true, ""kernel_width"": null, ""loss"": ""double_hinge"", ""max_iter"": 1000, ""n_centers"": null, ""reg_lambda"": 0.001, ""tol"": 1e-06}",scar,0.3,0.5,0.5,True,0,,,,,,,,0.4015,False,0.00040911747516075847,1.0,0.74719800747198,0.99955,0.8985,0.8553100498930862,0.6995908825248393,0.9989537551173714,0.9275,,requires predict_proba,,requires predict_proba,,0.01599999999962165,success,
upu,scar-pi0.3-scalemid,112,"{""basis"": ""linear"", ""fit_intercept"": true, ""kernel_width"": null, ""loss"": ""double_hinge"", ""max_iter"": 1000, ""n_centers"": null, ""reg_lambda"": 0.001, ""tol"": 1e-06}",scar,0.3,0.5,0.5,True,0,,,,,,,,0.4045,False,-0.0005882352941176117,1.0,0.7416563658838071,0.999495238095238,0.8955,0.8516678495386799,0.7005882352941176,0.998912624418266,0.9253571428571429,,requires predict_proba,,requires predict_proba,,0.015000000001236913,success,
upu,scar-pi0.3-scalemid,113,"{""basis"": ""linear"", ""fit_intercept"": true, ""kernel_width"": null, ""loss"": ""double_hinge"", ""max_iter"": 1000, ""n_centers"": null, ""reg_lambda"": 0.001, ""tol"": 1e-06}",scar,0.3,0.5,0.5,True,0,,,,,,,,0.408,False,-0.00017740981667652145,1.0,0.7352941176470589,0.9992619047619048,0.892,0.847457627118644,0.7001774098166765,0.9982702694931911,0.9228571428571428,,requires predict_proba,,requires predict_proba,,0.01599999999962165,success,
upu,scar-pi0.3-scalemid,114,"{""basis"": ""linear"", ""fit_intercept"": true, ""kernel_width"": null, ""loss"": ""double_hinge"", ""max_iter"": 1000, ""n_centers"": null, ""reg_lambda"": 0.001, ""tol"": 1e-06}",scar,0.3,0.5,0.5,True,0,,,,,,,,0.413,False,-5.963029218841731e-05,1.0,0.7263922518159807,0.9988702380952381,0.887,0.8415147265077139,0.7000596302921884,0.9972154831929838,0.9192857142857143,,requires predict_proba,,requires predict_proba,,0.014999999999417923,success,
upu,scar-pi0.3-scalemid,115,"{""basis"": ""linear"", ""fit_intercept"": true, ""kernel_width"": null, ""loss"": ""double_hinge"", ""max_iter"": 1000, ""n_centers"": null, ""reg_lambda"": 0.001, ""tol"": 1e-06}",scar,0.3,0.5,0.5,True,0,,,,,,,,0.4095,False,0.00035545023696681444,1.0,0.7326007326007327,0.9992130952380953,0.8905,0.8456659619450317,0.6996445497630331,0.99828022249073,0.9217857142857142,,requires predict_proba,,requires predict_proba,,0.01600000000144064,success,
upu,scar-pi0.3-scalemid,116,"{""basis"": ""linear"", ""fit_intercept"": true, ""kernel_width"": null, ""loss"": ""double_hinge"", ""max_iter"": 1000, ""n_centers"": null, ""reg_lambda"": 0.001, ""tol"": 1e-06}",scar,0.3,0.5,0.5,True,0,,,,,,,,0.406,False,-5.892751915143046e-05,1.0,0.7389162561576353,0.9997642857142858,0.894,0.8498583569405099,0.7000589275191514,0.9994416514394928,0.9242857142857143,,requires predict_proba,,requires predict_proba,,0.0,success,
upu,scar-pi0.3-scalemid,117,"{""basis"": ""linear"", ""fit_intercept"": true, ""kernel_width"": null, ""loss"": ""double_hinge"", ""max_iter"": 1000, ""n_centers"": null, ""reg_lambda"": 0.001, ""tol"": 1e-06}",scar,0.3,0.5,0.5,True,0,,,,,,,,0.407,False,0.0011196228638774564,1.0,0.7371007371007371,0.9992369047619047,0.893,0.8486562942008486,0.6988803771361226,0.998211158715745,0.9235714285714286,,requires predict_proba,,requires predict_proba,,0.01599999999962165,success,
upu,scar-pi0.3-scalemid,118,"{""basis"": ""linear"", ""fit_intercept"": true, ""kernel_width"": null, ""loss"": ""double_hinge"", ""max_iter"": 1000, ""n_centers"": null, ""reg_lambda"": 0.001, ""tol"": 1e-06}",scar,0.3,0.5,0.5,True,0,,,,,,,,0.4085,False,0.0004139562389118834,1.0,0.7343941248470013,0.9996559523809524,0.8915,0.8468595624558928,0.6995860437610881,0.9991982733545066,0.9225,,requires predict_proba,,requires predict_proba,,0.01599999999962165,success,
upu,scar-pi0.3-scalemid,119,"{""basis"": ""linear"", ""fit_intercept"": true, ""kernel_width"": null, ""loss"": ""double_hinge"", ""max_iter"": 1000, ""n_centers"": null, ""reg_lambda"": 0.001, ""tol"": 1e-06}",scar,0.3,0.5,0.5,True,0,,,,,,,,0.401,False,-0.0001753360607831822,1.0,0.7481296758104737,0.9993964285714285,0.899,0.8559201141226819,0.7001753360607832,0.9986447883448898,0.9278571428571429,,requires predict_proba,,requires predict_proba,,0.030999999999039574,success,
upu,scar-pi0.5-scalesmall,100,"{""basis"": ""linear"", ""fit_intercept"": true, ""kernel_width"": null, ""loss"": ""double_hinge"", ""max_iter"": 1000, ""n_centers"": null, ""reg_lambda"": 0.001, ""tol"": 1e-06}",scar,0.5,0.5,0.5,True,0,,,,,,,,0.615,False,-0.0016286644951140072,1.0,0.8130081300813008,0.999375,0.885,0.8968609865470852,0.501628664495114,0.9994198685822475,0.885,,requires predict_proba,,requires predict_proba,,0.01600000000144064,success,
upu,scar-pi0.5-scalesmall,101,"{""basis"": ""linear"", ""fit_intercept"": true, ""kernel_width"": null, ""loss"": ""double_hinge"", ""max_iter"": 1000, ""n_centers"": null, ""reg_lambda"": 0.001, ""tol"": 1e-06}",scar,0.5,0.5,0.5,True,0,,,,,,,,0.62,False,-0.0016501650165016701,1.0,0.8064516129032259,0.9988999999999999,0.88,0.8928571428571429,0.5016501650165016,0.9988980888193221,0.88,,requires predict_proba,,requires predict_proba,,0.01599999999962165,success,
upu,scar-pi0.5-scalesmall,102,"{""basis"": ""linear"", ""fit_intercept"": true, ""kernel_width"": null, ""loss"": ""double_hinge"", ""max_iter"": 1000, ""n_centers"": null, ""reg_lambda"": 0.001, ""tol"": 1e-06}",scar,0.5,0.5,0.5,True,0,,,,,,,,0.6225,False,-0.0016611295681063232,1.0,0.8032128514056224,0.997425,0.8775,0.89086859688196,0.5016611295681063,0.9975419873332001,0.8775,,requires predict_proba,,requires predict_proba,,0.01599999999962165,success,
upu,scar-pi0.5-scalesmall,103,"{""basis"": ""linear"", ""fit_intercept"": true, ""kernel_width"": null, ""loss"": ""double_hinge"", ""max_iter"": 1000, ""n_centers"": null, ""reg_lambda"": 0.001, ""tol"": 1e-06}",scar,0.5,0.5,0.5,True,0,,,,,,,,0.6325,False,-0.0017064846416382506,1.0,0.790513833992095,0.998775,0.8675,0.8830022075055187,0.5017064846416383,0.9987851946625567,0.8674999999999999,,requires predict_proba,,requires predict_proba,,0.01599999999962165,success,
upu,scar-pi0.5-scalesmall,104,"{""basis"": ""linear"", ""fit_intercept"": true, ""kernel_width"": null, ""loss"": ""double_hinge"", ""max_iter"": 1000, ""n_centers"": null, ""reg_lambda"": 0.001, ""tol"": 1e-06}",scar,0.5,0.5,0.5,True,0,,,,,,,,0.63,False,0.0,1.0,0.7936507936507936,0.9993249999999999,0.87,0.8849557522123894,0.5,0.999339760628806,0.87,,requires predict_proba,,requires predict_proba,,0.01599999999962165,success,
upu,scar-pi0.5-scalesmall,105,"{""basis"": ""linear"", ""fit_intercept"": true, ""kernel_width"": null, ""loss"": ""double_hinge"", ""max_iter"": 1000, ""n_centers"": null, ""reg_lambda"": 0.001, ""tol"": 1e-06}",scar,0.5,0.5,0.5,True,0,,,,,,,,0.6275,False,0.0016722408026755842,1.0,0.7968127490039841,0.99945,0.8725,0.8869179600886918,0.4983277591973244,0.9994653223517852,0.8725,,requires predict_proba,,requires predict_proba,,0.01600000000144064,success,
upu,scar-pi0.5-scalesmall,106,"{""basis"": ""linear"", ""fit_intercept"": true, ""kernel_width"": null, ""loss"": ""double_hinge"", ""max_iter"": 1000, ""n_centers"": null, ""reg_lambda"": 0.001, ""tol"": 1e-06}",scar,0.5,0.5,0.5,True,0,,,,,,,,0.6175,False,-0.0016393442622950616,1.0,0.8097165991902834,0.997675,0.8825,0.8948545861297539,0.5016393442622951,0.9977795971771187,0.8825000000000001,,requires predict_proba,,requires predict_proba,,0.014999999999417923,success,
upu,scar-pi0.5-scalesmall,107,"{""basis"": ""linear"", ""fit_intercept"": true, ""kernel_width"": null, ""loss"": ""double_hinge"", ""max_iter"": 1000, ""n_centers"": null, ""reg_lambda"": 0.001, ""tol"": 1e-06}",scar,0.5,0.5,0.5,True,0,,,,,,,,0.6025,False,0.0015673981191222097,1.0,0.8298755186721991,0.99965,0.8975,0.9070294784580499,0.49843260188087773,0.9996492945561014,0.8975,,requires predict_proba,,requires predict_proba,,0.0319999999992433,success,
upu,scar-pi0.5-scalesmall,108,"{""basis"": ""linear"", ""fit_intercept"": true, ""kernel_width"": null, ""loss"": ""double_hinge"", ""max_iter"": 1000, ""n_centers"": null, ""reg_lambda"": 0.001, ""tol"": 1e-06}",scar,0.5,0.5,0.5,True,0,,,,,,,,0.615,False,-0.0016286644951140072,1.0,0.8130081300813008,0.9993,0.885,0.8968609865470852,0.501628664495114,0.9993114612983248,0.885,,requires predict_proba,,requires predict_proba,,0.015000000001236913,success,
upu,scar-pi0.5-scalesmall,109,"{""basis"": ""linear"", ""fit_intercept"": true, ""kernel_width"": null, ""loss"": ""double_hinge"", ""max_iter"": 1000, ""n_centers"": null, ""reg_lambda"": 0.001, ""tol"": 1e-06}",scar,0.5,0.5,0.5,True,0,,,,,,,,0.6275,False,0.011392239547579397,0.9902912621359223,0.7890767028971494,0.998275,0.8675,0.8824833702882483,0.4983164983164983,0.9986738336618793,0.8674999999999999,,requires predict_proba,,requires predict_proba,,0.01599999999962165,success,
upu,scar-pi0.5-scalesmall,110,"{""basis"": ""linear"", ""fit_intercept"": true, ""kernel_width"": null, ""loss"": ""double_hinge"", ""max_iter"": 1000, ""n_centers"": null, ""reg_lambda"": 0.001, ""tol"": 1e-06}",scar,0.5,0.5,0.5,True,0,,,,,,,,0.63,False,0.0016835016835017313,1.0,0.7936507936507936,0.9993,0.87,0.8849557522123894,0.4983164983164983,0.9993316729204624,0.87,,requires predict_proba,,requires predict_proba,,0.014999999999417923,success,
upu,scar-pi0.5-scalesmall,111,"{""basis"": ""linear"", ""fit_intercept"": true, ""kernel_width"": null, ""loss"": ""double_hinge"", ""max_iter"": 1000, ""n_centers"": null, ""reg_lambda"": 0.001, ""tol"": 1e-06}",scar,0.5,0.5,0.5,True,0,,,,,,,,0.6225,False,-0.003333333333333355,1.0,0.8032128514056224,0.99945,0.8775,0.89086859688196,0.5033333333333333,0.9994671606076115,0.8775,,requires predict_proba,,requires predict_proba,,0.01600000000144064,success,
upu,scar-pi0.5-scalesmall,112,"{""basis"": ""linear"", ""fit_intercept"": true, ""kernel_width"": null, ""loss"": ""double_hinge"", ""max_iter"": 1000, ""n_centers"": null, ""reg_lambda"": 0.001, ""tol"": 1e-06}",scar,0.5,0.5,0.5,True,0,,,,,,,,0.6225,False,-0.0016611295681063232,1.0,0.8032128514056224,0.9992,0.8775,0.89086859688196,0.5016611295681063,0.9991949866310882,0.8775,,requires predict_proba,,requires predict_proba,,0.01599999999962165,success,
upu,scar-pi0.5-scalesmall,113,"{""basis"": ""linear"", ""fit_intercept"": true, ""kernel_width"": null, ""loss"": ""double_hinge"", ""max_iter"": 1000, ""n_centers"": null, ""reg_lambda"": 0.001, ""tol"": 1e-06}",scar,0.5,0.5,0.5,True,0,,,,,,,,0.635,False,0.0,1.0,0.7874015748031495,0.9999,0.865,0.8810572687224669,0.5,0.9999011083743842,0.865,,requires predict_proba,,requires predict_proba,,0.031000000000858563,success,
upu,scar-pi0.5-scalesmall,114,"{""basis"": ""linear"", ""fit_intercept"": true, ""kernel_width"": null, ""loss"": ""double_hinge"", ""max_iter"": 1000, ""n_centers"": null, ""reg_lambda"": 0.001, ""tol"": 1e-06}",scar,0.5,0.5,0.5,True,0,,,,,,,,0.6275,False,0.0,1.0,0.7968127490039841,0.9985999999999999,0.8725,0.8869179600886918,0.5,0.9984588075551701,0.8725,,requires predict_proba,,requires predict_proba,,0.01599999999962165,success,
upu,scar-pi0.5-scalesmall,115,"{""basis"": ""linear"", ""fit_intercept"": true, ""kernel_width"": null, ""loss"": ""double_hinge"", ""max_iter"": 1000, ""n_centers"": null, ""reg_lambda"": 0.001, ""tol"": 1e-06}",scar,0.5,0.5,0.5,True,0,,,,,,,,0.62,False,0.0016393442622950616,1.0,0.8064516129032259,0.999775,0.88,0.8928571428571429,0.49836065573770494,0.999771534352706,0.88,,requires predict_proba,,requires predict_proba,,0.01599999999962165,success,
upu,scar-pi0.5-scalesmall,116,"{""basis"": ""linear"", ""fit_intercept"": true, ""kernel_width"": null, ""loss"": ""double_hinge"", ""max_iter"": 1000, ""n_centers"": null, ""reg_lambda"": 0.001, ""tol"": 1e-06}",scar,0.5,0.5,0.5,True,0,,,,,,,,0.63,False,-0.0016949152542372614,1.0,0.7936507936507936,0.99905,0.87,0.8849557522123894,0.5016949152542373,0.9991692964739544,0.87,,requires predict_proba,,requires predict_proba,,0.01600000000144064,success,
upu,scar-pi0.5-scalesmall,117,"{""basis"": ""linear"", ""fit_intercept"": true, ""kernel_width"": null, ""loss"": ""double_hinge"", ""max_iter"": 1000, ""n_centers"": null, ""reg_lambda"": 0.001, ""tol"": 1e-06}",scar,0.5,0.5,0.5,True,0,,,,,,,,0.625,False,0.0016611295681062677,1.0,0.8,0.998525,0.875,0.8888888888888888,0.4983388704318937,0.9986418123572859,0.875,,requires predict_proba,,requires predict_proba,,0.030999999999039574,success,
upu,scar-pi0.5-scalesmall,118,"{""basis"": ""linear"", ""fit_intercept"": true, ""kernel_width"": null, ""loss"": ""double_hinge"", ""max_iter"": 1000, ""n_centers"": null, ""reg_lambda"": 0.001, ""tol"": 1e-06}",scar,0.5,0.5,0.5,True,0,,,,,,,,0.6175,False,0.0032467532467532756,1.0,0.8097165991902834,0.9998,0.8825,0.8948545861297539,0.4967532467532468,0.9997998393062494,0.8825000000000001,,requires predict_proba,,requires predict_proba,,0.031000000000858563,success,
upu,scar-pi0.5-scalesmall,119,"{""basis"": ""linear"", ""fit_intercept"": true, ""kernel_width"": null, ""loss"": ""double_hinge"", ""max_iter"": 1000, ""n_centers"": null, ""reg_lambda"": 0.001, ""tol"": 1e-06}",scar,0.5,0.5,0.5,True,0,,,,,,,,0.6075,False,0.0,1.0,0.8230452674897119,0.9985499999999999,0.8925,0.9029345372460497,0.5,0.9986866487815167,0.8925000000000001,,requires predict_proba,,requires predict_proba,,0.01599999999962165,success,
upu,scar-pi0.5-scalemid,100,"{""basis"": ""linear"", ""fit_intercept"": true, ""kernel_width"": null, ""loss"": ""double_hinge"", ""max_iter"": 1000, ""n_centers"": null, ""reg_lambda"": 0.001, ""tol"": 1e-06}",scar,0.5,0.5,0.5,True,0,,,,,,,,0.6215,False,0.0,1.0,0.8045052292839903,0.998912,0.8775,0.8907712884529648,0.5,0.998994275446973,0.8775,,requires predict_proba,,requires predict_proba,,0.014999999999417923,success,
upu,scar-pi0.5-scalemid,101,"{""basis"": ""linear"", ""fit_intercept"": true, ""kernel_width"": null, ""loss"": ""double_hinge"", ""max_iter"": 1000, ""n_centers"": null, ""reg_lambda"": 0.001, ""tol"": 1e-06}",scar,0.5,0.5,0.5,True,0,,,,,,,,0.6165,False,-0.0006527415143602888,1.0,0.8110300081103,0.9994259999999999,0.8835,0.8956560680698612,0.5006527415143603,0.999424570212515,0.8835,,requires predict_proba,,requires predict_proba,,0.031000000000858563,success,
upu,scar-pi0.5-scalemid,102,"{""basis"": ""linear"", ""fit_intercept"": true, ""kernel_width"": null, ""loss"": ""double_hinge"", ""max_iter"": 1000, ""n_centers"": null, ""reg_lambda"": 0.001, ""tol"": 1e-06}",scar,0.5,0.5,0.5,True,0,,,,,,,,0.629,False,0.0,1.0,0.794912559618442,0.999266,0.871,0.8857395925597874,0.5,0.9992582518448664,0.871,,requires predict_proba,,requires predict_proba,,0.01599999999962165,success,
upu,scar-pi0.5-scalemid,103,"{""basis"": ""linear"", ""fit_intercept"": true, ""kernel_width"": null, ""loss"": ""double_hinge"", ""max_iter"": 1000, ""n_centers"": null, ""reg_lambda"": 0.001, ""tol"": 1e-06}",scar,0.5,0.5,0.5,True,0,,,,,,,,0.621,False,0.0003295978905735186,1.0,0.8051529790660226,0.99938,0.879,0.8920606601248885,0.4996704021094265,0.9994083463691998,0.879,,requires predict_proba,,requires predict_proba,,0.015000000001236913,success,
upu,scar-pi0.5-scalemid,104,"{""basis"": ""linear"", ""fit_intercept"": true, ""kernel_width"": null, ""loss"": ""double_hinge"", ""max_iter"": 1000, ""n_centers"": null, ""reg_lambda"": 0.001, ""tol"": 1e-06}",scar,0.5,0.5,0.5,True,0,,,,,,,,0.628,False,0.001006036217303774,1.0,0.7961783439490446,0.999173,0.872,0.8865248226950354,0.49899396378269617,0.9991810595580095,0.872,,requires predict_proba,,requires predict_proba,,0.01599999999962165,success,
upu,scar-pi0.5-scalemid,105,"{""basis"": ""linear"", ""fit_intercept"": true, ""kernel_width"": null, ""loss"": ""double_hinge"", ""max_iter"": 1000, ""n_centers"": null, ""reg_lambda"": 0.001, ""tol"": 1e-06}",scar,0.5,0.5,0.5,True,0,,,,,,,,0.6255,False,0.00033355570380255717,1.0,0.7993605115907275,0.999295,0.8745,0.8884940026654821,0.49966644429619744,0.999293788863066,0.8745,,requires predict_proba,,requires predict_proba,,0.014999999999417923,success,
upu,scar-pi0.5-scalemid,106,"{""basis"": ""linear"", ""fit_intercept"": true, ""kernel_width"": null, ""loss"": ""double_hinge"", ""max_iter"": 1000, ""n_centers"": null, ""reg_lambda"": 0.001, ""tol"": 1e-06}",scar,0.5,0.5,0.5,True,0,,,,,,,,0.6275,False,-0.000335795836131636,1.0,0.7968127490039841,0.999303,0.8725,0.8869179600886918,0.5003357958361316,0.9993053920721396,0.8725,,requires predict_proba,,requires predict_proba,,0.031000000000858563,success,
upu,scar-pi0.5-scalemid,107,"{""basis"": ""linear"", ""fit_intercept"": true, ""kernel_width"": null, ""loss"": ""double_hinge"", ""max_iter"": 1000, ""n_centers"": null, ""reg_lambda"": 0.001, ""tol"": 1e-06}",scar,0.5,0.5,0.5,True,0,,,,,,,,0.621,False,-0.000991407799074695,1.0,0.8051529790660226,0.999133,0.879,0.8920606601248885,0.5009914077990747,0.9991295990371295,0.879,,requires predict_proba,,requires predict_proba,,0.01599999999962165,success,
upu,scar-pi0.5-scalemid,108,"{""basis"": ""linear"", ""fit_intercept"": true, ""kernel_width"": null, ""loss"": ""double_hinge"", ""max_iter"": 1000, ""n_centers"": null, ""reg_lambda"": 0.001, ""tol"": 1e-06}",scar,0.5,0.5,0.5,True,0,,,,,,,,0.633,False,0.0003403675970047315,1.0,0.7898894154818326,0.9994890000000001,0.867,0.8826125330979699,0.4996596324029952,0.9994935453495074,0.867,,requires predict_proba,,requires predict_proba,,0.015000000001236913,success,
upu,scar-pi0.5-scalemid,109,"{""basis"": ""linear"", ""fit_intercept"": true, ""kernel_width"": null, ""loss"": ""double_hinge"", ""max_iter"": 1000, ""n_centers"": null, ""reg_lambda"": 0.001, ""tol"": 1e-06}",scar,0.5,0.5,0.5,True,0,,,,,,,,0.6285,False,-0.00033670033670035737,1.0,0.7955449482895784,0.999606,0.8715,0.8861320336730173,0.5003367003367003,0.999626647591252,0.8714999999999999,,requires predict_proba,,requires predict_proba,,0.01599999999962165,success,
upu,scar-pi0.5-scalemid,110,"{""basis"": ""linear"", ""fit_intercept"": true, ""kernel_width"": null, ""loss"": ""double_hinge"", ""max_iter"": 1000, ""n_centers"": null, ""reg_lambda"": 0.001, ""tol"": 1e-06}",scar,0.5,0.5,0.5,True,0,,,,,,,,0.62,False,-0.0003291639236339683,1.0,0.8064516129032259,0.999367,0.88,0.8928571428571429,0.500329163923634,0.9993776960196867,0.88,,requires predict_proba,,requires predict_proba,,0.014999999999417923,success,
upu,scar-pi0.5-scalemid,111,"{""basis"": ""linear"", ""fit_intercept"": true, ""kernel_width"": null, ""loss"": ""double_hinge"", ""max_iter"": 1000, ""n_centers"": null, ""reg_lambda"": 0.001, ""tol"": 1e-06}",scar,0.5,0.5,0.5,True,0,,,,,,,,0.625,False,-0.00033355570380255717,1.0,0.8,0.999367,0.875,0.8888888888888888,0.5003335557038026,0.9993685479070115,0.875,,requires predict_proba,,requires predict_proba,,0.014999999999417923,success,
upu,scar-pi0.5-scalemid,112,"{""basis"": ""linear"", ""fit_intercept"": true, ""kernel_width"": null, ""loss"": ""double_hinge"", ""max_iter"": 1000, ""n_centers"": null, ""reg_lambda"": 0.001, ""tol"": 1e-06}",scar,0.5,0.5,0.5,True,0,,,,,,,,0.625,False,0.0,1.0,0.8,0.9993380000000001,0.875,0.8888888888888888,0.5,0.9993653787780099,0.875,,requires predict_proba,,requires predict_proba,,0.01599999999962165,success,
upu,scar-pi0.5-scalemid,113,"{""basis"": ""linear"", ""fit_intercept"": true, ""kernel_width"": null, ""loss"": ""double_hinge"", ""max_iter"": 1000, ""n_centers"": null, ""reg_lambda"": 0.001, ""tol"": 1e-06}",scar,0.5,0.5,0.5,True,0,,,,,,,,0.628,False,-0.0003362474781439251,1.0,0.7961783439490446,0.9985620000000001,0.871,0.8856382978723404,0.5003362474781439,0.9987794258844184,0.871,,requires predict_proba,,requires predict_proba,,0.015000000001236913,success,
upu,scar-pi0.5-scalemid,114,"{""basis"": ""linear"", ""fit_intercept"": true, ""kernel_width"": null, ""loss"": ""double_hinge"", ""max_iter"": 1000, ""n_centers"": null, ""reg_lambda"": 0.001, ""tol"": 1e-06}",scar,0.5,0.5,0.5,True,0,,,,,,,,0.6285,False,-0.00033670033670035737,1.0,0.7955449482895784,0.9985850000000001,0.8715,0.8861320336730173,0.5003367003367003,0.99840906747855,0.8714999999999999,,requires predict_proba,,requires predict_proba,,0.01599999999962165,success,
upu,scar-pi0.5-scalemid,115,"{""basis"": ""linear"", ""fit_intercept"": true, ""kernel_width"": null, ""loss"": ""double_hinge"", ""max_iter"": 1000, ""n_centers"": null, ""reg_lambda"": 0.001, ""tol"": 1e-06}",scar,0.5,0.5,0.5,True,0,,,,,,,,0.628,False,0.000335795836131636,1.0,0.7961783439490446,0.999155,0.872,0.8865248226950354,0.49966420416386836,0.9991765422169006,0.872,,requires predict_proba,,requires predict_proba,,0.014999999999417923,success,
upu,scar-pi0.5-scalemid,116,"{""basis"": ""linear"", ""fit_intercept"": true, ""kernel_width"": null, ""loss"": ""double_hinge"", ""max_iter"": 1000, ""n_centers"": null, ""reg_lambda"": 0.001, ""tol"": 1e-06}",scar,0.5,0.5,0.5,True,0,,,,,,,,0.621,False,-0.0006605019815059676,1.0,0.8051529790660226,0.999534,0.879,0.8920606601248885,0.5006605019815059,0.9995693872151944,0.879,,requires predict_proba,,requires predict_proba,,0.031000000000858563,success,
upu,scar-pi0.5-scalemid,117,"{""basis"": ""linear"", ""fit_intercept"": true, ""kernel_width"": null, ""loss"": ""double_hinge"", ""max_iter"": 1000, ""n_centers"": null, ""reg_lambda"": 0.001, ""tol"": 1e-06}",scar,0.5,0.5,0.5,True,0,,,,,,,,0.6235,False,0.0,1.0,0.8019246190858058,0.99858,0.8765,0.8900756564307967,0.5,0.9986031217289942,0.8765000000000001,,requires predict_proba,,requires predict_proba,,0.01599999999962165,success,
upu,scar-pi0.5-scalemid,118,"{""basis"": ""linear"", ""fit_intercept"": true, ""kernel_width"": null, ""loss"": ""double_hinge"", ""max_iter"": 1000, ""n_centers"": null, ""reg_lambda"": 0.001, ""tol"": 1e-06}",scar,0.5,0.5,0.5,True,0,,,,,,,,0.629,False,-0.0003371544167228846,1.0,0.794912559618442,0.99949,0.871,0.8857395925597874,0.5003371544167229,0.99948379669438,0.871,,requires predict_proba,,requires predict_proba,,0.01599999999962165,success,
upu,scar-pi0.5-scalemid,119,"{""basis"": ""linear"", ""fit_intercept"": true, ""kernel_width"": null, ""loss"": ""double_hinge"", ""max_iter"": 1000, ""n_centers"": null, ""reg_lambda"": 0.001, ""tol"": 1e-06}",scar,0.5,0.5,0.5,True,0,,,,,,,,0.6195,False,-0.0003287310979618874,1.0,0.8071025020177562,0.999136,0.8805,0.8932559178204555,0.5003287310979618,0.9991471728507426,0.8805000000000001,,requires predict_proba,,requires predict_proba,,0.01599999999962165,success,
upu,sar-pi0.1-scalesmall,100,"{""basis"": ""linear"", ""fit_intercept"": true, ""kernel_width"": null, ""loss"": ""double_hinge"", ""max_iter"": 1000, ""n_centers"": null, ""reg_lambda"": 0.001, ""tol"": 1e-06}",linear,0.1,0.5,0.5,True,0,,,,,,,,0.15,False,0.000529100529100518,1.0,0.6666666666666667,0.9999305555555555,0.95,0.8,0.8994708994708994,0.999390243902439,0.9722222222222222,,requires predict_proba,,requires predict_proba,,0.030999999999039574,success,
upu,sar-pi0.1-scalesmall,101,"{""basis"": ""linear"", ""fit_intercept"": true, ""kernel_width"": null, ""loss"": ""double_hinge"", ""max_iter"": 1000, ""n_centers"": null, ""reg_lambda"": 0.001, ""tol"": 1e-06}",linear,0.1,0.5,0.5,True,0,,,,,,,,0.135,False,-0.0010416666666666768,1.0,0.7407407407407407,0.9990972222222222,0.965,0.851063829787234,0.9010416666666666,0.9925392928353455,0.9805555555555556,,requires predict_proba,,requires predict_proba,,0.031000000000858563,success,
upu,sar-pi0.1-scalesmall,102,"{""basis"": ""linear"", ""fit_intercept"": true, ""kernel_width"": null, ""loss"": ""double_hinge"", ""max_iter"": 1000, ""n_centers"": null, ""reg_lambda"": 0.001, ""tol"": 1e-06}",linear,0.1,0.5,0.5,True,0,,,,,,,,0.1425,False,-0.0002624671916010568,1.0,0.7017543859649124,0.9956944444444444,0.9525,0.8041237113402062,0.9002624671916011,0.9732450744335757,0.9624999999999999,,requires predict_proba,,requires predict_proba,,0.01599999999962165,success,
upu,sar-pi0.1-scalesmall,103,"{""basis"": ""linear"", ""fit_intercept"": true, ""kernel_width"": null, ""loss"": ""double_hinge"", ""max_iter"": 1000, ""n_centers"": null, ""reg_lambda"": 0.001, ""tol"": 1e-06}",linear,0.1,0.5,0.5,True,0,,,,,,,,0.1475,False,0.00026385224274405594,1.0,0.6779661016949153,0.9977777777777778,0.9525,0.8080808080808081,0.899736147757256,0.9834075745682889,0.9736111111111111,,requires predict_proba,,requires predict_proba,,0.031000000000858563,success,
upu,sar-pi0.1-scalesmall,104,"{""basis"": ""linear"", ""fit_intercept"": true, ""kernel_width"": null, ""loss"": ""double_hinge"", ""max_iter"": 1000, ""n_centers"": null, ""reg_lambda"": 0.001, ""tol"": 1e-06}",linear,0.1,0.5,0.5,True,0,,,,,,,,0.15,False,-0.0018567639257294488,1.0,0.6666666666666667,0.9997916666666667,0.95,0.8,0.9018567639257294,0.9982558139534884,0.9722222222222222,,requires predict_proba,,requires predict_proba,,0.01599999999962165,success,
upu,sar-pi0.1-scalesmall,105,"{""basis"": ""linear"", ""fit_intercept"": true, ""kernel_width"": null, ""loss"": ""double_hinge"", ""max_iter"": 1000, ""n_centers"": null, ""reg_lambda"": 0.001, ""tol"": 1e-06}",linear,0.1,0.5,0.5,True,0,,,,,,,,0.1475,False,-0.0021164021164021274,1.0,0.6779661016949153,0.9992361111111111,0.9525,0.8080808080808081,0.9021164021164021,0.9940476190476191,0.9736111111111111,,requires predict_proba,,requires predict_proba,,0.014999999999417923,success,
upu,sar-pi0.1-scalesmall,106,"{""basis"": ""linear"", ""fit_intercept"": true, ""kernel_width"": null, ""loss"": ""double_hinge"", ""max_iter"": 1000, ""n_centers"": null, ""reg_lambda"": 0.001, ""tol"": 1e-06}",linear,0.1,0.5,0.5,True,0,,,,,,,,0.145,False,0.0,1.0,0.6896551724137931,0.9984722222222222,0.955,0.8163265306122449,0.9,0.9881017951856386,0.975,,requires predict_proba,,requires predict_proba,,0.014999999999417923,success,
upu,sar-pi0.1-scalesmall,107,"{""basis"": ""linear"", ""fit_intercept"": true, ""kernel_width"": null, ""loss"": ""double_hinge"", ""max_iter"": 1000, ""n_centers"": null, ""reg_lambda"": 0.001, ""tol"": 1e-06}",linear,0.1,0.5,0.5,True,0,,,,,,,,0.14,False,-0.0005235602094240954,1.0,0.7142857142857143,0.998125,0.96,0.8333333333333334,0.900523560209424,0.9850954804998923,0.9777777777777779,,requires predict_proba,,requires predict_proba,,0.01599999999962165,success,
upu,sar-pi0.1-scalesmall,108,"{""basis"": ""linear"", ""fit_intercept"": true, ""kernel_width"": null, ""loss"": ""double_hinge"", ""max_iter"": 1000, ""n_centers"": null, ""reg_lambda"": 0.001, ""tol"": 1e-06}",linear,0.1,0.5,0.5,True,0,,,,,,,,0.15,False,0.000529100529100518,1.0,0.6666666666666667,0.9995833333333334,0.95,0.8,0.8994708994708994,0.9965077605321507,0.9722222222222222,,requires predict_proba,,requires predict_proba,,0.015000000001236913,success,
upu,sar-pi0.1-scalesmall,109,"{""basis"": ""linear"", ""fit_intercept"": true, ""kernel_width"": null, ""loss"": ""double_hinge"", ""max_iter"": 1000, ""n_centers"": null, ""reg_lambda"": 0.001, ""tol"": 1e-06}",linear,0.1,0.5,0.5,True,0,,,,,,,,0.1375,False,-0.0007832898172323854,1.0,0.7272727272727273,0.9934027777777779,0.9575,0.8210526315789474,0.9007832898172323,0.9824074074074074,0.9652777777777778,,requires predict_proba,,requires predict_proba,,0.01599999999962165,success,
upu,sar-pi0.1-scalesmall,110,"{""basis"": ""linear"", ""fit_intercept"": true, ""kernel_width"": null, ""loss"": ""double_hinge"", ""max_iter"": 1000, ""n_centers"": null, ""reg_lambda"": 0.001, ""tol"": 1e-06}",linear,0.1,0.5,0.5,True,0,,,,,,,,0.1575,False,0.0013333333333333253,1.0,0.634920634920635,1.0,0.9425,0.7766990291262136,0.8986666666666666,1.0,0.9680555555555556,,requires predict_proba,,requires predict_proba,,0.031000000000858563,success,
upu,sar-pi0.1-scalesmall,111,"{""basis"": ""linear"", ""fit_intercept"": true, ""kernel_width"": null, ""loss"": ""double_hinge"", ""max_iter"": 1000, ""n_centers"": null, ""reg_lambda"": 0.001, ""tol"": 1e-06}",linear,0.1,0.5,0.5,True,0,,,,,,,,0.145,False,0.0,1.0,0.6896551724137931,0.999375,0.955,0.8163265306122449,0.9,0.9940659034796031,0.975,,requires predict_proba,,requires predict_proba,,0.014999999999417923,success,
upu,sar-pi0.1-scalesmall,112,"{""basis"": ""linear"", ""fit_intercept"": true, ""kernel_width"": null, ""loss"": ""double_hinge"", ""max_iter"": 1000, ""n_centers"": null, ""reg_lambda"": 0.001, ""tol"": 1e-06}",linear,0.1,0.5,0.5,True,0,,,,,,,,0.1525,False,0.0007957559681697618,1.0,0.6557377049180328,0.9980555555555556,0.9475,0.7920792079207921,0.8992042440318302,0.9852588500258106,0.9708333333333333,,requires predict_proba,,requires predict_proba,,0.01599999999962165,success,
upu,sar-pi0.1-scalesmall,113,"{""basis"": ""linear"", ""fit_intercept"": true, ""kernel_width"": null, ""loss"": ""double_hinge"", ""max_iter"": 1000, ""n_centers"": null, ""reg_lambda"": 0.001, ""tol"": 1e-06}",linear,0.1,0.5,0.5,True,0,,,,,,,,0.145,False,0.0,1.0,0.6896551724137931,0.9995833333333333,0.955,0.8163265306122449,0.9,0.9967391304347826,0.975,,requires predict_proba,,requires predict_proba,,0.031000000000858563,success,
upu,sar-pi0.1-scalesmall,114,"{""basis"": ""linear"", ""fit_intercept"": true, ""kernel_width"": null, ""loss"": ""double_hinge"", ""max_iter"": 1000, ""n_centers"": null, ""reg_lambda"": 0.001, ""tol"": 1e-06}",linear,0.1,0.5,0.5,True,0,,,,,,,,0.1425,False,-0.0002624671916010568,1.0,0.7017543859649124,0.9992361111111111,0.9575,0.8247422680412371,0.9002624671916011,0.9923013462020394,0.9763888888888889,,requires predict_proba,,requires predict_proba,,0.01599999999962165,success,
upu,sar-pi0.1-scalesmall,115,"{""basis"": ""linear"", ""fit_intercept"": true, ""kernel_width"": null, ""loss"": ""double_hinge"", ""max_iter"": 1000, ""n_centers"": null, ""reg_lambda"": 0.001, ""tol"": 1e-06}",linear,0.1,0.5,0.5,True,0,,,,,,,,0.1475,False,0.00026385224274405594,1.0,0.6779661016949153,0.9997222222222223,0.9525,0.8080808080808081,0.899736147757256,0.9975434981684981,0.9736111111111111,,requires predict_proba,,requires predict_proba,,0.01600000000144064,success,
upu,sar-pi0.1-scalesmall,116,"{""basis"": ""linear"", ""fit_intercept"": true, ""kernel_width"": null, ""loss"": ""double_hinge"", ""max_iter"": 1000, ""n_centers"": null, ""reg_lambda"": 0.001, ""tol"": 1e-06}",linear,0.1,0.5,0.5,True,0,,,,,,,,0.1475,False,0.00026385224274405594,1.0,0.6779661016949153,0.9994444444444445,0.9525,0.8080808080808081,0.899736147757256,0.9950064412018841,0.9736111111111111,,requires predict_proba,,requires predict_proba,,0.014999999999417923,success,
upu,sar-pi0.1-scalesmall,117,"{""basis"": ""linear"", ""fit_intercept"": true, ""kernel_width"": null, ""loss"": ""double_hinge"", ""max_iter"": 1000, ""n_centers"": null, ""reg_lambda"": 0.001, ""tol"": 1e-06}",linear,0.1,0.5,0.5,True,0,,,,,,,,0.1375,False,0.0038961038961038974,1.0,0.7272727272727273,0.9991666666666666,0.9625,0.8421052631578947,0.8961038961038961,0.9937339743589744,0.9791666666666667,,requires predict_proba,,requires predict_proba,,0.01599999999962165,success,
upu,sar-pi0.1-scalesmall,118,"{""basis"": ""linear"", ""fit_intercept"": true, ""kernel_width"": null, ""loss"": ""double_hinge"", ""max_iter"": 1000, ""n_centers"": null, ""reg_lambda"": 0.001, ""tol"": 1e-06}",linear,0.1,0.5,0.5,True,0,,,,,,,,0.1475,False,0.00026385224274405594,1.0,0.6779661016949153,0.9999305555555555,0.9525,0.8080808080808081,0.899736147757256,0.999390243902439,0.9736111111111111,,requires predict_proba,,requires predict_proba,,0.015000000001236913,success,
upu,sar-pi0.1-scalesmall,119,"{""basis"": ""linear"", ""fit_intercept"": true, ""kernel_width"": null, ""loss"": ""double_hinge"", ""max_iter"": 1000, ""n_centers"": null, ""reg_lambda"": 0.001, ""tol"": 1e-06}",linear,0.1,0.5,0.5,True,0,,,,,,,,0.145,False,0.002362204724409442,1.0,0.6896551724137931,0.9998611111111111,0.955,0.8163265306122449,0.8976377952755905,0.9988095238095238,0.975,,requires predict_proba,,requires predict_proba,,0.01599999999962165,success,
upu,sar-pi0.1-scalemid,100,"{""basis"": ""linear"", ""fit_intercept"": true, ""kernel_width"": null, ""loss"": ""double_hinge"", ""max_iter"": 1000, ""n_centers"": null, ""reg_lambda"": 0.001, ""tol"": 1e-06}",linear,0.1,0.5,0.5,True,0,,,,,,,,0.1435,False,-0.000157645822385713,1.0,0.6968641114982579,0.9990833333333333,0.9565,0.8213552361396304,0.9001576458223857,0.9929713572383206,0.9758333333333333,,requires predict_proba,,requires predict_proba,,0.014999999999417923,success,
upu,sar-pi0.1-scalemid,101,"{""basis"": ""linear"", ""fit_intercept"": true, ""kernel_width"": null, ""loss"": ""double_hinge"", ""max_iter"": 1000, ""n_centers"": null, ""reg_lambda"": 0.001, ""tol"": 1e-06}",linear,0.1,0.5,0.5,True,0,,,,,,,,0.142,False,0.00015731515469323554,1.0,0.7042253521126761,0.999325,0.957,0.8223140495867769,0.8998426848453067,0.9952845046207243,0.9738888888888888,,requires predict_proba,,requires predict_proba,,0.014999999999417923,success,
upu,sar-pi0.1-scalemid,102,"{""basis"": ""linear"", ""fit_intercept"": true, ""kernel_width"": null, ""loss"": ""double_hinge"", ""max_iter"": 1000, ""n_centers"": null, ""reg_lambda"": 0.001, ""tol"": 1e-06}",linear,0.1,0.5,0.5,True,0,,,,,,,,0.147,False,-0.0002638522427440698,1.0,0.6802721088435375,0.9995972222222222,0.953,0.8097165991902834,0.9002638522427441,0.9964443750392599,0.9738888888888889,,requires predict_proba,,requires predict_proba,,0.01599999999962165,success,
upu,sar-pi0.1-scalemid,103,"{""basis"": ""linear"", ""fit_intercept"": true, ""kernel_width"": null, ""loss"": ""double_hinge"", ""max_iter"": 1000, ""n_centers"": null, ""reg_lambda"": 0.001, ""tol"": 1e-06}",linear,0.1,0.5,0.5,True,0,,,,,,,,0.1475,False,-0.00021119324181627375,1.0,0.6779661016949153,0.9987916666666666,0.9515,0.804040404040404,0.9002111932418163,0.9942620538376037,0.9708333333333333,,requires predict_proba,,requires predict_proba,,0.031000000000858563,success,
upu,sar-pi0.1-scalemid,104,"{""basis"": ""linear"", ""fit_intercept"": true, ""kernel_width"": null, ""loss"": ""double_hinge"", ""max_iter"": 1000, ""n_centers"": null, ""reg_lambda"": 0.001, ""tol"": 1e-06}",linear,0.1,0.5,0.5,True,0,,,,,,,,0.145,False,0.0,1.0,0.6896551724137931,0.9988694444444444,0.954,0.8122448979591836,0.9,0.9925976258654382,0.9722222222222222,,requires predict_proba,,requires predict_proba,,0.01599999999962165,success,
upu,sar-pi0.1-scalemid,105,"{""basis"": ""linear"", ""fit_intercept"": true, ""kernel_width"": null, ""loss"": ""double_hinge"", ""max_iter"": 1000, ""n_centers"": null, ""reg_lambda"": 0.001, ""tol"": 1e-06}",linear,0.1,0.5,0.5,True,0,,,,,,,,0.14,False,0.00041841004184099695,1.0,0.7142857142857143,0.999275,0.96,0.8333333333333334,0.899581589958159,0.9940765266047787,0.9777777777777779,,requires predict_proba,,requires predict_proba,,0.031000000000858563,success,
upu,sar-pi0.1-scalemid,106,"{""basis"": ""linear"", ""fit_intercept"": true, ""kernel_width"": null, ""loss"": ""double_hinge"", ""max_iter"": 1000, ""n_centers"": null, ""reg_lambda"": 0.001, ""tol"": 1e-06}",linear,0.1,0.5,0.5,True,0,,,,,,,,0.15,False,0.000529100529100518,1.0,0.6666666666666667,0.9991,0.95,0.8,0.8994708994708994,0.9923201564177692,0.9722222222222222,,requires predict_proba,,requires predict_proba,,0.030999999999039574,success,
upu,sar-pi0.1-scalemid,107,"{""basis"": ""linear"", ""fit_intercept"": true, ""kernel_width"": null, ""loss"": ""double_hinge"", ""max_iter"": 1000, ""n_centers"": null, ""reg_lambda"": 0.001, ""tol"": 1e-06}",linear,0.1,0.5,0.5,True,0,,,,,,,,0.1445,False,-5.260389268806065e-05,1.0,0.6920415224913495,0.9990749999999999,0.9545,0.8139059304703476,0.900052603892688,0.9927295958835364,0.9724999999999999,,requires predict_proba,,requires predict_proba,,0.01599999999962165,success,
upu,sar-pi0.1-scalemid,108,"{""basis"": ""linear"", ""fit_intercept"": true, ""kernel_width"": null, ""loss"": ""double_hinge"", ""max_iter"": 1000, ""n_centers"": null, ""reg_lambda"": 0.001, ""tol"": 1e-06}",linear,0.1,0.5,0.5,True,0,,,,,,,,0.144,False,-0.0005786428195686533,1.0,0.6944444444444445,0.9995083333333333,0.956,0.819672131147541,0.9005786428195687,0.9960739433592692,0.9755555555555555,,requires predict_proba,,requires predict_proba,,0.01599999999962165,success,
upu,sar-pi0.1-scalemid,109,"{""basis"": ""linear"", ""fit_intercept"": true, ""kernel_width"": null, ""loss"": ""double_hinge"", ""max_iter"": 1000, ""n_centers"": null, ""reg_lambda"": 0.001, ""tol"": 1e-06}",linear,0.1,0.5,0.5,True,0,,,,,,,,0.1465,False,0.0016409096620178393,0.9904761904761905,0.6760929627823826,0.9986277777777778,0.9525,0.8073022312373225,0.9002638522427441,0.9923540231524646,0.9713888888888889,,requires predict_proba,,requires predict_proba,,0.01599999999962165,success,
upu,sar-pi0.1-scalemid,110,"{""basis"": ""linear"", ""fit_intercept"": true, ""kernel_width"": null, ""loss"": ""double_hinge"", ""max_iter"": 1000, ""n_centers"": null, ""reg_lambda"": 0.001, ""tol"": 1e-06}",linear,0.1,0.5,0.5,True,0,,,,,,,,0.1385,False,-0.00020898641588297517,1.0,0.7220216606498194,0.999,0.9605,0.8343815513626834,0.900208986415883,0.9937706407960991,0.9758333333333333,,requires predict_proba,,requires predict_proba,,0.031000000000858563,success,
upu,sar-pi0.1-scalemid,111,"{""basis"": ""linear"", ""fit_intercept"": true, ""kernel_width"": null, ""loss"": ""double_hinge"", ""max_iter"": 1000, ""n_centers"": null, ""reg_lambda"": 0.001, ""tol"": 1e-06}",linear,0.1,0.5,0.5,True,0,,,,,,,,0.146,False,0.0010526315789473606,1.0,0.6849315068493151,0.9994500000000001,0.954,0.8130081300813008,0.8989473684210526,0.9952530569597919,0.9744444444444444,,requires predict_proba,,requires predict_proba,,0.030999999999039574,success,
upu,sar-pi0.1-scalemid,112,"{""basis"": ""linear"", ""fit_intercept"": true, ""kernel_width"": null, ""loss"": ""double_hinge"", ""max_iter"": 1000, ""n_centers"": null, ""reg_lambda"": 0.001, ""tol"": 1e-06}",linear,0.1,0.5,0.5,True,0,,,,,,,,0.145,False,0.0,1.0,0.6896551724137931,0.9995277777777778,0.955,0.8163265306122449,0.9,0.9962742622631847,0.975,,requires predict_proba,,requires predict_proba,,0.01599999999962165,success,
upu,sar-pi0.1-scalemid,113,"{""basis"": ""linear"", ""fit_intercept"": true, ""kernel_width"": null, ""loss"": ""double_hinge"", ""max_iter"": 1000, ""n_centers"": null, ""reg_lambda"": 0.001, ""tol"": 1e-06}",linear,0.1,0.5,0.5,True,0,,,,,,,,0.141,False,5.238344683079765e-05,1.0,0.7092198581560285,0.9991194444444444,0.959,0.8298755186721992,0.8999476165531692,0.9930394051272762,0.9772222222222222,,requires predict_proba,,requires predict_proba,,0.01599999999962165,success,
upu,sar-pi0.1-scalemid,114,"{""basis"": ""linear"", ""fit_intercept"": true, ""kernel_width"": null, ""loss"": ""double_hinge"", ""max_iter"": 1000, ""n_centers"": null, ""reg_lambda"": 0.001, ""tol"": 1e-06}",linear,0.1,0.5,0.5,True,0,,,,,,,,0.149,False,-5.2882072977267214e-05,1.0,0.6711409395973155,0.9991027777777777,0.951,0.8032128514056225,0.9000528820729773,0.99138434954321,0.9727777777777777,,requires predict_proba,,requires predict_proba,,0.014999999999417923,success,
upu,sar-pi0.1-scalemid,115,"{""basis"": ""linear"", ""fit_intercept"": true, ""kernel_width"": null, ""loss"": ""double_hinge"", ""max_iter"": 1000, ""n_centers"": null, ""reg_lambda"": 0.001, ""tol"": 1e-06}",linear,0.1,0.5,0.5,True,0,,,,,,,,0.147,False,-0.0002638522427440698,1.0,0.6802721088435375,0.9995055555555555,0.953,0.8097165991902834,0.9002638522427441,0.9958329664851501,0.9738888888888889,,requires predict_proba,,requires predict_proba,,0.01600000000144064,success,
upu,sar-pi0.1-scalemid,116,"{""basis"": ""linear"", ""fit_intercept"": true, ""kernel_width"": null, ""loss"": ""double_hinge"", ""max_iter"": 1000, ""n_centers"": null, ""reg_lambda"": 0.001, ""tol"": 1e-06}",linear,0.1,0.5,0.5,True,0,,,,,,,,0.147,False,-0.0007391763463569234,1.0,0.6802721088435375,0.9997777777777779,0.953,0.8097165991902834,0.9007391763463569,0.9980896354580443,0.9738888888888889,,requires predict_proba,,requires predict_proba,,0.01599999999962165,success,
upu,sar-pi0.1-scalemid,117,"{""basis"": ""linear"", ""fit_intercept"": true, ""kernel_width"": null, ""loss"": ""double_hinge"", ""max_iter"": 1000, ""n_centers"": null, ""reg_lambda"": 0.001, ""tol"": 1e-06}",linear,0.1,0.5,0.5,True,0,,,,,,,,0.1475,False,-0.00021119324181627375,1.0,0.6779661016949153,0.9995361111111111,0.9525,0.8080808080808081,0.9002111932418163,0.9962737748909025,0.9736111111111111,,requires predict_proba,,requires predict_proba,,0.015000000001236913,success,
upu,sar-pi0.1-scalemid,118,"{""basis"": ""linear"", ""fit_intercept"": true, ""kernel_width"": null, ""loss"": ""double_hinge"", ""max_iter"": 1000, ""n_centers"": null, ""reg_lambda"": 0.001, ""tol"": 1e-06}",linear,0.1,0.5,0.5,True,0,,,,,,,,0.1435,False,-0.000157645822385713,1.0,0.6968641114982579,0.9997444444444444,0.9565,0.8213552361396304,0.9001576458223857,0.9976895645308756,0.9758333333333333,,requires predict_proba,,requires predict_proba,,0.01599999999962165,success,
upu,sar-pi0.1-scalemid,119,"{""basis"": ""linear"", ""fit_intercept"": true, ""kernel_width"": null, ""loss"": ""double_hinge"", ""max_iter"": 1000, ""n_centers"": null, ""reg_lambda"": 0.001, ""tol"": 1e-06}",linear,0.1,0.5,0.5,True,0,,,,,,,,0.1435,False,-0.000157645822385713,1.0,0.6968641114982579,0.9988972222222222,0.9555,0.8172484599589322,0.9001576458223857,0.9928802561137348,0.9730555555555556,,requires predict_proba,,requires predict_proba,,0.014999999999417923,success,
upu,sar-pi0.3-scalesmall,100,"{""basis"": ""linear"", ""fit_intercept"": true, ""kernel_width"": null, ""loss"": ""double_hinge"", ""max_iter"": 1000, ""n_centers"": null, ""reg_lambda"": 0.001, ""tol"": 1e-06}",linear,0.3,0.5,0.5,True,0,,,,,,,,0.4025,False,0.001169590643274876,1.0,0.7453416149068323,0.9999404761904762,0.8975,0.8540925266903915,0.6988304093567251,0.999863387978142,0.9267857142857143,,requires predict_proba,,requires predict_proba,,0.01600000000144064,success,
upu,sar-pi0.3-scalesmall,101,"{""basis"": ""linear"", ""fit_intercept"": true, ""kernel_width"": null, ""loss"": ""double_hinge"", ""max_iter"": 1000, ""n_centers"": null, ""reg_lambda"": 0.001, ""tol"": 1e-06}",linear,0.3,0.5,0.5,True,0,,,,,,,,0.405,False,0.0,1.0,0.7407407407407407,0.9994345238095238,0.895,0.851063829787234,0.7,0.9987034357146052,0.925,,requires predict_proba,,requires predict_proba,,0.01599999999962165,success,
upu,sar-pi0.3-scalesmall,102,"{""basis"": ""linear"", ""fit_intercept"": true, ""kernel_width"": null, ""loss"": ""double_hinge"", ""max_iter"": 1000, ""n_centers"": null, ""reg_lambda"": 0.001, ""tol"": 1e-06}",linear,0.3,0.5,0.5,True,0,,,,,,,,0.4,False,0.0002915451895043608,1.0,0.7499999999999999,0.9989880952380952,0.9,0.8571428571428571,0.6997084548104956,0.9977818917666668,0.9285714285714286,,requires predict_proba,,requires predict_proba,,0.01599999999962165,success,
upu,sar-pi0.3-scalesmall,103,"{""basis"": ""linear"", ""fit_intercept"": true, ""kernel_width"": null, ""loss"": ""double_hinge"", ""max_iter"": 1000, ""n_centers"": null, ""reg_lambda"": 0.001, ""tol"": 1e-06}",linear,0.3,0.5,0.5,True,0,,,,,,,,0.4225,False,0.0,1.0,0.7100591715976331,0.9985714285714286,0.8775,0.8304498269896193,0.7,0.9968109548263546,0.9125,,requires predict_proba,,requires predict_proba,,0.01599999999962165,success,
upu,sar-pi0.3-scalesmall,104,"{""basis"": ""linear"", ""fit_intercept"": true, ""kernel_width"": null, ""loss"": ""double_hinge"", ""max_iter"": 1000, ""n_centers"": null, ""reg_lambda"": 0.001, ""tol"": 1e-06}",linear,0.3,0.5,0.5,True,0,,,,,,,,0.4175,False,0.002395209580838331,1.0,0.718562874251497,0.999702380952381,0.8825,0.8362369337979094,0.6976047904191617,0.9993145968955183,0.9160714285714286,,requires predict_proba,,requires predict_proba,,0.01599999999962165,success,
upu,sar-pi0.3-scalesmall,105,"{""basis"": ""linear"", ""fit_intercept"": true, ""kernel_width"": null, ""loss"": ""double_hinge"", ""max_iter"": 1000, ""n_centers"": null, ""reg_lambda"": 0.001, ""tol"": 1e-06}",linear,0.3,0.5,0.5,True,0,,,,,,,,0.405,False,0.002052785923753686,1.0,0.7407407407407407,0.9990476190476191,0.895,0.851063829787234,0.6979472140762464,0.9979573552543118,0.925,,requires predict_proba,,requires predict_proba,,0.01600000000144064,success,
upu,sar-pi0.3-scalesmall,106,"{""basis"": ""linear"", ""fit_intercept"": true, ""kernel_width"": null, ""loss"": ""double_hinge"", ""max_iter"": 1000, ""n_centers"": null, ""reg_lambda"": 0.001, ""tol"": 1e-06}",linear,0.3,0.5,0.5,True,0,,,,,,,,0.41,False,-0.0002967359050444762,1.0,0.7317073170731707,0.998095238095238,0.89,0.8450704225352113,0.7002967359050445,0.9959364975601888,0.9214285714285715,,requires predict_proba,,requires predict_proba,,0.030999999999039574,success,
upu,sar-pi0.3-scalesmall,107,"{""basis"": ""linear"", ""fit_intercept"": true, ""kernel_width"": null, ""loss"": ""double_hinge"", ""max_iter"": 1000, ""n_centers"": null, ""reg_lambda"": 0.001, ""tol"": 1e-06}",linear,0.3,0.5,0.5,True,0,,,,,,,,0.39,False,-0.005202312138728293,1.0,0.7692307692307692,0.9997321428571428,0.91,0.8695652173913043,0.7052023121387283,0.9993917206226753,0.9357142857142857,,requires predict_proba,,requires predict_proba,,0.031000000000858563,success,
upu,sar-pi0.3-scalesmall,108,"{""basis"": ""linear"", ""fit_intercept"": true, ""kernel_width"": null, ""loss"": ""double_hinge"", ""max_iter"": 1000, ""n_centers"": null, ""reg_lambda"": 0.001, ""tol"": 1e-06}",linear,0.3,0.5,0.5,True,0,,,,,,,,0.4075,False,0.0008849557522124241,1.0,0.7361963190184049,0.9989880952380953,0.8925,0.8480565371024735,0.6991150442477876,0.9977956035818368,0.9232142857142858,,requires predict_proba,,requires predict_proba,,0.01599999999962165,success,
upu,sar-pi0.3-scalesmall,109,"{""basis"": ""linear"", ""fit_intercept"": true, ""kernel_width"": null, ""loss"": ""double_hinge"", ""max_iter"": 1000, ""n_centers"": null, ""reg_lambda"": 0.001, ""tol"": 1e-06}",linear,0.3,0.5,0.5,True,0,,,,,,,,0.4125,False,0.002670623145400619,1.0,0.7272727272727273,0.9977083333333334,0.8825,0.8350877192982457,0.6973293768545994,0.9966553993392229,0.9136904761904763,,requires predict_proba,,requires predict_proba,,0.031000000000858563,success,
upu,sar-pi0.3-scalesmall,110,"{""basis"": ""linear"", ""fit_intercept"": true, ""kernel_width"": null, ""loss"": ""double_hinge"", ""max_iter"": 1000, ""n_centers"": null, ""reg_lambda"": 0.001, ""tol"": 1e-06}",linear,0.3,0.5,0.5,True,0,,,,,,,,0.4075,False,0.0008849557522124241,1.0,0.7361963190184049,0.9988095238095238,0.8925,0.8480565371024735,0.6991150442477876,0.9974920943763357,0.9232142857142858,,requires predict_proba,,requires predict_proba,,0.014999999999417923,success,
upu,sar-pi0.3-scalesmall,111,"{""basis"": ""linear"", ""fit_intercept"": true, ""kernel_width"": null, ""loss"": ""double_hinge"", ""max_iter"": 1000, ""n_centers"": null, ""reg_lambda"": 0.001, ""tol"": 1e-06}",linear,0.3,0.5,0.5,True,0,,,,,,,,0.4025,False,-0.0008797653958944052,1.0,0.7453416149068323,0.9985714285714286,0.8975,0.8540925266903915,0.7008797653958945,0.9966692883978353,0.9267857142857143,,requires predict_proba,,requires predict_proba,,0.01599999999962165,success,
upu,sar-pi0.3-scalesmall,112,"{""basis"": ""linear"", ""fit_intercept"": true, ""kernel_width"": null, ""loss"": ""double_hinge"", ""max_iter"": 1000, ""n_centers"": null, ""reg_lambda"": 0.001, ""tol"": 1e-06}",linear,0.3,0.5,0.5,True,0,,,,,,,,0.4125,False,0.0005952380952380931,1.0,0.7272727272727273,0.9988095238095238,0.8875,0.8421052631578947,0.6994047619047619,0.9971930562719654,0.9196428571428572,,requires predict_proba,,requires predict_proba,,0.01599999999962165,success,
upu,sar-pi0.3-scalesmall,113,"{""basis"": ""linear"", ""fit_intercept"": true, ""kernel_width"": null, ""loss"": ""double_hinge"", ""max_iter"": 1000, ""n_centers"": null, ""reg_lambda"": 0.001, ""tol"": 1e-06}",linear,0.3,0.5,0.5,True,0,,,,,,,,0.4125,False,0.0005952380952380931,1.0,0.7272727272727273,0.9997321428571428,0.8875,0.8421052631578947,0.6994047619047619,0.9993900367309458,0.9196428571428572,,requires predict_proba,,requires predict_proba,,0.030999999999039574,success,
upu,sar-pi0.3-scalesmall,114,"{""basis"": ""linear"", ""fit_intercept"": true, ""kernel_width"": null, ""loss"": ""double_hinge"", ""max_iter"": 1000, ""n_centers"": null, ""reg_lambda"": 0.001, ""tol"": 1e-06}",linear,0.3,0.5,0.5,True,0,,,,,,,,0.41,False,-0.0002967359050444762,1.0,0.7317073170731707,0.9985714285714286,0.89,0.8450704225352113,0.7002967359050445,0.9965974317116246,0.9214285714285715,,requires predict_proba,,requires predict_proba,,0.01600000000144064,success,
upu,sar-pi0.3-scalesmall,115,"{""basis"": ""linear"", ""fit_intercept"": true, ""kernel_width"": null, ""loss"": ""double_hinge"", ""max_iter"": 1000, ""n_centers"": null, ""reg_lambda"": 0.001, ""tol"": 1e-06}",linear,0.3,0.5,0.5,True,0,,,,,,,,0.395,False,0.0005780346820809523,1.0,0.7594936708860759,0.9997321428571428,0.905,0.8633093525179856,0.6994219653179191,0.9993799553833367,0.9321428571428572,,requires predict_proba,,requires predict_proba,,0.030999999999039574,success,
upu,sar-pi0.3-scalesmall,116,"{""basis"": ""linear"", ""fit_intercept"": true, ""kernel_width"": null, ""loss"": ""double_hinge"", ""max_iter"": 1000, ""n_centers"": null, ""reg_lambda"": 0.001, ""tol"": 1e-06}",linear,0.3,0.5,0.5,True,0,,,,,,,,0.4075,False,-0.0011834319526626835,1.0,0.7361963190184049,0.9999404761904762,0.8925,0.8480565371024735,0.7011834319526628,0.999863387978142,0.9232142857142858,,requires predict_proba,,requires predict_proba,,0.01599999999962165,success,
upu,sar-pi0.3-scalesmall,117,"{""basis"": ""linear"", ""fit_intercept"": true, ""kernel_width"": null, ""loss"": ""double_hinge"", ""max_iter"": 1000, ""n_centers"": null, ""reg_lambda"": 0.001, ""tol"": 1e-06}",linear,0.3,0.5,0.5,True,0,,,,,,,,0.4025,False,-0.0008797653958944052,1.0,0.7453416149068323,0.9994642857142857,0.8975,0.8540925266903915,0.7008797653958945,0.9987753840941853,0.9267857142857143,,requires predict_proba,,requires predict_proba,,0.01599999999962165,success,
upu,sar-pi0.3-scalesmall,118,"{""basis"": ""linear"", ""fit_intercept"": true, ""kernel_width"": null, ""loss"": ""double_hinge"", ""max_iter"": 1000, ""n_centers"": null, ""reg_lambda"": 0.001, ""tol"": 1e-06}",linear,0.3,0.5,0.5,True,0,,,,,,,,0.3975,False,-0.0005813953488372214,1.0,0.7547169811320754,0.999702380952381,0.9025,0.8602150537634409,0.7005813953488372,0.9993135085904064,0.9303571428571429,,requires predict_proba,,requires predict_proba,,0.030999999999039574,success,
upu,sar-pi0.3-scalesmall,119,"{""basis"": ""linear"", ""fit_intercept"": true, ""kernel_width"": null, ""loss"": ""double_hinge"", ""max_iter"": 1000, ""n_centers"": null, ""reg_lambda"": 0.001, ""tol"": 1e-06}",linear,0.3,0.5,0.5,True,0,,,,,,,,0.4125,False,0.0005952380952380931,1.0,0.7272727272727273,0.9995833333333334,0.8875,0.8421052631578947,0.6994047619047619,0.9991029517867753,0.9196428571428572,,requires predict_proba,,requires predict_proba,,0.01600000000144064,success,
upu,sar-pi0.3-scalemid,100,"{""basis"": ""linear"", ""fit_intercept"": true, ""kernel_width"": null, ""loss"": ""double_hinge"", ""max_iter"": 1000, ""n_centers"": null, ""reg_lambda"": 0.001, ""tol"": 1e-06}",linear,0.3,0.5,0.5,True,0,,,,,,,,0.408,False,0.0006497341996455908,1.0,0.7352941176470589,0.9988047619047619,0.891,0.846045197740113,0.6993502658003544,0.9976854594772497,0.9216666666666666,,requires predict_proba,,requires predict_proba,,0.030999999999039574,success,
upu,sar-pi0.3-scalemid,101,"{""basis"": ""linear"", ""fit_intercept"": true, ""kernel_width"": null, ""loss"": ""double_hinge"", ""max_iter"": 1000, ""n_centers"": null, ""reg_lambda"": 0.001, ""tol"": 1e-06}",linear,0.3,0.5,0.5,True,0,,,,,,,,0.4,False,0.0006993006993006867,1.0,0.7499999999999999,0.9995571428571429,0.9,0.8571428571428571,0.6993006993006993,0.9989985360292871,0.9285714285714286,,requires predict_proba,,requires predict_proba,,0.031000000000858563,success,
upu,sar-pi0.3-scalemid,102,"{""basis"": ""linear"", ""fit_intercept"": true, ""kernel_width"": null, ""loss"": ""double_hinge"", ""max_iter"": 1000, ""n_centers"": null, ""reg_lambda"": 0.001, ""tol"": 1e-06}",linear,0.3,0.5,0.5,True,0,,,,,,,,0.41,False,-0.0002967359050444762,1.0,0.7317073170731707,0.9993857142857143,0.89,0.8450704225352113,0.7002967359050445,0.9985939347833981,0.9214285714285715,,requires predict_proba,,requires predict_proba,,0.0319999999992433,success,
upu,sar-pi0.3-scalemid,103,"{""basis"": ""linear"", ""fit_intercept"": true, ""kernel_width"": null, ""loss"": ""double_hinge"", ""max_iter"": 1000, ""n_centers"": null, ""reg_lambda"": 0.001, ""tol"": 1e-06}",linear,0.3,0.5,0.5,True,0,,,,,,,,0.401,False,-0.0001753360607831822,1.0,0.7481296758104737,0.9992904761904762,0.898,0.854493580599144,0.7001753360607832,0.9985959442607869,0.9266666666666666,,requires predict_proba,,requires predict_proba,,0.014999999999417923,success,
upu,sar-pi0.3-scalemid,104,"{""basis"": ""linear"", ""fit_intercept"": true, ""kernel_width"": null, ""loss"": ""double_hinge"", ""max_iter"": 1000, ""n_centers"": null, ""reg_lambda"": 0.001, ""tol"": 1e-06}",linear,0.3,0.5,0.5,True,0,,,,,,,,0.4035,False,-0.00011737089201874218,1.0,0.7434944237918215,0.9990857142857144,0.8965,0.8528784648187633,0.7001173708920188,0.9979380275350183,0.9260714285714285,,requires predict_proba,,requires predict_proba,,0.014999999999417923,success,
upu,sar-pi0.3-scalemid,105,"{""basis"": ""linear"", ""fit_intercept"": true, ""kernel_width"": null, ""loss"": ""double_hinge"", ""max_iter"": 1000, ""n_centers"": null, ""reg_lambda"": 0.001, ""tol"": 1e-06}",linear,0.3,0.5,0.5,True,0,,,,,,,,0.4025,False,0.0007606787595084707,1.0,0.7453416149068323,0.999479761904762,0.8975,0.8540925266903915,0.6992393212404915,0.9988019316604708,0.9267857142857143,,requires predict_proba,,requires predict_proba,,0.0319999999992433,success,
upu,sar-pi0.3-scalemid,106,"{""basis"": ""linear"", ""fit_intercept"": true, ""kernel_width"": null, ""loss"": ""double_hinge"", ""max_iter"": 1000, ""n_centers"": null, ""reg_lambda"": 0.001, ""tol"": 1e-06}",linear,0.3,0.5,0.5,True,0,,,,,,,,0.4075,False,5.906674542233148e-05,1.0,0.7361963190184049,0.9987809523809523,0.8925,0.8480565371024735,0.6999409332545776,0.9972482270176655,0.9232142857142858,,requires predict_proba,,requires predict_proba,,0.031000000000858563,success,
upu,sar-pi0.3-scalemid,107,"{""basis"": ""linear"", ""fit_intercept"": true, ""kernel_width"": null, ""loss"": ""double_hinge"", ""max_iter"": 1000, ""n_centers"": null, ""reg_lambda"": 0.001, ""tol"": 1e-06}",linear,0.3,0.5,0.5,True,0,,,,,,,,0.401,False,-0.0001753360607831822,1.0,0.7481296758104737,0.9992119047619048,0.899,0.8559201141226819,0.7001753360607832,0.9982462191533463,0.9278571428571429,,requires predict_proba,,requires predict_proba,,0.030999999999039574,success,
upu,sar-pi0.3-scalemid,108,"{""basis"": ""linear"", ""fit_intercept"": true, ""kernel_width"": null, ""loss"": ""double_hinge"", ""max_iter"": 1000, ""n_centers"": null, ""reg_lambda"": 0.001, ""tol"": 1e-06}",linear,0.3,0.5,0.5,True,0,,,,,,,,0.405,False,0.0,1.0,0.7407407407407407,0.9994321428571429,0.895,0.851063829787234,0.7,0.9987543860259532,0.925,,requires predict_proba,,requires predict_proba,,0.031000000000858563,success,
upu,sar-pi0.3-scalemid,109,"{""basis"": ""linear"", ""fit_intercept"": true, ""kernel_width"": null, ""loss"": ""double_hinge"", ""max_iter"": 1000, ""n_centers"": null, ""reg_lambda"": 0.001, ""tol"": 1e-06}",linear,0.3,0.5,0.5,True,0,,,,,,,,0.409,False,0.0005917159763313973,1.0,0.7334963325183375,0.9992761904761904,0.891,0.846262341325811,0.6994082840236686,0.9984819832713248,0.9221428571428572,,requires predict_proba,,requires predict_proba,,0.0319999999992433,success,
upu,sar-pi0.3-scalemid,110,"{""basis"": ""linear"", ""fit_intercept"": true, ""kernel_width"": null, ""loss"": ""double_hinge"", ""max_iter"": 1000, ""n_centers"": null, ""reg_lambda"": 0.001, ""tol"": 1e-06}",linear,0.3,0.5,0.5,True,0,,,,,,,,0.399,False,-0.0004662004662004393,1.0,0.7518796992481203,0.9991880952380953,0.901,0.8583690987124464,0.7004662004662005,0.9982563771226267,0.9292857142857143,,requires predict_proba,,requires predict_proba,,0.031000000000858563,success,
upu,sar-pi0.3-scalemid,111,"{""basis"": ""linear"", ""fit_intercept"": true, ""kernel_width"": null, ""loss"": ""double_hinge"", ""max_iter"": 1000, ""n_centers"": null, ""reg_lambda"": 0.001, ""tol"": 1e-06}",linear,0.3,0.5,0.5,True,0,,,,,,,,0.4045,False,-0.00017636684303351524,1.0,0.7416563658838071,0.9995904761904761,0.8955,0.8516678495386799,0.7001763668430335,0.9990460091571629,0.9253571428571429,,requires predict_proba,,requires predict_proba,,0.030999999999039574,success,
upu,sar-pi0.3-scalemid,112,"{""basis"": ""linear"", ""fit_intercept"": true, ""kernel_width"": null, ""loss"": ""double_hinge"", ""max_iter"": 1000, ""n_centers"": null, ""reg_lambda"": 0.001, ""tol"": 1e-06}",linear,0.3,0.5,0.5,True,0,,,,,,,,0.4025,False,-5.858230814292931e-05,1.0,0.7453416149068323,0.9995345238095238,0.8975,0.8540925266903915,0.700058582308143,0.9989938974815,0.9267857142857143,,requires predict_proba,,requires predict_proba,,0.01600000000144064,success,
upu,sar-pi0.3-scalemid,113,"{""basis"": ""linear"", ""fit_intercept"": true, ""kernel_width"": null, ""loss"": ""double_hinge"", ""max_iter"": 1000, ""n_centers"": null, ""reg_lambda"": 0.001, ""tol"": 1e-06}",linear,0.3,0.5,0.5,True,0,,,,,,,,0.4045,False,0.0002350176263219983,1.0,0.7416563658838071,0.9992583333333332,0.8955,0.8516678495386799,0.699764982373678,0.9982580669532722,0.9253571428571429,,requires predict_proba,,requires predict_proba,,0.0319999999992433,success,
upu,sar-pi0.3-scalemid,114,"{""basis"": ""linear"", ""fit_intercept"": true, ""kernel_width"": null, ""loss"": ""double_hinge"", ""max_iter"": 1000, ""n_centers"": null, ""reg_lambda"": 0.001, ""tol"": 1e-06}",linear,0.3,0.5,0.5,True,0,,,,,,,,0.4105,False,0.0015402843601896032,1.0,0.730816077953715,0.9988559523809524,0.8895,0.844475721323012,0.6984597156398105,0.9971332186315379,0.9210714285714285,,requires predict_proba,,requires predict_proba,,0.015000000001236913,success,
upu,sar-pi0.3-scalemid,115,"{""basis"": ""linear"", ""fit_intercept"": true, ""kernel_width"": null, ""loss"": ""double_hinge"", ""max_iter"": 1000, ""n_centers"": null, ""reg_lambda"": 0.001, ""tol"": 1e-06}",linear,0.3,0.5,0.5,True,0,,,,,,,,0.4065,False,0.0001179245283018937,1.0,0.7380073800738007,0.9992011904761904,0.8935,0.8492569002123143,0.6998820754716981,0.9982543258683072,0.9239285714285714,,requires predict_proba,,requires predict_proba,,0.01599999999962165,success,
upu,sar-pi0.3-scalemid,116,"{""basis"": ""linear"", ""fit_intercept"": true, ""kernel_width"": null, ""loss"": ""double_hinge"", ""max_iter"": 1000, ""n_centers"": null, ""reg_lambda"": 0.001, ""tol"": 1e-06}",linear,0.3,0.5,0.5,True,0,,,,,,,,0.409,False,0.0001776198934280715,1.0,0.7334963325183375,0.9997357142857143,0.891,0.846262341325811,0.6998223801065719,0.999376030158851,0.9221428571428572,,requires predict_proba,,requires predict_proba,,0.01600000000144064,success,
upu,sar-pi0.3-scalemid,117,"{""basis"": ""linear"", ""fit_intercept"": true, ""kernel_width"": null, ""loss"": ""double_hinge"", ""max_iter"": 1000, ""n_centers"": null, ""reg_lambda"": 0.001, ""tol"": 1e-06}",linear,0.3,0.5,0.5,True,0,,,,,,,,0.413,False,-0.0004773269689737347,1.0,0.7263922518159807,0.9992833333333333,0.887,0.8415147265077139,0.7004773269689738,0.998329744468786,0.9192857142857143,,requires predict_proba,,requires predict_proba,,0.030999999999039574,success,
upu,sar-pi0.3-scalemid,118,"{""basis"": ""linear"", ""fit_intercept"": true, ""kernel_width"": null, ""loss"": ""double_hinge"", ""max_iter"": 1000, ""n_centers"": null, ""reg_lambda"": 0.001, ""tol"": 1e-06}",linear,0.3,0.5,0.5,True,0,,,,,,,,0.4025,False,-5.858230814292931e-05,1.0,0.7453416149068323,0.9996583333333333,0.8975,0.8540925266903915,0.700058582308143,0.9992045803133505,0.9267857142857143,,requires predict_proba,,requires predict_proba,,0.031000000000858563,success,
upu,sar-pi0.3-scalemid,119,"{""basis"": ""linear"", ""fit_intercept"": true, ""kernel_width"": null, ""loss"": ""double_hinge"", ""max_iter"": 1000, ""n_centers"": null, ""reg_lambda"": 0.001, ""tol"": 1e-06}",linear,0.3,0.5,0.5,True,0,,,,,,,,0.404,False,5.871990604816579e-05,1.0,0.7425742574257425,0.9993916666666667,0.896,0.8522727272727273,0.6999412800939518,0.9986435914974061,0.9257142857142857,,requires predict_proba,,requires predict_proba,,0.0319999999992433,success,
upu,sar-pi0.5-scalesmall,100,"{""basis"": ""linear"", ""fit_intercept"": true, ""kernel_width"": null, ""loss"": ""double_hinge"", ""max_iter"": 1000, ""n_centers"": null, ""reg_lambda"": 0.001, ""tol"": 1e-06}",linear,0.5,0.5,0.5,True,0,,,,,,,,0.6125,False,-0.001618122977346259,1.0,0.8163265306122448,0.99935,0.8875,0.898876404494382,0.5016181229773463,0.9994059823370168,0.8875,,requires predict_proba,,requires predict_proba,,0.014999999999417923,success,
upu,sar-pi0.5-scalesmall,101,"{""basis"": ""linear"", ""fit_intercept"": true, ""kernel_width"": null, ""loss"": ""double_hinge"", ""max_iter"": 1000, ""n_centers"": null, ""reg_lambda"": 0.001, ""tol"": 1e-06}",linear,0.5,0.5,0.5,True,0,,,,,,,,0.6225,False,0.0016501650165016146,1.0,0.8032128514056224,0.999,0.8775,0.89086859688196,0.49834983498349833,0.9990118882111961,0.8775,,requires predict_proba,,requires predict_proba,,0.014999999999417923,success,
upu,sar-pi0.5-scalesmall,102,"{""basis"": ""linear"", ""fit_intercept"": true, ""kernel_width"": null, ""loss"": ""double_hinge"", ""max_iter"": 1000, ""n_centers"": null, ""reg_lambda"": 0.001, ""tol"": 1e-06}",linear,0.5,0.5,0.5,True,0,,,,,,,,0.615,False,-0.0016286644951140072,1.0,0.8130081300813008,0.9983500000000001,0.885,0.8968609865470852,0.501628664495114,0.9983923976805512,0.885,,requires predict_proba,,requires predict_proba,,0.01599999999962165,success,
upu,sar-pi0.5-scalesmall,103,"{""basis"": ""linear"", ""fit_intercept"": true, ""kernel_width"": null, ""loss"": ""double_hinge"", ""max_iter"": 1000, ""n_centers"": null, ""reg_lambda"": 0.001, ""tol"": 1e-06}",linear,0.5,0.5,0.5,True,0,,,,,,,,0.6375,False,0.0,1.0,0.7843137254901962,0.998625,0.8625,0.8791208791208791,0.5,0.9986386838591511,0.8625,,requires predict_proba,,requires predict_proba,,0.015000000001236913,success,
upu,sar-pi0.5-scalesmall,104,"{""basis"": ""linear"", ""fit_intercept"": true, ""kernel_width"": null, ""loss"": ""double_hinge"", ""max_iter"": 1000, ""n_centers"": null, ""reg_lambda"": 0.001, ""tol"": 1e-06}",linear,0.5,0.5,0.5,True,0,,,,,,,,0.6275,False,0.0016722408026755842,1.0,0.7968127490039841,0.9993749999999999,0.8725,0.8869179600886918,0.4983277591973244,0.9993866919610416,0.8725,,requires predict_proba,,requires predict_proba,,0.01599999999962165,success,
upu,sar-pi0.5-scalesmall,105,"{""basis"": ""linear"", ""fit_intercept"": true, ""kernel_width"": null, ""loss"": ""double_hinge"", ""max_iter"": 1000, ""n_centers"": null, ""reg_lambda"": 0.001, ""tol"": 1e-06}",linear,0.5,0.5,0.5,True,0,,,,,,,,0.625,False,0.0,1.0,0.8,0.999225,0.875,0.8888888888888888,0.5,0.9992557261729872,0.875,,requires predict_proba,,requires predict_proba,,0.031000000000858563,success,
upu,sar-pi0.5-scalesmall,106,"{""basis"": ""linear"", ""fit_intercept"": true, ""kernel_width"": null, ""loss"": ""double_hinge"", ""max_iter"": 1000, ""n_centers"": null, ""reg_lambda"": 0.001, ""tol"": 1e-06}",linear,0.5,0.5,0.5,True,0,,,,,,,,0.6225,False,0.0,1.0,0.8032128514056224,0.997725,0.8775,0.89086859688196,0.5,0.9978145151709649,0.8775,,requires predict_proba,,requires predict_proba,,0.014999999999417923,success,
upu,sar-pi0.5-scalesmall,107,"{""basis"": ""linear"", ""fit_intercept"": true, ""kernel_width"": null, ""loss"": ""double_hinge"", ""max_iter"": 1000, ""n_centers"": null, ""reg_lambda"": 0.001, ""tol"": 1e-06}",linear,0.5,0.5,0.5,True,0,,,,,,,,0.6125,False,-0.001618122977346259,1.0,0.8163265306122448,0.999675,0.8875,0.898876404494382,0.5016181229773463,0.999674449594094,0.8875,,requires predict_proba,,requires predict_proba,,0.01599999999962165,success,
upu,sar-pi0.5-scalesmall,108,"{""basis"": ""linear"", ""fit_intercept"": true, ""kernel_width"": null, ""loss"": ""double_hinge"", ""max_iter"": 1000, ""n_centers"": null, ""reg_lambda"": 0.001, ""tol"": 1e-06}",linear,0.5,0.5,0.5,True,0,,,,,,,,0.6225,False,0.0,1.0,0.8032128514056224,0.9991500000000001,0.8775,0.89086859688196,0.5,0.9991589555597634,0.8775,,requires predict_proba,,requires predict_proba,,0.01599999999962165,success,
upu,sar-pi0.5-scalesmall,109,"{""basis"": ""linear"", ""fit_intercept"": true, ""kernel_width"": null, ""loss"": ""double_hinge"", ""max_iter"": 1000, ""n_centers"": null, ""reg_lambda"": 0.001, ""tol"": 1e-06}",linear,0.5,0.5,0.5,True,0,,,,,,,,0.6225,False,-0.0016611295681063232,1.0,0.8032128514056224,0.998725,0.8725,0.8864142538975501,0.5016611295681063,0.9989840637450199,0.8725,,requires predict_proba,,requires predict_proba,,0.01599999999962165,success,
upu,sar-pi0.5-scalesmall,110,"{""basis"": ""linear"", ""fit_intercept"": true, ""kernel_width"": null, ""loss"": ""double_hinge"", ""max_iter"": 1000, ""n_centers"": null, ""reg_lambda"": 0.001, ""tol"": 1e-06}",linear,0.5,0.5,0.5,True,0,,,,,,,,0.6325,False,0.0016949152542372614,1.0,0.790513833992095,0.9995499999999999,0.8675,0.8830022075055187,0.49830508474576274,0.9995627493585048,0.8674999999999999,,requires predict_proba,,requires predict_proba,,0.01600000000144064,success,
upu,sar-pi0.5-scalesmall,111,"{""basis"": ""linear"", ""fit_intercept"": true, ""kernel_width"": null, ""loss"": ""double_hinge"", ""max_iter"": 1000, ""n_centers"": null, ""reg_lambda"": 0.001, ""tol"": 1e-06}",linear,0.5,0.5,0.5,True,0,,,,,,,,0.6275,False,0.0,1.0,0.7968127490039841,0.9995499999999999,0.8725,0.8869179600886918,0.5,0.9995622605846833,0.8725,,requires predict_proba,,requires predict_proba,,0.030999999999039574,success,
upu,sar-pi0.5-scalesmall,112,"{""basis"": ""linear"", ""fit_intercept"": true, ""kernel_width"": null, ""loss"": ""double_hinge"", ""max_iter"": 1000, ""n_centers"": null, ""reg_lambda"": 0.001, ""tol"": 1e-06}",linear,0.5,0.5,0.5,True,0,,,,,,,,0.635,False,0.0017064846416382506,1.0,0.7874015748031495,0.99945,0.865,0.8810572687224669,0.49829351535836175,0.9994526847803877,0.865,,requires predict_proba,,requires predict_proba,,0.015000000001236913,success,
upu,sar-pi0.5-scalesmall,113,"{""basis"": ""linear"", ""fit_intercept"": true, ""kernel_width"": null, ""loss"": ""double_hinge"", ""max_iter"": 1000, ""n_centers"": null, ""reg_lambda"": 0.001, ""tol"": 1e-06}",linear,0.5,0.5,0.5,True,0,,,,,,,,0.6325,False,0.0016949152542372614,1.0,0.790513833992095,0.999875,0.8675,0.8830022075055187,0.49830508474576274,0.9998763571306032,0.8674999999999999,,requires predict_proba,,requires predict_proba,,0.01599999999962165,success,
upu,sar-pi0.5-scalesmall,114,"{""basis"": ""linear"", ""fit_intercept"": true, ""kernel_width"": null, ""loss"": ""double_hinge"", ""max_iter"": 1000, ""n_centers"": null, ""reg_lambda"": 0.001, ""tol"": 1e-06}",linear,0.5,0.5,0.5,True,0,,,,,,,,0.63,False,-0.0016949152542372614,1.0,0.7936507936507936,0.998725,0.87,0.8849557522123894,0.5016949152542373,0.9986007515812829,0.87,,requires predict_proba,,requires predict_proba,,0.014999999999417923,success,
upu,sar-pi0.5-scalesmall,115,"{""basis"": ""linear"", ""fit_intercept"": true, ""kernel_width"": null, ""loss"": ""double_hinge"", ""max_iter"": 1000, ""n_centers"": null, ""reg_lambda"": 0.001, ""tol"": 1e-06}",linear,0.5,0.5,0.5,True,0,,,,,,,,0.615,False,0.0,1.0,0.8130081300813008,0.9998,0.885,0.8968609865470852,0.5,0.9997974410884574,0.885,,requires predict_proba,,requires predict_proba,,0.01600000000144064,success,
upu,sar-pi0.5-scalesmall,116,"{""basis"": ""linear"", ""fit_intercept"": true, ""kernel_width"": null, ""loss"": ""double_hinge"", ""max_iter"": 1000, ""n_centers"": null, ""reg_lambda"": 0.001, ""tol"": 1e-06}",linear,0.5,0.5,0.5,True,0,,,,,,,,0.6275,False,0.0,1.0,0.7968127490039841,0.9989000000000001,0.8725,0.8869179600886918,0.5,0.9990540060245203,0.8725,,requires predict_proba,,requires predict_proba,,0.01599999999962165,success,
upu,sar-pi0.5-scalesmall,117,"{""basis"": ""linear"", ""fit_intercept"": true, ""kernel_width"": null, ""loss"": ""double_hinge"", ""max_iter"": 1000, ""n_centers"": null, ""reg_lambda"": 0.001, ""tol"": 1e-06}",linear,0.5,0.5,0.5,True,0,,,,,,,,0.6225,False,0.0016501650165016146,1.0,0.8032128514056224,0.9985499999999999,0.8775,0.89086859688196,0.49834983498349833,0.9986752157503822,0.8775,,requires predict_proba,,requires predict_proba,,0.031000000000858563,success,
upu,sar-pi0.5-scalesmall,118,"{""basis"": ""linear"", ""fit_intercept"": true, ""kernel_width"": null, ""loss"": ""double_hinge"", ""max_iter"": 1000, ""n_centers"": null, ""reg_lambda"": 0.001, ""tol"": 1e-06}",linear,0.5,0.5,0.5,True,0,,,,,,,,0.615,False,-0.0016286644951140072,1.0,0.8130081300813008,0.999775,0.885,0.8968609865470852,0.501628664495114,0.9997756917161789,0.885,,requires predict_proba,,requires predict_proba,,0.01599999999962165,success,
upu,sar-pi0.5-scalesmall,119,"{""basis"": ""linear"", ""fit_intercept"": true, ""kernel_width"": null, ""loss"": ""double_hinge"", ""max_iter"": 1000, ""n_centers"": null, ""reg_lambda"": 0.001, ""tol"": 1e-06}",linear,0.5,0.5,0.5,True,0,,,,,,,,0.62,False,0.0032679738562091387,1.0,0.8064516129032259,0.9984999999999999,0.88,0.8928571428571429,0.49673202614379086,0.9986127236141839,0.88,,requires predict_proba,,requires predict_proba,,0.014999999999417923,success,
upu,sar-pi0.5-scalemid,100,"{""basis"": ""linear"", ""fit_intercept"": true, ""kernel_width"": null, ""loss"": ""double_hinge"", ""max_iter"": 1000, ""n_centers"": null, ""reg_lambda"": 0.001, ""tol"": 1e-06}",linear,0.5,0.5,0.5,True,0,,,,,,,,0.6215,False,-0.0006613756613756405,1.0,0.8045052292839903,0.99892,0.8785,0.8916629514043691,0.5006613756613757,0.9989966417373536,0.8785000000000001,,requires predict_proba,,requires predict_proba,,0.031000000000858563,success,
upu,sar-pi0.5-scalemid,101,"{""basis"": ""linear"", ""fit_intercept"": true, ""kernel_width"": null, ""loss"": ""double_hinge"", ""max_iter"": 1000, ""n_centers"": null, ""reg_lambda"": 0.001, ""tol"": 1e-06}",linear,0.5,0.5,0.5,True,0,,,,,,,,0.621,False,0.0,1.0,0.8051529790660226,0.999431,0.879,0.8920606601248885,0.5,0.9994305241624862,0.879,,requires predict_proba,,requires predict_proba,,0.0319999999992433,success,
upu,sar-pi0.5-scalemid,102,"{""basis"": ""linear"", ""fit_intercept"": true, ""kernel_width"": null, ""loss"": ""double_hinge"", ""max_iter"": 1000, ""n_centers"": null, ""reg_lambda"": 0.001, ""tol"": 1e-06}",linear,0.5,0.5,0.5,True,0,,,,,,,,0.629,False,0.00033670033670030186,1.0,0.794912559618442,0.999269,0.871,0.8857395925597874,0.49966329966329964,0.9992606377771984,0.871,,requires predict_proba,,requires predict_proba,,0.01599999999962165,success,
upu,sar-pi0.5-scalemid,103,"{""basis"": ""linear"", ""fit_intercept"": true, ""kernel_width"": null, ""loss"": ""double_hinge"", ""max_iter"": 1000, ""n_centers"": null, ""reg_lambda"": 0.001, ""tol"": 1e-06}",linear,0.5,0.5,0.5,True,0,,,,,,,,0.6185,False,0.0,1.0,0.8084074373484236,0.999379,0.8815,0.894054537326777,0.5,0.9994056721536384,0.8815,,requires predict_proba,,requires predict_proba,,0.014999999999417923,success,
upu,sar-pi0.5-scalemid,104,"{""basis"": ""linear"", ""fit_intercept"": true, ""kernel_width"": null, ""loss"": ""double_hinge"", ""max_iter"": 1000, ""n_centers"": null, ""reg_lambda"": 0.001, ""tol"": 1e-06}",linear,0.5,0.5,0.5,True,0,,,,,,,,0.623,False,-0.00033178500331787486,1.0,0.8025682182985554,0.999177,0.877,0.8904719501335708,0.5003317850033179,0.999184486234692,0.877,,requires predict_proba,,requires predict_proba,,0.031000000000858563,success,
upu,sar-pi0.5-scalemid,105,"{""basis"": ""linear"", ""fit_intercept"": true, ""kernel_width"": null, ""loss"": ""double_hinge"", ""max_iter"": 1000, ""n_centers"": null, ""reg_lambda"": 0.001, ""tol"": 1e-06}",linear,0.5,0.5,0.5,True,0,,,,,,,,0.6265,False,0.0006684491978609097,1.0,0.7980845969672786,0.999283,0.8735,0.8877052818464269,0.49933155080213903,0.999279056115007,0.8734999999999999,,requires predict_proba,,requires predict_proba,,0.0319999999992433,success,
upu,sar-pi0.5-scalemid,106,"{""basis"": ""linear"", ""fit_intercept"": true, ""kernel_width"": null, ""loss"": ""double_hinge"", ""max_iter"": 1000, ""n_centers"": null, ""reg_lambda"": 0.001, ""tol"": 1e-06}",linear,0.5,0.5,0.5,True,0,,,,,,,,0.6265,False,-0.0006702412868632712,1.0,0.7980845969672786,0.999295,0.8735,0.8877052818464269,0.5006702412868632,0.9993019683181916,0.8734999999999999,,requires predict_proba,,requires predict_proba,,0.031000000000858563,success,
upu,sar-pi0.5-scalemid,107,"{""basis"": ""linear"", ""fit_intercept"": true, ""kernel_width"": null, ""loss"": ""double_hinge"", ""max_iter"": 1000, ""n_centers"": null, ""reg_lambda"": 0.001, ""tol"": 1e-06}",linear,0.5,0.5,0.5,True,0,,,,,,,,0.621,False,-0.0003300330033003118,1.0,0.8051529790660226,0.999135,0.879,0.8920606601248885,0.5003300330033004,0.9991325330643169,0.879,,requires predict_proba,,requires predict_proba,,0.030999999999039574,success,
upu,sar-pi0.5-scalemid,108,"{""basis"": ""linear"", ""fit_intercept"": true, ""kernel_width"": null, ""loss"": ""double_hinge"", ""max_iter"": 1000, ""n_centers"": null, ""reg_lambda"": 0.001, ""tol"": 1e-06}",linear,0.5,0.5,0.5,True,0,,,,,,,,0.6285,False,0.001007387508394908,1.0,0.7955449482895784,0.9994930000000001,0.8715,0.8861320336730173,0.4989926124916051,0.9995005039832915,0.8714999999999999,,requires predict_proba,,requires predict_proba,,0.031000000000858563,success,
upu,sar-pi0.5-scalemid,109,"{""basis"": ""linear"", ""fit_intercept"": true, ""kernel_width"": null, ""loss"": ""double_hinge"", ""max_iter"": 1000, ""n_centers"": null, ""reg_lambda"": 0.001, ""tol"": 1e-06}",linear,0.5,0.5,0.5,True,0,,,,,,,,0.6275,False,0.0,1.0,0.7968127490039841,0.999609,0.8725,0.8869179600886918,0.5,0.9996292195311526,0.8725,,requires predict_proba,,requires predict_proba,,0.0319999999992433,success,
upu,sar-pi0.5-scalemid,110,"{""basis"": ""linear"", ""fit_intercept"": true, ""kernel_width"": null, ""loss"": ""double_hinge"", ""max_iter"": 1000, ""n_centers"": null, ""reg_lambda"": 0.001, ""tol"": 1e-06}",linear,0.5,0.5,0.5,True,0,,,,,,,,0.6195,False,-0.0003287310979618874,1.0,0.8071025020177562,0.9993989999999999,0.8805,0.8932559178204555,0.5003287310979618,0.9994081024605467,0.8805000000000001,,requires predict_proba,,requires predict_proba,,0.031000000000858563,success,
upu,sar-pi0.5-scalemid,111,"{""basis"": ""linear"", ""fit_intercept"": true, ""kernel_width"": null, ""loss"": ""double_hinge"", ""max_iter"": 1000, ""n_centers"": null, ""reg_lambda"": 0.001, ""tol"": 1e-06}",linear,0.5,0.5,0.5,True,0,,,,,,,,0.6295,False,0.0003371544167228846,1.0,0.7942811755361399,0.9993770000000001,0.8705,0.8853474988933157,0.4996628455832771,0.9993747484206884,0.8705,,requires predict_proba,,requires predict_proba,,0.030999999999039574,success,
upu,sar-pi0.5-scalemid,112,"{""basis"": ""linear"", ""fit_intercept"": true, ""kernel_width"": null, ""loss"": ""double_hinge"", ""max_iter"": 1000, ""n_centers"": null, ""reg_lambda"": 0.001, ""tol"": 1e-06}",linear,0.5,0.5,0.5,True,0,,,,,,,,0.624,False,0.0,1.0,0.8012820512820513,0.999411,0.876,0.8896797153024911,0.5,0.9994346769812492,0.876,,requires predict_proba,,requires predict_proba,,0.031000000000858563,success,
upu,sar-pi0.5-scalemid,113,"{""basis"": ""linear"", ""fit_intercept"": true, ""kernel_width"": null, ""loss"": ""double_hinge"", ""max_iter"": 1000, ""n_centers"": null, ""reg_lambda"": 0.001, ""tol"": 1e-06}",linear,0.5,0.5,0.5,True,0,,,,,,,,0.625,False,0.0,1.0,0.8,0.998564,0.874,0.888,0.5,0.9987706071283555,0.874,,requires predict_proba,,requires predict_proba,,0.0319999999992433,success,
upu,sar-pi0.5-scalemid,114,"{""basis"": ""linear"", ""fit_intercept"": true, ""kernel_width"": null, ""loss"": ""double_hinge"", ""max_iter"": 1000, ""n_centers"": null, ""reg_lambda"": 0.001, ""tol"": 1e-06}",linear,0.5,0.5,0.5,True,0,,,,,,,,0.6255,False,0.0009993337774816258,1.0,0.7993605115907275,0.9986090000000001,0.8745,0.8884940026654821,0.4990006662225183,0.9984276462173568,0.8745,,requires predict_proba,,requires predict_proba,,0.031000000000858563,success,
upu,sar-pi0.5-scalemid,115,"{""basis"": ""linear"", ""fit_intercept"": true, ""kernel_width"": null, ""loss"": ""double_hinge"", ""max_iter"": 1000, ""n_centers"": null, ""reg_lambda"": 0.001, ""tol"": 1e-06}",linear,0.5,0.5,0.5,True,0,,,,,,,,0.625,False,0.0,1.0,0.8,0.999153,0.875,0.8888888888888888,0.5,0.9991749211813601,0.875,,requires predict_proba,,requires predict_proba,,0.030999999999039574,success,
upu,sar-pi0.5-scalemid,116,"{""basis"": ""linear"", ""fit_intercept"": true, ""kernel_width"": null, ""loss"": ""double_hinge"", ""max_iter"": 1000, ""n_centers"": null, ""reg_lambda"": 0.001, ""tol"": 1e-06}",linear,0.5,0.5,0.5,True,0,,,,,,,,0.6255,False,0.0006666666666667043,1.0,0.7993605115907275,0.999542,0.8745,0.8884940026654821,0.49933333333333335,0.999576664931329,0.8745,,requires predict_proba,,requires predict_proba,,0.031000000000858563,success,
upu,sar-pi0.5-scalemid,117,"{""basis"": ""linear"", ""fit_intercept"": true, ""kernel_width"": null, ""loss"": ""double_hinge"", ""max_iter"": 1000, ""n_centers"": null, ""reg_lambda"": 0.001, ""tol"": 1e-06}",linear,0.5,0.5,0.5,True,0,,,,,,,,0.63,False,0.0003376097231599928,1.0,0.7936507936507936,0.998642,0.87,0.8849557522123894,0.49966239027683995,0.998676306781489,0.87,,requires predict_proba,,requires predict_proba,,0.01599999999962165,success,
upu,sar-pi0.5-scalemid,118,"{""basis"": ""linear"", ""fit_intercept"": true, ""kernel_width"": null, ""loss"": ""double_hinge"", ""max_iter"": 1000, ""n_centers"": null, ""reg_lambda"": 0.001, ""tol"": 1e-06}",linear,0.5,0.5,0.5,True,0,,,,,,,,0.6255,False,-0.00033400133600536286,1.0,0.7993605115907275,0.9994909999999999,0.8745,0.8884940026654821,0.5003340013360054,0.9994841391789929,0.8745,,requires predict_proba,,requires predict_proba,,0.015000000001236913,success,
upu,sar-pi0.5-scalemid,119,"{""basis"": ""linear"", ""fit_intercept"": true, ""kernel_width"": null, ""loss"": ""double_hinge"", ""max_iter"": 1000, ""n_centers"": null, ""reg_lambda"": 0.001, ""tol"": 1e-06}",linear,0.5,0.5,0.5,True,0,,,,,,,,0.6225,False,0.0,1.0,0.8032128514056224,0.9991620000000001,0.8775,0.89086859688196,0.5,0.9991750426829732,0.8775,,requires predict_proba,,requires predict_proba,,0.01599999999962165,success,
