algorithm,scenario,seed,params,mechanism,class_prior,label_frequency,real_h,pi_h_well_conditioned,warning_count,diag_converged,diag_n_iter,diag_c_estimate,diag_cond_number,diag_correction_fraction,diag_n_epochs,diag_n_acs_iter,pred_positive_rate,degenerate_prediction,pu_zero_one_risk,pu_recall,pu_estimated_precision,pu_auc_roc,pu_accuracy,pu_f1,pu_negative_rate,average_precision,balanced_accuracy,brier_score,brier_score_unavailable_reason,expected_calibration_error,expected_calibration_error_unavailable_reason,ece_buckets_api,elapsed_seconds,status,failure_reason
nnpu,scar-pi0.1-scalesmall,100,"{""batch_size"": 256, ""beta"": 0.0, ""device"": null, ""gamma"": 1.0, ""loss"": ""sigmoid"", ""max_epochs"": 200, ""model"": null, ""optimizer"": null, ""patience"": 20}",scar,0.1,0.5,0.5,True,0,,,,,0.0,,,0.1175,False,-0.013358198646221855,0.9473684210526315,0.8062709966405376,0.9960416666666667,0.9725,0.8735632183908046,0.9238845144356955,0.9724305548837715,0.9624999999999999,,requires predict_proba,,requires predict_proba,,1.6869999999998981,success,
nnpu,scar-pi0.1-scalesmall,101,"{""batch_size"": 256, ""beta"": 0.0, ""device"": null, ""gamma"": 1.0, ""loss"": ""sigmoid"", ""max_epochs"": 200, ""model"": null, ""optimizer"": null, ""patience"": 20}",scar,0.1,0.5,0.5,True,0,,,,,0.0,,,0.1225,False,-0.01884816753926702,1.0,0.8163265306122449,0.997361111111111,0.9775,0.898876404494382,0.918848167539267,0.9745792097968733,0.9875,,requires predict_proba,,requires predict_proba,,0.4220000000004802,success,
nnpu,scar-pi0.1-scalesmall,102,"{""batch_size"": 256, ""beta"": 0.0, ""device"": null, ""gamma"": 1.0, ""loss"": ""sigmoid"", ""max_epochs"": 200, ""model"": null, ""optimizer"": null, ""patience"": 20}",scar,0.1,0.5,0.5,True,0,,,,,0.0,,,0.105,False,-0.03242869707249654,0.9523809523809523,0.9070294784580498,0.9927083333333333,0.98,0.9024390243902439,0.941952506596306,0.9636204969954253,0.9555555555555556,,requires predict_proba,,requires predict_proba,,0.5469999999986612,success,
nnpu,scar-pi0.1-scalesmall,103,"{""batch_size"": 256, ""beta"": 0.0, ""device"": null, ""gamma"": 1.0, ""loss"": ""sigmoid"", ""max_epochs"": 200, ""model"": null, ""optimizer"": null, ""patience"": 20}",scar,0.1,0.5,0.5,True,0,,,,,0.0,,,0.11,False,-0.01733333333333334,0.88,0.8,0.9945138888888889,0.97,0.8571428571428571,0.9413333333333334,0.9605114295858144,0.9388888888888889,,requires predict_proba,,requires predict_proba,,0.4220000000004802,success,
nnpu,scar-pi0.1-scalesmall,104,"{""batch_size"": 256, ""beta"": 0.0, ""device"": null, ""gamma"": 1.0, ""loss"": ""sigmoid"", ""max_epochs"": 200, ""model"": null, ""optimizer"": null, ""patience"": 20}",scar,0.1,0.5,0.5,True,0,,,,,0.0,,,0.065,False,-0.0013333333333333391,0.64,0.9846153846153846,0.9957638888888889,0.965,0.7878787878787878,0.9733333333333334,0.9717581271954734,0.825,,requires predict_proba,,requires predict_proba,,0.4210000000002765,success,
nnpu,scar-pi0.1-scalesmall,105,"{""batch_size"": 256, ""beta"": 0.0, ""device"": null, ""gamma"": 1.0, ""loss"": ""sigmoid"", ""max_epochs"": 200, ""model"": null, ""optimizer"": null, ""patience"": 20}",scar,0.1,0.5,0.5,True,0,,,,,0.0,,,0.0975,False,-0.04133333333333334,0.92,0.9435897435897437,0.999375,0.9925,0.9620253164556962,0.9573333333333334,0.9946426380636906,0.9736111111111111,,requires predict_proba,,requires predict_proba,,0.43800000000010186,success,
nnpu,scar-pi0.1-scalesmall,106,"{""batch_size"": 256, ""beta"": 0.0, ""device"": null, ""gamma"": 1.0, ""loss"": ""sigmoid"", ""max_epochs"": 200, ""model"": null, ""optimizer"": null, ""patience"": 20}",scar,0.1,0.5,0.5,True,0,,,,,0.0,,,0.0825,False,0.009999999999999995,0.7,0.8484848484848484,0.9818055555555556,0.9525,0.7397260273972602,0.95,0.8717640905283477,0.8291666666666666,,requires predict_proba,,requires predict_proba,,0.4220000000004802,success,
nnpu,scar-pi0.1-scalesmall,107,"{""batch_size"": 256, ""beta"": 0.0, ""device"": null, ""gamma"": 1.0, ""loss"": ""sigmoid"", ""max_epochs"": 200, ""model"": null, ""optimizer"": null, ""patience"": 20}",scar,0.1,0.5,0.5,True,0,,,,,0.0,,,0.08,False,-0.022164048865619554,0.8333333333333334,1.0,0.9871527777777778,0.975,0.8611111111111112,0.9554973821989529,0.9307331739577639,0.8861111111111111,,requires predict_proba,,requires predict_proba,,0.43699999999989814,success,
nnpu,scar-pi0.1-scalesmall,108,"{""batch_size"": 256, ""beta"": 0.0, ""device"": null, ""gamma"": 1.0, ""loss"": ""sigmoid"", ""max_epochs"": 200, ""model"": null, ""optimizer"": null, ""patience"": 20}",scar,0.1,0.5,0.5,True,0,,,,,0.0,,,0.1075,False,-0.04444444444444445,1.0,0.930232558139535,0.9998611111111111,0.9925,0.963855421686747,0.9444444444444444,0.998765243902439,0.9958333333333333,,requires predict_proba,,requires predict_proba,,0.4219999999986612,success,
nnpu,scar-pi0.1-scalesmall,109,"{""batch_size"": 256, ""beta"": 0.0, ""device"": null, ""gamma"": 1.0, ""loss"": ""sigmoid"", ""max_epochs"": 200, ""model"": null, ""optimizer"": null, ""patience"": 20}",scar,0.1,0.5,0.5,True,0,,,,,0.0,,,0.0775,False,-0.03469513131623407,0.8823529411764706,1.0,0.9845138888888889,0.9675,0.8169014084507042,0.95822454308094,0.9103830812984288,0.8597222222222223,,requires predict_proba,,requires predict_proba,,0.4219999999986612,success,
nnpu,scar-pi0.1-scalesmall,110,"{""batch_size"": 256, ""beta"": 0.0, ""device"": null, ""gamma"": 1.0, ""loss"": ""sigmoid"", ""max_epochs"": 200, ""model"": null, ""optimizer"": null, ""patience"": 20}",scar,0.1,0.5,0.5,True,0,,,,,0.0,,,0.115,False,-0.05161290322580646,1.0,0.8695652173913043,0.999375,0.985,0.9302325581395349,0.9516129032258065,0.994562204930932,0.9916666666666667,,requires predict_proba,,requires predict_proba,,0.5159999999996217,success,
nnpu,scar-pi0.1-scalesmall,111,"{""batch_size"": 256, ""beta"": 0.0, ""device"": null, ""gamma"": 1.0, ""loss"": ""sigmoid"", ""max_epochs"": 200, ""model"": null, ""optimizer"": null, ""patience"": 20}",scar,0.1,0.5,0.5,True,0,,,,,0.0,,,0.1375,False,-0.005511811023622054,1.0,0.7272727272727273,0.9754861111111112,0.9475,0.7789473684210526,0.905511811023622,0.9062846484701925,0.9375,,requires predict_proba,,requires predict_proba,,0.4210000000002765,success,
nnpu,scar-pi0.1-scalesmall,112,"{""batch_size"": 256, ""beta"": 0.0, ""device"": null, ""gamma"": 1.0, ""loss"": ""sigmoid"", ""max_epochs"": 200, ""model"": null, ""optimizer"": null, ""patience"": 20}",scar,0.1,0.5,0.5,True,0,,,,,0.0,,,0.105,False,-0.02266666666666667,0.88,0.8380952380952382,0.9932638888888888,0.97,0.8536585365853658,0.9466666666666667,0.9517899490544581,0.9277777777777778,,requires predict_proba,,requires predict_proba,,0.4220000000004802,success,
nnpu,scar-pi0.1-scalesmall,113,"{""batch_size"": 256, ""beta"": 0.0, ""device"": null, ""gamma"": 1.0, ""loss"": ""sigmoid"", ""max_epochs"": 200, ""model"": null, ""optimizer"": null, ""patience"": 20}",scar,0.1,0.5,0.5,True,0,,,,,0.0,,,0.095,False,-0.0341991341991342,0.9090909090909091,0.9569377990430622,0.9983333333333333,0.99,0.9487179487179487,0.9523809523809523,0.9891971544715445,0.9611111111111111,,requires predict_proba,,requires predict_proba,,0.4220000000004802,success,
nnpu,scar-pi0.1-scalesmall,114,"{""batch_size"": 256, ""beta"": 0.0, ""device"": null, ""gamma"": 1.0, ""loss"": ""sigmoid"", ""max_epochs"": 200, ""model"": null, ""optimizer"": null, ""patience"": 20}",scar,0.1,0.5,0.5,True,0,,,,,0.0,,,0.1075,False,-0.03700787401574804,1.0,0.930232558139535,0.9995833333333334,0.9925,0.963855421686747,0.937007874015748,0.9960962034044512,0.9958333333333333,,requires predict_proba,,requires predict_proba,,0.43699999999989814,success,
nnpu,scar-pi0.1-scalesmall,115,"{""batch_size"": 256, ""beta"": 0.0, ""device"": null, ""gamma"": 1.0, ""loss"": ""sigmoid"", ""max_epochs"": 200, ""model"": null, ""optimizer"": null, ""patience"": 20}",scar,0.1,0.5,0.5,True,0,,,,,0.0,,,0.1075,False,0.011012133312855166,0.8235294117647058,0.7660738714090287,0.9911111111111112,0.9625,0.8192771084337349,0.9242819843342036,0.9386752932354225,0.9125,,requires predict_proba,,requires predict_proba,,0.4219999999986612,success,
nnpu,scar-pi0.1-scalesmall,116,"{""batch_size"": 256, ""beta"": 0.0, ""device"": null, ""gamma"": 1.0, ""loss"": ""sigmoid"", ""max_epochs"": 200, ""model"": null, ""optimizer"": null, ""patience"": 20}",scar,0.1,0.5,0.5,True,0,,,,,0.0,,,0.085,False,-0.002733248760235271,0.7391304347826086,0.8695652173913043,0.99625,0.98,0.8918918918918919,0.9549071618037135,0.9713094278006845,0.9111111111111111,,requires predict_proba,,requires predict_proba,,0.4220000000004802,success,
nnpu,scar-pi0.1-scalesmall,117,"{""batch_size"": 256, ""beta"": 0.0, ""device"": null, ""gamma"": 1.0, ""loss"": ""sigmoid"", ""max_epochs"": 200, ""model"": null, ""optimizer"": null, ""patience"": 20}",scar,0.1,0.5,0.5,True,0,,,,,0.0,,,0.09,False,-0.01592761431136898,0.8421052631578947,0.9356725146198831,0.9929861111111111,0.975,0.868421052631579,0.94750656167979,0.9544880566880358,0.9083333333333333,,requires predict_proba,,requires predict_proba,,0.5470000000004802,success,
nnpu,scar-pi0.1-scalesmall,118,"{""batch_size"": 256, ""beta"": 0.0, ""device"": null, ""gamma"": 1.0, ""loss"": ""sigmoid"", ""max_epochs"": 200, ""model"": null, ""optimizer"": null, ""patience"": 20}",scar,0.1,0.5,0.5,True,0,,,,,0.0,,,0.125,False,-0.02105263157894738,1.0,0.8,0.9950694444444446,0.97,0.8666666666666667,0.9210526315789473,0.9729365515834312,0.9722222222222222,,requires predict_proba,,requires predict_proba,,0.43699999999989814,success,
nnpu,scar-pi0.1-scalesmall,119,"{""batch_size"": 256, ""beta"": 0.0, ""device"": null, ""gamma"": 1.0, ""loss"": ""sigmoid"", ""max_epochs"": 200, ""model"": null, ""optimizer"": null, ""patience"": 20}",scar,0.1,0.5,0.5,True,0,,,,,0.0,,,0.1075,False,0.02051948051948052,0.8,0.744186046511628,0.9904861111111112,0.9625,0.8192771084337349,0.9194805194805195,0.925026284892469,0.9125,,requires predict_proba,,requires predict_proba,,0.43800000000010186,success,
nnpu,scar-pi0.1-scalemid,100,"{""batch_size"": 256, ""beta"": 0.0, ""device"": null, ""gamma"": 1.0, ""loss"": ""sigmoid"", ""max_epochs"": 200, ""model"": null, ""optimizer"": null, ""patience"": 20}",scar,0.1,0.5,0.5,True,0,,,,,0.375,,,0.0975,False,-0.03730120090879585,0.9423076923076923,0.9664694280078895,0.9987222222222222,0.9905,0.9518987341772152,0.9488396624472574,0.9904123635658076,0.9680555555555554,,requires predict_proba,,requires predict_proba,,1.8590000000003783,success,
nnpu,scar-pi0.1-scalemid,101,"{""batch_size"": 256, ""beta"": 0.0, ""device"": null, ""gamma"": 1.0, ""loss"": ""sigmoid"", ""max_epochs"": 200, ""model"": null, ""optimizer"": null, ""patience"": 20}",scar,0.1,0.5,0.5,True,0,,,,,0.5,,,0.103,False,-0.03593355808086446,0.9787234042553191,0.9502168973352614,0.9990055555555556,0.991,0.9556650246305419,0.9401888772298006,0.9928441047848443,0.9816666666666667,,requires predict_proba,,requires predict_proba,,1.9069999999992433,success,
nnpu,scar-pi0.1-scalemid,102,"{""batch_size"": 256, ""beta"": 0.0, ""device"": null, ""gamma"": 1.0, ""loss"": ""sigmoid"", ""max_epochs"": 200, ""model"": null, ""optimizer"": null, ""patience"": 20}",scar,0.1,0.5,0.5,True,0,,,,,0.25,,,0.104,False,-0.037796170074651095,0.9711538461538461,0.9338017751479291,0.9994583333333333,0.992,0.9607843137254902,0.9435654008438819,0.9953784709801442,0.9866666666666666,,requires predict_proba,,requires predict_proba,,2.0160000000014406,success,
nnpu,scar-pi0.1-scalemid,103,"{""batch_size"": 256, ""beta"": 0.0, ""device"": null, ""gamma"": 1.0, ""loss"": ""sigmoid"", ""max_epochs"": 200, ""model"": null, ""optimizer"": null, ""patience"": 20}",scar,0.1,0.5,0.5,True,0,,,,,0.5,,,0.0985,False,-0.04637272643472946,0.9724770642201835,0.9872863596143995,0.9984999999999999,0.9945,0.9722921914357683,0.9518773135906927,0.9929517854976642,0.9813888888888889,,requires predict_proba,,requires predict_proba,,1.889999999999418,success,
nnpu,scar-pi0.1-scalemid,104,"{""batch_size"": 256, ""beta"": 0.0, ""device"": null, ""gamma"": 1.0, ""loss"": ""sigmoid"", ""max_epochs"": 200, ""model"": null, ""optimizer"": null, ""patience"": 20}",scar,0.1,0.5,0.5,True,0,,,,,0.5,,,0.0915,False,-0.03807698409855112,0.9223300970873787,1.0,0.9985027777777777,0.9895,0.9451697127937336,0.9536109646810754,0.9907044239086352,0.9519444444444445,,requires predict_proba,,requires predict_proba,,2.5940000000009604,success,
nnpu,scar-pi0.1-scalemid,105,"{""batch_size"": 256, ""beta"": 0.0, ""device"": null, ""gamma"": 1.0, ""loss"": ""sigmoid"", ""max_epochs"": 200, ""model"": null, ""optimizer"": null, ""patience"": 20}",scar,0.1,0.5,0.5,True,0,,,,,0.625,,,0.099,False,-0.036332774543204105,0.9770114942528736,0.9868802972251248,0.999175,0.991,0.9547738693467337,0.9409304756926293,0.9933212661448519,0.9727777777777777,,requires predict_proba,,requires predict_proba,,3.0469999999986612,success,
nnpu,scar-pi0.1-scalemid,106,"{""batch_size"": 256, ""beta"": 0.0, ""device"": null, ""gamma"": 1.0, ""loss"": ""sigmoid"", ""max_epochs"": 200, ""model"": null, ""optimizer"": null, ""patience"": 20}",scar,0.1,0.5,0.5,True,0,,,,,0.625,,,0.0945,False,-0.045709219858156035,0.9333333333333333,0.9876543209876544,0.9988388888888889,0.9895,0.9460154241645244,0.9590425531914893,0.991123817084865,0.9586111111111111,,requires predict_proba,,requires predict_proba,,2.5,success,
nnpu,scar-pi0.1-scalemid,107,"{""batch_size"": 256, ""beta"": 0.0, ""device"": null, ""gamma"": 1.0, ""loss"": ""sigmoid"", ""max_epochs"": 200, ""model"": null, ""optimizer"": null, ""patience"": 20}",scar,0.1,0.5,0.5,True,0,,,,,0.375,,,0.095,False,-0.026672112530134878,0.8867924528301887,0.9334657398212514,0.9977055555555556,0.987,0.9333333333333333,0.9493136219640972,0.9868741340607894,0.9527777777777777,,requires predict_proba,,requires predict_proba,,2.3590000000003783,success,
nnpu,scar-pi0.1-scalemid,108,"{""batch_size"": 256, ""beta"": 0.0, ""device"": null, ""gamma"": 1.0, ""loss"": ""sigmoid"", ""max_epochs"": 200, ""model"": null, ""optimizer"": null, ""patience"": 20}",scar,0.1,0.5,0.5,True,0,,,,,0.5,,,0.101,False,-0.040167238978071736,0.989247311827957,0.9794527839880763,0.9994777777777778,0.993,0.9651741293532339,0.9423177766124803,0.9956481156155046,0.9827777777777778,,requires predict_proba,,requires predict_proba,,2.0,success,
nnpu,scar-pi0.1-scalemid,109,"{""batch_size"": 256, ""beta"": 0.0, ""device"": null, ""gamma"": 1.0, ""loss"": ""sigmoid"", ""max_epochs"": 200, ""model"": null, ""optimizer"": null, ""patience"": 20}",scar,0.1,0.5,0.5,True,0,,,,,0.5,,,0.0905,False,-0.03213955991330579,0.8878504672897196,0.9810502400991379,0.9981305555555555,0.9875,0.9343832020997376,0.9545694664553619,0.988757996506035,0.9441666666666666,,requires predict_proba,,requires predict_proba,,1.8909999999996217,success,
nnpu,scar-pi0.1-scalemid,110,"{""batch_size"": 256, ""beta"": 0.0, ""device"": null, ""gamma"": 1.0, ""loss"": ""sigmoid"", ""max_epochs"": 200, ""model"": null, ""optimizer"": null, ""patience"": 20}",scar,0.1,0.5,0.5,True,0,,,,,0.25,,,0.1045,False,-0.030582643858415803,0.9770114942528736,0.9349392289501184,0.9989916666666667,0.9895,0.9486552567237164,0.9351803450078411,0.992897351626062,0.9808333333333333,,requires predict_proba,,requires predict_proba,,1.9060000000008586,success,
nnpu,scar-pi0.1-scalemid,111,"{""batch_size"": 256, ""beta"": 0.0, ""device"": null, ""gamma"": 1.0, ""loss"": ""sigmoid"", ""max_epochs"": 200, ""model"": null, ""optimizer"": null, ""patience"": 20}",scar,0.1,0.5,0.5,True,0,,,,,0.125,,,0.1015,False,-0.04342002764166353,0.9809523809523809,0.9664555477363359,0.9989222222222222,0.9925,0.9627791563275434,0.9472295514511874,0.9902604335189139,0.9824999999999999,,requires predict_proba,,requires predict_proba,,1.875,success,
nnpu,scar-pi0.1-scalemid,112,"{""batch_size"": 256, ""beta"": 0.0, ""device"": null, ""gamma"": 1.0, ""loss"": ""sigmoid"", ""max_epochs"": 200, ""model"": null, ""optimizer"": null, ""patience"": 20}",scar,0.1,0.5,0.5,True,0,,,,,0.375,,,0.098,False,-0.0374397155355346,0.9504950495049505,0.9698929076581128,0.9988611111111111,0.993,0.9646464646464646,0.9473407056345445,0.992643803819276,0.9761111111111112,,requires predict_proba,,requires predict_proba,,1.8590000000003783,success,
nnpu,scar-pi0.1-scalemid,113,"{""batch_size"": 256, ""beta"": 0.0, ""device"": null, ""gamma"": 1.0, ""loss"": ""sigmoid"", ""max_epochs"": 200, ""model"": null, ""optimizer"": null, ""patience"": 20}",scar,0.1,0.5,0.5,True,0,,,,,0.5,,,0.1005,False,-0.03846390058907525,0.9611650485436893,0.9563831328792929,0.9988111111111111,0.9925,0.9625935162094763,0.9462308908803374,0.9905183532565613,0.9802777777777778,,requires predict_proba,,requires predict_proba,,1.9529999999995198,success,
nnpu,scar-pi0.1-scalemid,114,"{""batch_size"": 256, ""beta"": 0.0, ""device"": null, ""gamma"": 1.0, ""loss"": ""sigmoid"", ""max_epochs"": 200, ""model"": null, ""optimizer"": null, ""patience"": 20}",scar,0.1,0.5,0.5,True,0,,,,,0.625,,,0.105,False,-0.04612978925246584,0.9829059829059829,0.9361009361009361,0.9991555555555555,0.99,0.9512195121951219,0.9495485926712692,0.9928879839908433,0.9833333333333334,,requires predict_proba,,requires predict_proba,,1.735000000000582,success,
nnpu,scar-pi0.1-scalemid,115,"{""batch_size"": 256, ""beta"": 0.0, ""device"": null, ""gamma"": 1.0, ""loss"": ""sigmoid"", ""max_epochs"": 200, ""model"": null, ""optimizer"": null, ""patience"": 20}",scar,0.1,0.5,0.5,True,0,,,,,0.5,,,0.1005,False,-0.04075368672581227,0.9626168224299065,0.9578276840098572,0.9981,0.9905,0.9526184538653366,0.948230322239831,0.9890530953793354,0.9747222222222223,,requires predict_proba,,requires predict_proba,,1.875,success,
nnpu,scar-pi0.1-scalemid,116,"{""batch_size"": 256, ""beta"": 0.0, ""device"": null, ""gamma"": 1.0, ""loss"": ""sigmoid"", ""max_epochs"": 200, ""model"": null, ""optimizer"": null, ""patience"": 20}",scar,0.1,0.5,0.5,True,0,,,,,0.25,,,0.1,False,-0.03159262270256484,0.9393939393939394,0.9393939393939394,0.9991861111111111,0.992,0.96,0.9437138348237769,0.9937086899124834,0.9777777777777777,,requires predict_proba,,requires predict_proba,,1.8439999999991414,success,
nnpu,scar-pi0.1-scalemid,117,"{""batch_size"": 256, ""beta"": 0.0, ""device"": null, ""gamma"": 1.0, ""loss"": ""sigmoid"", ""max_epochs"": 200, ""model"": null, ""optimizer"": null, ""patience"": 20}",scar,0.1,0.5,0.5,True,0,,,,,0.375,,,0.098,False,-0.04021485337855042,0.9690721649484536,0.9888491479065853,0.9991694444444444,0.994,0.9696969696969697,0.9464004203888597,0.9936053359388387,0.9788888888888889,,requires predict_proba,,requires predict_proba,,1.860000000000582,success,
nnpu,scar-pi0.1-scalemid,118,"{""batch_size"": 256, ""beta"": 0.0, ""device"": null, ""gamma"": 1.0, ""loss"": ""sigmoid"", ""max_epochs"": 200, ""model"": null, ""optimizer"": null, ""patience"": 20}",scar,0.1,0.5,0.5,True,0,,,,,0.5,,,0.101,False,-0.04287454386333046,0.9805825242718447,0.9708737864077669,0.9996138888888889,0.994,0.9701492537313433,0.9467580390089615,0.9964746410856922,0.9855555555555555,,requires predict_proba,,requires predict_proba,,1.9060000000008586,success,
nnpu,scar-pi0.1-scalemid,119,"{""batch_size"": 256, ""beta"": 0.0, ""device"": null, ""gamma"": 1.0, ""loss"": ""sigmoid"", ""max_epochs"": 200, ""model"": null, ""optimizer"": null, ""patience"": 20}",scar,0.1,0.5,0.5,True,0,,,,,0.25,,,0.0945,False,-0.026984390109131104,0.9052631578947369,0.9579504316346422,0.9976277777777778,0.9875,0.9357326478149101,0.9459317585301837,0.9857191483707561,0.9530555555555555,,requires predict_proba,,requires predict_proba,,1.860000000000582,success,
nnpu,scar-pi0.3-scalesmall,100,"{""batch_size"": 256, ""beta"": 0.0, ""device"": null, ""gamma"": 1.0, ""loss"": ""sigmoid"", ""max_epochs"": 200, ""model"": null, ""optimizer"": null, ""patience"": 20}",scar,0.3,0.5,0.5,True,0,,,,,0.0,,,0.2925,False,-0.061141359144988916,0.9137931034482759,0.9372236958443856,0.9923511904761905,0.9575,0.9282700421940928,0.8128654970760234,0.9837371845535041,0.9458333333333333,,requires predict_proba,,requires predict_proba,,0.4219999999986612,success,
nnpu,scar-pi0.3-scalesmall,101,"{""batch_size"": 256, ""beta"": 0.0, ""device"": null, ""gamma"": 1.0, ""loss"": ""sigmoid"", ""max_epochs"": 200, ""model"": null, ""optimizer"": null, ""patience"": 20}",scar,0.3,0.5,0.5,True,0,,,,,0.0,,,0.32,False,-0.08705882352941174,0.9833333333333333,0.9218749999999999,0.9963988095238095,0.975,0.9596774193548387,0.7970588235294118,0.9908355778345697,0.9797619047619048,,requires predict_proba,,requires predict_proba,,0.43699999999989814,success,
nnpu,scar-pi0.3-scalesmall,102,"{""batch_size"": 256, ""beta"": 0.0, ""device"": null, ""gamma"": 1.0, ""loss"": ""sigmoid"", ""max_epochs"": 200, ""model"": null, ""optimizer"": null, ""patience"": 20}",scar,0.3,0.5,0.5,True,0,,,,,0.0,,,0.2975,False,-0.10068511198945981,0.9818181818181818,0.9900687547746372,0.9972619047619048,0.9825,0.9707112970711297,0.8115942028985508,0.9946906488558096,0.9779761904761906,,requires predict_proba,,requires predict_proba,,0.4059999999990396,success,
nnpu,scar-pi0.3-scalesmall,103,"{""batch_size"": 256, ""beta"": 0.0, ""device"": null, ""gamma"": 1.0, ""loss"": ""sigmoid"", ""max_epochs"": 200, ""model"": null, ""optimizer"": null, ""patience"": 20}",scar,0.3,0.5,0.5,True,0,,,,,0.0,,,0.29,False,-0.0994220412452384,0.927536231884058,0.9595202398800601,0.9958928571428571,0.96,0.9322033898305084,0.8429003021148036,0.9905659389945217,0.9476190476190476,,requires predict_proba,,requires predict_proba,,0.5470000000004802,success,
nnpu,scar-pi0.3-scalesmall,104,"{""batch_size"": 256, ""beta"": 0.0, ""device"": null, ""gamma"": 1.0, ""loss"": ""sigmoid"", ""max_epochs"": 200, ""model"": null, ""optimizer"": null, ""patience"": 20}",scar,0.3,0.5,0.5,True,0,,,,,0.0,,,0.2075,False,-0.03859931113662457,0.7384615384615385,1.0,0.995297619047619,0.9075,0.8177339901477833,0.8955223880597015,0.9897810096312585,0.8458333333333333,,requires predict_proba,,requires predict_proba,,0.4220000000004802,success,
nnpu,scar-pi0.3-scalesmall,105,"{""batch_size"": 256, ""beta"": 0.0, ""device"": null, ""gamma"": 1.0, ""loss"": ""sigmoid"", ""max_epochs"": 200, ""model"": null, ""optimizer"": null, ""patience"": 20}",scar,0.3,0.5,0.5,True,0,,,,,0.5,,,0.295,False,-0.0776470588235294,0.9333333333333333,0.9491525423728813,0.998720238095238,0.98,0.9663865546218487,0.8176470588235294,0.9972768486575334,0.9738095238095239,,requires predict_proba,,requires predict_proba,,0.4219999999986612,success,
nnpu,scar-pi0.3-scalesmall,106,"{""batch_size"": 256, ""beta"": 0.0, ""device"": null, ""gamma"": 1.0, ""loss"": ""sigmoid"", ""max_epochs"": 200, ""model"": null, ""optimizer"": null, ""patience"": 20}",scar,0.3,0.5,0.5,True,0,,,,,0.0,,,0.265,False,-0.018190494369154375,0.8064516129032258,0.9129640900791234,0.9801785714285715,0.93,0.8761061946902655,0.834319526627219,0.960368751751192,0.8999999999999999,,requires predict_proba,,requires predict_proba,,0.4219999999986612,success,
nnpu,scar-pi0.3-scalesmall,107,"{""batch_size"": 256, ""beta"": 0.0, ""device"": null, ""gamma"": 1.0, ""loss"": ""sigmoid"", ""max_epochs"": 200, ""model"": null, ""optimizer"": null, ""patience"": 20}",scar,0.3,0.5,0.5,True,0,,,,,0.0,,,0.26,False,-0.06420454545454543,0.8958333333333334,1.0,0.9944345238095238,0.955,0.9196428571428571,0.8267045454545454,0.9882795379135911,0.9273809523809524,,requires predict_proba,,requires predict_proba,,0.43800000000010186,success,
nnpu,scar-pi0.3-scalesmall,108,"{""batch_size"": 256, ""beta"": 0.0, ""device"": null, ""gamma"": 1.0, ""loss"": ""sigmoid"", ""max_epochs"": 200, ""model"": null, ""optimizer"": null, ""patience"": 20}",scar,0.3,0.5,0.5,True,0,,,,,0.5,,,0.3025,False,-0.10172413793103446,1.0,0.9917355371900827,0.99875,0.9875,0.979253112033195,0.8017241379310345,0.9973691384853246,0.9863095238095239,,requires predict_proba,,requires predict_proba,,0.4220000000004802,success,
nnpu,scar-pi0.3-scalesmall,109,"{""batch_size"": 256, ""beta"": 0.0, ""device"": null, ""gamma"": 1.0, ""loss"": ""sigmoid"", ""max_epochs"": 200, ""model"": null, ""optimizer"": null, ""patience"": 20}",scar,0.3,0.5,0.5,True,0,,,,,0.0,,,0.245,False,-0.07536641118730669,0.835820895522388,1.0,0.988452380952381,0.94,0.8899082568807339,0.8738738738738738,0.9772235721379053,0.9023809523809524,,requires predict_proba,,requires predict_proba,,0.4210000000002765,success,
nnpu,scar-pi0.3-scalesmall,110,"{""batch_size"": 256, ""beta"": 0.0, ""device"": null, ""gamma"": 1.0, ""loss"": ""sigmoid"", ""max_epochs"": 200, ""model"": null, ""optimizer"": null, ""patience"": 20}",scar,0.3,0.5,0.5,True,0,,,,,0.0,,,0.3025,False,-0.0904196693514201,0.9523809523809523,0.9445100354191263,0.9954761904761904,0.9725,0.9543568464730291,0.8189910979228486,0.9913899441188421,0.968452380952381,,requires predict_proba,,requires predict_proba,,0.43800000000010186,success,
nnpu,scar-pi0.3-scalesmall,111,"{""batch_size"": 256, ""beta"": 0.0, ""device"": null, ""gamma"": 1.0, ""loss"": ""sigmoid"", ""max_epochs"": 200, ""model"": null, ""optimizer"": null, ""patience"": 20}",scar,0.3,0.5,0.5,True,0,,,,,0.0,,,0.33,False,-0.07529411764705882,0.9833333333333333,0.8939393939393938,0.9846428571428572,0.94,0.9047619047619048,0.7852941176470588,0.9721846560784594,0.9428571428571428,,requires predict_proba,,requires predict_proba,,0.5309999999990396,success,
nnpu,scar-pi0.3-scalesmall,112,"{""batch_size"": 256, ""beta"": 0.0, ""device"": null, ""gamma"": 1.0, ""loss"": ""sigmoid"", ""max_epochs"": 200, ""model"": null, ""optimizer"": null, ""patience"": 20}",scar,0.3,0.5,0.5,True,0,,,,,0.0,,,0.2825,False,-0.06066043138003435,0.8870967741935484,0.9420496717099629,0.9913095238095238,0.9525,0.9184549356223176,0.8284023668639053,0.9819970654259289,0.9351190476190476,,requires predict_proba,,requires predict_proba,,0.43800000000010186,success,
nnpu,scar-pi0.3-scalesmall,113,"{""batch_size"": 256, ""beta"": 0.0, ""device"": null, ""gamma"": 1.0, ""loss"": ""sigmoid"", ""max_epochs"": 200, ""model"": null, ""optimizer"": null, ""patience"": 20}",scar,0.3,0.5,0.5,True,0,,,,,0.5,,,0.285,False,-0.08545454545454545,0.9,0.9473684210526317,0.9977678571428572,0.975,0.9572649572649573,0.8454545454545455,0.995391177076439,0.9630952380952381,,requires predict_proba,,requires predict_proba,,0.43800000000010186,success,
nnpu,scar-pi0.3-scalesmall,114,"{""batch_size"": 256, ""beta"": 0.0, ""device"": null, ""gamma"": 1.0, ""loss"": ""sigmoid"", ""max_epochs"": 200, ""model"": null, ""optimizer"": null, ""patience"": 20}",scar,0.3,0.5,0.5,True,0,,,,,0.5,,,0.3,False,-0.10288476292772747,0.9824561403508771,0.9824561403508771,0.9979166666666667,0.99,0.9833333333333333,0.8134110787172012,0.9956622475856209,0.9880952380952381,,requires predict_proba,,requires predict_proba,,0.4219999999986612,success,
nnpu,scar-pi0.3-scalesmall,115,"{""batch_size"": 256, ""beta"": 0.0, ""device"": null, ""gamma"": 1.0, ""loss"": ""sigmoid"", ""max_epochs"": 200, ""model"": null, ""optimizer"": null, ""patience"": 20}",scar,0.3,0.5,0.5,True,0,,,,,0.0,,,0.285,False,-0.06739709640585068,0.9245283018867925,0.9731876861966237,0.9914583333333333,0.95,0.9145299145299145,0.8126801152737753,0.9832461994146879,0.9333333333333333,,requires predict_proba,,requires predict_proba,,0.4219999999986612,success,
nnpu,scar-pi0.3-scalesmall,116,"{""batch_size"": 256, ""beta"": 0.0, ""device"": null, ""gamma"": 1.0, ""loss"": ""sigmoid"", ""max_epochs"": 200, ""model"": null, ""optimizer"": null, ""patience"": 20}",scar,0.3,0.5,0.5,True,0,,,,,0.0,,,0.265,False,-0.03500070651405962,0.8253968253968254,0.9344115004492362,0.9965773809523809,0.96,0.9292035398230089,0.8397626112759644,0.9924330836425659,0.9357142857142857,,requires predict_proba,,requires predict_proba,,0.43800000000010186,success,
nnpu,scar-pi0.3-scalesmall,117,"{""batch_size"": 256, ""beta"": 0.0, ""device"": null, ""gamma"": 1.0, ""loss"": ""sigmoid"", ""max_epochs"": 200, ""model"": null, ""optimizer"": null, ""patience"": 20}",scar,0.3,0.5,0.5,True,0,,,,,0.0,,,0.255,False,-0.023026673924877505,0.7878787878787878,0.926916221033868,0.995625,0.95,0.9099099099099099,0.8502994011976048,0.9903168867263452,0.9190476190476191,,requires predict_proba,,requires predict_proba,,0.40600000000085856,success,
nnpu,scar-pi0.3-scalesmall,118,"{""batch_size"": 256, ""beta"": 0.0, ""device"": null, ""gamma"": 1.0, ""loss"": ""sigmoid"", ""max_epochs"": 200, ""model"": null, ""optimizer"": null, ""patience"": 20}",scar,0.3,0.5,0.5,True,0,,,,,0.0,,,0.305,False,-0.0894669235709698,0.9814814814814815,0.9653916211293261,0.9930654761904761,0.97,0.9504132231404959,0.8005780346820809,0.9862436174730725,0.9666666666666667,,requires predict_proba,,requires predict_proba,,0.4210000000002765,success,
nnpu,scar-pi0.3-scalesmall,119,"{""batch_size"": 256, ""beta"": 0.0, ""device"": null, ""gamma"": 1.0, ""loss"": ""sigmoid"", ""max_epochs"": 200, ""model"": null, ""optimizer"": null, ""patience"": 20}",scar,0.3,0.5,0.5,True,0,,,,,0.0,,,0.275,False,-0.020431893687707647,0.8392857142857143,0.9155844155844155,0.9889583333333333,0.925,0.8695652173913043,0.8168604651162791,0.9736093350493754,0.8988095238095238,,requires predict_proba,,requires predict_proba,,0.5630000000001019,success,
nnpu,scar-pi0.3-scalemid,100,"{""batch_size"": 256, ""beta"": 0.0, ""device"": null, ""gamma"": 1.0, ""loss"": ""sigmoid"", ""max_epochs"": 200, ""model"": null, ""optimizer"": null, ""patience"": 20}",scar,0.3,0.5,0.5,True,0,,,,,0.42857142857142855,,,0.301,False,-0.09865938430983118,0.9671052631578947,0.9638922888616891,0.9972988095238096,0.98,0.9667221297836939,0.8183962264150944,0.9945903590891594,0.9766666666666667,,requires predict_proba,,requires predict_proba,,1.75,success,
nnpu,scar-pi0.3-scalemid,101,"{""batch_size"": 256, ""beta"": 0.0, ""device"": null, ""gamma"": 1.0, ""loss"": ""sigmoid"", ""max_epochs"": 200, ""model"": null, ""optimizer"": null, ""patience"": 20}",scar,0.3,0.5,0.5,True,0,,,,,0.5714285714285714,,,0.308,False,-0.0867714568871773,0.9783393501805054,0.9529279384875053,0.9986845238095238,0.98,0.9671052631578947,0.799767846778874,0.9970559897585324,0.98,,requires predict_proba,,requires predict_proba,,1.6409999999996217,success,
nnpu,scar-pi0.3-scalemid,102,"{""batch_size"": 256, ""beta"": 0.0, ""device"": null, ""gamma"": 1.0, ""loss"": ""sigmoid"", ""max_epochs"": 200, ""model"": null, ""optimizer"": null, ""patience"": 20}",scar,0.3,0.5,0.5,True,0,,,,,0.42857142857142855,,,0.3095,False,-0.11259358369163233,0.990506329113924,0.9601030653769861,0.9989,0.9825,0.9712879409351928,0.8182897862232779,0.9975471353190143,0.9836904761904762,,requires predict_proba,,requires predict_proba,,1.75,success,
nnpu,scar-pi0.3-scalemid,103,"{""batch_size"": 256, ""beta"": 0.0, ""device"": null, ""gamma"": 1.0, ""loss"": ""sigmoid"", ""max_epochs"": 200, ""model"": null, ""optimizer"": null, ""patience"": 20}",scar,0.3,0.5,0.5,True,0,,,,,0.5714285714285714,,,0.304,False,-0.08907710280373832,0.96875,0.9560032894736841,0.9980404761904762,0.979,0.9652317880794702,0.8078271028037384,0.9959970072342007,0.9769047619047619,,requires predict_proba,,requires predict_proba,,1.7339999999985594,success,
nnpu,scar-pi0.3-scalemid,104,"{""batch_size"": 256, ""beta"": 0.0, ""device"": null, ""gamma"": 1.0, ""loss"": ""sigmoid"", ""max_epochs"": 200, ""model"": null, ""optimizer"": null, ""patience"": 20}",scar,0.3,0.5,0.5,True,0,,,,,0.5714285714285714,,,0.297,False,-0.09993766245759989,0.9609120521172638,0.9706182344618826,0.9982357142857143,0.98,0.966499162479062,0.8233904311872415,0.9961194022016052,0.9747619047619047,,requires predict_proba,,requires predict_proba,,1.764999999999418,success,
nnpu,scar-pi0.3-scalemid,105,"{""batch_size"": 256, ""beta"": 0.0, ""device"": null, ""gamma"": 1.0, ""loss"": ""sigmoid"", ""max_epochs"": 200, ""model"": null, ""optimizer"": null, ""patience"": 20}",scar,0.3,0.5,0.5,True,0,,,,,0.5714285714285714,,,0.311,False,-0.10679156908665105,1.0,0.9646302250803859,0.999375,0.985,0.9754500818330606,0.8067915690866511,0.9985880471014477,0.9873809523809524,,requires predict_proba,,requires predict_proba,,1.75,success,
nnpu,scar-pi0.3-scalemid,106,"{""batch_size"": 256, ""beta"": 0.0, ""device"": null, ""gamma"": 1.0, ""loss"": ""sigmoid"", ""max_epochs"": 200, ""model"": null, ""optimizer"": null, ""patience"": 20}",scar,0.3,0.5,0.5,True,0,,,,,0.5714285714285714,,,0.3005,False,-0.105608828831916,0.9710610932475884,0.9694453509959284,0.9972095238095238,0.9765,0.9608659450457951,0.8229721728833629,0.9940317106120191,0.9722619047619048,,requires predict_proba,,requires predict_proba,,1.7659999999996217,success,
nnpu,scar-pi0.3-scalemid,107,"{""batch_size"": 256, ""beta"": 0.0, ""device"": null, ""gamma"": 1.0, ""loss"": ""sigmoid"", ""max_epochs"": 200, ""model"": null, ""optimizer"": null, ""patience"": 20}",scar,0.3,0.5,0.5,True,0,,,,,0.5714285714285714,,,0.2975,False,-0.08810612024058692,0.9581881533101045,0.9662401545984247,0.9969607142857142,0.9755,0.9589958158995816,0.8131932282545242,0.9936105170866065,0.9696428571428571,,requires predict_proba,,requires predict_proba,,1.75,success,
nnpu,scar-pi0.3-scalemid,108,"{""batch_size"": 256, ""beta"": 0.0, ""device"": null, ""gamma"": 1.0, ""loss"": ""sigmoid"", ""max_epochs"": 200, ""model"": null, ""optimizer"": null, ""patience"": 20}",scar,0.3,0.5,0.5,True,0,,,,,0.5714285714285714,,,0.309,False,-0.10208494314774505,0.9866220735785953,0.9578855083287332,0.9991511904761905,0.983,0.9720853858784894,0.8101116990005879,0.9980490433394552,0.9840476190476191,,requires predict_proba,,requires predict_proba,,1.75,success,
nnpu,scar-pi0.3-scalemid,109,"{""batch_size"": 256, ""beta"": 0.0, ""device"": null, ""gamma"": 1.0, ""loss"": ""sigmoid"", ""max_epochs"": 200, ""model"": null, ""optimizer"": null, ""patience"": 20}",scar,0.3,0.5,0.5,True,0,,,,,0.5714285714285714,,,0.294,False,-0.1099417458122719,0.964968152866242,0.9846613804757572,0.9969845238095238,0.978,0.9629629629629629,0.8309608540925267,0.9940823337475023,0.970952380952381,,requires predict_proba,,requires predict_proba,,1.75,success,
nnpu,scar-pi0.3-scalemid,110,"{""batch_size"": 256, ""beta"": 0.0, ""device"": null, ""gamma"": 1.0, ""loss"": ""sigmoid"", ""max_epochs"": 200, ""model"": null, ""optimizer"": null, ""patience"": 20}",scar,0.3,0.5,0.5,True,0,,,,,0.7142857142857143,,,0.3135,False,-0.0903248443505153,0.986013986013986,0.9435540536019005,0.9979273809523809,0.9735,0.9568052159739201,0.7987164527421237,0.9953830770273207,0.9748809523809524,,requires predict_proba,,requires predict_proba,,1.75,success,
nnpu,scar-pi0.3-scalemid,111,"{""batch_size"": 256, ""beta"": 0.0, ""device"": null, ""gamma"": 1.0, ""loss"": ""sigmoid"", ""max_epochs"": 200, ""model"": null, ""optimizer"": null, ""patience"": 20}",scar,0.3,0.5,0.5,True,0,,,,,0.5714285714285714,,,0.3095,False,-0.09914859882826163,0.9896193771626297,0.9592433381220967,0.9984416666666667,0.9775,0.963084495488105,0.8053769725306839,0.9965774127202779,0.9777380952380952,,requires predict_proba,,requires predict_proba,,1.859999999998763,success,
nnpu,scar-pi0.3-scalemid,112,"{""batch_size"": 256, ""beta"": 0.0, ""device"": null, ""gamma"": 1.0, ""loss"": ""sigmoid"", ""max_epochs"": 200, ""model"": null, ""optimizer"": null, ""patience"": 20}",scar,0.3,0.5,0.5,True,0,,,,,0.5714285714285714,,,0.305,False,-0.08399999999999999,0.9566666666666667,0.940983606557377,0.9972083333333333,0.972,0.9537190082644628,0.81,0.9939519874902035,0.969047619047619,,requires predict_proba,,requires predict_proba,,1.640000000001237,success,
nnpu,scar-pi0.3-scalemid,113,"{""batch_size"": 256, ""beta"": 0.0, ""device"": null, ""gamma"": 1.0, ""loss"": ""sigmoid"", ""max_epochs"": 200, ""model"": null, ""optimizer"": null, ""patience"": 20}",scar,0.3,0.5,0.5,True,0,,,,,0.7142857142857143,,,0.3085,False,-0.1077268003651542,0.9870550161812298,0.959859010873157,0.9985630952380953,0.9835,0.9728841413311422,0.8154937906564164,0.9965961271136876,0.9844047619047619,,requires predict_proba,,requires predict_proba,,1.7659999999996217,success,
nnpu,scar-pi0.3-scalemid,114,"{""batch_size"": 256, ""beta"": 0.0, ""device"": null, ""gamma"": 1.0, ""loss"": ""sigmoid"", ""max_epochs"": 200, ""model"": null, ""optimizer"": null, ""patience"": 20}",scar,0.3,0.5,0.5,True,0,,,,,0.5714285714285714,,,0.318,False,-0.10354163320539589,0.9876160990712074,0.931713301010573,0.9986047619047619,0.975,0.959546925566343,0.8109719737626714,0.996875347315483,0.9788095238095238,,requires predict_proba,,requires predict_proba,,1.75,success,
nnpu,scar-pi0.3-scalemid,115,"{""batch_size"": 256, ""beta"": 0.0, ""device"": null, ""gamma"": 1.0, ""loss"": ""sigmoid"", ""max_epochs"": 200, ""model"": null, ""optimizer"": null, ""patience"": 20}",scar,0.3,0.5,0.5,True,0,,,,,0.5714285714285714,,,0.3045,False,-0.1014126868392271,0.9711538461538461,0.9568018188707843,0.9968309523809524,0.9775,0.9627791563275434,0.8187203791469194,0.9938143325056004,0.9753571428571428,,requires predict_proba,,requires predict_proba,,1.75,success,
nnpu,scar-pi0.3-scalemid,116,"{""batch_size"": 256, ""beta"": 0.0, ""device"": null, ""gamma"": 1.0, ""loss"": ""sigmoid"", ""max_epochs"": 200, ""model"": null, ""optimizer"": null, ""patience"": 20}",scar,0.3,0.5,0.5,True,0,,,,,0.42857142857142855,,,0.3115,False,-0.1011540458701144,0.9867986798679867,0.95036790998522,0.9978154761904762,0.9765,0.9615699100572364,0.8090748379493223,0.9949041902010193,0.9775,,requires predict_proba,,requires predict_proba,,1.7659999999996217,success,
nnpu,scar-pi0.3-scalemid,117,"{""batch_size"": 256, ""beta"": 0.0, ""device"": null, ""gamma"": 1.0, ""loss"": ""sigmoid"", ""max_epochs"": 200, ""model"": null, ""optimizer"": null, ""patience"": 20}",scar,0.3,0.5,0.5,True,0,,,,,0.7142857142857143,,,0.3,False,-0.10186000921836438,0.9702970297029703,0.9702970297029703,0.9984857142857143,0.982,0.97,0.8196817913965821,0.9963991677431823,0.9785714285714285,,requires predict_proba,,requires predict_proba,,1.75,success,
nnpu,scar-pi0.3-scalemid,118,"{""batch_size"": 256, ""beta"": 0.0, ""device"": null, ""gamma"": 1.0, ""loss"": ""sigmoid"", ""max_epochs"": 200, ""model"": null, ""optimizer"": null, ""patience"": 20}",scar,0.3,0.5,0.5,True,0,,,,,0.5714285714285714,,,0.3035,False,-0.11110734729263433,0.9838187702265372,0.9724732489883399,0.9987464285714286,0.9865,0.9776304888152444,0.820816085156712,0.9971024329220228,0.9855952380952381,,requires predict_proba,,requires predict_proba,,1.764999999999418,success,
nnpu,scar-pi0.3-scalemid,119,"{""batch_size"": 256, ""beta"": 0.0, ""device"": null, ""gamma"": 1.0, ""loss"": ""sigmoid"", ""max_epochs"": 200, ""model"": null, ""optimizer"": null, ""patience"": 20}",scar,0.3,0.5,0.5,True,0,,,,,0.42857142857142855,,,0.2975,False,-0.08390912455331773,0.9515570934256056,0.959553371521619,0.9970571428571429,0.9755,0.9589958158995816,0.8129748684979544,0.9939412229812576,0.9696428571428571,,requires predict_proba,,requires predict_proba,,1.7660000000014406,success,
nnpu,scar-pi0.5-scalesmall,100,"{""batch_size"": 256, ""beta"": 0.0, ""device"": null, ""gamma"": 1.0, ""loss"": ""sigmoid"", ""max_epochs"": 200, ""model"": null, ""optimizer"": null, ""patience"": 20}",scar,0.5,0.5,0.5,True,0,,,,,0.0,,,0.5075,False,-0.08565374242583446,0.956989247311828,0.9428465490756927,0.98955,0.9425,0.9429280397022333,0.6286644951140065,0.9910228937047489,0.9425,,requires predict_proba,,requires predict_proba,,0.4219999999986612,success,
nnpu,scar-pi0.5-scalesmall,101,"{""batch_size"": 256, ""beta"": 0.0, ""device"": null, ""gamma"": 1.0, ""loss"": ""sigmoid"", ""max_epochs"": 200, ""model"": null, ""optimizer"": null, ""patience"": 20}",scar,0.5,0.5,0.5,True,0,,,,,0.0,,,0.515,False,-0.11304480963560276,0.979381443298969,0.9508557701931738,0.9936999999999999,0.97,0.9704433497536946,0.6336633663366337,0.9929174745444027,0.97,,requires predict_proba,,requires predict_proba,,0.4220000000004802,success,
nnpu,scar-pi0.5-scalesmall,102,"{""batch_size"": 256, ""beta"": 0.0, ""device"": null, ""gamma"": 1.0, ""loss"": ""sigmoid"", ""max_epochs"": 200, ""model"": null, ""optimizer"": null, ""patience"": 20}",scar,0.5,0.5,0.5,True,0,,,,,0.0,,,0.51,False,-0.1377395214604517,0.98989898989899,0.9704892057833234,0.9972749999999999,0.97,0.9702970297029703,0.6478405315614618,0.9974581980704681,0.97,,requires predict_proba,,requires predict_proba,,0.43800000000010186,success,
nnpu,scar-pi0.5-scalesmall,103,"{""batch_size"": 256, ""beta"": 0.0, ""device"": null, ""gamma"": 1.0, ""loss"": ""sigmoid"", ""max_epochs"": 200, ""model"": null, ""optimizer"": null, ""patience"": 20}",scar,0.5,0.5,0.5,True,0,,,,,0.0,,,0.4925,False,-0.12903894612612038,0.9532710280373832,0.9677878457232316,0.9917750000000001,0.9475,0.947103274559194,0.6757679180887372,0.9916321346342113,0.9475,,requires predict_proba,,requires predict_proba,,0.4220000000004802,success,
nnpu,scar-pi0.5-scalesmall,104,"{""batch_size"": 256, ""beta"": 0.0, ""device"": null, ""gamma"": 1.0, ""loss"": ""sigmoid"", ""max_epochs"": 200, ""model"": null, ""optimizer"": null, ""patience"": 20}",scar,0.5,0.5,0.5,True,0,,,,,0.5,,,0.4625,False,-0.10940748440748438,0.9134615384615384,0.9875259875259874,0.99545,0.9475,0.9454545454545454,0.6959459459459459,0.995490330525406,0.9475,,requires predict_proba,,requires predict_proba,,0.5310000000008586,success,
nnpu,scar-pi0.5-scalesmall,105,"{""batch_size"": 256, ""beta"": 0.0, ""device"": null, ""gamma"": 1.0, ""loss"": ""sigmoid"", ""max_epochs"": 200, ""model"": null, ""optimizer"": null, ""patience"": 20}",scar,0.5,0.5,0.5,True,0,,,,,0.5,,,0.5075,False,-0.1588628762541806,1.0,0.9852216748768474,0.998875,0.9875,0.9875930521091811,0.6588628762541806,0.9989285104743432,0.9875,,requires predict_proba,,requires predict_proba,,0.43699999999989814,success,
nnpu,scar-pi0.5-scalesmall,106,"{""batch_size"": 256, ""beta"": 0.0, ""device"": null, ""gamma"": 1.0, ""loss"": ""sigmoid"", ""max_epochs"": 200, ""model"": null, ""optimizer"": null, ""patience"": 20}",scar,0.5,0.5,0.5,True,0,,,,,0.0,,,0.49,False,-0.04460742018981878,0.9052631578947369,0.9237379162191193,0.9832000000000001,0.92,0.9191919191919192,0.639344262295082,0.9839996647723713,0.92,,requires predict_proba,,requires predict_proba,,0.43800000000010186,success,
nnpu,scar-pi0.5-scalesmall,107,"{""batch_size"": 256, ""beta"": 0.0, ""device"": null, ""gamma"": 1.0, ""loss"": ""sigmoid"", ""max_epochs"": 200, ""model"": null, ""optimizer"": null, ""patience"": 20}",scar,0.5,0.5,0.5,True,0,,,,,0.5,,,0.48,False,-0.13655714230426874,0.9876543209876543,1.0,0.995425,0.96,0.9591836734693877,0.6489028213166145,0.9957238931533146,0.96,,requires predict_proba,,requires predict_proba,,0.4219999999986612,success,
nnpu,scar-pi0.5-scalesmall,108,"{""batch_size"": 256, ""beta"": 0.0, ""device"": null, ""gamma"": 1.0, ""loss"": ""sigmoid"", ""max_epochs"": 200, ""model"": null, ""optimizer"": null, ""patience"": 20}",scar,0.5,0.5,0.5,True,0,,,,,0.5,,,0.5125,False,-0.12116913593219153,0.989247311827957,0.965119328612641,0.9981,0.9775,0.9777777777777777,0.6319218241042345,0.9981234187872248,0.9775,,requires predict_proba,,requires predict_proba,,0.4219999999986612,success,
nnpu,scar-pi0.5-scalesmall,109,"{""batch_size"": 256, ""beta"": 0.0, ""device"": null, ""gamma"": 1.0, ""loss"": ""sigmoid"", ""max_epochs"": 200, ""model"": null, ""optimizer"": null, ""patience"": 20}",scar,0.5,0.5,0.5,True,0,,,,,0.0,,,0.4725,False,-0.07968029812690003,0.9029126213592233,0.9554630913854216,0.9897750000000001,0.9325,0.9305912596401028,0.6767676767676768,0.9900851569155739,0.9325,,requires predict_proba,,requires predict_proba,,0.40600000000085856,success,
nnpu,scar-pi0.5-scalesmall,110,"{""batch_size"": 256, ""beta"": 0.0, ""device"": null, ""gamma"": 1.0, ""loss"": ""sigmoid"", ""max_epochs"": 200, ""model"": null, ""optimizer"": null, ""patience"": 20}",scar,0.5,0.5,0.5,True,0,,,,,0.5,,,0.5025,False,-0.13080644634042693,0.970873786407767,0.9660435685649424,0.99555,0.9725,0.972568578553616,0.6599326599326599,0.9958769809731289,0.9724999999999999,,requires predict_proba,,requires predict_proba,,0.4220000000004802,success,
nnpu,scar-pi0.5-scalesmall,111,"{""batch_size"": 256, ""beta"": 0.0, ""device"": null, ""gamma"": 1.0, ""loss"": ""sigmoid"", ""max_epochs"": 200, ""model"": null, ""optimizer"": null, ""patience"": 20}",scar,0.5,0.5,0.5,True,0,,,,,0.0,,,0.52,False,-0.11333333333333334,0.98,0.9423076923076923,0.987975,0.945,0.946078431372549,0.6333333333333333,0.9898956541404609,0.9450000000000001,,requires predict_proba,,requires predict_proba,,0.4220000000004802,success,
nnpu,scar-pi0.5-scalesmall,112,"{""batch_size"": 256, ""beta"": 0.0, ""device"": null, ""gamma"": 1.0, ""loss"": ""sigmoid"", ""max_epochs"": 200, ""model"": null, ""optimizer"": null, ""patience"": 20}",scar,0.5,0.5,0.5,True,0,,,,,0.5,,,0.5175,False,-0.08750293634014567,0.9595959595959596,0.9271458546820867,0.989975,0.9525,0.9533169533169533,0.627906976744186,0.9895930539451608,0.9525,,requires predict_proba,,requires predict_proba,,0.5469999999986612,success,
nnpu,scar-pi0.5-scalesmall,113,"{""batch_size"": 256, ""beta"": 0.0, ""device"": null, ""gamma"": 1.0, ""loss"": ""sigmoid"", ""max_epochs"": 200, ""model"": null, ""optimizer"": null, ""patience"": 20}",scar,0.5,0.5,0.5,True,0,,,,,0.5,,,0.51,False,-0.13318112633181123,0.9722222222222222,0.9531590413943355,0.9977,0.975,0.9752475247524752,0.660958904109589,0.9977878285982342,0.975,,requires predict_proba,,requires predict_proba,,0.43699999999989814,success,
nnpu,scar-pi0.5-scalesmall,114,"{""batch_size"": 256, ""beta"": 0.0, ""device"": null, ""gamma"": 1.0, ""loss"": ""sigmoid"", ""max_epochs"": 200, ""model"": null, ""optimizer"": null, ""patience"": 20}",scar,0.5,0.5,0.5,True,0,,,,,0.5,,,0.51,False,-0.1313988682721411,0.9803921568627451,0.9611687812379853,0.9979499999999999,0.975,0.9752475247524752,0.6510067114093959,0.9980137446453253,0.975,,requires predict_proba,,requires predict_proba,,0.4220000000004802,success,
nnpu,scar-pi0.5-scalesmall,115,"{""batch_size"": 256, ""beta"": 0.0, ""device"": null, ""gamma"": 1.0, ""loss"": ""sigmoid"", ""max_epochs"": 200, ""model"": null, ""optimizer"": null, ""patience"": 20}",scar,0.5,0.5,0.5,True,0,,,,,0.5,,,0.4925,False,-0.09654874892148402,0.9473684210526315,0.9617953513224685,0.989275,0.9425,0.9420654911838791,0.6491803278688525,0.9898266844653099,0.9425,,requires predict_proba,,requires predict_proba,,0.40600000000085856,success,
nnpu,scar-pi0.5-scalesmall,116,"{""batch_size"": 256, ""beta"": 0.0, ""device"": null, ""gamma"": 1.0, ""loss"": ""sigmoid"", ""max_epochs"": 200, ""model"": null, ""optimizer"": null, ""patience"": 20}",scar,0.5,0.5,0.5,True,0,,,,,0.0,,,0.5,False,-0.12631154156577884,0.9619047619047619,0.9619047619047619,0.99545,0.97,0.97,0.6644067796610169,0.9957345864112428,0.97,,requires predict_proba,,requires predict_proba,,0.43699999999989814,success,
nnpu,scar-pi0.5-scalesmall,117,"{""batch_size"": 256, ""beta"": 0.0, ""device"": null, ""gamma"": 1.0, ""loss"": ""sigmoid"", ""max_epochs"": 200, ""model"": null, ""optimizer"": null, ""patience"": 20}",scar,0.5,0.5,0.5,True,0,,,,,0.0,,,0.5,False,-0.09733548105641132,0.9494949494949495,0.9494949494949495,0.992675,0.965,0.965,0.6478405315614618,0.9930592146761903,0.965,,requires predict_proba,,requires predict_proba,,0.40600000000085856,success,
nnpu,scar-pi0.5-scalesmall,118,"{""batch_size"": 256, ""beta"": 0.0, ""device"": null, ""gamma"": 1.0, ""loss"": ""sigmoid"", ""max_epochs"": 200, ""model"": null, ""optimizer"": null, ""patience"": 20}",scar,0.5,0.5,0.5,True,0,,,,,0.0,,,0.53,False,-0.08215697346132128,0.9782608695652174,0.9228876127973749,0.99215,0.95,0.9514563106796117,0.6038961038961039,0.9922010780145912,0.95,,requires predict_proba,,requires predict_proba,,0.43800000000010186,success,
nnpu,scar-pi0.5-scalesmall,119,"{""batch_size"": 256, ""beta"": 0.0, ""device"": null, ""gamma"": 1.0, ""loss"": ""sigmoid"", ""max_epochs"": 200, ""model"": null, ""optimizer"": null, ""patience"": 20}",scar,0.5,0.5,0.5,True,0,,,,,0.0,,,0.52,False,-0.0818397274477855,0.9767441860465116,0.9391771019677996,0.984375,0.945,0.946078431372549,0.6050955414012739,0.983213423903491,0.9450000000000001,,requires predict_proba,,requires predict_proba,,0.43699999999989814,success,
nnpu,scar-pi0.5-scalemid,100,"{""batch_size"": 256, ""beta"": 0.0, ""device"": null, ""gamma"": 1.0, ""loss"": ""sigmoid"", ""max_epochs"": 200, ""model"": null, ""optimizer"": null, ""patience"": 20}",scar,0.5,0.5,0.5,True,0,,,,,0.6666666666666666,,,0.5255,False,-0.09419899864637865,0.9753086419753086,0.927981581327601,0.996633,0.9565,0.9575816674792784,0.6188903566710701,0.9969559692102617,0.9565,,requires predict_proba,,requires predict_proba,,1.7659999999996217,success,
nnpu,scar-pi0.5-scalemid,101,"{""batch_size"": 256, ""beta"": 0.0, ""device"": null, ""gamma"": 1.0, ""loss"": ""sigmoid"", ""max_epochs"": 200, ""model"": null, ""optimizer"": null, ""patience"": 20}",scar,0.5,0.5,0.5,True,0,,,,,0.3333333333333333,,,0.532,False,-0.10538707013902837,0.9957264957264957,0.9358331726752779,0.997624,0.963,0.9641472868217055,0.6096605744125326,0.9976302042468196,0.9630000000000001,,requires predict_proba,,requires predict_proba,,1.5470000000004802,success,
nnpu,scar-pi0.5-scalemid,102,"{""batch_size"": 256, ""beta"": 0.0, ""device"": null, ""gamma"": 1.0, ""loss"": ""sigmoid"", ""max_epochs"": 200, ""model"": null, ""optimizer"": null, ""patience"": 20}",scar,0.5,0.5,0.5,True,0,,,,,0.5,,,0.533,False,-0.12938005390835577,1.0,0.9380863039399624,0.998795,0.966,0.9670861568247822,0.6293800539083558,0.9987760294127325,0.966,,requires predict_proba,,requires predict_proba,,1.6559999999990396,success,
nnpu,scar-pi0.5-scalemid,103,"{""batch_size"": 256, ""beta"": 0.0, ""device"": null, ""gamma"": 1.0, ""loss"": ""sigmoid"", ""max_epochs"": 200, ""model"": null, ""optimizer"": null, ""patience"": 20}",scar,0.5,0.5,0.5,True,0,,,,,0.16666666666666666,,,0.532,False,-0.10062971621826339,0.9875776397515528,0.9281744734507075,0.997025,0.958,0.9593023255813954,0.6130520764667106,0.9971632261572356,0.958,,requires predict_proba,,requires predict_proba,,1.7180000000007567,success,
nnpu,scar-pi0.5-scalemid,104,"{""batch_size"": 256, ""beta"": 0.0, ""device"": null, ""gamma"": 1.0, ""loss"": ""sigmoid"", ""max_epochs"": 200, ""model"": null, ""optimizer"": null, ""patience"": 20}",scar,0.5,0.5,0.5,True,0,,,,,0.5,,,0.531,False,-0.12647265386688172,0.9980353634577603,0.9397696454404523,0.998016,0.964,0.965082444228904,0.6284372904091214,0.9980315957590634,0.964,,requires predict_proba,,requires predict_proba,,1.6880000000001019,success,
nnpu,scar-pi0.5-scalemid,105,"{""batch_size"": 256, ""beta"": 0.0, ""device"": null, ""gamma"": 1.0, ""loss"": ""sigmoid"", ""max_epochs"": 200, ""model"": null, ""optimizer"": null, ""patience"": 20}",scar,0.5,0.5,0.5,True,0,,,,,0.16666666666666666,,,0.5295,False,-0.1277518345563709,1.0,0.9442870632672333,0.9991260000000001,0.9685,0.9694026226323458,0.627751834556371,0.999126339863053,0.9684999999999999,,requires predict_proba,,requires predict_proba,,1.7189999999991414,success,
nnpu,scar-pi0.5-scalemid,106,"{""batch_size"": 256, ""beta"": 0.0, ""device"": null, ""gamma"": 1.0, ""loss"": ""sigmoid"", ""max_epochs"": 200, ""model"": null, ""optimizer"": null, ""patience"": 20}",scar,0.5,0.5,0.5,True,0,,,,,0.5,,,0.5295,False,-0.12145360826097185,0.9921722113502935,0.9368953837113254,0.997784,0.9625,0.9635745507527926,0.6292813969106783,0.9978593041280064,0.9625,,requires predict_proba,,requires predict_proba,,1.7180000000007567,success,
nnpu,scar-pi0.5-scalemid,107,"{""batch_size"": 256, ""beta"": 0.0, ""device"": null, ""gamma"": 1.0, ""loss"": ""sigmoid"", ""max_epochs"": 200, ""model"": null, ""optimizer"": null, ""patience"": 20}",scar,0.5,0.5,0.5,True,0,,,,,0.3333333333333333,,,0.5305,False,-0.1070496491054258,0.9897330595482546,0.9328304048522664,0.996637,0.9615,0.9626394953905871,0.6173165895571712,0.9967532432814428,0.9615,,requires predict_proba,,requires predict_proba,,1.640000000001237,success,
nnpu,scar-pi0.5-scalemid,108,"{""batch_size"": 256, ""beta"": 0.0, ""device"": null, ""gamma"": 1.0, ""loss"": ""sigmoid"", ""max_epochs"": 200, ""model"": null, ""optimizer"": null, ""patience"": 20}",scar,0.5,0.5,0.5,True,0,,,,,0.3333333333333333,,,0.536,False,-0.12915828567545978,0.9981167608286252,0.9310790679371503,0.998891,0.963,0.9642857142857143,0.6310415248468346,0.9988971329345846,0.9630000000000001,,requires predict_proba,,requires predict_proba,,1.6719999999986612,success,
nnpu,scar-pi0.5-scalemid,109,"{""batch_size"": 256, ""beta"": 0.0, ""device"": null, ""gamma"": 1.0, ""loss"": ""sigmoid"", ""max_epochs"": 200, ""model"": null, ""optimizer"": null, ""patience"": 20}",scar,0.5,0.5,0.5,True,0,,,,,0.16666666666666666,,,0.53,False,-0.12776633650420055,0.996116504854369,0.9397325517494046,0.9977309999999999,0.963,0.9640776699029127,0.6316498316498317,0.9978596708746077,0.9630000000000001,,requires predict_proba,,requires predict_proba,,1.6719999999986612,success,
nnpu,scar-pi0.5-scalemid,110,"{""batch_size"": 256, ""beta"": 0.0, ""device"": null, ""gamma"": 1.0, ""loss"": ""sigmoid"", ""max_epochs"": 200, ""model"": null, ""optimizer"": null, ""patience"": 20}",scar,0.5,0.5,0.5,True,0,,,,,0.5,,,0.537,False,-0.10413692671757185,0.9958419958419958,0.9272271842104244,0.997315,0.958,0.9594985535197685,0.6082949308755761,0.9973807193002094,0.958,,requires predict_proba,,requires predict_proba,,1.6560000000008586,success,
nnpu,scar-pi0.5-scalemid,111,"{""batch_size"": 256, ""beta"": 0.0, ""device"": null, ""gamma"": 1.0, ""loss"": ""sigmoid"", ""max_epochs"": 200, ""model"": null, ""optimizer"": null, ""patience"": 20}",scar,0.5,0.5,0.5,True,0,,,,,0.5,,,0.5425,False,-0.10508069917536511,0.9960079840319361,0.9179797087851946,0.9968109999999999,0.9495,0.951558752997602,0.609072715143429,0.9968999828341202,0.9495,,requires predict_proba,,requires predict_proba,,1.6409999999996217,success,
nnpu,scar-pi0.5-scalemid,112,"{""batch_size"": 256, ""beta"": 0.0, ""device"": null, ""gamma"": 1.0, ""loss"": ""sigmoid"", ""max_epochs"": 200, ""model"": null, ""optimizer"": null, ""patience"": 20}",scar,0.5,0.5,0.5,True,0,,,,,0.6666666666666666,,,0.542,False,-0.10533333333333333,0.996,0.9188191881918818,0.997309,0.955,0.9568138195777351,0.6093333333333333,0.9973565243618318,0.9550000000000001,,requires predict_proba,,requires predict_proba,,1.6560000000008586,success,
nnpu,scar-pi0.5-scalemid,113,"{""batch_size"": 256, ""beta"": 0.0, ""device"": null, ""gamma"": 1.0, ""loss"": ""sigmoid"", ""max_epochs"": 200, ""model"": null, ""optimizer"": null, ""patience"": 20}",scar,0.5,0.5,0.5,True,0,,,,,0.5,,,0.531,False,-0.12555664360782404,0.9961013645224172,0.9379485541642345,0.9980110000000001,0.966,0.9670223084384093,0.6294552790854069,0.9981421384391879,0.966,,requires predict_proba,,requires predict_proba,,1.6559999999990396,success,
nnpu,scar-pi0.5-scalemid,114,"{""batch_size"": 256, ""beta"": 0.0, ""device"": null, ""gamma"": 1.0, ""loss"": ""sigmoid"", ""max_epochs"": 200, ""model"": null, ""optimizer"": null, ""patience"": 20}",scar,0.5,0.5,0.5,True,0,,,,,0.5,,,0.537,False,-0.11572357883037498,0.9941747572815534,0.9256748205601055,0.998366,0.96,0.9614271938283511,0.6215488215488215,0.998335364237082,0.96,,requires predict_proba,,requires predict_proba,,1.5630000000001019,success,
nnpu,scar-pi0.5-scalemid,115,"{""batch_size"": 256, ""beta"": 0.0, ""device"": null, ""gamma"": 1.0, ""loss"": ""sigmoid"", ""max_epochs"": 200, ""model"": null, ""optimizer"": null, ""patience"": 20}",scar,0.5,0.5,0.5,True,0,,,,,0.8333333333333334,,,0.5345,False,-0.10685207503426958,0.9863013698630136,0.9226392608634366,0.995783,0.9545,0.9560173997100049,0.6205507051712559,0.9961654876333248,0.9545,,requires predict_proba,,requires predict_proba,,1.6560000000008586,success,
nnpu,scar-pi0.5-scalemid,116,"{""batch_size"": 256, ""beta"": 0.0, ""device"": null, ""gamma"": 1.0, ""loss"": ""sigmoid"", ""max_epochs"": 200, ""model"": null, ""optimizer"": null, ""patience"": 20}",scar,0.5,0.5,0.5,True,0,,,,,0.5,,,0.5345,False,-0.10677299933134365,0.9938271604938271,0.9296792895171442,0.99701,0.9615,0.9627839536007733,0.6129458388375165,0.9969627084169053,0.9615,,requires predict_proba,,requires predict_proba,,1.6559999999990396,success,
nnpu,scar-pi0.5-scalemid,117,"{""batch_size"": 256, ""beta"": 0.0, ""device"": null, ""gamma"": 1.0, ""loss"": ""sigmoid"", ""max_epochs"": 200, ""model"": null, ""optimizer"": null, ""patience"": 20}",scar,0.5,0.5,0.5,True,0,,,,,0.5,,,0.526,False,-0.11604056110241895,0.9898785425101214,0.9409491848955527,0.997729,0.967,0.9678362573099415,0.6261620185922975,0.9977112426570173,0.967,,requires predict_proba,,requires predict_proba,,1.640000000001237,success,
nnpu,scar-pi0.5-scalemid,118,"{""batch_size"": 256, ""beta"": 0.0, ""device"": null, ""gamma"": 1.0, ""loss"": ""sigmoid"", ""max_epochs"": 200, ""model"": null, ""optimizer"": null, ""patience"": 20}",scar,0.5,0.5,0.5,True,0,,,,,0.6666666666666666,,,0.5305,False,-0.12535036017482465,0.9941972920696325,0.9370379755604453,0.99849,0.9645,0.9655507035419699,0.6311530681051922,0.998493094423244,0.9645,,requires predict_proba,,requires predict_proba,,1.7659999999996217,success,
nnpu,scar-pi0.5-scalemid,119,"{""batch_size"": 256, ""beta"": 0.0, ""device"": null, ""gamma"": 1.0, ""loss"": ""sigmoid"", ""max_epochs"": 200, ""model"": null, ""optimizer"": null, ""patience"": 20}",scar,0.5,0.5,0.5,True,0,,,,,0.5,,,0.526,False,-0.11229358226307001,0.9916492693110647,0.9426323852766774,0.996173,0.965,0.9658869395711501,0.6206443129520053,0.9963534729061605,0.965,,requires predict_proba,,requires predict_proba,,1.6560000000008586,success,
nnpu,sar-pi0.1-scalesmall,100,"{""batch_size"": 256, ""beta"": 0.0, ""device"": null, ""gamma"": 1.0, ""loss"": ""sigmoid"", ""max_epochs"": 200, ""model"": null, ""optimizer"": null, ""patience"": 20}",linear,0.1,0.5,0.5,True,0,,,,,0.0,,,0.1175,False,-0.022126022126022132,0.9545454545454546,0.8123791102514507,0.9959722222222223,0.9725,0.8735632183908046,0.9312169312169312,0.9719911469281748,0.9624999999999999,,requires predict_proba,,requires predict_proba,,0.4539999999997235,success,
nnpu,sar-pi0.1-scalesmall,101,"{""batch_size"": 256, ""beta"": 0.0, ""device"": null, ""gamma"": 1.0, ""loss"": ""sigmoid"", ""max_epochs"": 200, ""model"": null, ""optimizer"": null, ""patience"": 20}",linear,0.1,0.5,0.5,True,0,,,,,0.0,,,0.1225,False,-0.014062500000000006,1.0,0.8163265306122449,0.997361111111111,0.9775,0.898876404494382,0.9140625,0.9745792097968733,0.9875,,requires predict_proba,,requires predict_proba,,0.40600000000085856,success,
nnpu,sar-pi0.1-scalesmall,102,"{""batch_size"": 256, ""beta"": 0.0, ""device"": null, ""gamma"": 1.0, ""loss"": ""sigmoid"", ""max_epochs"": 200, ""model"": null, ""optimizer"": null, ""patience"": 20}",linear,0.1,0.5,0.5,True,0,,,,,0.0,,,0.105,False,-0.03963254593175854,1.0,0.9523809523809524,0.9927777777777778,0.98,0.9024390243902439,0.9396325459317585,0.9641845213856692,0.9555555555555556,,requires predict_proba,,requires predict_proba,,0.5310000000008586,success,
nnpu,sar-pi0.1-scalesmall,103,"{""batch_size"": 256, ""beta"": 0.0, ""device"": null, ""gamma"": 1.0, ""loss"": ""sigmoid"", ""max_epochs"": 200, ""model"": null, ""optimizer"": null, ""patience"": 20}",linear,0.1,0.5,0.5,True,0,,,,,0.0,,,0.11,False,-0.03931398416886544,1.0,0.9090909090909092,0.9945138888888889,0.97,0.8571428571428571,0.9393139841688655,0.9605114295858144,0.9388888888888889,,requires predict_proba,,requires predict_proba,,0.43800000000010186,success,
nnpu,sar-pi0.1-scalesmall,104,"{""batch_size"": 256, ""beta"": 0.0, ""device"": null, ""gamma"": 1.0, ""loss"": ""sigmoid"", ""max_epochs"": 200, ""model"": null, ""optimizer"": null, ""patience"": 20}",linear,0.1,0.5,0.5,True,0,,,,,0.0,,,0.0675,False,-0.05534540422096644,0.8695652173913043,1.0,0.9959722222222223,0.9675,0.8059701492537313,0.9814323607427056,0.9727733846865438,0.8375,,requires predict_proba,,requires predict_proba,,0.4219999999986612,success,
nnpu,sar-pi0.1-scalesmall,105,"{""batch_size"": 256, ""beta"": 0.0, ""device"": null, ""gamma"": 1.0, ""loss"": ""sigmoid"", ""max_epochs"": 200, ""model"": null, ""optimizer"": null, ""patience"": 20}",linear,0.1,0.5,0.5,True,0,,,,,0.0,,,0.0975,False,-0.055026455026455035,1.0,1.0,0.999375,0.9925,0.9620253164556962,0.955026455026455,0.9946426380636906,0.9736111111111111,,requires predict_proba,,requires predict_proba,,0.43699999999989814,success,
nnpu,sar-pi0.1-scalesmall,106,"{""batch_size"": 256, ""beta"": 0.0, ""device"": null, ""gamma"": 1.0, ""loss"": ""sigmoid"", ""max_epochs"": 200, ""model"": null, ""optimizer"": null, ""patience"": 20}",linear,0.1,0.5,0.5,True,0,,,,,0.0,,,0.0825,False,-0.027894736842105278,0.85,1.0,0.9818749999999999,0.9525,0.7397260273972602,0.9578947368421052,0.8720940301965224,0.8291666666666666,,requires predict_proba,,requires predict_proba,,0.43800000000010186,success,
nnpu,sar-pi0.1-scalesmall,107,"{""batch_size"": 256, ""beta"": 0.0, ""device"": null, ""gamma"": 1.0, ""loss"": ""sigmoid"", ""max_epochs"": 200, ""model"": null, ""optimizer"": null, ""patience"": 20}",linear,0.1,0.5,0.5,True,0,,,,,0.0,,,0.08,False,-0.04962187318208261,0.9444444444444444,1.0,0.9868055555555555,0.975,0.8611111111111112,0.9607329842931938,0.9294945548696969,0.8861111111111111,,requires predict_proba,,requires predict_proba,,0.43699999999989814,success,
nnpu,sar-pi0.1-scalesmall,108,"{""batch_size"": 256, ""beta"": 0.0, ""device"": null, ""gamma"": 1.0, ""loss"": ""sigmoid"", ""max_epochs"": 200, ""model"": null, ""optimizer"": null, ""patience"": 20}",linear,0.1,0.5,0.5,True,0,,,,,0.0,,,0.1075,False,-0.04444444444444445,1.0,0.930232558139535,0.9998611111111111,0.9925,0.963855421686747,0.9444444444444444,0.998765243902439,0.9958333333333333,,requires predict_proba,,requires predict_proba,,0.43800000000010186,success,
nnpu,sar-pi0.1-scalesmall,109,"{""batch_size"": 256, ""beta"": 0.0, ""device"": null, ""gamma"": 1.0, ""loss"": ""sigmoid"", ""max_epochs"": 200, ""model"": null, ""optimizer"": null, ""patience"": 20}",linear,0.1,0.5,0.5,True,0,,,,,0.0,,,0.0775,False,-0.049070803256028264,0.9411764705882353,1.0,0.9844444444444445,0.9675,0.8169014084507042,0.9608355091383812,0.9099039872217738,0.8597222222222223,,requires predict_proba,,requires predict_proba,,0.5150000000012369,success,
nnpu,sar-pi0.1-scalesmall,110,"{""batch_size"": 256, ""beta"": 0.0, ""device"": null, ""gamma"": 1.0, ""loss"": ""sigmoid"", ""max_epochs"": 200, ""model"": null, ""optimizer"": null, ""patience"": 20}",linear,0.1,0.5,0.5,True,0,,,,,0.0,,,0.115,False,-0.044000000000000004,1.0,0.8695652173913043,0.999375,0.985,0.9302325581395349,0.944,0.994562204930932,0.9916666666666667,,requires predict_proba,,requires predict_proba,,0.46899999999914144,success,
nnpu,sar-pi0.1-scalesmall,111,"{""batch_size"": 256, ""beta"": 0.0, ""device"": null, ""gamma"": 1.0, ""loss"": ""sigmoid"", ""max_epochs"": 200, ""model"": null, ""optimizer"": null, ""patience"": 20}",linear,0.1,0.5,0.5,True,0,,,,,0.0,,,0.1375,False,-0.007894736842105274,1.0,0.7272727272727273,0.9752083333333333,0.9475,0.7789473684210526,0.9078947368421053,0.9057431538092351,0.9375,,requires predict_proba,,requires predict_proba,,0.48400000000037835,success,
nnpu,sar-pi0.1-scalesmall,112,"{""batch_size"": 256, ""beta"": 0.0, ""device"": null, ""gamma"": 1.0, ""loss"": ""sigmoid"", ""max_epochs"": 200, ""model"": null, ""optimizer"": null, ""patience"": 20}",linear,0.1,0.5,0.5,True,0,,,,,0.0,,,0.105,False,-0.038253949948102876,0.9565217391304348,0.9109730848861284,0.993125,0.97,0.8536585365853658,0.946949602122016,0.9505526642344269,0.9277777777777778,,requires predict_proba,,requires predict_proba,,0.48400000000037835,success,
nnpu,sar-pi0.1-scalesmall,113,"{""batch_size"": 256, ""beta"": 0.0, ""device"": null, ""gamma"": 1.0, ""loss"": ""sigmoid"", ""max_epochs"": 200, ""model"": null, ""optimizer"": null, ""patience"": 20}",linear,0.1,0.5,0.5,True,0,,,,,0.0,,,0.095,False,-0.052631578947368425,1.0,1.0,0.9983333333333333,0.99,0.9487179487179487,0.9526315789473684,0.9891971544715445,0.9611111111111111,,requires predict_proba,,requires predict_proba,,0.48400000000037835,success,
nnpu,sar-pi0.1-scalesmall,114,"{""batch_size"": 256, ""beta"": 0.0, ""device"": null, ""gamma"": 1.0, ""loss"": ""sigmoid"", ""max_epochs"": 200, ""model"": null, ""optimizer"": null, ""patience"": 20}",linear,0.1,0.5,0.5,True,0,,,,,0.0,,,0.1075,False,-0.03700787401574804,1.0,0.930232558139535,0.9995833333333334,0.9925,0.963855421686747,0.937007874015748,0.9960962034044512,0.9958333333333333,,requires predict_proba,,requires predict_proba,,0.4220000000004802,success,
nnpu,sar-pi0.1-scalesmall,115,"{""batch_size"": 256, ""beta"": 0.0, ""device"": null, ""gamma"": 1.0, ""loss"": ""sigmoid"", ""max_epochs"": 200, ""model"": null, ""optimizer"": null, ""patience"": 20}",linear,0.1,0.5,0.5,True,0,,,,,0.0,,,0.1075,False,0.006696821208694553,0.8095238095238095,0.753045404208195,0.9911111111111112,0.9625,0.8192771084337349,0.9313984168865436,0.9386752932354225,0.9125,,requires predict_proba,,requires predict_proba,,0.40600000000085856,success,
nnpu,sar-pi0.1-scalesmall,116,"{""batch_size"": 256, ""beta"": 0.0, ""device"": null, ""gamma"": 1.0, ""loss"": ""sigmoid"", ""max_epochs"": 200, ""model"": null, ""optimizer"": null, ""patience"": 20}",linear,0.1,0.5,0.5,True,0,,,,,0.0,,,0.085,False,-0.029212212589521308,0.8571428571428571,1.0,0.9961805555555555,0.98,0.8918918918918919,0.9577836411609498,0.9710362037569686,0.9111111111111111,,requires predict_proba,,requires predict_proba,,0.4220000000004802,success,
nnpu,sar-pi0.1-scalesmall,117,"{""batch_size"": 256, ""beta"": 0.0, ""device"": null, ""gamma"": 1.0, ""loss"": ""sigmoid"", ""max_epochs"": 200, ""model"": null, ""optimizer"": null, ""patience"": 20}",linear,0.1,0.5,0.5,True,0,,,,,0.0,,,0.09,False,-0.029523809523809535,0.9333333333333333,1.0,0.9931944444444445,0.975,0.868421052631579,0.9428571428571428,0.9556094311098327,0.9083333333333333,,requires predict_proba,,requires predict_proba,,0.5309999999990396,success,
nnpu,sar-pi0.1-scalesmall,118,"{""batch_size"": 256, ""beta"": 0.0, ""device"": null, ""gamma"": 1.0, ""loss"": ""sigmoid"", ""max_epochs"": 200, ""model"": null, ""optimizer"": null, ""patience"": 20}",linear,0.1,0.5,0.5,True,0,,,,,0.0,,,0.125,False,-0.023482849604221645,1.0,0.8,0.9949305555555555,0.97,0.8666666666666667,0.9234828496042217,0.9727002287664632,0.9722222222222222,,requires predict_proba,,requires predict_proba,,0.4059999999990396,success,
nnpu,sar-pi0.1-scalesmall,119,"{""batch_size"": 256, ""beta"": 0.0, ""device"": null, ""gamma"": 1.0, ""loss"": ""sigmoid"", ""max_epochs"": 200, ""model"": null, ""optimizer"": null, ""patience"": 20}",linear,0.1,0.5,0.5,True,0,,,,,0.0,,,0.11,False,-0.008081226688769177,0.8947368421052632,0.8133971291866029,0.9898611111111111,0.96,0.8095238095238095,0.9291338582677166,0.9210291489047024,0.9111111111111111,,requires predict_proba,,requires predict_proba,,0.4530000000013388,success,
nnpu,sar-pi0.1-scalemid,100,"{""batch_size"": 256, ""beta"": 0.0, ""device"": null, ""gamma"": 1.0, ""loss"": ""sigmoid"", ""max_epochs"": 200, ""model"": null, ""optimizer"": null, ""patience"": 20}",linear,0.1,0.5,0.5,True,0,,,,,0.5,,,0.097,False,-0.049027850761954817,1.0,1.0,0.9985611111111111,0.99,0.949238578680203,0.9490278507619548,0.989405098252861,0.9655555555555555,,requires predict_proba,,requires predict_proba,,1.8279999999995198,success,
nnpu,sar-pi0.1-scalemid,101,"{""batch_size"": 256, ""beta"": 0.0, ""device"": null, ""gamma"": 1.0, ""loss"": ""sigmoid"", ""max_epochs"": 200, ""model"": null, ""optimizer"": null, ""patience"": 20}",linear,0.1,0.5,0.5,True,0,,,,,0.625,,,0.1035,False,-0.040220241216570536,1.0,0.9661835748792271,0.9989277777777779,0.9905,0.9533169533169533,0.9402202412165706,0.992343472167216,0.9813888888888889,,requires predict_proba,,requires predict_proba,,1.8590000000003783,success,
nnpu,sar-pi0.1-scalemid,102,"{""batch_size"": 256, ""beta"": 0.0, ""device"": null, ""gamma"": 1.0, ""loss"": ""sigmoid"", ""max_epochs"": 200, ""model"": null, ""optimizer"": null, ""patience"": 20}",linear,0.1,0.5,0.5,True,0,,,,,0.375,,,0.103,False,-0.044269380575449185,0.9904761904761905,0.9616273693943598,0.9994527777777777,0.992,0.9605911330049262,0.946174142480211,0.9953666982569184,0.9844444444444445,,requires predict_proba,,requires predict_proba,,1.8439999999991414,success,
nnpu,sar-pi0.1-scalemid,103,"{""batch_size"": 256, ""beta"": 0.0, ""device"": null, ""gamma"": 1.0, ""loss"": ""sigmoid"", ""max_epochs"": 200, ""model"": null, ""optimizer"": null, ""patience"": 20}",linear,0.1,0.5,0.5,True,0,,,,,0.625,,,0.098,False,-0.05006674503397024,0.9905660377358491,1.0,0.9984527777777777,0.994,0.9696969696969697,0.9519535374868004,0.9927148830985337,0.9788888888888889,,requires predict_proba,,requires predict_proba,,1.7659999999996217,success,
nnpu,sar-pi0.1-scalemid,104,"{""batch_size"": 256, ""beta"": 0.0, ""device"": null, ""gamma"": 1.0, ""loss"": ""sigmoid"", ""max_epochs"": 200, ""model"": null, ""optimizer"": null, ""patience"": 20}",linear,0.1,0.5,0.5,True,0,,,,,0.625,,,0.09,False,-0.047789473684210534,0.96,1.0,0.9983361111111111,0.988,0.9368421052631579,0.9557894736842105,0.9897338790201642,0.9444444444444444,,requires predict_proba,,requires predict_proba,,1.8430000000007567,success,
nnpu,sar-pi0.1-scalemid,105,"{""batch_size"": 256, ""beta"": 0.0, ""device"": null, ""gamma"": 1.0, ""loss"": ""sigmoid"", ""max_epochs"": 200, ""model"": null, ""optimizer"": null, ""patience"": 20}",linear,0.1,0.5,0.5,True,0,,,,,0.375,,,0.099,False,-0.04246861924686193,1.0,1.0,0.9992,0.991,0.9547738693467337,0.9424686192468619,0.9935042471397074,0.9727777777777777,,requires predict_proba,,requires predict_proba,,1.8439999999991414,success,
nnpu,sar-pi0.1-scalemid,106,"{""batch_size"": 256, ""beta"": 0.0, ""device"": null, ""gamma"": 1.0, ""loss"": ""sigmoid"", ""max_epochs"": 200, ""model"": null, ""optimizer"": null, ""patience"": 20}",linear,0.1,0.5,0.5,True,0,,,,,0.625,,,0.0925,False,-0.05327561327561328,0.9727272727272728,1.0,0.998786111111111,0.9885,0.9402597402597402,0.9587301587301588,0.9908740081854305,0.9513888888888888,,requires predict_proba,,requires predict_proba,,1.8279999999995198,success,
nnpu,sar-pi0.1-scalemid,107,"{""batch_size"": 256, ""beta"": 0.0, ""device"": null, ""gamma"": 1.0, ""loss"": ""sigmoid"", ""max_epochs"": 200, ""model"": null, ""optimizer"": null, ""patience"": 20}",linear,0.1,0.5,0.5,True,0,,,,,0.625,,,0.0945,False,-0.04501777373949915,0.9696969696969697,1.0,0.9974916666666667,0.9865,0.9305912596401028,0.9510783798001052,0.9859202963056607,0.9502777777777778,,requires predict_proba,,requires predict_proba,,1.8439999999991414,success,
nnpu,sar-pi0.1-scalemid,108,"{""batch_size"": 256, ""beta"": 0.0, ""device"": null, ""gamma"": 1.0, ""loss"": ""sigmoid"", ""max_epochs"": 200, ""model"": null, ""optimizer"": null, ""patience"": 20}",linear,0.1,0.5,0.5,True,0,,,,,0.5,,,0.1005,False,-0.0437977885110973,0.98989898989899,0.9849741193024776,0.9994583333333333,0.9925,0.9625935162094763,0.9458179905312993,0.9954811245782639,0.9802777777777778,,requires predict_proba,,requires predict_proba,,1.8430000000007567,success,
nnpu,sar-pi0.1-scalemid,109,"{""batch_size"": 256, ""beta"": 0.0, ""device"": null, ""gamma"": 1.0, ""loss"": ""sigmoid"", ""max_epochs"": 200, ""model"": null, ""optimizer"": null, ""patience"": 20}",linear,0.1,0.5,0.5,True,0,,,,,0.375,,,0.089,False,-0.054180173388616665,0.9714285714285714,1.0,0.9979388888888889,0.987,0.9312169312169312,0.9598944591029024,0.987434177696132,0.9394444444444445,,requires predict_proba,,requires predict_proba,,1.8439999999991414,success,
nnpu,sar-pi0.1-scalemid,110,"{""batch_size"": 256, ""beta"": 0.0, ""device"": null, ""gamma"": 1.0, ""loss"": ""sigmoid"", ""max_epochs"": 200, ""model"": null, ""optimizer"": null, ""patience"": 20}",linear,0.1,0.5,0.5,True,0,,,,,0.5,,,0.1045,False,-0.035736677115987464,1.0,0.9569377990430623,0.9989027777777778,0.9895,0.9486552567237164,0.9357366771159875,0.9923356224588556,0.9808333333333333,,requires predict_proba,,requires predict_proba,,1.875,success,
nnpu,sar-pi0.1-scalemid,111,"{""batch_size"": 256, ""beta"": 0.0, ""device"": null, ""gamma"": 1.0, ""loss"": ""sigmoid"", ""max_epochs"": 200, ""model"": null, ""optimizer"": null, ""patience"": 20}",linear,0.1,0.5,0.5,True,0,,,,,0.375,,,0.101,False,-0.04631578947368421,1.0,0.9900990099009901,0.99885,0.993,0.9651741293532339,0.9463157894736842,0.9895301487825262,0.9827777777777778,,requires predict_proba,,requires predict_proba,,1.8590000000003783,success,
nnpu,sar-pi0.1-scalemid,112,"{""batch_size"": 256, ""beta"": 0.0, ""device"": null, ""gamma"": 1.0, ""loss"": ""sigmoid"", ""max_epochs"": 200, ""model"": null, ""optimizer"": null, ""patience"": 20}",linear,0.1,0.5,0.5,True,0,,,,,0.625,,,0.097,False,-0.05052631578947369,1.0,1.0,0.9986388888888889,0.992,0.9593908629441624,0.9505263157894737,0.9914675930108847,0.971111111111111,,requires predict_proba,,requires predict_proba,,1.9689999999991414,success,
nnpu,sar-pi0.1-scalemid,113,"{""batch_size"": 256, ""beta"": 0.0, ""device"": null, ""gamma"": 1.0, ""loss"": ""sigmoid"", ""max_epochs"": 200, ""model"": null, ""optimizer"": null, ""patience"": 20}",linear,0.1,0.5,0.5,True,0,,,,,0.5,,,0.0995,False,-0.04070424075662421,0.989010989010989,0.9939808934783809,0.9987583333333333,0.9925,0.9624060150375939,0.9429020429544264,0.9900921733232815,0.9780555555555555,,requires predict_proba,,requires predict_proba,,1.9060000000008586,success,
nnpu,sar-pi0.1-scalemid,114,"{""batch_size"": 256, ""beta"": 0.0, ""device"": null, ""gamma"": 1.0, ""loss"": ""sigmoid"", ""max_epochs"": 200, ""model"": null, ""optimizer"": null, ""patience"": 20}",linear,0.1,0.5,0.5,True,0,,,,,0.5,,,0.105,False,-0.04658910629296669,1.0,0.9523809523809524,0.9991472222222223,0.99,0.9512195121951219,0.9465891062929667,0.9928585866585548,0.9833333333333334,,requires predict_proba,,requires predict_proba,,1.75,success,
nnpu,sar-pi0.1-scalemid,115,"{""batch_size"": 256, ""beta"": 0.0, ""device"": null, ""gamma"": 1.0, ""loss"": ""sigmoid"", ""max_epochs"": 200, ""model"": null, ""optimizer"": null, ""patience"": 20}",linear,0.1,0.5,0.5,True,0,,,,,0.625,,,0.1005,False,-0.04447543661263978,0.9809523809523809,0.9760720208481402,0.997925,0.9905,0.9526184538653366,0.9482849604221636,0.988451181265043,0.9747222222222223,,requires predict_proba,,requires predict_proba,,1.8590000000003783,success,
nnpu,sar-pi0.1-scalemid,116,"{""batch_size"": 256, ""beta"": 0.0, ""device"": null, ""gamma"": 1.0, ""loss"": ""sigmoid"", ""max_epochs"": 200, ""model"": null, ""optimizer"": null, ""patience"": 20}",linear,0.1,0.5,0.5,True,0,,,,,0.5,,,0.0995,False,-0.043653244605606586,0.9716981132075472,0.9765810182990424,0.9988638888888889,0.9915,0.9573934837092731,0.9493136219640972,0.9915141235342232,0.9752777777777777,,requires predict_proba,,requires predict_proba,,1.875,success,
nnpu,sar-pi0.1-scalemid,117,"{""batch_size"": 256, ""beta"": 0.0, ""device"": null, ""gamma"": 1.0, ""loss"": ""sigmoid"", ""max_epochs"": 200, ""model"": null, ""optimizer"": null, ""patience"": 20}",linear,0.1,0.5,0.5,True,0,,,,,0.625,,,0.098,False,-0.05006674503397024,0.9905660377358491,1.0,0.9990833333333333,0.994,0.9696969696969697,0.9519535374868004,0.9929442032287082,0.9788888888888889,,requires predict_proba,,requires predict_proba,,1.8909999999996217,success,
nnpu,sar-pi0.1-scalemid,118,"{""batch_size"": 256, ""beta"": 0.0, ""device"": null, ""gamma"": 1.0, ""loss"": ""sigmoid"", ""max_epochs"": 200, ""model"": null, ""optimizer"": null, ""patience"": 20}",linear,0.1,0.5,0.5,True,0,,,,,0.25,,,0.1005,False,-0.04276210649489954,0.9896907216494846,0.9847668872134174,0.9996138888888889,0.9945,0.972568578553616,0.9448239621650026,0.9964649282221009,0.9858333333333333,,requires predict_proba,,requires predict_proba,,1.9069999999992433,success,
nnpu,sar-pi0.1-scalemid,119,"{""batch_size"": 256, ""beta"": 0.0, ""device"": null, ""gamma"": 1.0, ""loss"": ""sigmoid"", ""max_epochs"": 200, ""model"": null, ""optimizer"": null, ""patience"": 20}",linear,0.1,0.5,0.5,True,0,,,,,0.375,,,0.094,False,-0.04441874197550261,0.9690721649484536,1.0,0.9971333333333333,0.987,0.9329896907216495,0.9506043089858118,0.9832840877120261,0.9505555555555556,,requires predict_proba,,requires predict_proba,,1.9840000000003783,success,
nnpu,sar-pi0.3-scalesmall,100,"{""batch_size"": 256, ""beta"": 0.0, ""device"": null, ""gamma"": 1.0, ""loss"": ""sigmoid"", ""max_epochs"": 200, ""model"": null, ""optimizer"": null, ""patience"": 20}",linear,0.3,0.5,0.5,True,0,,,,,0.0,,,0.2925,False,-0.10094777172817099,0.9655172413793104,0.9902740937223697,0.9919940476190476,0.9575,0.9282700421940928,0.8216374269005848,0.9830934361873307,0.9458333333333333,,requires predict_proba,,requires predict_proba,,0.4529999999995198,success,
nnpu,sar-pi0.3-scalesmall,101,"{""batch_size"": 256, ""beta"": 0.0, ""device"": null, ""gamma"": 1.0, ""loss"": ""sigmoid"", ""max_epochs"": 200, ""model"": null, ""optimizer"": null, ""patience"": 20}",linear,0.3,0.5,0.5,True,0,,,,,0.0,,,0.3175,False,-0.08999999999999997,0.9833333333333333,0.9291338582677164,0.9963392857142856,0.9775,0.9635627530364372,0.8,0.9906372969523736,0.9815476190476191,,requires predict_proba,,requires predict_proba,,0.43699999999989814,success,
nnpu,sar-pi0.3-scalesmall,102,"{""batch_size"": 256, ""beta"": 0.0, ""device"": null, ""gamma"": 1.0, ""loss"": ""sigmoid"", ""max_epochs"": 200, ""model"": null, ""optimizer"": null, ""patience"": 20}",linear,0.3,0.5,0.5,True,0,,,,,0.0,,,0.2925,False,-0.1250728862973761,1.0,1.0,0.9971726190476191,0.9875,0.9789029535864979,0.8250728862973761,0.9945294206065556,0.9815476190476191,,requires predict_proba,,requires predict_proba,,0.4530000000013388,success,
nnpu,sar-pi0.3-scalesmall,103,"{""batch_size"": 256, ""beta"": 0.0, ""device"": null, ""gamma"": 1.0, ""loss"": ""sigmoid"", ""max_epochs"": 200, ""model"": null, ""optimizer"": null, ""patience"": 20}",linear,0.3,0.5,0.5,True,0,,,,,0.0,,,0.2875,False,-0.11722943722943721,0.9428571428571428,0.9838509316770188,0.9953869047619047,0.9575,0.9276595744680851,0.8515151515151516,0.9893598208515041,0.9434523809523809,,requires predict_proba,,requires predict_proba,,0.5619999999998981,success,
nnpu,sar-pi0.3-scalesmall,104,"{""batch_size"": 256, ""beta"": 0.0, ""device"": null, ""gamma"": 1.0, ""loss"": ""sigmoid"", ""max_epochs"": 200, ""model"": null, ""optimizer"": null, ""patience"": 20}",linear,0.3,0.5,0.5,True,0,,,,,0.0,,,0.2125,False,-0.14643440391943385,0.8787878787878788,1.0,0.995625,0.9125,0.8292682926829268,0.9191616766467066,0.9904515510025501,0.8541666666666667,,requires predict_proba,,requires predict_proba,,0.46899999999914144,success,
nnpu,sar-pi0.3-scalesmall,105,"{""batch_size"": 256, ""beta"": 0.0, ""device"": null, ""gamma"": 1.0, ""loss"": ""sigmoid"", ""max_epochs"": 200, ""model"": null, ""optimizer"": null, ""patience"": 20}",linear,0.3,0.5,0.5,True,0,,,,,0.5,,,0.295,False,-0.12697947214076244,1.0,1.0,0.998422619047619,0.98,0.9663865546218487,0.8269794721407625,0.99679221298597,0.9738095238095239,,requires predict_proba,,requires predict_proba,,1.0,success,
nnpu,sar-pi0.3-scalesmall,106,"{""batch_size"": 256, ""beta"": 0.0, ""device"": null, ""gamma"": 1.0, ""loss"": ""sigmoid"", ""max_epochs"": 200, ""model"": null, ""optimizer"": null, ""patience"": 20}",linear,0.3,0.5,0.5,True,0,,,,,0.0,,,0.2625,False,-0.07544157128726864,0.873015873015873,0.9977324263038548,0.980327380952381,0.9325,0.88,0.8516320474777448,0.960621111595876,0.9017857142857142,,requires predict_proba,,requires predict_proba,,0.9850000000005821,success,
nnpu,sar-pi0.3-scalesmall,107,"{""batch_size"": 256, ""beta"": 0.0, ""device"": null, ""gamma"": 1.0, ""loss"": ""sigmoid"", ""max_epochs"": 200, ""model"": null, ""optimizer"": null, ""patience"": 20}",linear,0.3,0.5,0.5,True,0,,,,,0.5,,,0.2575,False,-0.11637764932562619,0.9444444444444444,1.0,0.9932142857142857,0.9525,0.9147982062780269,0.8497109826589595,0.9859033139808596,0.9232142857142858,,requires predict_proba,,requires predict_proba,,1.2029999999995198,success,
nnpu,sar-pi0.3-scalesmall,108,"{""batch_size"": 256, ""beta"": 0.0, ""device"": null, ""gamma"": 1.0, ""loss"": ""sigmoid"", ""max_epochs"": 200, ""model"": null, ""optimizer"": null, ""patience"": 20}",linear,0.3,0.5,0.5,True,0,,,,,0.5,,,0.3025,False,-0.12300884955752212,1.0,0.9917355371900827,0.9985416666666667,0.9875,0.979253112033195,0.8230088495575221,0.996903002372616,0.9863095238095239,,requires predict_proba,,requires predict_proba,,1.140000000001237,success,
nnpu,sar-pi0.3-scalesmall,109,"{""batch_size"": 256, ""beta"": 0.0, ""device"": null, ""gamma"": 1.0, ""loss"": ""sigmoid"", ""max_epochs"": 200, ""model"": null, ""optimizer"": null, ""patience"": 20}",linear,0.3,0.5,0.5,True,0,,,,,0.5,,,0.245,False,-0.13368659036314823,0.9206349206349206,1.0,0.9874404761904763,0.94,0.8899082568807339,0.8813056379821959,0.9754666469957188,0.9023809523809524,,requires predict_proba,,requires predict_proba,,1.0470000000004802,success,
nnpu,sar-pi0.3-scalesmall,110,"{""batch_size"": 256, ""beta"": 0.0, ""device"": null, ""gamma"": 1.0, ""loss"": ""sigmoid"", ""max_epochs"": 200, ""model"": null, ""optimizer"": null, ""patience"": 20}",linear,0.3,0.5,0.5,True,0,,,,,0.0,,,0.3025,False,-0.09743701339523186,0.9672131147540983,0.9592196179379489,0.9955654761904762,0.9725,0.9543568464730291,0.8171091445427728,0.9915037947643403,0.968452380952381,,requires predict_proba,,requires predict_proba,,1.0630000000001019,success,
nnpu,sar-pi0.3-scalesmall,111,"{""batch_size"": 256, ""beta"": 0.0, ""device"": null, ""gamma"": 1.0, ""loss"": ""sigmoid"", ""max_epochs"": 200, ""model"": null, ""optimizer"": null, ""patience"": 20}",linear,0.3,0.5,0.5,True,0,,,,,0.0,,,0.325,False,-0.07868681345991349,0.9830508474576272,0.9074315514993481,0.9841964285714286,0.945,0.912,0.7888563049853372,0.9714089891219658,0.9464285714285714,,requires predict_proba,,requires predict_proba,,1.1090000000003783,success,
nnpu,sar-pi0.3-scalesmall,112,"{""batch_size"": 256, ""beta"": 0.0, ""device"": null, ""gamma"": 1.0, ""loss"": ""sigmoid"", ""max_epochs"": 200, ""model"": null, ""optimizer"": null, ""patience"": 20}",linear,0.3,0.5,0.5,True,0,,,,,0.5,,,0.28,False,-0.1324404761904762,0.96875,1.0,0.985922619047619,0.945,0.9051724137931034,0.8511904761904762,0.9711922732802797,0.925,,requires predict_proba,,requires predict_proba,,0.9069999999992433,success,
nnpu,sar-pi0.3-scalesmall,113,"{""batch_size"": 256, ""beta"": 0.0, ""device"": null, ""gamma"": 1.0, ""loss"": ""sigmoid"", ""max_epochs"": 200, ""model"": null, ""optimizer"": null, ""patience"": 20}",linear,0.3,0.5,0.5,True,0,,,,,0.5,,,0.285,False,-0.10178571428571426,0.9375,0.986842105263158,0.9975892857142856,0.975,0.9572649572649573,0.8392857142857143,0.9950365929146158,0.9630952380952381,,requires predict_proba,,requires predict_proba,,0.7970000000004802,success,
nnpu,sar-pi0.3-scalesmall,114,"{""batch_size"": 256, ""beta"": 0.0, ""device"": null, ""gamma"": 1.0, ""loss"": ""sigmoid"", ""max_epochs"": 200, ""model"": null, ""optimizer"": null, ""patience"": 20}",linear,0.3,0.5,0.5,True,0,,,,,0.5,,,0.3,False,-0.11836936555037444,0.9841269841269841,0.984126984126984,0.9977380952380953,0.99,0.9833333333333333,0.827893175074184,0.9953276179542543,0.9880952380952381,,requires predict_proba,,requires predict_proba,,0.7810000000008586,success,
nnpu,sar-pi0.3-scalesmall,115,"{""batch_size"": 256, ""beta"": 0.0, ""device"": null, ""gamma"": 1.0, ""loss"": ""sigmoid"", ""max_epochs"": 200, ""model"": null, ""optimizer"": null, ""patience"": 20}",linear,0.3,0.5,0.5,True,0,,,,,0.0,,,0.2825,False,-0.08747591522157996,0.9444444444444444,1.0,0.990297619047619,0.9525,0.9184549356223176,0.8208092485549133,0.9811210149550417,0.9351190476190476,,requires predict_proba,,requires predict_proba,,0.8119999999998981,success,
nnpu,sar-pi0.3-scalesmall,116,"{""batch_size"": 256, ""beta"": 0.0, ""device"": null, ""gamma"": 1.0, ""loss"": ""sigmoid"", ""max_epochs"": 200, ""model"": null, ""optimizer"": null, ""patience"": 20}",linear,0.3,0.5,0.5,True,0,,,,,0.0,,,0.265,False,-0.09400648978812748,0.9032258064516129,1.0,0.99625,0.96,0.9292035398230089,0.8520710059171598,0.9917254356475792,0.9357142857142857,,requires predict_proba,,requires predict_proba,,0.8289999999997235,success,
nnpu,sar-pi0.3-scalesmall,117,"{""batch_size"": 256, ""beta"": 0.0, ""device"": null, ""gamma"": 1.0, ""loss"": ""sigmoid"", ""max_epochs"": 200, ""model"": null, ""optimizer"": null, ""patience"": 20}",linear,0.3,0.5,0.5,True,0,,,,,0.0,,,0.255,False,-0.06908395049455737,0.864406779661017,1.0,0.9957142857142858,0.95,0.9099099099099099,0.8504398826979472,0.9905019079075312,0.9190476190476191,,requires predict_proba,,requires predict_proba,,0.8600000000005821,success,
nnpu,sar-pi0.3-scalesmall,118,"{""batch_size"": 256, ""beta"": 0.0, ""device"": null, ""gamma"": 1.0, ""loss"": ""sigmoid"", ""max_epochs"": 200, ""model"": null, ""optimizer"": null, ""patience"": 20}",linear,0.3,0.5,0.5,True,0,,,,,0.0,,,0.305,False,-0.09451827242524916,0.9821428571428571,0.9660421545667446,0.9930357142857142,0.97,0.9504132231404959,0.8052325581395349,0.9861444111238661,0.9666666666666667,,requires predict_proba,,requires predict_proba,,1.1410000000014406,success,
nnpu,sar-pi0.3-scalesmall,119,"{""batch_size"": 256, ""beta"": 0.0, ""device"": null, ""gamma"": 1.0, ""loss"": ""sigmoid"", ""max_epochs"": 200, ""model"": null, ""optimizer"": null, ""patience"": 20}",linear,0.3,0.5,0.5,True,0,,,,,0.0,,,0.275,False,-0.07663690476190477,0.890625,0.9715909090909088,0.98875,0.925,0.8695652173913043,0.8422619047619048,0.9731736092484728,0.8988095238095238,,requires predict_proba,,requires predict_proba,,0.8899999999994179,success,
nnpu,sar-pi0.3-scalemid,100,"{""batch_size"": 256, ""beta"": 0.0, ""device"": null, ""gamma"": 1.0, ""loss"": ""sigmoid"", ""max_epochs"": 200, ""model"": null, ""optimizer"": null, ""patience"": 20}",linear,0.3,0.5,0.5,True,0,,,,,0.7142857142857143,,,0.303,False,-0.12084536633888149,0.996742671009772,0.9868739316928435,0.9964023809523809,0.975,0.9585406301824212,0.8227997637330183,0.9928749178921518,0.9716666666666667,,requires predict_proba,,requires predict_proba,,3.75,success,
nnpu,sar-pi0.3-scalemid,101,"{""batch_size"": 256, ""beta"": 0.0, ""device"": null, ""gamma"": 1.0, ""loss"": ""sigmoid"", ""max_epochs"": 200, ""model"": null, ""optimizer"": null, ""patience"": 20}",linear,0.3,0.5,0.5,True,0,,,,,0.5714285714285714,,,0.3095,False,-0.09669227486128895,0.9894366197183099,0.9590661903570047,0.9982702380952381,0.9775,0.963084495488105,0.803030303030303,0.996164239216931,0.9777380952380952,,requires predict_proba,,requires predict_proba,,3.2659999999996217,success,
nnpu,sar-pi0.3-scalemid,102,"{""batch_size"": 256, ""beta"": 0.0, ""device"": null, ""gamma"": 1.0, ""loss"": ""sigmoid"", ""max_epochs"": 200, ""model"": null, ""optimizer"": null, ""patience"": 20}",linear,0.3,0.5,0.5,True,0,,,,,0.42857142857142855,,,0.309,False,-0.11767980782817578,0.9968253968253968,0.9677916474032979,0.998727380952381,0.982,0.9704433497536946,0.8195845697329377,0.9971816236329942,0.9828571428571429,,requires predict_proba,,requires predict_proba,,3.25,success,
nnpu,sar-pi0.3-scalemid,103,"{""batch_size"": 256, ""beta"": 0.0, ""device"": null, ""gamma"": 1.0, ""loss"": ""sigmoid"", ""max_epochs"": 200, ""model"": null, ""optimizer"": null, ""patience"": 20}",linear,0.3,0.5,0.5,True,0,,,,,0.42857142857142855,,,0.304,False,-0.1002564315168086,0.9826989619377162,0.9697687124385357,0.9972916666666667,0.976,0.9602649006622517,0.8106370543541789,0.9945251181250994,0.9733333333333334,,requires predict_proba,,requires predict_proba,,3.186999999999898,success,
nnpu,sar-pi0.3-scalemid,104,"{""batch_size"": 256, ""beta"": 0.0, ""device"": null, ""gamma"": 1.0, ""loss"": ""sigmoid"", ""max_epochs"": 200, ""model"": null, ""optimizer"": null, ""patience"": 20}",linear,0.3,0.5,0.5,True,0,,,,,0.5714285714285714,,,0.2935,False,-0.11615594467707141,0.9831081081081081,1.0,0.9978559523809524,0.9795,0.9654591406908172,0.8262910798122066,0.9952990286333226,0.9724999999999999,,requires predict_proba,,requires predict_proba,,3.25,success,
nnpu,sar-pi0.3-scalemid,105,"{""batch_size"": 256, ""beta"": 0.0, ""device"": null, ""gamma"": 1.0, ""loss"": ""sigmoid"", ""max_epochs"": 200, ""model"": null, ""optimizer"": null, ""patience"": 20}",linear,0.3,0.5,0.5,True,0,,,,,0.5714285714285714,,,0.3095,False,-0.10807489760093622,1.0,0.9693053311793215,0.9993333333333334,0.9855,0.9762100082034455,0.8080748976009362,0.9984920544229384,0.9872619047619048,,requires predict_proba,,requires predict_proba,,3.25,success,
nnpu,sar-pi0.3-scalemid,106,"{""batch_size"": 256, ""beta"": 0.0, ""device"": null, ""gamma"": 1.0, ""loss"": ""sigmoid"", ""max_epochs"": 200, ""model"": null, ""optimizer"": null, ""patience"": 20}",linear,0.3,0.5,0.5,True,0,,,,,0.7142857142857143,,,0.298,False,-0.12166191118439407,0.990228013029316,0.9968738386201168,0.9963380952380951,0.971,0.9515050167224081,0.8275251033668045,0.992283124963482,0.9645238095238096,,requires predict_proba,,requires predict_proba,,3.235000000000582,success,
nnpu,sar-pi0.3-scalemid,107,"{""batch_size"": 256, ""beta"": 0.0, ""device"": null, ""gamma"": 1.0, ""loss"": ""sigmoid"", ""max_epochs"": 200, ""model"": null, ""optimizer"": null, ""patience"": 20}",linear,0.3,0.5,0.5,True,0,,,,,0.5714285714285714,,,0.2925,False,-0.11103828474010019,0.9792387543252595,1.0,0.9952321428571428,0.9705,0.950210970464135,0.8234950321449445,0.990045654430258,0.9613095238095238,,requires predict_proba,,requires predict_proba,,3.25,success,
nnpu,sar-pi0.3-scalemid,108,"{""batch_size"": 256, ""beta"": 0.0, ""device"": null, ""gamma"": 1.0, ""loss"": ""sigmoid"", ""max_epochs"": 200, ""model"": null, ""optimizer"": null, ""patience"": 20}",linear,0.3,0.5,0.5,True,0,,,,,0.42857142857142855,,,0.3085,False,-0.11352941176470588,1.0,0.9724473257698542,0.9989833333333333,0.9835,0.9728841413311422,0.8135294117647058,0.9976697974966393,0.9844047619047619,,requires predict_proba,,requires predict_proba,,3.2659999999996217,success,
nnpu,sar-pi0.3-scalemid,109,"{""batch_size"": 256, ""beta"": 0.0, ""device"": null, ""gamma"": 1.0, ""loss"": ""sigmoid"", ""max_epochs"": 200, ""model"": null, ""optimizer"": null, ""patience"": 20}",linear,0.3,0.5,0.5,True,0,,,,,0.2857142857142857,,,0.291,False,-0.1314716548959725,0.9903225806451613,1.0,0.9957535714285715,0.973,0.9543147208121827,0.8372781065088757,0.9917094707335635,0.9635714285714285,,requires predict_proba,,requires predict_proba,,3.42200000000048,success,
nnpu,sar-pi0.3-scalemid,110,"{""batch_size"": 256, ""beta"": 0.0, ""device"": null, ""gamma"": 1.0, ""loss"": ""sigmoid"", ""max_epochs"": 200, ""model"": null, ""optimizer"": null, ""patience"": 20}",linear,0.3,0.5,0.5,True,0,,,,,0.5714285714285714,,,0.312,False,-0.10186480186480185,1.0,0.9615384615384615,0.99735,0.972,0.954248366013072,0.8018648018648019,0.9941017476031092,0.9723809523809523,,requires predict_proba,,requires predict_proba,,3.313000000000102,success,
nnpu,sar-pi0.3-scalemid,111,"{""batch_size"": 256, ""beta"": 0.0, ""device"": null, ""gamma"": 1.0, ""loss"": ""sigmoid"", ""max_epochs"": 200, ""model"": null, ""optimizer"": null, ""patience"": 20}",linear,0.3,0.5,0.5,True,0,,,,,0.5714285714285714,,,0.3095,False,-0.10928078899093391,0.9966555183946488,0.9660635073292234,0.9976357142857144,0.9755,0.9598031173092699,0.8112874779541446,0.9948940930442935,0.9753571428571428,,requires predict_proba,,requires predict_proba,,3.186999999999898,success,
nnpu,sar-pi0.3-scalemid,112,"{""batch_size"": 256, ""beta"": 0.0, ""device"": null, ""gamma"": 1.0, ""loss"": ""sigmoid"", ""max_epochs"": 200, ""model"": null, ""optimizer"": null, ""patience"": 20}",linear,0.3,0.5,0.5,True,0,,,,,0.42857142857142855,,,0.3035,False,-0.10288352917418936,0.9829351535836177,0.9715998223231805,0.9955761904761905,0.9655,0.9428334714167357,0.8131224370240188,0.9904958711532863,0.9605952380952381,,requires predict_proba,,requires predict_proba,,3.2189999999991414,success,
nnpu,sar-pi0.3-scalemid,113,"{""batch_size"": 256, ""beta"": 0.0, ""device"": null, ""gamma"": 1.0, ""loss"": ""sigmoid"", ""max_epochs"": 200, ""model"": null, ""optimizer"": null, ""patience"": 20}",linear,0.3,0.5,0.5,True,0,,,,,0.42857142857142855,,,0.3055,False,-0.11089677363386144,0.9932885906040269,0.9754061446193388,0.9982357142857143,0.9815,0.9694467382328654,0.8149236192714454,0.9958716542648687,0.9805952380952381,,requires predict_proba,,requires predict_proba,,3.0780000000013388,success,
nnpu,sar-pi0.3-scalemid,114,"{""batch_size"": 256, ""beta"": 0.0, ""device"": null, ""gamma"": 1.0, ""loss"": ""sigmoid"", ""max_epochs"": 200, ""model"": null, ""optimizer"": null, ""patience"": 20}",linear,0.3,0.5,0.5,True,0,,,,,0.42857142857142855,,,0.317,False,-0.10672621217644915,0.9967948717948718,0.9433389953894685,0.9985154761904761,0.976,0.9611021069692058,0.808649289099526,0.9966956754042475,0.9795238095238095,,requires predict_proba,,requires predict_proba,,3.2189999999991414,success,
nnpu,sar-pi0.3-scalemid,115,"{""batch_size"": 256, ""beta"": 0.0, ""device"": null, ""gamma"": 1.0, ""loss"": ""sigmoid"", ""max_epochs"": 200, ""model"": null, ""optimizer"": null, ""patience"": 20}",linear,0.3,0.5,0.5,True,0,,,,,0.2857142857142857,,,0.3035,False,-0.11621772591856999,0.993421052631579,0.981964796670424,0.9956833333333334,0.9745,0.9577464788732394,0.8201650943396226,0.9916770655577991,0.9713095238095238,,requires predict_proba,,requires predict_proba,,3.2180000000007567,success,
nnpu,sar-pi0.3-scalemid,116,"{""batch_size"": 256, ""beta"": 0.0, ""device"": null, ""gamma"": 1.0, ""loss"": ""sigmoid"", ""max_epochs"": 200, ""model"": null, ""optimizer"": null, ""patience"": 20}",linear,0.3,0.5,0.5,True,0,,,,,0.42857142857142855,,,0.31,False,-0.10444487596115587,0.9839228295819936,0.9521833834664454,0.9966249999999999,0.97,0.9508196721311475,0.8140911782119598,0.9922060327806188,0.969047619047619,,requires predict_proba,,requires predict_proba,,3.4840000000003783,success,
nnpu,sar-pi0.3-scalemid,117,"{""batch_size"": 256, ""beta"": 0.0, ""device"": null, ""gamma"": 1.0, ""loss"": ""sigmoid"", ""max_epochs"": 200, ""model"": null, ""optimizer"": null, ""patience"": 20}",linear,0.3,0.5,0.5,True,0,,,,,0.5714285714285714,,,0.299,False,-0.12916998143728453,0.9907407407407407,0.9940542549238202,0.9977761904761905,0.978,0.9632721202003339,0.8347255369928401,0.9947535639645677,0.9733333333333334,,requires predict_proba,,requires predict_proba,,3.313000000000102,success,
nnpu,sar-pi0.3-scalemid,118,"{""batch_size"": 256, ""beta"": 0.0, ""device"": null, ""gamma"": 1.0, ""loss"": ""sigmoid"", ""max_epochs"": 200, ""model"": null, ""optimizer"": null, ""patience"": 20}",linear,0.3,0.5,0.5,True,0,,,,,0.5714285714285714,,,0.3025,False,-0.1145895939426293,0.9965870307167235,0.9883507742645192,0.9984630952380953,0.9865,0.9775933609958506,0.8166373755125952,0.9964619315551146,0.9851190476190477,,requires predict_proba,,requires predict_proba,,3.3440000000009604,success,
nnpu,sar-pi0.3-scalemid,119,"{""batch_size"": 256, ""beta"": 0.0, ""device"": null, ""gamma"": 1.0, ""loss"": ""sigmoid"", ""max_epochs"": 200, ""model"": null, ""optimizer"": null, ""patience"": 20}",linear,0.3,0.5,0.5,True,0,,,,,0.5714285714285714,,,0.2985,False,-0.1108032764521314,0.9831649831649831,0.9881055107185759,0.9954214285714286,0.9715,0.9523809523809523,0.8209042865531415,0.9906165947294944,0.9653571428571428,,requires predict_proba,,requires predict_proba,,3.2180000000007567,success,
nnpu,sar-pi0.5-scalesmall,100,"{""batch_size"": 256, ""beta"": 0.0, ""device"": null, ""gamma"": 1.0, ""loss"": ""sigmoid"", ""max_epochs"": 200, ""model"": null, ""optimizer"": null, ""patience"": 20}",linear,0.5,0.5,0.5,True,0,,,,,0.0,,,0.49,False,-0.1317436608698745,0.978021978021978,0.9979816102265082,0.9891,0.955,0.9545454545454546,0.6537216828478964,0.9905857101563275,0.955,,requires predict_proba,,requires predict_proba,,0.7819999999992433,success,
nnpu,sar-pi0.5-scalesmall,101,"{""batch_size"": 256, ""beta"": 0.0, ""device"": null, ""gamma"": 1.0, ""loss"": ""sigmoid"", ""max_epochs"": 200, ""model"": null, ""optimizer"": null, ""patience"": 20}",linear,0.5,0.5,0.5,True,0,,,,,0.5,,,0.515,False,-0.12665441801912147,0.9896907216494846,0.9608647783004705,0.992075,0.965,0.9655172413793104,0.636963696369637,0.9908541724643442,0.965,,requires predict_proba,,requires predict_proba,,0.7970000000004802,success,
nnpu,sar-pi0.5-scalesmall,102,"{""batch_size"": 256, ""beta"": 0.0, ""device"": null, ""gamma"": 1.0, ""loss"": ""sigmoid"", ""max_epochs"": 200, ""model"": null, ""optimizer"": null, ""patience"": 20}",linear,0.5,0.5,0.5,True,0,,,,,0.5,,,0.51,False,-0.13843648208469056,1.0,0.9803921568627451,0.9965999999999999,0.965,0.9653465346534653,0.6384364820846905,0.9968492734963861,0.965,,requires predict_proba,,requires predict_proba,,0.7970000000004802,success,
nnpu,sar-pi0.5-scalesmall,103,"{""batch_size"": 256, ""beta"": 0.0, ""device"": null, ""gamma"": 1.0, ""loss"": ""sigmoid"", ""max_epochs"": 200, ""model"": null, ""optimizer"": null, ""patience"": 20}",linear,0.5,0.5,0.5,True,0,,,,,0.5,,,0.4825,False,-0.15109717868338557,0.9545454545454546,0.9891662741403675,0.984275,0.9375,0.9363867684478372,0.696551724137931,0.9840136293754744,0.9375,,requires predict_proba,,requires predict_proba,,0.8130000000001019,success,
nnpu,sar-pi0.5-scalesmall,104,"{""batch_size"": 256, ""beta"": 0.0, ""device"": null, ""gamma"": 1.0, ""loss"": ""sigmoid"", ""max_epochs"": 200, ""model"": null, ""optimizer"": null, ""patience"": 20}",linear,0.5,0.5,0.5,True,0,,,,,0.5,,,0.445,False,-0.2027385012748767,0.9702970297029703,1.0,0.993625,0.93,0.9259259259259259,0.7324414715719063,0.9937042613947968,0.9299999999999999,,requires predict_proba,,requires predict_proba,,0.9220000000004802,success,
nnpu,sar-pi0.5-scalesmall,105,"{""batch_size"": 256, ""beta"": 0.0, ""device"": null, ""gamma"": 1.0, ""loss"": ""sigmoid"", ""max_epochs"": 200, ""model"": null, ""optimizer"": null, ""patience"": 20}",linear,0.5,0.5,0.5,True,0,,,,,0.5,,,0.505,False,-0.15999999999999998,1.0,0.9900990099009901,0.998425,0.985,0.9850746268656716,0.66,0.9984990586567495,0.985,,requires predict_proba,,requires predict_proba,,0.7810000000008586,success,
nnpu,sar-pi0.5-scalesmall,106,"{""batch_size"": 256, ""beta"": 0.0, ""device"": null, ""gamma"": 1.0, ""loss"": ""sigmoid"", ""max_epochs"": 200, ""model"": null, ""optimizer"": null, ""patience"": 20}",linear,0.5,0.5,0.5,True,0,,,,,0.5,,,0.475,False,-0.11427219894580348,0.9387755102040817,0.9881847475832439,0.9823500000000001,0.925,0.9230769230769231,0.6754966887417219,0.9831860459201679,0.925,,requires predict_proba,,requires predict_proba,,0.7970000000004802,success,
nnpu,sar-pi0.5-scalesmall,107,"{""batch_size"": 256, ""beta"": 0.0, ""device"": null, ""gamma"": 1.0, ""loss"": ""sigmoid"", ""max_epochs"": 200, ""model"": null, ""optimizer"": null, ""patience"": 20}",linear,0.5,0.5,0.5,True,0,,,,,0.5,,,0.475,False,-0.16538639354173335,0.989010989010989,1.0,0.9910500000000001,0.95,0.9487179487179487,0.6763754045307443,0.9917143564799044,0.95,,requires predict_proba,,requires predict_proba,,0.8279999999995198,success,
nnpu,sar-pi0.5-scalesmall,108,"{""batch_size"": 256, ""beta"": 0.0, ""device"": null, ""gamma"": 1.0, ""loss"": ""sigmoid"", ""max_epochs"": 200, ""model"": null, ""optimizer"": null, ""patience"": 20}",linear,0.5,0.5,0.5,True,0,,,,,0.5,,,0.5125,False,-0.14569536423841062,1.0,0.9756097560975611,0.99685,0.9725,0.9728395061728395,0.6456953642384106,0.9968239376574078,0.9724999999999999,,requires predict_proba,,requires predict_proba,,0.7810000000008586,success,
nnpu,sar-pi0.5-scalesmall,109,"{""batch_size"": 256, ""beta"": 0.0, ""device"": null, ""gamma"": 1.0, ""loss"": ""sigmoid"", ""max_epochs"": 200, ""model"": null, ""optimizer"": null, ""patience"": 20}",linear,0.5,0.5,0.5,True,0,,,,,0.5,,,0.4525,False,-0.12018859693278294,0.9191919191919192,1.0,0.98295,0.9125,0.9081364829396326,0.7009966777408638,0.983725744033164,0.9125,,requires predict_proba,,requires predict_proba,,0.7809999999990396,success,
nnpu,sar-pi0.5-scalesmall,110,"{""batch_size"": 256, ""beta"": 0.0, ""device"": null, ""gamma"": 1.0, ""loss"": ""sigmoid"", ""max_epochs"": 200, ""model"": null, ""optimizer"": null, ""patience"": 20}",linear,0.5,0.5,0.5,True,0,,,,,0.5,,,0.505,False,-0.14535916061339793,0.9809523809523809,0.9712399811409712,0.993925,0.97,0.9701492537313433,0.6644067796610169,0.9942924980885222,0.97,,requires predict_proba,,requires predict_proba,,0.8280000000013388,success,
nnpu,sar-pi0.5-scalesmall,111,"{""batch_size"": 256, ""beta"": 0.0, ""device"": null, ""gamma"": 1.0, ""loss"": ""sigmoid"", ""max_epochs"": 200, ""model"": null, ""optimizer"": null, ""patience"": 20}",linear,0.5,0.5,0.5,True,0,,,,,0.5,,,0.5175,False,-0.13449138044479536,0.9901960784313726,0.9567111868902152,0.9869,0.9425,0.9434889434889435,0.6442953020134228,0.9890396906256964,0.9425,,requires predict_proba,,requires predict_proba,,0.7969999999986612,success,
nnpu,sar-pi0.5-scalesmall,112,"{""batch_size"": 256, ""beta"": 0.0, ""device"": null, ""gamma"": 1.0, ""loss"": ""sigmoid"", ""max_epochs"": 200, ""model"": null, ""optimizer"": null, ""patience"": 20}",linear,0.5,0.5,0.5,True,0,,,,,0.5,,,0.5125,False,-0.11449395553570857,0.9626168224299065,0.9391383633462503,0.97615,0.9275,0.928395061728395,0.6518771331058021,0.9756523270659889,0.9275,,requires predict_proba,,requires predict_proba,,0.9530000000013388,success,
nnpu,sar-pi0.5-scalesmall,113,"{""batch_size"": 256, ""beta"": 0.0, ""device"": null, ""gamma"": 1.0, ""loss"": ""sigmoid"", ""max_epochs"": 200, ""model"": null, ""optimizer"": null, ""patience"": 20}",linear,0.5,0.5,0.5,True,0,,,,,0.5,,,0.51,False,-0.12566585956416465,0.9714285714285714,0.9523809523809523,0.9948250000000001,0.965,0.9653465346534653,0.6542372881355932,0.9951154280562923,0.965,,requires predict_proba,,requires predict_proba,,0.7819999999992433,success,
nnpu,sar-pi0.5-scalesmall,114,"{""batch_size"": 256, ""beta"": 0.0, ""device"": null, ""gamma"": 1.0, ""loss"": ""sigmoid"", ""max_epochs"": 200, ""model"": null, ""optimizer"": null, ""patience"": 20}",linear,0.5,0.5,0.5,True,0,,,,,0.5,,,0.5125,False,-0.1351896690879742,0.9809523809523809,0.9570267131242741,0.99765,0.9725,0.9728395061728395,0.6542372881355932,0.9977674793428586,0.9724999999999999,,requires predict_proba,,requires predict_proba,,0.7970000000004802,success,
nnpu,sar-pi0.5-scalesmall,115,"{""batch_size"": 256, ""beta"": 0.0, ""device"": null, ""gamma"": 1.0, ""loss"": ""sigmoid"", ""max_epochs"": 200, ""model"": null, ""optimizer"": null, ""patience"": 20}",linear,0.5,0.5,0.5,True,0,,,,,0.5,,,0.475,False,-0.06888763410502541,0.9130434782608695,0.9610983981693364,0.981575,0.925,0.9230769230769231,0.6558441558441559,0.9825522624324979,0.925,,requires predict_proba,,requires predict_proba,,0.7970000000004802,success,
nnpu,sar-pi0.5-scalesmall,116,"{""batch_size"": 256, ""beta"": 0.0, ""device"": null, ""gamma"": 1.0, ""loss"": ""sigmoid"", ""max_epochs"": 200, ""model"": null, ""optimizer"": null, ""patience"": 20}",linear,0.5,0.5,0.5,True,0,,,,,0.5,,,0.49,False,-0.14508487958941968,0.9705882352941176,0.9903961584633854,0.9916499999999999,0.955,0.9545454545454546,0.674496644295302,0.9921834566423811,0.955,,requires predict_proba,,requires predict_proba,,0.7810000000008586,success,
nnpu,sar-pi0.5-scalesmall,117,"{""batch_size"": 256, ""beta"": 0.0, ""device"": null, ""gamma"": 1.0, ""loss"": ""sigmoid"", ""max_epochs"": 200, ""model"": null, ""optimizer"": null, ""patience"": 20}",linear,0.5,0.5,0.5,True,0,,,,,0.5,,,0.4875,False,-0.16295804838215777,0.9896907216494846,1.0,0.9925249999999999,0.9625,0.9620253164556962,0.6732673267326733,0.9928990228783937,0.9624999999999999,,requires predict_proba,,requires predict_proba,,0.7970000000004802,success,
nnpu,sar-pi0.5-scalesmall,118,"{""batch_size"": 256, ""beta"": 0.0, ""device"": null, ""gamma"": 1.0, ""loss"": ""sigmoid"", ""max_epochs"": 200, ""model"": null, ""optimizer"": null, ""patience"": 20}",linear,0.5,0.5,0.5,True,0,,,,,0.0,,,0.525,False,-0.09087247381878044,0.978494623655914,0.931899641577061,0.991725,0.95,0.9512195121951219,0.6123778501628665,0.9917740947822337,0.95,,requires predict_proba,,requires predict_proba,,0.8119999999998981,success,
nnpu,sar-pi0.5-scalesmall,119,"{""batch_size"": 256, ""beta"": 0.0, ""device"": null, ""gamma"": 1.0, ""loss"": ""sigmoid"", ""max_epochs"": 200, ""model"": null, ""optimizer"": null, ""patience"": 20}",linear,0.5,0.5,0.5,True,0,,,,,0.5,,,0.4925,False,-0.12167987762480881,0.9680851063829787,0.9828275191705368,0.9819249999999999,0.9275,0.9269521410579346,0.6535947712418301,0.9805543295048583,0.9275,,requires predict_proba,,requires predict_proba,,0.9530000000013388,success,
nnpu,sar-pi0.5-scalemid,100,"{""batch_size"": 256, ""beta"": 0.0, ""device"": null, ""gamma"": 1.0, ""loss"": ""sigmoid"", ""max_epochs"": 200, ""model"": null, ""optimizer"": null, ""patience"": 20}",linear,0.5,0.5,0.5,True,0,,,,,0.6666666666666666,,,0.529,False,-0.11759476103738398,0.9959016393442623,0.941305897300815,0.994476,0.951,0.9523809523809523,0.6216931216931217,0.9950655453322985,0.9510000000000001,,requires predict_proba,,requires predict_proba,,3.0469999999986612,success,
nnpu,sar-pi0.5-scalemid,101,"{""batch_size"": 256, ""beta"": 0.0, ""device"": null, ""gamma"": 1.0, ""loss"": ""sigmoid"", ""max_epochs"": 200, ""model"": null, ""optimizer"": null, ""patience"": 20}",linear,0.5,0.5,0.5,True,0,,,,,0.5,,,0.536,False,-0.10941145685688741,0.9979338842975206,0.9309084741581348,0.996187,0.957,0.9584942084942085,0.6114775725593667,0.9962284086829586,0.9570000000000001,,requires predict_proba,,requires predict_proba,,2.8909999999996217,success,
nnpu,sar-pi0.5-scalemid,102,"{""batch_size"": 256, ""beta"": 0.0, ""device"": null, ""gamma"": 1.0, ""loss"": ""sigmoid"", ""max_epochs"": 200, ""model"": null, ""optimizer"": null, ""patience"": 20}",linear,0.5,0.5,0.5,True,0,,,,,0.3333333333333333,,,0.533,False,-0.12895622895622894,1.0,0.9380863039399624,0.9985740000000001,0.966,0.9670861568247822,0.6289562289562289,0.9985456218783024,0.966,,requires predict_proba,,requires predict_proba,,3.0309999999990396,success,
nnpu,sar-pi0.5-scalemid,103,"{""batch_size"": 256, ""beta"": 0.0, ""device"": null, ""gamma"": 1.0, ""loss"": ""sigmoid"", ""max_epochs"": 200, ""model"": null, ""optimizer"": null, ""patience"": 20}",linear,0.5,0.5,0.5,True,0,,,,,0.5,,,0.532,False,-0.10783825782083822,0.9957805907172996,0.9358840138320484,0.9949809999999999,0.951,0.9525193798449613,0.6120576671035387,0.9952291248501874,0.9510000000000001,,requires predict_proba,,requires predict_proba,,3.07799999999952,success,
nnpu,sar-pi0.5-scalemid,104,"{""batch_size"": 256, ""beta"": 0.0, ""device"": null, ""gamma"": 1.0, ""loss"": ""sigmoid"", ""max_epochs"": 200, ""model"": null, ""optimizer"": null, ""patience"": 20}",linear,0.5,0.5,0.5,True,0,,,,,0.3333333333333333,,,0.527,False,-0.12235329113225502,0.9959432048681541,0.9449176516775656,0.997137,0.965,0.9659201557935735,0.6264100862641009,0.9971352038015114,0.965,,requires predict_proba,,requires predict_proba,,3.0460000000002765,success,
nnpu,sar-pi0.5-scalemid,105,"{""batch_size"": 256, ""beta"": 0.0, ""device"": null, ""gamma"": 1.0, ""loss"": ""sigmoid"", ""max_epochs"": 200, ""model"": null, ""optimizer"": null, ""patience"": 20}",linear,0.5,0.5,0.5,True,0,,,,,0.5,,,0.5265,False,-0.13302139037433153,1.0,0.9496676163342831,0.999055,0.9705,0.9712615684364345,0.6330213903743316,0.9990556624068098,0.9704999999999999,,requires predict_proba,,requires predict_proba,,3.17200000000048,success,
nnpu,sar-pi0.5-scalemid,106,"{""batch_size"": 256, ""beta"": 0.0, ""device"": null, ""gamma"": 1.0, ""loss"": ""sigmoid"", ""max_epochs"": 200, ""model"": null, ""optimizer"": null, ""patience"": 20}",linear,0.5,0.5,0.5,True,0,,,,,0.6666666666666666,,,0.5355,False,-0.12001541027210744,0.9980314960629921,0.9318688105163325,0.9963740000000001,0.9545,0.9560598744567842,0.6219839142091153,0.9965082512218556,0.9545,,requires predict_proba,,requires predict_proba,,3.0309999999990396,success,
nnpu,sar-pi0.5-scalemid,107,"{""batch_size"": 256, ""beta"": 0.0, ""device"": null, ""gamma"": 1.0, ""loss"": ""sigmoid"", ""max_epochs"": 200, ""model"": null, ""optimizer"": null, ""patience"": 20}",linear,0.5,0.5,0.5,True,0,,,,,0.5,,,0.534,False,-0.11518151815181515,1.0,0.9363295880149812,0.994258,0.956,0.9574468085106383,0.6151815181518152,0.9944376887790625,0.956,,requires predict_proba,,requires predict_proba,,3.0309999999990396,success,
nnpu,sar-pi0.5-scalemid,108,"{""batch_size"": 256, ""beta"": 0.0, ""device"": null, ""gamma"": 1.0, ""loss"": ""sigmoid"", ""max_epochs"": 200, ""model"": null, ""optimizer"": null, ""patience"": 20}",linear,0.5,0.5,0.5,True,0,,,,,0.5,,,0.535,False,-0.12458025520483546,1.0,0.9345794392523364,0.998266,0.962,0.9632850241545894,0.6245802552048355,0.9982866968937303,0.962,,requires predict_proba,,requires predict_proba,,3.0780000000013388,success,
nnpu,sar-pi0.5-scalemid,109,"{""batch_size"": 256, ""beta"": 0.0, ""device"": null, ""gamma"": 1.0, ""loss"": ""sigmoid"", ""max_epochs"": 200, ""model"": null, ""optimizer"": null, ""patience"": 20}",linear,0.5,0.5,0.5,True,0,,,,,0.6666666666666666,,,0.5325,False,-0.12225292801684434,0.996078431372549,0.9352849120869006,0.9956830000000001,0.9555,0.9569007263922518,0.6261744966442953,0.9959116252592946,0.9555,,requires predict_proba,,requires predict_proba,,3.0319999999992433,success,
nnpu,sar-pi0.5-scalemid,110,"{""batch_size"": 256, ""beta"": 0.0, ""device"": null, ""gamma"": 1.0, ""loss"": ""sigmoid"", ""max_epochs"": 200, ""model"": null, ""optimizer"": null, ""patience"": 20}",linear,0.5,0.5,0.5,True,0,,,,,0.6666666666666666,,,0.538,False,-0.10749506903353057,1.0,0.929368029739777,0.9957229999999999,0.952,0.953757225433526,0.6074950690335306,0.9958302049342904,0.952,,requires predict_proba,,requires predict_proba,,3.0469999999986612,success,
nnpu,sar-pi0.5-scalemid,111,"{""batch_size"": 256, ""beta"": 0.0, ""device"": null, ""gamma"": 1.0, ""loss"": ""sigmoid"", ""max_epochs"": 200, ""model"": null, ""optimizer"": null, ""patience"": 20}",linear,0.5,0.5,0.5,True,0,,,,,0.16666666666666666,,,0.55,False,-0.10687795010114631,1.0,0.9090909090909091,0.995155,0.939,0.9419047619047619,0.6068779501011463,0.9953154863377796,0.9390000000000001,,requires predict_proba,,requires predict_proba,,3.0940000000009604,success,
nnpu,sar-pi0.5-scalemid,112,"{""batch_size"": 256, ""beta"": 0.0, ""device"": null, ""gamma"": 1.0, ""loss"": ""sigmoid"", ""max_epochs"": 200, ""model"": null, ""optimizer"": null, ""patience"": 20}",linear,0.5,0.5,0.5,True,0,,,,,0.5,,,0.544,False,-0.09833991077556625,0.9939516129032258,0.9135584677419354,0.994256,0.944,0.946360153256705,0.6043882978723404,0.9943483411507553,0.944,,requires predict_proba,,requires predict_proba,,3.0309999999990396,success,
nnpu,sar-pi0.5-scalemid,113,"{""batch_size"": 256, ""beta"": 0.0, ""device"": null, ""gamma"": 1.0, ""loss"": ""sigmoid"", ""max_epochs"": 200, ""model"": null, ""optimizer"": null, ""patience"": 20}",linear,0.5,0.5,0.5,True,0,,,,,0.3333333333333333,,,0.5275,False,-0.12733333333333335,0.998,0.9459715639810428,0.99737,0.9675,0.9683698296836983,0.6293333333333333,0.99746833794146,0.9675,,requires predict_proba,,requires predict_proba,,2.9059999999990396,success,
nnpu,sar-pi0.5-scalemid,114,"{""batch_size"": 256, ""beta"": 0.0, ""device"": null, ""gamma"": 1.0, ""loss"": ""sigmoid"", ""max_epochs"": 200, ""model"": null, ""optimizer"": null, ""patience"": 20}",linear,0.5,0.5,0.5,True,0,,,,,0.5,,,0.5375,False,-0.1135855989126821,0.9979959919839679,0.9283683646362493,0.998043,0.9595,0.9609638554216867,0.6155896069287142,0.9980225005428164,0.9595,,requires predict_proba,,requires predict_proba,,3.015000000001237,success,
nnpu,sar-pi0.5-scalemid,115,"{""batch_size"": 256, ""beta"": 0.0, ""device"": null, ""gamma"": 1.0, ""loss"": ""sigmoid"", ""max_epochs"": 200, ""model"": null, ""optimizer"": null, ""patience"": 20}",linear,0.5,0.5,0.5,True,0,,,,,0.5,,,0.5395,False,-0.10866666666666669,0.996,0.9230769230769231,0.9924799999999999,0.9455,0.9475709475709476,0.6126666666666667,0.9931065683167335,0.9455,,requires predict_proba,,requires predict_proba,,3.04700000000048,success,
nnpu,sar-pi0.5-scalemid,116,"{""batch_size"": 256, ""beta"": 0.0, ""device"": null, ""gamma"": 1.0, ""loss"": ""sigmoid"", ""max_epochs"": 200, ""model"": null, ""optimizer"": null, ""patience"": 20}",linear,0.5,0.5,0.5,True,0,,,,,0.5,,,0.537,False,-0.11733333333333335,1.0,0.9310986964618249,0.994841,0.954,0.9556412729026037,0.6173333333333333,0.9946891753696087,0.954,,requires predict_proba,,requires predict_proba,,3.0319999999992433,success,
nnpu,sar-pi0.5-scalemid,117,"{""batch_size"": 256, ""beta"": 0.0, ""device"": null, ""gamma"": 1.0, ""loss"": ""sigmoid"", ""max_epochs"": 200, ""model"": null, ""optimizer"": null, ""patience"": 20}",linear,0.5,0.5,0.5,True,0,,,,,0.6666666666666666,,,0.531,False,-0.12815183720836443,0.9961464354527938,0.9379909938350224,0.9966759999999999,0.96,0.9612027158098934,0.6320054017555705,0.9966507322041498,0.96,,requires predict_proba,,requires predict_proba,,3.0939999999991414,success,
nnpu,sar-pi0.5-scalemid,118,"{""batch_size"": 256, ""beta"": 0.0, ""device"": null, ""gamma"": 1.0, ""loss"": ""sigmoid"", ""max_epochs"": 200, ""model"": null, ""optimizer"": null, ""patience"": 20}",linear,0.5,0.5,0.5,True,0,,,,,0.5,,,0.5305,False,-0.1272545090180361,1.0,0.942507068803016,0.997744,0.9625,0.9636098981077147,0.627254509018036,0.9977706595889598,0.9625,,requires predict_proba,,requires predict_proba,,3.04700000000048,success,
nnpu,sar-pi0.5-scalemid,119,"{""batch_size"": 256, ""beta"": 0.0, ""device"": null, ""gamma"": 1.0, ""loss"": ""sigmoid"", ""max_epochs"": 200, ""model"": null, ""optimizer"": null, ""patience"": 20}",linear,0.5,0.5,0.5,True,0,,,,,0.6666666666666666,,,0.5285,False,-0.12180024327611838,0.9979591836734694,0.9441430309115132,0.9934700000000001,0.9565,0.95770539620807,0.623841059602649,0.993817309140832,0.9565,,requires predict_proba,,requires predict_proba,,3.0780000000013388,success,
