algorithm,scenario,seed,params,mechanism,class_prior,label_frequency,real_h,pi_h_well_conditioned,warning_count,diag_converged,diag_n_iter,diag_c_estimate,diag_cond_number,diag_correction_fraction,diag_n_epochs,diag_n_acs_iter,pred_positive_rate,degenerate_prediction,pu_zero_one_risk,pu_recall,pu_estimated_precision,pu_auc_roc,pu_accuracy,pu_f1,pu_negative_rate,average_precision,balanced_accuracy,brier_score,brier_score_unavailable_reason,expected_calibration_error,expected_calibration_error_unavailable_reason,ece_buckets_api,elapsed_seconds,status,failure_reason
nnpu,scar-pi0.1-scalesmall,100,"{""batch_size"": 256, ""beta"": 0.25, ""device"": null, ""gamma"": 1.0, ""loss"": ""sigmoid"", ""max_epochs"": 200, ""model"": null, ""optimizer"": null, ""patience"": 20}",scar,0.1,0.5,0.5,True,1,,,,,0.0,,,0.1175,False,-0.013358198646221855,0.9473684210526315,0.8062709966405376,0.9960416666666667,0.9725,0.8735632183908046,0.9238845144356955,0.9724305548837715,0.9624999999999999,,requires predict_proba,,requires predict_proba,,1.734999999998763,success,
nnpu,scar-pi0.1-scalesmall,101,"{""batch_size"": 256, ""beta"": 0.25, ""device"": null, ""gamma"": 1.0, ""loss"": ""sigmoid"", ""max_epochs"": 200, ""model"": null, ""optimizer"": null, ""patience"": 20}",scar,0.1,0.5,0.5,True,1,,,,,0.0,,,0.1225,False,-0.01884816753926702,1.0,0.8163265306122449,0.997361111111111,0.9775,0.898876404494382,0.918848167539267,0.9745792097968733,0.9875,,requires predict_proba,,requires predict_proba,,0.4219999999986612,success,
nnpu,scar-pi0.1-scalesmall,102,"{""batch_size"": 256, ""beta"": 0.25, ""device"": null, ""gamma"": 1.0, ""loss"": ""sigmoid"", ""max_epochs"": 200, ""model"": null, ""optimizer"": null, ""patience"": 20}",scar,0.1,0.5,0.5,True,1,,,,,0.0,,,0.105,False,-0.03242869707249654,0.9523809523809523,0.9070294784580498,0.9927083333333333,0.98,0.9024390243902439,0.941952506596306,0.9636204969954253,0.9555555555555556,,requires predict_proba,,requires predict_proba,,0.5309999999990396,success,
nnpu,scar-pi0.1-scalesmall,103,"{""batch_size"": 256, ""beta"": 0.25, ""device"": null, ""gamma"": 1.0, ""loss"": ""sigmoid"", ""max_epochs"": 200, ""model"": null, ""optimizer"": null, ""patience"": 20}",scar,0.1,0.5,0.5,True,1,,,,,0.0,,,0.11,False,-0.01733333333333334,0.88,0.8,0.9945138888888889,0.97,0.8571428571428571,0.9413333333333334,0.9605114295858144,0.9388888888888889,,requires predict_proba,,requires predict_proba,,0.43699999999989814,success,
nnpu,scar-pi0.1-scalesmall,104,"{""batch_size"": 256, ""beta"": 0.25, ""device"": null, ""gamma"": 1.0, ""loss"": ""sigmoid"", ""max_epochs"": 200, ""model"": null, ""optimizer"": null, ""patience"": 20}",scar,0.1,0.5,0.5,True,1,,,,,0.0,,,0.065,False,-0.0013333333333333391,0.64,0.9846153846153846,0.9957638888888889,0.965,0.7878787878787878,0.9733333333333334,0.9717581271954734,0.825,,requires predict_proba,,requires predict_proba,,0.43800000000010186,success,
nnpu,scar-pi0.1-scalesmall,105,"{""batch_size"": 256, ""beta"": 0.25, ""device"": null, ""gamma"": 1.0, ""loss"": ""sigmoid"", ""max_epochs"": 200, ""model"": null, ""optimizer"": null, ""patience"": 20}",scar,0.1,0.5,0.5,True,1,,,,,0.0,,,0.0975,False,-0.04133333333333334,0.92,0.9435897435897437,0.999375,0.9925,0.9620253164556962,0.9573333333333334,0.9946426380636906,0.9736111111111111,,requires predict_proba,,requires predict_proba,,0.4680000000007567,success,
nnpu,scar-pi0.1-scalesmall,106,"{""batch_size"": 256, ""beta"": 0.25, ""device"": null, ""gamma"": 1.0, ""loss"": ""sigmoid"", ""max_epochs"": 200, ""model"": null, ""optimizer"": null, ""patience"": 20}",scar,0.1,0.5,0.5,True,1,,,,,0.0,,,0.0825,False,0.009999999999999995,0.7,0.8484848484848484,0.9818055555555556,0.9525,0.7397260273972602,0.95,0.8717640905283477,0.8291666666666666,,requires predict_proba,,requires predict_proba,,0.4220000000004802,success,
nnpu,scar-pi0.1-scalesmall,107,"{""batch_size"": 256, ""beta"": 0.25, ""device"": null, ""gamma"": 1.0, ""loss"": ""sigmoid"", ""max_epochs"": 200, ""model"": null, ""optimizer"": null, ""patience"": 20}",scar,0.1,0.5,0.5,True,1,,,,,0.0,,,0.08,False,-0.022164048865619554,0.8333333333333334,1.0,0.9871527777777778,0.975,0.8611111111111112,0.9554973821989529,0.9307331739577639,0.8861111111111111,,requires predict_proba,,requires predict_proba,,0.43699999999989814,success,
nnpu,scar-pi0.1-scalesmall,108,"{""batch_size"": 256, ""beta"": 0.25, ""device"": null, ""gamma"": 1.0, ""loss"": ""sigmoid"", ""max_epochs"": 200, ""model"": null, ""optimizer"": null, ""patience"": 20}",scar,0.1,0.5,0.5,True,1,,,,,0.0,,,0.1075,False,-0.04444444444444445,1.0,0.930232558139535,0.9998611111111111,0.9925,0.963855421686747,0.9444444444444444,0.998765243902439,0.9958333333333333,,requires predict_proba,,requires predict_proba,,0.43800000000010186,success,
nnpu,scar-pi0.1-scalesmall,109,"{""batch_size"": 256, ""beta"": 0.25, ""device"": null, ""gamma"": 1.0, ""loss"": ""sigmoid"", ""max_epochs"": 200, ""model"": null, ""optimizer"": null, ""patience"": 20}",scar,0.1,0.5,0.5,True,1,,,,,0.0,,,0.0775,False,-0.03469513131623407,0.8823529411764706,1.0,0.9845138888888889,0.9675,0.8169014084507042,0.95822454308094,0.9103830812984288,0.8597222222222223,,requires predict_proba,,requires predict_proba,,0.43699999999989814,success,
nnpu,scar-pi0.1-scalesmall,110,"{""batch_size"": 256, ""beta"": 0.25, ""device"": null, ""gamma"": 1.0, ""loss"": ""sigmoid"", ""max_epochs"": 200, ""model"": null, ""optimizer"": null, ""patience"": 20}",scar,0.1,0.5,0.5,True,1,,,,,0.0,,,0.115,False,-0.05161290322580646,1.0,0.8695652173913043,0.999375,0.985,0.9302325581395349,0.9516129032258065,0.994562204930932,0.9916666666666667,,requires predict_proba,,requires predict_proba,,0.5630000000001019,success,
nnpu,scar-pi0.1-scalesmall,111,"{""batch_size"": 256, ""beta"": 0.25, ""device"": null, ""gamma"": 1.0, ""loss"": ""sigmoid"", ""max_epochs"": 200, ""model"": null, ""optimizer"": null, ""patience"": 20}",scar,0.1,0.5,0.5,True,1,,,,,0.0,,,0.1375,False,-0.005511811023622054,1.0,0.7272727272727273,0.9754861111111112,0.9475,0.7789473684210526,0.905511811023622,0.9062846484701925,0.9375,,requires predict_proba,,requires predict_proba,,0.6560000000008586,success,
nnpu,scar-pi0.1-scalesmall,112,"{""batch_size"": 256, ""beta"": 0.25, ""device"": null, ""gamma"": 1.0, ""loss"": ""sigmoid"", ""max_epochs"": 200, ""model"": null, ""optimizer"": null, ""patience"": 20}",scar,0.1,0.5,0.5,True,1,,,,,0.0,,,0.105,False,-0.02266666666666667,0.88,0.8380952380952382,0.9932638888888888,0.97,0.8536585365853658,0.9466666666666667,0.9517899490544581,0.9277777777777778,,requires predict_proba,,requires predict_proba,,0.8279999999995198,success,
nnpu,scar-pi0.1-scalesmall,113,"{""batch_size"": 256, ""beta"": 0.25, ""device"": null, ""gamma"": 1.0, ""loss"": ""sigmoid"", ""max_epochs"": 200, ""model"": null, ""optimizer"": null, ""patience"": 20}",scar,0.1,0.5,0.5,True,1,,,,,0.0,,,0.095,False,-0.0341991341991342,0.9090909090909091,0.9569377990430622,0.9983333333333333,0.99,0.9487179487179487,0.9523809523809523,0.9891971544715445,0.9611111111111111,,requires predict_proba,,requires predict_proba,,0.8279999999995198,success,
nnpu,scar-pi0.1-scalesmall,114,"{""batch_size"": 256, ""beta"": 0.25, ""device"": null, ""gamma"": 1.0, ""loss"": ""sigmoid"", ""max_epochs"": 200, ""model"": null, ""optimizer"": null, ""patience"": 20}",scar,0.1,0.5,0.5,True,1,,,,,0.0,,,0.1075,False,-0.03700787401574804,1.0,0.930232558139535,0.9995833333333334,0.9925,0.963855421686747,0.937007874015748,0.9960962034044512,0.9958333333333333,,requires predict_proba,,requires predict_proba,,0.9060000000008586,success,
nnpu,scar-pi0.1-scalesmall,115,"{""batch_size"": 256, ""beta"": 0.25, ""device"": null, ""gamma"": 1.0, ""loss"": ""sigmoid"", ""max_epochs"": 200, ""model"": null, ""optimizer"": null, ""patience"": 20}",scar,0.1,0.5,0.5,True,1,,,,,0.0,,,0.1075,False,0.011012133312855166,0.8235294117647058,0.7660738714090287,0.9911111111111112,0.9625,0.8192771084337349,0.9242819843342036,0.9386752932354225,0.9125,,requires predict_proba,,requires predict_proba,,1.0,success,
nnpu,scar-pi0.1-scalesmall,116,"{""batch_size"": 256, ""beta"": 0.25, ""device"": null, ""gamma"": 1.0, ""loss"": ""sigmoid"", ""max_epochs"": 200, ""model"": null, ""optimizer"": null, ""patience"": 20}",scar,0.1,0.5,0.5,True,1,,,,,0.0,,,0.085,False,-0.002733248760235271,0.7391304347826086,0.8695652173913043,0.99625,0.98,0.8918918918918919,0.9549071618037135,0.9713094278006845,0.9111111111111111,,requires predict_proba,,requires predict_proba,,0.8439999999991414,success,
nnpu,scar-pi0.1-scalesmall,117,"{""batch_size"": 256, ""beta"": 0.25, ""device"": null, ""gamma"": 1.0, ""loss"": ""sigmoid"", ""max_epochs"": 200, ""model"": null, ""optimizer"": null, ""patience"": 20}",scar,0.1,0.5,0.5,True,1,,,,,0.0,,,0.09,False,-0.01592761431136898,0.8421052631578947,0.9356725146198831,0.9929861111111111,0.975,0.868421052631579,0.94750656167979,0.9544880566880358,0.9083333333333333,,requires predict_proba,,requires predict_proba,,0.9220000000004802,success,
nnpu,scar-pi0.1-scalesmall,118,"{""batch_size"": 256, ""beta"": 0.25, ""device"": null, ""gamma"": 1.0, ""loss"": ""sigmoid"", ""max_epochs"": 200, ""model"": null, ""optimizer"": null, ""patience"": 20}",scar,0.1,0.5,0.5,True,1,,,,,0.0,,,0.125,False,-0.02105263157894738,1.0,0.8,0.9950694444444446,0.97,0.8666666666666667,0.9210526315789473,0.9729365515834312,0.9722222222222222,,requires predict_proba,,requires predict_proba,,0.8119999999998981,success,
nnpu,scar-pi0.1-scalesmall,119,"{""batch_size"": 256, ""beta"": 0.25, ""device"": null, ""gamma"": 1.0, ""loss"": ""sigmoid"", ""max_epochs"": 200, ""model"": null, ""optimizer"": null, ""patience"": 20}",scar,0.1,0.5,0.5,True,1,,,,,0.0,,,0.1075,False,0.02051948051948052,0.8,0.744186046511628,0.9904861111111112,0.9625,0.8192771084337349,0.9194805194805195,0.925026284892469,0.9125,,requires predict_proba,,requires predict_proba,,0.8130000000001019,success,
nnpu,scar-pi0.1-scalemid,100,"{""batch_size"": 256, ""beta"": 0.25, ""device"": null, ""gamma"": 1.0, ""loss"": ""sigmoid"", ""max_epochs"": 200, ""model"": null, ""optimizer"": null, ""patience"": 20}",scar,0.1,0.5,0.5,True,1,,,,,0.0,,,0.098,False,-0.036773774748458304,0.9423076923076923,0.9615384615384615,0.9988555555555555,0.991,0.9545454545454546,0.9483122362869199,0.9913492950079595,0.9705555555555555,,requires predict_proba,,requires predict_proba,,3.4060000000008586,success,
nnpu,scar-pi0.1-scalemid,101,"{""batch_size"": 256, ""beta"": 0.25, ""device"": null, ""gamma"": 1.0, ""loss"": ""sigmoid"", ""max_epochs"": 200, ""model"": null, ""optimizer"": null, ""patience"": 20}",scar,0.1,0.5,0.5,True,1,,,,,0.0,,,0.103,False,-0.03593355808086446,0.9787234042553191,0.9502168973352614,0.9990583333333334,0.991,0.9556650246305419,0.9401888772298006,0.9932064338850695,0.9816666666666667,,requires predict_proba,,requires predict_proba,,3.4219999999986612,success,
nnpu,scar-pi0.1-scalemid,102,"{""batch_size"": 256, ""beta"": 0.25, ""device"": null, ""gamma"": 1.0, ""loss"": ""sigmoid"", ""max_epochs"": 200, ""model"": null, ""optimizer"": null, ""patience"": 20}",scar,0.1,0.5,0.5,True,1,,,,,0.0,,,0.102,False,-0.035004868549172355,0.9519230769230769,0.9332579185520362,0.9994861111111111,0.992,0.9603960396039604,0.944620253164557,0.995613056722706,0.9822222222222222,,requires predict_proba,,requires predict_proba,,3.4069999999992433,success,
nnpu,scar-pi0.1-scalemid,103,"{""batch_size"": 256, ""beta"": 0.25, ""device"": null, ""gamma"": 1.0, ""loss"": ""sigmoid"", ""max_epochs"": 200, ""model"": null, ""optimizer"": null, ""patience"": 20}",scar,0.1,0.5,0.5,True,1,,,,,0.0,,,0.098,False,-0.046901547164502067,0.9724770642201835,0.9923235349185546,0.9986333333333334,0.995,0.9747474747474747,0.9524061343204654,0.9937093713026759,0.9816666666666667,,requires predict_proba,,requires predict_proba,,3.2180000000007567,success,
nnpu,scar-pi0.1-scalemid,104,"{""batch_size"": 256, ""beta"": 0.25, ""device"": null, ""gamma"": 1.0, ""loss"": ""sigmoid"", ""max_epochs"": 200, ""model"": null, ""optimizer"": null, ""patience"": 20}",scar,0.1,0.5,0.5,True,1,,,,,0.0,,,0.094,False,-0.037910139156870075,0.9320388349514563,0.9915306754802727,0.9986194444444444,0.992,0.9587628865979382,0.9515023721665788,0.9913583962940181,0.9644444444444444,,requires predict_proba,,requires predict_proba,,3.6409999999996217,success,
nnpu,scar-pi0.1-scalemid,105,"{""batch_size"": 256, ""beta"": 0.25, ""device"": null, ""gamma"": 1.0, ""loss"": ""sigmoid"", ""max_epochs"": 200, ""model"": null, ""optimizer"": null, ""patience"": 20}",scar,0.1,0.5,0.5,True,1,,,,,0.0,,,0.097,False,-0.03560214142797917,0.9655172413793104,0.9953785993601139,0.9992194444444444,0.991,0.9543147208121827,0.9424986931521171,0.9936542988513051,0.9683333333333333,,requires predict_proba,,requires predict_proba,,3.389999999999418,success,
nnpu,scar-pi0.1-scalemid,106,"{""batch_size"": 256, ""beta"": 0.25, ""device"": null, ""gamma"": 1.0, ""loss"": ""sigmoid"", ""max_epochs"": 200, ""model"": null, ""optimizer"": null, ""patience"": 20}",scar,0.1,0.5,0.5,True,1,,,,,0.0,,,0.0945,False,-0.04790780141843972,0.9416666666666667,0.9964726631393299,0.9990138888888889,0.9895,0.9460154241645244,0.9595744680851064,0.992220875459932,0.9586111111111111,,requires predict_proba,,requires predict_proba,,3.42200000000048,success,
nnpu,scar-pi0.1-scalemid,107,"{""batch_size"": 256, ""beta"": 0.25, ""device"": null, ""gamma"": 1.0, ""loss"": ""sigmoid"", ""max_epochs"": 200, ""model"": null, ""optimizer"": null, ""patience"": 20}",scar,0.1,0.5,0.5,True,1,,,,,0.0,,,0.094,False,-0.030142854296587043,0.8962264150943396,0.9534323564833401,0.998175,0.988,0.9381443298969072,0.9508975712777191,0.9889168161584396,0.9533333333333334,,requires predict_proba,,requires predict_proba,,3.4060000000008586,success,
nnpu,scar-pi0.1-scalemid,108,"{""batch_size"": 256, ""beta"": 0.25, ""device"": null, ""gamma"": 1.0, ""loss"": ""sigmoid"", ""max_epochs"": 200, ""model"": null, ""optimizer"": null, ""patience"": 20}",scar,0.1,0.5,0.5,True,1,,,,,0.0,,,0.099,False,-0.03958985289059549,0.978494623655914,0.9883784077332465,0.9995333333333334,0.993,0.964824120603015,0.9438909281594127,0.996154498991511,0.9783333333333333,,requires predict_proba,,requires predict_proba,,3.3909999999996217,success,
nnpu,scar-pi0.1-scalemid,109,"{""batch_size"": 256, ""beta"": 0.25, ""device"": null, ""gamma"": 1.0, ""loss"": ""sigmoid"", ""max_epochs"": 200, ""model"": null, ""optimizer"": null, ""patience"": 20}",scar,0.1,0.5,0.5,True,1,,,,,0.0,,,0.0925,False,-0.034821353634393315,0.9065420560747663,0.9800454660267744,0.9984055555555555,0.9895,0.9454545454545454,0.9535129424194401,0.9904786978425089,0.9541666666666666,,requires predict_proba,,requires predict_proba,,3.6410000000014406,success,
nnpu,scar-pi0.1-scalemid,110,"{""batch_size"": 256, ""beta"": 0.25, ""device"": null, ""gamma"": 1.0, ""loss"": ""sigmoid"", ""max_epochs"": 200, ""model"": null, ""optimizer"": null, ""patience"": 20}",scar,0.1,0.5,0.5,True,1,,,,,0.0,,,0.1045,False,-0.030582643858415803,0.9770114942528736,0.9349392289501184,0.9990472222222222,0.9895,0.9486552567237164,0.9351803450078411,0.9932830072174763,0.9808333333333333,,requires predict_proba,,requires predict_proba,,3.4059999999990396,success,
nnpu,scar-pi0.1-scalemid,111,"{""batch_size"": 256, ""beta"": 0.25, ""device"": null, ""gamma"": 1.0, ""loss"": ""sigmoid"", ""max_epochs"": 200, ""model"": null, ""optimizer"": null, ""patience"": 20}",scar,0.1,0.5,0.5,True,1,,,,,0.0,,,0.101,False,-0.043947732127151654,0.9809523809523809,0.9712399811409712,0.9990166666666667,0.993,0.9651741293532339,0.9477572559366755,0.9910266066391389,0.9827777777777778,,requires predict_proba,,requires predict_proba,,3.375,success,
nnpu,scar-pi0.1-scalemid,112,"{""batch_size"": 256, ""beta"": 0.25, ""device"": null, ""gamma"": 1.0, ""loss"": ""sigmoid"", ""max_epochs"": 200, ""model"": null, ""optimizer"": null, ""patience"": 20}",scar,0.1,0.5,0.5,True,1,,,,,0.0,,,0.099,False,-0.03889332061168203,0.9603960396039604,0.9700970097009701,0.9991583333333334,0.994,0.9698492462311558,0.94681411269089,0.9943165470267469,0.981111111111111,,requires predict_proba,,requires predict_proba,,3.4060000000008586,success,
nnpu,scar-pi0.1-scalemid,113,"{""batch_size"": 256, ""beta"": 0.25, ""device"": null, ""gamma"": 1.0, ""loss"": ""sigmoid"", ""max_epochs"": 200, ""model"": null, ""optimizer"": null, ""patience"": 20}",scar,0.1,0.5,0.5,True,1,,,,,0.0,,,0.1,False,-0.03899104871769939,0.9611650485436893,0.9611650485436893,0.9989222222222223,0.993,0.965,0.9467580390089615,0.9913154529136841,0.9805555555555555,,requires predict_proba,,requires predict_proba,,3.3909999999996217,success,
nnpu,scar-pi0.1-scalemid,114,"{""batch_size"": 256, ""beta"": 0.25, ""device"": null, ""gamma"": 1.0, ""loss"": ""sigmoid"", ""max_epochs"": 200, ""model"": null, ""optimizer"": null, ""patience"": 20}",scar,0.1,0.5,0.5,True,1,,,,,0.0,,,0.102,False,-0.049316193925859356,0.9829059829059829,0.9636333165744931,0.9992083333333333,0.993,0.9653465346534653,0.9527349973446628,0.993152342164715,0.985,,requires predict_proba,,requires predict_proba,,3.25,success,
nnpu,scar-pi0.1-scalemid,115,"{""batch_size"": 256, ""beta"": 0.25, ""device"": null, ""gamma"": 1.0, ""loss"": ""sigmoid"", ""max_epochs"": 200, ""model"": null, ""optimizer"": null, ""patience"": 20}",scar,0.1,0.5,0.5,True,1,,,,,0.0,,,0.1,False,-0.04128194874377318,0.9626168224299065,0.9626168224299065,0.998575,0.992,0.96,0.9487585842577919,0.9909125241744917,0.9777777777777777,,requires predict_proba,,requires predict_proba,,3.4060000000008586,success,
nnpu,scar-pi0.1-scalemid,116,"{""batch_size"": 256, ""beta"": 0.25, ""device"": null, ""gamma"": 1.0, ""loss"": ""sigmoid"", ""max_epochs"": 200, ""model"": null, ""optimizer"": null, ""patience"": 20}",scar,0.1,0.5,0.5,True,1,,,,,0.0,,,0.098,False,-0.03624301935716981,0.9494949494949495,0.968872397443826,0.9994222222222222,0.994,0.9696969696969697,0.9463440294581799,0.9954293950052459,0.9788888888888889,,requires predict_proba,,requires predict_proba,,3.563000000000102,success,
nnpu,scar-pi0.1-scalemid,117,"{""batch_size"": 256, ""beta"": 0.25, ""device"": null, ""gamma"": 1.0, ""loss"": ""sigmoid"", ""max_epochs"": 200, ""model"": null, ""optimizer"": null, ""patience"": 20}",scar,0.1,0.5,0.5,True,1,,,,,0.0,,,0.0985,False,-0.039689367303931404,0.9690721649484536,0.9838296090847245,0.9992527777777778,0.9945,0.9722921914357683,0.9458749343142406,0.9941355833130252,0.9813888888888889,,requires predict_proba,,requires predict_proba,,3.4689999999991414,success,
nnpu,scar-pi0.1-scalemid,118,"{""batch_size"": 256, ""beta"": 0.25, ""device"": null, ""gamma"": 1.0, ""loss"": ""sigmoid"", ""max_epochs"": 200, ""model"": null, ""optimizer"": null, ""patience"": 20}",scar,0.1,0.5,0.5,True,1,,,,,0.0,,,0.101,False,-0.04287454386333046,0.9805825242718447,0.9708737864077669,0.9996611111111111,0.994,0.9701492537313433,0.9467580390089615,0.9969207080474884,0.9855555555555555,,requires predict_proba,,requires predict_proba,,3.4219999999986612,success,
nnpu,scar-pi0.1-scalemid,119,"{""batch_size"": 256, ""beta"": 0.25, ""device"": null, ""gamma"": 1.0, ""loss"": ""sigmoid"", ""max_epochs"": 200, ""model"": null, ""optimizer"": null, ""patience"": 20}",scar,0.1,0.5,0.5,True,1,,,,,0.0,,,0.0945,False,-0.026984390109131104,0.9052631578947369,0.9579504316346422,0.9979611111111111,0.9875,0.9357326478149101,0.9459317585301837,0.9875333223402525,0.9530555555555555,,requires predict_proba,,requires predict_proba,,3.42200000000048,success,
nnpu,scar-pi0.3-scalesmall,100,"{""batch_size"": 256, ""beta"": 0.25, ""device"": null, ""gamma"": 1.0, ""loss"": ""sigmoid"", ""max_epochs"": 200, ""model"": null, ""optimizer"": null, ""patience"": 20}",scar,0.3,0.5,0.5,True,0,,,,,0.0,,,0.2925,False,-0.061141359144988916,0.9137931034482759,0.9372236958443856,0.9923511904761905,0.9575,0.9282700421940928,0.8128654970760234,0.9837371845535041,0.9458333333333333,,requires predict_proba,,requires predict_proba,,0.7970000000004802,success,
nnpu,scar-pi0.3-scalesmall,101,"{""batch_size"": 256, ""beta"": 0.25, ""device"": null, ""gamma"": 1.0, ""loss"": ""sigmoid"", ""max_epochs"": 200, ""model"": null, ""optimizer"": null, ""patience"": 20}",scar,0.3,0.5,0.5,True,0,,,,,0.0,,,0.32,False,-0.08705882352941174,0.9833333333333333,0.9218749999999999,0.9963988095238095,0.975,0.9596774193548387,0.7970588235294118,0.9908355778345697,0.9797619047619048,,requires predict_proba,,requires predict_proba,,0.8119999999998981,success,
nnpu,scar-pi0.3-scalesmall,102,"{""batch_size"": 256, ""beta"": 0.25, ""device"": null, ""gamma"": 1.0, ""loss"": ""sigmoid"", ""max_epochs"": 200, ""model"": null, ""optimizer"": null, ""patience"": 20}",scar,0.3,0.5,0.5,True,0,,,,,0.0,,,0.2975,False,-0.10068511198945981,0.9818181818181818,0.9900687547746372,0.9972619047619048,0.9825,0.9707112970711297,0.8115942028985508,0.9946906488558096,0.9779761904761906,,requires predict_proba,,requires predict_proba,,0.7810000000008586,success,
nnpu,scar-pi0.3-scalesmall,103,"{""batch_size"": 256, ""beta"": 0.25, ""device"": null, ""gamma"": 1.0, ""loss"": ""sigmoid"", ""max_epochs"": 200, ""model"": null, ""optimizer"": null, ""patience"": 20}",scar,0.3,0.5,0.5,True,0,,,,,0.0,,,0.29,False,-0.0994220412452384,0.927536231884058,0.9595202398800601,0.9960119047619047,0.96,0.9322033898305084,0.8429003021148036,0.9908472569799681,0.9476190476190476,,requires predict_proba,,requires predict_proba,,0.9220000000004802,success,
nnpu,scar-pi0.3-scalesmall,104,"{""batch_size"": 256, ""beta"": 0.25, ""device"": null, ""gamma"": 1.0, ""loss"": ""sigmoid"", ""max_epochs"": 200, ""model"": null, ""optimizer"": null, ""patience"": 20}",scar,0.3,0.5,0.5,True,0,,,,,0.0,,,0.2075,False,-0.03859931113662457,0.7384615384615385,1.0,0.995297619047619,0.9075,0.8177339901477833,0.8955223880597015,0.9897810096312585,0.8458333333333333,,requires predict_proba,,requires predict_proba,,0.9220000000004802,success,
nnpu,scar-pi0.3-scalesmall,105,"{""batch_size"": 256, ""beta"": 0.25, ""device"": null, ""gamma"": 1.0, ""loss"": ""sigmoid"", ""max_epochs"": 200, ""model"": null, ""optimizer"": null, ""patience"": 20}",scar,0.3,0.5,0.5,True,0,,,,,0.0,,,0.2925,False,-0.08058823529411763,0.9333333333333333,0.9572649572649572,0.9987797619047618,0.9825,0.9704641350210971,0.8205882352941176,0.9974090162132132,0.9755952380952382,,requires predict_proba,,requires predict_proba,,0.7809999999990396,success,
nnpu,scar-pi0.3-scalesmall,106,"{""batch_size"": 256, ""beta"": 0.25, ""device"": null, ""gamma"": 1.0, ""loss"": ""sigmoid"", ""max_epochs"": 200, ""model"": null, ""optimizer"": null, ""patience"": 20}",scar,0.3,0.5,0.5,True,0,,,,,0.0,,,0.265,False,-0.018190494369154375,0.8064516129032258,0.9129640900791234,0.9801785714285715,0.93,0.8761061946902655,0.834319526627219,0.960368751751192,0.8999999999999999,,requires predict_proba,,requires predict_proba,,0.7970000000004802,success,
nnpu,scar-pi0.3-scalesmall,107,"{""batch_size"": 256, ""beta"": 0.25, ""device"": null, ""gamma"": 1.0, ""loss"": ""sigmoid"", ""max_epochs"": 200, ""model"": null, ""optimizer"": null, ""patience"": 20}",scar,0.3,0.5,0.5,True,0,,,,,0.0,,,0.26,False,-0.06420454545454543,0.8958333333333334,1.0,0.994702380952381,0.955,0.9196428571428571,0.8267045454545454,0.988808034680688,0.9273809523809524,,requires predict_proba,,requires predict_proba,,0.7970000000004802,success,
nnpu,scar-pi0.3-scalesmall,108,"{""batch_size"": 256, ""beta"": 0.25, ""device"": null, ""gamma"": 1.0, ""loss"": ""sigmoid"", ""max_epochs"": 200, ""model"": null, ""optimizer"": null, ""patience"": 20}",scar,0.3,0.5,0.5,True,0,,,,,0.0,,,0.3025,False,-0.10172413793103446,1.0,0.9917355371900827,0.9990178571428572,0.9875,0.979253112033195,0.8017241379310345,0.9978955645363903,0.9863095238095239,,requires predict_proba,,requires predict_proba,,0.7970000000004802,success,
nnpu,scar-pi0.3-scalesmall,109,"{""batch_size"": 256, ""beta"": 0.25, ""device"": null, ""gamma"": 1.0, ""loss"": ""sigmoid"", ""max_epochs"": 200, ""model"": null, ""optimizer"": null, ""patience"": 20}",scar,0.3,0.5,0.5,True,0,,,,,0.0,,,0.2475,False,-0.08432163506790374,0.8507462686567164,1.0,0.9888392857142857,0.9425,0.8949771689497716,0.8738738738738738,0.9778796705181371,0.906547619047619,,requires predict_proba,,requires predict_proba,,0.7970000000004802,success,
nnpu,scar-pi0.3-scalesmall,110,"{""batch_size"": 256, ""beta"": 0.25, ""device"": null, ""gamma"": 1.0, ""loss"": ""sigmoid"", ""max_epochs"": 200, ""model"": null, ""optimizer"": null, ""patience"": 20}",scar,0.3,0.5,0.5,True,0,,,,,0.0,,,0.3025,False,-0.0904196693514201,0.9523809523809523,0.9445100354191263,0.9955357142857142,0.9725,0.9543568464730291,0.8189910979228486,0.991463817877028,0.968452380952381,,requires predict_proba,,requires predict_proba,,0.7809999999990396,success,
nnpu,scar-pi0.3-scalesmall,111,"{""batch_size"": 256, ""beta"": 0.25, ""device"": null, ""gamma"": 1.0, ""loss"": ""sigmoid"", ""max_epochs"": 200, ""model"": null, ""optimizer"": null, ""patience"": 20}",scar,0.3,0.5,0.5,True,0,,,,,0.0,,,0.33,False,-0.07529411764705882,0.9833333333333333,0.8939393939393938,0.9846428571428572,0.94,0.9047619047619048,0.7852941176470588,0.9721846560784594,0.9428571428571428,,requires predict_proba,,requires predict_proba,,0.9530000000013388,success,
nnpu,scar-pi0.3-scalesmall,112,"{""batch_size"": 256, ""beta"": 0.25, ""device"": null, ""gamma"": 1.0, ""loss"": ""sigmoid"", ""max_epochs"": 200, ""model"": null, ""optimizer"": null, ""patience"": 20}",scar,0.3,0.5,0.5,True,0,,,,,0.0,,,0.285,False,-0.07033785073487309,0.9032258064516129,0.9507640067911715,0.9919940476190475,0.955,0.9230769230769231,0.8284023668639053,0.9833502843601598,0.9392857142857143,,requires predict_proba,,requires predict_proba,,0.7819999999992433,success,
nnpu,scar-pi0.3-scalesmall,113,"{""batch_size"": 256, ""beta"": 0.25, ""device"": null, ""gamma"": 1.0, ""loss"": ""sigmoid"", ""max_epochs"": 200, ""model"": null, ""optimizer"": null, ""patience"": 20}",scar,0.3,0.5,0.5,True,0,,,,,0.0,,,0.2825,False,-0.08848484848484847,0.9,0.9557522123893807,0.9983035714285715,0.9775,0.9613733905579399,0.8484848484848485,0.9964304824434589,0.9648809523809524,,requires predict_proba,,requires predict_proba,,0.7960000000002765,success,
nnpu,scar-pi0.3-scalesmall,114,"{""batch_size"": 256, ""beta"": 0.25, ""device"": null, ""gamma"": 1.0, ""loss"": ""sigmoid"", ""max_epochs"": 200, ""model"": null, ""optimizer"": null, ""patience"": 20}",scar,0.3,0.5,0.5,True,0,,,,,0.0,,,0.3,False,-0.10288476292772747,0.9824561403508771,0.9824561403508771,0.9980952380952381,0.99,0.9833333333333333,0.8134110787172012,0.9960060301000555,0.9880952380952381,,requires predict_proba,,requires predict_proba,,0.7970000000004802,success,
nnpu,scar-pi0.3-scalesmall,115,"{""batch_size"": 256, ""beta"": 0.25, ""device"": null, ""gamma"": 1.0, ""loss"": ""sigmoid"", ""max_epochs"": 200, ""model"": null, ""optimizer"": null, ""patience"": 20}",scar,0.3,0.5,0.5,True,0,,,,,0.0,,,0.285,False,-0.06739709640585068,0.9245283018867925,0.9731876861966237,0.9915773809523809,0.95,0.9145299145299145,0.8126801152737753,0.9834209600008712,0.9333333333333333,,requires predict_proba,,requires predict_proba,,0.7960000000002765,success,
nnpu,scar-pi0.3-scalesmall,116,"{""batch_size"": 256, ""beta"": 0.25, ""device"": null, ""gamma"": 1.0, ""loss"": ""sigmoid"", ""max_epochs"": 200, ""model"": null, ""optimizer"": null, ""patience"": 20}",scar,0.3,0.5,0.5,True,0,,,,,0.0,,,0.265,False,-0.03500070651405962,0.8253968253968254,0.9344115004492362,0.9967261904761905,0.96,0.9292035398230089,0.8397626112759644,0.9927386927110787,0.9357142857142857,,requires predict_proba,,requires predict_proba,,0.8600000000005821,success,
nnpu,scar-pi0.3-scalesmall,117,"{""batch_size"": 256, ""beta"": 0.25, ""device"": null, ""gamma"": 1.0, ""loss"": ""sigmoid"", ""max_epochs"": 200, ""model"": null, ""optimizer"": null, ""patience"": 20}",scar,0.3,0.5,0.5,True,0,,,,,0.0,,,0.255,False,-0.023026673924877505,0.7878787878787878,0.926916221033868,0.995625,0.95,0.9099099099099099,0.8502994011976048,0.9903168867263452,0.9190476190476191,,requires predict_proba,,requires predict_proba,,0.9219999999986612,success,
nnpu,scar-pi0.3-scalesmall,118,"{""batch_size"": 256, ""beta"": 0.25, ""device"": null, ""gamma"": 1.0, ""loss"": ""sigmoid"", ""max_epochs"": 200, ""model"": null, ""optimizer"": null, ""patience"": 20}",scar,0.3,0.5,0.5,True,0,,,,,0.0,,,0.305,False,-0.0894669235709698,0.9814814814814815,0.9653916211293261,0.9930654761904761,0.97,0.9504132231404959,0.8005780346820809,0.9862436174730725,0.9666666666666667,,requires predict_proba,,requires predict_proba,,0.9220000000004802,success,
nnpu,scar-pi0.3-scalesmall,119,"{""batch_size"": 256, ""beta"": 0.25, ""device"": null, ""gamma"": 1.0, ""loss"": ""sigmoid"", ""max_epochs"": 200, ""model"": null, ""optimizer"": null, ""patience"": 20}",scar,0.3,0.5,0.5,True,0,,,,,0.0,,,0.275,False,-0.020431893687707647,0.8392857142857143,0.9155844155844155,0.9889583333333333,0.925,0.8695652173913043,0.8168604651162791,0.9736093350493754,0.8988095238095238,,requires predict_proba,,requires predict_proba,,0.9850000000005821,success,
nnpu,scar-pi0.3-scalemid,100,"{""batch_size"": 256, ""beta"": 0.25, ""device"": null, ""gamma"": 1.0, ""loss"": ""sigmoid"", ""max_epochs"": 200, ""model"": null, ""optimizer"": null, ""patience"": 20}",scar,0.3,0.5,0.5,True,0,,,,,0.0,,,0.2915,False,-0.10729890764647465,0.9638157894736842,0.9919201949986458,0.9984190476190475,0.9855,0.9754860524091293,0.8290094339622641,0.9968111302428084,0.9786904761904762,,requires predict_proba,,requires predict_proba,,3.2030000000013388,success,
nnpu,scar-pi0.3-scalemid,101,"{""batch_size"": 256, ""beta"": 0.25, ""device"": null, ""gamma"": 1.0, ""loss"": ""sigmoid"", ""max_epochs"": 200, ""model"": null, ""optimizer"": null, ""patience"": 20}",scar,0.3,0.5,0.5,True,0,,,,,0.0,,,0.299,False,-0.09721835183784475,0.9783393501805054,0.9816113881409754,0.9992369047619047,0.986,0.9766277128547579,0.8102147417295414,0.9982660950355071,0.9828571428571429,,requires predict_proba,,requires predict_proba,,3.07799999999952,success,
nnpu,scar-pi0.3-scalemid,102,"{""batch_size"": 256, ""beta"": 0.25, ""device"": null, ""gamma"": 1.0, ""loss"": ""sigmoid"", ""max_epochs"": 200, ""model"": null, ""optimizer"": null, ""patience"": 20}",scar,0.3,0.5,0.5,True,0,,,,,0.0,,,0.301,False,-0.11770347875762951,0.9841772151898734,0.9809075234450566,0.9992011904761905,0.988,0.9800332778702163,0.8271971496437055,0.9981876629331703,0.9861904761904763,,requires predict_proba,,requires predict_proba,,3.2340000000003783,success,
nnpu,scar-pi0.3-scalemid,103,"{""batch_size"": 256, ""beta"": 0.25, ""device"": null, ""gamma"": 1.0, ""loss"": ""sigmoid"", ""max_epochs"": 200, ""model"": null, ""optimizer"": null, ""patience"": 20}",scar,0.3,0.5,0.5,True,0,,,,,0.0,,,0.294,False,-0.10342679127725857,0.9722222222222222,0.992063492063492,0.9991452380952381,0.987,0.9781144781144782,0.8200934579439252,0.9982712568584761,0.9816666666666667,,requires predict_proba,,requires predict_proba,,3.20299999999952,success,
nnpu,scar-pi0.3-scalemid,104,"{""batch_size"": 256, ""beta"": 0.25, ""device"": null, ""gamma"": 1.0, ""loss"": ""sigmoid"", ""max_epochs"": 200, ""model"": null, ""optimizer"": null, ""patience"": 20}",scar,0.3,0.5,0.5,True,0,,,,,0.0,,,0.294,False,-0.10602673203129959,0.9641693811074918,0.9838463072525426,0.9989559523809524,0.985,0.9747474747474747,0.8275251033668045,0.9976740926614349,0.9792857142857143,,requires predict_proba,,requires predict_proba,,3.20299999999952,success,
nnpu,scar-pi0.3-scalemid,105,"{""batch_size"": 256, ""beta"": 0.25, ""device"": null, ""gamma"": 1.0, ""loss"": ""sigmoid"", ""max_epochs"": 200, ""model"": null, ""optimizer"": null, ""patience"": 20}",scar,0.3,0.5,0.5,True,0,,,,,0.0,,,0.298,False,-0.11409322767957394,0.9897260273972602,0.9963684839569734,0.9994642857142857,0.992,0.9866220735785953,0.8202576112412178,0.9987862069164373,0.9895238095238095,,requires predict_proba,,requires predict_proba,,3.2340000000003783,success,
nnpu,scar-pi0.3-scalemid,106,"{""batch_size"": 256, ""beta"": 0.25, ""device"": null, ""gamma"": 1.0, ""loss"": ""sigmoid"", ""max_epochs"": 200, ""model"": null, ""optimizer"": null, ""patience"": 20}",scar,0.3,0.5,0.5,True,0,,,,,0.0,,,0.2925,False,-0.10751790952998311,0.9614147909967846,0.9860664523043945,0.9984785714285713,0.9805,0.9670886075949368,0.8306690349319124,0.996660002487746,0.9732142857142857,,requires predict_proba,,requires predict_proba,,3.20299999999952,success,
nnpu,scar-pi0.3-scalemid,107,"{""batch_size"": 256, ""beta"": 0.25, ""device"": null, ""gamma"": 1.0, ""loss"": ""sigmoid"", ""max_epochs"": 200, ""model"": null, ""optimizer"": null, ""patience"": 20}",scar,0.3,0.5,0.5,True,0,,,,,0.0,,,0.292,False,-0.09720196651553706,0.9616724738675958,0.9880196649324615,0.9985714285714287,0.981,0.9679054054054054,0.8201984821949796,0.9969667008225599,0.9735714285714285,,requires predict_proba,,requires predict_proba,,3.2340000000003783,success,
nnpu,scar-pi0.3-scalemid,108,"{""batch_size"": 256, ""beta"": 0.25, ""device"": null, ""gamma"": 1.0, ""loss"": ""sigmoid"", ""max_epochs"": 200, ""model"": null, ""optimizer"": null, ""patience"": 20}",scar,0.3,0.5,0.5,True,0,,,,,0.0,,,0.296,False,-0.11477549110399352,0.9832775919732442,0.9965651269999096,0.9994416666666667,0.99,0.9832214765100671,0.824808935920047,0.9987396130256967,0.9861904761904762,,requires predict_proba,,requires predict_proba,,3.25,success,
nnpu,scar-pi0.3-scalemid,109,"{""batch_size"": 256, ""beta"": 0.25, ""device"": null, ""gamma"": 1.0, ""loss"": ""sigmoid"", ""max_epochs"": 200, ""model"": null, ""optimizer"": null, ""patience"": 20}",scar,0.3,0.5,0.5,True,0,,,,,0.0,,,0.291,False,-0.11850836034484061,0.9713375796178344,1.0,0.9987952380952381,0.986,0.9763113367174281,0.83570581257414,0.9974878612112367,0.979047619047619,,requires predict_proba,,requires predict_proba,,3.2190000000009604,success,
nnpu,scar-pi0.3-scalemid,110,"{""batch_size"": 256, ""beta"": 0.25, ""device"": null, ""gamma"": 1.0, ""loss"": ""sigmoid"", ""max_epochs"": 200, ""model"": null, ""optimizer"": null, ""patience"": 20}",scar,0.3,0.5,0.5,True,0,,,,,0.0,,,0.3,False,-0.10607746978808821,0.986013986013986,0.986013986013986,0.9989333333333332,0.985,0.975,0.8144690781796966,0.9976169526562214,0.9821428571428572,,requires predict_proba,,requires predict_proba,,3.2659999999996217,success,
nnpu,scar-pi0.3-scalemid,111,"{""batch_size"": 256, ""beta"": 0.25, ""device"": null, ""gamma"": 1.0, ""loss"": ""sigmoid"", ""max_epochs"": 200, ""model"": null, ""optimizer"": null, ""patience"": 20}",scar,0.3,0.5,0.5,True,0,,,,,0.0,,,0.297,False,-0.11375993722685895,0.9896193771626297,0.9996155324875048,0.9993583333333333,0.988,0.9798994974874372,0.8199883109292812,0.9985499944070523,0.9842857142857142,,requires predict_proba,,requires predict_proba,,3.2340000000003783,success,
nnpu,scar-pi0.3-scalemid,112,"{""batch_size"": 256, ""beta"": 0.25, ""device"": null, ""gamma"": 1.0, ""loss"": ""sigmoid"", ""max_epochs"": 200, ""model"": null, ""optimizer"": null, ""patience"": 20}",scar,0.3,0.5,0.5,True,0,,,,,0.0,,,0.2955,False,-0.10811764705882354,0.9733333333333334,0.988155668358714,0.9992202380952381,0.9865,0.9773299748110831,0.8241176470588235,0.9982787087489533,0.9817857142857143,,requires predict_proba,,requires predict_proba,,3.07799999999952,success,
nnpu,scar-pi0.3-scalemid,113,"{""batch_size"": 256, ""beta"": 0.25, ""device"": null, ""gamma"": 1.0, ""loss"": ""sigmoid"", ""max_epochs"": 200, ""model"": null, ""optimizer"": null, ""patience"": 20}",scar,0.3,0.5,0.5,True,0,,,,,0.0,,,0.2975,False,-0.1156706263312913,0.9805825242718447,0.98882271355144,0.9991285714285715,0.9895,0.9824267782426779,0.8273211117681845,0.9979205013716465,0.9863095238095239,,requires predict_proba,,requires predict_proba,,3.389999999999418,success,
nnpu,scar-pi0.3-scalemid,114,"{""batch_size"": 256, ""beta"": 0.25, ""device"": null, ""gamma"": 1.0, ""loss"": ""sigmoid"", ""max_epochs"": 200, ""model"": null, ""optimizer"": null, ""patience"": 20}",scar,0.3,0.5,0.5,True,0,,,,,0.0,,,0.299,False,-0.11883948005339035,0.978328173374613,0.9816001739544612,0.9988369047619048,0.986,0.9766277128547579,0.8318425760286225,0.9972715918996977,0.9828571428571429,,requires predict_proba,,requires predict_proba,,2.8909999999996217,success,
nnpu,scar-pi0.3-scalemid,115,"{""batch_size"": 256, ""beta"": 0.25, ""device"": null, ""gamma"": 1.0, ""loss"": ""sigmoid"", ""max_epochs"": 200, ""model"": null, ""optimizer"": null, ""patience"": 20}",scar,0.3,0.5,0.5,True,0,,,,,0.0,,,0.293,False,-0.11000729128691211,0.9647435897435898,0.9877920714098188,0.9987261904761905,0.985,0.9747048903878583,0.8311611374407583,0.9972854952706486,0.9788095238095238,,requires predict_proba,,requires predict_proba,,1.9220000000004802,success,
nnpu,scar-pi0.3-scalemid,116,"{""batch_size"": 256, ""beta"": 0.25, ""device"": null, ""gamma"": 1.0, ""loss"": ""sigmoid"", ""max_epochs"": 200, ""model"": null, ""optimizer"": null, ""patience"": 20}",scar,0.3,0.5,0.5,True,0,,,,,0.0,,,0.3,False,-0.11470737527494645,0.9867986798679867,0.9867986798679867,0.9993595238095238,0.989,0.9816666666666667,0.8226281673541543,0.9984894936177837,0.986904761904762,,requires predict_proba,,requires predict_proba,,1.8909999999996217,success,
nnpu,scar-pi0.3-scalemid,117,"{""batch_size"": 256, ""beta"": 0.25, ""device"": null, ""gamma"": 1.0, ""loss"": ""sigmoid"", ""max_epochs"": 200, ""model"": null, ""optimizer"": null, ""patience"": 20}",scar,0.3,0.5,0.5,True,0,,,,,0.0,,,0.298,False,-0.10678658319573853,0.9735973597359736,0.9801315702040002,0.9990607142857143,0.986,0.9765886287625418,0.8226281673541543,0.9977717541879729,0.9823809523809524,,requires predict_proba,,requires predict_proba,,1.9369999999998981,success,
nnpu,scar-pi0.3-scalemid,118,"{""batch_size"": 256, ""beta"": 0.25, ""device"": null, ""gamma"": 1.0, ""loss"": ""sigmoid"", ""max_epochs"": 200, ""model"": null, ""optimizer"": null, ""patience"": 20}",scar,0.3,0.5,0.5,True,0,,,,,0.0,,,0.2985,False,-0.10942166696330657,0.9741100323624595,0.9790050576507131,0.9994119047619048,0.9895,0.9824561403508771,0.8249556475458308,0.9986258287522983,0.9867857142857143,,requires predict_proba,,requires predict_proba,,2.04700000000048,success,
nnpu,scar-pi0.3-scalemid,119,"{""batch_size"": 256, ""beta"": 0.25, ""device"": null, ""gamma"": 1.0, ""loss"": ""sigmoid"", ""max_epochs"": 200, ""model"": null, ""optimizer"": null, ""patience"": 20}",scar,0.3,0.5,0.5,True,0,,,,,0.0,,,0.2925,False,-0.09773539422301047,0.9619377162629758,0.9866027859107444,0.9987154761904762,0.9845,0.9738396624472574,0.820572764465225,0.9972726094177486,0.9779761904761906,,requires predict_proba,,requires predict_proba,,2.7659999999996217,success,
nnpu,scar-pi0.5-scalesmall,100,"{""batch_size"": 256, ""beta"": 0.25, ""device"": null, ""gamma"": 1.0, ""loss"": ""sigmoid"", ""max_epochs"": 200, ""model"": null, ""optimizer"": null, ""patience"": 20}",scar,0.5,0.5,0.5,True,0,,,,,0.0,,,0.5075,False,-0.08565374242583446,0.956989247311828,0.9428465490756927,0.9896,0.9425,0.9429280397022333,0.6286644951140065,0.991066708732657,0.9425,,requires predict_proba,,requires predict_proba,,0.8590000000003783,success,
nnpu,scar-pi0.5-scalesmall,101,"{""batch_size"": 256, ""beta"": 0.25, ""device"": null, ""gamma"": 1.0, ""loss"": ""sigmoid"", ""max_epochs"": 200, ""model"": null, ""optimizer"": null, ""patience"": 20}",scar,0.5,0.5,0.5,True,0,,,,,0.0,,,0.51,False,-0.10603586131809056,0.9690721649484536,0.9500707499494643,0.993875,0.97,0.9702970297029703,0.636963696369637,0.993136950666383,0.97,,requires predict_proba,,requires predict_proba,,0.8119999999998981,success,
nnpu,scar-pi0.5-scalesmall,102,"{""batch_size"": 256, ""beta"": 0.25, ""device"": null, ""gamma"": 1.0, ""loss"": ""sigmoid"", ""max_epochs"": 200, ""model"": null, ""optimizer"": null, ""patience"": 20}",scar,0.5,0.5,0.5,True,0,,,,,0.0,,,0.4975,False,-0.15435081714151483,0.98989898989899,0.994873356682402,0.99735,0.9775,0.9774436090225563,0.6644518272425249,0.9975257464379105,0.9775,,requires predict_proba,,requires predict_proba,,0.8130000000001019,success,
nnpu,scar-pi0.5-scalesmall,103,"{""batch_size"": 256, ""beta"": 0.25, ""device"": null, ""gamma"": 1.0, ""loss"": ""sigmoid"", ""max_epochs"": 200, ""model"": null, ""optimizer"": null, ""patience"": 20}",scar,0.5,0.5,0.5,True,0,,,,,0.0,,,0.49,False,-0.13245191540939683,0.9532710280373832,0.9727255388136563,0.9933000000000001,0.95,0.9494949494949495,0.6791808873720137,0.9932670043667231,0.95,,requires predict_proba,,requires predict_proba,,0.7960000000002765,success,
nnpu,scar-pi0.5-scalesmall,104,"{""batch_size"": 256, ""beta"": 0.25, ""device"": null, ""gamma"": 1.0, ""loss"": ""sigmoid"", ""max_epochs"": 200, ""model"": null, ""optimizer"": null, ""patience"": 20}",scar,0.5,0.5,0.5,True,0,,,,,0.0,,,0.4625,False,-0.10940748440748438,0.9134615384615384,0.9875259875259874,0.9956,0.9475,0.9454545454545454,0.6959459459459459,0.9956282635956087,0.9475,,requires predict_proba,,requires predict_proba,,0.9840000000003783,success,
nnpu,scar-pi0.5-scalesmall,105,"{""batch_size"": 256, ""beta"": 0.25, ""device"": null, ""gamma"": 1.0, ""loss"": ""sigmoid"", ""max_epochs"": 200, ""model"": null, ""optimizer"": null, ""patience"": 20}",scar,0.5,0.5,0.5,True,0,,,,,0.0,,,0.5075,False,-0.1588628762541806,1.0,0.9852216748768474,0.99915,0.9875,0.9875930521091811,0.6588628762541806,0.9991734256034462,0.9875,,requires predict_proba,,requires predict_proba,,0.8130000000001019,success,
nnpu,scar-pi0.5-scalesmall,106,"{""batch_size"": 256, ""beta"": 0.25, ""device"": null, ""gamma"": 1.0, ""loss"": ""sigmoid"", ""max_epochs"": 200, ""model"": null, ""optimizer"": null, ""patience"": 20}",scar,0.5,0.5,0.5,True,0,,,,,0.0,,,0.4875,False,-0.04788610871440896,0.9052631578947369,0.9284750337381917,0.9834750000000001,0.9225,0.9215189873417722,0.6426229508196721,0.9842627622990379,0.9225000000000001,,requires predict_proba,,requires predict_proba,,0.7970000000004802,success,
nnpu,scar-pi0.5-scalesmall,107,"{""batch_size"": 256, ""beta"": 0.25, ""device"": null, ""gamma"": 1.0, ""loss"": ""sigmoid"", ""max_epochs"": 200, ""model"": null, ""optimizer"": null, ""patience"": 20}",scar,0.5,0.5,0.5,True,0,,,,,0.0,,,0.475,False,-0.1273462595301676,0.9753086419753086,1.0,0.996225,0.96,0.958974358974359,0.6520376175548589,0.9964365346261733,0.96,,requires predict_proba,,requires predict_proba,,0.8130000000001019,success,
nnpu,scar-pi0.5-scalesmall,108,"{""batch_size"": 256, ""beta"": 0.25, ""device"": null, ""gamma"": 1.0, ""loss"": ""sigmoid"", ""max_epochs"": 200, ""model"": null, ""optimizer"": null, ""patience"": 20}",scar,0.5,0.5,0.5,True,0,,,,,0.0,,,0.5025,False,-0.1341984518931036,0.989247311827957,0.9843256834109025,0.9989750000000001,0.9875,0.9875311720698254,0.6449511400651465,0.998998628451313,0.9875,,requires predict_proba,,requires predict_proba,,0.8119999999998981,success,
nnpu,scar-pi0.5-scalesmall,109,"{""batch_size"": 256, ""beta"": 0.25, ""device"": null, ""gamma"": 1.0, ""loss"": ""sigmoid"", ""max_epochs"": 200, ""model"": null, ""optimizer"": null, ""patience"": 20}",scar,0.5,0.5,0.5,True,0,,,,,0.0,,,0.47,False,-0.08304730149390344,0.9029126213592233,0.9605453418715143,0.9913000000000001,0.935,0.9329896907216495,0.6801346801346801,0.9915262980525816,0.935,,requires predict_proba,,requires predict_proba,,0.9840000000003783,success,
nnpu,scar-pi0.5-scalesmall,110,"{""batch_size"": 256, ""beta"": 0.25, ""device"": null, ""gamma"": 1.0, ""loss"": ""sigmoid"", ""max_epochs"": 200, ""model"": null, ""optimizer"": null, ""patience"": 20}",scar,0.5,0.5,0.5,True,0,,,,,0.0,,,0.495,False,-0.14090745644143704,0.970873786407767,0.9806805923310777,0.9974999999999999,0.98,0.9798994974874372,0.67003367003367,0.9976982039723098,0.98,,requires predict_proba,,requires predict_proba,,0.8600000000005821,success,
nnpu,scar-pi0.5-scalesmall,111,"{""batch_size"": 256, ""beta"": 0.25, ""device"": null, ""gamma"": 1.0, ""loss"": ""sigmoid"", ""max_epochs"": 200, ""model"": null, ""optimizer"": null, ""patience"": 20}",scar,0.5,0.5,0.5,True,0,,,,,0.0,,,0.5175,False,-0.11666666666666664,0.98,0.9468599033816426,0.988225,0.9475,0.9484029484029484,0.6366666666666667,0.9901024459703781,0.9475,,requires predict_proba,,requires predict_proba,,0.7970000000004802,success,
nnpu,scar-pi0.5-scalesmall,112,"{""batch_size"": 256, ""beta"": 0.25, ""device"": null, ""gamma"": 1.0, ""loss"": ""sigmoid"", ""max_epochs"": 200, ""model"": null, ""optimizer"": null, ""patience"": 20}",scar,0.5,0.5,0.5,True,0,,,,,0.0,,,0.5075,False,-0.10079197288499614,0.9595959595959596,0.9454147385181868,0.99205,0.9625,0.9627791563275434,0.6411960132890365,0.9917895077626162,0.9624999999999999,,requires predict_proba,,requires predict_proba,,0.9059999999990396,success,
nnpu,scar-pi0.5-scalesmall,113,"{""batch_size"": 256, ""beta"": 0.25, ""device"": null, ""gamma"": 1.0, ""loss"": ""sigmoid"", ""max_epochs"": 200, ""model"": null, ""optimizer"": null, ""patience"": 20}",scar,0.5,0.5,0.5,True,0,,,,,0.0,,,0.505,False,-0.1400304414003044,0.9722222222222222,0.9625962596259626,0.9986499999999999,0.98,0.9800995024875622,0.6678082191780822,0.9986898864894865,0.98,,requires predict_proba,,requires predict_proba,,0.7810000000008586,success,
nnpu,scar-pi0.5-scalesmall,114,"{""batch_size"": 256, ""beta"": 0.25, ""device"": null, ""gamma"": 1.0, ""loss"": ""sigmoid"", ""max_epochs"": 200, ""model"": null, ""optimizer"": null, ""patience"": 20}",scar,0.5,0.5,0.5,True,0,,,,,0.0,,,0.495,False,-0.15153309646006052,0.9803921568627451,0.9902951079421667,0.99825,0.99,0.9899497487437185,0.6711409395973155,0.9982690599061027,0.99,,requires predict_proba,,requires predict_proba,,0.8130000000001019,success,
nnpu,scar-pi0.5-scalesmall,115,"{""batch_size"": 256, ""beta"": 0.25, ""device"": null, ""gamma"": 1.0, ""loss"": ""sigmoid"", ""max_epochs"": 200, ""model"": null, ""optimizer"": null, ""patience"": 20}",scar,0.5,0.5,0.5,True,0,,,,,0.0,,,0.4875,False,-0.10310612597066438,0.9473684210526315,0.97165991902834,0.990125,0.9475,0.9468354430379747,0.6557377049180327,0.9906323306697852,0.9475,,requires predict_proba,,requires predict_proba,,0.7960000000002765,success,
nnpu,scar-pi0.5-scalesmall,116,"{""batch_size"": 256, ""beta"": 0.25, ""device"": null, ""gamma"": 1.0, ""loss"": ""sigmoid"", ""max_epochs"": 200, ""model"": null, ""optimizer"": null, ""patience"": 20}",scar,0.5,0.5,0.5,True,0,,,,,0.0,,,0.4975,False,-0.12970137207425347,0.9619047619047619,0.9667384541756401,0.996375,0.9725,0.9724310776942355,0.6677966101694915,0.9965912641414828,0.9724999999999999,,requires predict_proba,,requires predict_proba,,0.7970000000004802,success,
nnpu,scar-pi0.5-scalesmall,117,"{""batch_size"": 256, ""beta"": 0.25, ""device"": null, ""gamma"": 1.0, ""loss"": ""sigmoid"", ""max_epochs"": 200, ""model"": null, ""optimizer"": null, ""patience"": 20}",scar,0.5,0.5,0.5,True,0,,,,,0.0,,,0.5,False,-0.09733548105641132,0.9494949494949495,0.9494949494949495,0.992675,0.965,0.965,0.6478405315614618,0.9930592146761903,0.965,,requires predict_proba,,requires predict_proba,,0.7969999999986612,success,
nnpu,scar-pi0.5-scalesmall,118,"{""batch_size"": 256, ""beta"": 0.25, ""device"": null, ""gamma"": 1.0, ""loss"": ""sigmoid"", ""max_epochs"": 200, ""model"": null, ""optimizer"": null, ""patience"": 20}",scar,0.5,0.5,0.5,True,0,,,,,0.0,,,0.53,False,-0.08215697346132128,0.9782608695652174,0.9228876127973749,0.99215,0.95,0.9514563106796117,0.6038961038961039,0.9922010780145912,0.95,,requires predict_proba,,requires predict_proba,,0.7970000000004802,success,
nnpu,scar-pi0.5-scalesmall,119,"{""batch_size"": 256, ""beta"": 0.25, ""device"": null, ""gamma"": 1.0, ""loss"": ""sigmoid"", ""max_epochs"": 200, ""model"": null, ""optimizer"": null, ""patience"": 20}",scar,0.5,0.5,0.5,True,0,,,,,0.0,,,0.52,False,-0.0818397274477855,0.9767441860465116,0.9391771019677996,0.984375,0.945,0.946078431372549,0.6050955414012739,0.983213423903491,0.9450000000000001,,requires predict_proba,,requires predict_proba,,0.7970000000004802,success,
nnpu,scar-pi0.5-scalemid,100,"{""batch_size"": 256, ""beta"": 0.25, ""device"": null, ""gamma"": 1.0, ""loss"": ""sigmoid"", ""max_epochs"": 200, ""model"": null, ""optimizer"": null, ""patience"": 20}",scar,0.5,0.5,0.5,True,0,,,,,0.0,,,0.4955,False,-0.13111100238650514,0.9732510288065843,0.9820898373426683,0.998219,0.9805,0.9804118533400301,0.6578599735799208,0.9983501105816963,0.9804999999999999,,requires predict_proba,,requires predict_proba,,3.2180000000007567,success,
nnpu,scar-pi0.5-scalemid,101,"{""batch_size"": 256, ""beta"": 0.25, ""device"": null, ""gamma"": 1.0, ""loss"": ""sigmoid"", ""max_epochs"": 200, ""model"": null, ""optimizer"": null, ""patience"": 20}",scar,0.5,0.5,0.5,True,0,,,,,0.0,,,0.4985,False,-0.13796277699671955,0.9871794871794872,0.9901499369904586,0.9989140000000001,0.9795,0.9794692038057086,0.6507832898172323,0.9989083680522809,0.9795,,requires predict_proba,,requires predict_proba,,2.984999999998763,success,
nnpu,scar-pi0.5-scalemid,102,"{""batch_size"": 256, ""beta"": 0.25, ""device"": null, ""gamma"": 1.0, ""loss"": ""sigmoid"", ""max_epochs"": 200, ""model"": null, ""optimizer"": null, ""patience"": 20}",scar,0.5,0.5,0.5,True,0,,,,,0.0,,,0.501,False,-0.15683570488309406,0.9883720930232558,0.986399294434387,0.9991260000000001,0.986,0.986013986013986,0.6684636118598383,0.9991146271633611,0.986,,requires predict_proba,,requires predict_proba,,3.1560000000008586,success,
nnpu,scar-pi0.5-scalemid,103,"{""batch_size"": 256, ""beta"": 0.25, ""device"": null, ""gamma"": 1.0, ""loss"": ""sigmoid"", ""max_epochs"": 200, ""model"": null, ""optimizer"": null, ""patience"": 20}",scar,0.5,0.5,0.5,True,0,,,,,0.0,,,0.498,False,-0.13180708355681842,0.9772256728778468,0.9811502739737418,0.9990110000000001,0.986,0.9859719438877755,0.6545814106789717,0.9990536418013042,0.986,,requires predict_proba,,requires predict_proba,,3.0309999999990396,success,
nnpu,scar-pi0.5-scalemid,104,"{""batch_size"": 256, ""beta"": 0.25, ""device"": null, ""gamma"": 1.0, ""loss"": ""sigmoid"", ""max_epochs"": 200, ""model"": null, ""optimizer"": null, ""patience"": 20}",scar,0.5,0.5,0.5,True,0,,,,,0.0,,,0.5055,False,-0.1554072305476606,0.9941060903732809,0.9832899014572513,0.998922,0.9855,0.9855793137742417,0.6613011401743796,0.9989386528947901,0.9855,,requires predict_proba,,requires predict_proba,,3.04700000000048,success,
nnpu,scar-pi0.5-scalemid,105,"{""batch_size"": 256, ""beta"": 0.25, ""device"": null, ""gamma"": 1.0, ""loss"": ""sigmoid"", ""max_epochs"": 200, ""model"": null, ""optimizer"": null, ""patience"": 20}",scar,0.5,0.5,0.5,True,0,,,,,0.0,,,0.4995,False,-0.1517998026628531,0.9880239520958084,0.9890129650608692,0.999248,0.9865,0.9864932466233116,0.6637758505670447,0.9992490409838235,0.9864999999999999,,requires predict_proba,,requires predict_proba,,3.0930000000007567,success,
nnpu,scar-pi0.5-scalemid,106,"{""batch_size"": 256, ""beta"": 0.25, ""device"": null, ""gamma"": 1.0, ""loss"": ""sigmoid"", ""max_epochs"": 200, ""model"": null, ""optimizer"": null, ""patience"": 20}",scar,0.5,0.5,0.5,True,0,,,,,0.0,,,0.5005,False,-0.14726323107879175,0.9823874755381604,0.9814060694686918,0.999001,0.9845,0.9845077461269365,0.6648757555406313,0.9990298003167885,0.9844999999999999,,requires predict_proba,,requires predict_proba,,3.04700000000048,success,
nnpu,scar-pi0.5-scalemid,107,"{""batch_size"": 256, ""beta"": 0.25, ""device"": null, ""gamma"": 1.0, ""loss"": ""sigmoid"", ""max_epochs"": 200, ""model"": null, ""optimizer"": null, ""patience"": 20}",scar,0.5,0.5,0.5,True,0,,,,,0.0,,,0.502,False,-0.13929449222413282,0.9856262833675564,0.9816994854258531,0.9983979999999999,0.985,0.9850299401197605,0.6536682088565764,0.9984410057334381,0.985,,requires predict_proba,,requires predict_proba,,3.0159999999996217,success,
nnpu,scar-pi0.5-scalemid,108,"{""batch_size"": 256, ""beta"": 0.25, ""device"": null, ""gamma"": 1.0, ""loss"": ""sigmoid"", ""max_epochs"": 200, ""model"": null, ""optimizer"": null, ""patience"": 20}",scar,0.5,0.5,0.5,True,0,,,,,0.0,,,0.5005,False,-0.16979856135398358,0.992467043314501,0.9914755677467544,0.99946,0.9895,0.9895052473763118,0.6773315180394827,0.9994614644863159,0.9895,,requires predict_proba,,requires predict_proba,,3.0310000000008586,success,
nnpu,scar-pi0.5-scalemid,109,"{""batch_size"": 256, ""beta"": 0.25, ""device"": null, ""gamma"": 1.0, ""loss"": ""sigmoid"", ""max_epochs"": 200, ""model"": null, ""optimizer"": null, ""patience"": 20}",scar,0.5,0.5,0.5,True,0,,,,,0.0,,,0.4955,False,-0.15592494524533357,0.9825242718446602,0.9914472975223615,0.999078,0.9835,0.9834254143646409,0.6734006734006734,0.9991172433213616,0.9835,,requires predict_proba,,requires predict_proba,,3.0319999999992433,success,
nnpu,scar-pi0.5-scalemid,110,"{""batch_size"": 256, ""beta"": 0.25, ""device"": null, ""gamma"": 1.0, ""loss"": ""sigmoid"", ""max_epochs"": 200, ""model"": null, ""optimizer"": null, ""patience"": 20}",scar,0.5,0.5,0.5,True,0,,,,,0.0,,,0.5015,False,-0.13445422431597548,0.9833679833679834,0.9804267032582088,0.998966,0.9795,0.9795307039440839,0.6510862409479921,0.9989797544898404,0.9795,,requires predict_proba,,requires predict_proba,,3.0,success,
nnpu,scar-pi0.5-scalemid,111,"{""batch_size"": 256, ""beta"": 0.25, ""device"": null, ""gamma"": 1.0, ""loss"": ""sigmoid"", ""max_epochs"": 200, ""model"": null, ""optimizer"": null, ""patience"": 20}",scar,0.5,0.5,0.5,True,0,,,,,0.0,,,0.498,False,-0.1591273756689423,0.9920159680638723,0.9959999679356147,0.998975,0.984,0.9839679358717435,0.66711140760507,0.9989910955127724,0.984,,requires predict_proba,,requires predict_proba,,3.04700000000048,success,
nnpu,scar-pi0.5-scalemid,112,"{""batch_size"": 256, ""beta"": 0.25, ""device"": null, ""gamma"": 1.0, ""loss"": ""sigmoid"", ""max_epochs"": 200, ""model"": null, ""optimizer"": null, ""patience"": 20}",scar,0.5,0.5,0.5,True,0,,,,,0.0,,,0.504,False,-0.14266666666666666,0.986,0.9781746031746031,0.999264,0.985,0.9850597609561753,0.6566666666666666,0.9992816924318482,0.985,,requires predict_proba,,requires predict_proba,,3.061999999999898,success,
nnpu,scar-pi0.5-scalemid,113,"{""batch_size"": 256, ""beta"": 0.25, ""device"": null, ""gamma"": 1.0, ""loss"": ""sigmoid"", ""max_epochs"": 200, ""model"": null, ""optimizer"": null, ""patience"": 20}",scar,0.5,0.5,0.5,True,0,,,,,0.0,,,0.501,False,-0.15541909020477668,0.9883040935672515,0.9863314307058397,0.998422,0.986,0.986013986013986,0.6671149966375253,0.9985863316458409,0.986,,requires predict_proba,,requires predict_proba,,3.0309999999990396,success,
nnpu,scar-pi0.5-scalemid,114,"{""batch_size"": 256, ""beta"": 0.25, ""device"": null, ""gamma"": 1.0, ""loss"": ""sigmoid"", ""max_epochs"": 200, ""model"": null, ""optimizer"": null, ""patience"": 20}",scar,0.5,0.5,0.5,True,0,,,,,0.0,,,0.5015,False,-0.15307443365695794,0.9864077669902913,0.9834573948058738,0.998658,0.9855,0.9855217174238642,0.6666666666666666,0.9985933709041658,0.9855,,requires predict_proba,,requires predict_proba,,2.9530000000013388,success,
nnpu,scar-pi0.5-scalemid,115,"{""batch_size"": 256, ""beta"": 0.25, ""device"": null, ""gamma"": 1.0, ""loss"": ""sigmoid"", ""max_epochs"": 200, ""model"": null, ""optimizer"": null, ""patience"": 20}",scar,0.5,0.5,0.5,True,0,,,,,0.0,,,0.496,False,-0.14016486195571176,0.9726027397260274,0.9804463102076889,0.998309,0.98,0.9799196787148594,0.6675621222296844,0.9984128269427929,0.98,,requires predict_proba,,requires predict_proba,,3.0319999999992433,success,
nnpu,scar-pi0.5-scalemid,116,"{""batch_size"": 256, ""beta"": 0.25, ""device"": null, ""gamma"": 1.0, ""loss"": ""sigmoid"", ""max_epochs"": 200, ""model"": null, ""optimizer"": null, ""patience"": 20}",scar,0.5,0.5,0.5,True,0,,,,,0.0,,,0.5045,False,-0.14368500307147009,0.9917695473251029,0.9829232381814698,0.999072,0.9885,0.9885515181682429,0.6519154557463672,0.9991061952502464,0.9884999999999999,,requires predict_proba,,requires predict_proba,,3.0460000000002765,success,
nnpu,scar-pi0.5-scalemid,117,"{""batch_size"": 256, ""beta"": 0.25, ""device"": null, ""gamma"": 1.0, ""loss"": ""sigmoid"", ""max_epochs"": 200, ""model"": null, ""optimizer"": null, ""patience"": 20}",scar,0.5,0.5,0.5,True,0,,,,,0.0,,,0.501,False,-0.13042297745589837,0.9757085020242915,0.9737609800641631,0.998378,0.981,0.981018981018981,0.6547144754316069,0.9983838519709993,0.981,,requires predict_proba,,requires predict_proba,,3.0159999999996217,success,
nnpu,scar-pi0.5-scalemid,118,"{""batch_size"": 256, ""beta"": 0.25, ""device"": null, ""gamma"": 1.0, ""loss"": ""sigmoid"", ""max_epochs"": 200, ""model"": null, ""optimizer"": null, ""patience"": 20}",scar,0.5,0.5,0.5,True,0,,,,,0.0,,,0.4975,False,-0.1463778398901281,0.97678916827853,0.9816976565613367,0.9992240000000001,0.9875,0.9874686716791979,0.6695886716115981,0.9992162988634804,0.9875,,requires predict_proba,,requires predict_proba,,3.0469999999986612,success,
nnpu,scar-pi0.5-scalemid,119,"{""batch_size"": 256, ""beta"": 0.25, ""device"": null, ""gamma"": 1.0, ""loss"": ""sigmoid"", ""max_epochs"": 200, ""model"": null, ""optimizer"": null, ""patience"": 20}",scar,0.5,0.5,0.5,True,0,,,,,0.0,,,0.5025,False,-0.13495887086701286,0.9853862212943633,0.9804838022829486,0.998178,0.9825,0.9825436408977556,0.6495726495726496,0.9982264732996732,0.9824999999999999,,requires predict_proba,,requires predict_proba,,3.0,success,
nnpu,sar-pi0.1-scalesmall,100,"{""batch_size"": 256, ""beta"": 0.25, ""device"": null, ""gamma"": 1.0, ""loss"": ""sigmoid"", ""max_epochs"": 200, ""model"": null, ""optimizer"": null, ""patience"": 20}",linear,0.1,0.5,0.5,True,1,,,,,0.0,,,0.1175,False,-0.022126022126022132,0.9545454545454546,0.8123791102514507,0.9959722222222223,0.9725,0.8735632183908046,0.9312169312169312,0.9719911469281748,0.9624999999999999,,requires predict_proba,,requires predict_proba,,0.8119999999998981,success,
nnpu,sar-pi0.1-scalesmall,101,"{""batch_size"": 256, ""beta"": 0.25, ""device"": null, ""gamma"": 1.0, ""loss"": ""sigmoid"", ""max_epochs"": 200, ""model"": null, ""optimizer"": null, ""patience"": 20}",linear,0.1,0.5,0.5,True,1,,,,,0.0,,,0.1225,False,-0.014062500000000006,1.0,0.8163265306122449,0.997361111111111,0.9775,0.898876404494382,0.9140625,0.9745792097968733,0.9875,,requires predict_proba,,requires predict_proba,,0.7969999999986612,success,
nnpu,sar-pi0.1-scalesmall,102,"{""batch_size"": 256, ""beta"": 0.25, ""device"": null, ""gamma"": 1.0, ""loss"": ""sigmoid"", ""max_epochs"": 200, ""model"": null, ""optimizer"": null, ""patience"": 20}",linear,0.1,0.5,0.5,True,1,,,,,0.0,,,0.105,False,-0.03963254593175854,1.0,0.9523809523809524,0.9927777777777778,0.98,0.9024390243902439,0.9396325459317585,0.9641845213856692,0.9555555555555556,,requires predict_proba,,requires predict_proba,,0.9380000000001019,success,
nnpu,sar-pi0.1-scalesmall,103,"{""batch_size"": 256, ""beta"": 0.25, ""device"": null, ""gamma"": 1.0, ""loss"": ""sigmoid"", ""max_epochs"": 200, ""model"": null, ""optimizer"": null, ""patience"": 20}",linear,0.1,0.5,0.5,True,1,,,,,0.0,,,0.11,False,-0.03931398416886544,1.0,0.9090909090909092,0.9945138888888889,0.97,0.8571428571428571,0.9393139841688655,0.9605114295858144,0.9388888888888889,,requires predict_proba,,requires predict_proba,,0.7969999999986612,success,
nnpu,sar-pi0.1-scalesmall,104,"{""batch_size"": 256, ""beta"": 0.25, ""device"": null, ""gamma"": 1.0, ""loss"": ""sigmoid"", ""max_epochs"": 200, ""model"": null, ""optimizer"": null, ""patience"": 20}",linear,0.1,0.5,0.5,True,1,,,,,0.0,,,0.0675,False,-0.05534540422096644,0.8695652173913043,1.0,0.9959722222222223,0.9675,0.8059701492537313,0.9814323607427056,0.9727733846865438,0.8375,,requires predict_proba,,requires predict_proba,,0.7809999999990396,success,
nnpu,sar-pi0.1-scalesmall,105,"{""batch_size"": 256, ""beta"": 0.25, ""device"": null, ""gamma"": 1.0, ""loss"": ""sigmoid"", ""max_epochs"": 200, ""model"": null, ""optimizer"": null, ""patience"": 20}",linear,0.1,0.5,0.5,True,1,,,,,0.0,,,0.0975,False,-0.055026455026455035,1.0,1.0,0.999375,0.9925,0.9620253164556962,0.955026455026455,0.9946426380636906,0.9736111111111111,,requires predict_proba,,requires predict_proba,,0.8119999999998981,success,
nnpu,sar-pi0.1-scalesmall,106,"{""batch_size"": 256, ""beta"": 0.25, ""device"": null, ""gamma"": 1.0, ""loss"": ""sigmoid"", ""max_epochs"": 200, ""model"": null, ""optimizer"": null, ""patience"": 20}",linear,0.1,0.5,0.5,True,1,,,,,0.0,,,0.0825,False,-0.027894736842105278,0.85,1.0,0.9818749999999999,0.9525,0.7397260273972602,0.9578947368421052,0.8720940301965224,0.8291666666666666,,requires predict_proba,,requires predict_proba,,0.7970000000004802,success,
nnpu,sar-pi0.1-scalesmall,107,"{""batch_size"": 256, ""beta"": 0.25, ""device"": null, ""gamma"": 1.0, ""loss"": ""sigmoid"", ""max_epochs"": 200, ""model"": null, ""optimizer"": null, ""patience"": 20}",linear,0.1,0.5,0.5,True,1,,,,,0.0,,,0.08,False,-0.04962187318208261,0.9444444444444444,1.0,0.9868055555555555,0.975,0.8611111111111112,0.9607329842931938,0.9294945548696969,0.8861111111111111,,requires predict_proba,,requires predict_proba,,0.8279999999995198,success,
nnpu,sar-pi0.1-scalesmall,108,"{""batch_size"": 256, ""beta"": 0.25, ""device"": null, ""gamma"": 1.0, ""loss"": ""sigmoid"", ""max_epochs"": 200, ""model"": null, ""optimizer"": null, ""patience"": 20}",linear,0.1,0.5,0.5,True,1,,,,,0.0,,,0.1075,False,-0.04444444444444445,1.0,0.930232558139535,0.9998611111111111,0.9925,0.963855421686747,0.9444444444444444,0.998765243902439,0.9958333333333333,,requires predict_proba,,requires predict_proba,,0.8280000000013388,success,
nnpu,sar-pi0.1-scalesmall,109,"{""batch_size"": 256, ""beta"": 0.25, ""device"": null, ""gamma"": 1.0, ""loss"": ""sigmoid"", ""max_epochs"": 200, ""model"": null, ""optimizer"": null, ""patience"": 20}",linear,0.1,0.5,0.5,True,1,,,,,0.0,,,0.0775,False,-0.049070803256028264,0.9411764705882353,1.0,0.9844444444444445,0.9675,0.8169014084507042,0.9608355091383812,0.9099039872217738,0.8597222222222223,,requires predict_proba,,requires predict_proba,,0.9369999999998981,success,
nnpu,sar-pi0.1-scalesmall,110,"{""batch_size"": 256, ""beta"": 0.25, ""device"": null, ""gamma"": 1.0, ""loss"": ""sigmoid"", ""max_epochs"": 200, ""model"": null, ""optimizer"": null, ""patience"": 20}",linear,0.1,0.5,0.5,True,1,,,,,0.0,,,0.115,False,-0.044000000000000004,1.0,0.8695652173913043,0.999375,0.985,0.9302325581395349,0.944,0.994562204930932,0.9916666666666667,,requires predict_proba,,requires predict_proba,,0.8130000000001019,success,
nnpu,sar-pi0.1-scalesmall,111,"{""batch_size"": 256, ""beta"": 0.25, ""device"": null, ""gamma"": 1.0, ""loss"": ""sigmoid"", ""max_epochs"": 200, ""model"": null, ""optimizer"": null, ""patience"": 20}",linear,0.1,0.5,0.5,True,1,,,,,0.0,,,0.1375,False,-0.007894736842105274,1.0,0.7272727272727273,0.9752083333333333,0.9475,0.7789473684210526,0.9078947368421053,0.9057431538092351,0.9375,,requires predict_proba,,requires predict_proba,,0.7810000000008586,success,
nnpu,sar-pi0.1-scalesmall,112,"{""batch_size"": 256, ""beta"": 0.25, ""device"": null, ""gamma"": 1.0, ""loss"": ""sigmoid"", ""max_epochs"": 200, ""model"": null, ""optimizer"": null, ""patience"": 20}",linear,0.1,0.5,0.5,True,1,,,,,0.0,,,0.105,False,-0.038253949948102876,0.9565217391304348,0.9109730848861284,0.993125,0.97,0.8536585365853658,0.946949602122016,0.9505526642344269,0.9277777777777778,,requires predict_proba,,requires predict_proba,,0.7970000000004802,success,
nnpu,sar-pi0.1-scalesmall,113,"{""batch_size"": 256, ""beta"": 0.25, ""device"": null, ""gamma"": 1.0, ""loss"": ""sigmoid"", ""max_epochs"": 200, ""model"": null, ""optimizer"": null, ""patience"": 20}",linear,0.1,0.5,0.5,True,1,,,,,0.0,,,0.095,False,-0.052631578947368425,1.0,1.0,0.9983333333333333,0.99,0.9487179487179487,0.9526315789473684,0.9891971544715445,0.9611111111111111,,requires predict_proba,,requires predict_proba,,0.8279999999995198,success,
nnpu,sar-pi0.1-scalesmall,114,"{""batch_size"": 256, ""beta"": 0.25, ""device"": null, ""gamma"": 1.0, ""loss"": ""sigmoid"", ""max_epochs"": 200, ""model"": null, ""optimizer"": null, ""patience"": 20}",linear,0.1,0.5,0.5,True,1,,,,,0.0,,,0.1075,False,-0.03700787401574804,1.0,0.930232558139535,0.9995833333333334,0.9925,0.963855421686747,0.937007874015748,0.9960962034044512,0.9958333333333333,,requires predict_proba,,requires predict_proba,,0.7970000000004802,success,
nnpu,sar-pi0.1-scalesmall,115,"{""batch_size"": 256, ""beta"": 0.25, ""device"": null, ""gamma"": 1.0, ""loss"": ""sigmoid"", ""max_epochs"": 200, ""model"": null, ""optimizer"": null, ""patience"": 20}",linear,0.1,0.5,0.5,True,1,,,,,0.0,,,0.1075,False,0.006696821208694553,0.8095238095238095,0.753045404208195,0.9911111111111112,0.9625,0.8192771084337349,0.9313984168865436,0.9386752932354225,0.9125,,requires predict_proba,,requires predict_proba,,0.7960000000002765,success,
nnpu,sar-pi0.1-scalesmall,116,"{""batch_size"": 256, ""beta"": 0.25, ""device"": null, ""gamma"": 1.0, ""loss"": ""sigmoid"", ""max_epochs"": 200, ""model"": null, ""optimizer"": null, ""patience"": 20}",linear,0.1,0.5,0.5,True,1,,,,,0.0,,,0.085,False,-0.029212212589521308,0.8571428571428571,1.0,0.9961805555555555,0.98,0.8918918918918919,0.9577836411609498,0.9710362037569686,0.9111111111111111,,requires predict_proba,,requires predict_proba,,0.7970000000004802,success,
nnpu,sar-pi0.1-scalesmall,117,"{""batch_size"": 256, ""beta"": 0.25, ""device"": null, ""gamma"": 1.0, ""loss"": ""sigmoid"", ""max_epochs"": 200, ""model"": null, ""optimizer"": null, ""patience"": 20}",linear,0.1,0.5,0.5,True,1,,,,,0.0,,,0.09,False,-0.029523809523809535,0.9333333333333333,1.0,0.9931944444444445,0.975,0.868421052631579,0.9428571428571428,0.9556094311098327,0.9083333333333333,,requires predict_proba,,requires predict_proba,,0.9529999999995198,success,
nnpu,sar-pi0.1-scalesmall,118,"{""batch_size"": 256, ""beta"": 0.25, ""device"": null, ""gamma"": 1.0, ""loss"": ""sigmoid"", ""max_epochs"": 200, ""model"": null, ""optimizer"": null, ""patience"": 20}",linear,0.1,0.5,0.5,True,1,,,,,0.0,,,0.125,False,-0.023482849604221645,1.0,0.8,0.9949305555555555,0.97,0.8666666666666667,0.9234828496042217,0.9727002287664632,0.9722222222222222,,requires predict_proba,,requires predict_proba,,0.7810000000008586,success,
nnpu,sar-pi0.1-scalesmall,119,"{""batch_size"": 256, ""beta"": 0.25, ""device"": null, ""gamma"": 1.0, ""loss"": ""sigmoid"", ""max_epochs"": 200, ""model"": null, ""optimizer"": null, ""patience"": 20}",linear,0.1,0.5,0.5,True,1,,,,,0.0,,,0.11,False,-0.008081226688769177,0.8947368421052632,0.8133971291866029,0.9898611111111111,0.96,0.8095238095238095,0.9291338582677166,0.9210291489047024,0.9111111111111111,,requires predict_proba,,requires predict_proba,,0.7970000000004802,success,
nnpu,sar-pi0.1-scalemid,100,"{""batch_size"": 256, ""beta"": 0.25, ""device"": null, ""gamma"": 1.0, ""loss"": ""sigmoid"", ""max_epochs"": 200, ""model"": null, ""optimizer"": null, ""patience"": 20}",linear,0.1,0.5,0.5,True,1,,,,,0.0,,,0.0955,False,-0.050604308985811884,1.0,1.0,0.9987861111111112,0.9895,0.9462915601023018,0.9506043089858118,0.9908934888566783,0.9608333333333334,,requires predict_proba,,requires predict_proba,,3.4539999999997235,success,
nnpu,sar-pi0.1-scalemid,101,"{""batch_size"": 256, ""beta"": 0.25, ""device"": null, ""gamma"": 1.0, ""loss"": ""sigmoid"", ""max_epochs"": 200, ""model"": null, ""optimizer"": null, ""patience"": 20}",linear,0.1,0.5,0.5,True,1,,,,,0.0,,,0.1025,False,-0.04126900891452544,1.0,0.9756097560975611,0.9990305555555555,0.9915,0.9580246913580247,0.9412690089145255,0.9929830102592014,0.9819444444444445,,requires predict_proba,,requires predict_proba,,3.4060000000008586,success,
nnpu,sar-pi0.1-scalemid,102,"{""batch_size"": 256, ""beta"": 0.25, ""device"": null, ""gamma"": 1.0, ""loss"": ""sigmoid"", ""max_epochs"": 200, ""model"": null, ""optimizer"": null, ""patience"": 20}",linear,0.1,0.5,0.5,True,1,,,,,0.0,,,0.1005,False,-0.04447543661263978,0.9809523809523809,0.9760720208481402,0.9994999999999999,0.9915,0.9576059850374065,0.9482849604221636,0.9957514021365822,0.9775,,requires predict_proba,,requires predict_proba,,3.4059999999990396,success,
nnpu,sar-pi0.1-scalemid,103,"{""batch_size"": 256, ""beta"": 0.25, ""device"": null, ""gamma"": 1.0, ""loss"": ""sigmoid"", ""max_epochs"": 200, ""model"": null, ""optimizer"": null, ""patience"": 20}",linear,0.1,0.5,0.5,True,1,,,,,0.0,,,0.0975,False,-0.050594728138510896,0.9905660377358491,1.0,0.9986194444444445,0.9945,0.9721518987341772,0.9524815205913411,0.9937293430967625,0.9791666666666666,,requires predict_proba,,requires predict_proba,,3.2180000000007567,success,
nnpu,sar-pi0.1-scalemid,104,"{""batch_size"": 256, ""beta"": 0.25, ""device"": null, ""gamma"": 1.0, ""loss"": ""sigmoid"", ""max_epochs"": 200, ""model"": null, ""optimizer"": null, ""patience"": 20}",linear,0.1,0.5,0.5,True,1,,,,,0.0,,,0.0915,False,-0.04873684210526316,0.97,1.0,0.9985916666666667,0.9895,0.9451697127937336,0.9547368421052631,0.991287407756329,0.9519444444444445,,requires predict_proba,,requires predict_proba,,2.25,success,
nnpu,sar-pi0.1-scalemid,105,"{""batch_size"": 256, ""beta"": 0.25, ""device"": null, ""gamma"": 1.0, ""loss"": ""sigmoid"", ""max_epochs"": 200, ""model"": null, ""optimizer"": null, ""patience"": 20}",linear,0.1,0.5,0.5,True,1,,,,,0.0,,,0.096,False,-0.04560669456066946,1.0,1.0,0.9992416666666667,0.992,0.9591836734693877,0.9456066945606695,0.9938399129717057,0.9688888888888889,,requires predict_proba,,requires predict_proba,,3.561999999999898,success,
nnpu,sar-pi0.1-scalemid,106,"{""batch_size"": 256, ""beta"": 0.25, ""device"": null, ""gamma"": 1.0, ""loss"": ""sigmoid"", ""max_epochs"": 200, ""model"": null, ""optimizer"": null, ""patience"": 20}",linear,0.1,0.5,0.5,True,1,,,,,0.0,,,0.0925,False,-0.05327561327561328,0.9727272727272728,1.0,0.9990222222222223,0.9875,0.935064935064935,0.9587301587301588,0.9922884533165398,0.9486111111111111,,requires predict_proba,,requires predict_proba,,3.4839999999985594,success,
nnpu,sar-pi0.1-scalemid,107,"{""batch_size"": 256, ""beta"": 0.25, ""device"": null, ""gamma"": 1.0, ""loss"": ""sigmoid"", ""max_epochs"": 200, ""model"": null, ""optimizer"": null, ""patience"": 20}",linear,0.1,0.5,0.5,True,1,,,,,0.0,,,0.0935,False,-0.048616092540342944,0.9797979797979798,1.0,0.998161111111111,0.9885,0.9405684754521964,0.952656496580747,0.9887525680864987,0.9536111111111112,,requires predict_proba,,requires predict_proba,,3.5469999999986612,success,
nnpu,sar-pi0.1-scalemid,108,"{""batch_size"": 256, ""beta"": 0.25, ""device"": null, ""gamma"": 1.0, ""loss"": ""sigmoid"", ""max_epochs"": 200, ""model"": null, ""optimizer"": null, ""patience"": 20}",linear,0.1,0.5,0.5,True,1,,,,,0.0,,,0.0985,False,-0.04590194421861966,0.98989898989899,1.0,0.9995472222222221,0.9925,0.9622166246851386,0.9479221462388217,0.9962815122219226,0.9758333333333333,,requires predict_proba,,requires predict_proba,,3.4069999999992433,success,
nnpu,sar-pi0.1-scalemid,109,"{""batch_size"": 256, ""beta"": 0.25, ""device"": null, ""gamma"": 1.0, ""loss"": ""sigmoid"", ""max_epochs"": 200, ""model"": null, ""optimizer"": null, ""patience"": 20}",linear,0.1,0.5,0.5,True,1,,,,,0.0,,,0.0895,False,-0.05365246890312854,0.9714285714285714,1.0,0.9983944444444444,0.9885,0.9393139841688655,0.9593667546174143,0.990476624533901,0.9447222222222222,,requires predict_proba,,requires predict_proba,,3.3910000000014406,success,
nnpu,sar-pi0.1-scalemid,110,"{""batch_size"": 256, ""beta"": 0.25, ""device"": null, ""gamma"": 1.0, ""loss"": ""sigmoid"", ""max_epochs"": 200, ""model"": null, ""optimizer"": null, ""patience"": 20}",linear,0.1,0.5,0.5,True,1,,,,,0.0,,,0.1045,False,-0.035736677115987464,1.0,0.9569377990430623,0.9990388888888889,0.9895,0.9486552567237164,0.9357366771159875,0.9932984867172913,0.9808333333333333,,requires predict_proba,,requires predict_proba,,3.4839999999985594,success,
nnpu,sar-pi0.1-scalemid,111,"{""batch_size"": 256, ""beta"": 0.25, ""device"": null, ""gamma"": 1.0, ""loss"": ""sigmoid"", ""max_epochs"": 200, ""model"": null, ""optimizer"": null, ""patience"": 20}",linear,0.1,0.5,0.5,True,1,,,,,0.0,,,0.1005,False,-0.0468421052631579,1.0,0.9950248756218906,0.999,0.9925,0.9625935162094763,0.9468421052631579,0.9909176546268927,0.9802777777777778,,requires predict_proba,,requires predict_proba,,3.3910000000014406,success,
nnpu,sar-pi0.1-scalemid,112,"{""batch_size"": 256, ""beta"": 0.25, ""device"": null, ""gamma"": 1.0, ""loss"": ""sigmoid"", ""max_epochs"": 200, ""model"": null, ""optimizer"": null, ""patience"": 20}",linear,0.1,0.5,0.5,True,1,,,,,0.0,,,0.0955,False,-0.052105263157894745,1.0,1.0,0.9991472222222222,0.9935,0.9667519181585678,0.9521052631578948,0.9943272423135805,0.9719444444444445,,requires predict_proba,,requires predict_proba,,3.375,success,
nnpu,sar-pi0.1-scalemid,113,"{""batch_size"": 256, ""beta"": 0.25, ""device"": null, ""gamma"": 1.0, ""loss"": ""sigmoid"", ""max_epochs"": 200, ""model"": null, ""optimizer"": null, ""patience"": 20}",linear,0.1,0.5,0.5,True,1,,,,,0.0,,,0.099,False,-0.04122807522493222,0.989010989010989,0.999000999000999,0.9989277777777777,0.994,0.9698492462311558,0.9434258774227344,0.9913434701470615,0.981111111111111,,requires predict_proba,,requires predict_proba,,3.3909999999996217,success,
nnpu,sar-pi0.1-scalemid,114,"{""batch_size"": 256, ""beta"": 0.25, ""device"": null, ""gamma"": 1.0, ""loss"": ""sigmoid"", ""max_epochs"": 200, ""model"": null, ""optimizer"": null, ""patience"": 20}",linear,0.1,0.5,0.5,True,1,,,,,0.0,,,0.1005,False,-0.05134849286092015,1.0,0.9950248756218906,0.9991972222222222,0.9935,0.9675810473815462,0.9513484928609202,0.9930408341477065,0.9830555555555556,,requires predict_proba,,requires predict_proba,,3.2810000000008586,success,
nnpu,sar-pi0.1-scalemid,115,"{""batch_size"": 256, ""beta"": 0.25, ""device"": null, ""gamma"": 1.0, ""loss"": ""sigmoid"", ""max_epochs"": 200, ""model"": null, ""optimizer"": null, ""patience"": 20}",linear,0.1,0.5,0.5,True,1,,,,,0.0,,,0.0995,False,-0.04553084558361604,0.9809523809523809,0.9858817899018903,0.9984944444444446,0.9915,0.9573934837092731,0.9493403693931398,0.9906620081306323,0.9752777777777777,,requires predict_proba,,requires predict_proba,,3.375,success,
nnpu,sar-pi0.1-scalemid,116,"{""batch_size"": 256, ""beta"": 0.25, ""device"": null, ""gamma"": 1.0, ""loss"": ""sigmoid"", ""max_epochs"": 200, ""model"": null, ""optimizer"": null, ""patience"": 20}",linear,0.1,0.5,0.5,True,1,,,,,0.0,,,0.097,False,-0.04629316012830986,0.9716981132075472,1.0,0.9993833333333333,0.994,0.9695431472081218,0.9519535374868004,0.9951652198974374,0.9766666666666666,,requires predict_proba,,requires predict_proba,,3.3909999999996217,success,
nnpu,sar-pi0.1-scalemid,117,"{""batch_size"": 256, ""beta"": 0.25, ""device"": null, ""gamma"": 1.0, ""loss"": ""sigmoid"", ""max_epochs"": 200, ""model"": null, ""optimizer"": null, ""patience"": 20}",linear,0.1,0.5,0.5,True,1,,,,,0.0,,,0.098,False,-0.05006674503397024,0.9905660377358491,1.0,0.999225,0.994,0.9696969696969697,0.9519535374868004,0.9939515817550036,0.9788888888888889,,requires predict_proba,,requires predict_proba,,3.42200000000048,success,
nnpu,sar-pi0.1-scalemid,118,"{""batch_size"": 256, ""beta"": 0.25, ""device"": null, ""gamma"": 1.0, ""loss"": ""sigmoid"", ""max_epochs"": 200, ""model"": null, ""optimizer"": null, ""patience"": 20}",linear,0.1,0.5,0.5,True,1,,,,,0.0,,,0.1,False,-0.043287592569518564,0.9896907216494846,0.9896907216494846,0.9996666666666667,0.995,0.975,0.9453494482396216,0.9969672452133354,0.9861111111111112,,requires predict_proba,,requires predict_proba,,3.390000000001237,success,
nnpu,sar-pi0.1-scalemid,119,"{""batch_size"": 256, ""beta"": 0.25, ""device"": null, ""gamma"": 1.0, ""loss"": ""sigmoid"", ""max_epochs"": 200, ""model"": null, ""optimizer"": null, ""patience"": 20}",linear,0.1,0.5,0.5,True,1,,,,,0.0,,,0.0935,False,-0.044944228050121625,0.9690721649484536,1.0,0.9978472222222222,0.9875,0.9354005167958657,0.9511297950604309,0.9870328560105323,0.9508333333333334,,requires predict_proba,,requires predict_proba,,3.375,success,
nnpu,sar-pi0.3-scalesmall,100,"{""batch_size"": 256, ""beta"": 0.25, ""device"": null, ""gamma"": 1.0, ""loss"": ""sigmoid"", ""max_epochs"": 200, ""model"": null, ""optimizer"": null, ""patience"": 20}",linear,0.3,0.5,0.5,True,0,,,,,0.0,,,0.2925,False,-0.10094777172817099,0.9655172413793104,0.9902740937223697,0.9919940476190476,0.9575,0.9282700421940928,0.8216374269005848,0.9830934361873307,0.9458333333333333,,requires predict_proba,,requires predict_proba,,0.7960000000002765,success,
nnpu,sar-pi0.3-scalesmall,101,"{""batch_size"": 256, ""beta"": 0.25, ""device"": null, ""gamma"": 1.0, ""loss"": ""sigmoid"", ""max_epochs"": 200, ""model"": null, ""optimizer"": null, ""patience"": 20}",linear,0.3,0.5,0.5,True,0,,,,,0.0,,,0.3175,False,-0.08999999999999997,0.9833333333333333,0.9291338582677164,0.9963988095238095,0.9775,0.9635627530364372,0.8,0.9908355778345697,0.9815476190476191,,requires predict_proba,,requires predict_proba,,0.7970000000004802,success,
nnpu,sar-pi0.3-scalesmall,102,"{""batch_size"": 256, ""beta"": 0.25, ""device"": null, ""gamma"": 1.0, ""loss"": ""sigmoid"", ""max_epochs"": 200, ""model"": null, ""optimizer"": null, ""patience"": 20}",linear,0.3,0.5,0.5,True,0,,,,,0.0,,,0.2925,False,-0.1250728862973761,1.0,1.0,0.9972321428571429,0.9875,0.9789029535864979,0.8250728862973761,0.9946170653627187,0.9815476190476191,,requires predict_proba,,requires predict_proba,,0.7819999999992433,success,
nnpu,sar-pi0.3-scalesmall,103,"{""batch_size"": 256, ""beta"": 0.25, ""device"": null, ""gamma"": 1.0, ""loss"": ""sigmoid"", ""max_epochs"": 200, ""model"": null, ""optimizer"": null, ""patience"": 20}",linear,0.3,0.5,0.5,True,0,,,,,0.0,,,0.2875,False,-0.11722943722943721,0.9428571428571428,0.9838509316770188,0.995625,0.9575,0.9276595744680851,0.8515151515151516,0.9899193510667047,0.9434523809523809,,requires predict_proba,,requires predict_proba,,0.9380000000001019,success,
nnpu,sar-pi0.3-scalesmall,104,"{""batch_size"": 256, ""beta"": 0.25, ""device"": null, ""gamma"": 1.0, ""loss"": ""sigmoid"", ""max_epochs"": 200, ""model"": null, ""optimizer"": null, ""patience"": 20}",linear,0.3,0.5,0.5,True,0,,,,,0.0,,,0.2125,False,-0.14643440391943385,0.8787878787878788,1.0,0.995625,0.9125,0.8292682926829268,0.9191616766467066,0.9904515510025501,0.8541666666666667,,requires predict_proba,,requires predict_proba,,0.8119999999998981,success,
nnpu,sar-pi0.3-scalesmall,105,"{""batch_size"": 256, ""beta"": 0.25, ""device"": null, ""gamma"": 1.0, ""loss"": ""sigmoid"", ""max_epochs"": 200, ""model"": null, ""optimizer"": null, ""patience"": 20}",linear,0.3,0.5,0.5,True,0,,,,,0.0,,,0.2875,False,-0.12267508325463491,0.9830508474576272,1.0,0.9987797619047619,0.9825,0.9702127659574468,0.8328445747800587,0.9974270661381186,0.9732142857142857,,requires predict_proba,,requires predict_proba,,0.7809999999990396,success,
nnpu,sar-pi0.3-scalesmall,106,"{""batch_size"": 256, ""beta"": 0.25, ""device"": null, ""gamma"": 1.0, ""loss"": ""sigmoid"", ""max_epochs"": 200, ""model"": null, ""optimizer"": null, ""patience"": 20}",linear,0.3,0.5,0.5,True,0,,,,,0.0,,,0.2625,False,-0.07544157128726864,0.873015873015873,0.9977324263038548,0.980327380952381,0.9325,0.88,0.8516320474777448,0.960621111595876,0.9017857142857142,,requires predict_proba,,requires predict_proba,,0.7970000000004802,success,
nnpu,sar-pi0.3-scalesmall,107,"{""batch_size"": 256, ""beta"": 0.25, ""device"": null, ""gamma"": 1.0, ""loss"": ""sigmoid"", ""max_epochs"": 200, ""model"": null, ""optimizer"": null, ""patience"": 20}",linear,0.3,0.5,0.5,True,0,,,,,0.0,,,0.26,False,-0.1274887604367373,0.9629629629629629,1.0,0.9946726190476189,0.955,0.9196428571428571,0.8497109826589595,0.9886886055807833,0.9273809523809524,,requires predict_proba,,requires predict_proba,,0.7960000000002765,success,
nnpu,sar-pi0.3-scalesmall,108,"{""batch_size"": 256, ""beta"": 0.25, ""device"": null, ""gamma"": 1.0, ""loss"": ""sigmoid"", ""max_epochs"": 200, ""model"": null, ""optimizer"": null, ""patience"": 20}",linear,0.3,0.5,0.5,True,0,,,,,0.0,,,0.3025,False,-0.12300884955752212,1.0,0.9917355371900827,0.9989880952380953,0.9875,0.979253112033195,0.8230088495575221,0.9978449059750933,0.9863095238095239,,requires predict_proba,,requires predict_proba,,0.7970000000004802,success,
nnpu,sar-pi0.3-scalesmall,109,"{""batch_size"": 256, ""beta"": 0.25, ""device"": null, ""gamma"": 1.0, ""loss"": ""sigmoid"", ""max_epochs"": 200, ""model"": null, ""optimizer"": null, ""patience"": 20}",linear,0.3,0.5,0.5,True,0,,,,,0.0,,,0.245,False,-0.13368659036314823,0.9206349206349206,1.0,0.9887797619047619,0.94,0.8899082568807339,0.8813056379821959,0.9778191044443685,0.9023809523809524,,requires predict_proba,,requires predict_proba,,0.7809999999990396,success,
nnpu,sar-pi0.3-scalesmall,110,"{""batch_size"": 256, ""beta"": 0.25, ""device"": null, ""gamma"": 1.0, ""loss"": ""sigmoid"", ""max_epochs"": 200, ""model"": null, ""optimizer"": null, ""patience"": 20}",linear,0.3,0.5,0.5,True,0,,,,,0.0,,,0.3025,False,-0.09743701339523186,0.9672131147540983,0.9592196179379489,0.9955654761904762,0.9725,0.9543568464730291,0.8171091445427728,0.9915037947643403,0.968452380952381,,requires predict_proba,,requires predict_proba,,0.7970000000004802,success,
nnpu,sar-pi0.3-scalesmall,111,"{""batch_size"": 256, ""beta"": 0.25, ""device"": null, ""gamma"": 1.0, ""loss"": ""sigmoid"", ""max_epochs"": 200, ""model"": null, ""optimizer"": null, ""patience"": 20}",linear,0.3,0.5,0.5,True,0,,,,,0.0,,,0.325,False,-0.07868681345991349,0.9830508474576272,0.9074315514993481,0.9841964285714286,0.945,0.912,0.7888563049853372,0.9714089891219658,0.9464285714285714,,requires predict_proba,,requires predict_proba,,0.9369999999998981,success,
nnpu,sar-pi0.3-scalesmall,112,"{""batch_size"": 256, ""beta"": 0.25, ""device"": null, ""gamma"": 1.0, ""loss"": ""sigmoid"", ""max_epochs"": 200, ""model"": null, ""optimizer"": null, ""patience"": 20}",linear,0.3,0.5,0.5,True,0,,,,,0.0,,,0.28,False,-0.1324404761904762,0.96875,1.0,0.9915773809523809,0.95,0.9137931034482759,0.8511904761904762,0.9825033569599655,0.930952380952381,,requires predict_proba,,requires predict_proba,,0.7809999999990396,success,
nnpu,sar-pi0.3-scalesmall,113,"{""batch_size"": 256, ""beta"": 0.25, ""device"": null, ""gamma"": 1.0, ""loss"": ""sigmoid"", ""max_epochs"": 200, ""model"": null, ""optimizer"": null, ""patience"": 20}",linear,0.3,0.5,0.5,True,0,,,,,0.0,,,0.2825,False,-0.10476190476190475,0.9375,0.9955752212389382,0.9982738095238096,0.9775,0.9613733905579399,0.8422619047619048,0.9963586543224318,0.9648809523809524,,requires predict_proba,,requires predict_proba,,0.7970000000004802,success,
nnpu,sar-pi0.3-scalesmall,114,"{""batch_size"": 256, ""beta"": 0.25, ""device"": null, ""gamma"": 1.0, ""loss"": ""sigmoid"", ""max_epochs"": 200, ""model"": null, ""optimizer"": null, ""patience"": 20}",linear,0.3,0.5,0.5,True,0,,,,,0.0,,,0.3,False,-0.11836936555037444,0.9841269841269841,0.984126984126984,0.9980952380952381,0.99,0.9833333333333333,0.827893175074184,0.9960060301000555,0.9880952380952381,,requires predict_proba,,requires predict_proba,,0.7810000000008586,success,
nnpu,sar-pi0.3-scalesmall,115,"{""batch_size"": 256, ""beta"": 0.25, ""device"": null, ""gamma"": 1.0, ""loss"": ""sigmoid"", ""max_epochs"": 200, ""model"": null, ""optimizer"": null, ""patience"": 20}",linear,0.3,0.5,0.5,True,0,,,,,0.0,,,0.2825,False,-0.08747591522157996,0.9444444444444444,1.0,0.9910714285714286,0.9525,0.9184549356223176,0.8208092485549133,0.9824525696087978,0.9351190476190476,,requires predict_proba,,requires predict_proba,,0.7810000000008586,success,
nnpu,sar-pi0.3-scalesmall,116,"{""batch_size"": 256, ""beta"": 0.25, ""device"": null, ""gamma"": 1.0, ""loss"": ""sigmoid"", ""max_epochs"": 200, ""model"": null, ""optimizer"": null, ""patience"": 20}",linear,0.3,0.5,0.5,True,0,,,,,0.0,,,0.265,False,-0.09400648978812748,0.9032258064516129,1.0,0.9966666666666667,0.96,0.9292035398230089,0.8520710059171598,0.9926414413501713,0.9357142857142857,,requires predict_proba,,requires predict_proba,,0.7809999999990396,success,
nnpu,sar-pi0.3-scalesmall,117,"{""batch_size"": 256, ""beta"": 0.25, ""device"": null, ""gamma"": 1.0, ""loss"": ""sigmoid"", ""max_epochs"": 200, ""model"": null, ""optimizer"": null, ""patience"": 20}",linear,0.3,0.5,0.5,True,0,,,,,0.0,,,0.255,False,-0.06908395049455737,0.864406779661017,1.0,0.9957142857142858,0.95,0.9099099099099099,0.8504398826979472,0.9905019079075312,0.9190476190476191,,requires predict_proba,,requires predict_proba,,0.9220000000004802,success,
nnpu,sar-pi0.3-scalesmall,118,"{""batch_size"": 256, ""beta"": 0.25, ""device"": null, ""gamma"": 1.0, ""loss"": ""sigmoid"", ""max_epochs"": 200, ""model"": null, ""optimizer"": null, ""patience"": 20}",linear,0.3,0.5,0.5,True,0,,,,,0.0,,,0.305,False,-0.09451827242524916,0.9821428571428571,0.9660421545667446,0.9930357142857142,0.97,0.9504132231404959,0.8052325581395349,0.9861444111238661,0.9666666666666667,,requires predict_proba,,requires predict_proba,,1.0,success,
nnpu,sar-pi0.3-scalesmall,119,"{""batch_size"": 256, ""beta"": 0.25, ""device"": null, ""gamma"": 1.0, ""loss"": ""sigmoid"", ""max_epochs"": 200, ""model"": null, ""optimizer"": null, ""patience"": 20}",linear,0.3,0.5,0.5,True,0,,,,,0.0,,,0.275,False,-0.07663690476190477,0.890625,0.9715909090909088,0.98875,0.925,0.8695652173913043,0.8422619047619048,0.9731736092484728,0.8988095238095238,,requires predict_proba,,requires predict_proba,,0.8280000000013388,success,
nnpu,sar-pi0.3-scalemid,100,"{""batch_size"": 256, ""beta"": 0.25, ""device"": null, ""gamma"": 1.0, ""loss"": ""sigmoid"", ""max_epochs"": 200, ""model"": null, ""optimizer"": null, ""patience"": 20}",linear,0.3,0.5,0.5,True,0,,,,,0.0,,,0.2865,False,-0.1403373923282495,0.996742671009772,1.0,0.9983130952380953,0.9825,0.9701619778346121,0.8422917897223863,0.9966050627529092,0.9727380952380953,,requires predict_proba,,requires predict_proba,,3.20299999999952,success,
nnpu,sar-pi0.3-scalemid,101,"{""batch_size"": 256, ""beta"": 0.25, ""device"": null, ""gamma"": 1.0, ""loss"": ""sigmoid"", ""max_epochs"": 200, ""model"": null, ""optimizer"": null, ""patience"": 20}",linear,0.3,0.5,0.5,True,0,,,,,0.0,,,0.2965,False,-0.11184379001280409,0.9894366197183099,1.0,0.9992035714285714,0.9865,0.9773679798826488,0.8181818181818182,0.9981913268546782,0.9822619047619048,,requires predict_proba,,requires predict_proba,,3.061999999999898,success,
nnpu,sar-pi0.3-scalemid,102,"{""batch_size"": 256, ""beta"": 0.25, ""device"": null, ""gamma"": 1.0, ""loss"": ""sigmoid"", ""max_epochs"": 200, ""model"": null, ""optimizer"": null, ""patience"": 20}",linear,0.3,0.5,0.5,True,0,,,,,0.0,,,0.2935,False,-0.12858273279638266,0.9873015873015873,1.0,0.9991761904761904,0.9855,0.9755686604886268,0.8362017804154303,0.9981377234139517,0.9796428571428571,,requires predict_proba,,requires predict_proba,,3.2190000000009604,success,
nnpu,sar-pi0.3-scalemid,103,"{""batch_size"": 256, ""beta"": 0.25, ""device"": null, ""gamma"": 1.0, ""loss"": ""sigmoid"", ""max_epochs"": 200, ""model"": null, ""optimizer"": null, ""patience"": 20}",linear,0.3,0.5,0.5,True,0,,,,,0.0,,,0.289,False,-0.12045061569854332,0.986159169550173,1.0,0.9990964285714286,0.987,0.9779286926994907,0.8287551139684395,0.9981718733003617,0.9792857142857143,,requires predict_proba,,requires predict_proba,,3.2039999999997235,success,
nnpu,sar-pi0.3-scalemid,104,"{""batch_size"": 256, ""beta"": 0.25, ""device"": null, ""gamma"": 1.0, ""loss"": ""sigmoid"", ""max_epochs"": 200, ""model"": null, ""optimizer"": null, ""patience"": 20}",linear,0.3,0.5,0.5,True,0,,,,,0.0,,,0.2865,False,-0.12437190711838597,0.9831081081081081,1.0,0.9989178571428572,0.9795,0.9650468883205456,0.8345070422535211,0.9975966395682445,0.9691666666666667,,requires predict_proba,,requires predict_proba,,3.32799999999952,success,
nnpu,sar-pi0.3-scalemid,105,"{""batch_size"": 256, ""beta"": 0.25, ""device"": null, ""gamma"": 1.0, ""loss"": ""sigmoid"", ""max_epochs"": 200, ""model"": null, ""optimizer"": null, ""patience"": 20}",linear,0.3,0.5,0.5,True,0,,,,,0.0,,,0.2905,False,-0.12236914334662458,0.9896907216494846,1.0,0.9994642857142857,0.9865,0.9771380186282811,0.8285547103569338,0.9987814215505278,0.9794047619047619,,requires predict_proba,,requires predict_proba,,3.265000000001237,success,
nnpu,sar-pi0.3-scalemid,106,"{""batch_size"": 256, ""beta"": 0.25, ""device"": null, ""gamma"": 1.0, ""loss"": ""sigmoid"", ""max_epochs"": 200, ""model"": null, ""optimizer"": null, ""patience"": 20}",linear,0.3,0.5,0.5,True,0,,,,,0.0,,,0.2825,False,-0.13997260226531552,0.990228013029316,1.0,0.9984369047619047,0.9765,0.959656652360515,0.8458357944477259,0.9965809336786793,0.9636904761904761,,requires predict_proba,,requires predict_proba,,3.186999999999898,success,
nnpu,sar-pi0.3-scalemid,107,"{""batch_size"": 256, ""beta"": 0.25, ""device"": null, ""gamma"": 1.0, ""loss"": ""sigmoid"", ""max_epochs"": 200, ""model"": null, ""optimizer"": null, ""patience"": 20}",linear,0.3,0.5,0.5,True,0,,,,,0.0,,,0.281,False,-0.12714129417022765,0.9826989619377162,1.0,0.9984892857142857,0.975,0.9569707401032702,0.8375219170075979,0.9968001954929837,0.9611904761904762,,requires predict_proba,,requires predict_proba,,3.2190000000009604,success,
nnpu,sar-pi0.3-scalemid,108,"{""batch_size"": 256, ""beta"": 0.25, ""device"": null, ""gamma"": 1.0, ""loss"": ""sigmoid"", ""max_epochs"": 200, ""model"": null, ""optimizer"": null, ""patience"": 20}",linear,0.3,0.5,0.5,True,0,,,,,0.0,,,0.289,False,-0.1261176470588235,0.9866666666666667,1.0,0.9994369047619047,0.984,0.9728353140916808,0.8341176470588235,0.9987269822147358,0.9757142857142858,,requires predict_proba,,requires predict_proba,,3.235000000000582,success,
nnpu,sar-pi0.3-scalemid,109,"{""batch_size"": 256, ""beta"": 0.25, ""device"": null, ""gamma"": 1.0, ""loss"": ""sigmoid"", ""max_epochs"": 200, ""model"": null, ""optimizer"": null, ""patience"": 20}",linear,0.3,0.5,0.5,True,0,,,,,0.0,,,0.283,False,-0.14346631036457339,0.9935483870967742,1.0,0.9987047619047619,0.981,0.967409948542024,0.8473372781065088,0.9973133636470256,0.9692857142857143,,requires predict_proba,,requires predict_proba,,3.25,success,
nnpu,sar-pi0.3-scalemid,110,"{""batch_size"": 256, ""beta"": 0.25, ""device"": null, ""gamma"": 1.0, ""loss"": ""sigmoid"", ""max_epochs"": 200, ""model"": null, ""optimizer"": null, ""patience"": 20}",linear,0.3,0.5,0.5,True,0,,,,,0.0,,,0.2955,False,-0.11840014445648248,0.9964788732394366,1.0,0.9988976190476191,0.9835,0.9722921914357683,0.8205128205128205,0.9975407771913158,0.9782142857142857,,requires predict_proba,,requires predict_proba,,3.45299999999952,success,
nnpu,sar-pi0.3-scalemid,111,"{""batch_size"": 256, ""beta"": 0.25, ""device"": null, ""gamma"": 1.0, ""loss"": ""sigmoid"", ""max_epochs"": 200, ""model"": null, ""optimizer"": null, ""patience"": 20}",linear,0.3,0.5,0.5,True,0,,,,,0.0,,,0.2925,False,-0.1318636096413874,1.0,1.0,0.9992869047619047,0.9865,0.9772151898734177,0.8318636096413874,0.9983921112372867,0.9803571428571428,,requires predict_proba,,requires predict_proba,,4.031000000000859,success,
nnpu,sar-pi0.3-scalemid,112,"{""batch_size"": 256, ""beta"": 0.25, ""device"": null, ""gamma"": 1.0, ""loss"": ""sigmoid"", ""max_epochs"": 200, ""model"": null, ""optimizer"": null, ""patience"": 20}",linear,0.3,0.5,0.5,True,0,,,,,0.0,,,0.284,False,-0.13099783865272688,0.9897610921501706,1.0,0.9991059523809525,0.98,0.9657534246575342,0.8371411833626244,0.9980227224626519,0.9685714285714285,,requires predict_proba,,requires predict_proba,,2.95299999999952,success,
nnpu,sar-pi0.3-scalemid,113,"{""batch_size"": 256, ""beta"": 0.25, ""device"": null, ""gamma"": 1.0, ""loss"": ""sigmoid"", ""max_epochs"": 200, ""model"": null, ""optimizer"": null, ""patience"": 20}",linear,0.3,0.5,0.5,True,0,,,,,0.0,,,0.2905,False,-0.12332116183881575,0.9865771812080537,1.0,0.9990880952380953,0.9865,0.9771380186282811,0.8313748531139835,0.9978222532861734,0.9794047619047619,,requires predict_proba,,requires predict_proba,,1.75,success,
nnpu,sar-pi0.3-scalemid,114,"{""batch_size"": 256, ""beta"": 0.25, ""device"": null, ""gamma"": 1.0, ""loss"": ""sigmoid"", ""max_epochs"": 200, ""model"": null, ""optimizer"": null, ""patience"": 20}",linear,0.3,0.5,0.5,True,0,,,,,0.0,,,0.2935,False,-0.13205432008749546,0.9935897435897436,1.0,0.9988357142857143,0.9875,0.97893850042123,0.8359004739336493,0.9972666336190517,0.9820238095238095,,requires predict_proba,,requires predict_proba,,3.889999999999418,success,
nnpu,sar-pi0.3-scalemid,115,"{""batch_size"": 256, ""beta"": 0.25, ""device"": null, ""gamma"": 1.0, ""loss"": ""sigmoid"", ""max_epochs"": 200, ""model"": null, ""optimizer"": null, ""patience"": 20}",linear,0.3,0.5,0.5,True,0,,,,,0.0,,,0.2875,False,-0.13508565044687187,0.993421052631579,1.0,0.9986416666666666,0.9825,0.9702127659574468,0.8390330188679245,0.9971371899858616,0.9732142857142857,,requires predict_proba,,requires predict_proba,,3.5309999999990396,success,
nnpu,sar-pi0.3-scalemid,116,"{""batch_size"": 256, ""beta"": 0.25, ""device"": null, ""gamma"": 1.0, ""loss"": ""sigmoid"", ""max_epochs"": 200, ""model"": null, ""optimizer"": null, ""patience"": 20}",linear,0.3,0.5,0.5,True,0,,,,,0.0,,,0.291,False,-0.12946472255696495,0.9871382636655949,1.0,0.9993261904761904,0.985,0.9746192893401016,0.837181764357608,0.9984143527711706,0.9778571428571428,,requires predict_proba,,requires predict_proba,,3.4530000000013388,success,
nnpu,sar-pi0.3-scalemid,117,"{""batch_size"": 256, ""beta"": 0.25, ""device"": null, ""gamma"": 1.0, ""loss"": ""sigmoid"", ""max_epochs"": 200, ""model"": null, ""optimizer"": null, ""patience"": 20}",linear,0.3,0.5,0.5,True,0,,,,,0.0,,,0.287,False,-0.13614425881728984,0.9814814814814815,1.0,0.9990285714285714,0.981,0.9676320272572402,0.847255369928401,0.9976895603200719,0.9711904761904762,,requires predict_proba,,requires predict_proba,,3.2339999999985594,success,
nnpu,sar-pi0.3-scalemid,118,"{""batch_size"": 256, ""beta"": 0.25, ""device"": null, ""gamma"": 1.0, ""loss"": ""sigmoid"", ""max_epochs"": 200, ""model"": null, ""optimizer"": null, ""patience"": 20}",linear,0.3,0.5,0.5,True,0,,,,,0.0,,,0.2935,False,-0.1225008047569634,0.9931740614334471,1.0,0.9993809523809525,0.9875,0.97893850042123,0.8265963678968952,0.9985552137689875,0.9820238095238095,,requires predict_proba,,requires predict_proba,,3.561999999999898,success,
nnpu,sar-pi0.3-scalemid,119,"{""batch_size"": 256, ""beta"": 0.25, ""device"": null, ""gamma"": 1.0, ""loss"": ""sigmoid"", ""max_epochs"": 200, ""model"": null, ""optimizer"": null, ""patience"": 20}",linear,0.3,0.5,0.5,True,0,,,,,0.0,,,0.281,False,-0.12614044140761696,0.9764309764309764,1.0,0.998597619047619,0.978,0.9621342512908778,0.8402818555490311,0.997022302330495,0.9647619047619047,,requires predict_proba,,requires predict_proba,,3.25,success,
nnpu,sar-pi0.5-scalesmall,100,"{""batch_size"": 256, ""beta"": 0.25, ""device"": null, ""gamma"": 1.0, ""loss"": ""sigmoid"", ""max_epochs"": 200, ""model"": null, ""optimizer"": null, ""patience"": 20}",linear,0.5,0.5,0.5,True,0,,,,,0.0,,,0.4875,False,-0.13497990682456706,0.978021978021978,1.0,0.98915,0.9575,0.9569620253164557,0.656957928802589,0.9906416548541727,0.9575,,requires predict_proba,,requires predict_proba,,0.7960000000002765,success,
nnpu,sar-pi0.5-scalesmall,101,"{""batch_size"": 256, ""beta"": 0.25, ""device"": null, ""gamma"": 1.0, ""loss"": ""sigmoid"", ""max_epochs"": 200, ""model"": null, ""optimizer"": null, ""patience"": 20}",linear,0.5,0.5,0.5,True,0,,,,,0.0,,,0.4975,False,-0.14975672825014458,0.9896907216494846,0.9946640418587784,0.9937499999999999,0.9775,0.9774436090225563,0.6600660066006601,0.9929886424547948,0.9775,,requires predict_proba,,requires predict_proba,,0.7970000000004802,success,
nnpu,sar-pi0.5-scalesmall,102,"{""batch_size"": 256, ""beta"": 0.25, ""device"": null, ""gamma"": 1.0, ""loss"": ""sigmoid"", ""max_epochs"": 200, ""model"": null, ""optimizer"": null, ""patience"": 20}",linear,0.5,0.5,0.5,True,0,,,,,0.0,,,0.485,False,-0.1710097719869707,1.0,1.0,0.99725,0.98,0.9796954314720813,0.6710097719869706,0.9974338199610153,0.98,,requires predict_proba,,requires predict_proba,,0.7960000000002765,success,
nnpu,sar-pi0.5-scalesmall,103,"{""batch_size"": 256, ""beta"": 0.25, ""device"": null, ""gamma"": 1.0, ""loss"": ""sigmoid"", ""max_epochs"": 200, ""model"": null, ""optimizer"": null, ""patience"": 20}",linear,0.5,0.5,0.5,True,0,,,,,0.0,,,0.46,False,-0.1695924764890282,0.9454545454545454,1.0,0.99265,0.93,0.9270833333333334,0.7241379310344828,0.9926155169762372,0.9299999999999999,,requires predict_proba,,requires predict_proba,,0.8130000000001019,success,
nnpu,sar-pi0.5-scalesmall,104,"{""batch_size"": 256, ""beta"": 0.25, ""device"": null, ""gamma"": 1.0, ""loss"": ""sigmoid"", ""max_epochs"": 200, ""model"": null, ""optimizer"": null, ""patience"": 20}",linear,0.5,0.5,0.5,True,0,,,,,0.0,,,0.45,False,-0.20929500976853538,0.9801980198019802,1.0,0.9957,0.935,0.9315789473684211,0.7290969899665551,0.9957278671011062,0.935,,requires predict_proba,,requires predict_proba,,0.9060000000008586,success,
nnpu,sar-pi0.5-scalesmall,105,"{""batch_size"": 256, ""beta"": 0.25, ""device"": null, ""gamma"": 1.0, ""loss"": ""sigmoid"", ""max_epochs"": 200, ""model"": null, ""optimizer"": null, ""patience"": 20}",linear,0.5,0.5,0.5,True,0,,,,,0.0,,,0.4875,False,-0.16999999999999998,0.99,1.0,0.999175,0.9775,0.9772151898734177,0.68,0.9991979317854077,0.9775,,requires predict_proba,,requires predict_proba,,0.8119999999998981,success,
nnpu,sar-pi0.5-scalesmall,106,"{""batch_size"": 256, ""beta"": 0.25, ""device"": null, ""gamma"": 1.0, ""loss"": ""sigmoid"", ""max_epochs"": 200, ""model"": null, ""optimizer"": null, ""patience"": 20}",linear,0.5,0.5,0.5,True,0,,,,,0.0,,,0.4725,False,-0.1175834572239492,0.9387755102040817,0.9934132383111975,0.98375,0.9275,0.9254498714652957,0.6788079470198676,0.9845327699850595,0.9275,,requires predict_proba,,requires predict_proba,,0.7819999999992433,success,
nnpu,sar-pi0.5-scalesmall,107,"{""batch_size"": 256, ""beta"": 0.25, ""device"": null, ""gamma"": 1.0, ""loss"": ""sigmoid"", ""max_epochs"": 200, ""model"": null, ""optimizer"": null, ""patience"": 20}",linear,0.5,0.5,0.5,True,0,,,,,0.0,,,0.455,False,-0.14860059034816314,0.9560439560439561,1.0,0.99605,0.955,0.9528795811518325,0.6925566343042071,0.9962833916334163,0.9550000000000001,,requires predict_proba,,requires predict_proba,,0.7970000000004802,success,
nnpu,sar-pi0.5-scalesmall,108,"{""batch_size"": 256, ""beta"": 0.25, ""device"": null, ""gamma"": 1.0, ""loss"": ""sigmoid"", ""max_epochs"": 200, ""model"": null, ""optimizer"": null, ""patience"": 20}",linear,0.5,0.5,0.5,True,0,,,,,0.0,,,0.495,False,-0.16887417218543044,1.0,1.0,0.99885,0.98,0.9798994974874372,0.6688741721854304,0.9988740482343964,0.98,,requires predict_proba,,requires predict_proba,,0.8130000000001019,success,
nnpu,sar-pi0.5-scalesmall,109,"{""batch_size"": 256, ""beta"": 0.25, ""device"": null, ""gamma"": 1.0, ""loss"": ""sigmoid"", ""max_epochs"": 200, ""model"": null, ""optimizer"": null, ""patience"": 20}",linear,0.5,0.5,0.5,True,0,,,,,0.0,,,0.4425,False,-0.14690090271485617,0.9292929292929293,1.0,0.9911000000000001,0.9225,0.9177718832891246,0.717607973421927,0.9913175361650512,0.9225,,requires predict_proba,,requires predict_proba,,0.7810000000008586,success,
nnpu,sar-pi0.5-scalesmall,110,"{""batch_size"": 256, ""beta"": 0.25, ""device"": null, ""gamma"": 1.0, ""loss"": ""sigmoid"", ""max_epochs"": 200, ""model"": null, ""optimizer"": null, ""patience"": 20}",linear,0.5,0.5,0.5,True,0,,,,,0.0,,,0.49,False,-0.16569814366424535,0.9809523809523809,1.0,0.9973749999999999,0.98,0.9797979797979798,0.6847457627118644,0.9975896684781861,0.98,,requires predict_proba,,requires predict_proba,,0.8130000000001019,success,
nnpu,sar-pi0.5-scalesmall,111,"{""batch_size"": 256, ""beta"": 0.25, ""device"": null, ""gamma"": 1.0, ""loss"": ""sigmoid"", ""max_epochs"": 200, ""model"": null, ""optimizer"": null, ""patience"": 20}",linear,0.5,0.5,0.5,True,0,,,,,0.0,,,0.515,False,-0.13784708514278193,0.9901960784313726,0.9613554159527888,0.987225,0.945,0.9458128078817734,0.6476510067114094,0.9893516664300233,0.9450000000000001,,requires predict_proba,,requires predict_proba,,0.7810000000008586,success,
nnpu,sar-pi0.5-scalesmall,112,"{""batch_size"": 256, ""beta"": 0.25, ""device"": null, ""gamma"": 1.0, ""loss"": ""sigmoid"", ""max_epochs"": 200, ""model"": null, ""optimizer"": null, ""patience"": 20}",linear,0.5,0.5,0.5,True,0,,,,,0.0,,,0.475,False,-0.16568849478485537,0.9626168224299065,1.0,0.991,0.945,0.9435897435897436,0.7030716723549488,0.9907597580111634,0.9450000000000001,,requires predict_proba,,requires predict_proba,,0.9069999999992433,success,
nnpu,sar-pi0.5-scalesmall,113,"{""batch_size"": 256, ""beta"": 0.25, ""device"": null, ""gamma"": 1.0, ""loss"": ""sigmoid"", ""max_epochs"": 200, ""model"": null, ""optimizer"": null, ""patience"": 20}",linear,0.5,0.5,0.5,True,0,,,,,0.0,,,0.4875,False,-0.1432606941081518,0.9619047619047619,0.9865689865689866,0.9984000000000001,0.9725,0.9721518987341772,0.6813559322033899,0.9984455225741041,0.9724999999999999,,requires predict_proba,,requires predict_proba,,0.8130000000001019,success,
nnpu,sar-pi0.5-scalesmall,114,"{""batch_size"": 256, ""beta"": 0.25, ""device"": null, ""gamma"": 1.0, ""loss"": ""sigmoid"", ""max_epochs"": 200, ""model"": null, ""optimizer"": null, ""patience"": 20}",linear,0.5,0.5,0.5,True,0,,,,,0.5,,,0.4925,False,-0.16230831315577082,0.9809523809523809,0.9958907420836355,0.99825,0.9875,0.9874055415617129,0.6813559322033899,0.9982690599061027,0.9875,,requires predict_proba,,requires predict_proba,,0.7969999999986612,success,
nnpu,sar-pi0.5-scalesmall,115,"{""batch_size"": 256, ""beta"": 0.25, ""device"": null, ""gamma"": 1.0, ""loss"": ""sigmoid"", ""max_epochs"": 200, ""model"": null, ""optimizer"": null, ""patience"": 20}",linear,0.5,0.5,0.5,True,0,,,,,0.0,,,0.445,False,-0.10784867306606438,0.9130434782608695,1.0,0.98935,0.925,0.9206349206349206,0.6948051948051948,0.9899114340899223,0.925,,requires predict_proba,,requires predict_proba,,0.8130000000001019,success,
nnpu,sar-pi0.5-scalesmall,116,"{""batch_size"": 256, ""beta"": 0.25, ""device"": null, ""gamma"": 1.0, ""loss"": ""sigmoid"", ""max_epochs"": 200, ""model"": null, ""optimizer"": null, ""patience"": 20}",linear,0.5,0.5,0.5,True,0,,,,,0.0,,,0.465,False,-0.15232267403605737,0.9509803921568627,1.0,0.996125,0.95,0.9481865284974094,0.7013422818791947,0.9963664585063222,0.95,,requires predict_proba,,requires predict_proba,,0.7809999999990396,success,
nnpu,sar-pi0.5-scalesmall,117,"{""batch_size"": 256, ""beta"": 0.25, ""device"": null, ""gamma"": 1.0, ""loss"": ""sigmoid"", ""max_epochs"": 200, ""model"": null, ""optimizer"": null, ""patience"": 20}",linear,0.5,0.5,0.5,True,0,,,,,0.0,,,0.4875,False,-0.16295804838215777,0.9896907216494846,1.0,0.9929000000000001,0.9625,0.9620253164556962,0.6732673267326733,0.993283477867802,0.9624999999999999,,requires predict_proba,,requires predict_proba,,0.7810000000008586,success,
nnpu,sar-pi0.5-scalesmall,118,"{""batch_size"": 256, ""beta"": 0.25, ""device"": null, ""gamma"": 1.0, ""loss"": ""sigmoid"", ""max_epochs"": 200, ""model"": null, ""optimizer"": null, ""patience"": 20}",linear,0.5,0.5,0.5,True,0,,,,,0.0,,,0.525,False,-0.09087247381878044,0.978494623655914,0.931899641577061,0.991725,0.95,0.9512195121951219,0.6123778501628665,0.9917740947822337,0.95,,requires predict_proba,,requires predict_proba,,0.8119999999998981,success,
nnpu,sar-pi0.5-scalesmall,119,"{""batch_size"": 256, ""beta"": 0.25, ""device"": null, ""gamma"": 1.0, ""loss"": ""sigmoid"", ""max_epochs"": 200, ""model"": null, ""optimizer"": null, ""patience"": 20}",linear,0.5,0.5,0.5,True,0,,,,,0.0,,,0.4775,False,-0.11347517730496454,0.9468085106382979,0.9914225242285841,0.9834999999999999,0.9275,0.9258312020460358,0.6666666666666666,0.982287662780085,0.9275,,requires predict_proba,,requires predict_proba,,0.9220000000004802,success,
nnpu,sar-pi0.5-scalemid,100,"{""batch_size"": 256, ""beta"": 0.25, ""device"": null, ""gamma"": 1.0, ""loss"": ""sigmoid"", ""max_epochs"": 200, ""model"": null, ""optimizer"": null, ""patience"": 20}",linear,0.5,0.5,0.5,True,0,,,,,0.0,,,0.475,False,-0.1863127764767109,0.9938524590163934,1.0,0.9980359999999999,0.972,0.9712820512820513,0.6924603174603174,0.9981879613041066,0.972,,requires predict_proba,,requires predict_proba,,3.0460000000002765,success,
nnpu,sar-pi0.5-scalemid,101,"{""batch_size"": 256, ""beta"": 0.25, ""device"": null, ""gamma"": 1.0, ""loss"": ""sigmoid"", ""max_epochs"": 200, ""model"": null, ""optimizer"": null, ""patience"": 20}",linear,0.5,0.5,0.5,True,0,,,,,0.0,,,0.483,False,-0.1711550622560457,0.9917355371900827,1.0,0.998812,0.975,0.9745676500508647,0.679419525065963,0.9988050847786457,0.975,,requires predict_proba,,requires predict_proba,,2.8909999999996217,success,
nnpu,sar-pi0.5-scalemid,102,"{""batch_size"": 256, ""beta"": 0.25, ""device"": null, ""gamma"": 1.0, ""loss"": ""sigmoid"", ""max_epochs"": 200, ""model"": null, ""optimizer"": null, ""patience"": 20}",linear,0.5,0.5,0.5,True,0,,,,,0.0,,,0.486,False,-0.18441044751724367,0.9941747572815534,1.0,0.999109,0.979,0.9787018255578094,0.6902356902356902,0.9990960853512385,0.979,,requires predict_proba,,requires predict_proba,,3.04700000000048,success,
nnpu,sar-pi0.5-scalemid,103,"{""batch_size"": 256, ""beta"": 0.25, ""device"": null, ""gamma"": 1.0, ""loss"": ""sigmoid"", ""max_epochs"": 200, ""model"": null, ""optimizer"": null, ""patience"": 20}",linear,0.5,0.5,0.5,True,0,,,,,0.0,,,0.4745,False,-0.17213862667352386,0.9873417721518988,1.0,0.9988900000000001,0.9725,0.9717804002052335,0.6847968545216252,0.998937836792818,0.9724999999999999,,requires predict_proba,,requires predict_proba,,3.0460000000002765,success,
nnpu,sar-pi0.5-scalemid,104,"{""batch_size"": 256, ""beta"": 0.25, ""device"": null, ""gamma"": 1.0, ""loss"": ""sigmoid"", ""max_epochs"": 200, ""model"": null, ""optimizer"": null, ""patience"": 20}",linear,0.5,0.5,0.5,True,0,,,,,0.0,,,0.485,False,-0.16732530139941937,0.9878296146044625,1.0,0.998882,0.977,0.9766497461928934,0.6794956867949569,0.9989002453085175,0.977,,requires predict_proba,,requires predict_proba,,3.0310000000008586,success,
nnpu,sar-pi0.5-scalemid,105,"{""batch_size"": 256, ""beta"": 0.25, ""device"": null, ""gamma"": 1.0, ""loss"": ""sigmoid"", ""max_epochs"": 200, ""model"": null, ""optimizer"": null, ""patience"": 20}",linear,0.5,0.5,0.5,True,0,,,,,0.0,,,0.4775,False,-0.17200364994482642,0.9801587301587301,1.0,0.99926,0.9745,0.9739130434782609,0.6918449197860963,0.9992596723122492,0.9744999999999999,,requires predict_proba,,requires predict_proba,,3.0159999999996217,success,
nnpu,sar-pi0.5-scalemid,106,"{""batch_size"": 256, ""beta"": 0.25, ""device"": null, ""gamma"": 1.0, ""loss"": ""sigmoid"", ""max_epochs"": 200, ""model"": null, ""optimizer"": null, ""patience"": 20}",linear,0.5,0.5,0.5,True,0,,,,,0.0,,,0.482,False,-0.18117624707099284,0.9901574803149606,1.0,0.998968,0.977,0.9765784114052953,0.6910187667560321,0.9989985321740549,0.977,,requires predict_proba,,requires predict_proba,,3.0930000000007567,success,
nnpu,sar-pi0.5-scalemid,107,"{""batch_size"": 256, ""beta"": 0.25, ""device"": null, ""gamma"": 1.0, ""loss"": ""sigmoid"", ""max_epochs"": 200, ""model"": null, ""optimizer"": null, ""patience"": 20}",linear,0.5,0.5,0.5,True,0,,,,,0.0,,,0.474,False,-0.1698921438535606,0.9814432989690721,1.0,0.998302,0.967,0.9661190965092402,0.6884488448844884,0.9983505533011579,0.967,,requires predict_proba,,requires predict_proba,,3.0159999999996217,success,
nnpu,sar-pi0.5-scalemid,108,"{""batch_size"": 256, ""beta"": 0.25, ""device"": null, ""gamma"": 1.0, ""loss"": ""sigmoid"", ""max_epochs"": 200, ""model"": null, ""optimizer"": null, ""patience"": 20}",linear,0.5,0.5,0.5,True,0,,,,,0.0,,,0.4785,False,-0.17944180349306527,0.9843444227005871,1.0,0.999459,0.9755,0.974961676034747,0.6950973807924782,0.9994609734368761,0.9755,,requires predict_proba,,requires predict_proba,,3.0940000000009604,success,
nnpu,sar-pi0.5-scalemid,109,"{""batch_size"": 256, ""beta"": 0.25, ""device"": null, ""gamma"": 1.0, ""loss"": ""sigmoid"", ""max_epochs"": 200, ""model"": null, ""optimizer"": null, ""patience"": 20}",linear,0.5,0.5,0.5,True,0,,,,,0.0,,,0.483,False,-0.18343203053033297,0.9921568627450981,1.0,0.999012,0.98,0.9796541200406917,0.6912751677852349,0.9990568136042821,0.98,,requires predict_proba,,requires predict_proba,,3.0930000000007567,success,
nnpu,sar-pi0.5-scalemid,110,"{""batch_size"": 256, ""beta"": 0.25, ""device"": null, ""gamma"": 1.0, ""loss"": ""sigmoid"", ""max_epochs"": 200, ""model"": null, ""optimizer"": null, ""patience"": 20}",linear,0.5,0.5,0.5,True,0,,,,,0.0,,,0.484,False,-0.17575584132513633,0.9979123173277662,1.0,0.9989100000000001,0.977,0.9766260162601627,0.6778435239973701,0.9989275540929151,0.977,,requires predict_proba,,requires predict_proba,,3.0309999999990396,success,
nnpu,sar-pi0.5-scalemid,111,"{""batch_size"": 256, ""beta"": 0.25, ""device"": null, ""gamma"": 1.0, ""loss"": ""sigmoid"", ""max_epochs"": 200, ""model"": null, ""optimizer"": null, ""patience"": 20}",linear,0.5,0.5,0.5,True,0,,,,,0.0,,,0.4835,False,-0.1861268457084873,0.9922630560928434,1.0,0.998812,0.9745,0.9740721911540416,0.693863789615644,0.9988324083095987,0.9744999999999999,,requires predict_proba,,requires predict_proba,,3.0310000000008586,success,
nnpu,sar-pi0.5-scalemid,112,"{""batch_size"": 256, ""beta"": 0.25, ""device"": null, ""gamma"": 1.0, ""loss"": ""sigmoid"", ""max_epochs"": 200, ""model"": null, ""optimizer"": null, ""patience"": 20}",linear,0.5,0.5,0.5,True,0,,,,,0.0,,,0.481,False,-0.18211650652024708,0.9939516129032258,1.0,0.9991850000000001,0.978,0.9775739041794088,0.6881648936170213,0.9992033461034278,0.978,,requires predict_proba,,requires predict_proba,,3.0310000000008586,success,
nnpu,sar-pi0.5-scalemid,113,"{""batch_size"": 256, ""beta"": 0.25, ""device"": null, ""gamma"": 1.0, ""loss"": ""sigmoid"", ""max_epochs"": 200, ""model"": null, ""optimizer"": null, ""patience"": 20}",linear,0.5,0.5,0.5,True,0,,,,,0.0,,,0.483,False,-0.17066666666666663,0.986,1.0,0.9984160000000001,0.98,0.9796541200406917,0.6846666666666666,0.9985947807438852,0.98,,requires predict_proba,,requires predict_proba,,2.875,success,
nnpu,sar-pi0.5-scalemid,114,"{""batch_size"": 256, ""beta"": 0.25, ""device"": null, ""gamma"": 1.0, ""loss"": ""sigmoid"", ""max_epochs"": 200, ""model"": null, ""optimizer"": null, ""patience"": 20}",linear,0.5,0.5,0.5,True,0,,,,,0.0,,,0.4865,False,-0.17619983471272993,0.9939879759519038,1.0,0.998657,0.9805,0.9802331474911302,0.6822118587608261,0.9985927801631622,0.9804999999999999,,requires predict_proba,,requires predict_proba,,3.0460000000002765,success,
nnpu,sar-pi0.5-scalemid,115,"{""batch_size"": 256, ""beta"": 0.25, ""device"": null, ""gamma"": 1.0, ""loss"": ""sigmoid"", ""max_epochs"": 200, ""model"": null, ""optimizer"": null, ""patience"": 20}",linear,0.5,0.5,0.5,True,0,,,,,0.0,,,0.474,False,-0.19066666666666665,0.992,1.0,0.9981599999999999,0.97,0.9691991786447639,0.6986666666666667,0.9982835959796146,0.97,,requires predict_proba,,requires predict_proba,,3.0319999999992433,success,
nnpu,sar-pi0.5-scalemid,116,"{""batch_size"": 256, ""beta"": 0.25, ""device"": null, ""gamma"": 1.0, ""loss"": ""sigmoid"", ""max_epochs"": 200, ""model"": null, ""optimizer"": null, ""patience"": 20}",linear,0.5,0.5,0.5,True,0,,,,,0.0,,,0.487,False,-0.176,0.994,1.0,0.999013,0.981,0.9807497467071935,0.682,0.9990466322113452,0.981,,requires predict_proba,,requires predict_proba,,3.0469999999986612,success,
nnpu,sar-pi0.5-scalemid,117,"{""batch_size"": 256, ""beta"": 0.25, ""device"": null, ""gamma"": 1.0, ""loss"": ""sigmoid"", ""max_epochs"": 200, ""model"": null, ""optimizer"": null, ""patience"": 20}",linear,0.5,0.5,0.5,True,0,,,,,0.0,,,0.4805,False,-0.18333899268707415,0.9865125240847784,1.0,0.998293,0.9745,0.9739928607853137,0.6968264686022958,0.9982924380924986,0.9744999999999999,,requires predict_proba,,requires predict_proba,,3.0469999999986612,success,
nnpu,sar-pi0.5-scalemid,118,"{""batch_size"": 256, ""beta"": 0.25, ""device"": null, ""gamma"": 1.0, ""loss"": ""sigmoid"", ""max_epochs"": 200, ""model"": null, ""optimizer"": null, ""patience"": 20}",linear,0.5,0.5,0.5,True,0,,,,,0.0,,,0.484,False,-0.17875446054468114,0.9920477137176938,1.0,0.9992070000000001,0.979,0.9786585365853658,0.6867067468269873,0.9991988761693823,0.979,,requires predict_proba,,requires predict_proba,,3.0,success,
nnpu,sar-pi0.5-scalemid,119,"{""batch_size"": 256, ""beta"": 0.25, ""device"": null, ""gamma"": 1.0, ""loss"": ""sigmoid"", ""max_epochs"": 200, ""model"": null, ""optimizer"": null, ""patience"": 20}",linear,0.5,0.5,0.5,True,0,,,,,0.0,,,0.48,False,-0.16982024597918638,0.9857142857142858,1.0,0.9980150000000001,0.972,0.9714285714285714,0.6841059602649007,0.9980744260103299,0.972,,requires predict_proba,,requires predict_proba,,3.17200000000048,success,
