algorithm,scenario,seed,params,mechanism,class_prior,label_frequency,real_h,pi_h_well_conditioned,warning_count,diag_converged,diag_n_iter,diag_c_estimate,diag_cond_number,diag_correction_fraction,diag_n_epochs,diag_n_acs_iter,pred_positive_rate,degenerate_prediction,pu_zero_one_risk,pu_recall,pu_estimated_precision,pu_auc_roc,pu_accuracy,pu_f1,pu_negative_rate,average_precision,balanced_accuracy,brier_score,brier_score_unavailable_reason,expected_calibration_error,expected_calibration_error_unavailable_reason,ece_buckets_api,elapsed_seconds,status,failure_reason
upu,scar-pi0.1-scalesmall,100,"{""basis"": ""linear"", ""fit_intercept"": true, ""kernel_width"": null, ""loss"": ""squared"", ""max_iter"": 1000, ""n_centers"": null, ""reg_lambda"": 0.001, ""tol"": 1e-06}",scar,0.1,0.5,0.5,True,1,,,,,,,,0.11,False,-0.03438320209973754,1.0,0.9090909090909092,1.0,0.99,0.9523809523809523,0.9343832020997376,1.0,0.9944444444444445,,requires predict_proba,,requires predict_proba,,0.0,success,
upu,scar-pi0.1-scalesmall,101,"{""basis"": ""linear"", ""fit_intercept"": true, ""kernel_width"": null, ""loss"": ""squared"", ""max_iter"": 1000, ""n_centers"": null, ""reg_lambda"": 0.001, ""tol"": 1e-06}",scar,0.1,0.5,0.5,True,1,,,,,,,,0.1175,False,-0.024083769633507862,1.0,0.8510638297872342,0.9992361111111111,0.9825,0.9195402298850575,0.9240837696335078,0.9929836523973521,0.9902777777777778,,requires predict_proba,,requires predict_proba,,0.014999999999417923,success,
upu,scar-pi0.1-scalesmall,102,"{""basis"": ""linear"", ""fit_intercept"": true, ""kernel_width"": null, ""loss"": ""squared"", ""max_iter"": 1000, ""n_centers"": null, ""reg_lambda"": 0.001, ""tol"": 1e-06}",scar,0.1,0.5,0.5,True,1,,,,,,,,0.1025,False,-0.035067219499937186,0.9523809523809523,0.9291521486643438,0.9919444444444444,0.9825,0.9135802469135802,0.9445910290237467,0.9588963751747022,0.9569444444444445,,requires predict_proba,,requires predict_proba,,0.0,success,
upu,scar-pi0.1-scalesmall,103,"{""basis"": ""linear"", ""fit_intercept"": true, ""kernel_width"": null, ""loss"": ""squared"", ""max_iter"": 1000, ""n_centers"": null, ""reg_lambda"": 0.001, ""tol"": 1e-06}",scar,0.1,0.5,0.5,True,1,,,,,,,,0.1225,False,-0.036000000000000004,1.0,0.8163265306122449,0.9978472222222222,0.9725,0.8764044943820225,0.936,0.9840317311134981,0.9736111111111111,,requires predict_proba,,requires predict_proba,,0.0,success,
upu,scar-pi0.1-scalesmall,104,"{""basis"": ""linear"", ""fit_intercept"": true, ""kernel_width"": null, ""loss"": ""squared"", ""max_iter"": 1000, ""n_centers"": null, ""reg_lambda"": 0.001, ""tol"": 1e-06}",scar,0.1,0.5,0.5,True,1,,,,,,,,0.1075,False,-0.052000000000000005,1.0,0.930232558139535,1.0,0.9925,0.963855421686747,0.952,1.0,0.9958333333333333,,requires predict_proba,,requires predict_proba,,0.0,success,
upu,scar-pi0.1-scalesmall,105,"{""basis"": ""linear"", ""fit_intercept"": true, ""kernel_width"": null, ""loss"": ""squared"", ""max_iter"": 1000, ""n_centers"": null, ""reg_lambda"": 0.001, ""tol"": 1e-06}",scar,0.1,0.5,0.5,True,1,,,,,,,,0.105,False,-0.044000000000000004,0.96,0.9142857142857144,0.9995833333333333,0.99,0.9512195121951219,0.952,0.9967391304347826,0.9833333333333334,,requires predict_proba,,requires predict_proba,,0.0,success,
upu,scar-pi0.1-scalesmall,106,"{""basis"": ""linear"", ""fit_intercept"": true, ""kernel_width"": null, ""loss"": ""squared"", ""max_iter"": 1000, ""n_centers"": null, ""reg_lambda"": 0.001, ""tol"": 1e-06}",scar,0.1,0.5,0.5,True,1,,,,,,,,0.1275,False,-0.01842105263157895,1.0,0.7843137254901961,0.9986805555555556,0.9725,0.8791208791208791,0.9184210526315789,0.9899376657536629,0.9847222222222223,,requires predict_proba,,requires predict_proba,,0.01599999999962165,success,
upu,scar-pi0.1-scalesmall,107,"{""basis"": ""linear"", ""fit_intercept"": true, ""kernel_width"": null, ""loss"": ""squared"", ""max_iter"": 1000, ""n_centers"": null, ""reg_lambda"": 0.001, ""tol"": 1e-06}",scar,0.1,0.5,0.5,True,1,,,,,,,,0.1,False,-0.028679464805119265,0.9444444444444444,0.9444444444444444,0.9982638888888888,0.98,0.9,0.9397905759162304,0.9860823617375252,0.9444444444444444,,requires predict_proba,,requires predict_proba,,0.0,success,
upu,scar-pi0.1-scalesmall,108,"{""basis"": ""linear"", ""fit_intercept"": true, ""kernel_width"": null, ""loss"": ""squared"", ""max_iter"": 1000, ""n_centers"": null, ""reg_lambda"": 0.001, ""tol"": 1e-06}",scar,0.1,0.5,0.5,True,1,,,,,,,,0.1125,False,-0.03915343915343916,1.0,0.888888888888889,0.9994444444444445,0.9875,0.9411764705882353,0.9391534391534392,0.9952983018443544,0.9930555555555556,,requires predict_proba,,requires predict_proba,,0.01599999999962165,success,
upu,scar-pi0.1-scalesmall,109,"{""basis"": ""linear"", ""fit_intercept"": true, ""kernel_width"": null, ""loss"": ""squared"", ""max_iter"": 1000, ""n_centers"": null, ""reg_lambda"": 0.001, ""tol"": 1e-06}",scar,0.1,0.5,0.5,True,1,,,,,,,,0.1075,False,-0.01773921056673322,0.9411764705882353,0.8755129958960328,0.9918055555555556,0.9875,0.9397590361445783,0.9295039164490861,0.9801442307692307,0.9819444444444445,,requires predict_proba,,requires predict_proba,,0.0,success,
upu,scar-pi0.1-scalesmall,110,"{""basis"": ""linear"", ""fit_intercept"": true, ""kernel_width"": null, ""loss"": ""squared"", ""max_iter"": 1000, ""n_centers"": null, ""reg_lambda"": 0.001, ""tol"": 1e-06}",scar,0.1,0.5,0.5,True,1,,,,,,,,0.1075,False,-0.059677419354838716,1.0,0.930232558139535,1.0,0.9925,0.963855421686747,0.9596774193548387,1.0,0.9958333333333333,,requires predict_proba,,requires predict_proba,,0.015000000001236913,success,
upu,scar-pi0.1-scalesmall,111,"{""basis"": ""linear"", ""fit_intercept"": true, ""kernel_width"": null, ""loss"": ""squared"", ""max_iter"": 1000, ""n_centers"": null, ""reg_lambda"": 0.001, ""tol"": 1e-06}",scar,0.1,0.5,0.5,True,1,,,,,,,,0.11,False,-0.03438320209973754,1.0,0.9090909090909092,0.9995138888888889,0.99,0.9523809523809523,0.9343832020997376,0.9955154833115359,0.9944444444444445,,requires predict_proba,,requires predict_proba,,0.0,success,
upu,scar-pi0.1-scalesmall,112,"{""basis"": ""linear"", ""fit_intercept"": true, ""kernel_width"": null, ""loss"": ""squared"", ""max_iter"": 1000, ""n_centers"": null, ""reg_lambda"": 0.001, ""tol"": 1e-06}",scar,0.1,0.5,0.5,True,1,,,,,,,,0.1275,False,-0.030666666666666675,1.0,0.7843137254901961,0.9984027777777778,0.9675,0.8571428571428571,0.9306666666666666,0.9876850599833079,0.9708333333333333,,requires predict_proba,,requires predict_proba,,0.0,success,
upu,scar-pi0.1-scalesmall,113,"{""basis"": ""linear"", ""fit_intercept"": true, ""kernel_width"": null, ""loss"": ""squared"", ""max_iter"": 1000, ""n_centers"": null, ""reg_lambda"": 0.001, ""tol"": 1e-06}",scar,0.1,0.5,0.5,True,1,,,,,,,,0.1025,False,-0.037999037999038004,0.9545454545454546,0.9312638580931265,0.9995138888888888,0.9925,0.9629629629629629,0.9470899470899471,0.9962765957446809,0.9847222222222223,,requires predict_proba,,requires predict_proba,,0.0,success,
upu,scar-pi0.1-scalesmall,114,"{""basis"": ""linear"", ""fit_intercept"": true, ""kernel_width"": null, ""loss"": ""squared"", ""max_iter"": 1000, ""n_centers"": null, ""reg_lambda"": 0.001, ""tol"": 1e-06}",scar,0.1,0.5,0.5,True,1,,,,,,,,0.1125,False,-0.03175853018372704,1.0,0.888888888888889,0.9993055555555556,0.9875,0.9411764705882353,0.931758530183727,0.9933083277220274,0.9930555555555556,,requires predict_proba,,requires predict_proba,,0.0,success,
upu,scar-pi0.1-scalesmall,115,"{""basis"": ""linear"", ""fit_intercept"": true, ""kernel_width"": null, ""loss"": ""squared"", ""max_iter"": 1000, ""n_centers"": null, ""reg_lambda"": 0.001, ""tol"": 1e-06}",scar,0.1,0.5,0.5,True,1,,,,,,,,0.1075,False,-0.032114882506527415,1.0,0.930232558139535,0.9993055555555556,0.9875,0.9397590361445783,0.9321148825065274,0.9947831632653061,0.9819444444444445,,requires predict_proba,,requires predict_proba,,0.014999999999417923,success,
upu,scar-pi0.1-scalesmall,116,"{""basis"": ""linear"", ""fit_intercept"": true, ""kernel_width"": null, ""loss"": ""squared"", ""max_iter"": 1000, ""n_centers"": null, ""reg_lambda"": 0.001, ""tol"": 1e-06}",scar,0.1,0.5,0.5,True,1,,,,,,,,0.11,False,-0.044297082228116715,1.0,0.9090909090909092,0.9996527777777778,0.99,0.9523809523809523,0.9442970822281167,0.9969897883124628,0.9944444444444445,,requires predict_proba,,requires predict_proba,,0.0,success,
upu,scar-pi0.1-scalesmall,117,"{""basis"": ""linear"", ""fit_intercept"": true, ""kernel_width"": null, ""loss"": ""squared"", ""max_iter"": 1000, ""n_centers"": null, ""reg_lambda"": 0.001, ""tol"": 1e-06}",scar,0.1,0.5,0.5,True,1,,,,,,,,0.12,False,-0.010733526730211357,0.9473684210526315,0.7894736842105263,0.99875,0.975,0.8863636363636364,0.9212598425196851,0.9907405175963377,0.975,,requires predict_proba,,requires predict_proba,,0.01600000000144064,success,
upu,scar-pi0.1-scalesmall,118,"{""basis"": ""linear"", ""fit_intercept"": true, ""kernel_width"": null, ""loss"": ""squared"", ""max_iter"": 1000, ""n_centers"": null, ""reg_lambda"": 0.001, ""tol"": 1e-06}",scar,0.1,0.5,0.5,True,1,,,,,,,,0.11,False,-0.0368421052631579,1.0,0.9090909090909092,0.9998611111111111,0.99,0.9523809523809523,0.9368421052631579,0.998765243902439,0.9944444444444445,,requires predict_proba,,requires predict_proba,,0.0,success,
upu,scar-pi0.1-scalesmall,119,"{""basis"": ""linear"", ""fit_intercept"": true, ""kernel_width"": null, ""loss"": ""squared"", ""max_iter"": 1000, ""n_centers"": null, ""reg_lambda"": 0.001, ""tol"": 1e-06}",scar,0.1,0.5,0.5,True,1,,,,,,,,0.1075,False,-0.027272727272727282,1.0,0.930232558139535,0.9999305555555555,0.9925,0.963855421686747,0.9272727272727272,0.999390243902439,0.9958333333333333,,requires predict_proba,,requires predict_proba,,0.014999999999417923,success,
upu,scar-pi0.1-scalemid,100,"{""basis"": ""linear"", ""fit_intercept"": true, ""kernel_width"": null, ""loss"": ""squared"", ""max_iter"": 1000, ""n_centers"": null, ""reg_lambda"": 0.001, ""tol"": 1e-06}",scar,0.1,0.5,0.5,True,1,,,,,,,,0.111,False,-0.0353132099967543,0.9903846153846154,0.8922383922383923,0.9991,0.986,0.933649289099526,0.9372362869198312,0.9932334343938667,0.9855555555555555,,requires predict_proba,,requires predict_proba,,0.0,success,
upu,scar-pi0.1-scalemid,101,"{""basis"": ""linear"", ""fit_intercept"": true, ""kernel_width"": null, ""loss"": ""squared"", ""max_iter"": 1000, ""n_centers"": null, ""reg_lambda"": 0.001, ""tol"": 1e-06}",scar,0.1,0.5,0.5,True,1,,,,,,,,0.113,False,-0.03074501573976915,1.0,0.8849557522123894,0.9993583333333333,0.985,0.9295774647887324,0.9307450157397692,0.9954430775643744,0.9872222222222222,,requires predict_proba,,requires predict_proba,,0.0,success,
upu,scar-pi0.1-scalemid,102,"{""basis"": ""linear"", ""fit_intercept"": true, ""kernel_width"": null, ""loss"": ""squared"", ""max_iter"": 1000, ""n_centers"": null, ""reg_lambda"": 0.001, ""tol"": 1e-06}",scar,0.1,0.5,0.5,True,1,,,,,,,,0.113,False,-0.03320350535540409,0.9903846153846154,0.8764465622872704,0.9994861111111111,0.986,0.9342723004694836,0.935126582278481,0.9955018416492228,0.99,,requires predict_proba,,requires predict_proba,,0.01599999999962165,success,
upu,scar-pi0.1-scalemid,103,"{""basis"": ""linear"", ""fit_intercept"": true, ""kernel_width"": null, ""loss"": ""squared"", ""max_iter"": 1000, ""n_centers"": null, ""reg_lambda"": 0.001, ""tol"": 1e-06}",scar,0.1,0.5,0.5,True,1,,,,,,,,0.109,False,-0.03999485733969212,0.9908256880733946,0.9090143927278849,0.9988916666666667,0.989,0.9473684210526315,0.9418297197250132,0.9948258666598033,0.9894444444444445,,requires predict_proba,,requires predict_proba,,0.0,success,
upu,scar-pi0.1-scalemid,104,"{""basis"": ""linear"", ""fit_intercept"": true, ""kernel_width"": null, ""loss"": ""squared"", ""max_iter"": 1000, ""n_centers"": null, ""reg_lambda"": 0.001, ""tol"": 1e-06}",scar,0.1,0.5,0.5,True,1,,,,,,,,0.11,False,-0.03585477324953555,0.9902912621359223,0.9002647837599295,0.9987666666666666,0.988,0.9428571428571428,0.9377965208223511,0.9919117932657782,0.9888888888888889,,requires predict_proba,,requires predict_proba,,0.015000000001236913,success,
upu,scar-pi0.1-scalemid,105,"{""basis"": ""linear"", ""fit_intercept"": true, ""kernel_width"": null, ""loss"": ""squared"", ""max_iter"": 1000, ""n_centers"": null, ""reg_lambda"": 0.001, ""tol"": 1e-06}",scar,0.1,0.5,0.5,True,1,,,,,,,,0.1125,False,-0.02786199686356508,1.0,0.888888888888889,0.9992361111111111,0.9835,0.9223529411764706,0.9278619968635651,0.9938127275938319,0.9819444444444445,,requires predict_proba,,requires predict_proba,,0.0,success,
upu,scar-pi0.1-scalemid,106,"{""basis"": ""linear"", ""fit_intercept"": true, ""kernel_width"": null, ""loss"": ""squared"", ""max_iter"": 1000, ""n_centers"": null, ""reg_lambda"": 0.001, ""tol"": 1e-06}",scar,0.1,0.5,0.5,True,1,,,,,,,,0.113,False,-0.04141843971631207,0.9916666666666667,0.8775811209439529,0.9991500000000001,0.985,0.9295774647887324,0.9430851063829787,0.9926567105975862,0.9872222222222222,,requires predict_proba,,requires predict_proba,,0.01599999999962165,success,
upu,scar-pi0.1-scalemid,107,"{""basis"": ""linear"", ""fit_intercept"": true, ""kernel_width"": null, ""loss"": ""squared"", ""max_iter"": 1000, ""n_centers"": null, ""reg_lambda"": 0.001, ""tol"": 1e-06}",scar,0.1,0.5,0.5,True,1,,,,,,,,0.107,False,-0.03814827359486761,0.9811320754716981,0.9169458649268207,0.9988972222222222,0.988,0.9420289855072463,0.941921858500528,0.9916835196407585,0.9822222222222222,,requires predict_proba,,requires predict_proba,,0.01599999999962165,success,
upu,scar-pi0.1-scalemid,108,"{""basis"": ""linear"", ""fit_intercept"": true, ""kernel_width"": null, ""loss"": ""squared"", ""max_iter"": 1000, ""n_centers"": null, ""reg_lambda"": 0.001, ""tol"": 1e-06}",scar,0.1,0.5,0.5,True,1,,,,,,,,0.108,False,-0.03282586509238741,0.989247311827957,0.9159697331740344,0.9995111111111111,0.989,0.9471153846153846,0.934976402726796,0.9960722687058372,0.9872222222222222,,requires predict_proba,,requires predict_proba,,0.0,success,
upu,scar-pi0.1-scalemid,109,"{""basis"": ""linear"", ""fit_intercept"": true, ""kernel_width"": null, ""loss"": ""squared"", ""max_iter"": 1000, ""n_centers"": null, ""reg_lambda"": 0.001, ""tol"": 1e-06}",scar,0.1,0.5,0.5,True,1,,,,,,,,0.105,False,-0.038396749460629674,0.9719626168224299,0.9256786826880286,0.9986444444444444,0.991,0.9560975609756097,0.9440042260961437,0.9924006102074111,0.9861111111111112,,requires predict_proba,,requires predict_proba,,0.014999999999417923,success,
upu,scar-pi0.1-scalemid,110,"{""basis"": ""linear"", ""fit_intercept"": true, ""kernel_width"": null, ""loss"": ""squared"", ""max_iter"": 1000, ""n_centers"": null, ""reg_lambda"": 0.001, ""tol"": 1e-06}",scar,0.1,0.5,0.5,True,1,,,,,,,,0.112,False,-0.022741556560977233,0.9770114942528736,0.8723316912972086,0.9987583333333333,0.983,0.9198113207547169,0.9273392577104025,0.9931396906402237,0.9794444444444445,,requires predict_proba,,requires predict_proba,,0.0,success,
upu,scar-pi0.1-scalemid,111,"{""basis"": ""linear"", ""fit_intercept"": true, ""kernel_width"": null, ""loss"": ""squared"", ""max_iter"": 1000, ""n_centers"": null, ""reg_lambda"": 0.001, ""tol"": 1e-06}",scar,0.1,0.5,0.5,True,1,,,,,,,,0.111,False,-0.03825857519788919,1.0,0.9009009009009009,0.9994277777777778,0.988,0.943127962085308,0.9382585751978891,0.9949567639141484,0.991111111111111,,requires predict_proba,,requires predict_proba,,0.0,success,
upu,scar-pi0.1-scalemid,112,"{""basis"": ""linear"", ""fit_intercept"": true, ""kernel_width"": null, ""loss"": ""squared"", ""max_iter"": 1000, ""n_centers"": null, ""reg_lambda"": 0.001, ""tol"": 1e-06}",scar,0.1,0.5,0.5,True,1,,,,,,,,0.112,False,-0.0327222769670332,0.9900990099009901,0.884016973125884,0.9996583333333333,0.987,0.9386792452830188,0.9347024749868352,0.9971883221763352,0.9905555555555556,,requires predict_proba,,requires predict_proba,,0.014999999999417923,success,
upu,scar-pi0.1-scalemid,113,"{""basis"": ""linear"", ""fit_intercept"": true, ""kernel_width"": null, ""loss"": ""squared"", ""max_iter"": 1000, ""n_centers"": null, ""reg_lambda"": 0.001, ""tol"": 1e-06}",scar,0.1,0.5,0.5,True,1,,,,,,,,0.114,False,-0.02916869251910273,0.9805825242718447,0.8601601090103901,0.9990666666666667,0.982,0.9158878504672897,0.9330521876647337,0.9925765532047499,0.981111111111111,,requires predict_proba,,requires predict_proba,,0.0,success,
upu,scar-pi0.1-scalemid,114,"{""basis"": ""linear"", ""fit_intercept"": true, ""kernel_width"": null, ""loss"": ""squared"", ""max_iter"": 1000, ""n_centers"": null, ""reg_lambda"": 0.001, ""tol"": 1e-06}",scar,0.1,0.5,0.5,True,1,,,,,,,,0.1115,False,-0.039225912460113206,0.9829059829059829,0.8815300295120923,0.9989916666666666,0.9845,0.9267139479905437,0.9426447158789166,0.9907244358013249,0.9824999999999999,,requires predict_proba,,requires predict_proba,,0.0,success,
upu,scar-pi0.1-scalemid,115,"{""basis"": ""linear"", ""fit_intercept"": true, ""kernel_width"": null, ""loss"": ""squared"", ""max_iter"": 1000, ""n_centers"": null, ""reg_lambda"": 0.001, ""tol"": 1e-06}",scar,0.1,0.5,0.5,True,1,,,,,,,,0.11,False,-0.03790897107395175,0.9906542056074766,0.9005947323704334,0.9994916666666667,0.988,0.9428571428571428,0.9397781299524565,0.9957595258841584,0.9888888888888889,,requires predict_proba,,requires predict_proba,,0.01599999999962165,success,
upu,scar-pi0.1-scalemid,116,"{""basis"": ""linear"", ""fit_intercept"": true, ""kernel_width"": null, ""loss"": ""squared"", ""max_iter"": 1000, ""n_centers"": null, ""reg_lambda"": 0.001, ""tol"": 1e-06}",scar,0.1,0.5,0.5,True,1,,,,,,,,0.1125,False,-0.033719095213045766,1.0,0.888888888888889,0.9997888888888888,0.9875,0.9411764705882353,0.9337190952130457,0.9981210047173303,0.9930555555555556,,requires predict_proba,,requires predict_proba,,0.0,success,
upu,scar-pi0.1-scalemid,117,"{""basis"": ""linear"", ""fit_intercept"": true, ""kernel_width"": null, ""loss"": ""squared"", ""max_iter"": 1000, ""n_centers"": null, ""reg_lambda"": 0.001, ""tol"": 1e-06}",scar,0.1,0.5,0.5,True,1,,,,,,,,0.114,False,-0.03116132422490804,1.0,0.8771929824561404,0.9995416666666667,0.984,0.9252336448598131,0.931161324224908,0.9962589745462683,0.9866666666666666,,requires predict_proba,,requires predict_proba,,0.0,success,
upu,scar-pi0.1-scalemid,118,"{""basis"": ""linear"", ""fit_intercept"": true, ""kernel_width"": null, ""loss"": ""squared"", ""max_iter"": 1000, ""n_centers"": null, ""reg_lambda"": 0.001, ""tol"": 1e-06}",scar,0.1,0.5,0.5,True,1,,,,,,,,0.1085,False,-0.03990511333684766,1.0,0.9216589861751152,0.999775,0.9915,0.9592326139088729,0.9399051133368477,0.9979800115387745,0.9952777777777777,,requires predict_proba,,requires predict_proba,,0.01599999999962165,success,
upu,scar-pi0.1-scalemid,119,"{""basis"": ""linear"", ""fit_intercept"": true, ""kernel_width"": null, ""loss"": ""squared"", ""max_iter"": 1000, ""n_centers"": null, ""reg_lambda"": 0.001, ""tol"": 1e-06}",scar,0.1,0.5,0.5,True,1,,,,,,,,0.1115,False,-0.030178201409034405,0.9894736842105263,0.8874203445834317,0.9989666666666667,0.9845,0.9267139479905437,0.9322834645669291,0.9928603717620167,0.9824999999999999,,requires predict_proba,,requires predict_proba,,0.0,success,
upu,scar-pi0.3-scalesmall,100,"{""basis"": ""linear"", ""fit_intercept"": true, ""kernel_width"": null, ""loss"": ""squared"", ""max_iter"": 1000, ""n_centers"": null, ""reg_lambda"": 0.001, ""tol"": 1e-06}",scar,0.3,0.5,0.5,True,1,,,,,,,,0.2975,False,-0.09509981851179672,0.9655172413793104,0.9736308316430021,0.9997916666666667,0.9925,0.9874476987447699,0.8157894736842105,0.9995234137376625,0.9898809523809524,,requires predict_proba,,requires predict_proba,,0.01599999999962165,success,
upu,scar-pi0.3-scalesmall,101,"{""basis"": ""linear"", ""fit_intercept"": true, ""kernel_width"": null, ""loss"": ""squared"", ""max_iter"": 1000, ""n_centers"": null, ""reg_lambda"": 0.001, ""tol"": 1e-06}",scar,0.3,0.5,0.5,True,1,,,,,,,,0.315,False,-0.09294117647058822,0.9833333333333333,0.9365079365079364,0.9992261904761905,0.98,0.967479674796748,0.8029411764705883,0.998192438402569,0.9833333333333334,,requires predict_proba,,requires predict_proba,,0.0,success,
upu,scar-pi0.3-scalesmall,102,"{""basis"": ""linear"", ""fit_intercept"": true, ""kernel_width"": null, ""loss"": ""squared"", ""max_iter"": 1000, ""n_centers"": null, ""reg_lambda"": 0.001, ""tol"": 1e-06}",scar,0.3,0.5,0.5,True,1,,,,,,,,0.3225,False,-0.0440843214756258,0.9454545454545454,0.879492600422833,0.99,0.9475,0.9156626506024096,0.7768115942028986,0.9823769811528229,0.9482142857142857,,requires predict_proba,,requires predict_proba,,0.0,success,
upu,scar-pi0.3-scalesmall,103,"{""basis"": ""linear"", ""fit_intercept"": true, ""kernel_width"": null, ""loss"": ""squared"", ""max_iter"": 1000, ""n_centers"": null, ""reg_lambda"": 0.001, ""tol"": 1e-06}",scar,0.3,0.5,0.5,True,1,,,,,,,,0.315,False,-0.12779456193353472,1.0,0.9523809523809523,0.9987202380952381,0.975,0.959349593495935,0.8277945619335347,0.9971403371102503,0.9773809523809524,,requires predict_proba,,requires predict_proba,,0.01600000000144064,success,
upu,scar-pi0.3-scalesmall,104,"{""basis"": ""linear"", ""fit_intercept"": true, ""kernel_width"": null, ""loss"": ""squared"", ""max_iter"": 1000, ""n_centers"": null, ""reg_lambda"": 0.001, ""tol"": 1e-06}",scar,0.3,0.5,0.5,True,1,,,,,,,,0.2975,False,-0.1265901262916188,0.9846153846153847,0.9928894634776989,0.9991964285714285,0.9825,0.9707112970711297,0.835820895522388,0.9982132271850014,0.9779761904761906,,requires predict_proba,,requires predict_proba,,0.0,success,
upu,scar-pi0.3-scalesmall,105,"{""basis"": ""linear"", ""fit_intercept"": true, ""kernel_width"": null, ""loss"": ""squared"", ""max_iter"": 1000, ""n_centers"": null, ""reg_lambda"": 0.001, ""tol"": 1e-06}",scar,0.3,0.5,0.5,True,1,,,,,,,,0.305,False,-0.09176470588235294,0.9666666666666667,0.9508196721311475,0.9986309523809523,0.98,0.9669421487603306,0.8117647058823529,0.9971816572443981,0.9785714285714285,,requires predict_proba,,requires predict_proba,,0.014999999999417923,success,
upu,scar-pi0.3-scalesmall,106,"{""basis"": ""linear"", ""fit_intercept"": true, ""kernel_width"": null, ""loss"": ""squared"", ""max_iter"": 1000, ""n_centers"": null, ""reg_lambda"": 0.001, ""tol"": 1e-06}",scar,0.3,0.5,0.5,True,1,,,,,,,,0.325,False,-0.08618056881084177,0.9838709677419355,0.9081885856079405,0.9981249999999999,0.965,0.944,0.7958579881656804,0.9960359874523705,0.9702380952380952,,requires predict_proba,,requires predict_proba,,0.0,success,
upu,scar-pi0.3-scalesmall,107,"{""basis"": ""linear"", ""fit_intercept"": true, ""kernel_width"": null, ""loss"": ""squared"", ""max_iter"": 1000, ""n_centers"": null, ""reg_lambda"": 0.001, ""tol"": 1e-06}",scar,0.3,0.5,0.5,True,1,,,,,,,,0.3025,False,-0.09261363636363634,1.0,0.9917355371900827,0.999375,0.9875,0.979253112033195,0.7926136363636364,0.9986231567933473,0.9863095238095239,,requires predict_proba,,requires predict_proba,,0.0,success,
upu,scar-pi0.3-scalesmall,108,"{""basis"": ""linear"", ""fit_intercept"": true, ""kernel_width"": null, ""loss"": ""squared"", ""max_iter"": 1000, ""n_centers"": null, ""reg_lambda"": 0.001, ""tol"": 1e-06}",scar,0.3,0.5,0.5,True,1,,,,,,,,0.3075,False,-0.09597701149425286,1.0,0.975609756097561,0.9991666666666666,0.9875,0.9794238683127572,0.7959770114942529,0.9981705180574026,0.9886904761904762,,requires predict_proba,,requires predict_proba,,0.01599999999962165,success,
upu,scar-pi0.3-scalesmall,109,"{""basis"": ""linear"", ""fit_intercept"": true, ""kernel_width"": null, ""loss"": ""squared"", ""max_iter"": 1000, ""n_centers"": null, ""reg_lambda"": 0.001, ""tol"": 1e-06}",scar,0.3,0.5,0.5,True,1,,,,,,,,0.31,False,-0.10491237506162879,0.9701492537313433,0.9388541165142033,0.9943750000000001,0.975,0.9590163934426229,0.8228228228228228,0.9914858172943583,0.975,,requires predict_proba,,requires predict_proba,,0.0,success,
upu,scar-pi0.3-scalesmall,110,"{""basis"": ""linear"", ""fit_intercept"": true, ""kernel_width"": null, ""loss"": ""squared"", ""max_iter"": 1000, ""n_centers"": null, ""reg_lambda"": 0.001, ""tol"": 1e-06}",scar,0.3,0.5,0.5,True,1,,,,,,,,0.305,False,-0.087452310300975,0.9523809523809523,0.9367681498829039,0.9977678571428572,0.975,0.9586776859504132,0.8160237388724035,0.9955113506490869,0.9726190476190476,,requires predict_proba,,requires predict_proba,,0.015000000001236913,success,
upu,scar-pi0.3-scalesmall,111,"{""basis"": ""linear"", ""fit_intercept"": true, ""kernel_width"": null, ""loss"": ""squared"", ""max_iter"": 1000, ""n_centers"": null, ""reg_lambda"": 0.001, ""tol"": 1e-06}",scar,0.3,0.5,0.5,True,1,,,,,,,,0.3,False,-0.07176470588235292,0.9333333333333333,0.9333333333333332,0.9972916666666667,0.975,0.9583333333333334,0.8117647058823529,0.9939551281819284,0.9702380952380952,,requires predict_proba,,requires predict_proba,,0.0,success,
upu,scar-pi0.3-scalesmall,112,"{""basis"": ""linear"", ""fit_intercept"": true, ""kernel_width"": null, ""loss"": ""squared"", ""max_iter"": 1000, ""n_centers"": null, ""reg_lambda"": 0.001, ""tol"": 1e-06}",scar,0.3,0.5,0.5,True,1,,,,,,,,0.3225,False,-0.07650314945600306,0.967741935483871,0.900225056264066,0.9973214285714286,0.9675,0.9477911646586346,0.7958579881656804,0.9938442070304291,0.9720238095238095,,requires predict_proba,,requires predict_proba,,0.0,success,
upu,scar-pi0.3-scalesmall,113,"{""basis"": ""linear"", ""fit_intercept"": true, ""kernel_width"": null, ""loss"": ""squared"", ""max_iter"": 1000, ""n_centers"": null, ""reg_lambda"": 0.001, ""tol"": 1e-06}",scar,0.3,0.5,0.5,True,1,,,,,,,,0.3075,False,-0.10458874458874456,0.9571428571428572,0.9337979094076655,0.9991666666666666,0.9775,0.9629629629629629,0.8303030303030303,0.9980996008668928,0.9767857142857143,,requires predict_proba,,requires predict_proba,,0.01599999999962165,success,
upu,scar-pi0.3-scalesmall,114,"{""basis"": ""linear"", ""fit_intercept"": true, ""kernel_width"": null, ""loss"": ""squared"", ""max_iter"": 1000, ""n_centers"": null, ""reg_lambda"": 0.001, ""tol"": 1e-06}",scar,0.3,0.5,0.5,True,1,,,,,,,,0.2975,False,-0.10580021482277119,0.9824561403508771,0.9907120743034056,0.9972916666666667,0.9875,0.9790794979079498,0.8163265306122449,0.9937048645338505,0.9839285714285715,,requires predict_proba,,requires predict_proba,,0.0,success,
upu,scar-pi0.3-scalesmall,115,"{""basis"": ""linear"", ""fit_intercept"": true, ""kernel_width"": null, ""loss"": ""squared"", ""max_iter"": 1000, ""n_centers"": null, ""reg_lambda"": 0.001, ""tol"": 1e-06}",scar,0.3,0.5,0.5,True,1,,,,,,,,0.3125,False,-0.092507204610951,1.0,0.96,0.9967559523809524,0.9725,0.9551020408163265,0.792507204610951,0.9932159459463556,0.9732142857142857,,requires predict_proba,,requires predict_proba,,0.014999999999417923,success,
upu,scar-pi0.3-scalesmall,116,"{""basis"": ""linear"", ""fit_intercept"": true, ""kernel_width"": null, ""loss"": ""squared"", ""max_iter"": 1000, ""n_centers"": null, ""reg_lambda"": 0.001, ""tol"": 1e-06}",scar,0.3,0.5,0.5,True,1,,,,,,,,0.3,False,-0.11836936555037444,0.9841269841269841,0.984126984126984,0.999732142857143,0.99,0.9833333333333333,0.827893175074184,0.9993815671975108,0.9880952380952381,,requires predict_proba,,requires predict_proba,,0.0,success,
upu,scar-pi0.3-scalesmall,117,"{""basis"": ""linear"", ""fit_intercept"": true, ""kernel_width"": null, ""loss"": ""squared"", ""max_iter"": 1000, ""n_centers"": null, ""reg_lambda"": 0.001, ""tol"": 1e-06}",scar,0.3,0.5,0.5,True,1,,,,,,,,0.31,False,-0.09009254218835056,0.9545454545454546,0.9237536656891496,0.9984226190476191,0.975,0.9590163934426229,0.8173652694610778,0.996485409011224,0.975,,requires predict_proba,,requires predict_proba,,0.0,success,
upu,scar-pi0.3-scalesmall,118,"{""basis"": ""linear"", ""fit_intercept"": true, ""kernel_width"": null, ""loss"": ""squared"", ""max_iter"": 1000, ""n_centers"": null, ""reg_lambda"": 0.001, ""tol"": 1e-06}",scar,0.3,0.5,0.5,True,1,,,,,,,,0.305,False,-0.0894669235709698,0.9814814814814815,0.9653916211293261,0.9993154761904762,0.99,0.9834710743801653,0.8005780346820809,0.9984143076326057,0.9904761904761905,,requires predict_proba,,requires predict_proba,,0.014999999999417923,success,
upu,scar-pi0.3-scalesmall,119,"{""basis"": ""linear"", ""fit_intercept"": true, ""kernel_width"": null, ""loss"": ""squared"", ""max_iter"": 1000, ""n_centers"": null, ""reg_lambda"": 0.001, ""tol"": 1e-06}",scar,0.3,0.5,0.5,True,1,,,,,,,,0.3175,False,-0.09360465116279068,1.0,0.9448818897637795,0.9994642857142857,0.9775,0.9635627530364372,0.7936046511627907,0.9988583505238038,0.9815476190476191,,requires predict_proba,,requires predict_proba,,0.0,success,
upu,scar-pi0.3-scalemid,100,"{""basis"": ""linear"", ""fit_intercept"": true, ""kernel_width"": null, ""loss"": ""squared"", ""max_iter"": 1000, ""n_centers"": null, ""reg_lambda"": 0.001, ""tol"": 1e-06}",scar,0.3,0.5,0.5,True,1,,,,,,,,0.304,False,-0.10793818272095332,0.9835526315789473,0.9706111495844875,0.9987880952380952,0.985,0.9751655629139073,0.8178066037735849,0.9976852224377935,0.9840476190476191,,requires predict_proba,,requires predict_proba,,0.01599999999962165,success,
upu,scar-pi0.3-scalemid,101,"{""basis"": ""linear"", ""fit_intercept"": true, ""kernel_width"": null, ""loss"": ""squared"", ""max_iter"": 1000, ""n_centers"": null, ""reg_lambda"": 0.001, ""tol"": 1e-06}",scar,0.3,0.5,0.5,True,1,,,,,,,,0.308,False,-0.10325014509576319,1.0,0.974025974025974,0.9994440476190476,0.989,0.9819078947368421,0.8032501450957632,0.9987146202377251,0.9907142857142857,,requires predict_proba,,requires predict_proba,,0.01599999999962165,success,
upu,scar-pi0.3-scalemid,102,"{""basis"": ""linear"", ""fit_intercept"": true, ""kernel_width"": null, ""loss"": ""squared"", ""max_iter"": 1000, ""n_centers"": null, ""reg_lambda"": 0.001, ""tol"": 1e-06}",scar,0.3,0.5,0.5,True,1,,,,,,,,0.3085,False,-0.11627379055293305,0.9936708860759493,0.9662925958599183,0.9990333333333333,0.9845,0.9745275267050123,0.8200712589073634,0.9978374970033554,0.9855952380952381,,requires predict_proba,,requires predict_proba,,0.0,success,
upu,scar-pi0.3-scalemid,103,"{""basis"": ""linear"", ""fit_intercept"": true, ""kernel_width"": null, ""loss"": ""squared"", ""max_iter"": 1000, ""n_centers"": null, ""reg_lambda"": 0.001, ""tol"": 1e-06}",scar,0.3,0.5,0.5,True,1,,,,,,,,0.303,False,-0.10624999999999998,0.9895833333333334,0.9797854785478548,0.9993357142857142,0.991,0.9850746268656716,0.8125,0.9986725080382377,0.9907142857142857,,requires predict_proba,,requires predict_proba,,0.015000000001236913,success,
upu,scar-pi0.3-scalemid,104,"{""basis"": ""linear"", ""fit_intercept"": true, ""kernel_width"": null, ""loss"": ""squared"", ""max_iter"": 1000, ""n_centers"": null, ""reg_lambda"": 0.001, ""tol"": 1e-06}",scar,0.3,0.5,0.5,True,1,,,,,,,,0.3095,False,-0.1080765597372588,0.990228013029316,0.9598332921124226,0.9988797619047618,0.9845,0.9745693191140279,0.8139397519196693,0.9974486266676981,0.9860714285714285,,requires predict_proba,,requires predict_proba,,0.01599999999962165,success,
upu,scar-pi0.3-scalemid,105,"{""basis"": ""linear"", ""fit_intercept"": true, ""kernel_width"": null, ""loss"": ""squared"", ""max_iter"": 1000, ""n_centers"": null, ""reg_lambda"": 0.001, ""tol"": 1e-06}",scar,0.3,0.5,0.5,True,1,,,,,,,,0.306,False,-0.11264637002341918,1.0,0.9803921568627451,0.999495238095238,0.988,0.9801980198019802,0.8126463700234192,0.9988447254765647,0.9885714285714285,,requires predict_proba,,requires predict_proba,,0.0,success,
upu,scar-pi0.3-scalemid,106,"{""basis"": ""linear"", ""fit_intercept"": true, ""kernel_width"": null, ""loss"": ""squared"", ""max_iter"": 1000, ""n_centers"": null, ""reg_lambda"": 0.001, ""tol"": 1e-06}",scar,0.3,0.5,0.5,True,1,,,,,,,,0.3085,False,-0.10622107489543653,0.9839228295819936,0.9568131243909175,0.9987642857142858,0.9835,0.9728841413311422,0.8158673771462404,0.9971162289485234,0.9844047619047619,,requires predict_proba,,requires predict_proba,,0.01599999999962165,success,
upu,scar-pi0.3-scalemid,107,"{""basis"": ""linear"", ""fit_intercept"": true, ""kernel_width"": null, ""loss"": ""squared"", ""max_iter"": 1000, ""n_centers"": null, ""reg_lambda"": 0.001, ""tol"": 1e-06}",scar,0.3,0.5,0.5,True,1,,,,,,,,0.3085,False,-0.10468115314127871,0.9965156794425087,0.9690590075615969,0.9992035714285714,0.9875,0.9794576828266228,0.8067717454757735,0.9982307296619009,0.9891666666666666,,requires predict_proba,,requires predict_proba,,0.014999999999417923,success,
upu,scar-pi0.3-scalemid,108,"{""basis"": ""linear"", ""fit_intercept"": true, ""kernel_width"": null, ""loss"": ""squared"", ""max_iter"": 1000, ""n_centers"": null, ""reg_lambda"": 0.001, ""tol"": 1e-06}",scar,0.3,0.5,0.5,True,1,,,,,,,,0.303,False,-0.11173419530907452,0.9899665551839465,0.9801649061227193,0.9993297619047619,0.988,0.9800995024875622,0.8177542621987066,0.9985450383439975,0.9871428571428571,,requires predict_proba,,requires predict_proba,,0.0,success,
upu,scar-pi0.3-scalemid,109,"{""basis"": ""linear"", ""fit_intercept"": true, ""kernel_width"": null, ""loss"": ""squared"", ""max_iter"": 1000, ""n_centers"": null, ""reg_lambda"": 0.001, ""tol"": 1e-06}",scar,0.3,0.5,0.5,True,1,,,,,,,,0.3005,False,-0.11975882312940589,0.9872611464968153,0.9856184490816792,0.9992166666666666,0.9885,0.980849292256453,0.8274021352313167,0.9983850079006532,0.986547619047619,,requires predict_proba,,requires predict_proba,,0.01600000000144064,success,
upu,scar-pi0.3-scalemid,110,"{""basis"": ""linear"", ""fit_intercept"": true, ""kernel_width"": null, ""loss"": ""squared"", ""max_iter"": 1000, ""n_centers"": null, ""reg_lambda"": 0.001, ""tol"": 1e-06}",scar,0.3,0.5,0.5,True,1,,,,,,,,0.305,False,-0.09756183140080454,0.9825174825174825,0.966410638541786,0.9989178571428571,0.983,0.971900826446281,0.808051341890315,0.9977577771677051,0.9821428571428572,,requires predict_proba,,requires predict_proba,,0.014999999999417923,success,
upu,scar-pi0.3-scalemid,111,"{""basis"": ""linear"", ""fit_intercept"": true, ""kernel_width"": null, ""loss"": ""squared"", ""max_iter"": 1000, ""n_centers"": null, ""reg_lambda"": 0.001, ""tol"": 1e-06}",scar,0.3,0.5,0.5,True,1,,,,,,,,0.3065,False,-0.10531589814734293,0.9930795847750865,0.9720191694372788,0.999429761904762,0.9875,0.9793899422918384,0.8094681472822911,0.9986793491901833,0.9882142857142857,,requires predict_proba,,requires predict_proba,,0.0,success,
upu,scar-pi0.3-scalemid,112,"{""basis"": ""linear"", ""fit_intercept"": true, ""kernel_width"": null, ""loss"": ""squared"", ""max_iter"": 1000, ""n_centers"": null, ""reg_lambda"": 0.001, ""tol"": 1e-06}",scar,0.3,0.5,0.5,True,1,,,,,,,,0.3075,False,-0.11211764705882352,0.9966666666666667,0.9723577235772357,0.9993190476190477,0.9885,0.9810699588477366,0.8141176470588235,0.9985033913550325,0.9898809523809524,,requires predict_proba,,requires predict_proba,,0.0,success,
upu,scar-pi0.3-scalemid,113,"{""basis"": ""linear"", ""fit_intercept"": true, ""kernel_width"": null, ""loss"": ""squared"", ""max_iter"": 1000, ""n_centers"": null, ""reg_lambda"": 0.001, ""tol"": 1e-06}",scar,0.3,0.5,0.5,True,1,,,,,,,,0.307,False,-0.10950089853191941,0.9870550161812298,0.96454887574713,0.9991285714285715,0.984,0.9736408566721582,0.8172678888231816,0.9979609557966448,0.9842857142857142,,requires predict_proba,,requires predict_proba,,0.01599999999962165,success,
upu,scar-pi0.3-scalemid,114,"{""basis"": ""linear"", ""fit_intercept"": true, ""kernel_width"": null, ""loss"": ""squared"", ""max_iter"": 1000, ""n_centers"": null, ""reg_lambda"": 0.001, ""tol"": 1e-06}",scar,0.3,0.5,0.5,True,1,,,,,,,,0.306,False,-0.11294512720821309,0.9814241486068112,0.9621805378498148,0.9987452380952381,0.984,0.9735973597359736,0.8240906380441264,0.9968289464670903,0.9838095238095238,,requires predict_proba,,requires predict_proba,,0.0,success,
upu,scar-pi0.3-scalemid,115,"{""basis"": ""linear"", ""fit_intercept"": true, ""kernel_width"": null, ""loss"": ""squared"", ""max_iter"": 1000, ""n_centers"": null, ""reg_lambda"": 0.001, ""tol"": 1e-06}",scar,0.3,0.5,0.5,True,1,,,,,,,,0.3025,False,-0.11384433102442582,0.9839743589743589,0.975842339478703,0.9991178571428572,0.9875,0.979253112033195,0.8234597156398105,0.9980938925243571,0.9863095238095239,,requires predict_proba,,requires predict_proba,,0.0,success,
upu,scar-pi0.3-scalemid,116,"{""basis"": ""linear"", ""fit_intercept"": true, ""kernel_width"": null, ""loss"": ""squared"", ""max_iter"": 1000, ""n_centers"": null, ""reg_lambda"": 0.001, ""tol"": 1e-06}",scar,0.3,0.5,0.5,True,1,,,,,,,,0.31,False,-0.11319976428992337,1.0,0.9677419354838709,0.9996654761904762,0.989,0.9819672131147541,0.8131997642899234,0.9992195695755235,0.9916666666666667,,requires predict_proba,,requires predict_proba,,0.01599999999962165,success,
upu,scar-pi0.3-scalemid,117,"{""basis"": ""linear"", ""fit_intercept"": true, ""kernel_width"": null, ""loss"": ""squared"", ""max_iter"": 1000, ""n_centers"": null, ""reg_lambda"": 0.001, ""tol"": 1e-06}",scar,0.3,0.5,0.5,True,1,,,,,,,,0.308,False,-0.10527897221071544,0.9867986798679867,0.9611675453259612,0.9991535714285714,0.984,0.9736842105263158,0.8131997642899234,0.9980334870941758,0.9847619047619047,,requires predict_proba,,requires predict_proba,,0.0,success,
upu,scar-pi0.3-scalemid,118,"{""basis"": ""linear"", ""fit_intercept"": true, ""kernel_width"": null, ""loss"": ""squared"", ""max_iter"": 1000, ""n_centers"": null, ""reg_lambda"": 0.001, ""tol"": 1e-06}",scar,0.3,0.5,0.5,True,1,,,,,,,,0.3035,False,-0.10857423366423039,0.9805825242718447,0.9692743238271941,0.9996321428571429,0.9905,0.9842584921292461,0.8202247191011236,0.9991430650289946,0.9903571428571429,,requires predict_proba,,requires predict_proba,,0.0,success,
upu,scar-pi0.3-scalemid,119,"{""basis"": ""linear"", ""fit_intercept"": true, ""kernel_width"": null, ""loss"": ""squared"", ""max_iter"": 1000, ""n_centers"": null, ""reg_lambda"": 0.001, ""tol"": 1e-06}",scar,0.3,0.5,0.5,True,1,,,,,,,,0.3085,False,-0.10297808400356737,0.9930795847750865,0.9657175864911701,0.9992178571428572,0.9845,0.9745275267050123,0.8071303331385155,0.9982290535415068,0.9855952380952381,,requires predict_proba,,requires predict_proba,,0.014999999999417923,success,
upu,scar-pi0.5-scalesmall,100,"{""basis"": ""linear"", ""fit_intercept"": true, ""kernel_width"": null, ""loss"": ""squared"", ""max_iter"": 1000, ""n_centers"": null, ""reg_lambda"": 0.001, ""tol"": 1e-06}",scar,0.5,0.5,0.5,True,1,,,,,,,,0.495,False,-0.10194038737697453,0.956989247311828,0.9666558053654828,0.997825,0.975,0.9748743718592965,0.6449511400651465,0.9978958972752815,0.975,,requires predict_proba,,requires predict_proba,,0.0,success,
upu,scar-pi0.5-scalesmall,101,"{""basis"": ""linear"", ""fit_intercept"": true, ""kernel_width"": null, ""loss"": ""squared"", ""max_iter"": 1000, ""n_centers"": null, ""reg_lambda"": 0.001, ""tol"": 1e-06}",scar,0.5,0.5,0.5,True,1,,,,,,,,0.5025,False,-0.11593685141710047,0.9690721649484536,0.9642509103964714,0.997675,0.9675,0.9675810473815462,0.6468646864686468,0.997672272373831,0.9675,,requires predict_proba,,requires predict_proba,,0.0,success,
upu,scar-pi0.5-scalesmall,102,"{""basis"": ""linear"", ""fit_intercept"": true, ""kernel_width"": null, ""loss"": ""squared"", ""max_iter"": 1000, ""n_centers"": null, ""reg_lambda"": 0.001, ""tol"": 1e-06}",scar,0.5,0.5,0.5,True,1,,,,,,,,0.4875,False,-0.10052350750025169,0.9393939393939394,0.9634809634809636,0.985075,0.9375,0.9367088607594937,0.6611295681063123,0.9871480365238299,0.9375,,requires predict_proba,,requires predict_proba,,0.014999999999417923,success,
upu,scar-pi0.5-scalesmall,103,"{""basis"": ""linear"", ""fit_intercept"": true, ""kernel_width"": null, ""loss"": ""squared"", ""max_iter"": 1000, ""n_centers"": null, ""reg_lambda"": 0.001, ""tol"": 1e-06}",scar,0.5,0.5,0.5,True,1,,,,,,,,0.4925,False,-0.12903894612612038,0.9532710280373832,0.9677878457232316,0.9986999999999999,0.9775,0.9773299748110831,0.6757679180887372,0.998709467499003,0.9775,,requires predict_proba,,requires predict_proba,,0.0,success,
upu,scar-pi0.5-scalesmall,104,"{""basis"": ""linear"", ""fit_intercept"": true, ""kernel_width"": null, ""loss"": ""squared"", ""max_iter"": 1000, ""n_centers"": null, ""reg_lambda"": 0.001, ""tol"": 1e-06}",scar,0.5,0.5,0.5,True,1,,,,,,,,0.49,False,-0.16320166320166324,0.9807692307692307,1.0,0.9977250000000001,0.975,0.9747474747474747,0.6824324324324325,0.9977655619213918,0.975,,requires predict_proba,,requires predict_proba,,0.0,success,
upu,scar-pi0.5-scalesmall,105,"{""basis"": ""linear"", ""fit_intercept"": true, ""kernel_width"": null, ""loss"": ""squared"", ""max_iter"": 1000, ""n_centers"": null, ""reg_lambda"": 0.001, ""tol"": 1e-06}",scar,0.5,0.5,0.5,True,1,,,,,,,,0.5025,False,-0.1258154243517997,0.9702970297029703,0.9654696812964879,0.997,0.9675,0.9675810473815462,0.6555183946488294,0.9971793764625413,0.9675,,requires predict_proba,,requires predict_proba,,0.01599999999962165,success,
upu,scar-pi0.5-scalesmall,106,"{""basis"": ""linear"", ""fit_intercept"": true, ""kernel_width"": null, ""loss"": ""squared"", ""max_iter"": 1000, ""n_centers"": null, ""reg_lambda"": 0.001, ""tol"": 1e-06}",scar,0.5,0.5,0.5,True,1,,,,,,,,0.5025,False,-0.1110440034512511,0.968421052631579,0.9636030374443573,0.997625,0.9775,0.9775561097256857,0.6426229508196721,0.9977504143437179,0.9775,,requires predict_proba,,requires predict_proba,,0.0,success,
upu,scar-pi0.5-scalesmall,107,"{""basis"": ""linear"", ""fit_intercept"": true, ""kernel_width"": null, ""loss"": ""squared"", ""max_iter"": 1000, ""n_centers"": null, ""reg_lambda"": 0.001, ""tol"": 1e-06}",scar,0.5,0.5,0.5,True,1,,,,,,,,0.4925,False,-0.12088316111304614,0.9876543209876543,1.0,0.9991749999999999,0.9875,0.9874055415617129,0.6332288401253918,0.9992034624813728,0.9875,,requires predict_proba,,requires predict_proba,,0.0,success,
upu,scar-pi0.5-scalesmall,108,"{""basis"": ""linear"", ""fit_intercept"": true, ""kernel_width"": null, ""loss"": ""squared"", ""max_iter"": 1000, ""n_centers"": null, ""reg_lambda"": 0.001, ""tol"": 1e-06}",scar,0.5,0.5,0.5,True,1,,,,,,,,0.5,False,-0.15146579804560262,1.0,1.0,0.9993249999999999,0.985,0.985,0.6514657980456026,0.9993303008384162,0.985,,requires predict_proba,,requires predict_proba,,0.0,success,
upu,scar-pi0.5-scalesmall,109,"{""basis"": ""linear"", ""fit_intercept"": true, ""kernel_width"": null, ""loss"": ""squared"", ""max_iter"": 1000, ""n_centers"": null, ""reg_lambda"": 0.001, ""tol"": 1e-06}",scar,0.5,0.5,0.5,True,1,,,,,,,,0.5075,False,-0.12407243960642023,0.970873786407767,0.9565258979386868,0.99145,0.9575,0.9578163771712159,0.6531986531986532,0.9926297819229636,0.9575,,requires predict_proba,,requires predict_proba,,0.0,success,
upu,scar-pi0.5-scalesmall,110,"{""basis"": ""linear"", ""fit_intercept"": true, ""kernel_width"": null, ""loss"": ""squared"", ""max_iter"": 1000, ""n_centers"": null, ""reg_lambda"": 0.001, ""tol"": 1e-06}",scar,0.5,0.5,0.5,True,1,,,,,,,,0.4925,False,-0.1442744598084404,0.970873786407767,0.9856586664038244,0.998075,0.9825,0.982367758186398,0.6734006734006734,0.9982197312440287,0.9824999999999999,,requires predict_proba,,requires predict_proba,,0.01599999999962165,success,
upu,scar-pi0.5-scalesmall,111,"{""basis"": ""linear"", ""fit_intercept"": true, ""kernel_width"": null, ""loss"": ""squared"", ""max_iter"": 1000, ""n_centers"": null, ""reg_lambda"": 0.001, ""tol"": 1e-06}",scar,0.5,0.5,0.5,True,1,,,,,,,,0.5,False,-0.15333333333333332,0.99,0.99,0.998425,0.975,0.975,0.6633333333333333,0.9984558289165021,0.975,,requires predict_proba,,requires predict_proba,,0.0,success,
upu,scar-pi0.5-scalesmall,112,"{""basis"": ""linear"", ""fit_intercept"": true, ""kernel_width"": null, ""loss"": ""squared"", ""max_iter"": 1000, ""n_centers"": null, ""reg_lambda"": 0.001, ""tol"": 1e-06}",scar,0.5,0.5,0.5,True,1,,,,,,,,0.5025,False,-0.10743649115742143,0.9595959595959596,0.9548218503442385,0.996225,0.9575,0.9576059850374065,0.6478405315614618,0.9962299780046193,0.9575,,requires predict_proba,,requires predict_proba,,0.0,success,
upu,scar-pi0.5-scalesmall,113,"{""basis"": ""linear"", ""fit_intercept"": true, ""kernel_width"": null, ""loss"": ""squared"", ""max_iter"": 1000, ""n_centers"": null, ""reg_lambda"": 0.001, ""tol"": 1e-06}",scar,0.5,0.5,0.5,True,1,,,,,,,,0.505,False,-0.16539827498731607,0.9907407407407407,0.9809314264759809,0.9998,0.99,0.9900497512437811,0.6746575342465754,0.9998018509486417,0.99,,requires predict_proba,,requires predict_proba,,0.01600000000144064,success,
upu,scar-pi0.5-scalesmall,114,"{""basis"": ""linear"", ""fit_intercept"": true, ""kernel_width"": null, ""loss"": ""squared"", ""max_iter"": 1000, ""n_centers"": null, ""reg_lambda"": 0.001, ""tol"": 1e-06}",scar,0.5,0.5,0.5,True,1,,,,,,,,0.4925,False,-0.15488880115804715,0.9803921568627451,0.9953219866626853,0.998,0.9875,0.9874055415617129,0.674496644295302,0.9977485705471845,0.9875,,requires predict_proba,,requires predict_proba,,0.0,success,
upu,scar-pi0.5-scalesmall,115,"{""basis"": ""linear"", ""fit_intercept"": true, ""kernel_width"": null, ""loss"": ""squared"", ""max_iter"": 1000, ""n_centers"": null, ""reg_lambda"": 0.001, ""tol"": 1e-06}",scar,0.5,0.5,0.5,True,1,,,,,,,,0.5025,False,-0.15245901639344261,1.0,0.9950248756218907,0.99925,0.9825,0.9825436408977556,0.6524590163934426,0.9992607714837893,0.9824999999999999,,requires predict_proba,,requires predict_proba,,0.0,success,
upu,scar-pi0.5-scalesmall,116,"{""basis"": ""linear"", ""fit_intercept"": true, ""kernel_width"": null, ""loss"": ""squared"", ""max_iter"": 1000, ""n_centers"": null, ""reg_lambda"": 0.001, ""tol"": 1e-06}",scar,0.5,0.5,0.5,True,1,,,,,,,,0.4975,False,-0.15552865213882167,0.9809523809523809,0.9858817899018903,0.9984500000000001,0.9875,0.9874686716791979,0.6745762711864407,0.9987134598553626,0.9875,,requires predict_proba,,requires predict_proba,,0.01599999999962165,success,
upu,scar-pi0.5-scalesmall,117,"{""basis"": ""linear"", ""fit_intercept"": true, ""kernel_width"": null, ""loss"": ""squared"", ""max_iter"": 1000, ""n_centers"": null, ""reg_lambda"": 0.001, ""tol"": 1e-06}",scar,0.5,0.5,0.5,True,1,,,,,,,,0.5,False,-0.12418201953085672,0.9696969696969697,0.9696969696969697,0.99805,0.98,0.98,0.654485049833887,0.9981779030606331,0.98,,requires predict_proba,,requires predict_proba,,0.0,success,
upu,scar-pi0.5-scalesmall,118,"{""basis"": ""linear"", ""fit_intercept"": true, ""kernel_width"": null, ""loss"": ""squared"", ""max_iter"": 1000, ""n_centers"": null, ""reg_lambda"": 0.001, ""tol"": 1e-06}",scar,0.5,0.5,0.5,True,1,,,,,,,,0.5075,False,-0.12549407114624506,0.9891304347826086,0.974512743628186,0.999525,0.9875,0.9875930521091811,0.6363636363636364,0.9995286635063392,0.9875,,requires predict_proba,,requires predict_proba,,0.0,success,
upu,scar-pi0.5-scalesmall,119,"{""basis"": ""linear"", ""fit_intercept"": true, ""kernel_width"": null, ""loss"": ""squared"", ""max_iter"": 1000, ""n_centers"": null, ""reg_lambda"": 0.001, ""tol"": 1e-06}",scar,0.5,0.5,0.5,True,1,,,,,,,,0.4975,False,-0.1253147681824915,0.9883720930232558,0.993338786958046,0.9958,0.9675,0.9674185463659147,0.6369426751592356,0.9963759481870756,0.9675,,requires predict_proba,,requires predict_proba,,0.015000000001236913,success,
upu,scar-pi0.5-scalemid,100,"{""basis"": ""linear"", ""fit_intercept"": true, ""kernel_width"": null, ""loss"": ""squared"", ""max_iter"": 1000, ""n_centers"": null, ""reg_lambda"": 0.001, ""tol"": 1e-06}",scar,0.5,0.5,0.5,True,1,,,,,,,,0.499,False,-0.1400780642671146,0.9835390946502057,0.9855101148799656,0.998724,0.983,0.982982982982983,0.6565389696169088,0.9988259331109156,0.983,,requires predict_proba,,requires predict_proba,,0.0,success,
upu,scar-pi0.5-scalemid,101,"{""basis"": ""linear"", ""fit_intercept"": true, ""kernel_width"": null, ""loss"": ""squared"", ""max_iter"": 1000, ""n_centers"": null, ""reg_lambda"": 0.001, ""tol"": 1e-06}",scar,0.5,0.5,0.5,True,1,,,,,,,,0.504,False,-0.14194059494320593,0.9957264957264957,0.9878239044905711,0.9992179999999999,0.988,0.9880478087649402,0.6462140992167101,0.9992038896313349,0.988,,requires predict_proba,,requires predict_proba,,0.0,success,
upu,scar-pi0.5-scalemid,102,"{""basis"": ""linear"", ""fit_intercept"": true, ""kernel_width"": null, ""loss"": ""squared"", ""max_iter"": 1000, ""n_centers"": null, ""reg_lambda"": 0.001, ""tol"": 1e-06}",scar,0.5,0.5,0.5,True,1,,,,,,,,0.501,False,-0.15944754382665743,0.9903100775193798,0.9883334106979839,0.998838,0.985,0.985014985014985,0.6691374663072777,0.9988278672002548,0.985,,requires predict_proba,,requires predict_proba,,0.0,success,
upu,scar-pi0.5-scalemid,103,"{""basis"": ""linear"", ""fit_intercept"": true, ""kernel_width"": null, ""loss"": ""squared"", ""max_iter"": 1000, ""n_centers"": null, ""reg_lambda"": 0.001, ""tol"": 1e-06}",scar,0.5,0.5,0.5,True,1,,,,,,,,0.5025,False,-0.14498144561771287,0.9917184265010351,0.9867845039811296,0.999271,0.9895,0.9895261845386534,0.6532630191166776,0.9993052335285011,0.9895,,requires predict_proba,,requires predict_proba,,0.0,success,
upu,scar-pi0.5-scalemid,104,"{""basis"": ""linear"", ""fit_intercept"": true, ""kernel_width"": null, ""loss"": ""squared"", ""max_iter"": 1000, ""n_centers"": null, ""reg_lambda"": 0.001, ""tol"": 1e-06}",scar,0.5,0.5,0.5,True,1,,,,,,,,0.5055,False,-0.14750124848633384,0.9882121807465619,0.9774601194328012,0.998776,0.9835,0.9835902536051716,0.6592890677397719,0.9987773166589241,0.9835,,requires predict_proba,,requires predict_proba,,0.01600000000144064,success,
upu,scar-pi0.5-scalemid,105,"{""basis"": ""linear"", ""fit_intercept"": true, ""kernel_width"": null, ""loss"": ""squared"", ""max_iter"": 1000, ""n_centers"": null, ""reg_lambda"": 0.001, ""tol"": 1e-06}",scar,0.5,0.5,0.5,True,1,,,,,,,,0.5005,False,-0.15845493802255395,0.9940119760479041,0.9930189570908134,0.9992460000000001,0.9895,0.9895052473763118,0.6644429619746498,0.9992430266288431,0.9895,,requires predict_proba,,requires predict_proba,,0.0,success,
upu,scar-pi0.5-scalemid,106,"{""basis"": ""linear"", ""fit_intercept"": true, ""kernel_width"": null, ""loss"": ""squared"", ""max_iter"": 1000, ""n_centers"": null, ""reg_lambda"": 0.001, ""tol"": 1e-06}",scar,0.5,0.5,0.5,True,1,,,,,,,,0.503,False,-0.14653381155216533,0.9843444227005871,0.9784735812133072,0.999206,0.986,0.9860418743768694,0.6621893888515782,0.999195952147613,0.986,,requires predict_proba,,requires predict_proba,,0.0,success,
upu,scar-pi0.5-scalemid,107,"{""basis"": ""linear"", ""fit_intercept"": true, ""kernel_width"": null, ""loss"": ""squared"", ""max_iter"": 1000, ""n_centers"": null, ""reg_lambda"": 0.001, ""tol"": 1e-06}",scar,0.5,0.5,0.5,True,1,,,,,,,,0.5035,False,-0.14545465649518002,0.9917864476386037,0.9848922022230425,0.9991570000000001,0.9875,0.9875435974090683,0.6536682088565764,0.9991565343759768,0.9875,,requires predict_proba,,requires predict_proba,,0.01599999999962165,success,
upu,scar-pi0.5-scalemid,108,"{""basis"": ""linear"", ""fit_intercept"": true, ""kernel_width"": null, ""loss"": ""squared"", ""max_iter"": 1000, ""n_centers"": null, ""reg_lambda"": 0.001, ""tol"": 1e-06}",scar,0.5,0.5,0.5,True,1,,,,,,,,0.498,False,-0.17063826295864692,0.9905838041431262,0.9945620523525364,0.999461,0.989,0.9889779559118237,0.6800544588155207,0.9994631885839652,0.989,,requires predict_proba,,requires predict_proba,,0.01599999999962165,success,
upu,scar-pi0.5-scalemid,109,"{""basis"": ""linear"", ""fit_intercept"": true, ""kernel_width"": null, ""loss"": ""squared"", ""max_iter"": 1000, ""n_centers"": null, ""reg_lambda"": 0.001, ""tol"": 1e-06}",scar,0.5,0.5,0.5,True,1,,,,,,,,0.496,False,-0.16309698931058159,0.9883495145631068,0.9963200751644222,0.9995660000000001,0.991,0.9909638554216867,0.6747474747474748,0.9995973624595924,0.991,,requires predict_proba,,requires predict_proba,,0.0,success,
upu,scar-pi0.5-scalemid,110,"{""basis"": ""linear"", ""fit_intercept"": true, ""kernel_width"": null, ""loss"": ""squared"", ""max_iter"": 1000, ""n_centers"": null, ""reg_lambda"": 0.001, ""tol"": 1e-06}",scar,0.5,0.5,0.5,True,1,,,,,,,,0.5035,False,-0.14003290270571378,0.9896049896049897,0.9827259082472589,0.999249,0.9845,0.9845540607872446,0.6504279131007241,0.9992705201997555,0.9844999999999999,,requires predict_proba,,requires predict_proba,,0.0,success,
upu,scar-pi0.5-scalemid,111,"{""basis"": ""linear"", ""fit_intercept"": true, ""kernel_width"": null, ""loss"": ""squared"", ""max_iter"": 1000, ""n_centers"": null, ""reg_lambda"": 0.001, ""tol"": 1e-06}",scar,0.5,0.5,0.5,True,1,,,,,,,,0.499,False,-0.16045627224536918,0.9940119760479041,0.996003984015936,0.999153,0.989,0.988988988988989,0.6664442961974649,0.9991578550378379,0.989,,requires predict_proba,,requires predict_proba,,0.01599999999962165,success,
upu,scar-pi0.5-scalemid,112,"{""basis"": ""linear"", ""fit_intercept"": true, ""kernel_width"": null, ""loss"": ""squared"", ""max_iter"": 1000, ""n_centers"": null, ""reg_lambda"": 0.001, ""tol"": 1e-06}",scar,0.5,0.5,0.5,True,1,,,,,,,,0.5035,False,-0.15399999999999997,0.994,0.987090367428004,0.998691,0.9875,0.9875435974090683,0.66,0.998706804883732,0.9875,,requires predict_proba,,requires predict_proba,,0.01599999999962165,success,
upu,scar-pi0.5-scalemid,113,"{""basis"": ""linear"", ""fit_intercept"": true, ""kernel_width"": null, ""loss"": ""squared"", ""max_iter"": 1000, ""n_centers"": null, ""reg_lambda"": 0.001, ""tol"": 1e-06}",scar,0.5,0.5,0.5,True,1,,,,,,,,0.502,False,-0.15407410029220103,0.9883040935672515,0.9843666270590153,0.998475,0.985,0.9850299401197605,0.6657700067249496,0.9987421253490889,0.985,,requires predict_proba,,requires predict_proba,,0.0,success,
upu,scar-pi0.5-scalemid,114,"{""basis"": ""linear"", ""fit_intercept"": true, ""kernel_width"": null, ""loss"": ""squared"", ""max_iter"": 1000, ""n_centers"": null, ""reg_lambda"": 0.001, ""tol"": 1e-06}",scar,0.5,0.5,0.5,True,1,,,,,,,,0.504,False,-0.14970743028995454,0.9864077669902913,0.9785791339189398,0.998243,0.983,0.9830677290836654,0.6632996632996633,0.9980108043705174,0.983,,requires predict_proba,,requires predict_proba,,0.0,success,
upu,scar-pi0.5-scalemid,115,"{""basis"": ""linear"", ""fit_intercept"": true, ""kernel_width"": null, ""loss"": ""squared"", ""max_iter"": 1000, ""n_centers"": null, ""reg_lambda"": 0.001, ""tol"": 1e-06}",scar,0.5,0.5,0.5,True,1,,,,,,,,0.4975,False,-0.1460357034429916,0.9784735812133072,0.9833905338827208,0.9990429999999999,0.9835,0.9834586466165414,0.6675621222296844,0.9990668941578942,0.9835,,requires predict_proba,,requires predict_proba,,0.01600000000144064,success,
upu,scar-pi0.5-scalemid,116,"{""basis"": ""linear"", ""fit_intercept"": true, ""kernel_width"": null, ""loss"": ""squared"", ""max_iter"": 1000, ""n_centers"": null, ""reg_lambda"": 0.001, ""tol"": 1e-06}",scar,0.5,0.5,0.5,True,1,,,,,,,,0.504,False,-0.14434550505297605,0.9917695473251029,0.9838983604415703,0.9994109999999999,0.99,0.9900398406374502,0.6525759577278731,0.9994483706601307,0.99,,requires predict_proba,,requires predict_proba,,0.014999999999417923,success,
upu,scar-pi0.5-scalemid,117,"{""basis"": ""linear"", ""fit_intercept"": true, ""kernel_width"": null, ""loss"": ""squared"", ""max_iter"": 1000, ""n_centers"": null, ""reg_lambda"": 0.001, ""tol"": 1e-06}",scar,0.5,0.5,0.5,True,1,,,,,,,,0.501,False,-0.13579958170018974,0.979757085020243,0.9778014820561307,0.9984190000000001,0.981,0.981018981018981,0.6560424966799469,0.9984545027047121,0.981,,requires predict_proba,,requires predict_proba,,0.0,success,
upu,scar-pi0.5-scalemid,118,"{""basis"": ""linear"", ""fit_intercept"": true, ""kernel_width"": null, ""loss"": ""squared"", ""max_iter"": 1000, ""n_centers"": null, ""reg_lambda"": 0.001, ""tol"": 1e-06}",scar,0.5,0.5,0.5,True,1,,,,,,,,0.5,False,-0.1508319301536042,0.9825918762088974,0.9825918762088974,0.99937,0.989,0.989,0.6682400539447066,0.9993637766684418,0.989,,requires predict_proba,,requires predict_proba,,0.0,success,
upu,scar-pi0.5-scalemid,119,"{""basis"": ""linear"", ""fit_intercept"": true, ""kernel_width"": null, ""loss"": ""squared"", ""max_iter"": 1000, ""n_centers"": null, ""reg_lambda"": 0.001, ""tol"": 1e-06}",scar,0.5,0.5,0.5,True,1,,,,,,,,0.5,False,-0.1382461818466315,0.9853862212943633,0.9853862212943633,0.998689,0.98,0.98,0.6528599605522682,0.9987064306946254,0.98,,requires predict_proba,,requires predict_proba,,0.01599999999962165,success,
upu,sar-pi0.1-scalesmall,100,"{""basis"": ""linear"", ""fit_intercept"": true, ""kernel_width"": null, ""loss"": ""squared"", ""max_iter"": 1000, ""n_centers"": null, ""reg_lambda"": 0.001, ""tol"": 1e-06}",linear,0.1,0.5,0.5,True,1,,,,,,,,0.11,False,-0.04179894179894181,1.0,0.9090909090909092,1.0,0.99,0.9523809523809523,0.9417989417989417,1.0,0.9944444444444445,,requires predict_proba,,requires predict_proba,,0.015000000001236913,success,
upu,sar-pi0.1-scalesmall,101,"{""basis"": ""linear"", ""fit_intercept"": true, ""kernel_width"": null, ""loss"": ""squared"", ""max_iter"": 1000, ""n_centers"": null, ""reg_lambda"": 0.001, ""tol"": 1e-06}",linear,0.1,0.5,0.5,True,1,,,,,,,,0.12,False,-0.016666666666666677,1.0,0.8333333333333334,0.9990277777777777,0.98,0.9090909090909091,0.9166666666666666,0.99140099790974,0.9888888888888889,,requires predict_proba,,requires predict_proba,,0.0,success,
upu,sar-pi0.1-scalesmall,102,"{""basis"": ""linear"", ""fit_intercept"": true, ""kernel_width"": null, ""loss"": ""squared"", ""max_iter"": 1000, ""n_centers"": null, ""reg_lambda"": 0.001, ""tol"": 1e-06}",linear,0.1,0.5,0.5,True,1,,,,,,,,0.1,False,-0.044881889763779534,1.0,1.0,0.9931249999999999,0.985,0.925,0.9448818897637795,0.9634508650784319,0.9583333333333334,,requires predict_proba,,requires predict_proba,,0.0,success,
upu,sar-pi0.1-scalesmall,103,"{""basis"": ""linear"", ""fit_intercept"": true, ""kernel_width"": null, ""loss"": ""squared"", ""max_iter"": 1000, ""n_centers"": null, ""reg_lambda"": 0.001, ""tol"": 1e-06}",linear,0.1,0.5,0.5,True,1,,,,,,,,0.12,False,-0.028759894459102903,1.0,0.8333333333333334,0.9977777777777778,0.97,0.8636363636363636,0.9287598944591029,0.9833560554378222,0.961111111111111,,requires predict_proba,,requires predict_proba,,0.01599999999962165,success,
upu,sar-pi0.1-scalesmall,104,"{""basis"": ""linear"", ""fit_intercept"": true, ""kernel_width"": null, ""loss"": ""squared"", ""max_iter"": 1000, ""n_centers"": null, ""reg_lambda"": 0.001, ""tol"": 1e-06}",linear,0.1,0.5,0.5,True,1,,,,,,,,0.105,False,-0.04960212201591512,1.0,0.9523809523809524,0.9997222222222223,0.99,0.9512195121951219,0.9496021220159151,0.9977272727272728,0.9833333333333334,,requires predict_proba,,requires predict_proba,,0.014999999999417923,success,
upu,sar-pi0.1-scalesmall,105,"{""basis"": ""linear"", ""fit_intercept"": true, ""kernel_width"": null, ""loss"": ""squared"", ""max_iter"": 1000, ""n_centers"": null, ""reg_lambda"": 0.001, ""tol"": 1e-06}",linear,0.1,0.5,0.5,True,1,,,,,,,,0.1075,False,-0.04444444444444445,1.0,0.930232558139535,0.99875,0.9875,0.9397590361445783,0.9444444444444444,0.9913961038961039,0.9819444444444445,,requires predict_proba,,requires predict_proba,,0.0,success,
upu,sar-pi0.1-scalesmall,106,"{""basis"": ""linear"", ""fit_intercept"": true, ""kernel_width"": null, ""loss"": ""squared"", ""max_iter"": 1000, ""n_centers"": null, ""reg_lambda"": 0.001, ""tol"": 1e-06}",linear,0.1,0.5,0.5,True,1,,,,,,,,0.1225,False,-0.023684210526315794,1.0,0.8163265306122449,0.9986805555555556,0.9725,0.8764044943820225,0.9236842105263158,0.9900245098039215,0.9736111111111111,,requires predict_proba,,requires predict_proba,,0.0,success,
upu,sar-pi0.1-scalesmall,107,"{""basis"": ""linear"", ""fit_intercept"": true, ""kernel_width"": null, ""loss"": ""squared"", ""max_iter"": 1000, ""n_centers"": null, ""reg_lambda"": 0.001, ""tol"": 1e-06}",linear,0.1,0.5,0.5,True,1,,,,,,,,0.1025,False,-0.03979057591623037,1.0,0.9756097560975611,0.998611111111111,0.9825,0.9135802469135802,0.9397905759162304,0.9885522202094436,0.9569444444444445,,requires predict_proba,,requires predict_proba,,0.014999999999417923,success,
upu,sar-pi0.1-scalesmall,108,"{""basis"": ""linear"", ""fit_intercept"": true, ""kernel_width"": null, ""loss"": ""squared"", ""max_iter"": 1000, ""n_centers"": null, ""reg_lambda"": 0.001, ""tol"": 1e-06}",linear,0.1,0.5,0.5,True,1,,,,,,,,0.115,False,-0.03650793650793652,1.0,0.8695652173913043,0.9993055555555554,0.985,0.9302325581395349,0.9365079365079365,0.9941395343812391,0.9916666666666667,,requires predict_proba,,requires predict_proba,,0.01599999999962165,success,
upu,sar-pi0.1-scalesmall,109,"{""basis"": ""linear"", ""fit_intercept"": true, ""kernel_width"": null, ""loss"": ""squared"", ""max_iter"": 1000, ""n_centers"": null, ""reg_lambda"": 0.001, ""tol"": 1e-06}",linear,0.1,0.5,0.5,True,1,,,,,,,,0.1075,False,-0.032114882506527415,1.0,0.930232558139535,0.9924305555555555,0.9875,0.9397590361445783,0.9321148825065274,0.9800636007827789,0.9819444444444445,,requires predict_proba,,requires predict_proba,,0.0,success,
upu,sar-pi0.1-scalesmall,110,"{""basis"": ""linear"", ""fit_intercept"": true, ""kernel_width"": null, ""loss"": ""squared"", ""max_iter"": 1000, ""n_centers"": null, ""reg_lambda"": 0.001, ""tol"": 1e-06}",linear,0.1,0.5,0.5,True,1,,,,,,,,0.1075,False,-0.052000000000000005,1.0,0.930232558139535,1.0,0.9925,0.963855421686747,0.952,1.0,0.9958333333333333,,requires predict_proba,,requires predict_proba,,0.0,success,
upu,sar-pi0.1-scalesmall,111,"{""basis"": ""linear"", ""fit_intercept"": true, ""kernel_width"": null, ""loss"": ""squared"", ""max_iter"": 1000, ""n_centers"": null, ""reg_lambda"": 0.001, ""tol"": 1e-06}",linear,0.1,0.5,0.5,True,1,,,,,,,,0.1075,False,-0.03947368421052632,1.0,0.930232558139535,0.9992361111111111,0.9925,0.963855421686747,0.9394736842105263,0.992754617865992,0.9958333333333333,,requires predict_proba,,requires predict_proba,,0.015000000001236913,success,
upu,sar-pi0.1-scalesmall,112,"{""basis"": ""linear"", ""fit_intercept"": true, ""kernel_width"": null, ""loss"": ""squared"", ""max_iter"": 1000, ""n_centers"": null, ""reg_lambda"": 0.001, ""tol"": 1e-06}",linear,0.1,0.5,0.5,True,1,,,,,,,,0.12,False,-0.03368700265251989,1.0,0.8333333333333334,0.998263888888889,0.975,0.8863636363636364,0.9336870026525199,0.9865589890976889,0.975,,requires predict_proba,,requires predict_proba,,0.0,success,
upu,sar-pi0.1-scalesmall,113,"{""basis"": ""linear"", ""fit_intercept"": true, ""kernel_width"": null, ""loss"": ""squared"", ""max_iter"": 1000, ""n_centers"": null, ""reg_lambda"": 0.001, ""tol"": 1e-06}",linear,0.1,0.5,0.5,True,1,,,,,,,,0.105,False,-0.04210526315789474,1.0,0.9523809523809524,0.9995833333333333,0.99,0.9512195121951219,0.9421052631578948,0.9967391304347826,0.9833333333333334,,requires predict_proba,,requires predict_proba,,0.0,success,
upu,sar-pi0.1-scalesmall,114,"{""basis"": ""linear"", ""fit_intercept"": true, ""kernel_width"": null, ""loss"": ""squared"", ""max_iter"": 1000, ""n_centers"": null, ""reg_lambda"": 0.001, ""tol"": 1e-06}",linear,0.1,0.5,0.5,True,1,,,,,,,,0.1075,False,-0.03700787401574804,1.0,0.930232558139535,0.999375,0.9925,0.963855421686747,0.937007874015748,0.9940659034796031,0.9958333333333333,,requires predict_proba,,requires predict_proba,,0.01599999999962165,success,
upu,sar-pi0.1-scalesmall,115,"{""basis"": ""linear"", ""fit_intercept"": true, ""kernel_width"": null, ""loss"": ""squared"", ""max_iter"": 1000, ""n_centers"": null, ""reg_lambda"": 0.001, ""tol"": 1e-06}",linear,0.1,0.5,0.5,True,1,,,,,,,,0.1075,False,-0.041952506596306074,1.0,0.930232558139535,0.9997222222222223,0.9925,0.963855421686747,0.941952506596306,0.9975434981684981,0.9958333333333333,,requires predict_proba,,requires predict_proba,,0.014999999999417923,success,
upu,sar-pi0.1-scalesmall,116,"{""basis"": ""linear"", ""fit_intercept"": true, ""kernel_width"": null, ""loss"": ""squared"", ""max_iter"": 1000, ""n_centers"": null, ""reg_lambda"": 0.001, ""tol"": 1e-06}",linear,0.1,0.5,0.5,True,1,,,,,,,,0.1075,False,-0.041952506596306074,1.0,0.930232558139535,0.9990277777777778,0.9875,0.9397590361445783,0.941952506596306,0.9917853212521393,0.9819444444444445,,requires predict_proba,,requires predict_proba,,0.0,success,
upu,sar-pi0.1-scalesmall,117,"{""basis"": ""linear"", ""fit_intercept"": true, ""kernel_width"": null, ""loss"": ""squared"", ""max_iter"": 1000, ""n_centers"": null, ""reg_lambda"": 0.001, ""tol"": 1e-06}",linear,0.1,0.5,0.5,True,1,,,,,,,,0.12,False,-0.01428571428571429,1.0,0.8333333333333334,0.9990972222222222,0.975,0.8863636363636364,0.9142857142857143,0.9933418174962292,0.975,,requires predict_proba,,requires predict_proba,,0.0,success,
upu,sar-pi0.1-scalesmall,118,"{""basis"": ""linear"", ""fit_intercept"": true, ""kernel_width"": null, ""loss"": ""squared"", ""max_iter"": 1000, ""n_centers"": null, ""reg_lambda"": 0.001, ""tol"": 1e-06}",linear,0.1,0.5,0.5,True,1,,,,,,,,0.11,False,-0.03931398416886544,1.0,0.9090909090909092,0.9998611111111111,0.99,0.9523809523809523,0.9393139841688655,0.998765243902439,0.9944444444444445,,requires predict_proba,,requires predict_proba,,0.014999999999417923,success,
upu,sar-pi0.1-scalesmall,119,"{""basis"": ""linear"", ""fit_intercept"": true, ""kernel_width"": null, ""loss"": ""squared"", ""max_iter"": 1000, ""n_centers"": null, ""reg_lambda"": 0.001, ""tol"": 1e-06}",linear,0.1,0.5,0.5,True,1,,,,,,,,0.11,False,-0.03438320209973754,1.0,0.9090909090909092,0.9998611111111111,0.99,0.9523809523809523,0.9343832020997376,0.9988095238095238,0.9944444444444445,,requires predict_proba,,requires predict_proba,,0.0,success,
upu,sar-pi0.1-scalemid,100,"{""basis"": ""linear"", ""fit_intercept"": true, ""kernel_width"": null, ""loss"": ""squared"", ""max_iter"": 1000, ""n_centers"": null, ""reg_lambda"": 0.001, ""tol"": 1e-06}",linear,0.1,0.5,0.5,True,1,,,,,,,,0.1115,False,-0.033788754598003165,1.0,0.8968609865470852,0.9990305555555555,0.9845,0.9267139479905437,0.9337887545980031,0.9925491024808935,0.9824999999999999,,requires predict_proba,,requires predict_proba,,0.0,success,
upu,sar-pi0.1-scalemid,101,"{""basis"": ""linear"", ""fit_intercept"": true, ""kernel_width"": null, ""loss"": ""squared"", ""max_iter"": 1000, ""n_centers"": null, ""reg_lambda"": 0.001, ""tol"": 1e-06}",linear,0.1,0.5,0.5,True,1,,,,,,,,0.1135,False,-0.029732564237021503,1.0,0.881057268722467,0.999311111111111,0.9845,0.927400468384075,0.9297325642370216,0.9951246072539398,0.9869444444444444,,requires predict_proba,,requires predict_proba,,0.0,success,
upu,sar-pi0.1-scalemid,102,"{""basis"": ""linear"", ""fit_intercept"": true, ""kernel_width"": null, ""loss"": ""squared"", ""max_iter"": 1000, ""n_centers"": null, ""reg_lambda"": 0.001, ""tol"": 1e-06}",linear,0.1,0.5,0.5,True,1,,,,,,,,0.1105,False,-0.03878627968337731,1.0,0.9049773755656109,0.9996055555555555,0.9885,0.9453681710213777,0.9387862796833774,0.996510282483599,0.9913888888888889,,requires predict_proba,,requires predict_proba,,0.015000000001236913,success,
upu,sar-pi0.1-scalemid,103,"{""basis"": ""linear"", ""fit_intercept"": true, ""kernel_width"": null, ""loss"": ""squared"", ""max_iter"": 1000, ""n_centers"": null, ""reg_lambda"": 0.001, ""tol"": 1e-06}",linear,0.1,0.5,0.5,True,1,,,,,,,,0.1095,False,-0.040337909186906024,1.0,0.9132420091324202,0.998788888888889,0.9885,0.9451073985680191,0.9403379091869061,0.9942709096473056,0.9891666666666666,,requires predict_proba,,requires predict_proba,,0.01599999999962165,success,
upu,sar-pi0.1-scalemid,104,"{""basis"": ""linear"", ""fit_intercept"": true, ""kernel_width"": null, ""loss"": ""squared"", ""max_iter"": 1000, ""n_centers"": null, ""reg_lambda"": 0.001, ""tol"": 1e-06}",linear,0.1,0.5,0.5,True,1,,,,,,,,0.11,False,-0.0368421052631579,1.0,0.9090909090909092,0.9988194444444445,0.988,0.9428571428571428,0.9368421052631579,0.9924871783143088,0.9888888888888889,,requires predict_proba,,requires predict_proba,,0.01599999999962165,success,
upu,sar-pi0.1-scalemid,105,"{""basis"": ""linear"", ""fit_intercept"": true, ""kernel_width"": null, ""loss"": ""squared"", ""max_iter"": 1000, ""n_centers"": null, ""reg_lambda"": 0.001, ""tol"": 1e-06}",linear,0.1,0.5,0.5,True,1,,,,,,,,0.1105,False,-0.030439330543933066,1.0,0.9049773755656109,0.9993055555555556,0.9855,0.9311163895486936,0.930439330543933,0.9942927414895959,0.9830555555555556,,requires predict_proba,,requires predict_proba,,0.014999999999417923,success,
upu,sar-pi0.1-scalemid,106,"{""basis"": ""linear"", ""fit_intercept"": true, ""kernel_width"": null, ""loss"": ""squared"", ""max_iter"": 1000, ""n_centers"": null, ""reg_lambda"": 0.001, ""tol"": 1e-06}",linear,0.1,0.5,0.5,True,1,,,,,,,,0.1135,False,-0.0380952380952381,1.0,0.881057268722467,0.9990611111111111,0.9845,0.927400468384075,0.9380952380952381,0.9920091051677762,0.9869444444444444,,requires predict_proba,,requires predict_proba,,0.0,success,
upu,sar-pi0.1-scalemid,107,"{""basis"": ""linear"", ""fit_intercept"": true, ""kernel_width"": null, ""loss"": ""squared"", ""max_iter"": 1000, ""n_centers"": null, ""reg_lambda"": 0.001, ""tol"": 1e-06}",linear,0.1,0.5,0.5,True,1,,,,,,,,0.1085,False,-0.037927406628090486,1.0,0.9216589861751152,0.9990361111111111,0.9865,0.935251798561151,0.9379274066280905,0.9924081100260065,0.9813888888888889,,requires predict_proba,,requires predict_proba,,0.0,success,
upu,sar-pi0.1-scalemid,108,"{""basis"": ""linear"", ""fit_intercept"": true, ""kernel_width"": null, ""loss"": ""squared"", ""max_iter"": 1000, ""n_centers"": null, ""reg_lambda"": 0.001, ""tol"": 1e-06}",linear,0.1,0.5,0.5,True,1,,,,,,,,0.108,False,-0.03590720460788846,0.98989898989899,0.9165731387953612,0.9994416666666667,0.989,0.9471153846153846,0.9379274066280905,0.9956871138835711,0.9872222222222222,,requires predict_proba,,requires predict_proba,,0.0,success,
upu,sar-pi0.1-scalemid,109,"{""basis"": ""linear"", ""fit_intercept"": true, ""kernel_width"": null, ""loss"": ""squared"", ""max_iter"": 1000, ""n_centers"": null, ""reg_lambda"": 0.001, ""tol"": 1e-06}",linear,0.1,0.5,0.5,True,1,,,,,,,,0.106,False,-0.041103153662520424,0.9904761904761905,0.9344115004492364,0.9985583333333333,0.989,0.9466019417475728,0.9430079155672824,0.9919651390164174,0.9827777777777778,,requires predict_proba,,requires predict_proba,,0.0,success,
upu,sar-pi0.1-scalemid,110,"{""basis"": ""linear"", ""fit_intercept"": true, ""kernel_width"": null, ""loss"": ""squared"", ""max_iter"": 1000, ""n_centers"": null, ""reg_lambda"": 0.001, ""tol"": 1e-06}",linear,0.1,0.5,0.5,True,1,,,,,,,,0.112,False,-0.02789968652037618,1.0,0.8928571428571429,0.9989,0.984,0.9245283018867925,0.9278996865203761,0.9933544555632811,0.9822222222222222,,requires predict_proba,,requires predict_proba,,0.01599999999962165,success,
upu,sar-pi0.1-scalemid,111,"{""basis"": ""linear"", ""fit_intercept"": true, ""kernel_width"": null, ""loss"": ""squared"", ""max_iter"": 1000, ""n_centers"": null, ""reg_lambda"": 0.001, ""tol"": 1e-06}",linear,0.1,0.5,0.5,True,1,,,,,,,,0.1095,False,-0.03736842105263158,1.0,0.9132420091324202,0.9994555555555555,0.9895,0.9498806682577565,0.9373684210526316,0.9953469791167894,0.9919444444444445,,requires predict_proba,,requires predict_proba,,0.015000000001236913,success,
upu,sar-pi0.1-scalemid,112,"{""basis"": ""linear"", ""fit_intercept"": true, ""kernel_width"": null, ""loss"": ""squared"", ""max_iter"": 1000, ""n_centers"": null, ""reg_lambda"": 0.001, ""tol"": 1e-06}",linear,0.1,0.5,0.5,True,1,,,,,,,,0.113,False,-0.03368421052631579,1.0,0.8849557522123894,0.9995222222222222,0.986,0.9342723004694836,0.9336842105263158,0.9963995204058509,0.99,,requires predict_proba,,requires predict_proba,,0.01599999999962165,success,
upu,sar-pi0.1-scalemid,113,"{""basis"": ""linear"", ""fit_intercept"": true, ""kernel_width"": null, ""loss"": ""squared"", ""max_iter"": 1000, ""n_centers"": null, ""reg_lambda"": 0.001, ""tol"": 1e-06}",linear,0.1,0.5,0.5,True,1,,,,,,,,0.115,False,-0.027187008905185966,1.0,0.8695652173913043,0.9990916666666667,0.981,0.9116279069767442,0.927187008905186,0.9927618151294899,0.9805555555555556,,requires predict_proba,,requires predict_proba,,0.01599999999962165,success,
upu,sar-pi0.1-scalemid,114,"{""basis"": ""linear"", ""fit_intercept"": true, ""kernel_width"": null, ""loss"": ""squared"", ""max_iter"": 1000, ""n_centers"": null, ""reg_lambda"": 0.001, ""tol"": 1e-06}",linear,0.1,0.5,0.5,True,1,,,,,,,,0.1115,False,-0.0397144368059228,1.0,0.8968609865470852,0.9990638888888889,0.9845,0.9267139479905437,0.9397144368059228,0.9910640653099166,0.9824999999999999,,requires predict_proba,,requires predict_proba,,0.014999999999417923,success,
upu,sar-pi0.1-scalemid,115,"{""basis"": ""linear"", ""fit_intercept"": true, ""kernel_width"": null, ""loss"": ""squared"", ""max_iter"": 1000, ""n_centers"": null, ""reg_lambda"": 0.001, ""tol"": 1e-06}",linear,0.1,0.5,0.5,True,1,,,,,,,,0.1115,False,-0.03529840432215102,0.9904761904761905,0.8883194533418749,0.9994944444444444,0.9865,0.9361702127659575,0.9372031662269129,0.9956934639148133,0.9880555555555556,,requires predict_proba,,requires predict_proba,,0.01600000000144064,success,
upu,sar-pi0.1-scalemid,116,"{""basis"": ""linear"", ""fit_intercept"": true, ""kernel_width"": null, ""loss"": ""squared"", ""max_iter"": 1000, ""n_centers"": null, ""reg_lambda"": 0.001, ""tol"": 1e-06}",linear,0.1,0.5,0.5,True,1,,,,,,,,0.11,False,-0.03980992608236537,1.0,0.9090909090909092,0.9998055555555556,0.989,0.9476190476190476,0.9398099260823654,0.9982938178656533,0.9916666666666667,,requires predict_proba,,requires predict_proba,,0.0,success,
upu,sar-pi0.1-scalemid,117,"{""basis"": ""linear"", ""fit_intercept"": true, ""kernel_width"": null, ""loss"": ""squared"", ""max_iter"": 1000, ""n_centers"": null, ""reg_lambda"": 0.001, ""tol"": 1e-06}",linear,0.1,0.5,0.5,True,1,,,,,,,,0.114,False,-0.035586061246040135,1.0,0.8771929824561404,0.9995611111111111,0.984,0.9252336448598131,0.9355860612460402,0.9964334698880268,0.9866666666666666,,requires predict_proba,,requires predict_proba,,0.0,success,
upu,sar-pi0.1-scalemid,118,"{""basis"": ""linear"", ""fit_intercept"": true, ""kernel_width"": null, ""loss"": ""squared"", ""max_iter"": 1000, ""n_centers"": null, ""reg_lambda"": 0.001, ""tol"": 1e-06}",linear,0.1,0.5,0.5,True,1,,,,,,,,0.1085,False,-0.0369416710457173,1.0,0.9216589861751152,0.9997555555555555,0.9915,0.9592326139088729,0.9369416710457172,0.9978067047091501,0.9952777777777777,,requires predict_proba,,requires predict_proba,,0.0,success,
upu,sar-pi0.1-scalemid,119,"{""basis"": ""linear"", ""fit_intercept"": true, ""kernel_width"": null, ""loss"": ""squared"", ""max_iter"": 1000, ""n_centers"": null, ""reg_lambda"": 0.001, ""tol"": 1e-06}",linear,0.1,0.5,0.5,True,1,,,,,,,,0.1135,False,-0.031686810299527066,1.0,0.881057268722467,0.9987944444444444,0.9825,0.9180327868852459,0.931686810299527,0.9923806239403102,0.9813888888888889,,requires predict_proba,,requires predict_proba,,0.0,success,
upu,sar-pi0.3-scalesmall,100,"{""basis"": ""linear"", ""fit_intercept"": true, ""kernel_width"": null, ""loss"": ""squared"", ""max_iter"": 1000, ""n_centers"": null, ""reg_lambda"": 0.001, ""tol"": 1e-06}",linear,0.3,0.5,0.5,True,1,,,,,,,,0.2975,False,-0.1216374269005848,1.0,1.0,0.9999107142857143,0.9925,0.9874476987447699,0.8216374269005848,0.9997939435336977,0.9898809523809524,,requires predict_proba,,requires predict_proba,,0.0,success,
upu,sar-pi0.3-scalesmall,101,"{""basis"": ""linear"", ""fit_intercept"": true, ""kernel_width"": null, ""loss"": ""squared"", ""max_iter"": 1000, ""n_centers"": null, ""reg_lambda"": 0.001, ""tol"": 1e-06}",linear,0.3,0.5,0.5,True,1,,,,,,,,0.32,False,-0.09999999999999998,1.0,0.9375,0.9973809523809525,0.965,0.9435483870967742,0.8,0.9943687520338252,0.9678571428571429,,requires predict_proba,,requires predict_proba,,0.01599999999962165,success,
upu,sar-pi0.3-scalesmall,102,"{""basis"": ""linear"", ""fit_intercept"": true, ""kernel_width"": null, ""loss"": ""squared"", ""max_iter"": 1000, ""n_centers"": null, ""reg_lambda"": 0.001, ""tol"": 1e-06}",linear,0.3,0.5,0.5,True,1,,,,,,,,0.295,False,-0.12215743440233234,1.0,1.0,0.997202380952381,0.98,0.9663865546218487,0.8221574344023324,0.9941447377281949,0.9738095238095239,,requires predict_proba,,requires predict_proba,,0.0,success,
upu,sar-pi0.3-scalesmall,103,"{""basis"": ""linear"", ""fit_intercept"": true, ""kernel_width"": null, ""loss"": ""squared"", ""max_iter"": 1000, ""n_centers"": null, ""reg_lambda"": 0.001, ""tol"": 1e-06}",linear,0.3,0.5,0.5,True,1,,,,,,,,0.3125,False,-0.13333333333333333,1.0,0.96,0.9985416666666667,0.9725,0.9551020408163265,0.8333333333333334,0.9967538742786377,0.9732142857142857,,requires predict_proba,,requires predict_proba,,0.0,success,
upu,sar-pi0.3-scalesmall,104,"{""basis"": ""linear"", ""fit_intercept"": true, ""kernel_width"": null, ""loss"": ""squared"", ""max_iter"": 1000, ""n_centers"": null, ""reg_lambda"": 0.001, ""tol"": 1e-06}",linear,0.3,0.5,0.5,True,1,,,,,,,,0.3,False,-0.13832335329341316,1.0,1.0,0.9994345238095238,0.985,0.975,0.8383233532934131,0.998728200257709,0.9821428571428572,,requires predict_proba,,requires predict_proba,,0.0,success,
upu,sar-pi0.3-scalesmall,105,"{""basis"": ""linear"", ""fit_intercept"": true, ""kernel_width"": null, ""loss"": ""squared"", ""max_iter"": 1000, ""n_centers"": null, ""reg_lambda"": 0.001, ""tol"": 1e-06}",linear,0.3,0.5,0.5,True,1,,,,,,,,0.3025,False,-0.11818181818181817,1.0,0.9917355371900827,0.9991369047619048,0.9875,0.979253112033195,0.8181818181818182,0.9981945573928497,0.9863095238095239,,requires predict_proba,,requires predict_proba,,0.01600000000144064,success,
upu,sar-pi0.3-scalesmall,106,"{""basis"": ""linear"", ""fit_intercept"": true, ""kernel_width"": null, ""loss"": ""squared"", ""max_iter"": 1000, ""n_centers"": null, ""reg_lambda"": 0.001, ""tol"": 1e-06}",linear,0.3,0.5,0.5,True,1,,,,,,,,0.315,False,-0.10056521124770382,0.9841269841269841,0.9372637944066514,0.9983035714285714,0.975,0.959349593495935,0.8100890207715133,0.9964050455620751,0.9773809523809524,,requires predict_proba,,requires predict_proba,,0.014999999999417923,success,
upu,sar-pi0.3-scalesmall,107,"{""basis"": ""linear"", ""fit_intercept"": true, ""kernel_width"": null, ""loss"": ""squared"", ""max_iter"": 1000, ""n_centers"": null, ""reg_lambda"": 0.001, ""tol"": 1e-06}",linear,0.3,0.5,0.5,True,1,,,,,,,,0.3025,False,-0.10635838150289018,1.0,0.9917355371900827,0.9994940476190477,0.9925,0.9875518672199171,0.8063583815028902,0.9988835684947964,0.9922619047619048,,requires predict_proba,,requires predict_proba,,0.0,success,
upu,sar-pi0.3-scalesmall,108,"{""basis"": ""linear"", ""fit_intercept"": true, ""kernel_width"": null, ""loss"": ""squared"", ""max_iter"": 1000, ""n_centers"": null, ""reg_lambda"": 0.001, ""tol"": 1e-06}",linear,0.3,0.5,0.5,True,1,,,,,,,,0.31,False,-0.11415929203539821,1.0,0.9677419354838709,0.9987797619047618,0.985,0.9754098360655737,0.8141592920353983,0.9974302866938057,0.986904761904762,,requires predict_proba,,requires predict_proba,,0.0,success,
upu,sar-pi0.3-scalesmall,109,"{""basis"": ""linear"", ""fit_intercept"": true, ""kernel_width"": null, ""loss"": ""squared"", ""max_iter"": 1000, ""n_centers"": null, ""reg_lambda"": 0.001, ""tol"": 1e-06}",linear,0.3,0.5,0.5,True,1,,,,,,,,0.305,False,-0.12492581602373887,1.0,0.9836065573770492,0.9967559523809524,0.98,0.9669421487603306,0.8249258160237388,0.9948172198663513,0.9785714285714285,,requires predict_proba,,requires predict_proba,,0.0,success,
upu,sar-pi0.3-scalesmall,110,"{""basis"": ""linear"", ""fit_intercept"": true, ""kernel_width"": null, ""loss"": ""squared"", ""max_iter"": 1000, ""n_centers"": null, ""reg_lambda"": 0.001, ""tol"": 1e-06}",linear,0.3,0.5,0.5,True,1,,,,,,,,0.3,False,-0.11317278398375163,0.9836065573770492,0.9836065573770492,0.9986309523809523,0.985,0.975,0.8230088495575221,0.9971946139012677,0.9821428571428572,,requires predict_proba,,requires predict_proba,,0.015000000001236913,success,
upu,sar-pi0.3-scalesmall,111,"{""basis"": ""linear"", ""fit_intercept"": true, ""kernel_width"": null, ""loss"": ""squared"", ""max_iter"": 1000, ""n_centers"": null, ""reg_lambda"": 0.001, ""tol"": 1e-06}",linear,0.3,0.5,0.5,True,1,,,,,,,,0.305,False,-0.11524926686217007,1.0,0.9836065573770492,0.9977678571428572,0.985,0.9752066115702479,0.8152492668621701,0.9947830658557004,0.9845238095238096,,requires predict_proba,,requires predict_proba,,0.01599999999962165,success,
upu,sar-pi0.3-scalesmall,112,"{""basis"": ""linear"", ""fit_intercept"": true, ""kernel_width"": null, ""loss"": ""squared"", ""max_iter"": 1000, ""n_centers"": null, ""reg_lambda"": 0.001, ""tol"": 1e-06}",linear,0.3,0.5,0.5,True,1,,,,,,,,0.3175,False,-0.11249999999999999,1.0,0.9448818897637795,0.9981249999999999,0.9725,0.9554655870445344,0.8125,0.995758426277384,0.9755952380952381,,requires predict_proba,,requires predict_proba,,0.0,success,
upu,sar-pi0.3-scalesmall,113,"{""basis"": ""linear"", ""fit_intercept"": true, ""kernel_width"": null, ""loss"": ""squared"", ""max_iter"": 1000, ""n_centers"": null, ""reg_lambda"": 0.001, ""tol"": 1e-06}",linear,0.3,0.5,0.5,True,1,,,,,,,,0.31,False,-0.09672619047619047,0.96875,0.9374999999999999,0.9991666666666666,0.975,0.9590163934426229,0.8154761904761905,0.9981086231149697,0.975,,requires predict_proba,,requires predict_proba,,0.0,success,
upu,sar-pi0.3-scalesmall,114,"{""basis"": ""linear"", ""fit_intercept"": true, ""kernel_width"": null, ""loss"": ""squared"", ""max_iter"": 1000, ""n_centers"": null, ""reg_lambda"": 0.001, ""tol"": 1e-06}",linear,0.3,0.5,0.5,True,1,,,,,,,,0.3,False,-0.11836936555037444,0.9841269841269841,0.984126984126984,0.9980357142857144,0.99,0.9833333333333333,0.827893175074184,0.9955836044486102,0.9880952380952381,,requires predict_proba,,requires predict_proba,,0.0,success,
upu,sar-pi0.3-scalesmall,115,"{""basis"": ""linear"", ""fit_intercept"": true, ""kernel_width"": null, ""loss"": ""squared"", ""max_iter"": 1000, ""n_centers"": null, ""reg_lambda"": 0.001, ""tol"": 1e-06}",linear,0.3,0.5,0.5,True,1,,,,,,,,0.3,False,-0.1092485549132948,1.0,1.0,0.9988988095238095,0.985,0.975,0.8092485549132948,0.9976554912401662,0.9821428571428572,,requires predict_proba,,requires predict_proba,,0.01600000000144064,success,
upu,sar-pi0.3-scalesmall,116,"{""basis"": ""linear"", ""fit_intercept"": true, ""kernel_width"": null, ""loss"": ""squared"", ""max_iter"": 1000, ""n_centers"": null, ""reg_lambda"": 0.001, ""tol"": 1e-06}",linear,0.3,0.5,0.5,True,1,,,,,,,,0.3025,False,-0.1254437869822485,1.0,0.9917355371900827,0.9998809523809524,0.9925,0.9875518672199171,0.8254437869822485,0.99972564693131,0.9922619047619048,,requires predict_proba,,requires predict_proba,,0.014999999999417923,success,
upu,sar-pi0.3-scalesmall,117,"{""basis"": ""linear"", ""fit_intercept"": true, ""kernel_width"": null, ""loss"": ""squared"", ""max_iter"": 1000, ""n_centers"": null, ""reg_lambda"": 0.001, ""tol"": 1e-06}",linear,0.3,0.5,0.5,True,1,,,,,,,,0.31,False,-0.09628212137780207,0.9830508474576272,0.9513395297977038,0.9985416666666667,0.98,0.9672131147540983,0.8064516129032258,0.9967220088937374,0.9809523809523809,,requires predict_proba,,requires predict_proba,,0.01599999999962165,success,
upu,sar-pi0.3-scalesmall,118,"{""basis"": ""linear"", ""fit_intercept"": true, ""kernel_width"": null, ""loss"": ""squared"", ""max_iter"": 1000, ""n_centers"": null, ""reg_lambda"": 0.001, ""tol"": 1e-06}",linear,0.3,0.5,0.5,True,1,,,,,,,,0.3025,False,-0.11104651162790696,1.0,0.9917355371900827,0.9995238095238095,0.9925,0.9875518672199171,0.811046511627907,0.9989121488046983,0.9922619047619048,,requires predict_proba,,requires predict_proba,,0.0,success,
upu,sar-pi0.3-scalesmall,119,"{""basis"": ""linear"", ""fit_intercept"": true, ""kernel_width"": null, ""loss"": ""squared"", ""max_iter"": 1000, ""n_centers"": null, ""reg_lambda"": 0.001, ""tol"": 1e-06}",linear,0.3,0.5,0.5,True,1,,,,,,,,0.3175,False,-0.11249999999999999,1.0,0.9448818897637795,0.9995238095238095,0.9775,0.9635627530364372,0.8125,0.9989776946011114,0.9815476190476191,,requires predict_proba,,requires predict_proba,,0.0,success,
upu,sar-pi0.3-scalemid,100,"{""basis"": ""linear"", ""fit_intercept"": true, ""kernel_width"": null, ""loss"": ""squared"", ""max_iter"": 1000, ""n_centers"": null, ""reg_lambda"": 0.001, ""tol"": 1e-06}",linear,0.3,0.5,0.5,True,1,,,,,,,,0.3015,False,-0.12261736870155132,0.996742671009772,0.9917837522485293,0.9987928571428571,0.9855,0.9758935993349959,0.8245717660956882,0.9976646704899791,0.983452380952381,,requires predict_proba,,requires predict_proba,,0.0,success,
upu,sar-pi0.3-scalemid,101,"{""basis"": ""linear"", ""fit_intercept"": true, ""kernel_width"": null, ""loss"": ""squared"", ""max_iter"": 1000, ""n_centers"": null, ""reg_lambda"": 0.001, ""tol"": 1e-06}",linear,0.3,0.5,0.5,True,1,,,,,,,,0.3095,False,-0.10477855477855477,1.0,0.9693053311793215,0.9994928571428571,0.9875,0.9794913863822805,0.8047785547785548,0.9988501289355615,0.9896428571428572,,requires predict_proba,,requires predict_proba,,0.0,success,
upu,sar-pi0.3-scalemid,102,"{""basis"": ""linear"", ""fit_intercept"": true, ""kernel_width"": null, ""loss"": ""squared"", ""max_iter"": 1000, ""n_centers"": null, ""reg_lambda"": 0.001, ""tol"": 1e-06}",linear,0.3,0.5,0.5,True,1,,,,,,,,0.3055,False,-0.12433234421364983,1.0,0.9819967266775778,0.9993321428571429,0.9855,0.9760528488852188,0.8243323442136499,0.9984772255688146,0.9853571428571428,,requires predict_proba,,requires predict_proba,,0.0,success,
upu,sar-pi0.3-scalemid,103,"{""basis"": ""linear"", ""fit_intercept"": true, ""kernel_width"": null, ""loss"": ""squared"", ""max_iter"": 1000, ""n_centers"": null, ""reg_lambda"": 0.001, ""tol"": 1e-06}",linear,0.3,0.5,0.5,True,1,,,,,,,,0.304,False,-0.11089874393048035,0.9965397923875432,0.9834274266982334,0.9992202380952381,0.99,0.9834437086092715,0.8129748684979544,0.9984693815827422,0.99,,requires predict_proba,,requires predict_proba,,0.0,success,
upu,sar-pi0.3-scalemid,104,"{""basis"": ""linear"", ""fit_intercept"": true, ""kernel_width"": null, ""loss"": ""squared"", ""max_iter"": 1000, ""n_centers"": null, ""reg_lambda"": 0.001, ""tol"": 1e-06}",linear,0.3,0.5,0.5,True,1,,,,,,,,0.309,False,-0.11103286384976524,1.0,0.970873786407767,0.9989642857142857,0.986,0.9770114942528736,0.8110328638497653,0.9977028953845539,0.9876190476190476,,requires predict_proba,,requires predict_proba,,0.0,success,
upu,sar-pi0.3-scalemid,105,"{""basis"": ""linear"", ""fit_intercept"": true, ""kernel_width"": null, ""loss"": ""squared"", ""max_iter"": 1000, ""n_centers"": null, ""reg_lambda"": 0.001, ""tol"": 1e-06}",linear,0.3,0.5,0.5,True,1,,,,,,,,0.3075,False,-0.11041544763019309,1.0,0.975609756097561,0.9994392857142858,0.9875,0.9794238683127572,0.8104154476301931,0.9986797287567092,0.9886904761904762,,requires predict_proba,,requires predict_proba,,0.0,success,
upu,sar-pi0.3-scalemid,106,"{""basis"": ""linear"", ""fit_intercept"": true, ""kernel_width"": null, ""loss"": ""squared"", ""max_iter"": 1000, ""n_centers"": null, ""reg_lambda"": 0.001, ""tol"": 1e-06}",linear,0.3,0.5,0.5,True,1,,,,,,,,0.31,False,-0.1100309571313956,0.993485342019544,0.961437427760849,0.9986964285714286,0.982,0.9704918032786886,0.8139397519196693,0.9970420519395073,0.9833333333333334,,requires predict_proba,,requires predict_proba,,0.0,success,
upu,sar-pi0.3-scalemid,107,"{""basis"": ""linear"", ""fit_intercept"": true, ""kernel_width"": null, ""loss"": ""squared"", ""max_iter"": 1000, ""n_centers"": null, ""reg_lambda"": 0.001, ""tol"": 1e-06}",linear,0.3,0.5,0.5,True,1,,,,,,,,0.307,False,-0.11005260081823495,1.0,0.9771986970684039,0.9991940476190476,0.987,0.9785831960461285,0.8100526008182349,0.9982146628011386,0.9878571428571429,,requires predict_proba,,requires predict_proba,,0.0,success,
upu,sar-pi0.3-scalemid,108,"{""basis"": ""linear"", ""fit_intercept"": true, ""kernel_width"": null, ""loss"": ""squared"", ""max_iter"": 1000, ""n_centers"": null, ""reg_lambda"": 0.001, ""tol"": 1e-06}",linear,0.3,0.5,0.5,True,1,,,,,,,,0.3035,False,-0.11423529411764705,0.9933333333333333,0.9818780889621087,0.9993154761904761,0.9865,0.9776304888152444,0.8182352941176471,0.9985061335567538,0.9855952380952381,,requires predict_proba,,requires predict_proba,,0.01599999999962165,success,
upu,sar-pi0.3-scalemid,109,"{""basis"": ""linear"", ""fit_intercept"": true, ""kernel_width"": null, ""loss"": ""squared"", ""max_iter"": 1000, ""n_centers"": null, ""reg_lambda"": 0.001, ""tol"": 1e-06}",linear,0.3,0.5,0.5,True,1,,,,,,,,0.3,False,-0.12587516701660623,0.9967741935483871,0.996774193548387,0.9992654761904762,0.99,0.9833333333333333,0.827810650887574,0.9984743846696151,0.9880952380952381,,requires predict_proba,,requires predict_proba,,0.0,success,
upu,sar-pi0.3-scalemid,110,"{""basis"": ""linear"", ""fit_intercept"": true, ""kernel_width"": null, ""loss"": ""squared"", ""max_iter"": 1000, ""n_centers"": null, ""reg_lambda"": 0.001, ""tol"": 1e-06}",linear,0.3,0.5,0.5,True,1,,,,,,,,0.305,False,-0.10732788338422142,0.9964788732394366,0.9801431540060033,0.9990095238095238,0.984,0.9735537190082645,0.8094405594405595,0.997925951337481,0.9833333333333334,,requires predict_proba,,requires predict_proba,,0.014999999999417923,success,
upu,sar-pi0.3-scalemid,111,"{""basis"": ""linear"", ""fit_intercept"": true, ""kernel_width"": null, ""loss"": ""squared"", ""max_iter"": 1000, ""n_centers"": null, ""reg_lambda"": 0.001, ""tol"": 1e-06}",linear,0.3,0.5,0.5,True,1,,,,,,,,0.3045,False,-0.11775426219870663,1.0,0.9852216748768473,0.99955,0.9905,0.9842845326716294,0.8177542621987066,0.9989560682812455,0.9908333333333333,,requires predict_proba,,requires predict_proba,,0.01600000000144064,success,
upu,sar-pi0.3-scalemid,112,"{""basis"": ""linear"", ""fit_intercept"": true, ""kernel_width"": null, ""loss"": ""squared"", ""max_iter"": 1000, ""n_centers"": null, ""reg_lambda"": 0.001, ""tol"": 1e-06}",linear,0.3,0.5,0.5,True,1,,,,,,,,0.3085,False,-0.1101933216168717,1.0,0.9724473257698542,0.9994416666666667,0.9885,0.981101068200493,0.8101933216168717,0.9987999898849657,0.9903571428571429,,requires predict_proba,,requires predict_proba,,0.014999999999417923,success,
upu,sar-pi0.3-scalemid,113,"{""basis"": ""linear"", ""fit_intercept"": true, ""kernel_width"": null, ""loss"": ""squared"", ""max_iter"": 1000, ""n_centers"": null, ""reg_lambda"": 0.001, ""tol"": 1e-06}",linear,0.3,0.5,0.5,True,1,,,,,,,,0.308,False,-0.11056002018943367,0.9966442953020134,0.970757430488974,0.9990428571428571,0.982,0.9703947368421053,0.8125734430082256,0.9977535727870706,0.9823809523809524,,requires predict_proba,,requires predict_proba,,0.01599999999962165,success,
upu,sar-pi0.3-scalemid,114,"{""basis"": ""linear"", ""fit_intercept"": true, ""kernel_width"": null, ""loss"": ""squared"", ""max_iter"": 1000, ""n_centers"": null, ""reg_lambda"": 0.001, ""tol"": 1e-06}",linear,0.3,0.5,0.5,True,1,,,,,,,,0.3055,False,-0.12035180459351075,0.9967948717948718,0.9788493012715599,0.9985690476190476,0.9835,0.9727497935590421,0.8222748815165877,0.9962861801130127,0.9829761904761904,,requires predict_proba,,requires predict_proba,,0.0,success,
upu,sar-pi0.3-scalemid,115,"{""basis"": ""linear"", ""fit_intercept"": true, ""kernel_width"": null, ""loss"": ""squared"", ""max_iter"": 1000, ""n_centers"": null, ""reg_lambda"": 0.001, ""tol"": 1e-06}",linear,0.3,0.5,0.5,True,1,,,,,,,,0.304,False,-0.12075471698113208,1.0,0.9868421052631579,0.9991357142857142,0.987,0.9784768211920529,0.8207547169811321,0.9981292812764568,0.9864285714285714,,requires predict_proba,,requires predict_proba,,0.015000000001236913,success,
upu,sar-pi0.3-scalemid,116,"{""basis"": ""linear"", ""fit_intercept"": true, ""kernel_width"": null, ""loss"": ""squared"", ""max_iter"": 1000, ""n_centers"": null, ""reg_lambda"": 0.001, ""tol"": 1e-06}",linear,0.3,0.5,0.5,True,1,,,,,,,,0.307,False,-0.12060390763765541,1.0,0.9771986970684039,0.9997071428571429,0.989,0.9818780889621087,0.8206039076376554,0.9993179560400012,0.9902380952380951,,requires predict_proba,,requires predict_proba,,0.01599999999962165,success,
upu,sar-pi0.3-scalemid,117,"{""basis"": ""linear"", ""fit_intercept"": true, ""kernel_width"": null, ""loss"": ""squared"", ""max_iter"": 1000, ""n_centers"": null, ""reg_lambda"": 0.001, ""tol"": 1e-06}",linear,0.3,0.5,0.5,True,1,,,,,,,,0.309,False,-0.12458233890214795,1.0,0.970873786407767,0.9992083333333334,0.984,0.9737274220032841,0.8245823389021479,0.9981800090683727,0.9852380952380952,,requires predict_proba,,requires predict_proba,,0.01599999999962165,success,
upu,sar-pi0.3-scalemid,118,"{""basis"": ""linear"", ""fit_intercept"": true, ""kernel_width"": null, ""loss"": ""squared"", ""max_iter"": 1000, ""n_centers"": null, ""reg_lambda"": 0.001, ""tol"": 1e-06}",linear,0.3,0.5,0.5,True,1,,,,,,,,0.3045,False,-0.11224630161691168,0.9965870307167235,0.9818591435632744,0.9996488095238095,0.9915,0.9859387923904053,0.8142940831868776,0.9991822137467937,0.9920238095238095,,requires predict_proba,,requires predict_proba,,0.014999999999417923,success,
upu,sar-pi0.3-scalemid,119,"{""basis"": ""linear"", ""fit_intercept"": true, ""kernel_width"": null, ""loss"": ""squared"", ""max_iter"": 1000, ""n_centers"": null, ""reg_lambda"": 0.001, ""tol"": 1e-06}",linear,0.3,0.5,0.5,True,1,,,,,,,,0.3075,False,-0.11327069876688195,1.0,0.975609756097561,0.9993749999999999,0.9855,0.9761316872427983,0.813270698766882,0.9985912106521362,0.9863095238095239,,requires predict_proba,,requires predict_proba,,0.01600000000144064,success,
upu,sar-pi0.5-scalesmall,100,"{""basis"": ""linear"", ""fit_intercept"": true, ""kernel_width"": null, ""loss"": ""squared"", ""max_iter"": 1000, ""n_centers"": null, ""reg_lambda"": 0.001, ""tol"": 1e-06}",linear,0.5,0.5,0.5,True,1,,,,,,,,0.4975,False,-0.15048543689320387,1.0,1.0,0.9985250000000001,0.9825,0.9824561403508771,0.6504854368932039,0.998742359714622,0.9824999999999999,,requires predict_proba,,requires predict_proba,,0.014999999999417923,success,
upu,sar-pi0.5-scalesmall,101,"{""basis"": ""linear"", ""fit_intercept"": true, ""kernel_width"": null, ""loss"": ""squared"", ""max_iter"": 1000, ""n_centers"": null, ""reg_lambda"": 0.001, ""tol"": 1e-06}",linear,0.5,0.5,0.5,True,1,,,,,,,,0.5125,False,-0.14356435643564358,1.0,0.9756097560975611,0.9978250000000001,0.9725,0.9728395061728395,0.6435643564356436,0.9978626705346625,0.9724999999999999,,requires predict_proba,,requires predict_proba,,0.0,success,
upu,sar-pi0.5-scalesmall,102,"{""basis"": ""linear"", ""fit_intercept"": true, ""kernel_width"": null, ""loss"": ""squared"", ""max_iter"": 1000, ""n_centers"": null, ""reg_lambda"": 0.001, ""tol"": 1e-06}",linear,0.5,0.5,0.5,True,1,,,,,,,,0.48,False,-0.17752442996742673,1.0,1.0,0.996175,0.97,0.9693877551020408,0.6775244299674267,0.9962991824971787,0.97,,requires predict_proba,,requires predict_proba,,0.0,success,
upu,sar-pi0.5-scalesmall,103,"{""basis"": ""linear"", ""fit_intercept"": true, ""kernel_width"": null, ""loss"": ""squared"", ""max_iter"": 1000, ""n_centers"": null, ""reg_lambda"": 0.001, ""tol"": 1e-06}",linear,0.5,0.5,0.5,True,1,,,,,,,,0.4975,False,-0.19310344827586207,1.0,1.0,0.99805,0.9725,0.9724310776942355,0.6931034482758621,0.9980644248036465,0.9724999999999999,,requires predict_proba,,requires predict_proba,,0.0,success,
upu,sar-pi0.5-scalesmall,104,"{""basis"": ""linear"", ""fit_intercept"": true, ""kernel_width"": null, ""loss"": ""squared"", ""max_iter"": 1000, ""n_centers"": null, ""reg_lambda"": 0.001, ""tol"": 1e-06}",linear,0.5,0.5,0.5,True,1,,,,,,,,0.4925,False,-0.17892976588628762,1.0,1.0,0.9983,0.9775,0.9773299748110831,0.6789297658862876,0.9983380082411681,0.9775,,requires predict_proba,,requires predict_proba,,0.0,success,
upu,sar-pi0.5-scalesmall,105,"{""basis"": ""linear"", ""fit_intercept"": true, ""kernel_width"": null, ""loss"": ""squared"", ""max_iter"": 1000, ""n_centers"": null, ""reg_lambda"": 0.001, ""tol"": 1e-06}",linear,0.5,0.5,0.5,True,1,,,,,,,,0.4975,False,-0.15666666666666668,0.99,0.9949748743718593,0.9984500000000001,0.9825,0.9824561403508771,0.6666666666666666,0.9986124028934298,0.9824999999999999,,requires predict_proba,,requires predict_proba,,0.0,success,
upu,sar-pi0.5-scalesmall,106,"{""basis"": ""linear"", ""fit_intercept"": true, ""kernel_width"": null, ""loss"": ""squared"", ""max_iter"": 1000, ""n_centers"": null, ""reg_lambda"": 0.001, ""tol"": 1e-06}",linear,0.5,0.5,0.5,True,1,,,,,,,,0.5,False,-0.14873631571834028,0.9897959183673469,0.9897959183673469,0.997675,0.97,0.97,0.6589403973509934,0.9977570364623939,0.97,,requires predict_proba,,requires predict_proba,,0.0,success,
upu,sar-pi0.5-scalesmall,107,"{""basis"": ""linear"", ""fit_intercept"": true, ""kernel_width"": null, ""loss"": ""squared"", ""max_iter"": 1000, ""n_centers"": null, ""reg_lambda"": 0.001, ""tol"": 1e-06}",linear,0.5,0.5,0.5,True,1,,,,,,,,0.4975,False,-0.15048543689320387,1.0,1.0,0.9994999999999999,0.9875,0.9874686716791979,0.6504854368932039,0.9995066137476644,0.9875,,requires predict_proba,,requires predict_proba,,0.0,success,
upu,sar-pi0.5-scalesmall,108,"{""basis"": ""linear"", ""fit_intercept"": true, ""kernel_width"": null, ""loss"": ""squared"", ""max_iter"": 1000, ""n_centers"": null, ""reg_lambda"": 0.001, ""tol"": 1e-06}",linear,0.5,0.5,0.5,True,1,,,,,,,,0.5025,False,-0.15894039735099336,1.0,0.9950248756218907,0.999425,0.9875,0.9875311720698254,0.6589403973509934,0.9994373499281407,0.9875,,requires predict_proba,,requires predict_proba,,0.01600000000144064,success,
upu,sar-pi0.5-scalesmall,109,"{""basis"": ""linear"", ""fit_intercept"": true, ""kernel_width"": null, ""loss"": ""squared"", ""max_iter"": 1000, ""n_centers"": null, ""reg_lambda"": 0.001, ""tol"": 1e-06}",linear,0.5,0.5,0.5,True,1,,,,,,,,0.5,False,-0.16445182724252494,1.0,1.0,0.997575,0.98,0.98,0.6644518272425249,0.9979065929993054,0.98,,requires predict_proba,,requires predict_proba,,0.014999999999417923,success,
upu,sar-pi0.5-scalesmall,110,"{""basis"": ""linear"", ""fit_intercept"": true, ""kernel_width"": null, ""loss"": ""squared"", ""max_iter"": 1000, ""n_centers"": null, ""reg_lambda"": 0.001, ""tol"": 1e-06}",linear,0.5,0.5,0.5,True,1,,,,,,,,0.49,False,-0.1786117836965294,0.9904761904761905,1.0,0.999125,0.99,0.98989898989899,0.688135593220339,0.9991718667244451,0.99,,requires predict_proba,,requires predict_proba,,0.01599999999962165,success,
upu,sar-pi0.5-scalesmall,111,"{""basis"": ""linear"", ""fit_intercept"": true, ""kernel_width"": null, ""loss"": ""squared"", ""max_iter"": 1000, ""n_centers"": null, ""reg_lambda"": 0.001, ""tol"": 1e-06}",linear,0.5,0.5,0.5,True,1,,,,,,,,0.4925,False,-0.18120805369127518,1.0,1.0,0.999475,0.9875,0.9874055415617129,0.6812080536912751,0.9994880886991877,0.9875,,requires predict_proba,,requires predict_proba,,0.01599999999962165,success,
upu,sar-pi0.5-scalesmall,112,"{""basis"": ""linear"", ""fit_intercept"": true, ""kernel_width"": null, ""loss"": ""squared"", ""max_iter"": 1000, ""n_centers"": null, ""reg_lambda"": 0.001, ""tol"": 1e-06}",linear,0.5,0.5,0.5,True,1,,,,,,,,0.5125,False,-0.16552901023890787,1.0,0.9756097560975611,0.9993,0.9825,0.9827160493827161,0.6655290102389079,0.9993123845232824,0.9824999999999999,,requires predict_proba,,requires predict_proba,,0.0,success,
upu,sar-pi0.5-scalesmall,113,"{""basis"": ""linear"", ""fit_intercept"": true, ""kernel_width"": null, ""loss"": ""squared"", ""max_iter"": 1000, ""n_centers"": null, ""reg_lambda"": 0.001, ""tol"": 1e-06}",linear,0.5,0.5,0.5,True,1,,,,,,,,0.4975,False,-0.15552865213882167,0.9809523809523809,0.9858817899018903,0.999275,0.9825,0.9824561403508771,0.6745762711864407,0.9992725644683708,0.9824999999999999,,requires predict_proba,,requires predict_proba,,0.0,success,
upu,sar-pi0.5-scalesmall,114,"{""basis"": ""linear"", ""fit_intercept"": true, ""kernel_width"": null, ""loss"": ""squared"", ""max_iter"": 1000, ""n_centers"": null, ""reg_lambda"": 0.001, ""tol"": 1e-06}",linear,0.5,0.5,0.5,True,1,,,,,,,,0.4925,False,-0.16230831315577082,0.9809523809523809,0.9958907420836355,0.99845,0.9875,0.9874055415617129,0.6813559322033899,0.9982463662972709,0.9875,,requires predict_proba,,requires predict_proba,,0.0,success,
upu,sar-pi0.5-scalesmall,115,"{""basis"": ""linear"", ""fit_intercept"": true, ""kernel_width"": null, ""loss"": ""squared"", ""max_iter"": 1000, ""n_centers"": null, ""reg_lambda"": 0.001, ""tol"": 1e-06}",linear,0.5,0.5,0.5,True,1,,,,,,,,0.5025,False,-0.14610389610389612,1.0,0.9950248756218907,0.999375,0.9825,0.9825436408977556,0.6461038961038961,0.9993770759468228,0.9824999999999999,,requires predict_proba,,requires predict_proba,,0.0,success,
upu,sar-pi0.5-scalesmall,116,"{""basis"": ""linear"", ""fit_intercept"": true, ""kernel_width"": null, ""loss"": ""squared"", ""max_iter"": 1000, ""n_centers"": null, ""reg_lambda"": 0.001, ""tol"": 1e-06}",linear,0.5,0.5,0.5,True,1,,,,,,,,0.4925,False,-0.18120805369127518,1.0,1.0,0.99775,0.9825,0.982367758186398,0.6812080536912751,0.9981916761043136,0.9824999999999999,,requires predict_proba,,requires predict_proba,,0.0,success,
upu,sar-pi0.5-scalesmall,117,"{""basis"": ""linear"", ""fit_intercept"": true, ""kernel_width"": null, ""loss"": ""squared"", ""max_iter"": 1000, ""n_centers"": null, ""reg_lambda"": 0.001, ""tol"": 1e-06}",linear,0.5,0.5,0.5,True,1,,,,,,,,0.5075,False,-0.15016501650165015,1.0,0.9852216748768474,0.9967499999999999,0.9775,0.9776674937965261,0.6501650165016502,0.9971216498622001,0.9775,,requires predict_proba,,requires predict_proba,,0.01600000000144064,success,
upu,sar-pi0.5-scalesmall,118,"{""basis"": ""linear"", ""fit_intercept"": true, ""kernel_width"": null, ""loss"": ""squared"", ""max_iter"": 1000, ""n_centers"": null, ""reg_lambda"": 0.001, ""tol"": 1e-06}",linear,0.5,0.5,0.5,True,1,,,,,,,,0.5025,False,-0.1482084690553746,1.0,0.9950248756218907,0.9995999999999999,0.9925,0.9925187032418953,0.6482084690553745,0.9996130674247562,0.9924999999999999,,requires predict_proba,,requires predict_proba,,0.014999999999417923,success,
upu,sar-pi0.5-scalesmall,119,"{""basis"": ""linear"", ""fit_intercept"": true, ""kernel_width"": null, ""loss"": ""squared"", ""max_iter"": 1000, ""n_centers"": null, ""reg_lambda"": 0.001, ""tol"": 1e-06}",linear,0.5,0.5,0.5,True,1,,,,,,,,0.505,False,-0.14705882352941174,1.0,0.9900990099009901,0.996775,0.975,0.9751243781094527,0.6470588235294118,0.9973077310905809,0.975,,requires predict_proba,,requires predict_proba,,0.01599999999962165,success,
upu,sar-pi0.5-scalemid,100,"{""basis"": ""linear"", ""fit_intercept"": true, ""kernel_width"": null, ""loss"": ""squared"", ""max_iter"": 1000, ""n_centers"": null, ""reg_lambda"": 0.001, ""tol"": 1e-06}",linear,0.5,0.5,0.5,True,1,,,,,,,,0.495,False,-0.1652788620001735,0.9979508196721312,1.0,0.998831,0.985,0.9849246231155779,0.6673280423280423,0.9989174654585224,0.985,,requires predict_proba,,requires predict_proba,,0.01599999999962165,success,
upu,sar-pi0.5-scalemid,101,"{""basis"": ""linear"", ""fit_intercept"": true, ""kernel_width"": null, ""loss"": ""squared"", ""max_iter"": 1000, ""n_centers"": null, ""reg_lambda"": 0.001, ""tol"": 1e-06}",linear,0.5,0.5,0.5,True,1,,,,,,,,0.506,False,-0.15171503957783639,1.0,0.9881422924901185,0.999301,0.986,0.9860834990059643,0.6517150395778364,0.9992938901405205,0.986,,requires predict_proba,,requires predict_proba,,0.015000000001236913,success,
upu,sar-pi0.5-scalemid,102,"{""basis"": ""linear"", ""fit_intercept"": true, ""kernel_width"": null, ""loss"": ""squared"", ""max_iter"": 1000, ""n_centers"": null, ""reg_lambda"": 0.001, ""tol"": 1e-06}",linear,0.5,0.5,0.5,True,1,,,,,,,,0.5,False,-0.17078552515445722,0.9980582524271845,0.9980582524271845,0.999152,0.986,0.986,0.6727272727272727,0.9991386583078169,0.986,,requires predict_proba,,requires predict_proba,,0.01599999999962165,success,
upu,sar-pi0.5-scalemid,103,"{""basis"": ""linear"", ""fit_intercept"": true, ""kernel_width"": null, ""loss"": ""squared"", ""max_iter"": 1000, ""n_centers"": null, ""reg_lambda"": 0.001, ""tol"": 1e-06}",linear,0.5,0.5,0.5,True,1,,,,,,,,0.501,False,-0.15123236613191327,0.9978902953586498,0.995898498361926,0.9993160000000001,0.989,0.989010989010989,0.6533420707732635,0.9993474924850929,0.989,,requires predict_proba,,requires predict_proba,,0.01599999999962165,success,
upu,sar-pi0.5-scalemid,104,"{""basis"": ""linear"", ""fit_intercept"": true, ""kernel_width"": null, ""loss"": ""squared"", ""max_iter"": 1000, ""n_centers"": null, ""reg_lambda"": 0.001, ""tol"": 1e-06}",linear,0.5,0.5,0.5,True,1,,,,,,,,0.5045,False,-0.1575978765759788,1.0,0.9910802775024778,0.99917,0.9875,0.9875559980089597,0.6575978765759788,0.9991791097237311,0.9875,,requires predict_proba,,requires predict_proba,,0.0,success,
upu,sar-pi0.5-scalemid,105,"{""basis"": ""linear"", ""fit_intercept"": true, ""kernel_width"": null, ""loss"": ""squared"", ""max_iter"": 1000, ""n_centers"": null, ""reg_lambda"": 0.001, ""tol"": 1e-06}",linear,0.5,0.5,0.5,True,1,,,,,,,,0.501,False,-0.1644597232832527,0.998015873015873,0.9960238253651428,0.9991859999999999,0.988,0.988011988011988,0.6664438502673797,0.9991681364130597,0.988,,requires predict_proba,,requires predict_proba,,0.0,success,
upu,sar-pi0.5-scalemid,106,"{""basis"": ""linear"", ""fit_intercept"": true, ""kernel_width"": null, ""loss"": ""squared"", ""max_iter"": 1000, ""n_centers"": null, ""reg_lambda"": 0.001, ""tol"": 1e-06}",linear,0.5,0.5,0.5,True,1,,,,,,,,0.504,False,-0.15960186612062233,0.9960629921259843,0.9881577302837146,0.999252,0.986,0.9860557768924303,0.6635388739946381,0.9992562393089887,0.986,,requires predict_proba,,requires predict_proba,,0.01599999999962165,success,
upu,sar-pi0.5-scalemid,107,"{""basis"": ""linear"", ""fit_intercept"": true, ""kernel_width"": null, ""loss"": ""squared"", ""max_iter"": 1000, ""n_centers"": null, ""reg_lambda"": 0.001, ""tol"": 1e-06}",linear,0.5,0.5,0.5,True,1,,,,,,,,0.5025,False,-0.15676567656765678,1.0,0.9950248756218907,0.999137,0.9865,0.9865336658354115,0.6567656765676567,0.9991368382466539,0.9864999999999999,,requires predict_proba,,requires predict_proba,,0.01599999999962165,success,
upu,sar-pi0.5-scalemid,108,"{""basis"": ""linear"", ""fit_intercept"": true, ""kernel_width"": null, ""loss"": ""squared"", ""max_iter"": 1000, ""n_centers"": null, ""reg_lambda"": 0.001, ""tol"": 1e-06}",linear,0.5,0.5,0.5,True,1,,,,,,,,0.496,False,-0.1717073279719903,0.9960861056751468,1.0,0.999438,0.987,0.9869477911646586,0.6756212222968435,0.9994529401181872,0.987,,requires predict_proba,,requires predict_proba,,0.015000000001236913,success,
upu,sar-pi0.5-scalemid,109,"{""basis"": ""linear"", ""fit_intercept"": true, ""kernel_width"": null, ""loss"": ""squared"", ""max_iter"": 1000, ""n_centers"": null, ""reg_lambda"": 0.001, ""tol"": 1e-06}",linear,0.5,0.5,0.5,True,1,,,,,,,,0.496,False,-0.17124621660744838,0.996078431372549,1.0,0.9995649999999999,0.99,0.9899598393574297,0.6751677852348993,0.9995960104169646,0.99,,requires predict_proba,,requires predict_proba,,0.01599999999962165,success,
upu,sar-pi0.5-scalemid,110,"{""basis"": ""linear"", ""fit_intercept"": true, ""kernel_width"": null, ""loss"": ""squared"", ""max_iter"": 1000, ""n_centers"": null, ""reg_lambda"": 0.001, ""tol"": 1e-06}",linear,0.5,0.5,0.5,True,1,,,,,,,,0.501,False,-0.1561472715318869,1.0,0.998003992015968,0.999363,0.986,0.986013986013986,0.6561472715318869,0.9993762903865846,0.986,,requires predict_proba,,requires predict_proba,,0.01599999999962165,success,
upu,sar-pi0.5-scalemid,111,"{""basis"": ""linear"", ""fit_intercept"": true, ""kernel_width"": null, ""loss"": ""squared"", ""max_iter"": 1000, ""n_centers"": null, ""reg_lambda"": 0.001, ""tol"": 1e-06}",linear,0.5,0.5,0.5,True,1,,,,,,,,0.4975,False,-0.17768037761294675,1.0,1.0,0.99925,0.9885,0.9884711779448622,0.6776803776129467,0.9992450441479775,0.9884999999999999,,requires predict_proba,,requires predict_proba,,0.0,success,
upu,sar-pi0.5-scalemid,112,"{""basis"": ""linear"", ""fit_intercept"": true, ""kernel_width"": null, ""loss"": ""squared"", ""max_iter"": 1000, ""n_centers"": null, ""reg_lambda"": 0.001, ""tol"": 1e-06}",linear,0.5,0.5,0.5,True,1,,,,,,,,0.5045,False,-0.15890957446808512,1.0,0.9910802775024778,0.9990859999999999,0.9875,0.9875559980089597,0.6589095744680851,0.999111688569377,0.9875,,requires predict_proba,,requires predict_proba,,0.0,success,
upu,sar-pi0.5-scalemid,113,"{""basis"": ""linear"", ""fit_intercept"": true, ""kernel_width"": null, ""loss"": ""squared"", ""max_iter"": 1000, ""n_centers"": null, ""reg_lambda"": 0.001, ""tol"": 1e-06}",linear,0.5,0.5,0.5,True,1,,,,,,,,0.5035,False,-0.15933333333333333,0.998,0.9910625620655413,0.998437,0.9835,0.9835575485799701,0.6613333333333333,0.9986656972633154,0.9835,,requires predict_proba,,requires predict_proba,,0.01599999999962165,success,
upu,sar-pi0.5-scalemid,114,"{""basis"": ""linear"", ""fit_intercept"": true, ""kernel_width"": null, ""loss"": ""squared"", ""max_iter"": 1000, ""n_centers"": null, ""reg_lambda"": 0.001, ""tol"": 1e-06}",linear,0.5,0.5,0.5,True,1,,,,,,,,0.5045,False,-0.15755628512187597,0.9979959919839679,0.9890941446818315,0.9983339999999999,0.9845,0.98456943753111,0.6595602931379081,0.9980565009143041,0.9844999999999999,,requires predict_proba,,requires predict_proba,,0.01599999999962165,success,
upu,sar-pi0.5-scalemid,115,"{""basis"": ""linear"", ""fit_intercept"": true, ""kernel_width"": null, ""loss"": ""squared"", ""max_iter"": 1000, ""n_centers"": null, ""reg_lambda"": 0.001, ""tol"": 1e-06}",linear,0.5,0.5,0.5,True,1,,,,,,,,0.496,False,-0.16666666666666669,0.996,1.0,0.999127,0.985,0.9849397590361446,0.6706666666666666,0.9991483539108212,0.985,,requires predict_proba,,requires predict_proba,,0.015000000001236913,success,
upu,sar-pi0.5-scalemid,116,"{""basis"": ""linear"", ""fit_intercept"": true, ""kernel_width"": null, ""loss"": ""squared"", ""max_iter"": 1000, ""n_centers"": null, ""reg_lambda"": 0.001, ""tol"": 1e-06}",linear,0.5,0.5,0.5,True,1,,,,,,,,0.503,False,-0.16266666666666668,1.0,0.9940357852882704,0.9995080000000001,0.99,0.9900299102691924,0.6626666666666666,0.9995435975778733,0.99,,requires predict_proba,,requires predict_proba,,0.01599999999962165,success,
upu,sar-pi0.5-scalemid,117,"{""basis"": ""linear"", ""fit_intercept"": true, ""kernel_width"": null, ""loss"": ""squared"", ""max_iter"": 1000, ""n_centers"": null, ""reg_lambda"": 0.001, ""tol"": 1e-06}",linear,0.5,0.5,0.5,True,1,,,,,,,,0.4995,False,-0.1706906623265278,0.9961464354527938,0.9971435790318256,0.998463,0.9815,0.9814907453726863,0.6745442268737339,0.9985312970143568,0.9815,,requires predict_proba,,requires predict_proba,,0.0,success,
upu,sar-pi0.5-scalemid,118,"{""basis"": ""linear"", ""fit_intercept"": true, ""kernel_width"": null, ""loss"": ""squared"", ""max_iter"": 1000, ""n_centers"": null, ""reg_lambda"": 0.001, ""tol"": 1e-06}",linear,0.5,0.5,0.5,True,1,,,,,,,,0.4985,False,-0.16735060578413286,0.9980119284294234,1.0,0.999396,0.9885,0.9884827240861291,0.6693386773547094,0.9993907285261786,0.9884999999999999,,requires predict_proba,,requires predict_proba,,0.01600000000144064,success,
upu,sar-pi0.5-scalemid,119,"{""basis"": ""linear"", ""fit_intercept"": true, ""kernel_width"": null, ""loss"": ""squared"", ""max_iter"": 1000, ""n_centers"": null, ""reg_lambda"": 0.001, ""tol"": 1e-06}",linear,0.5,0.5,0.5,True,1,,,,,,,,0.4995,False,-0.16291390728476823,1.0,1.0,0.9991570000000001,0.9845,0.9844922461230615,0.6629139072847682,0.999167466266485,0.9844999999999999,,requires predict_proba,,requires predict_proba,,0.014999999999417923,success,
